shot,category,t_start,t_end,confidence
140004,1,2971.002000000000,3042.002000000001,
140004,1,2980.000000000000,3060.000000000000,
140006,1,3331.002000000001,3449.002000000001,
140006,1,3340.000000000000,3460.000000000000,
140007,1,3337.002000000000,3468.002000000001,
140007,1,3340.000000000000,3480.000000000000,
140010,1,3072.002000000000,3196.002000000000,
140010,1,3080.000000000000,3200.000000000000,
140011,1,1019.002000000001,1177.002000000000,
140011,1,1020.000000000000,1180.000000000000,
140020,1,2998.002000000000,3080.002000000000,
140021,1,1949.002000000000,2312.002000000001,
140021,1,1960.000000000000,2320.000000000000,
140022,1,2704.002000000000,3073.002000000001,
140022,1,2720.000000000000,3080.000000000000,
140023,1,3976.002000000001,4340.002000000000,
140023,1,3980.000000000000,4340.000000000000,
140024,1,2050.002000000001,2196.002000000000,
140024,1,2060.000000000000,2200.000000000000,
140025,1,2415.002000000000,2717.002000000000,
140025,1,2420.000000000000,2720.000000000000,
140026,1,2268.002000000000,2373.002000000000,
140027,1,2085.002000000000,2241.002000000000,
140027,1,2100.000000000000,2260.000000000000,
140028,1,2243.002000000001,2439.002000000000,
140028,1,2260.000000000000,2440.000000000000,
140032,1,3496.002000000001,4877.002000000000,
140032,1,3500.000000000000,4880.000000000000,
140049,1,4519.002000000001,4622.002000000000,
140049,1,4520.000000000000,4640.000000000000,
140071,1,3864.002000000000,3982.002000000000,
140071,1,3880.000000000000,4000.000000000000,
140072,1,3417.002000000001,3623.002000000000,
140072,1,3420.000000000000,3640.000000000000,
140078,1,2241.002000000000,4091.001999999999,
140078,1,2260.000000000000,4100.000000000000,
140098,1,2509.000999999999,2634.000999999999,
140098,1,2520.000000000000,2640.000000000000,
140105,1,2501.002000000000,3215.002000000000,
140105,1,2520.000000000000,3220.000000000000,
140127,1,2136.000999999999,2715.000999999999,
140127,1,2140.000000000000,2720.000000000000,
140139,1,3620.001999999999,3899.002000000000,
140140,1,2887.001999999999,3003.001999999999,
140140,1,2900.000000000000,3020.000000000000,
140143,1,3425.002000000000,3678.002000000000,
140143,1,3440.000000000000,3680.000000000000,
140149,1,4250.002000000000,4529.002000000000,
140149,1,4260.000000000000,4540.000000000000,
140152,1,4108.002000000000,4448.002000000000,
140152,1,4120.000000000000,4460.000000000000,
140155,1,2392.002000000000,2511.002000000000,
140155,1,2400.000000000000,2520.000000000000,
140157,1,5953.002000000001,6062.002000000001,
140157,1,5960.000000000000,5980.000000000000,
140158,1,4747.002000000000,4894.002000000001,
140158,1,4760.000000000000,4900.000000000000,
140159,1,3336.002000000001,3428.002000000001,
140159,1,3340.000000000000,3440.000000000000,
140161,1,4229.002000000001,4601.002000000000,
140161,1,4240.000000000000,4620.000000000000,
140168,1,3008.002000000000,3268.002000000000,
140168,1,3020.000000000000,3280.000000000000,
140169,1,4330.002000000001,4485.002000000000,
140169,1,4340.000000000000,4500.000000000000,
140171,1,4097.002000000000,4396.002000000000,
140171,1,4100.000000000000,4400.000000000000,
140172,1,4141.002000000000,4415.002000000001,
140172,1,4160.000000000000,4420.000000000000,
140174,1,2078.002000000001,2250.002000000000,
140174,1,2080.000000000000,2260.000000000000,
140175,1,1394.002000000000,1663.002000000000,
140175,1,1400.000000000000,1680.000000000000,
140176,1,1574.002000000000,1837.002000000000,
140176,1,1580.000000000000,1840.000000000000,
140177,1,1365.002000000000,1554.002000000000,
140177,1,1380.000000000000,1560.000000000000,
140191,1,2095.002000000000,2300.002000000001,
140191,1,2100.000000000000,2300.000000000000,
140194,1,2509.002000000000,2604.002000000000,
140194,1,2520.000000000000,2620.000000000000,
140206,1,3332.002000000001,3510.002000000000,
140206,1,3340.000000000000,3520.000000000000,
140207,1,3243.002000000001,3763.002000000001,
140207,1,3260.000000000000,3780.000000000000,
140212,1,4883.002000000000,5287.002000000000,
140212,1,4900.000000000000,5300.000000000000,
140213,1,4993.002000000000,5289.002000000000,
140213,1,5000.000000000000,5300.000000000000,
140217,1,3166.002000000001,3274.002000000000,
140217,1,3180.000000000000,3280.000000000000,
140225,1,4792.001999999999,5083.001999999999,
140225,1,4800.000000000000,5100.000000000000,
140237,1,1874.002000000000,2097.002000000000,
140237,1,1880.000000000000,2100.000000000000,
140267,1,3045.002000000001,3235.002000000001,
140267,1,3060.000000000000,3240.000000000000,
140268,1,3115.002000000000,3309.002000000000,
140268,1,3120.000000000000,3320.000000000000,
140271,1,2947.002000000000,3157.002000000000,
140271,1,2960.000000000000,3160.000000000000,
140272,1,3853.002000000000,4037.002000000001,
140272,1,3860.000000000000,4040.000000000000,
140273,1,4355.002000000000,5356.002000000000,
140273,1,4360.000000000000,5360.000000000000,
140279,1,2943.001999999999,3078.001999999999,
140279,1,2960.000000000000,3080.000000000000,
140282,1,2024.000000000000,2116.000000000000,
140282,1,2040.000000000000,2120.000000000000,
140283,1,2856.001999999999,3034.001999999999,
140283,1,2860.000000000000,3040.000000000000,
140293,1,1562.004999999999,1857.005000000000,
140296,1,4334.001999999999,4697.002000000000,
140296,1,4340.000000000000,4700.000000000000,
140297,1,4319.001999999999,4659.001999999999,
140297,1,4320.000000000000,4660.000000000000,
140298,1,4313.001999999999,4681.002000000000,
140298,1,4320.000000000000,4700.000000000000,
140299,1,4025.002000000000,4209.001999999999,
140299,1,4040.000000000000,4220.000000000000,
140328,1,2752.001999999999,2821.001999999999,
140328,1,2760.000000000000,2840.000000000000,
140332,1,3072.001999999999,3357.001999999999,
140332,1,3080.000000000000,3360.000000000000,
140333,1,4810.001999999999,4914.001999999999,
140333,1,4820.000000000000,4920.000000000000,
140371,1,5868.002000000000,6096.002000000000,
140371,1,5880.000000000000,5980.000000000000,
140375,1,5791.002000000000,5884.002000000000,
140375,1,5800.000000000000,5900.000000000000,
140382,1,1836.001000000000,2133.001000000000,
140382,1,1840.000000000000,2140.000000000000,
140387,1,3929.003000000001,4075.003000000002,
140387,1,3940.000000000000,4080.000000000000,
140395,1,3755.003000000000,3924.003000000000,
140395,1,3760.000000000000,3940.000000000000,
140401,1,3436.002000000000,3582.002000000000,
140401,1,3440.000000000000,3600.000000000000,
140402,1,3871.002000000000,3990.001999999999,
140402,1,3880.000000000000,4000.000000000000,
140403,1,3838.003000000000,3962.003000000000,
140403,1,3840.000000000000,3980.000000000000,
140405,1,3353.001999999999,3452.002000000000,
140405,1,3360.000000000000,3460.000000000000,
140452,1,4696.002000000000,5005.002000000000,
140452,1,4700.000000000000,5020.000000000000,
140459,1,4855.003000000001,5029.003000000001,
140459,1,4860.000000000000,5040.000000000000,
140460,1,2285.004000000000,2575.003999999999,
140460,1,2300.000000000000,2580.000000000000,
140462,1,1969.003000000000,2341.003000000000,
140462,1,1980.000000000000,2360.000000000000,
140463,1,1196.003000000000,1470.003000000000,
140463,1,1200.000000000000,1480.000000000000,
140466,1,2191.002000000001,2268.002000000000,
140466,1,2200.000000000000,2280.000000000000,
140594,1,3081.001999999999,3409.002000000000,
140594,1,3100.000000000000,3420.000000000000,
140599,1,2178.001999999999,2362.001999999999,
140599,1,2180.000000000000,2380.000000000000,
140619,1,2547.001999999999,2673.001999999999,
140619,1,2560.000000000000,2680.000000000000,
140640,1,4096.002000000000,4353.002000000000,
140640,1,4100.000000000000,4360.000000000000,
140643,1,3238.002000000001,3362.002000000000,
140643,1,3240.000000000000,3380.000000000000,
140658,1,4117.002000000000,4349.002000000001,
140658,1,4120.000000000000,4360.000000000000,
140664,1,1600.000000000000,1700.000000000000,
140664,1,1600.002000000000,1687.002000000000,
140666,1,1440.000000000000,1520.000000000000,
140666,1,1440.002000000000,1507.002000000000,
140683,1,4216.001999999999,4300.001999999999,
140683,1,4220.000000000000,4300.000000000000,
140684,1,3358.001999999999,3471.001999999999,
140684,1,3360.000000000000,3480.000000000000,
140685,1,2996.001999999999,3374.001999999999,
140685,1,3000.000000000000,3380.000000000000,
140688,1,3205.001999999999,3540.001999999999,
140688,1,3220.000000000000,3540.000000000000,
140689,1,3004.001999999999,3191.001999999999,
140689,1,3020.000000000000,3200.000000000000,
140690,1,2449.001999999999,2641.001999999999,
140690,1,2460.000000000000,2660.000000000000,
140693,1,4319.001999999999,4586.001999999999,
140693,1,4320.000000000000,4600.000000000000,
140694,1,3250.003000000000,3342.003000000000,
140694,1,3260.000000000000,3360.000000000000,
140696,1,3522.001999999999,3698.001999999999,
140696,1,3540.000000000000,3700.000000000000,
140698,1,2759.001999999999,4828.001999999999,
140698,1,2760.000000000000,4840.000000000000,
140699,1,960.000000000000,3740.000000000000,
140699,1,960.001999999999,3731.001999999999,
140700,1,4173.001999999999,4542.001999999999,
140700,1,4180.000000000000,4560.000000000000,
140702,1,3084.001999999999,4069.001999999999,
140702,1,3100.000000000000,4080.000000000000,
140744,1,4590.002000000000,4723.002000000000,
140744,1,4600.000000000000,4740.000000000000,
140767,1,3658.002000000001,4608.002000000000,
140767,1,3660.000000000000,4620.000000000000,
140768,1,3304.002000000001,4638.002000000000,
140768,1,3320.000000000000,4640.000000000000,
140770,1,1250.000999999999,1797.000999999999,
140770,1,1260.000000000000,1800.000000000000,
140774,1,3052.002000000000,4167.002000000000,
140774,1,3060.000000000000,4180.000000000000,
140775,1,1333.002000000000,1870.002000000000,
140775,1,1340.000000000000,1880.000000000000,
140777,1,4963.002000000001,5313.002000000000,
140777,1,4980.000000000000,5320.000000000000,
140778,1,1734.001000000000,1936.001000000000,
140778,1,1740.000000000000,1940.000000000000,
140779,1,3118.002000000001,4078.002000000000,
140779,1,3120.000000000000,4080.000000000000,
140780,1,3823.002000000001,4188.002000000000,
140780,1,3840.000000000000,4200.000000000000,
140781,1,3931.002000000000,4353.002000000000,
140781,1,3940.000000000000,4360.000000000000,
140782,1,1836.005000000000,1973.005000000000,
140782,1,1840.000000000000,1980.000000000000,
140783,1,2112.001000000000,2365.001000000000,
140783,1,2120.000000000000,2380.000000000000,
140784,1,2195.004000000000,2375.004000000000,
140784,1,2200.000000000000,2380.000000000000,
140785,1,1979.002000000000,2229.002000000000,
140785,1,1980.000000000000,2240.000000000000,
140794,1,4646.002000000000,5022.002000000001,
140794,1,4660.000000000000,5040.000000000000,
140841,1,4753.002000000001,4945.002000000001,
140841,1,4760.000000000000,4960.000000000000,
140861,1,2853.002000000000,3103.002000000000,
140861,1,2860.000000000000,3120.000000000000,
140863,1,1775.002000000001,3162.002000000001,
140863,1,1780.000000000000,3180.000000000000,
140865,1,1744.002000000000,2338.002000000000,
140865,1,1760.000000000000,2340.000000000000,
140866,1,1761.002000000000,2206.002000000000,
140866,1,1780.000000000000,2220.000000000000,
140867,1,2069.002000000000,2503.002000000000,
140867,1,2080.000000000000,2520.000000000000,
140872,1,2877.002000000000,3049.002000000001,
140874,1,3809.002000000000,4057.002000000001,
140874,1,3820.000000000000,4060.000000000000,
140877,1,2981.002000000000,3317.002000000000,
140877,1,3000.000000000000,3320.000000000000,
140878,1,2176.005000000000,2229.005000000000,
140878,1,2180.000000000000,2240.000000000000,
140881,1,3128.002000000000,3249.002000000000,
140881,1,3140.000000000000,3260.000000000000,
140882,1,3857.002000000000,4019.002000000001,
140882,1,3860.000000000000,4020.000000000000,
140883,1,2815.002000000000,3216.002000000000,
140883,1,2820.000000000000,3220.000000000000,
140888,1,2559.000000000001,2854.000000000000,
140888,1,2560.000000000000,2860.000000000000,
140889,1,3019.002000000000,3602.002000000001,
140889,1,3020.000000000000,3620.000000000000,
140891,1,2555.000999999999,2608.000999999999,
140891,1,2560.000000000000,2620.000000000000,
140892,1,2147.002999999999,2491.002999999999,
140892,1,2160.000000000000,2500.000000000000,
140893,1,3930.002000000000,4259.002000000000,
140893,1,3940.000000000000,4260.000000000000,
140894,1,2885.002000000000,4191.002000000000,
140894,1,2900.000000000000,4200.000000000000,
140896,1,3714.002000000000,3969.002000000001,
140896,1,3720.000000000000,3980.000000000000,
140908,1,1359.002000000000,3295.002000000000,
140908,1,1360.000000000000,3300.000000000000,
140912,1,1305.001999999999,1404.001999999999,
140912,1,1320.000000000000,1420.000000000000,
140913,1,1038.001999999999,2895.001999999999,
140913,1,1040.000000000000,2900.000000000000,
140914,1,1047.001999999999,1147.001999999999,
140914,1,1060.000000000000,1160.000000000000,
140918,1,1812.001999999999,2895.001999999999,
140918,1,1820.000000000000,2900.000000000000,
140919,1,2406.001999999999,2587.001999999999,
140919,1,2420.000000000000,2600.000000000000,
140928,1,2057.000000000000,2273.000000000001,
140928,1,2060.000000000000,2280.000000000000,
140942,1,1824.002000000000,2121.002000000000,
140942,1,1840.000000000000,2140.000000000000,
140943,1,2192.002000000000,2461.002000000001,
140943,1,2200.000000000000,2480.000000000000,
140947,1,3152.002000000000,3682.002000000001,
140949,1,2036.002000000000,2324.002000000001,
140949,1,2040.000000000000,2340.000000000000,
140950,1,1704.002000000000,1803.002000000001,
140950,1,1720.000000000000,1820.000000000000,
140951,1,1697.003000000000,1875.003000000000,
140951,1,1700.000000000000,1880.000000000000,
140953,1,4102.002000000000,4605.002000000000,
140953,1,4120.000000000000,4620.000000000000,
140955,1,3698.002000000001,3932.002000000001,
140955,1,3700.000000000000,3940.000000000000,
140956,1,3458.002000000000,3604.002000000000,
140956,1,3460.000000000000,3620.000000000000,
140957,1,1828.002000000000,2382.002000000000,
140957,1,1840.000000000000,2400.000000000000,
140958,1,3486.002000000000,3595.002000000000,
140958,1,3500.000000000000,3600.000000000000,
140960,1,3681.002000000000,3790.002000000000,
140960,1,3700.000000000000,3800.000000000000,
140961,1,2780.000000000000,3100.000000000000,
140961,1,2780.002000000001,3082.002000000001,
140962,1,3547.002000000000,3788.002000000001,
140962,1,3560.000000000000,3800.000000000000,
140963,1,1490.002000000000,1670.002000000000,
140963,1,1500.000000000000,1680.000000000000,
140964,1,2595.002000000000,2826.002000000000,
140964,1,2600.000000000000,2840.000000000000,
140965,1,2418.002000000000,3367.002000000000,
140965,1,2420.000000000000,3380.000000000000,
140979,1,2860.000000000000,3000.000000000000,
140979,1,3761.890000000000,3889.890000000000,
140980,1,840.000000000000,3520.000000000000,
140980,1,1742.890000000001,4418.890000000000,
140982,1,2416.002000000000,2483.001999999999,
140982,1,2420.000000000000,2500.000000000000,
140983,1,2306.002000000000,2386.001999999999,
140983,1,2320.000000000000,2400.000000000000,
140985,1,2614.002000000000,2686.002000000000,
140985,1,2620.000000000000,2700.000000000000,
140986,1,1280.000000000000,1460.000000000000,
140986,1,1280.002000000000,1459.002000000000,
140988,1,2271.002000000000,2710.002000000000,
140988,1,2280.000000000000,2720.000000000000,
140995,1,1326.002000000000,3130.002000000000,
140995,1,1340.000000000000,3140.000000000000,
140997,1,1325.002000000000,3294.001999999999,
140997,1,1340.000000000000,3300.000000000000,
140998,1,1286.002000000000,3362.001999999999,
140998,1,1300.000000000000,3380.000000000000,
140999,1,1626.002000000000,1783.002000000000,
140999,1,1640.000000000000,1800.000000000000,
141000,1,1471.002000000000,3328.002000000000,
141000,1,1480.000000000000,3340.000000000000,
141008,1,3144.002000000000,3499.002000000000,
141008,1,3160.000000000000,3500.000000000000,
141009,1,4008.002000000000,4265.001999999999,
141009,1,4020.000000000000,4280.000000000000,
141010,1,2542.002000000000,2859.002000000000,
141010,1,2560.000000000000,2860.000000000000,
141012,1,3644.002000000000,3943.002000000000,
141012,1,3660.000000000000,3960.000000000000,
141015,1,2934.002000000000,3290.002000000000,
141015,1,2940.000000000000,3300.000000000000,
141017,1,3305.002000000000,3902.002000000000,
141017,1,3320.000000000000,3920.000000000000,
141018,1,3037.002000000001,3599.002000000000,
141018,1,3040.000000000000,3600.000000000000,
141019,1,2746.002000000000,3096.002000000000,
141019,1,2760.000000000000,3100.000000000000,
141020,1,3309.002000000000,3773.002000000000,
141020,1,3320.000000000000,3780.000000000000,
141021,1,2677.002000000000,2986.002000000000,
141021,1,2680.000000000000,3000.000000000000,
141025,1,3698.000999999999,3859.000999999999,
141025,1,3700.000000000000,3860.000000000000,
141028,1,4143.005000000000,4280.005000000001,
141028,1,4160.000000000000,4280.000000000000,
141029,1,4537.002000000000,4636.002000000001,
141029,1,4540.000000000000,4640.000000000000,
141031,1,1780.000000000000,1940.000000000000,
141031,1,1780.002000000001,1929.002000000001,
141032,1,1898.001999999999,2047.001999999999,
141032,1,1900.000000000000,2060.000000000000,
141033,1,2534.003999999999,2623.004000000000,
141033,1,2540.000000000000,2640.000000000000,
141034,1,2371.001000000000,2667.001000000000,
141034,1,2380.000000000000,2680.000000000000,
141037,1,1879.004000000000,1994.004000000000,
141037,1,1880.000000000000,2000.000000000000,
141038,1,1941.003000000000,2082.003000000000,
141038,1,1960.000000000000,2100.000000000000,
141039,1,2719.003000000000,2848.003000000000,
141039,1,2720.000000000000,2860.000000000000,
141040,1,2488.001000000000,2636.001000000000,
141040,1,2500.000000000000,2640.000000000000,
141044,1,1580.000000000000,2000.000000000000,
141044,1,1580.003000000000,1987.003000000000,
141045,1,5604.001999999999,6240.001999999999,
141045,1,5620.000000000000,5980.000000000000,
141047,1,1713.001999999999,1942.001999999999,
141047,1,1720.000000000000,1960.000000000000,
141048,1,1708.001999999999,1944.001999999999,
141048,1,1720.000000000000,1960.000000000000,
141049,1,1504.001999999999,1775.001999999999,
141049,1,1520.000000000000,1780.000000000000,
141050,1,1691.001999999999,1926.001999999999,
141050,1,1700.000000000000,1940.000000000000,
141051,1,1463.001999999999,1733.001999999999,
141051,1,1480.000000000000,1740.000000000000,
141052,1,1492.001999999999,1712.001999999999,
141052,1,1500.000000000000,1720.000000000000,
141053,1,1673.001999999999,1894.001999999999,
141053,1,1680.000000000000,1900.000000000000,
141054,1,1509.001999999999,1751.001999999999,
141054,1,1520.000000000000,1760.000000000000,
141055,1,1481.001999999999,1725.001999999999,
141055,1,1500.000000000000,1740.000000000000,
141056,1,1535.001999999999,1794.001999999999,
141056,1,1540.000000000000,1800.000000000000,
141064,1,1454.001999999999,1715.001999999999,
141064,1,1460.000000000000,1720.000000000000,
141066,1,1457.001999999999,1709.001999999999,
141072,1,1892.002000000000,2034.002000000000,
141072,1,1900.000000000000,2040.000000000000,
141076,1,3220.000000000000,4000.000000000000,
141076,1,3605.890000000001,4392.890000000000,
141085,1,2320.000000000000,2480.000000000000,
141085,1,2716.890000000000,2864.890000000000,
141089,1,2340.000000000000,2460.000000000000,
141089,1,2735.890000000000,2860.890000000000,
141093,1,3740.000000000000,3840.000000000000,
141093,1,4133.890000000000,4229.890000000000,
141119,1,2780.000000000000,2920.000000000000,
141119,1,3667.890000000000,3822.890000000001,
141120,1,2860.000000000000,3040.000000000000,
141120,1,3751.890000000000,3923.890000000001,
141121,1,2800.000000000000,2940.000000000000,
141121,1,3699.890000000000,3824.890000000000,
141122,1,1843.001999999999,1927.001999999999,
141122,1,1860.000000000000,1940.000000000000,
141123,1,2920.000000000000,3120.000000000000,
141123,1,3816.890000000000,4010.890000000001,
141124,1,2580.000000000000,2740.000000000000,
141124,1,3481.890000000000,3639.890000000000,
141125,1,2720.000000000000,2920.000000000000,
141125,1,3616.890000000001,3803.890000000000,
141128,1,2600.000000000000,2840.000000000000,
141128,1,3492.890000000001,3727.890000000000,
141132,1,3280.000000000000,3480.000000000000,
141132,1,4167.890000000000,4371.890000000000,
141133,1,2480.000000000000,2760.000000000000,
141133,1,3371.890000000001,3650.890000000000,
141137,1,1567.002000000001,1890.002000000000,
141138,1,1487.002000000000,1587.002000000001,
141144,1,3004.002000000001,3324.002000000001,
141144,1,3020.000000000000,3340.000000000000,
141146,1,2455.002000000000,2773.002000000000,
141146,1,2460.000000000000,2780.000000000000,
141148,1,2592.002000000000,5246.002000000000,
141148,1,2600.000000000000,5260.000000000000,
141149,1,2705.002000000000,5280.002000000001,
141149,1,2720.000000000000,5280.000000000000,
141214,1,1000.000000000000,4200.000000000000,
141214,1,1896.890000000001,5094.890000000000,
141216,1,980.000000000000,4200.000000000000,
141216,1,1882.890000000001,5094.890000000000,
141218,1,1480.000000000000,1620.000000000000,
141218,1,2371.890000000001,2508.890000000001,
141219,1,1080.000000000000,1380.000000000000,
141219,1,1963.890000000001,2280.890000000000,
141220,1,1020.000000000000,1160.000000000000,
141220,1,1911.890000000001,2049.890000000000,
141222,1,1220.000000000000,1500.000000000000,
141222,1,2104.890000000001,2400.890000000000,
141224,1,1400.000000000000,1460.000000000000,
141224,1,2293.890000000001,2354.890000000001,
141225,1,1000.000000000000,1160.000000000000,
141225,1,1888.890000000001,2059.890000000001,
141325,1,2681.002000000001,2810.002000000001,
141325,1,2700.000000000000,2820.000000000000,
141326,1,3622.002000000001,3815.002000000001,
141327,1,2923.002000000001,3112.002000000001,
141327,1,2940.000000000000,3120.000000000000,
141334,1,2784.002000000001,3445.002000000001,
141334,1,2800.000000000000,3460.000000000000,
141345,1,2798.002000000000,2947.002000000000,
141345,1,2800.000000000000,2960.000000000000,
141346,1,2756.003999999999,2930.003999999999,
141346,1,2760.000000000000,2940.000000000000,
141347,1,2006.000000000001,3127.000000000001,
141349,1,2051.002000000000,3589.002000000000,
141358,1,3830.001999999999,3925.002000000000,
141362,1,3780.002000000000,3932.001999999999,
141366,1,3804.002000000000,4006.001999999999,
141366,1,3820.000000000000,4020.000000000000,
141373,1,2650.001999999999,2793.001999999999,
141374,1,3350.001999999999,3501.001999999999,
141374,1,3360.000000000000,3520.000000000000,
141390,1,4313.001999999999,4444.001999999999,
141390,1,4320.000000000000,4460.000000000000,
141391,1,4178.001999999999,4260.001999999999,
141391,1,4180.000000000000,4260.000000000000,
141394,1,4339.001999999999,4475.001999999999,
141394,1,4340.000000000000,4480.000000000000,
141424,1,3197.001999999999,3435.001999999999,
141424,1,3200.000000000000,3440.000000000000,
141447,1,2422.001999999999,2595.001999999999,
141447,1,2440.000000000000,2600.000000000000,
141450,1,3315.001999999999,3575.001999999999,
141450,1,3320.000000000000,3580.000000000000,
141453,1,4408.001999999999,4669.001999999999,
141453,1,4420.000000000000,4680.000000000000,
141454,1,4180.000000000000,4300.000000000000,
141454,1,4180.001999999999,4297.001999999999,
141456,1,3524.001999999999,3691.001999999999,
141456,1,3540.000000000000,3700.000000000000,
141457,1,3356.001999999999,3464.001999999999,
141457,1,3360.000000000000,3480.000000000000,
141460,1,3253.001999999999,3378.001999999999,
141460,1,3260.000000000000,3380.000000000000,
141463,1,3446.001999999999,3640.001999999999,
141463,1,3460.000000000000,3640.000000000000,
141465,1,3338.001999999999,3420.001999999999,
141465,1,3340.000000000000,3420.000000000000,
141467,1,4120.000000000000,4320.000000000000,
141467,1,4120.001999999999,4304.001999999999,
141468,1,4521.001999999999,4825.001999999999,
141468,1,4540.000000000000,4840.000000000000,
141472,1,3319.001999999999,3466.001999999999,
141472,1,3320.000000000000,3480.000000000000,
141491,1,1964.001999999999,2183.001999999999,
141491,1,1980.000000000000,2200.000000000000,
141492,1,1514.001999999999,1740.001999999999,
141492,1,1520.000000000000,1740.000000000000,
141493,1,1544.001999999999,1751.001999999999,
141493,1,1560.000000000000,1760.000000000000,
141494,1,1954.001999999999,2167.001999999999,
141494,1,1960.000000000000,2180.000000000000,
141495,1,1505.001999999999,1709.001999999999,
141495,1,1520.000000000000,1720.000000000000,
141496,1,1518.001999999999,1718.001999999999,
141496,1,1520.000000000000,1720.000000000000,
141497,1,1514.001999999999,1733.001999999999,
141497,1,1520.000000000000,1740.000000000000,
141498,1,1509.001999999999,1746.001999999999,
141498,1,1520.000000000000,1760.000000000000,
141499,1,1502.001999999999,1726.001999999999,
141499,1,1520.000000000000,1740.000000000000,
141500,1,1473.001999999999,1703.001999999999,
141500,1,1480.000000000000,1720.000000000000,
141501,1,1514.001999999999,1724.001999999999,
141501,1,1520.000000000000,1740.000000000000,
141502,1,1523.001999999999,1754.001999999999,
141502,1,1540.000000000000,1760.000000000000,
141503,1,1558.001999999999,1790.001999999999,
141504,1,1524.001999999999,1756.001999999999,
141504,1,1540.000000000000,1760.000000000000,
141515,1,5463.002000000000,6406.001999999999,
141515,1,5480.000000000000,5980.000000000000,
141517,1,4533.001999999999,5854.002000000000,
141517,1,4540.000000000000,5860.000000000000,
141519,1,5707.001999999999,6491.001999999999,
141519,1,5720.000000000000,5980.000000000000,
141520,1,5785.002000000000,6490.002000000000,
141520,1,5800.000000000000,5980.000000000000,
141522,1,1404.001999999999,1705.001999999999,
141525,1,5459.001999999999,5624.001999999999,
141526,1,4951.001999999999,5576.001999999999,
141527,1,4680.001999999999,5558.001999999999,
141568,1,3307.002000000000,3497.002000000001,
141568,1,3320.000000000000,3500.000000000000,
141571,1,3620.000000000000,4180.000000000000,
141571,1,3620.002000000000,4172.002000000000,
141575,1,2464.002000000000,2774.002000000000,
141575,1,2480.000000000000,2780.000000000000,
141576,1,2186.002000000000,2460.002000000000,
141576,1,2200.000000000000,2460.000000000000,
141577,1,3853.002000000000,4126.002000000000,
141577,1,3860.000000000000,4140.000000000000,
141582,1,2251.002000000001,2919.002000000000,
141582,1,2260.000000000000,2920.000000000000,
141583,1,2436.002000000000,2790.002000000000,
141585,1,2743.002000000001,3182.002000000001,
141585,1,2760.000000000000,3200.000000000000,
141586,1,2287.002000000000,2673.002000000000,
141586,1,2300.000000000000,2680.000000000000,
141587,1,2320.000000000000,2700.000000000000,
141587,1,2320.002000000001,2681.002000000000,
141588,1,2053.002000000000,2488.002000000000,
141588,1,2060.000000000000,2500.000000000000,
141589,1,2457.002000000001,2742.002000000000,
141589,1,2460.000000000000,2760.000000000000,
141590,1,2112.002000000000,2277.002000000000,
141590,1,2120.000000000000,2280.000000000000,
141591,1,2879.002000000000,3089.002000000001,
141591,1,2880.000000000000,3100.000000000000,
141592,1,2301.002000000000,2821.002000000000,
141592,1,2320.000000000000,2840.000000000000,
141593,1,2956.002000000000,3276.002000000000,
141594,1,2910.002000000001,3219.002000000000,
141595,1,2832.002000000001,3109.002000000000,
141595,1,2840.000000000000,3120.000000000000,
141596,1,2548.002000000000,2608.002000000000,
141596,1,2560.000000000000,2620.000000000000,
141597,1,3172.002000000000,3408.002000000001,
141597,1,3180.000000000000,3420.000000000000,
141598,1,2035.002000000000,2122.002000000001,
141598,1,2040.000000000000,2140.000000000000,
141602,1,2029.002000000000,2404.002000000001,
141602,1,2040.000000000000,2420.000000000000,
141631,1,4230.002000000000,4424.002000000000,
141631,1,4240.000000000000,4440.000000000000,
141634,1,3133.002000000000,3365.002000000000,
141634,1,3140.000000000000,3380.000000000000,
141659,1,3794.002000000000,3974.002000000000,
141659,1,3800.000000000000,3980.000000000000,
141669,1,2594.002000000001,3989.002000000001,
141669,1,2600.000000000000,4000.000000000000,
141691,1,4814.002000000001,5457.002000000000,
141691,1,4820.000000000000,5460.000000000000,
141692,1,2114.002000000001,2289.002000000000,
141692,1,2120.000000000000,2300.000000000000,
141695,1,2084.002000000000,2487.002000000000,
141695,1,2100.000000000000,2500.000000000000,
141696,1,3782.002000000001,3872.002000000001,
141696,1,3800.000000000000,3880.000000000000,
141698,1,2872.002000000001,3184.002000000000,
141698,1,2880.000000000000,3200.000000000000,
141699,1,2701.002000000000,2875.002000000000,
141699,1,2720.000000000000,2880.000000000000,
141701,1,3153.002000000000,3408.002000000001,
141701,1,3160.000000000000,3420.000000000000,
141702,1,2309.002000000000,2631.002000000000,
141702,1,2320.000000000000,2640.000000000000,
141704,1,2229.002000000000,2938.002000000000,
141706,1,2927.002000000000,3415.002000000000,
141706,1,2940.000000000000,3420.000000000000,
141710,1,2887.002000000000,3379.002000000000,
141710,1,2900.000000000000,3380.000000000000,
141729,1,3919.002000000001,4217.002000000000,
141729,1,3920.000000000000,4220.000000000000,
141930,1,1839.001999999999,2007.001999999999,
141930,1,1840.000000000000,2020.000000000000,
141931,1,1898.001999999999,2071.001999999999,
141931,1,1900.000000000000,2080.000000000000,
141932,1,1847.001999999999,2014.001999999999,
141932,1,1860.000000000000,2020.000000000000,
141933,1,1847.001999999999,1971.001999999999,
141933,1,1860.000000000000,1980.000000000000,
141934,1,1824.001999999999,1996.001999999999,
141934,1,1840.000000000000,2000.000000000000,
141935,1,1874.001999999999,2024.001999999999,
141935,1,1880.000000000000,2040.000000000000,
141937,1,3204.001999999999,3489.001999999999,
141937,1,3220.000000000000,3500.000000000000,
141938,1,1823.001999999999,1958.001999999999,
141938,1,1840.000000000000,1960.000000000000,
141939,1,2214.001999999999,3149.001999999999,
141939,1,2220.000000000000,3160.000000000000,
141940,1,1825.001999999999,1998.001999999999,
141940,1,1840.000000000000,2000.000000000000,
141945,1,1817.001999999999,2012.001999999999,
141945,1,1820.000000000000,2020.000000000000,
141946,1,2362.001999999999,2769.001999999999,
141946,1,2380.000000000000,2780.000000000000,
141947,1,1880.000000000000,2040.000000000000,
141947,1,1880.001999999999,2027.001999999999,
141949,1,1776.001999999999,2537.001999999999,
141951,1,1904.001999999999,2031.001999999999,
141952,1,1856.001999999999,2014.001999999999,
141952,1,1860.000000000000,2020.000000000000,
141954,1,2079.001999999999,2903.001999999999,
141955,1,1869.001999999999,2012.001999999999,
141956,1,1829.001999999999,2016.001999999999,
141990,1,4172.002000000000,4739.002000000000,
141990,1,4180.000000000000,4740.000000000000,
141991,1,4542.002000000000,4779.002000000000,
141991,1,4560.000000000000,4780.000000000000,
141992,1,5230.002000000000,5324.002000000000,
141993,1,4638.002000000000,4837.002000000000,
142004,1,4032.002000000001,4245.002000000001,
142004,1,4040.000000000000,4260.000000000000,
142005,1,3836.002000000001,4009.002000000000,
142005,1,3840.000000000000,4020.000000000000,
142006,1,2999.002000000000,3306.002000000000,
142006,1,3000.000000000000,3320.000000000000,
142007,1,5042.002000000000,5236.002000000000,
142007,1,5060.000000000000,5240.000000000000,
142009,1,2193.002000000000,2417.002000000001,
142009,1,2200.000000000000,2420.000000000000,
142013,1,2142.002000000000,2369.002000000000,
142013,1,2160.000000000000,2380.000000000000,
142017,1,2973.002000000000,3245.002000000000,
142017,1,2980.000000000000,3260.000000000000,
142020,1,4394.002000000001,4708.002000000001,
142022,1,2283.002000000000,2453.002000000000,
142022,1,2300.000000000000,2460.000000000000,
142028,1,1468.002000000000,1767.002000000000,
142028,1,1480.000000000000,1780.000000000000,
142035,1,5012.002000000000,5357.002000000001,
142035,1,5020.000000000000,5360.000000000000,
142036,1,2726.002000000000,3031.002000000000,
142036,1,2740.000000000000,3040.000000000000,
142037,1,2608.002000000000,2922.002000000000,
142037,1,2620.000000000000,2940.000000000000,
142039,1,5457.002000000000,6034.002000000000,
142039,1,5460.000000000000,5980.000000000000,
142040,1,4915.002000000001,5555.002000000000,
142040,1,4920.000000000000,5560.000000000000,
142041,1,3417.002000000001,3760.002000000000,
142041,1,3420.000000000000,3760.000000000000,
142042,1,3703.002000000001,3927.002000000000,
142042,1,3720.000000000000,3940.000000000000,
142043,1,3829.002000000000,4350.002000000000,
142043,1,3840.000000000000,4360.000000000000,
142048,1,1824.001999999999,2040.001999999999,
142050,1,3022.003000000000,3170.003000000001,
142050,1,3040.000000000000,3180.000000000000,
142067,1,3503.002000000000,3657.002000000000,
142067,1,3520.000000000000,3660.000000000000,
142068,1,3652.002000000000,3851.002000000000,
142068,1,3660.000000000000,3860.000000000000,
142069,1,2315.003999999999,2603.003999999999,
142069,1,2320.000000000000,2620.000000000000,
142070,1,2434.002000000000,4754.002000000000,
142070,1,2440.000000000000,4760.000000000000,
142071,1,3411.002000000000,5379.002000000000,
142071,1,3420.000000000000,5380.000000000000,
142072,1,2494.004999999999,2767.004999999999,
142072,1,2500.000000000000,2780.000000000000,
142073,1,4360.000000000000,4540.000000000000,
142073,1,4360.002000000000,4525.002000000000,
142076,1,3498.002000000000,4083.001999999999,
142076,1,3500.000000000000,4100.000000000000,
142078,1,4532.002000000000,5353.002000000000,
142078,1,4540.000000000000,5360.000000000000,
142086,1,2496.001000000000,2667.001000000000,
142086,1,2500.000000000000,2680.000000000000,
142138,1,1457.002000000000,1903.002000000001,
142138,1,1460.000000000000,1920.000000000000,
142140,1,1595.002000000001,1976.002000000001,
142151,1,1853.002000000001,1991.002000000000,
142159,1,1725.002000000000,1978.002000000001,
142216,1,2294.002000000000,3394.002000000000,
142218,1,2611.002000000000,3097.002000000000,
142218,1,2620.000000000000,3100.000000000000,
142220,1,2261.002000000000,2875.002000000000,
142220,1,2280.000000000000,2880.000000000000,
142225,1,2319.002000000000,3495.002000000000,
142225,1,2320.000000000000,3500.000000000000,
142227,1,2532.002000000000,2854.002000000000,
142227,1,2540.000000000000,2860.000000000000,
142247,1,4588.002000000001,4822.002000000001,
142247,1,4600.000000000000,4840.000000000000,
142249,1,4470.002000000000,4677.002000000000,
142249,1,4480.000000000000,4680.000000000000,
142250,1,4472.002000000000,4766.002000000000,
142250,1,4480.000000000000,4780.000000000000,
142251,1,3954.002000000000,4423.002000000001,
142251,1,3960.000000000000,4440.000000000000,
142252,1,3132.002000000000,3645.002000000000,
142252,1,3140.000000000000,3660.000000000000,
142256,1,4823.002000000000,5167.002000000000,
142256,1,4840.000000000000,5180.000000000000,
142277,1,1756.003000000000,1890.003000000000,
142277,1,1760.000000000000,1900.000000000000,
142278,1,2135.003999999999,2694.004000000000,
142278,1,2140.000000000000,2700.000000000000,
142322,1,3375.002000000000,3887.002000000000,
142322,1,3380.000000000000,3900.000000000000,
142331,1,3626.001999999999,4796.001999999999,
142331,1,3640.000000000000,4800.000000000000,
142332,1,3358.001999999999,3980.001999999999,
142332,1,3360.000000000000,3980.000000000000,
142335,1,2973.001999999999,3237.001999999999,
142335,1,2980.000000000000,3240.000000000000,
142337,1,3192.001999999999,4328.001999999999,
142337,1,3200.000000000000,4340.000000000000,
142341,1,3377.001999999999,3546.002000000000,
142341,1,3380.000000000000,3560.000000000000,
142344,1,2695.001999999999,3857.001999999999,
142344,1,2700.000000000000,3860.000000000000,
142345,1,2949.001999999999,3239.001999999999,
142345,1,2960.000000000000,3240.000000000000,
142347,1,5240.000000000000,5380.000000000000,
142347,1,5240.002000000000,5373.002000000000,
142349,1,5145.001999999999,5549.001999999999,
142349,1,5160.000000000000,5560.000000000000,
142388,1,2237.002000000000,4807.002000000000,
142388,1,2240.000000000000,4820.000000000000,
142393,1,2575.002000000000,3334.002000000000,
142393,1,2580.000000000000,3340.000000000000,
142394,1,2492.002000000000,3292.002000000001,
142394,1,2500.000000000000,3300.000000000000,
142396,1,2531.002000000000,2945.002000000001,
142396,1,2540.000000000000,2960.000000000000,
142397,1,2098.002000000000,2376.002000000000,
142398,1,2203.002000000000,2470.002000000000,
142398,1,2220.000000000000,2480.000000000000,
142399,1,2023.002000000000,2232.002000000000,
142399,1,2040.000000000000,2240.000000000000,
142401,1,2864.002000000000,4041.002000000001,
142401,1,2880.000000000000,4060.000000000000,
142402,1,2591.002000000000,2977.002000000000,
142402,1,2600.000000000000,2980.000000000000,
142403,1,4493.002000000000,5011.002000000001,
142403,1,4500.000000000000,5020.000000000000,
142405,1,1166.002000000000,1285.002000000000,
142405,1,1180.000000000000,1300.000000000000,
142406,1,2213.002000000000,3991.002000000000,
142406,1,2220.000000000000,4000.000000000000,
142407,1,2682.002000000000,4484.002000000000,
142407,1,2700.000000000000,4500.000000000000,
142410,1,2342.002000000000,3099.002000000000,
142410,1,2360.000000000000,3100.000000000000,
142412,1,2360.000000000000,2980.000000000000,
142412,1,2360.004999999999,2962.004999999999,
142415,1,2509.002000000000,3037.002000000000,
142415,1,2520.000000000000,3040.000000000000,
142416,1,4585.002000000000,5856.002000000000,
142416,1,4600.000000000000,5860.000000000000,
142430,1,4277.002000000001,5099.002000000001,
142430,1,4280.000000000000,5100.000000000000,
142434,1,5555.002000000000,5801.002000000001,
142434,1,5560.000000000000,5820.000000000000,
142441,1,4207.002000000000,4466.002000000000,
142441,1,4220.000000000000,4480.000000000000,
142442,1,5068.002000000000,5313.002000000000,
142442,1,5080.000000000000,5320.000000000000,
142443,1,5736.002000000000,6047.002000000000,
142443,1,5740.000000000000,5980.000000000000,
142445,1,4898.002000000000,5229.002000000001,
142445,1,4900.000000000000,5240.000000000000,
142447,1,5722.002000000000,6009.002000000000,
142447,1,5740.000000000000,5980.000000000000,
142448,1,6040.002000000001,6394.002000000001,
142449,1,4262.002000000000,4632.002000000000,
142449,1,4280.000000000000,4640.000000000000,
142450,1,4342.002000000000,4855.002000000000,
142450,1,4360.000000000000,4860.000000000000,
142451,1,4567.002000000001,5083.002000000001,
142451,1,4580.000000000000,5100.000000000000,
142452,1,2940.000000000000,3180.000000000000,
142452,1,2940.002000000000,3168.002000000000,
142453,1,3348.002000000001,3634.002000000001,
142453,1,3360.000000000000,3640.000000000000,
142454,1,3630.002000000001,3924.002000000000,
142454,1,3640.000000000000,3940.000000000000,
142459,1,2209.002000000000,2614.002000000000,
142459,1,2220.000000000000,2620.000000000000,
142460,1,5447.002000000001,5643.002000000000,
142460,1,5460.000000000000,5660.000000000000,
142461,1,2927.002000000000,3320.002000000001,
142462,1,2322.002000000000,2933.002000000001,
142462,1,2340.000000000000,2940.000000000000,
142463,1,2313.002000000000,3011.002000000000,
142463,1,2320.000000000000,3020.000000000000,
142469,1,2767.002000000000,3640.002000000000,
142469,1,2780.000000000000,3640.000000000000,
142475,1,4373.002000000000,4647.002000000000,
142475,1,4380.000000000000,4660.000000000000,
142476,1,4485.002000000000,4740.002000000000,
142476,1,4500.000000000000,4740.000000000000,
142477,1,2219.002999999999,4979.003000000000,
142477,1,2220.000000000000,4980.000000000000,
142479,1,2472.002000000000,3140.002000000000,
142479,1,2480.000000000000,3140.000000000000,
142480,1,2436.002000000000,2814.002000000000,
142480,1,2440.000000000000,2820.000000000000,
142481,1,2506.002000000000,2800.002000000001,
142481,1,2520.000000000000,2800.000000000000,
142483,1,4665.002000000001,4831.002000000000,
142483,1,4680.000000000000,4840.000000000000,
142484,1,4656.002000000000,4914.002000000000,
142484,1,4660.000000000000,4920.000000000000,
142485,1,4951.002000000000,5099.002000000001,
142485,1,4960.000000000000,5100.000000000000,
142486,1,2869.002000000000,3157.002000000000,
142486,1,2880.000000000000,3160.000000000000,
142487,1,2715.002000000000,3020.002000000000,
142487,1,2720.000000000000,3020.000000000000,
142491,1,4685.002000000000,4846.002000000001,
142491,1,4700.000000000000,4860.000000000000,
142592,1,1460.000000000000,3560.000000000000,
142592,1,1460.002000000000,3552.002000000000,
142594,1,5867.002999999999,6291.003000000000,
142594,1,5880.000000000000,5980.000000000000,
142596,1,1392.001000000000,2093.000999999999,
142596,1,1400.000000000000,2100.000000000000,
142597,1,1633.004000000000,2216.004000000000,
142597,1,1640.000000000000,2220.000000000000,
142598,1,1603.002000000000,2896.002000000000,
142598,1,1620.000000000000,2900.000000000000,
142599,1,1965.002000000000,2939.002000000000,
142599,1,1980.000000000000,2940.000000000000,
142600,1,2923.005000000001,3798.005000000001,
142600,1,2940.000000000000,3800.000000000000,
142601,1,2587.002000000000,3764.002000000000,
142601,1,2600.000000000000,3780.000000000000,
142602,1,2539.005000000000,3499.005000000001,
142602,1,2540.000000000000,3500.000000000000,
142604,1,4699.002000000000,4839.002000000000,
142604,1,4700.000000000000,4840.000000000000,
142620,1,3370.002000000000,3853.002000000000,
142620,1,3380.000000000000,3860.000000000000,
142626,1,2672.005000000000,2814.005000000000,
142626,1,2680.000000000000,2820.000000000000,
142629,1,3632.002000000000,4894.002000000001,
142629,1,3640.000000000000,4900.000000000000,
142630,1,2715.002000000000,3327.002000000000,
142630,1,2720.000000000000,3340.000000000000,
142634,1,3117.002000000000,3649.002000000000,
142634,1,3120.000000000000,3660.000000000000,
142635,1,2280.000000000000,2560.000000000000,
142635,1,2280.002000000000,2547.002000000000,
142638,1,3825.002000000000,4971.002000000001,
142638,1,3840.000000000000,4980.000000000000,
142639,1,3146.002000000000,4913.002000000000,
142639,1,3160.000000000000,4920.000000000000,
142641,1,4389.002000000000,5020.002000000000,
142641,1,4400.000000000000,5020.000000000000,
142642,1,3988.002000000000,4467.002000000000,
142642,1,4000.000000000000,4480.000000000000,
142643,1,4108.002000000000,5479.002000000001,
142643,1,4120.000000000000,5480.000000000000,
142644,1,3367.002000000000,5183.002000000000,
142644,1,3380.000000000000,5200.000000000000,
142647,1,3044.002000000001,3294.002000000001,
142647,1,3060.000000000000,3300.000000000000,
142649,1,4997.002000000000,5355.002000000001,
142649,1,5000.000000000000,5360.000000000000,
142651,1,3330.002000000001,3754.002000000001,
142651,1,3340.000000000000,3760.000000000000,
142652,1,3434.002000000000,5881.002000000001,
142652,1,3440.000000000000,5900.000000000000,
142653,1,3163.002000000001,3341.002000000000,
142653,1,3180.000000000000,3360.000000000000,
142657,1,4406.002000000000,4744.002000000000,
142657,1,4420.000000000000,4760.000000000000,
142770,1,3331.005000000000,3684.005000000000,
142770,1,3340.000000000000,3700.000000000000,
142771,1,3850.005000000000,4206.005000000000,
142771,1,3860.000000000000,4220.000000000000,
142780,1,1617.001999999999,1831.002000000000,
142780,1,1620.000000000000,1840.000000000000,
142781,1,1301.004999999999,1689.004999999999,
142793,1,3949.004999999999,4278.005000000000,
142793,1,3960.000000000000,4280.000000000000,
142834,1,3212.004999999999,4430.004999999999,
142834,1,3220.000000000000,4440.000000000000,
142835,1,3624.005000000000,4435.004999999999,
142835,1,3640.000000000000,4440.000000000000,
142869,1,1513.002000000000,2894.001999999999,
142869,1,1520.000000000000,2900.000000000000,
143971,1,3707.002000000001,3798.002000000001,
143974,1,3708.004000000001,3788.004000000001,
144449,1,4568.001999999999,4814.002000000000,
144449,1,4580.000000000000,4820.000000000000,
144450,1,3576.001999999999,6097.001999999999,
144450,1,3580.000000000000,5980.000000000000,
144452,1,4589.001999999999,5907.002000000000,
144452,1,4600.000000000000,5920.000000000000,
144453,1,4145.001999999999,5814.002000000000,
144453,1,4160.000000000000,5820.000000000000,
144454,1,4469.001999999999,4742.001999999999,
144454,1,4480.000000000000,4760.000000000000,
144474,1,2843.002000000000,3009.002000000000,
144474,1,2860.000000000000,3020.000000000000,
144483,1,3105.002000000000,3206.002000000000,
144483,1,3120.000000000000,3220.000000000000,
144487,1,2655.002000000001,2915.002000000000,
144487,1,2660.000000000000,2920.000000000000,
144491,1,3871.002000000000,3954.002000000000,
144491,1,3880.000000000000,3960.000000000000,
144512,1,1848.002000000000,2007.002000000000,
144512,1,1860.000000000000,2020.000000000000,
144536,1,3050.002000000001,3372.002000000001,
144694,1,2840.000000000000,3240.000000000000,
144694,1,2840.004000000000,3238.004000000001,
144730,1,3232.004000000001,3292.004000000001,
144730,1,3240.000000000000,3300.000000000000,
144756,1,3442.002000000000,3646.002000000001,
144761,1,3645.002000000001,3812.002000000001,
144764,1,3659.002000000001,3801.002000000000,
144764,1,3660.000000000000,3820.000000000000,
144767,1,2051.002000000000,2206.002000000000,
144767,1,2060.000000000000,2220.000000000000,
144768,1,4148.004000000001,4907.004000000001,
144768,1,4160.000000000000,4920.000000000000,
144793,1,2270.004000000001,2482.004000000001,
144793,1,2280.000000000000,2500.000000000000,
144795,1,1557.004000000001,2159.004000000001,
144795,1,1560.000000000000,2160.000000000000,
144802,1,5017.002000000001,5157.002000000000,
144812,1,4304.002000000001,4398.002000000000,
144813,1,4184.002000000001,4407.002000000000,
144813,1,4200.000000000000,4420.000000000000,
144814,1,2993.002000000001,3564.002000000000,
144814,1,3000.000000000000,3580.000000000000,
144821,1,2309.004000000001,2552.004000000001,
144821,1,2320.000000000000,2560.000000000000,
144822,1,2122.004000000001,2333.004000000001,
144822,1,2140.000000000000,2340.000000000000,
144835,1,2112.002000000000,2237.002000000000,
144835,1,2120.000000000000,2240.000000000000,
144845,1,3003.004000000001,3194.004000000001,
144845,1,3020.000000000000,3200.000000000000,
144888,1,4145.002000000000,4443.002000000000,
144888,1,4160.000000000000,4460.000000000000,
144889,1,4901.002000000000,5050.002000000000,
144889,1,4920.000000000000,5060.000000000000,
144890,1,3708.002000000000,4164.002000000000,
144890,1,3720.000000000000,4180.000000000000,
144891,1,3681.002000000000,4016.002000000000,
144891,1,3700.000000000000,4020.000000000000,
144892,1,3661.002000000000,3973.002000000000,
144892,1,3680.000000000000,3980.000000000000,
144894,1,4365.002000000000,4517.002000000000,
144894,1,4380.000000000000,4520.000000000000,
144895,1,4536.002000000000,4736.002000000000,
144895,1,4540.000000000000,4740.000000000000,
144896,1,1438.002000000000,1610.002000000000,
144896,1,1440.000000000000,1620.000000000000,
144902,1,3565.002000000000,4626.002000000000,
144902,1,3580.000000000000,4640.000000000000,
144909,1,2426.000999999999,2592.000999999999,
144911,1,3266.002999999999,3321.002999999999,
144911,1,3280.000000000000,3340.000000000000,
144912,1,3255.002000000000,3352.002000000000,
144912,1,3260.000000000000,3360.000000000000,
144922,1,3266.002000000000,3525.002000000000,
144922,1,3280.000000000000,3540.000000000000,
144923,1,3008.002000000000,3296.002000000000,
144923,1,3020.000000000000,3300.000000000000,
144925,1,1015.004000000000,2086.004000000000,
144925,1,1020.000000000000,2100.000000000000,
144926,1,1746.001000000000,2866.001000000000,
144926,1,1760.000000000000,2880.000000000000,
144929,1,2074.002000000000,2489.002000000000,
144929,1,2080.000000000000,2500.000000000000,
144930,1,2609.002000000000,2916.002000000000,
144930,1,2620.000000000000,2920.000000000000,
145010,1,2133.002000000000,3252.002000000000,
145011,1,2193.002999999999,2615.002999999999,
145011,1,2200.000000000000,2620.000000000000,
145014,1,2065.002000000000,3005.002000000000,
145014,1,2080.000000000000,3020.000000000000,
145018,1,2316.000000000000,3009.000000000000,
145018,1,2320.000000000000,3020.000000000000,
145022,1,2287.000999999999,2614.001000000000,
145022,1,2300.000000000000,2620.000000000000,
145027,1,5041.002000000000,5166.002000000000,
145027,1,5060.000000000000,5180.000000000000,
145030,1,4990.002000000000,5228.002000000000,
145030,1,5000.000000000000,5240.000000000000,
145034,1,3411.002000000000,3731.002000000000,
145034,1,3420.000000000000,3740.000000000000,
145035,1,2579.002000000000,5292.002000000000,
145035,1,2580.000000000000,5300.000000000000,
145043,1,2307.002000000000,2501.002000000000,
145043,1,2320.000000000000,2520.000000000000,
145127,1,2466.001999999999,2622.001999999999,
145127,1,2480.000000000000,2640.000000000000,
145129,1,2133.001999999999,2474.001999999999,
145129,1,2140.000000000000,2480.000000000000,
145130,1,2165.005000000000,2357.005000000000,
145130,1,2180.000000000000,2360.000000000000,
145131,1,2482.004999999999,2688.004999999999,
145131,1,2500.000000000000,2700.000000000000,
145157,1,2309.002000000000,2398.002000000000,
145217,1,2047.002000000000,2293.002000000000,
145217,1,2060.000000000000,2300.000000000000,
145301,1,4167.002000000000,4255.002000000000,
145332,1,1313.002000000000,3044.002000000000,
145332,1,1320.000000000000,3060.000000000000,
145333,1,3715.002000000001,5387.002000000000,
145333,1,3720.000000000000,5400.000000000000,
145334,1,2160.000000000000,5560.000000000000,
145334,1,2160.002000000000,5553.002000000000,
145338,1,2501.002000000001,2581.002000000000,
145338,1,2520.000000000000,2600.000000000000,
145341,1,824.004000000000,909.004000000000,
145341,1,840.000000000000,920.000000000000,
145342,1,2221.002000000000,2342.002000000000,
145342,1,2240.000000000000,2360.000000000000,
145345,1,1554.004999999999,1622.004999999999,
145345,1,1560.000000000000,1640.000000000000,
145347,1,2246.002000000000,2368.002000000001,
145347,1,2260.000000000000,2380.000000000000,
145351,1,3835.002000000001,3978.002000000000,
145351,1,3840.000000000000,3980.000000000000,
145352,1,3220.000000000000,3340.000000000000,
145352,1,3220.002000000000,3340.002000000001,
145354,1,4035.002000000000,5533.002000000001,
145354,1,4040.000000000000,5540.000000000000,
145355,1,1854.002000000000,1964.002000000001,
145355,1,1860.000000000000,1980.000000000000,
145362,1,3859.002000000001,5426.002000000001,
145362,1,3860.000000000000,5440.000000000000,
145365,1,2013.002000000000,2179.002000000001,
145365,1,2020.000000000000,2180.000000000000,
145366,1,1805.001000000000,2020.001000000000,
145366,1,1820.000000000000,2020.000000000000,
145367,1,2031.002000000000,2150.002000000000,
145367,1,2040.000000000000,2160.000000000000,
145373,1,2912.002000000001,3037.002000000001,
145373,1,2920.000000000000,3040.000000000000,
145374,1,1797.005000000000,1969.005000000000,
145374,1,1800.000000000000,1980.000000000000,
145378,1,1825.002000000001,2222.002000000000,
145378,1,1840.000000000000,2240.000000000000,
145379,1,1816.002000000000,2141.002000000000,
145379,1,1820.000000000000,2160.000000000000,
145382,1,5046.002000000001,5202.002000000000,
145382,1,5060.000000000000,5220.000000000000,
145383,1,5017.002000000001,5209.002000000000,
145383,1,5020.000000000000,5220.000000000000,
145384,1,4804.002000000001,5049.002000000000,
145384,1,4820.000000000000,5060.000000000000,
145385,1,3756.002000000000,4215.002000000000,
145385,1,3760.000000000000,4220.000000000000,
145386,1,2042.002000000001,2226.002000000000,
145386,1,2060.000000000000,2240.000000000000,
145390,1,1977.002000000000,2900.002000000001,
145390,1,1980.000000000000,2900.000000000000,
145391,1,4110.002000000000,4450.002000000001,
145391,1,4120.000000000000,4460.000000000000,
145392,1,3396.002000000001,3879.002000000001,
145392,1,3400.000000000000,3880.000000000000,
145407,1,4876.002000000001,5192.002000000001,
145407,1,4880.000000000000,5200.000000000000,
145408,1,3710.002000000001,4242.002000000000,
145408,1,3720.000000000000,4260.000000000000,
145409,1,3953.002000000001,4382.002000000000,
145409,1,3960.000000000000,4400.000000000000,
145411,1,2399.002000000000,3692.002000000000,
145411,1,2400.000000000000,3700.000000000000,
145413,1,5444.002000000000,5568.002000000000,
145413,1,5460.000000000000,5580.000000000000,
145416,1,5398.002000000000,5526.002000000000,
145416,1,5400.000000000000,5540.000000000000,
145417,1,3347.002000000001,3828.002000000001,
145417,1,3360.000000000000,3840.000000000000,
145420,1,4081.002000000001,4591.002000000001,
145420,1,4100.000000000000,4600.000000000000,
145421,1,3996.002000000001,4343.002000000000,
145421,1,4000.000000000000,4360.000000000000,
145422,1,4429.002000000001,4841.002000000001,
145422,1,4440.000000000000,4860.000000000000,
145423,1,5264.002000000001,5486.002000000000,
145426,1,3565.002000000001,4347.002000000000,
145426,1,3580.000000000000,4360.000000000000,
145434,1,3933.002000000001,5569.002000000000,
145434,1,3940.000000000000,5580.000000000000,
145445,1,3886.002000000000,4577.002000000000,
145445,1,3900.000000000000,4580.000000000000,
145452,1,3179.002000000001,3689.002000000000,
145452,1,3180.000000000000,3700.000000000000,
145455,1,2734.002000000000,2846.002000000000,
145455,1,2740.000000000000,2860.000000000000,
145462,1,2246.002000000000,2339.002000000000,
145462,1,2260.000000000000,2340.000000000000,
145463,1,2696.002000000000,2895.002000000000,
145463,1,2700.000000000000,2900.000000000000,
145464,1,2764.002000000000,2985.002000000001,
145464,1,2780.000000000000,3000.000000000000,
145469,1,3051.002000000000,3148.002000000000,
145469,1,3060.000000000000,3160.000000000000,
145546,1,4329.001999999999,4636.002000000000,
145546,1,4340.000000000000,4640.000000000000,
145550,1,3263.001999999999,3773.001999999999,
145550,1,3280.000000000000,3780.000000000000,
145591,1,3398.001999999999,3680.001999999999,
145591,1,3400.000000000000,3680.000000000000,
145592,1,3558.002000000000,4270.001999999999,
145592,1,3560.000000000000,4280.000000000000,
145595,1,1867.001999999999,2077.001999999999,
145595,1,1880.000000000000,2080.000000000000,
145596,1,4533.001999999999,4726.001999999999,
145596,1,4540.000000000000,4740.000000000000,
145641,1,1943.001999999999,2014.001999999999,
145641,1,1960.000000000000,2020.000000000000,
145642,1,2378.001999999999,2452.001999999999,
145642,1,2380.000000000000,2460.000000000000,
145644,1,2808.001999999999,2929.001999999999,
145644,1,2820.000000000000,2940.000000000000,
145645,1,2091.001999999999,2173.001999999999,
145645,1,2100.000000000000,2180.000000000000,
145646,1,2221.001999999999,2310.001999999999,
145646,1,2240.000000000000,2320.000000000000,
145648,1,4141.002000000000,4319.001999999999,
145648,1,4160.000000000000,4320.000000000000,
145649,1,3213.001999999999,3309.001999999999,
145649,1,3220.000000000000,3320.000000000000,
145655,1,2679.001999999999,2781.001999999999,
145655,1,2680.000000000000,2800.000000000000,
145656,1,1980.000000000000,2080.000000000000,
145656,1,1980.001999999999,2071.001999999999,
145657,1,3561.001999999999,3674.001999999999,
145657,1,3580.000000000000,3680.000000000000,
145661,1,2572.001999999999,2716.001999999999,
145661,1,2580.000000000000,2720.000000000000,
145681,1,2387.001999999999,2780.002000000000,
145681,1,2400.000000000000,2780.000000000000,
145682,1,2739.001999999999,2953.001999999999,
145683,1,3830.001999999999,3942.001999999999,
145684,1,3790.001999999999,3894.001999999999,
145691,1,3723.002000000000,4061.002000000000,
145691,1,3740.000000000000,4080.000000000000,
145699,1,5588.002000000000,5796.002000000000,
145699,1,5600.000000000000,5800.000000000000,
145853,1,3668.002000000000,3883.002000000000,
145853,1,3680.000000000000,3900.000000000000,
145854,1,3793.002000000000,4004.002000000001,
145854,1,3800.000000000000,4020.000000000000,
145887,1,2215.002000000000,4016.002000000000,
145887,1,2220.000000000000,4020.000000000000,
145896,1,4271.001999999999,4561.001999999999,
145896,1,4280.000000000000,4580.000000000000,
145898,1,3297.002000000000,3524.002000000000,
145898,1,3300.000000000000,3540.000000000000,
145904,1,4066.002000000000,4347.002000000000,
145904,1,4080.000000000000,4360.000000000000,
145905,1,3456.002000000000,3796.002000000000,
145905,1,3460.000000000000,3800.000000000000,
145906,1,1829.002000000000,1959.002000000000,
145906,1,1840.000000000000,1960.000000000000,
145907,1,3136.002000000000,5194.001999999999,
145907,1,3140.000000000000,5200.000000000000,
145911,1,2587.001999999999,2969.002000000000,
145913,1,2057.002000000000,2253.001999999999,
145913,1,2060.000000000000,2260.000000000000,
145916,1,2162.002000000000,2353.001999999999,
145916,1,2180.000000000000,2360.000000000000,
145917,1,1782.002000000000,1955.002000000000,
145941,1,3486.002000000000,3734.002000000000,
145941,1,3500.000000000000,3740.000000000000,
146043,1,1100.000000000000,1160.000000000000,
146043,1,1100.002000000000,1156.002000000000,
146044,1,1369.002000000000,1642.002000000000,
146044,1,1380.000000000000,1660.000000000000,
146046,1,1584.002000000000,3049.002000000000,
146046,1,1600.000000000000,3060.000000000000,
146047,1,1619.002000000000,3259.002000000000,
146047,1,1620.000000000000,3260.000000000000,
146048,1,1539.002000000000,2179.002000000000,
146048,1,1540.000000000000,2180.000000000000,
146049,1,3405.002000000000,3508.002000000000,
146049,1,3420.000000000000,3520.000000000000,
146053,1,3432.002000000000,3638.002000000000,
146053,1,3440.000000000000,3640.000000000000,
146054,1,3479.002000000000,3650.002000000000,
146054,1,3480.000000000000,3660.000000000000,
146056,1,3479.002000000000,3653.002000000000,
146056,1,3480.000000000000,3660.000000000000,
146071,1,2564.002000000000,3053.002000000000,
146071,1,2580.000000000000,3060.000000000000,
146081,1,2675.000000000000,2974.000000000000,
146081,1,2680.000000000000,2980.000000000000,
146159,1,3024.002000000000,3379.002000000000,
146159,1,3040.000000000000,3380.000000000000,
146166,1,791.003999999999,2184.003999999999,
146166,1,800.000000000000,2200.000000000000,
146167,1,3646.002000000001,3997.002000000001,
146167,1,3660.000000000000,4000.000000000000,
146168,1,1036.000000000001,1916.000000000001,
146168,1,1040.000000000000,1920.000000000000,
146178,1,1153.001000000000,2249.001000000001,
146178,1,1160.000000000000,2260.000000000000,
146190,1,4070.002000000000,4526.002000000000,
146190,1,4080.000000000000,4540.000000000000,
146196,1,3451.002000000000,4031.002000000000,
146196,1,3460.000000000000,4040.000000000000,
146198,1,4357.002000000001,4811.002000000000,
146198,1,4360.000000000000,4820.000000000000,
146211,1,1478.001000000000,1551.001000000000,
146211,1,1480.000000000000,1560.000000000000,
146380,1,2231.001999999999,2545.001999999999,
146380,1,2240.000000000000,2560.000000000000,
146400,1,3526.002000000000,3927.002000000000,
146400,1,3540.000000000000,3940.000000000000,
146407,1,4194.002000000000,5007.002000000000,
146407,1,4200.000000000000,5020.000000000000,
146410,1,4131.002000000000,5759.002000000000,
146410,1,4140.000000000000,5760.000000000000,
146420,1,2919.002000000000,3002.002000000000,
146420,1,2920.000000000000,3020.000000000000,
146421,1,4494.002000000000,4636.002000000001,
146421,1,4500.000000000000,4640.000000000000,
146458,1,2910.002000000000,3151.002000000000,
146458,1,2920.000000000000,3160.000000000000,
146461,1,3292.002000000001,3441.002000000001,
146461,1,3300.000000000000,3460.000000000000,
146463,1,2245.002000000000,3148.002000000000,
146463,1,2260.000000000000,3160.000000000000,
146476,1,3951.002000000000,4089.002000000001,
146489,1,4274.002000000000,4335.002000000000,
146489,1,4280.000000000000,4340.000000000000,
146497,1,3023.004000000000,3148.004000000000,
146497,1,3040.000000000000,3160.000000000000,
146498,1,1605.002000000000,1864.002000000000,
146498,1,1620.000000000000,1880.000000000000,
146499,1,1684.001000000000,1985.001000000000,
146499,1,1700.000000000000,2000.000000000000,
146565,1,4596.002000000001,4834.002000000000,
146565,1,4600.000000000000,4840.000000000000,
146572,1,3495.002000000000,3903.002000000000,
146572,1,3500.000000000000,3920.000000000000,
146602,1,4600.000000000000,4680.000000000000,
146602,1,4600.002000000000,4673.002000000001,
146614,1,2607.002000000000,2831.002000000000,
146614,1,2620.000000000000,2840.000000000000,
146628,1,4853.002000000000,5066.002000000000,
146628,1,4860.000000000000,5080.000000000000,
146629,1,2451.002000000000,2951.002000000000,
146629,1,2460.000000000000,2960.000000000000,
146630,1,2936.002000000000,3553.002000000000,
146630,1,2940.000000000000,3560.000000000000,
146645,1,1893.001999999999,2057.001999999999,
146645,1,1900.000000000000,2060.000000000000,
146646,1,2001.002000000000,2171.002000000001,
146646,1,2020.000000000000,2180.000000000000,
146647,1,1973.002000000000,2227.002000000000,
146647,1,1980.000000000000,2240.000000000000,
146650,1,2585.002000000000,2677.002000000000,
146650,1,2600.000000000000,2680.000000000000,
146657,1,3035.002000000000,3114.002000000001,
146657,1,3040.000000000000,3120.000000000000,
146662,1,4829.002000000000,5047.002000000000,
146662,1,4840.000000000000,5060.000000000000,
146672,1,1901.004999999999,2090.004999999999,
146674,1,1727.002000000000,1899.002000000000,
146674,1,1740.000000000000,1900.000000000000,
146676,1,1875.003000000000,2069.003000000000,
146676,1,1880.000000000000,2080.000000000000,
146683,1,1337.002000000001,1447.002000000000,
146692,1,2882.002000000000,3008.002000000000,
146692,1,2900.000000000000,3020.000000000000,
146716,1,2902.002000000000,3198.002000000000,
146716,1,2920.000000000000,3200.000000000000,
146719,1,2473.002000000001,2602.002000000001,
146719,1,2480.000000000000,2620.000000000000,
146728,1,3453.002000000001,3718.002000000001,
146728,1,3460.000000000000,3720.000000000000,
146730,1,865.002000000000,2530.002000000001,
146730,1,880.000000000000,2540.000000000000,
146737,1,3281.002000000000,3332.002000000001,
146737,1,3300.000000000000,3340.000000000000,
146740,1,3370.002000000000,3590.002000000001,
146740,1,3380.000000000000,3600.000000000000,
146743,1,1145.002000000000,1802.002000000000,
146743,1,1160.000000000000,1820.000000000000,
146746,1,3265.002000000000,3828.002000000001,
146746,1,3280.000000000000,3840.000000000000,
146753,1,1180.000000000000,2300.000000000000,
146753,1,1180.002000000000,2291.002000000000,
146783,1,2087.002000000000,2411.002000000000,
146783,1,2100.000000000000,2420.000000000000,
146786,1,1906.002000000001,2043.002000000000,
146786,1,1920.000000000000,2060.000000000000,
146787,1,1897.002000000000,1996.002000000000,
146787,1,1900.000000000000,2000.000000000000,
146794,1,2405.002000000001,2561.002000000000,
146794,1,2420.000000000000,2580.000000000000,
146797,1,3763.002000000001,4301.002000000001,
146797,1,3780.000000000000,4320.000000000000,
146798,1,4085.002000000001,4309.002000000001,
146798,1,4100.000000000000,4320.000000000000,
146800,1,3049.002000000001,3558.002000000001,
146800,1,3060.000000000000,3560.000000000000,
146801,1,2775.002000000000,2986.002000000000,
146801,1,2780.000000000000,3000.000000000000,
146802,1,4158.002000000000,4419.002000000000,
146802,1,4160.000000000000,4420.000000000000,
146803,1,4642.002000000000,4828.002000000001,
146803,1,4660.000000000000,4840.000000000000,
146805,1,3022.002000000000,3304.002000000001,
146805,1,3040.000000000000,3320.000000000000,
146806,1,4222.002000000000,4342.002000000000,
146806,1,4240.000000000000,4360.000000000000,
146820,1,2419.002000000000,3935.002000000000,
146820,1,2420.000000000000,3940.000000000000,
146844,1,4513.002000000000,4721.002000000001,
146850,1,2290.002000000001,2475.002000000000,
146853,1,2113.002000000000,2230.002000000000,
146855,1,3380.002000000001,3521.002000000001,
146869,1,2974.002000000000,3230.002000000000,
146890,1,2679.002000000000,3231.002000000001,
146978,1,1684.000000000000,1765.000000000000,
146979,1,3164.002000000000,3423.002000000000,
146985,1,4504.002000000000,4989.002000000000,
146985,1,4520.000000000000,5000.000000000000,
146987,1,3611.004999999999,3800.004999999999,
146988,1,3209.003999999999,3398.004000000000,
146988,1,3220.000000000000,3400.000000000000,
146989,1,2842.003000000000,2992.003000000000,
146991,1,2727.000000000000,2942.000000000000,
146992,1,2541.003000000000,2724.002999999999,
146994,1,4295.002000000000,4686.002000000000,
147009,1,2463.004000000000,2604.004000000000,
147009,1,2480.000000000000,2620.000000000000,
147010,1,3174.000999999999,3325.001000000000,
147010,1,3180.000000000000,3340.000000000000,
147011,1,6239.002000000000,6477.002000000000,
147014,1,2614.002000000000,2789.001999999999,
147014,1,2620.000000000000,2800.000000000000,
147017,1,3219.003000000001,3432.003000000001,
147017,1,3220.000000000000,3440.000000000000,
147019,1,4156.001000000001,4344.001000000001,
147019,1,4160.000000000000,4360.000000000000,
147022,1,3614.001000000000,3948.000999999999,
147022,1,3620.000000000000,3960.000000000000,
147026,1,8155.002000000001,8406.002000000000,
147027,1,8380.002000000000,8568.002000000002,
147028,1,3054.002999999999,3127.002999999999,
147028,1,3060.000000000000,3140.000000000000,
147031,1,2123.004000000000,2216.004000000000,
147031,1,2140.000000000000,2220.000000000000,
147033,1,5236.002000000000,5503.002000000001,
147033,1,5240.000000000000,5520.000000000000,
147042,1,4415.002000000001,4961.002000000000,
147042,1,4420.000000000000,4980.000000000000,
147043,1,8398.002000000000,8492.002000000002,
147045,1,3726.004000000000,3933.004000000000,
147045,1,3740.000000000000,3940.000000000000,
147046,1,3222.004000000001,3392.004000000000,
147046,1,3240.000000000000,3400.000000000000,
147048,1,2294.001999999999,2411.001999999999,
147048,1,2300.000000000000,2420.000000000000,
147051,1,8269.001999999999,8388.002000000002,
147052,1,3990.002000000000,4247.002000000000,
147052,1,4000.000000000000,4260.000000000000,
147053,1,7586.002000000001,7998.002000000001,
147054,1,3948.002000000000,4186.002000000000,
147054,1,3960.000000000000,4200.000000000000,
147057,1,5805.002000000000,5954.002000000000,
147057,1,5820.000000000000,5960.000000000000,
147063,1,2865.002000000000,3098.002000000000,
147063,1,2880.000000000000,3100.000000000000,
147081,1,3909.001000000001,4070.001000000001,
147081,1,3920.000000000000,4080.000000000000,
147084,1,6673.002000000001,9617.002000000002,
147090,1,5185.002000000000,5526.002000000000,
147090,1,5200.000000000000,5540.000000000000,
147103,1,4540.000000000000,5060.000000000000,
147103,1,5091.023999999999,5604.023999999999,
147104,1,7789.162000000000,8004.161999999999,
147105,1,7436.162000000001,7653.162000000000,
147106,1,8859.162000000000,9184.162000000000,
147118,1,4600.000000000000,4880.000000000000,
147118,1,5131.278000000000,5417.278000000000,
147119,1,5128.162000000000,5333.162000000000,
147125,1,3499.001999999999,3710.002000000000,
147125,1,3500.000000000000,3720.000000000000,
147132,1,4540.000000000000,4700.000000000000,
147132,1,5118.026000000000,5268.026000000000,
147136,1,4500.000000000000,4640.000000000000,
147136,1,5037.646000000000,5184.646000000001,
147137,1,3060.000000000000,3360.000000000000,
147137,1,3807.162000000000,4102.162000000000,
147144,1,5189.002000000001,5401.002000000000,
147144,1,5200.000000000000,5420.000000000000,
147155,1,5134.002000000000,5421.002000000001,
147155,1,5140.000000000000,5440.000000000000,
147161,1,3327.002000000001,3497.002000000001,
147161,1,3340.000000000000,3500.000000000000,
147162,1,5187.002000000001,5405.002000000001,
147162,1,5200.000000000000,5420.000000000000,
147165,1,5191.002000000000,5669.002000000000,
147165,1,5200.000000000000,5680.000000000000,
147169,1,4278.002000000000,4407.002000000000,
147169,1,4280.000000000000,4420.000000000000,
147171,1,3882.002000000000,4090.002000000001,
147171,1,3900.000000000000,4100.000000000000,
147173,1,3425.002000000001,3749.002000000000,
147173,1,3440.000000000000,3760.000000000000,
147174,1,1556.002000000000,2865.002000000000,
147174,1,1560.000000000000,2880.000000000000,
147176,1,5023.002000000000,5264.002000000001,
147176,1,5040.000000000000,5280.000000000000,
147179,1,3535.002000000001,4163.002000000000,
147179,1,3540.000000000000,4180.000000000000,
147260,1,2274.002000000001,2544.002000000000,
147260,1,2280.000000000000,2560.000000000000,
147329,1,1741.002000000000,1818.002000000000,
147329,1,1760.000000000000,1820.000000000000,
147334,1,1672.002000000001,1796.002000000000,
147334,1,1680.000000000000,1800.000000000000,
147377,1,5822.002000000001,6244.002000000001,
147377,1,5840.000000000000,5980.000000000000,
147378,1,1671.002000000001,4069.002000000001,
147378,1,1680.000000000000,4080.000000000000,
147379,1,5173.002000000001,5533.002000000000,
147379,1,5180.000000000000,5540.000000000000,
147382,1,5763.002000000001,5981.002000000001,
147382,1,5780.000000000000,5980.000000000000,
147383,1,5806.002000000001,6113.002000000001,
147383,1,5820.000000000000,5980.000000000000,
147384,1,3751.002000000000,3964.002000000000,
147384,1,3760.000000000000,3980.000000000000,
147385,1,3981.002000000001,4298.002000000001,
147385,1,4000.000000000000,4300.000000000000,
147386,1,3063.002000000000,3374.002000000000,
147386,1,3080.000000000000,3380.000000000000,
147389,1,3906.002000000000,4210.002000000000,
147389,1,3920.000000000000,4220.000000000000,
147393,1,2333.002000000000,4346.002000000001,
147393,1,2340.000000000000,4360.000000000000,
147394,1,5383.002000000000,5753.002000000001,
147394,1,5400.000000000000,5760.000000000000,
147395,1,2916.002000000000,3242.002000000001,
147395,1,2920.000000000000,3260.000000000000,
147396,1,3080.000000000000,3420.000000000000,
147396,1,3080.002000000001,3417.002000000001,
147397,1,2711.002000000000,4664.002000000000,
147397,1,2720.000000000000,4680.000000000000,
147404,1,5309.002000000001,5609.002000000000,
147407,1,5473.001999999999,5825.002000000000,
147407,1,5480.000000000000,5840.000000000000,
147413,1,5858.001999999999,5938.001999999999,
147413,1,5860.000000000000,5940.000000000000,
147415,1,4058.002000000000,4345.001999999999,
147415,1,4060.000000000000,4360.000000000000,
147417,1,3404.002000000000,3821.001999999999,
147417,1,3420.000000000000,3840.000000000000,
147419,1,3640.000000000000,3760.000000000000,
147419,1,3640.001999999999,3755.002000000000,
147455,1,4453.002000000000,4725.002000000000,
147455,1,4460.000000000000,4740.000000000000,
147456,1,4469.002000000000,4708.002000000000,
147456,1,4480.000000000000,4720.000000000000,
147457,1,2368.002000000000,2576.001999999999,
147457,1,2380.000000000000,2580.000000000000,
147458,1,3073.002000000000,3377.001999999999,
147458,1,3080.000000000000,3380.000000000000,
147459,1,3745.002000000000,3917.002000000000,
147459,1,3760.000000000000,3920.000000000000,
147460,1,3703.002000000000,3858.001999999999,
147460,1,3720.000000000000,3860.000000000000,
147461,1,4133.002000000000,4266.002000000000,
147461,1,4140.000000000000,4280.000000000000,
147463,1,4145.002000000000,4253.002000000000,
147463,1,4160.000000000000,4260.000000000000,
147464,1,4003.002000000000,4172.001999999999,
147464,1,4020.000000000000,4180.000000000000,
147465,1,4090.002000000000,4232.002000000000,
147465,1,4100.000000000000,4240.000000000000,
147466,1,4151.001999999999,4301.002000000000,
147466,1,4160.000000000000,4320.000000000000,
147467,1,3999.001999999999,4142.002000000000,
147467,1,4000.000000000000,4160.000000000000,
147468,1,3809.002000000000,3918.002000000000,
147468,1,3820.000000000000,3920.000000000000,
147469,1,3684.002000000000,3815.002000000000,
147469,1,3700.000000000000,3820.000000000000,
147514,1,4630.001999999999,4777.002000000000,
147514,1,4640.000000000000,4780.000000000000,
147589,1,5404.001999999999,5648.001999999999,
147589,1,5420.000000000000,5660.000000000000,
147590,1,5016.002000000000,5145.001999999999,
147590,1,5020.000000000000,5160.000000000000,
147591,1,3627.001999999999,3768.002000000000,
147591,1,3640.000000000000,3780.000000000000,
147592,1,5421.001999999999,5859.001999999999,
147592,1,5440.000000000000,5860.000000000000,
147595,1,2604.002000000000,2734.002000000000,
147595,1,2620.000000000000,2740.000000000000,
147596,1,5826.002000000000,5908.001999999999,
147596,1,5840.000000000000,5920.000000000000,
147597,1,5383.002000000000,5530.001999999999,
147597,1,5400.000000000000,5540.000000000000,
147598,1,2563.001999999999,2781.001999999999,
147598,1,2580.000000000000,2800.000000000000,
147599,1,4297.001999999999,4603.001999999999,
147599,1,4300.000000000000,4620.000000000000,
147600,1,5232.001999999999,5421.001999999999,
147600,1,5240.000000000000,5440.000000000000,
147603,1,4988.001999999999,5070.002000000000,
147603,1,5000.000000000000,5080.000000000000,
147608,1,4741.002000000000,5090.002000000000,
147608,1,4760.000000000000,5100.000000000000,
147609,1,2553.002000000001,3993.002000000000,
147609,1,2560.000000000000,4000.000000000000,
147610,1,2518.002000000000,3527.002000000001,
147610,1,2520.000000000000,3540.000000000000,
147611,1,4014.002000000000,5025.002000000000,
147611,1,4020.000000000000,5040.000000000000,
147612,1,3173.002000000001,3780.002000000000,
147612,1,3180.000000000000,3780.000000000000,
147613,1,3252.002000000000,3660.002000000001,
147613,1,3260.000000000000,3660.000000000000,
147614,1,3172.002000000000,3570.002000000000,
147614,1,3180.000000000000,3580.000000000000,
147615,1,3532.002000000001,3869.002000000000,
147615,1,3540.000000000000,3880.000000000000,
147616,1,3211.002000000000,3527.002000000001,
147616,1,3220.000000000000,3540.000000000000,
147617,1,2848.002000000001,3131.002000000000,
147617,1,2860.000000000000,3140.000000000000,
147618,1,2883.002000000001,3191.002000000001,
147618,1,2900.000000000000,3200.000000000000,
147624,1,3444.002000000001,3829.002000000000,
147625,1,3386.002000000001,3503.002000000001,
147625,1,3400.000000000000,3520.000000000000,
147629,1,3086.002000000000,3530.002000000000,
147629,1,3100.000000000000,3540.000000000000,
147630,1,2890.002000000000,3137.002000000000,
147630,1,2900.000000000000,3140.000000000000,
147632,1,3027.002000000000,3419.002000000000,
147632,1,3040.000000000000,3420.000000000000,
147633,1,2978.002000000000,3217.002000000000,
147633,1,2980.000000000000,3220.000000000000,
147640,1,5808.002000000000,5902.002000000001,
147640,1,5820.000000000000,5920.000000000000,
147642,1,2592.002000000000,3125.002000000001,
147642,1,2600.000000000000,3140.000000000000,
147646,1,5837.002000000000,5924.002000000000,
147646,1,5840.000000000000,5940.000000000000,
147647,1,2549.002000000000,2690.002000000000,
147647,1,2560.000000000000,2700.000000000000,
147648,1,5209.002000000000,5432.002000000000,
147648,1,5220.000000000000,5440.000000000000,
147658,1,1810.002000000000,2055.002000000000,
147658,1,1820.000000000000,2060.000000000000,
147673,1,3421.005000000000,3526.005000000000,
147673,1,3440.000000000000,3540.000000000000,
147675,1,4549.002000000001,4834.002000000001,
147675,1,4560.000000000000,4840.000000000000,
147680,1,3385.002000000000,3623.002000000001,
147680,1,3400.000000000000,3640.000000000000,
147681,1,2339.002000000000,2601.002000000001,
147681,1,2340.000000000000,2620.000000000000,
147683,1,3822.002000000001,3921.002000000001,
147683,1,3840.000000000000,3940.000000000000,
147684,1,4372.002000000001,4491.002000000001,
147684,1,4380.000000000000,4500.000000000000,
147686,1,4032.002000000001,4145.002000000000,
147686,1,4040.000000000000,4160.000000000000,
147687,1,3648.002000000000,3758.002000000001,
147687,1,3660.000000000000,3760.000000000000,
147689,1,3247.002000000001,3404.002000000001,
147689,1,3260.000000000000,3420.000000000000,
147690,1,3296.002000000001,3423.002000000001,
147690,1,3300.000000000000,3440.000000000000,
147691,1,4143.002000000000,4376.002000000001,
147691,1,4160.000000000000,4380.000000000000,
147692,1,2903.002000000000,3266.002000000001,
147692,1,2920.000000000000,3280.000000000000,
147693,1,3939.002000000001,4237.002000000001,
147693,1,3940.000000000000,4240.000000000000,
147694,1,2996.002000000000,3261.002000000001,
147694,1,3000.000000000000,3280.000000000000,
147695,1,3858.002000000000,4014.002000000000,
147695,1,3860.000000000000,4020.000000000000,
147700,1,3741.002000000000,3869.002000000000,
147700,1,3760.000000000000,3880.000000000000,
148250,1,2161.002000000000,2720.002000000000,
148251,1,2387.002000000000,2842.002000000000,
148252,1,2377.002000000000,2619.002000000000,
148272,1,4054.002000000001,5496.002000000000,
148273,1,3451.002000000000,4766.002000000000,
148283,1,2348.002000000001,2759.002000000000,
148291,1,3818.002000000000,4084.002000000001,
148362,1,2678.002000000001,2987.002000000001,
148363,1,3553.002000000001,3842.002000000000,
148383,1,4200.002000000001,4253.002000000001,
148603,1,4239.002000000000,5315.002000000001,
148603,1,4240.000000000000,5320.000000000000,
148604,1,4274.002000000000,4489.002000000000,
148604,1,4280.000000000000,4500.000000000000,
148612,1,4486.002000000000,4556.002000000001,
148612,1,4500.000000000000,4560.000000000000,
148613,1,4464.002000000000,4570.002000000000,
148613,1,4480.000000000000,4580.000000000000,
148617,1,2008.002000000001,2136.002000000001,
148617,1,2020.000000000000,2140.000000000000,
148618,1,2241.002000000000,2355.002000000000,
148618,1,2260.000000000000,2360.000000000000,
148623,1,3025.002000000000,3243.002000000000,
148623,1,3040.000000000000,3260.000000000000,
148625,1,4564.002000000000,4705.002000000000,
148625,1,4580.000000000000,4720.000000000000,
148657,1,2934.002000000001,3093.002000000001,
148657,1,2940.000000000000,3100.000000000000,
148660,1,2919.002000000000,3162.002000000001,
148660,1,2920.000000000000,3180.000000000000,
148661,1,3000.000000000000,3280.000000000000,
148661,1,3000.002000000001,3261.002000000001,
148662,1,1599.002000000000,1767.002000000000,
148662,1,1600.000000000000,1780.000000000000,
148713,1,3055.002000000000,3470.002000000000,
148713,1,3060.000000000000,3480.000000000000,
148727,1,5344.002000000001,5554.002000000000,
148727,1,5360.000000000000,5560.000000000000,
148767,1,3577.002000000001,3818.002000000000,
148767,1,3580.000000000000,3820.000000000000,
148778,1,5268.002000000000,5373.002000000001,
148778,1,5280.000000000000,5380.000000000000,
148780,1,4762.002000000000,4908.002000000001,
148780,1,4780.000000000000,4920.000000000000,
148967,1,3758.002000000001,4028.002000000001,
148967,1,3760.000000000000,4040.000000000000,
148968,1,1688.002000000001,1901.002000000001,
148968,1,1700.000000000000,1920.000000000000,
148970,1,1977.002000000000,2236.002000000000,
148970,1,1980.000000000000,2240.000000000000,
148971,1,3279.002000000001,3358.002000000000,
148971,1,3280.000000000000,3360.000000000000,
148974,1,2932.002000000000,3051.002000000001,
148974,1,2940.000000000000,3060.000000000000,
148985,1,1282.002000000001,4257.002000000002,
148985,1,1300.000000000000,4260.000000000000,
148986,1,1961.002000000003,2017.002000000001,
148986,1,1980.000000000000,2020.000000000000,
148995,1,1993.001999999999,2073.001999999999,
148995,1,2000.000000000000,2080.000000000000,
148998,1,3123.001999999999,3498.001999999999,
148998,1,3140.000000000000,3500.000000000000,
149026,1,3875.002000000000,4144.001999999999,
149026,1,3880.000000000000,4160.000000000000,
149054,1,1345.001999999999,1416.001999999999,
149054,1,1360.000000000000,1420.000000000000,
149063,1,3277.001999999999,3531.001999999999,
149063,1,3280.000000000000,3540.000000000000,
149081,1,2176.002000000001,2304.002000000000,
149081,1,2180.000000000000,2320.000000000000,
149169,1,2646.002000000000,4243.001999999999,
149169,1,2660.000000000000,4260.000000000000,
149170,1,1806.003000000000,2017.003000000000,
149170,1,1820.000000000000,2020.000000000000,
149172,1,2721.001999999999,4289.001999999999,
149172,1,2740.000000000000,4300.000000000000,
149174,1,2504.001999999999,4283.001999999999,
149174,1,2520.000000000000,4300.000000000000,
149176,1,2801.001999999999,4284.001999999999,
149176,1,2820.000000000000,4300.000000000000,
149177,1,3151.002000000000,4338.001999999999,
149177,1,3160.000000000000,4340.000000000000,
149179,1,2903.001999999999,4298.002000000000,
149179,1,2920.000000000000,4300.000000000000,
149182,1,3552.001999999999,3677.001999999999,
149182,1,3560.000000000000,3680.000000000000,
149191,1,3315.001999999999,3417.002000000000,
149191,1,3320.000000000000,3420.000000000000,
149196,1,1552.001999999999,2398.001999999999,
149196,1,1560.000000000000,2400.000000000000,
149203,1,1595.001999999999,4763.001999999999,
149203,1,1600.000000000000,4780.000000000000,
149204,1,3856.002000000000,4366.001999999999,
149204,1,3860.000000000000,4380.000000000000,
149257,1,4324.001999999999,4396.001999999999,
149257,1,4340.000000000000,4400.000000000000,
149267,1,2687.001999999999,2852.001999999999,
149267,1,2700.000000000000,2860.000000000000,
149285,1,3922.001999999999,4078.001999999999,
149285,1,3940.000000000000,4080.000000000000,
149286,1,4120.000000000000,4260.000000000000,
149286,1,4120.001999999999,4252.001999999999,
149288,1,3966.001999999999,4114.001999999999,
149288,1,3980.000000000000,4120.000000000000,
149290,1,3308.002000000000,3567.001999999999,
149290,1,3320.000000000000,3580.000000000000,
149291,1,3699.002000000000,3949.002000000000,
149291,1,3700.000000000000,3960.000000000000,
149293,1,3279.002000000000,3519.001999999999,
149293,1,3280.000000000000,3520.000000000000,
149297,1,2725.002999999999,2809.002999999999,
149297,1,2740.000000000000,2820.000000000000,
149298,1,2660.000000000000,2860.000000000000,
149298,1,2660.000000000001,2852.000000000001,
149299,1,3277.001999999999,3517.001999999999,
149299,1,3280.000000000000,3520.000000000000,
149300,1,3111.001999999999,3363.001999999999,
149300,1,3120.000000000000,3380.000000000000,
149301,1,3467.001999999999,3697.001999999999,
149301,1,3480.000000000000,3700.000000000000,
149303,1,3167.002000000000,3322.001999999999,
149303,1,3180.000000000000,3340.000000000000,
149338,1,2320.000000000000,2540.000000000000,
149338,1,2320.001999999999,2538.001999999999,
149341,1,3832.002000000000,4411.001999999999,
149341,1,3840.000000000000,4420.000000000000,
149342,1,3243.001999999999,3462.001999999999,
149342,1,3260.000000000000,3480.000000000000,
149343,1,3783.001999999999,4206.001999999999,
149343,1,3800.000000000000,4220.000000000000,
149345,1,2412.001999999999,2564.001999999999,
149345,1,2420.000000000000,2580.000000000000,
149346,1,3453.001999999999,3709.001999999999,
149346,1,3460.000000000000,3720.000000000000,
149356,1,4230.001999999999,4545.001999999999,
149356,1,4240.000000000000,4560.000000000000,
149363,1,3527.001999999999,3805.001999999999,
149363,1,3540.000000000000,3820.000000000000,
149365,1,3737.001999999999,4217.001999999999,
149365,1,3740.000000000000,4220.000000000000,
149369,1,3619.001999999999,4192.001999999999,
149369,1,3620.000000000000,4200.000000000000,
149374,1,2382.003999999999,2527.003999999999,
149374,1,2400.000000000000,2540.000000000000,
149379,1,3413.001999999999,3675.002000000000,
149379,1,3420.000000000000,3680.000000000000,
149381,1,3511.001999999999,4397.001999999999,
149381,1,3520.000000000000,4400.000000000000,
149382,1,3193.001999999999,3537.002000000000,
149382,1,3200.000000000000,3540.000000000000,
149392,1,2087.004999999999,2175.004999999999,
149392,1,2100.000000000000,2180.000000000000,
149397,1,2977.001999999999,3043.001999999999,
149397,1,2980.000000000000,3060.000000000000,
149398,1,2128.001999999999,2234.001999999999,
149398,1,2140.000000000000,2240.000000000000,
149403,1,4893.001999999999,4974.001999999999,
149403,1,4900.000000000000,4980.000000000000,
149404,1,2407.001999999999,2484.001999999999,
149404,1,2420.000000000000,2500.000000000000,
149405,1,2938.001999999999,3013.002000000000,
149405,1,2940.000000000000,3020.000000000000,
149406,1,3432.001999999999,3515.001999999999,
149406,1,3440.000000000000,3520.000000000000,
149411,1,1949.001999999999,2287.001999999999,
149411,1,1960.000000000000,2300.000000000000,
149414,1,2303.001999999999,2376.001999999999,
149414,1,2320.000000000000,2380.000000000000,
149415,1,4040.000000000000,4120.000000000000,
149415,1,4040.001999999999,4103.001999999999,
149416,1,2398.001999999999,2478.001999999999,
149416,1,2400.000000000000,2480.000000000000,
149437,1,1350.001999999999,3430.001999999999,
149447,1,2154.001999999999,2358.001999999999,
149447,1,2160.000000000000,2360.000000000000,
149449,1,4213.001999999999,4412.001999999999,
149450,1,3416.001999999999,3612.001999999999,
149450,1,3420.000000000000,3620.000000000000,
149452,1,3327.002000000000,3484.002000000000,
149452,1,3340.000000000000,3500.000000000000,
149454,1,4028.002000000000,4252.001999999999,
149454,1,4040.000000000000,4260.000000000000,
149455,1,2718.001999999999,4060.002000000000,
149455,1,2720.000000000000,4060.000000000000,
149461,1,3318.001999999999,3617.002000000000,
149462,1,5024.002000000000,5138.001999999999,
149469,1,2622.002000000000,2834.001999999999,
149469,1,2640.000000000000,2840.000000000000,
149474,1,2909.002000000000,3103.001999999999,
149474,1,2920.000000000000,3120.000000000000,
149476,1,3031.001999999999,3195.001999999999,
149476,1,3040.000000000000,3200.000000000000,
149477,1,1097.000000000001,1364.000000000000,
149477,1,1100.000000000000,1380.000000000000,
149478,1,2988.001999999999,3216.001999999999,
149478,1,3000.000000000000,3220.000000000000,
149479,1,3221.001999999999,3542.002000000000,
149479,1,3240.000000000000,3560.000000000000,
149480,1,1932.004000000000,2012.004000000000,
149480,1,1940.000000000000,2020.000000000000,
149481,1,1856.001000000001,1930.001000000000,
149481,1,1860.000000000000,1940.000000000000,
149482,1,2095.000000000000,2182.000000000000,
149482,1,2100.000000000000,2200.000000000000,
149483,1,2948.001999999999,3039.001999999999,
149483,1,2960.000000000000,3040.000000000000,
149484,1,1455.003999999999,1540.003999999999,
149484,1,1460.000000000000,1540.000000000000,
149486,1,1306.004999999999,1450.005000000000,
149486,1,1320.000000000000,1460.000000000000,
149488,1,1725.001999999999,2259.001999999999,
149488,1,1740.000000000000,2260.000000000000,
149491,1,4224.001999999999,4438.001999999999,
149491,1,4240.000000000000,4440.000000000000,
149528,1,3245.001999999999,3599.001999999999,
149528,1,3260.000000000000,3600.000000000000,
149531,1,3026.002000000000,3330.001999999999,
149531,1,3040.000000000000,3340.000000000000,
149541,1,3942.001999999999,4301.001999999999,
149541,1,3960.000000000000,4320.000000000000,
149544,1,2604.001999999999,3251.001999999999,
149544,1,2620.000000000000,3260.000000000000,
149657,1,1056.003029403687,1117.003029403687,
149657,1,1060.000000000000,1120.000000000000,
149659,1,1125.002941474915,1224.002941474914,
149659,1,1140.000000000000,1240.000000000000,
149662,1,1143.000907211303,1265.000907211304,
149662,1,1160.000000000000,1280.000000000000,
149686,1,5307.001913986206,5381.001913986206,
149686,1,5320.000000000000,5400.000000000000,
149689,1,5510.001913986206,5631.001913986206,
149689,1,5520.000000000000,5640.000000000000,
149692,1,3088.001913986206,3215.001913986207,
149692,1,3100.000000000000,3220.000000000000,
149696,1,2348.002931823730,2450.002931823730,
149696,1,2360.000000000000,2460.000000000000,
149707,1,3020.000000000000,3540.000000000000,
149707,1,3020.001913986206,3532.001913986206,
149718,1,2061.001913986206,2302.001913986206,
149729,1,2876.001961669921,3700.001961669922,
149729,1,2880.000000000000,3700.000000000000,
149733,1,2378.001961669922,2812.001961669921,
149733,1,2380.000000000000,2820.000000000000,
149745,1,5141.001961669922,5267.001961669922,
149745,1,5160.000000000000,5280.000000000000,
149746,1,4416.001961669922,4531.001961669922,
149746,1,4420.000000000000,4540.000000000000,
149748,1,5043.001961669922,5189.001961669922,
149748,1,5060.000000000000,5200.000000000000,
149749,1,1465.002960968018,1583.002960968017,
149749,1,1480.000000000000,1600.000000000000,
149750,1,3066.001961669922,3199.001961669922,
149750,1,3080.000000000000,3200.000000000000,
149751,1,3469.001961669921,3641.001961669922,
149751,1,3480.000000000000,3660.000000000000,
149752,1,1468.000047760010,1523.000047760009,
149752,1,1480.000000000000,1540.000000000000,
149753,1,2167.001961669922,2279.001961669922,
149753,1,2180.000000000000,2280.000000000000,
149872,1,5048.001961669922,5235.001961669922,
149872,1,5060.000000000000,5240.000000000000,
149984,1,1786.001961669922,1981.001961669922,
149984,1,1800.000000000000,2000.000000000000,
149985,1,1864.001961669922,1982.001961669921,
149985,1,1880.000000000000,2000.000000000000,
149986,1,1585.001961669922,1920.001961669922,
149986,1,1600.000000000000,1920.000000000000,
149987,1,1955.001961669922,2153.001961669922,
149987,1,1960.000000000000,2160.000000000000,
149988,1,2007.001961669922,2141.001961669922,
149988,1,2020.000000000000,2160.000000000000,
149989,1,2252.001961669922,2450.001961669921,
149989,1,2260.000000000000,2460.000000000000,
150098,1,5318.001961669922,5374.001961669923,
150098,1,5320.000000000000,5380.000000000000,
150239,1,2670.001961669922,3000.001961669922,
150239,1,2680.000000000000,3000.000000000000,
150240,1,2720.000000000000,2920.000000000000,
150240,1,2720.003915863037,2911.003915863037,
150241,1,2693.004897384644,2927.004897384644,
150241,1,2700.000000000000,2940.000000000000,
150242,1,2328.001966171265,2667.001966171264,
150242,1,2340.000000000000,2680.000000000000,
150243,1,1968.002928085327,2112.002928085327,
150243,1,1980.000000000000,2120.000000000000,
150299,1,3660.001913986206,3861.001913986206,
150302,1,2169.001913986206,2441.001913986207,
150302,1,2180.000000000000,2460.000000000000,
150303,1,2864.001913986207,3179.001913986206,
150303,1,2880.000000000000,3180.000000000000,
150308,1,3447.001913986206,3897.001913986206,
150310,1,2316.001913986207,3310.001913986206,
150310,1,2320.000000000000,3320.000000000000,
150505,1,2270.001961669922,2404.001961669922,
150505,1,2280.000000000000,2420.000000000000,
150518,1,3229.001961669922,3493.001961669921,
150518,1,3240.000000000000,3500.000000000000,
150519,1,3288.001961669921,3438.001961669922,
150519,1,3300.000000000000,3440.000000000000,
150520,1,2942.001961669922,3202.001961669922,
150520,1,2960.000000000000,3220.000000000000,
150523,1,4107.001961669923,4241.001961669922,
150523,1,4120.000000000000,4260.000000000000,
150524,1,2883.001961669922,3133.001961669922,
150524,1,2900.000000000000,3140.000000000000,
150525,1,2543.001961669921,2768.001961669922,
150525,1,2560.000000000000,2780.000000000000,
150528,1,3098.001961669922,3361.001961669922,
150528,1,3100.000000000000,3380.000000000000,
150529,1,2559.001961669921,2807.001961669921,
150531,1,2767.001961669921,3019.001961669922,
150531,1,2780.000000000000,3020.000000000000,
150536,1,2828.001961669921,3073.001961669921,
150536,1,2840.000000000000,3080.000000000000,
150537,1,3331.001961669922,3601.001961669922,
150537,1,3340.000000000000,3620.000000000000,
150601,1,2517.001961669921,2828.001961669921,
150601,1,2520.000000000000,2840.000000000000,
150609,1,2731.001961669922,3087.001961669922,
150610,1,1893.001961669922,2134.001961669921,
150610,1,1900.000000000000,2140.000000000000,
150617,1,2123.001961669921,2346.001961669922,
150617,1,2140.000000000000,2360.000000000000,
150619,1,1752.001961669922,1940.001961669922,
150619,1,1760.000000000000,1940.000000000000,
150620,1,4439.001961669922,5838.001961669921,
150620,1,4440.000000000000,5840.000000000000,
150639,1,2632.001961669922,2781.001961669922,
150639,1,2640.000000000000,2800.000000000000,
150640,1,5254.001961669922,5405.001961669922,
150640,1,5260.000000000000,5420.000000000000,
150642,1,4947.001961669922,5082.001961669922,
150643,1,4485.001961669922,4614.001961669922,
150644,1,2980.001961669922,3350.001961669922,
150650,1,5702.001961669922,5799.001961669922,
150650,1,5720.000000000000,5800.000000000000,
150651,1,2357.001961669921,2482.001961669921,
150654,1,4347.001961669922,4545.001961669922,
150656,1,3898.001961669922,4097.001961669922,
150661,1,3417.001961669922,3599.001961669922,
150661,1,3420.000000000000,3600.000000000000,
150719,1,3419.002009353637,3649.002009353638,
150719,1,3420.000000000000,3660.000000000000,
150720,1,2769.002009353638,3506.002009353638,
150720,1,2780.000000000000,3520.000000000000,
150721,1,2857.002009353638,3181.002009353638,
150721,1,2860.000000000000,3200.000000000000,
150724,1,3049.002009353638,3205.002009353638,
150724,1,3060.000000000000,3220.000000000000,
150725,1,2898.002009353637,3107.002009353638,
150725,1,2900.000000000000,3120.000000000000,
150726,1,3195.002009353638,4094.002009353639,
150726,1,3200.000000000000,4100.000000000000,
150727,1,3207.002009353638,3543.002009353638,
150727,1,3220.000000000000,3560.000000000000,
150728,1,2880.000000000000,3180.000000000000,
150728,1,2880.002009353638,3162.002009353638,
150729,1,3178.002009353638,4494.002009353639,
150729,1,3180.000000000000,4500.000000000000,
150730,1,2884.002009353638,3404.002009353638,
150730,1,2900.000000000000,3420.000000000000,
150731,1,2851.002009353638,4554.002009353637,
150731,1,2860.000000000000,4560.000000000000,
150732,1,2902.002009353638,3296.002009353638,
150732,1,2920.000000000000,3300.000000000000,
150733,1,2916.002009353638,3372.002009353638,
150733,1,2920.000000000000,3380.000000000000,
150734,1,3698.002009353638,4830.002009353639,
150734,1,3700.000000000000,4840.000000000000,
150736,1,3225.002009353637,4314.002009353639,
150736,1,3240.000000000000,4320.000000000000,
150737,1,3019.002009353638,3243.002009353638,
150737,1,3020.000000000000,3260.000000000000,
150739,1,2877.002009353638,3354.002009353638,
150739,1,2880.000000000000,3360.000000000000,
150741,1,2920.000000000000,3140.000000000000,
150741,1,2920.002009353638,3136.002009353638,
150742,1,2950.002009353638,3403.002009353637,
150742,1,2960.000000000000,3420.000000000000,
150776,1,1846.002009353638,2176.002009353638,
150776,1,1860.000000000000,2180.000000000000,
150777,1,2925.002009353638,3347.002009353638,
150777,1,2940.000000000000,3360.000000000000,
150781,1,1771.002009353638,2186.002009353638,
150781,1,1780.000000000000,2200.000000000000,
150782,1,1962.002009353638,2860.002009353638,
150782,1,1980.000000000000,2860.000000000000,
150783,1,1792.002009353638,2270.002009353637,
150783,1,1800.000000000000,2280.000000000000,
150784,1,1808.002009353638,2157.002009353638,
150784,1,1820.000000000000,2160.000000000000,
150786,1,1762.002009353637,2302.002009353637,
150786,1,1780.000000000000,2320.000000000000,
150787,1,2302.002009353637,2588.002009353638,
150787,1,2320.000000000000,2600.000000000000,
150790,1,4638.002009353639,5152.002009353638,
150792,1,2198.002009353637,2586.002009353638,
150792,1,2200.000000000000,2600.000000000000,
150818,1,2795.002009353638,3092.002009353637,
150818,1,2800.000000000000,3100.000000000000,
150825,1,4551.002009353637,5137.002009353638,
150826,1,4549.002009353639,5048.002009353639,
150828,1,5221.002009353639,5497.002009353639,
150829,1,4050.002009353638,4146.002009353638,
150829,1,4060.000000000000,4160.000000000000,
150838,1,2421.002009353638,2566.002009353638,
150838,1,2440.000000000000,2580.000000000000,
150841,1,2780.000000000000,2940.000000000000,
150841,1,2780.002009353638,2925.002009353638,
150848,1,2681.002009353638,2785.002009353638,
150848,1,2700.000000000000,2800.000000000000,
152205,1,2814.005000000000,2954.005000000000,
152206,1,2233.005000000000,2400.005000000000,
152210,1,2227.005000000000,2390.005000000000,
152227,1,1947.005000000000,2020.005000000000,
152228,1,2866.005000000000,3051.005000000000,
152636,1,3919.005000000000,3998.005000000000,
152636,1,3920.000000000000,4000.000000000000,
152933,1,2999.000000000000,3137.000000000000,
152933,1,3000.000000000000,3140.000000000000,
152990,1,4139.000000000001,4261.000000000001,
152990,1,4140.000000000000,4280.000000000000,
153071,1,3732.000000000001,4045.000000000000,
153071,1,3740.000000000000,4060.000000000000,
153074,1,3037.000000000000,3353.000000000000,
153074,1,3040.000000000000,3360.000000000000,
153076,1,4678.000000000001,4793.000000000001,
153076,1,4680.000000000000,4800.000000000000,
153085,1,4534.000000000000,4787.000000000001,
153085,1,4540.000000000000,4800.000000000000,
153133,1,3343.000000000000,3472.000000000000,
153133,1,3360.000000000000,3480.000000000000,
153138,1,2100.000000000000,2171.000000000000,
153138,1,2100.000000000000,2180.000000000000,
153139,1,3021.000000000000,3173.000000000000,
153139,1,3040.000000000000,3180.000000000000,
153142,1,3922.000000000000,4000.000000000000,
153142,1,3940.000000000000,4000.000000000000,
153143,1,5510.000000000001,5618.000000000000,
153143,1,5520.000000000000,5620.000000000000,
153144,1,2268.000000000000,2372.000000000000,
153144,1,2280.000000000000,2380.000000000000,
153145,1,3185.000000000000,3255.000000000000,
153145,1,3200.000000000000,3260.000000000000,
153335,1,2017.000000000000,2226.000000000000,
153335,1,2020.000000000000,2240.000000000000,
153337,1,1832.000000000000,2254.000000000000,
153337,1,1840.000000000000,2260.000000000000,
153343,1,3642.000000000000,3702.000000000000,
153343,1,3660.000000000000,3720.000000000000,
153345,1,3952.000000000000,4031.999999999999,
153345,1,3960.000000000000,4040.000000000000,
153364,1,3221.000000000000,3300.000000000000,
153364,1,3240.000000000000,3300.000000000000,
153366,1,1384.000000000000,1625.000000000000,
153366,1,1400.000000000000,1640.000000000000,
153375,1,2120.000000000000,2199.000000000000,
153375,1,2120.000000000000,2200.000000000000,
153377,1,1841.000000000000,2308.000000000000,
153377,1,1860.000000000000,2320.000000000000,
153378,1,3479.000000000000,3583.000000000001,
153378,1,3480.000000000000,3600.000000000000,
153405,1,2118.000000000000,3970.000000000000,
153405,1,2120.000000000000,3980.000000000000,
153407,1,3525.000000000000,4134.000000000000,
153407,1,3540.000000000000,4140.000000000000,
153407,1,4247.000000000000,4637.000000000000,
153407,1,4260.000000000000,4640.000000000000,
153408,1,2745.000000000000,3861.000000000000,
153408,1,2760.000000000000,3880.000000000000,
153413,1,3541.000000000000,4845.000000000000,
153413,1,3560.000000000000,4860.000000000000,
153418,1,3239.000000000000,3323.000000000000,
153418,1,3240.000000000000,3340.000000000000,
153422,1,2671.000000000000,2806.000000000000,
153422,1,2680.000000000000,2820.000000000000,
153429,1,2620.000000000000,4040.000000000000,
153429,1,2620.000000000000,4021.000000000001,
153430,1,3040.000000000000,4360.000000000000,
153430,1,3040.000000000000,4357.000000000001,
153431,1,2844.000000000000,4501.000000000001,
153431,1,2860.000000000000,4520.000000000000,
153432,1,3945.000000000000,5091.000000000001,
153432,1,3960.000000000000,5100.000000000000,
153440,1,3666.000000000000,3864.000000000000,
153440,1,3680.000000000000,3880.000000000000,
153442,1,2715.000000000000,4311.000000000000,
153442,1,2720.000000000000,4320.000000000000,
153456,1,3265.000000000000,3336.000000000000,
153456,1,3280.000000000000,3340.000000000000,
153460,1,2263.000000000000,2324.000000000000,
153460,1,2280.000000000000,2340.000000000000,
153524,1,2844.000000000000,3137.000000000000,
153524,1,2860.000000000000,3140.000000000000,
153581,1,2030.000000000000,2256.000000000000,
153581,1,2040.000000000000,2260.000000000000,
153592,1,2660.000000000000,2820.000000000000,
153592,1,2913.048000000000,3059.048000000000,
153595,1,2200.000000000000,2300.000000000000,
153595,1,2439.048000000000,2542.048000000000,
153596,1,2840.000000000000,2960.000000000000,
153596,1,3087.048000000000,3201.048000000000,
153598,1,2060.000000000000,2160.000000000000,
153598,1,2295.048000000000,2405.048000000000,
153603,1,1740.000000000000,1880.000000000000,
153603,1,1975.048000000000,2123.048000000000,
153604,1,1720.000000000000,1940.000000000000,
153604,1,1960.048000000000,2180.048000000000,
153610,1,5197.004999999999,5400.005000000001,
153611,1,2028.005000000000,2081.005000000000,
153827,1,3258.005000000001,4906.005000000000,
153827,1,3260.000000000000,4920.000000000000,
153906,1,3412.005000000000,3797.005000000000,
153906,1,3420.000000000000,3800.000000000000,
153907,1,2985.005000000000,3327.005000000000,
153907,1,3000.000000000000,3340.000000000000,
153909,1,4125.005000000000,4313.005000000000,
153909,1,4140.000000000000,4320.000000000000,
153912,1,3349.005000000000,3669.005000000000,
153912,1,3360.000000000000,3680.000000000000,
153913,1,3544.005000000000,3753.005000000001,
153914,1,3033.005000000000,3331.005000000000,
153914,1,3040.000000000000,3340.000000000000,
153950,1,3753.005000000001,4033.004999999999,
153950,1,3760.000000000000,4040.000000000000,
153951,1,3398.005000000000,3664.005000000000,
153951,1,3400.000000000000,3680.000000000000,
153953,1,3045.005000000000,3323.005000000000,
153955,1,3137.005000000000,3426.005000000000,
153955,1,3140.000000000000,3440.000000000000,
153956,1,2963.005000000001,3228.005000000000,
153956,1,2980.000000000000,3240.000000000000,
153958,1,3408.005000000000,3707.005000000000,
153958,1,3420.000000000000,3720.000000000000,
153961,1,2987.005000000000,3344.005000000000,
153961,1,3000.000000000000,3360.000000000000,
153967,1,1801.005000000000,2092.005000000000,
153967,1,1820.000000000000,2100.000000000000,
153968,1,1713.005000000000,1853.005000000000,
153968,1,1720.000000000000,1860.000000000000,
153969,1,1846.005000000000,2157.005000000000,
153969,1,1860.000000000000,2160.000000000000,
153970,1,1660.000000000000,1880.000000000000,
153970,1,1660.005000000000,1861.005000000000,
153971,1,2118.005000000000,2555.005000000000,
153971,1,2120.000000000000,2560.000000000000,
153972,1,1731.005000000000,2182.005000000000,
153972,1,1740.000000000000,2200.000000000000,
153975,1,1939.005000000000,2201.005000000000,
153975,1,1940.000000000000,2220.000000000000,
153976,1,1718.005000000000,1951.005000000000,
153976,1,1720.000000000000,1960.000000000000,
154044,1,2507.000000000000,3012.000000000000,
154044,1,2520.000000000000,3020.000000000000,
154080,1,4196.000000000000,4366.000000000000,
154080,1,4200.000000000000,4380.000000000000,
154088,1,2108.000000000000,2157.000000000000,
154088,1,2120.000000000000,2160.000000000000,
154093,1,1785.000000000000,1876.000000000000,
154093,1,1800.000000000000,1880.000000000000,
154115,1,1818.000000000000,1906.000000000000,
154115,1,1820.000000000000,1920.000000000000,
154120,1,2541.000000000000,3325.000000000000,
154121,1,2614.000000000000,3071.000000000000,
154121,1,2620.000000000000,3080.000000000000,
154365,1,1576.005000000000,2731.005000000000,
154365,1,1580.000000000000,2740.000000000000,
154369,1,1671.005000000000,3271.005000000000,
154369,1,1680.000000000000,3280.000000000000,
154371,1,1693.005000000000,3644.005000000000,
154371,1,1700.000000000000,3660.000000000000,
154373,1,1917.005000000000,3604.005000000001,
154373,1,1920.000000000000,3620.000000000000,
154374,1,1492.004999999999,3129.005000000000,
154374,1,1500.000000000000,3140.000000000000,
154375,1,956.005000000000,2886.005000000000,
154375,1,960.000000000000,2900.000000000000,
154377,1,1568.005000000000,2339.005000000000,
154377,1,1580.000000000000,2340.000000000000,
154380,1,3886.005000000001,4755.005000000000,
154380,1,3900.000000000000,4760.000000000000,
154381,1,4439.005000000000,4511.005000000000,
154381,1,4440.000000000000,4520.000000000000,
154382,1,1809.005000000000,2370.005000000000,
154382,1,1820.000000000000,2380.000000000000,
154385,1,3269.005000000000,3334.005000000000,
154385,1,3280.000000000000,3340.000000000000,
154391,1,2863.005000000000,3639.005000000000,
154391,1,2880.000000000000,3640.000000000000,
154408,1,2586.005000000000,2876.005000000000,
154408,1,2600.000000000000,2880.000000000000,
154410,1,4533.005000000000,4770.005000000000,
154410,1,4540.000000000000,4780.000000000000,
154414,1,2064.005000000000,3467.005000000000,
154414,1,2080.000000000000,3480.000000000000,
154421,1,2945.005000000000,3497.005000000000,
154421,1,2960.000000000000,3500.000000000000,
154726,1,3198.000000000000,3655.000000000000,
154726,1,3200.000000000000,3660.000000000000,
154727,1,2194.000000000000,3813.000000000000,
154727,1,2200.000000000000,3820.000000000000,
154728,1,2525.000000000000,2875.000000000000,
154728,1,2540.000000000000,2880.000000000000,
154729,1,3340.000000000000,3880.000000000000,
154729,1,3340.000000000000,3880.000000000000,
154736,1,3862.000000000000,3954.000000000000,
154736,1,3880.000000000000,3960.000000000000,
154740,1,1420.000000000000,1681.000000000000,
154740,1,1420.000000000000,1700.000000000000,
154851,1,2094.000000000000,2290.000000000000,
154851,1,2100.000000000000,2300.000000000000,
154852,1,3635.000000000000,4181.000000000000,
154852,1,3640.000000000000,4200.000000000000,
154853,1,3781.000000000000,4307.000000000001,
154853,1,3800.000000000000,4320.000000000000,
154855,1,1911.000000000000,2244.000000000000,
154855,1,1920.000000000000,2260.000000000000,
154856,1,3758.000000000000,4080.000000000000,
154856,1,3760.000000000000,4080.000000000000,
154857,1,5093.000000000001,5386.999999999999,
154857,1,5100.000000000000,5400.000000000000,
154983,1,3276.000000000000,3569.000000000000,
154983,1,3280.000000000000,3580.000000000000,
154986,1,3320.000000000000,3600.000000000000,
154986,1,3320.000000000000,3587.000000000000,
154987,1,3316.000000000000,3575.000000000000,
154987,1,3320.000000000000,3580.000000000000,
154988,1,4528.000000000001,4719.000000000000,
154988,1,4540.000000000000,4720.000000000000,
154989,1,5721.000000000001,5923.000000000001,
154989,1,5740.000000000000,5940.000000000000,
154990,1,3336.000000000000,3589.000000000000,
154990,1,3340.000000000000,3600.000000000000,
154991,1,5863.000000000000,5995.000000000000,
154991,1,5880.000000000000,5980.000000000000,
154992,1,5873.999999999999,6003.000000000001,
154992,1,5880.000000000000,5980.000000000000,
155184,1,2716.000000000000,2777.000000000000,
155184,1,2720.000000000000,2780.000000000000,
155198,1,3467.000000000000,3568.000000000000,
155198,1,3480.000000000000,3580.000000000000,
155211,1,4118.000000000000,4240.999999999999,
155211,1,4120.000000000000,4260.000000000000,
155213,1,1665.000000000000,1910.000000000000,
155215,1,3957.000000000000,4078.000000000001,
155215,1,3960.000000000000,4080.000000000000,
155216,1,5140.000000000000,5327.000000000000,
155216,1,5140.000000000000,5340.000000000000,
155226,1,2780.000000000000,2880.000000000000,
155226,1,3223.048000000000,3317.048000000000,
155228,1,1740.000000000000,2420.000000000000,
155228,1,2194.048000000000,2869.048000000000,
155230,1,1640.000000000000,2420.000000000000,
155230,1,2085.048000000000,2867.048000000000,
155231,1,2960.000000000000,3120.000000000000,
155231,1,3402.048000000000,3569.048000000000,
155239,1,3600.000000000000,4100.000000000000,
155239,1,4040.048000000001,4543.048000000001,
155248,1,1180.000000000000,1460.000000000000,
155248,1,2622.048000000000,2903.048000000000,
155265,1,3087.005000000000,3245.005000000001,
155265,1,3100.000000000000,3260.000000000000,
155267,1,2598.005000000000,2902.005000000000,
155267,1,2600.000000000000,2920.000000000000,
155268,1,3061.005000000000,3278.005000000000,
155268,1,3080.000000000000,3280.000000000000,
155270,1,3045.005000000000,3359.005000000001,
155270,1,3060.000000000000,3360.000000000000,
155273,1,3465.005000000000,3637.005000000000,
155273,1,3480.000000000000,3640.000000000000,
155274,1,2509.005000000000,2984.005000000001,
155274,1,2520.000000000000,3000.000000000000,
155275,1,3024.005000000001,3336.005000000000,
155275,1,3040.000000000000,3340.000000000000,
155276,1,2453.005000000000,2821.005000000000,
155276,1,2460.000000000000,2840.000000000000,
155277,1,2962.005000000000,3320.005000000000,
155277,1,2980.000000000000,3320.000000000000,
155278,1,2921.005000000000,3580.005000000001,
155278,1,2940.000000000000,3580.000000000000,
155287,1,2898.005000000000,3064.005000000001,
155287,1,2900.000000000000,3080.000000000000,
155290,1,3691.005000000000,3808.005000000000,
155290,1,3700.000000000000,3820.000000000000,
155291,1,3728.005000000000,4073.004999999999,
155291,1,3740.000000000000,4080.000000000000,
155294,1,3050.005000000000,3321.005000000000,
155294,1,3060.000000000000,3340.000000000000,
155296,1,3587.005000000000,3801.005000000001,
155296,1,3600.000000000000,3820.000000000000,
155297,1,3308.005000000000,3440.005000000000,
155297,1,3320.000000000000,3440.000000000000,
155298,1,3165.005000000001,3611.005000000000,
155298,1,3180.000000000000,3620.000000000000,
155300,1,3411.005000000000,3881.005000000000,
155300,1,3420.000000000000,3900.000000000000,
155381,1,3974.005000000001,4535.005000000000,
155381,1,3980.000000000000,4540.000000000000,
155423,1,2230.005000000000,2564.005000000001,
155424,1,2432.005000000000,2779.005000000000,
155441,1,1979.005000000000,2148.005000000000,
155441,1,1980.000000000000,2160.000000000000,
155536,1,2704.005000000000,3320.005000000000,
155536,1,2720.000000000000,3320.000000000000,
155538,1,2458.005000000000,4330.005000000000,
155538,1,2460.000000000000,4340.000000000000,
155540,1,2146.005000000000,3780.005000000000,
155540,1,2160.000000000000,3780.000000000000,
155544,1,2235.005000000000,2391.005000000001,
155544,1,2240.000000000000,2400.000000000000,
155546,1,2655.005000000000,3184.005000000000,
155546,1,2660.000000000000,3200.000000000000,
155547,1,2833.005000000000,3406.005000000000,
155547,1,2840.000000000000,3420.000000000000,
155549,1,3203.005000000000,3812.005000000000,
155549,1,3220.000000000000,3820.000000000000,
155550,1,2836.005000000000,3363.005000000000,
155550,1,2840.000000000000,3380.000000000000,
155551,1,3021.005000000000,3350.005000000000,
155551,1,3040.000000000000,3360.000000000000,
155553,1,3086.005000000000,3474.005000000000,
155553,1,3100.000000000000,3480.000000000000,
155554,1,2982.005000000000,3282.005000000001,
155554,1,3000.000000000000,3300.000000000000,
155555,1,2597.005000000000,2904.005000000000,
155555,1,2600.000000000000,2920.000000000000,
155557,1,3123.005000000000,3479.005000000001,
155557,1,3140.000000000000,3480.000000000000,
155558,1,2950.005000000000,3337.005000000000,
155558,1,2960.000000000000,3340.000000000000,
155583,1,5083.005000000000,5436.005000000000,
155583,1,5100.000000000000,5440.000000000000,
155584,1,5012.005000000000,5435.005000000000,
155584,1,5020.000000000000,5440.000000000000,
156483,1,4847.005000000001,5258.005000000000,
156483,1,4860.000000000000,5260.000000000000,
156502,1,1785.005000000000,1994.005000000000,
156502,1,1800.000000000000,2000.000000000000,
156506,1,1615.005000000000,1746.005000000000,
156506,1,1620.000000000000,1760.000000000000,
156511,1,1095.005000000000,1767.005000000000,
156511,1,1100.000000000000,1780.000000000000,
156512,1,1136.005000000000,2064.005000000000,
156512,1,1140.000000000000,2080.000000000000,
156670,1,1967.005000000000,2102.005000000000,
156670,1,1980.000000000000,2120.000000000000,
156675,1,1545.004999999999,1739.005000000000,
156675,1,1560.000000000000,1740.000000000000,
156681,1,2499.005000000000,2620.005000000000,
156686,1,3070.005000000000,3528.005000000000,
156686,1,3080.000000000000,3540.000000000000,
156687,1,4555.005000000000,4613.005000000000,
156687,1,4560.000000000000,4620.000000000000,
156695,1,4369.005000000000,4581.005000000000,
156695,1,4380.000000000000,4600.000000000000,
156696,1,3788.005000000000,3955.005000000001,
156696,1,3800.000000000000,3960.000000000000,
156699,1,6324.004999999999,6464.005000000000,
156702,1,5961.005000000000,6164.005000000001,
156702,1,5980.000000000000,5980.000000000000,
156704,1,1833.005000000000,2297.005000000000,
156704,1,1840.000000000000,2300.000000000000,
156712,1,2792.005000000000,3018.005000000000,
156713,1,1645.005000000000,5987.004999999999,
156715,1,4913.005000000000,5982.005000000001,
156715,1,4920.000000000000,5980.000000000000,
156728,1,6114.005000000000,6457.005000000000,
156733,1,5646.005000000000,5966.005000000000,
156733,1,5660.000000000000,5980.000000000000,
156734,1,4536.005000000000,4812.005000000001,
156734,1,4540.000000000000,4820.000000000000,
156736,1,6728.005000000001,6997.004999999999,
156738,1,5941.005000000000,6154.004999999999,
156738,1,5960.000000000000,5980.000000000000,
156739,1,4376.005000000000,4591.005000000000,
156739,1,4380.000000000000,4600.000000000000,
156742,1,6237.004999999999,6426.004999999999,
156746,1,4758.005000000000,5110.005000000001,
156746,1,4760.000000000000,5120.000000000000,
156747,1,4453.005000000000,4871.005000000000,
156747,1,4460.000000000000,4880.000000000000,
156748,1,5946.005000000001,6167.005000000001,
156748,1,5960.000000000000,5980.000000000000,
156763,1,2671.005000000000,3959.005000000000,
156763,1,2680.000000000000,3960.000000000000,
156768,1,2465.005000000000,4669.005000000000,
156768,1,2480.000000000000,4680.000000000000,
156770,1,2981.005000000000,4030.005000000000,
156770,1,3000.000000000000,4040.000000000000,
156808,1,2492.005000000000,3053.005000000000,
156808,1,2500.000000000000,3060.000000000000,
156823,1,5950.005000000000,6068.005000000001,
156890,1,1936.005000000000,2159.005000000000,
156890,1,1940.000000000000,2160.000000000000,
156895,1,1078.005000000000,1213.005000000000,
156895,1,1080.000000000000,1220.000000000000,
156900,1,1098.005000000000,1543.005000000000,
156900,1,1100.000000000000,1560.000000000000,
156902,1,1141.005000000000,1707.005000000000,
156902,1,1160.000000000000,1720.000000000000,
156903,1,1188.005000000000,1411.005000000000,
156903,1,1200.000000000000,1420.000000000000,
156910,1,4973.004999999999,5143.004999999999,
156910,1,4980.000000000000,5160.000000000000,
156933,1,2680.000000000000,2760.000000000000,
156933,1,2680.005000000000,2743.005000000000,
157106,1,4850.005000000000,4907.005000000000,
157171,1,2624.005000000000,2721.005000000000,
157175,1,3171.005000000000,3284.005000000000,
157242,1,2517.005000000000,4289.005000000000,
157242,1,2520.000000000000,4300.000000000000,
157246,1,2073.005000000000,2208.005000000000,
157246,1,2080.000000000000,2220.000000000000,
157249,1,2312.005000000000,2729.005000000000,
157249,1,2320.000000000000,2740.000000000000,
157258,1,3574.005000000000,3835.005000000000,
157259,1,3524.005000000000,3819.005000000000,
157261,1,3226.005000000000,3503.005000000000,
157301,1,3720.000000000000,4153.000000000001,
157303,1,5552.000000000000,6105.000000000001,
157305,1,3514.000000000000,4100.000000000000,
157306,1,5438.000000000001,5660.000000000001,
157307,1,5369.000000000000,5486.000000000001,
157309,1,3538.000000000000,3787.000000000000,
157310,1,4692.000000000001,5289.000000000000,
157311,1,4190.000000000000,5230.000000000001,
157312,1,4747.000000000000,5497.000000000000,
157315,1,4700.000000000000,5312.000000000000,
157316,1,5427.000000000000,5671.000000000000,
157317,1,5100.000000000000,5299.000000000000,
157318,1,5853.000000000000,6093.000000000001,
157322,1,4338.000000000000,4858.000000000001,
157323,1,5100.000000000000,5296.000000000000,
157368,1,4347.999999999999,4630.000000000001,
157371,1,4980.000000000001,5651.000000000000,
157376,1,6007.000000000000,6137.000000000001,
157381,1,5576.000000000001,6224.000000000001,
157381,1,5580.000000000000,5980.000000000000,
157386,1,1988.000000000000,3060.000000000000,
157388,1,1214.000000000000,1407.000000000000,
157394,1,1477.000000000000,1919.000000000000,
157395,1,1559.000000000000,2282.000000000000,
157398,1,3627.000000000000,3957.000000000000,
157399,1,1819.000000000000,1997.000000000000,
157399,1,1820.000000000000,2000.000000000000,
157400,1,1828.000000000000,1981.000000000000,
157400,1,1840.000000000000,2000.000000000000,
157415,1,1822.000000000000,3537.000000000000,
157415,1,1840.000000000000,3540.000000000000,
157417,1,4552.000000000000,4684.000000000000,
157417,1,4560.000000000000,4700.000000000000,
157420,1,3468.000000000000,3686.000000000000,
157420,1,3480.000000000000,3700.000000000000,
157422,1,4413.000000000001,4670.000000000001,
157422,1,4420.000000000000,4680.000000000000,
157423,1,5034.000000000001,5323.000000000001,
157423,1,5040.000000000000,5340.000000000000,
157425,1,3685.000000000000,3873.000000000000,
157425,1,3700.000000000000,3880.000000000000,
157426,1,4147.000000000001,4435.000000000001,
157426,1,4160.000000000000,4440.000000000000,
157427,1,4383.000000000000,4566.000000000001,
157427,1,4400.000000000000,4580.000000000000,
157447,1,2446.000000000000,2555.000000000000,
157453,1,2556.000000000000,2783.000000000000,
157454,1,2748.000000000000,2954.000000000000,
157455,1,2750.000000000000,2942.000000000000,
157459,1,2721.000000000000,2788.000000000000,
157462,1,4359.000000000001,4476.000000000002,
157465,1,2085.000000000000,2320.000000000000,
157472,1,2330.000000000000,2394.000000000000,
157480,1,4806.000000000002,5331.000000000000,
157481,1,1677.000000000000,1990.000000000000,
157486,1,4760.000000000000,5163.000000000001,
157486,1,4760.000000000000,5180.000000000000,
157493,1,2150.000000000000,2412.000000000000,
157493,1,2160.000000000000,2420.000000000000,
157497,1,1060.000000000000,2445.000000000000,
157497,1,1060.000000000000,2460.000000000000,
157500,1,4433.000000000000,5825.000000000000,
157500,1,4440.000000000000,5840.000000000000,
157503,1,2174.000000000000,2484.000000000000,
157503,1,2180.000000000000,2500.000000000000,
157522,1,2171.000000000000,2467.000000000000,
157522,1,2180.000000000000,2480.000000000000,
157532,1,1874.000000000000,2111.000000000000,
157532,1,1880.000000000000,2120.000000000000,
157543,1,4145.000000000000,4453.000000000000,
157543,1,4160.000000000000,4460.000000000000,
157654,1,3916.000000000001,4074.000000000001,
157660,1,4818.000000000000,5411.000000000000,
157685,1,4309.000000000000,4865.000000000001,
157686,1,1903.000000000000,2201.000000000000,
157688,1,2056.000000000000,2342.000000000000,
157689,1,2127.000000000000,3922.000000000001,
157690,1,2005.000000000000,2419.000000000000,
157692,1,2094.000000000001,3307.000000000001,
157692,1,2100.000000000000,3320.000000000000,
157695,1,2361.000000000000,2909.000000000000,
157695,1,2380.000000000000,2920.000000000000,
157696,1,4519.000000000001,4683.000000000000,
157696,1,4520.000000000000,4700.000000000000,
157699,1,2697.000000000000,4026.000000000001,
157699,1,2700.000000000000,4040.000000000000,
157701,1,1330.000000000001,1519.000000000001,
157701,1,1340.000000000000,1520.000000000000,
157702,1,1874.000000000000,2178.000000000000,
157703,1,1694.000000000000,2442.000000000001,
157704,1,2534.000000000000,3142.000000000001,
157705,1,1945.000000000001,3254.000000000000,
157711,1,2477.000000000001,4003.000000000000,
157712,1,2696.000000000000,3679.000000000001,
157712,1,2700.000000000000,3680.000000000000,
157780,1,3889.000000000001,4104.000000000000,
157780,1,3900.000000000000,4120.000000000000,
157781,1,2887.000000000000,3245.000000000000,
157781,1,2900.000000000000,3260.000000000000,
157786,1,3077.000000000000,3417.000000000000,
157786,1,3080.000000000000,3420.000000000000,
157789,1,4009.000000000001,4220.000000000001,
157789,1,4020.000000000000,4220.000000000000,
157790,1,4104.000000000000,4336.000000000001,
157790,1,4120.000000000000,4340.000000000000,
157791,1,5621.000000000001,5833.000000000001,
157791,1,5640.000000000000,5840.000000000000,
157792,1,3713.000000000000,3917.000000000000,
157803,1,2572.005000000000,2975.005000000000,
157803,1,2580.000000000000,2980.000000000000,
157820,1,4319.004999999999,4410.005000000000,
157824,1,3984.005000000000,4044.005000000001,
157824,1,4000.000000000000,4060.000000000000,
157839,1,4898.005000000000,5005.005000000001,
157839,1,4900.000000000000,5020.000000000000,
157859,1,5600.005000000000,5686.005000000000,
157861,1,3042.005000000000,3144.005000000000,
157873,1,2676.005000000000,3233.005000000001,
157878,1,2457.005000000000,2781.005000000000,
157879,1,1945.005000000000,2429.005000000000,
157881,1,2510.005000000000,2918.005000000000,
157882,1,2354.005000000000,2733.005000000000,
157883,1,2497.005000000000,3035.005000000000,
157897,1,4832.004999999999,5744.005000000000,
157897,1,4840.000000000000,5760.000000000000,
157968,1,2154.000000000000,2537.000000000000,
157968,1,2160.000000000000,2540.000000000000,
157969,1,2672.000000000000,2879.000000000000,
157969,1,2680.000000000000,2880.000000000000,
157970,1,2285.000000000000,2765.000000000000,
157970,1,2300.000000000000,2780.000000000000,
157971,1,2647.000000000000,2875.000000000000,
157971,1,2660.000000000000,2880.000000000000,
157973,1,4779.000000000000,4904.000000000000,
157973,1,4780.000000000000,4920.000000000000,
157978,1,2103.000000000000,2207.000000000000,
157978,1,2120.000000000000,2220.000000000000,
157979,1,2088.000000000000,4418.000000000001,
157979,1,2100.000000000000,4420.000000000000,
157980,1,1840.000000000000,3760.000000000000,
157980,1,1840.000000000000,3746.000000000000,
157982,1,1863.000000000000,3691.000000000000,
157982,1,1880.000000000000,3700.000000000000,
157986,1,1194.000000000000,3470.000000000000,
157986,1,1200.000000000000,3480.000000000000,
157988,1,1192.000000000000,4179.000000000001,
157988,1,1200.000000000000,4180.000000000000,
157989,1,2171.000000000000,3958.000000000001,
157989,1,2180.000000000000,3960.000000000000,
157994,1,2329.000000000000,2806.000000000000,
157994,1,2340.000000000000,2820.000000000000,
157995,1,3916.000000000000,4142.000000000000,
157995,1,3920.000000000000,4160.000000000000,
157996,1,2343.000000000000,2533.000000000000,
157996,1,2360.000000000000,2540.000000000000,
157999,1,2450.000000000000,2618.000000000000,
157999,1,2460.000000000000,2620.000000000000,
158000,1,2922.000000000000,4457.000000000000,
158000,1,2940.000000000000,4460.000000000000,
158001,1,2343.000000000000,2752.000000000000,
158001,1,2360.000000000000,2760.000000000000,
158002,1,4848.000000000000,4899.000000000001,
158002,1,4860.000000000000,4900.000000000000,
158006,1,4055.000000000000,4232.000000000001,
158006,1,4060.000000000000,4240.000000000000,
158007,1,3127.000000000000,3665.000000000000,
158007,1,3140.000000000000,3680.000000000000,
158015,1,4061.000000000001,4163.000000000001,
158015,1,4080.000000000000,4180.000000000000,
158022,1,2490.000000000000,2554.000000000000,
158022,1,2500.000000000000,2560.000000000000,
158030,1,1694.000000000000,1808.000000000000,
158031,1,2156.000000000000,2318.000000000000,
158033,1,1923.000000000001,3398.000000000000,
158033,1,1940.000000000000,3400.000000000000,
158036,1,4485.000000000000,4876.000000000001,
158036,1,4500.000000000000,4880.000000000000,
158037,1,3293.000000000001,3681.000000000000,
158037,1,3300.000000000000,3700.000000000000,
158038,1,2304.000000000000,3683.000000000000,
158038,1,2320.000000000000,3700.000000000000,
158041,1,2835.000000000000,4125.000000000001,
158041,1,2840.000000000000,4140.000000000000,
158073,1,5955.000000000000,6170.000000000002,
158081,1,5996.000000000000,6272.000000000000,
158084,1,5973.000000000000,6183.000000000001,
158091,1,4031.000000000000,5433.000000000001,
158091,1,4040.000000000000,5440.000000000000,
158098,1,3661.000000000000,4189.000000000001,
158098,1,3680.000000000000,4200.000000000000,
158100,1,5293.000000000001,5627.000000000000,
158100,1,5300.000000000000,5640.000000000000,
158102,1,4555.000000000000,4986.000000000000,
158102,1,4560.000000000000,5000.000000000000,
158103,1,5202.000000000000,5413.000000000000,
158103,1,5220.000000000000,5420.000000000000,
158104,1,5792.000000000001,6008.000000000001,
158104,1,5800.000000000000,5980.000000000000,
158105,1,4832.000000000000,5502.000000000000,
158105,1,4840.000000000000,5520.000000000000,
158106,1,5031.000000000000,5448.000000000000,
158106,1,5040.000000000000,5460.000000000000,
158108,1,5180.000000000000,5520.000000000000,
158108,1,5180.000000000001,5506.000000000000,
158109,1,4804.000000000000,5069.000000000001,
158109,1,4820.000000000000,5080.000000000000,
158111,1,5380.000000000000,5625.000000000000,
158111,1,5380.000000000000,5640.000000000000,
158113,1,3868.000000000000,4131.000000000001,
158113,1,3880.000000000000,4140.000000000000,
158115,1,4119.000000000000,5094.000000000001,
158115,1,4120.000000000000,5100.000000000000,
158118,1,3841.000000000001,4201.000000000000,
158118,1,3860.000000000000,4220.000000000000,
158120,1,5834.000000000001,6060.000000000000,
158120,1,5840.000000000000,5980.000000000000,
158124,1,4884.000000000000,5048.000000000000,
158124,1,4900.000000000000,5060.000000000000,
158125,1,5198.000000000000,5905.000000000001,
158125,1,5200.000000000000,5920.000000000000,
158136,1,2209.005000000000,2421.005000000000,
158144,1,1631.005000000000,1800.005000000000,
158146,1,2101.005000000000,2450.005000000000,
158147,1,1993.005000000000,2180.005000000000,
158148,1,3057.004999999999,3470.005000000000,
158149,1,4681.004999999999,5076.005000000001,
158150,1,4699.005000000000,5024.004999999999,
158159,1,3233.005000000000,3534.005000000000,
158160,1,3414.005000000000,3674.005000000000,
158178,1,1285.000000000000,1448.000000000000,
158208,1,1808.000000000000,1911.000000000000,
158384,1,1910.000000000000,2000.000000000000,
158384,1,1920.000000000000,2000.000000000000,
158387,1,1559.000000000000,1972.000000000000,
158387,1,1560.000000000000,1980.000000000000,
158389,1,2179.000000000000,2787.000000000000,
158389,1,2180.000000000000,2800.000000000000,
158398,1,4031.000000000000,4226.000000000000,
158425,1,1239.000000000000,1375.000000000000,
158425,1,1240.000000000000,1380.000000000000,
158514,1,1785.000000000000,3987.000000000000,
158514,1,1800.000000000000,4000.000000000000,
158515,1,2304.000000000000,3987.000000000000,
158515,1,2320.000000000000,4000.000000000000,
158517,1,2782.000000000000,3985.000000000000,
158517,1,2800.000000000000,4000.000000000000,
158520,1,2055.000000000000,3982.000000000000,
158520,1,2060.000000000000,4000.000000000000,
158521,1,2099.000000000000,2259.000000000000,
158521,1,2100.000000000000,2260.000000000000,
158522,1,2715.000000000000,2814.000000000000,
158522,1,2720.000000000000,2820.000000000000,
158588,1,3234.000000000000,4437.000000000000,
158588,1,3240.000000000000,4440.000000000000,
158589,1,2162.000000000000,2280.000000000000,
158589,1,2180.000000000000,2280.000000000000,
158590,1,2153.000000000000,2394.000000000000,
158590,1,2160.000000000000,2400.000000000000,
158591,1,2101.000000000000,2832.000000000000,
158591,1,2120.000000000000,2840.000000000000,
158594,1,2172.000000000000,3901.000000000000,
158594,1,2180.000000000000,3920.000000000000,
158595,1,2089.000000000000,2592.000000000000,
158595,1,2100.000000000000,2600.000000000000,
158596,1,2148.000000000000,2817.000000000000,
158596,1,2160.000000000000,2820.000000000000,
158597,1,2893.000000000000,4923.000000000001,
158597,1,2900.000000000000,4940.000000000000,
158598,1,2180.000000000000,4238.000000000000,
158598,1,2180.000000000000,4240.000000000000,
158600,1,2133.000000000000,4617.000000000000,
158600,1,2140.000000000000,4620.000000000000,
158601,1,2636.000000000000,3647.000000000000,
158601,1,2640.000000000000,3660.000000000000,
158602,1,2138.000000000000,3236.000000000000,
158602,1,2140.000000000000,3240.000000000000,
158603,1,2152.000000000000,2279.000000000000,
158603,1,2160.000000000000,2280.000000000000,
158604,1,2355.000000000000,4158.999999999999,
158604,1,2360.000000000000,4160.000000000000,
158607,1,2908.000000000000,4382.000000000000,
158607,1,2920.000000000000,4400.000000000000,
158612,1,3033.000000000000,3585.000000000000,
158612,1,3040.000000000000,3600.000000000000,
158614,1,2636.000000000000,2870.000000000000,
158614,1,2640.000000000000,2880.000000000000,
158615,1,3922.000000000000,4649.000000000000,
158615,1,3940.000000000000,4660.000000000000,
158623,1,4985.000000000000,5215.000000000000,
158623,1,5000.000000000000,5220.000000000000,
158632,1,2939.000000000000,4038.000000000001,
158632,1,2940.000000000000,4040.000000000000,
158635,1,2737.000000000000,3962.000000000000,
158635,1,2740.000000000000,3980.000000000000,
158637,1,3501.000000000000,3973.000000000000,
158637,1,3520.000000000000,3980.000000000000,
158658,1,4320.000000000000,4540.000000000000,
158658,1,4320.000000000001,4523.000000000000,
158659,1,4101.000000000000,4243.000000000001,
158659,1,4120.000000000000,4260.000000000000,
158660,1,4553.000000000000,4995.000000000000,
158660,1,4560.000000000000,5000.000000000000,
158661,1,2625.000000000000,3241.000000000000,
158661,1,2640.000000000000,3260.000000000000,
158673,1,4203.999999999999,4387.000000000001,
158673,1,4220.000000000000,4400.000000000000,
158674,1,4017.000000000000,4235.000000000000,
158674,1,4020.000000000000,4240.000000000000,
158676,1,3470.000000000000,3725.000000000000,
158676,1,3480.000000000000,3740.000000000000,
158677,1,3489.000000000000,3791.000000000000,
158677,1,3500.000000000000,3800.000000000000,
158777,1,1451.000000000000,1556.000000000000,
158820,1,1853.000000000000,2418.000000000000,
158821,1,1333.000000000000,1397.000000000000,
158822,1,2008.000000000000,2175.000000000000,
158823,1,4442.000000000000,4530.000000000001,
158826,1,1446.000000000000,1604.000000000000,
158896,1,2137.000000000000,3341.000000000000,
158896,1,2140.000000000000,3360.000000000000,
158897,1,2143.000000000000,3232.000000000000,
158897,1,2160.000000000000,3240.000000000000,
158898,1,2642.000000000000,3683.000000000000,
158898,1,2660.000000000000,3700.000000000000,
158900,1,3275.000000000000,4273.000000000000,
158900,1,3280.000000000000,4280.000000000000,
158901,1,3727.000000000000,4455.000000000001,
158901,1,3740.000000000000,4460.000000000000,
158902,1,2201.000000000000,2662.000000000000,
158902,1,2220.000000000000,2680.000000000000,
158903,1,2283.000000000000,3053.000000000000,
158903,1,2300.000000000000,3060.000000000000,
158904,1,2285.000000000000,3055.000000000000,
158904,1,2300.000000000000,3060.000000000000,
158905,1,2872.000000000000,3331.000000000000,
158905,1,2880.000000000000,3340.000000000000,
158910,1,4068.000000000000,4591.000000000000,
158913,1,2998.000000000000,3494.000000000000,
158913,1,3000.000000000000,3500.000000000000,
158915,1,3565.000000000000,3919.000000000000,
158915,1,3580.000000000000,3920.000000000000,
158916,1,2847.000000000000,4839.000000000001,
158916,1,2860.000000000000,4840.000000000000,
158917,1,4241.000000000000,4485.999999999999,
158917,1,4260.000000000000,4500.000000000000,
158918,1,2588.000000000000,3448.000000000000,
158918,1,2600.000000000000,3460.000000000000,
158919,1,2496.000000000000,3914.000000000000,
158919,1,2500.000000000000,3920.000000000000,
158920,1,2537.000000000000,3043.000000000000,
158920,1,2540.000000000000,3060.000000000000,
158921,1,2642.000000000000,2856.000000000000,
158921,1,2660.000000000000,2860.000000000000,
158922,1,3174.000000000000,3460.000000000000,
158922,1,3180.000000000000,3460.000000000000,
158925,1,2331.000000000000,3423.000000000000,
158925,1,2340.000000000000,3440.000000000000,
158938,1,2760.000000000000,2880.000000000000,
158938,1,2760.000000000000,2862.000000000000,
158967,1,3351.000000000000,3631.000000000000,
158967,1,3360.000000000000,3640.000000000000,
158968,1,3675.000000000000,3940.000000000000,
158968,1,3680.000000000000,3940.000000000000,
158969,1,3084.000000000000,3256.000000000000,
158969,1,3100.000000000000,3260.000000000000,
158970,1,2837.000000000000,3396.000000000000,
158970,1,2840.000000000000,3400.000000000000,
158971,1,3241.000000000000,3400.000000000000,
158971,1,3260.000000000000,3400.000000000000,
158973,1,4408.000000000000,4984.000000000001,
158973,1,4420.000000000000,5000.000000000000,
158974,1,2820.000000000000,3021.000000000000,
158974,1,2820.000000000000,3040.000000000000,
158976,1,2907.000000000000,3603.000000000000,
158976,1,2920.000000000000,3620.000000000000,
158977,1,3103.000000000000,3199.000000000000,
158977,1,3120.000000000000,3200.000000000000,
158981,1,2682.000000000000,3290.000000000000,
158981,1,2700.000000000000,3300.000000000000,
158987,1,2656.000000000000,3010.000000000000,
158987,1,2660.000000000000,3020.000000000000,
158988,1,3108.000000000000,3637.000000000000,
158988,1,3120.000000000000,3640.000000000000,
158989,1,2910.000000000000,3352.000000000000,
158989,1,2920.000000000000,3360.000000000000,
158990,1,2679.000000000000,2990.000000000000,
158990,1,2680.000000000000,3000.000000000000,
158992,1,2742.000000000000,3154.000000000000,
158992,1,2760.000000000000,3160.000000000000,
158994,1,3327.000000000000,3644.000000000000,
158994,1,3340.000000000000,3660.000000000000,
158995,1,4570.000000000001,4794.000000000001,
158995,1,4580.000000000000,4800.000000000000,
158996,1,4319.000000000000,4773.000000000000,
158996,1,4320.000000000000,4780.000000000000,
158997,1,4533.999999999999,4981.000000000000,
158997,1,4540.000000000000,5000.000000000000,
158998,1,2854.000000000000,3859.000000000000,
158998,1,2860.000000000000,3860.000000000000,
158999,1,2837.000000000000,3157.000000000000,
158999,1,2840.000000000000,3160.000000000000,
159000,1,2734.000000000000,3789.000000000000,
159000,1,2740.000000000000,3800.000000000000,
159001,1,2904.000000000000,3225.000000000000,
159001,1,2920.000000000000,3240.000000000000,
159003,1,2807.000000000000,3159.000000000000,
159003,1,2820.000000000000,3160.000000000000,
159004,1,2837.000000000000,3405.000000000000,
159004,1,2840.000000000000,3420.000000000000,
159025,1,2459.000000000000,2901.000000000000,
159025,1,2460.000000000000,2920.000000000000,
159145,1,2183.005000000000,2291.005000000000,
159152,1,1891.004999999999,2775.005000000000,
159152,1,1900.000000000000,2780.000000000000,
159156,1,2902.005000000000,3430.005000000000,
159157,1,2744.005000000000,2950.005000000000,
159185,1,3820.005000000000,4641.005000000000,
159186,1,2617.005000000000,3191.005000000000,
159212,1,1688.005000000000,3558.005000000000,
159212,1,1700.000000000000,3560.000000000000,
159216,1,3700.000000000000,4980.000000000000,
159216,1,3700.005000000000,4976.005000000000,
159216,1,5031.005000000000,5092.005000000000,
159216,1,5040.000000000000,5100.000000000000,
159217,1,3100.000000000000,4140.000000000000,
159217,1,3100.005000000000,4129.005000000000,
159217,1,4268.005000000000,4460.005000000000,
159217,1,4280.000000000000,4460.000000000000,
159220,1,2947.005000000000,3466.005000000000,
159220,1,2960.000000000000,3480.000000000000,
159220,1,4502.005000000000,4576.005000000000,
159220,1,4520.000000000000,4580.000000000000,
159221,1,3222.005000000000,4101.005000000000,
159221,1,3240.000000000000,4120.000000000000,
159223,1,3519.005000000000,4083.005000000000,
159223,1,3520.000000000000,4100.000000000000,
159224,1,3519.005000000000,4126.005000000000,
159224,1,3520.000000000000,4140.000000000000,
159225,1,4167.005000000000,5029.004999999999,
159225,1,4180.000000000000,5040.000000000000,
159227,1,3025.005000000000,3603.005000000000,
159227,1,3040.000000000000,3620.000000000000,
159228,1,2806.005000000000,3551.005000000000,
159228,1,2820.000000000000,3560.000000000000,
159229,1,2157.005000000000,2366.005000000000,
159229,1,2160.000000000000,2380.000000000000,
159230,1,3781.005000000000,4097.005000000000,
159230,1,3800.000000000000,4100.000000000000,
159262,1,2828.005000000000,3111.005000000000,
159262,1,2840.000000000000,3120.000000000000,
159263,1,3095.005000000000,3713.005000000000,
159263,1,3100.000000000000,3720.000000000000,
159264,1,2918.005000000000,3350.005000000000,
159264,1,2920.000000000000,3360.000000000000,
159265,1,3069.005000000000,3614.005000000000,
159265,1,3080.000000000000,3620.000000000000,
159266,1,3017.005000000000,3823.005000000000,
159266,1,3020.000000000000,3840.000000000000,
159267,1,2945.005000000000,3489.005000000000,
159267,1,2960.000000000000,3500.000000000000,
159268,1,2768.005000000000,3411.005000000000,
159268,1,2780.000000000000,3420.000000000000,
159271,1,2327.005000000000,3065.005000000000,
159271,1,2340.000000000000,3080.000000000000,
159272,1,2331.005000000000,2968.005000000000,
159272,1,2340.000000000000,2980.000000000000,
159273,1,2489.005000000000,2665.005000000000,
159273,1,2500.000000000000,2680.000000000000,
159275,1,2415.005000000000,2832.005000000000,
159275,1,2420.000000000000,2840.000000000000,
159276,1,2511.005000000000,3013.005000000000,
159276,1,2520.000000000000,3020.000000000000,
159277,1,2885.005000000000,3233.005000000000,
159277,1,2900.000000000000,3240.000000000000,
159283,1,2930.005000000000,3445.005000000000,
159283,1,2940.000000000000,3460.000000000000,
159287,1,3404.005000000000,4530.005000000000,
159287,1,3420.000000000000,4540.000000000000,
159295,1,2988.005000000000,4104.004999999999,
159295,1,3000.000000000000,4120.000000000000,
159308,1,2539.005000000000,3722.005000000000,
159308,1,2540.000000000000,3740.000000000000,
159311,1,4506.005000000000,4933.004999999999,
159311,1,4520.000000000000,4940.000000000000,
159315,1,3323.005000000000,3959.005000000000,
159315,1,3340.000000000000,3960.000000000000,
159319,1,2611.005000000000,3418.005000000000,
159319,1,2620.000000000000,3420.000000000000,
159329,1,4959.005000000001,5245.005000000000,
159329,1,4960.000000000000,5260.000000000000,
159331,1,3220.000000000000,3580.000000000000,
159331,1,3220.005000000000,3574.005000000000,
159333,1,4530.005000000000,4729.005000000000,
159333,1,4540.000000000000,4740.000000000000,
159334,1,3744.005000000000,3935.005000000000,
159334,1,3760.000000000000,3940.000000000000,
159335,1,3209.005000000000,3720.005000000000,
159335,1,3220.000000000000,3720.000000000000,
159344,1,3829.005000000000,4040.005000000001,
159344,1,3840.000000000000,4040.000000000000,
159380,1,3199.005000000000,3450.005000000000,
159380,1,3200.000000000000,3460.000000000000,
159383,1,3094.005000000000,3488.005000000000,
159383,1,3100.000000000000,3500.000000000000,
159405,1,2303.005000000000,2571.005000000000,
159405,1,2320.000000000000,2580.000000000000,
159420,1,1868.005000000000,2111.005000000000,
159420,1,1880.000000000000,2120.000000000000,
159423,1,1533.005000000000,1961.005000000000,
159423,1,1540.000000000000,1980.000000000000,
159424,1,1677.005000000000,2038.005000000000,
159424,1,1680.000000000000,2040.000000000000,
159425,1,1686.004999999999,2012.005000000000,
159425,1,1700.000000000000,2020.000000000000,
159426,1,1691.005000000000,2193.005000000000,
159426,1,1700.000000000000,2200.000000000000,
159427,1,1616.005000000000,2028.005000000000,
159427,1,1620.000000000000,2040.000000000000,
159428,1,1569.004999999999,1964.005000000000,
159428,1,1580.000000000000,1980.000000000000,
159429,1,1783.005000000000,2241.005000000000,
159429,1,1800.000000000000,2260.000000000000,
159430,1,1953.005000000000,2180.005000000000,
159430,1,1960.000000000000,2180.000000000000,
159433,1,1753.005000000000,2076.005000000000,
159433,1,1760.000000000000,2080.000000000000,
159434,1,5353.004999999999,5596.004999999999,
159434,1,5360.000000000000,5600.000000000000,
159435,1,6033.005000000001,6222.005000000001,
159436,1,1883.004999999999,2039.005000000000,
159436,1,1900.000000000000,2040.000000000000,
159438,1,3818.005000000000,3924.005000000000,
159438,1,3820.000000000000,3940.000000000000,
159440,1,3602.005000000000,4529.005000000000,
159440,1,3620.000000000000,4540.000000000000,
159441,1,3204.005000000000,3810.005000000000,
159441,1,3220.000000000000,3820.000000000000,
159443,1,5360.000000000000,5520.000000000000,
159443,1,5360.005000000001,5516.004999999999,
159447,1,4722.005000000000,5156.005000000000,
159447,1,4740.000000000000,5160.000000000000,
159448,1,2835.005000000000,4027.005000000000,
159448,1,2840.000000000000,4040.000000000000,
159450,1,2723.005000000000,3741.005000000000,
159450,1,2740.000000000000,3760.000000000000,
159455,1,3528.005000000000,4035.005000000000,
159455,1,3540.000000000000,4040.000000000000,
159460,1,1880.000000000000,2580.000000000000,
159460,1,1880.005000000000,2572.005000000000,
159461,1,2274.005000000000,4160.004999999999,
159461,1,2280.000000000000,4160.000000000000,
159462,1,2537.005000000000,3194.005000000000,
159462,1,2540.000000000000,3200.000000000000,
159463,1,2042.005000000000,2740.005000000000,
159463,1,2060.000000000000,2740.000000000000,
159464,1,2188.005000000000,4656.005000000000,
159464,1,2200.000000000000,4660.000000000000,
159465,1,1982.005000000000,2150.005000000000,
159466,1,1641.004999999999,2137.005000000000,
159466,1,1660.000000000000,2140.000000000000,
159467,1,1856.005000000000,4432.005000000000,
159467,1,1860.000000000000,4440.000000000000,
159468,1,3224.005000000000,4126.005000000000,
159468,1,3240.000000000000,4140.000000000000,
159475,1,2933.005000000000,3359.005000000001,
159475,1,2940.000000000000,3360.000000000000,
159476,1,2860.000000000000,3240.000000000000,
159476,1,2860.005000000000,3239.005000000000,
159537,1,4626.005000000001,4849.005000000000,
159540,1,4609.004999999999,4758.005000000000,
159542,1,3818.005000000000,4872.004999999999,
159544,1,4183.005000000000,5287.005000000000,
159545,1,4046.005000000000,4901.004999999999,
159546,1,3658.005000000000,4352.005000000000,
159550,1,2271.005000000000,2579.005000000000,
159551,1,4025.004999999999,5102.005000000000,
159552,1,4196.005000000000,4503.004999999999,
159553,1,4164.005000000000,4707.005000000000,
159553,1,4180.000000000000,4720.000000000000,
159554,1,4632.005000000001,4764.005000000001,
159554,1,4640.000000000000,4780.000000000000,
159556,1,4551.004999999999,4840.004999999999,
159556,1,4560.000000000000,4840.000000000000,
159557,1,4127.005000000000,4499.005000000000,
159557,1,4140.000000000000,4500.000000000000,
159558,1,4576.005000000000,4860.005000000001,
159558,1,4580.000000000000,4860.000000000000,
159561,1,1780.000000000000,1960.000000000000,
159561,1,1780.005000000000,1947.005000000000,
159563,1,3816.005000000000,4010.005000000001,
159563,1,3820.000000000000,4020.000000000000,
159564,1,3805.005000000000,4087.005000000001,
159564,1,3820.000000000000,4100.000000000000,
159566,1,3588.005000000001,4163.005000000000,
159566,1,3600.000000000000,4180.000000000000,
159585,1,4509.005000000000,4559.005000000000,
159586,1,3644.005000000000,3872.005000000000,
159586,1,3660.000000000000,3880.000000000000,
159588,1,4482.005000000001,4588.005000000000,
159588,1,4500.000000000000,4600.000000000000,
159595,1,3492.005000000001,3606.005000000000,
159595,1,3500.000000000000,3620.000000000000,
159615,1,2131.005000000000,2310.005000000000,
159615,1,2140.000000000000,2320.000000000000,
159652,1,2890.000000000000,3152.000000000000,
159657,1,2362.000000000000,5077.000000000000,
159663,1,1325.000000000000,5077.000000000000,
159664,1,1279.000000000000,5077.000000000000,
159666,1,1263.000000000000,5077.000000000000,
159712,1,260.000000000000,400.000000000000,
159712,1,1355.000000000000,1496.000000000000,
159736,1,400.000000000000,3160.000000000000,
159736,1,1495.000000000000,4246.000000000001,
159737,1,160.000000000000,3220.000000000000,
159737,1,1242.000000000000,4318.000000000000,
159739,1,620.000000000000,2280.000000000000,
159739,1,1713.000000000000,3378.000000000000,
159741,1,1200.000000000000,3000.000000000000,
159741,1,2283.000000000000,4097.000000000000,
159742,1,1120.000000000000,1340.000000000000,
159742,1,2219.000000000000,2425.000000000000,
159764,1,3300.000000000000,3382.000000000000,
159782,1,3035.000000000000,3229.000000000000,
159818,1,5317.000000000001,5572.000000000000,
159821,1,3741.000000000000,3794.000000000000,
160004,1,1747.000000000000,3203.000000000000,
160004,1,1760.000000000000,3220.000000000000,
160006,1,2004.000000000000,5248.000000000001,
160006,1,2020.000000000000,5260.000000000000,
160012,1,3666.000000000000,4256.000000000001,
160013,1,1790.000000000000,2974.000000000000,
160013,1,1800.000000000000,2980.000000000000,
160014,1,2040.000000000000,2681.000000000000,
160014,1,2040.000000000000,2700.000000000000,
160017,1,4521.000000000001,4675.000000000000,
160017,1,4540.000000000000,4680.000000000000,
160018,1,1635.000000000000,1952.000000000000,
160018,1,1640.000000000000,1960.000000000000,
160023,1,2479.000000000000,2582.000000000000,
160023,1,2480.000000000000,2600.000000000000,
160025,1,2586.000000000000,2884.000000000000,
160025,1,2600.000000000000,2900.000000000000,
160026,1,2975.000000000000,3552.000000000000,
160026,1,2980.000000000000,3560.000000000000,
160027,1,3321.000000000000,3665.000000000000,
160027,1,3340.000000000000,3680.000000000000,
160028,1,3067.000000000000,3463.000000000000,
160028,1,3080.000000000000,3480.000000000000,
160029,1,3181.000000000000,3574.000000000000,
160029,1,3200.000000000000,3580.000000000000,
160030,1,3338.000000000000,3800.000000000000,
160030,1,3340.000000000000,3800.000000000000,
160031,1,3834.000000000000,4561.000000000001,
160031,1,3840.000000000000,4580.000000000000,
160032,1,3951.000000000000,4106.000000000000,
160032,1,3960.000000000000,4120.000000000000,
160037,1,3999.000000000000,4464.000000000000,
160037,1,4000.000000000000,4480.000000000000,
160038,1,3882.000000000000,4495.000000000001,
160038,1,3900.000000000000,4500.000000000000,
160041,1,1727.000000000000,2777.000000000000,
160041,1,1740.000000000000,2780.000000000000,
160045,1,3781.000000000000,3983.000000000000,
160045,1,3800.000000000000,4000.000000000000,
160047,1,3858.000000000000,4176.000000000001,
160047,1,3860.000000000000,4180.000000000000,
160056,1,2369.000000000000,2481.000000000000,
160056,1,2380.000000000000,2500.000000000000,
160058,1,4006.000000000000,4197.000000000001,
160058,1,4020.000000000000,4200.000000000000,
160060,1,3951.000000000000,4225.000000000000,
160060,1,3960.000000000000,4240.000000000000,
160061,1,3904.000000000000,4082.000000000001,
160061,1,3920.000000000000,4100.000000000000,
160062,1,3440.000000000000,3760.000000000000,
160062,1,3440.000000000000,3751.000000000000,
160063,1,3341.000000000000,3629.000000000000,
160063,1,3360.000000000000,3640.000000000000,
160064,1,3136.000000000000,3546.000000000000,
160064,1,3140.000000000000,3560.000000000000,
160066,1,1898.000000000000,2449.000000000000,
160066,1,1900.000000000000,2460.000000000000,
160067,1,2006.000000000000,2568.000000000000,
160067,1,2020.000000000000,2580.000000000000,
160068,1,3567.000000000000,3976.000000000000,
160068,1,3580.000000000000,3980.000000000000,
160069,1,3447.000000000000,3883.000000000000,
160069,1,3460.000000000000,3900.000000000000,
160070,1,3647.000000000000,3875.000000000000,
160070,1,3660.000000000000,3880.000000000000,
160073,1,3652.000000000000,3792.000000000000,
160073,1,3660.000000000000,3800.000000000000,
160074,1,3372.000000000000,3565.000000000000,
160074,1,3380.000000000000,3580.000000000000,
160076,1,3393.000000000000,3572.000000000000,
160076,1,3400.000000000000,3580.000000000000,
160078,1,3530.000000000000,3697.000000000000,
160078,1,3540.000000000000,3700.000000000000,
160079,1,3551.000000000000,3705.000000000000,
160079,1,3560.000000000000,3720.000000000000,
160081,1,3382.000000000000,3591.000000000000,
160081,1,3400.000000000000,3600.000000000000,
160084,1,2570.000000000000,2736.000000000000,
160084,1,2580.000000000000,2740.000000000000,
160086,1,2734.000000000000,2960.000000000000,
160086,1,2740.000000000000,2960.000000000000,
160087,1,2733.000000000000,2968.000000000000,
160087,1,2740.000000000000,2980.000000000000,
160095,1,3698.000000000000,3809.000000000000,
160095,1,3700.000000000000,3820.000000000000,
160109,1,2558.000000000000,2624.000000000000,
160109,1,2560.000000000000,2640.000000000000,
160111,1,2019.000000000000,2128.000000000000,
160111,1,2020.000000000000,2140.000000000000,
160112,1,3563.000000000000,3923.000000000000,
160112,1,3580.000000000000,3940.000000000000,
160113,1,2479.000000000000,2593.000000000000,
160113,1,2480.000000000000,2600.000000000000,
160114,1,2165.000000000000,3646.000000000000,
160114,1,2180.000000000000,3660.000000000000,
160115,1,2207.000000000000,2869.000000000000,
160115,1,2220.000000000000,2880.000000000000,
160116,1,3105.000000000000,3211.000000000000,
160116,1,3120.000000000000,3220.000000000000,
160118,1,1938.000000000000,2027.000000000000,
160118,1,1940.000000000000,2040.000000000000,
160119,1,2183.000000000000,2385.000000000000,
160119,1,2200.000000000000,2400.000000000000,
160121,1,2327.000000000000,2928.000000000000,
160121,1,2340.000000000000,2940.000000000000,
160122,1,2129.000000000000,2537.000000000000,
160122,1,2140.000000000000,2540.000000000000,
160125,1,2508.000000000000,2610.000000000000,
160125,1,2520.000000000000,2620.000000000000,
160126,1,2335.000000000000,2506.000000000000,
160126,1,2340.000000000000,2520.000000000000,
160127,1,2470.000000000000,4869.000000000000,
160127,1,2480.000000000000,4880.000000000000,
160138,1,2091.000000000000,4134.000000000000,
160138,1,2100.000000000000,4140.000000000000,
160139,1,2382.000000000000,4474.000000000001,
160139,1,2400.000000000000,4480.000000000000,
160141,1,2096.000000000000,2235.000000000000,
160141,1,2100.000000000000,2240.000000000000,
160142,1,1808.000000000000,1877.000000000000,
160142,1,1820.000000000000,1880.000000000000,
160145,1,3079.000000000000,3166.000000000000,
160145,1,3080.000000000000,3180.000000000000,
160146,1,2387.000000000000,2630.000000000000,
160146,1,2400.000000000000,2640.000000000000,
160150,1,1846.000000000000,1969.000000000000,
160150,1,1860.000000000000,1980.000000000000,
160154,1,2677.000000000000,4399.000000000001,
160154,1,2680.000000000000,4400.000000000000,
160155,1,2235.000000000000,3125.000000000000,
160155,1,2240.000000000000,3140.000000000000,
160156,1,2270.000000000000,3205.000000000000,
160156,1,2280.000000000000,3220.000000000000,
160157,1,2451.000000000000,3284.000000000000,
160157,1,2460.000000000000,3300.000000000000,
160159,1,2791.000000000000,2960.000000000000,
160159,1,2800.000000000000,2960.000000000000,
160161,1,3138.000000000000,3212.000000000000,
160161,1,3140.000000000000,3220.000000000000,
160162,1,3184.000000000000,3283.000000000000,
160162,1,3200.000000000000,3300.000000000000,
160163,1,5087.000000000000,5238.000000000000,
160163,1,5100.000000000000,5240.000000000000,
160164,1,3144.000000000000,3538.000000000000,
160164,1,3160.000000000000,3540.000000000000,
160166,1,4176.000000000001,4253.000000000001,
160166,1,4180.000000000000,4260.000000000000,
160170,1,3929.000000000000,4553.000000000001,
160170,1,3940.000000000000,4560.000000000000,
160172,1,3043.000000000000,3452.000000000000,
160172,1,3060.000000000000,3460.000000000000,
160186,1,3771.000000000000,3858.000000000000,
160186,1,3780.000000000000,3860.000000000000,
160189,1,3699.000000000000,3771.000000000000,
160189,1,3700.000000000000,3780.000000000000,
160192,1,3795.000000000000,3848.000000000000,
160199,1,3765.000000000000,3856.000000000000,
160199,1,3780.000000000000,3860.000000000000,
160201,1,3796.000000000000,3852.000000000000,
160201,1,3800.000000000000,3860.000000000000,
160205,1,3634.000000000000,3685.000000000000,
160205,1,3640.000000000000,3700.000000000000,
160206,1,3629.000000000000,3728.000000000000,
160206,1,3640.000000000000,3740.000000000000,
160207,1,3194.000000000000,3260.000000000000,
160207,1,3200.000000000000,3260.000000000000,
160215,1,3379.000000000000,3458.000000000000,
160215,1,3380.000000000000,3460.000000000000,
160217,1,3677.000000000000,3735.000000000000,
160217,1,3680.000000000000,3740.000000000000,
160219,1,3647.000000000000,3710.000000000000,
160219,1,3660.000000000000,3720.000000000000,
160220,1,4267.000000000000,4343.000000000001,
160226,1,3105.000000000000,3184.000000000000,
160307,1,4780.000000000000,5020.000000000000,
160307,1,4780.005000000000,5011.005000000001,
160330,1,3930.005000000000,4586.005000000001,
160330,1,3940.000000000000,4600.000000000000,
160332,1,4118.005000000001,5177.005000000000,
160332,1,4120.000000000000,5180.000000000000,
160333,1,4701.005000000001,5372.005000000000,
160333,1,4720.000000000000,5380.000000000000,
160334,1,3447.005000000000,3944.005000000000,
160334,1,3460.000000000000,3960.000000000000,
160335,1,2774.005000000000,4584.005000000000,
160335,1,2780.000000000000,4600.000000000000,
160336,1,4203.005000000000,4255.004999999999,
160336,1,4220.000000000000,4260.000000000000,
160337,1,2586.005000000000,3195.005000000000,
160337,1,2600.000000000000,3200.000000000000,
160338,1,1745.005000000000,1936.005000000000,
160338,1,1760.000000000000,1940.000000000000,
160339,1,1446.005000000000,2311.005000000000,
160339,1,1460.000000000000,2320.000000000000,
160341,1,3779.005000000000,4247.005000000000,
160341,1,3780.000000000000,4260.000000000000,
160353,1,3726.005000000000,4445.005000000001,
160353,1,3740.000000000000,4460.000000000000,
160354,1,2461.005000000000,3394.005000000000,
160354,1,2480.000000000000,3400.000000000000,
160356,1,3388.005000000000,4587.005000000000,
160356,1,3400.000000000000,4600.000000000000,
160361,1,1613.004999999999,2425.005000000000,
160361,1,1620.000000000000,2440.000000000000,
160398,1,4221.005000000000,4720.005000000001,
160401,1,2410.005000000000,4433.005000000000,
160410,1,2147.005000000000,5448.005000000001,
160411,1,2411.005000000001,2778.005000000001,
160413,1,1862.005000000000,4983.005000000001,
160415,1,2159.005000000000,5529.005000000000,
160418,1,1859.005000000000,5524.005000000001,
160487,1,2146.005000000000,2331.005000000000,
160487,1,2160.000000000000,2340.000000000000,
160488,1,1883.005000000000,2025.005000000000,
160488,1,1900.000000000000,2040.000000000000,
160489,1,1748.005000000000,1868.005000000000,
160489,1,1760.000000000000,1880.000000000000,
160490,1,1958.005000000000,2224.005000000000,
160490,1,1960.000000000000,2240.000000000000,
160492,1,2034.005000000000,5235.005000000000,
160492,1,2040.000000000000,5240.000000000000,
160496,1,4060.000000000000,5500.000000000000,
160496,1,4060.005000000001,5498.005000000001,
160500,1,1942.005000000000,2419.005000000000,
160500,1,1960.000000000000,2420.000000000000,
160501,1,1886.005000000000,2022.005000000000,
160501,1,1900.000000000000,2040.000000000000,
160504,1,3397.005000000000,4529.005000000000,
160504,1,3400.000000000000,4540.000000000000,
160506,1,1840.000000000000,2020.000000000000,
160506,1,1840.005000000000,2015.004999999999,
160507,1,2784.005000000000,5662.005000000001,
160507,1,2800.000000000000,5680.000000000000,
160509,1,1809.005000000000,2012.004999999999,
160509,1,1820.000000000000,2020.000000000000,
160510,1,1903.004999999999,3301.005000000000,
160510,1,1920.000000000000,3320.000000000000,
160511,1,2323.005000000000,2530.005000000000,
160511,1,2340.000000000000,2540.000000000000,
160512,1,2773.005000000000,5415.005000000001,
160512,1,2780.000000000000,5420.000000000000,
160540,1,1690.005000000000,1979.005000000000,
160540,1,1700.000000000000,1980.000000000000,
160543,1,2036.004999999999,2432.005000000000,
160543,1,2040.000000000000,2440.000000000000,
160592,1,4732.005000000000,4989.005000000001,
160601,1,3452.005000000000,3609.005000000000,
160643,1,2512.005000000000,2678.004999999999,
160643,1,2520.000000000000,2680.000000000000,
160664,1,4074.005000000001,4292.005000000000,
160664,1,4080.000000000000,4300.000000000000,
160669,1,4181.004999999999,4988.005000000000,
160669,1,4200.000000000000,5000.000000000000,
160676,1,1952.004999999999,2394.005000000000,
160676,1,1960.000000000000,2400.000000000000,
160682,1,1472.005000000000,2137.005000000000,
160682,1,1480.000000000000,2140.000000000000,
160683,1,1249.005000000000,1357.005000000000,
160683,1,1260.000000000000,1360.000000000000,
160685,1,1497.005000000000,1709.005000000000,
160685,1,1500.000000000000,1720.000000000000,
160686,1,1227.005000000000,2418.005000000000,
160686,1,1240.000000000000,2420.000000000000,
160687,1,1797.005000000000,3413.005000000000,
160687,1,1800.000000000000,3420.000000000000,
160688,1,1735.005000000000,2625.005000000000,
160688,1,1740.000000000000,2640.000000000000,
160689,1,3168.005000000000,4002.005000000001,
160689,1,3180.000000000000,4020.000000000000,
160690,1,1795.005000000000,2472.005000000000,
160690,1,1800.000000000000,2480.000000000000,
160703,1,1160.000000000000,3700.000000000000,
160703,1,1160.005000000000,3698.005000000000,
160705,1,1812.005000000000,3926.005000000000,
160705,1,1820.000000000000,3940.000000000000,
160707,1,1886.005000000000,3870.005000000000,
160707,1,1900.000000000000,3880.000000000000,
160708,1,2511.005000000000,4388.005000000000,
160708,1,2520.000000000000,4400.000000000000,
160709,1,1488.005000000000,3401.005000000000,
160709,1,1500.000000000000,3420.000000000000,
160711,1,1795.005000000000,3520.005000000000,
160711,1,1800.000000000000,3520.000000000000,
160712,1,2382.005000000000,2681.005000000000,
160712,1,2400.000000000000,2700.000000000000,
160716,1,4391.005000000000,4670.005000000000,
160716,1,4400.000000000000,4680.000000000000,
160717,1,3918.005000000000,4358.005000000000,
160717,1,3920.000000000000,4360.000000000000,
160721,1,2519.005000000000,3925.005000000000,
160721,1,2520.000000000000,3940.000000000000,
160811,1,1373.005000000000,3905.005000000000,
160811,1,1380.000000000000,3920.000000000000,
160812,1,1403.004999999999,4130.005000000000,
160812,1,1420.000000000000,4140.000000000000,
160815,1,2279.000000000000,3863.000000000001,
160816,1,2677.000000000000,2907.000000000000,
160817,1,4579.000000000001,5014.000000000000,
160818,1,2057.000000000000,2290.000000000000,
160822,1,4780.000000000000,5734.000000000001,
160825,1,4887.000000000001,4971.000000000001,
160826,1,5547.000000000001,5749.000000000001,
160827,1,3118.000000000001,3196.000000000000,
160831,1,3880.000000000000,3977.000000000001,
160859,1,1896.005000000000,1969.005000000000,
160864,1,2580.005000000000,2814.005000000000,
160865,1,4834.005000000000,5056.004999999999,
160866,1,3556.005000000000,3735.005000000000,
160868,1,3343.005000000000,3653.005000000001,
160869,1,3899.005000000000,4214.005000000001,
160878,1,2440.005000000000,2580.005000000000,
160879,1,2890.005000000000,3063.005000000000,
160885,1,3383.005000000000,3567.005000000000,
160892,1,2391.005000000000,2574.005000000000,
160892,1,2400.000000000000,2580.000000000000,
160896,1,2334.005000000000,2532.005000000000,
160896,1,2340.000000000000,2540.000000000000,
160898,1,3027.005000000000,3234.005000000000,
160898,1,3040.000000000000,3240.000000000000,
160899,1,3115.005000000000,3308.005000000000,
160899,1,3120.000000000000,3320.000000000000,
160942,1,2091.005000000000,2225.005000000000,
160947,1,4002.005000000000,4296.005000000000,
160948,1,3129.005000000001,3587.005000000000,
160949,1,3627.005000000000,4044.005000000001,
160970,1,2640.000000000000,3000.000000000000,
160970,1,2640.005000000000,3000.005000000000,
160971,1,2206.005000000000,2897.005000000000,
160971,1,2220.000000000000,2900.000000000000,
160972,1,2628.005000000000,3107.005000000000,
160972,1,2640.000000000000,3120.000000000000,
160973,1,2753.005000000000,2995.005000000000,
160973,1,2760.000000000000,3000.000000000000,
160974,1,2706.005000000000,2992.005000000000,
160974,1,2720.000000000000,3000.000000000000,
161016,1,2628.000000000000,2817.000000000001,
161017,1,2366.000000000000,2602.000000000001,
161018,1,5104.000000000002,6097.000000000000,
161019,1,4885.000000000000,6097.000000000000,
161058,1,1526.000000000000,1875.000000000000,
161058,1,1540.000000000000,1880.000000000000,
161065,1,1494.000000000000,1856.000000000000,
161065,1,1500.000000000000,1860.000000000000,
161082,1,1290.000000000001,4480.000000000001,
161082,1,1300.000000000000,4480.000000000000,
161085,1,3737.000000000000,4953.000000000000,
161085,1,3740.000000000000,4960.000000000000,
161108,1,4044.000000000000,4153.000000000001,
161108,1,4060.000000000000,4160.000000000000,
161164,1,4367.000000000002,4697.000000000002,
161164,1,4380.000000000000,4700.000000000000,
161169,1,2455.000000000000,2779.000000000000,
161169,1,2460.000000000000,2780.000000000000,
161217,1,5933.000000000000,6055.000000000000,
161217,1,5940.000000000000,5980.000000000000,
161220,1,4113.000000000000,4360.000000000000,
161220,1,4120.000000000000,4360.000000000000,
161222,1,2571.000000000000,2688.000000000000,
161222,1,2580.000000000000,2700.000000000000,
161240,1,1736.000000000000,1896.000000000000,
161240,1,1740.000000000000,1900.000000000000,
161241,1,2064.000000000000,2321.000000000000,
161241,1,2080.000000000000,2340.000000000000,
161242,1,1724.000000000001,1889.000000000001,
161242,1,1740.000000000000,1900.000000000000,
161243,1,2378.000000000000,2706.000000000000,
161243,1,2380.000000000000,2720.000000000000,
161244,1,1757.000000000000,1927.000000000000,
161244,1,1760.000000000000,1940.000000000000,
161245,1,1961.000000000001,2201.000000000000,
161245,1,1980.000000000000,2220.000000000000,
161246,1,2629.000000000000,2931.000000000000,
161246,1,2640.000000000000,2940.000000000000,
161247,1,1652.000000000001,1824.000000000000,
161247,1,1660.000000000000,1840.000000000000,
161284,1,3976.000000000001,4477.000000000001,
161284,1,3980.000000000000,4480.000000000000,
161285,1,4349.000000000001,4614.000000000001,
161285,1,4360.000000000000,4620.000000000000,
161286,1,4205.000000000001,4625.000000000001,
161286,1,4220.000000000000,4640.000000000000,
161292,1,2558.000000000000,2688.000000000000,
161292,1,2560.000000000000,2700.000000000000,
161293,1,3309.000000000001,3719.000000000001,
161293,1,3320.000000000000,3720.000000000000,
161294,1,4322.000000000002,4774.000000000002,
161294,1,4340.000000000000,4780.000000000000,
161295,1,3802.000000000000,4188.000000000001,
161295,1,3820.000000000000,4200.000000000000,
161296,1,2986.000000000000,3305.000000000000,
161296,1,3000.000000000000,3320.000000000000,
161298,1,4176.000000000001,4499.000000000001,
161298,1,4180.000000000000,4500.000000000000,
161300,1,2932.000000000001,3325.000000000001,
161300,1,2940.000000000000,3340.000000000000,
161301,1,2629.000000000000,3014.000000000001,
161301,1,2640.000000000000,3020.000000000000,
161302,1,2758.000000000000,3128.000000000000,
161302,1,2760.000000000000,3140.000000000000,
161308,1,2386.000000000000,2487.000000000000,
161308,1,2400.000000000000,2500.000000000000,
161310,1,4423.000000000001,4593.000000000001,
161310,1,4440.000000000000,4600.000000000000,
161316,1,1033.000000000000,1428.000000000000,
161322,1,4878.000000000001,4980.000000000001,
161322,1,4880.000000000000,4980.000000000000,
161323,1,3119.000000000000,3238.000000000001,
161323,1,3120.000000000000,3240.000000000000,
161330,1,2233.000000000000,2288.000000000001,
161330,1,2240.000000000000,2300.000000000000,
161338,1,2880.000000000000,2940.000000000000,
161338,1,2880.000000000000,2934.000000000001,
161351,1,3519.000000000001,3947.000000000000,
161351,1,3520.000000000000,3960.000000000000,
161352,1,3804.000000000001,3985.000000000000,
161352,1,3820.000000000000,4000.000000000000,
161355,1,2870.000000000000,4348.000000000001,
161355,1,2880.000000000000,4360.000000000000,
161367,1,2038.000000000001,2189.000000000000,
161367,1,2040.000000000000,2200.000000000000,
161372,1,2077.000000000000,2137.000000000000,
161372,1,2080.000000000000,2140.000000000000,
161373,1,2077.000000000000,2162.000000000000,
161373,1,2080.000000000000,2180.000000000000,
161376,1,4770.000000000000,4900.000000000001,
161376,1,4780.000000000000,4900.000000000000,
161389,1,3470.000000000000,3881.000000000001,
161389,1,3480.000000000000,3900.000000000000,
161390,1,3649.000000000000,3889.000000000001,
161390,1,3660.000000000000,3900.000000000000,
161391,1,2244.000000000000,2704.000000000000,
161391,1,2260.000000000000,2720.000000000000,
161397,1,4528.000000000001,5365.000000000001,
161397,1,4540.000000000000,5380.000000000000,
161398,1,5565.000000000000,5960.000000000002,
161398,1,5580.000000000000,5960.000000000000,
161399,1,5586.000000000001,5940.000000000000,
161399,1,5600.000000000000,5940.000000000000,
161400,1,3448.000000000001,3527.000000000001,
161400,1,3460.000000000000,3540.000000000000,
161401,1,4697.000000000002,4980.000000000001,
161401,1,4700.000000000000,4980.000000000000,
161402,1,2978.000000000000,3818.000000000000,
161402,1,2980.000000000000,3820.000000000000,
161404,1,4163.000000000001,5807.000000000001,
161404,1,4180.000000000000,5820.000000000000,
161405,1,4709.000000000000,5931.000000000002,
161405,1,4720.000000000000,5940.000000000000,
161406,1,1960.000000000000,5980.000000000000,
161406,1,1960.000000000000,6097.000000000000,
161407,1,3903.000000000001,3986.000000000001,
161407,1,3920.000000000000,4000.000000000000,
161408,1,1940.000000000000,2487.000000000000,
161408,1,1940.000000000000,2500.000000000000,
161409,1,5601.000000000002,6097.000000000000,
161409,1,5620.000000000000,5980.000000000000,
161410,1,5595.000000000001,6097.000000000000,
161410,1,5600.000000000000,5980.000000000000,
161412,1,1787.000000000000,3175.000000000000,
161412,1,1800.000000000000,3180.000000000000,
161415,1,3191.000000000000,3774.000000000000,
161415,1,3200.000000000000,3780.000000000000,
161416,1,1828.000000000001,3526.000000000000,
161416,1,1840.000000000000,3540.000000000000,
161417,1,4111.000000000001,4810.000000000001,
161417,1,4120.000000000000,4820.000000000000,
161427,1,4461.000000000001,4599.000000000001,
161427,1,4480.000000000000,4600.000000000000,
161428,1,3231.000000000000,3406.000000000000,
161428,1,3240.000000000000,3420.000000000000,
161432,1,2765.000000000000,2951.000000000000,
161432,1,2780.000000000000,2960.000000000000,
161434,1,3388.000000000000,3706.000000000001,
161434,1,3400.000000000000,3720.000000000000,
161435,1,3102.000000000001,3605.000000000001,
161435,1,3120.000000000000,3620.000000000000,
161436,1,4529.000000000001,4914.000000000000,
161436,1,4540.000000000000,4920.000000000000,
161439,1,3644.005000000000,3958.005000000000,
161439,1,3660.000000000000,3960.000000000000,
161442,1,3128.005000000000,3453.005000000000,
161442,1,3140.000000000000,3460.000000000000,
161443,1,3128.005000000000,3418.005000000000,
161443,1,3140.000000000000,3420.000000000000,
161445,1,3410.005000000000,3766.005000000000,
161445,1,3420.000000000000,3780.000000000000,
161446,1,3250.005000000000,3868.005000000000,
161446,1,3260.000000000000,3880.000000000000,
161447,1,3476.005000000000,3649.005000000000,
161447,1,3480.000000000000,3660.000000000000,
161448,1,6313.005000000001,6546.005000000002,
161450,1,2466.005000000000,2529.005000000000,
161450,1,2480.000000000000,2540.000000000000,
161451,1,3536.005000000001,3592.005000000000,
161451,1,3540.000000000000,3600.000000000000,
161453,1,2558.005000000000,2632.005000000000,
161453,1,2560.000000000000,2640.000000000000,
161454,1,6734.005000000000,6881.005000000001,
161456,1,6700.005000000001,6852.005000000001,
161458,1,3539.005000000000,3735.005000000000,
161458,1,3540.000000000000,3740.000000000000,
161459,1,3445.005000000000,3591.005000000000,
161459,1,3460.000000000000,3600.000000000000,
161460,1,3549.005000000000,3647.005000000000,
161460,1,3560.000000000000,3660.000000000000,
161508,1,3889.005000000000,5320.005000000001,
161508,1,3900.000000000000,5320.000000000000,
161509,1,3142.005000000000,3948.005000000000,
161509,1,3160.000000000000,3960.000000000000,
161510,1,3185.005000000001,5153.005000000001,
161510,1,3200.000000000000,5160.000000000000,
161518,1,3186.005000000000,3988.005000000001,
161518,1,3200.000000000000,4000.000000000000,
161584,1,4662.004999999999,4887.005000000001,
161584,1,4680.000000000000,4900.000000000000,
161585,1,2365.005000000000,3135.005000000000,
161585,1,2380.000000000000,3140.000000000000,
161587,1,2208.005000000000,2861.005000000000,
161587,1,2220.000000000000,2880.000000000000,
161588,1,2003.005000000000,3050.005000000000,
161588,1,2020.000000000000,3060.000000000000,
161589,1,3155.005000000000,3450.005000000000,
161589,1,3160.000000000000,3460.000000000000,
161591,1,5313.005000000001,5558.005000000000,
161591,1,5320.000000000000,5560.000000000000,
161593,1,3887.005000000001,4398.005000000000,
161593,1,3900.000000000000,4400.000000000000,
161594,1,1796.005000000000,2618.005000000000,
161594,1,1800.000000000000,2620.000000000000,
161595,1,3305.005000000000,4064.005000000001,
161595,1,3320.000000000000,4080.000000000000,
161596,1,4392.005000000000,4673.005000000000,
161596,1,4400.000000000000,4680.000000000000,
161597,1,4400.000000000000,5000.000000000000,
161597,1,4400.005000000001,4991.005000000000,
161598,1,4473.004999999999,5237.005000000000,
161598,1,4480.000000000000,5240.000000000000,
161602,1,2873.005000000000,3202.005000000000,
161602,1,2880.000000000000,3220.000000000000,
161606,1,1892.005000000000,2681.005000000000,
161606,1,1900.000000000000,2700.000000000000,
161608,1,3552.005000000001,4188.004999999999,
161608,1,3560.000000000000,4200.000000000000,
161609,1,3741.005000000000,5327.005000000000,
161609,1,3760.000000000000,5340.000000000000,
161611,1,2984.005000000000,4210.004999999999,
161611,1,3000.000000000000,4220.000000000000,
161612,1,3532.005000000000,4454.004999999999,
161612,1,3540.000000000000,4460.000000000000,
161613,1,3598.005000000000,4792.005000000000,
161613,1,3600.000000000000,4800.000000000000,
161614,1,4897.005000000001,5628.005000000000,
161614,1,4900.000000000000,5640.000000000000,
161615,1,2958.005000000000,4068.005000000000,
161615,1,2960.000000000000,4080.000000000000,
162270,1,4917.005000000000,5130.004999999999,
162272,1,4988.005000000000,5858.005000000001,
162337,1,3513.005000000000,3665.005000000000,
162398,1,4071.005000000001,4503.005000000000,
162399,1,3725.005000000001,3859.005000000000,
162400,1,4980.005000000001,5076.005000000001,
162404,1,1268.005000000000,2343.005000000000,
162405,1,3242.005000000000,3529.005000000000,
162409,1,2629.005000000001,2877.005000000000,
162705,1,5170.005000000000,5439.005000000000,
162705,1,5180.000000000000,5440.000000000000,
162710,1,4782.005000000000,5417.005000000000,
162712,1,2668.005000000000,2983.005000000000,
162720,1,4236.004999999999,4415.004999999999,
162720,1,4240.000000000000,4420.000000000000,
162721,1,3699.005000000000,3890.005000000000,
162721,1,3700.000000000000,3900.000000000000,
162726,1,3848.005000000000,4059.005000000000,
162726,1,3860.000000000000,4060.000000000000,
162731,1,3668.005000000000,3806.005000000000,
162731,1,3680.000000000000,3820.000000000000,
162732,1,2309.005000000000,2505.005000000000,
162732,1,2320.000000000000,2520.000000000000,
162744,1,3123.192000000000,4331.191999999999,
162751,1,3220.000000000000,4040.000000000000,
162751,1,3474.192000000000,4300.192000000000,
162752,1,3680.000000000000,4040.000000000000,
162752,1,3929.192000000000,4284.192000000000,
162778,1,4260.000000000000,4560.000000000000,
162778,1,4260.005000000000,4560.005000000001,
162780,1,3205.005000000000,3430.005000000000,
162780,1,3220.000000000000,3440.000000000000,
162781,1,2355.005000000001,3573.005000000000,
162782,1,1969.005000000000,2883.005000000000,
162782,1,1980.000000000000,2900.000000000000,
162783,1,3171.005000000000,4002.005000000000,
162783,1,3180.000000000000,4020.000000000000,
162785,1,3172.005000000000,3511.005000000000,
162785,1,3180.000000000000,3520.000000000000,
162786,1,3736.005000000000,4204.004999999999,
162786,1,3740.000000000000,4220.000000000000,
162789,1,2357.005000000000,4937.005000000000,
162789,1,2360.000000000000,4940.000000000000,
162791,1,3533.005000000000,4331.005000000000,
162791,1,3540.000000000000,4340.000000000000,
162792,1,2165.005000000000,2522.005000000000,
162792,1,2180.000000000000,2540.000000000000,
162794,1,2127.005000000000,2566.005000000000,
162794,1,2140.000000000000,2580.000000000000,
162795,1,1794.004999999999,1976.005000000000,
162795,1,1800.000000000000,1980.000000000000,
162796,1,2026.005000000000,2313.005000000000,
162796,1,2040.000000000000,2320.000000000000,
162797,1,2385.005000000000,2877.005000000000,
162797,1,2400.000000000000,2880.000000000000,
162798,1,2420.000000000000,2640.000000000000,
162798,1,2420.005000000000,2622.005000000000,
162799,1,2275.005000000000,2536.005000000000,
162799,1,2280.000000000000,2540.000000000000,
162800,1,2493.005000000000,3223.005000000000,
162800,1,2500.000000000000,3240.000000000000,
162801,1,3503.005000000000,3953.005000000000,
162801,1,3520.000000000000,3960.000000000000,
162803,1,1858.005000000000,2069.005000000000,
162803,1,1860.000000000000,2080.000000000000,
162806,1,1986.005000000000,2046.005000000000,
162806,1,2000.000000000000,2060.000000000000,
162810,1,5479.005000000001,5621.005000000001,
162810,1,5480.000000000000,5640.000000000000,
162815,1,4794.005000000001,5708.005000000000,
162815,1,4800.000000000000,5720.000000000000,
162843,1,4041.005000000000,4102.005000000001,
162843,1,4060.000000000000,4120.000000000000,
162865,1,3021.005000000000,3636.005000000000,
162866,1,4871.005000000001,5523.005000000000,
162866,1,4880.000000000000,5540.000000000000,
162867,1,2611.005000000000,2948.005000000000,
162867,1,2620.000000000000,2960.000000000000,
162868,1,1579.005000000000,1747.005000000000,
162868,1,1580.000000000000,1760.000000000000,
162869,1,1949.005000000000,2328.005000000000,
162869,1,1960.000000000000,2340.000000000000,
162870,1,2158.005000000000,2416.005000000000,
162874,1,5017.005000000001,5536.005000000001,
162874,1,5020.000000000000,5540.000000000000,
162875,1,4681.005000000000,4833.005000000000,
162875,1,4700.000000000000,4840.000000000000,
162889,1,2219.005000000000,2793.005000000000,
162889,1,2220.000000000000,2800.000000000000,
162891,1,2405.005000000000,2847.005000000000,
162891,1,2420.000000000000,2860.000000000000,
162892,1,2462.005000000000,2778.005000000000,
162892,1,2480.000000000000,2780.000000000000,
162895,1,1549.005000000000,1728.005000000000,
162895,1,1560.000000000000,1740.000000000000,
162905,1,3720.000000000000,4040.000000000000,
162905,1,3720.005000000000,4029.005000000000,
162906,1,3602.005000000000,4262.005000000000,
162906,1,3620.000000000000,4280.000000000000,
162907,1,3961.005000000000,4446.005000000000,
162907,1,3980.000000000000,4460.000000000000,
162911,1,3021.005000000000,3663.005000000000,
162911,1,3040.000000000000,3680.000000000000,
162912,1,2624.005000000000,3045.005000000000,
162912,1,2640.000000000000,3060.000000000000,
162915,1,4287.005000000000,4850.005000000000,
162915,1,4300.000000000000,4860.000000000000,
162918,1,1819.005000000000,3312.005000000000,
162918,1,1820.000000000000,3320.000000000000,
162921,1,1743.005000000000,1946.005000000000,
162921,1,1760.000000000000,1960.000000000000,
162926,1,2597.005000000000,2844.005000000000,
162926,1,2600.000000000000,2860.000000000000,
162927,1,3376.005000000000,3558.005000000000,
162927,1,3380.000000000000,3560.000000000000,
162935,1,3068.000000000000,3311.000000000000,
162935,1,3080.000000000000,3320.000000000000,
162936,1,2164.000000000000,2359.000000000000,
162936,1,2180.000000000000,2360.000000000000,
162939,1,4584.000000000000,4748.000000000000,
162939,1,4600.000000000000,4760.000000000000,
162941,1,3043.000000000000,3339.000000000000,
162941,1,3060.000000000000,3340.000000000000,
162942,1,3381.000000000000,3644.000000000000,
162942,1,3400.000000000000,3660.000000000000,
162950,1,4022.000000000001,4215.000000000000,
162950,1,4040.000000000000,4220.000000000000,
162958,1,4078.000000000000,4282.000000000001,
162958,1,4080.000000000000,4300.000000000000,
162959,1,3717.000000000000,3919.000000000000,
162959,1,3720.000000000000,3920.000000000000,
162963,1,2621.000000000000,2720.000000000000,
162963,1,2640.000000000000,2720.000000000000,
162964,1,2797.000000000000,3002.000000000000,
162964,1,2800.000000000000,3020.000000000000,
162965,1,2877.000000000000,3072.000000000000,
162965,1,2880.000000000000,3080.000000000000,
162966,1,2630.000000000000,4312.999999999999,
162966,1,2640.000000000000,4320.000000000000,
162967,1,2345.000000000000,4042.000000000001,
162967,1,2360.000000000000,4060.000000000000,
162974,1,1806.000000000000,1927.000000000000,
162974,1,1820.000000000000,1940.000000000000,
162976,1,2250.000000000000,2444.000000000000,
162976,1,2260.000000000000,2460.000000000000,
162978,1,2198.000000000000,2501.000000000000,
162978,1,2200.000000000000,2520.000000000000,
162979,1,2572.000000000000,2775.000000000000,
162979,1,2580.000000000000,2780.000000000000,
162980,1,2323.000000000000,2542.000000000000,
162980,1,2340.000000000000,2560.000000000000,
162981,1,2486.000000000000,2655.000000000000,
162981,1,2500.000000000000,2660.000000000000,
162985,1,2233.000000000000,2478.000000000000,
162985,1,2240.000000000000,2480.000000000000,
162986,1,2343.000000000000,2485.000000000000,
162986,1,2360.000000000000,2500.000000000000,
162987,1,2412.000000000000,2673.000000000000,
162987,1,2420.000000000000,2680.000000000000,
162988,1,1924.000000000000,2089.000000000000,
162988,1,1940.000000000000,2100.000000000000,
162989,1,2736.000000000000,2944.000000000000,
162989,1,2740.000000000000,2960.000000000000,
162991,1,2061.000000000000,2500.000000000000,
162991,1,2080.000000000000,2500.000000000000,
162993,1,2159.000000000000,2488.000000000000,
162993,1,2160.000000000000,2500.000000000000,
162994,1,1889.000000000000,2127.000000000000,
162994,1,1900.000000000000,2140.000000000000,
162995,1,2132.000000000000,2499.000000000000,
162995,1,2140.000000000000,2500.000000000000,
162996,1,1744.000000000000,1941.000000000000,
162996,1,1760.000000000000,1960.000000000000,
162997,1,1654.000000000000,1993.000000000000,
162997,1,1660.000000000000,2000.000000000000,
162998,1,1760.000000000000,1940.000000000000,
162998,1,1760.000000000000,1932.000000000000,
163000,1,1483.000000000000,1742.000000000000,
163000,1,1500.000000000000,1760.000000000000,
163001,1,1517.000000000000,1826.000000000000,
163001,1,1520.000000000000,1840.000000000000,
163002,1,1626.000000000000,1815.000000000000,
163002,1,1640.000000000000,1820.000000000000,
163003,1,1669.000000000000,1848.000000000000,
163003,1,1680.000000000000,1860.000000000000,
163004,1,1664.000000000000,1898.000000000000,
163004,1,1680.000000000000,1900.000000000000,
163005,1,1648.000000000000,2000.000000000000,
163005,1,1660.000000000000,2000.000000000000,
163006,1,1635.000000000000,1816.000000000000,
163006,1,1640.000000000000,1820.000000000000,
163023,1,3588.005000000000,3689.005000000000,
163023,1,3600.000000000000,3700.000000000000,
163024,1,2886.005000000000,2997.005000000000,
163024,1,2900.000000000000,3000.000000000000,
163029,1,3646.005000000000,3822.005000000000,
163029,1,3660.000000000000,3840.000000000000,
163030,1,3399.005000000000,3600.005000000000,
163030,1,3400.000000000000,3600.000000000000,
163031,1,2690.005000000000,2918.005000000000,
163031,1,2700.000000000000,2920.000000000000,
163032,1,6288.005000000001,6454.005000000000,
163033,1,2638.005000000000,2962.005000000000,
163033,1,2640.000000000000,2980.000000000000,
163034,1,2407.005000000000,2618.005000000000,
163034,1,2420.000000000000,2620.000000000000,
163054,1,4106.005000000000,4215.005000000000,
163054,1,4120.000000000000,4220.000000000000,
163055,1,4234.005000000000,4406.005000000000,
163055,1,4240.000000000000,4420.000000000000,
163056,1,2086.005000000000,2311.005000000000,
163057,1,2205.005000000000,2481.005000000000,
163057,1,2220.000000000000,2500.000000000000,
163058,1,4321.005000000000,4395.005000000000,
163058,1,4340.000000000000,4400.000000000000,
163060,1,2440.000000000000,2720.000000000000,
163060,1,2440.005000000000,2707.005000000000,
163078,1,4060.000000000000,4760.000000000000,
163078,1,4060.005000000000,4747.005000000000,
163102,1,2499.005000000000,2847.005000000000,
163102,1,2500.000000000000,2860.000000000000,
163222,1,2904.005000000000,3360.005000000000,
163222,1,2920.000000000000,3360.000000000000,
163223,1,2925.005000000000,3247.005000000000,
163223,1,2940.000000000000,3260.000000000000,
163225,1,4987.005000000000,5271.004999999999,
163225,1,5000.000000000000,5280.000000000000,
163226,1,1490.004999999999,3454.005000000000,
163226,1,1500.000000000000,3460.000000000000,
163230,1,2930.005000000000,3142.004999999999,
163230,1,2940.000000000000,3160.000000000000,
163254,1,3026.005000000000,3325.005000000000,
163255,1,3206.005000000000,3601.005000000000,
163256,1,3592.005000000000,4090.005000000000,
163258,1,4246.004999999999,4547.004999999999,
163259,1,3738.005000000000,4211.005000000001,
163262,1,4118.005000000001,4589.005000000001,
163263,1,4207.004999999999,4609.005000000000,
163265,1,3580.005000000000,4014.005000000000,
163304,1,1691.005000000000,1886.005000000000,
163304,1,1700.000000000000,1900.000000000000,
163305,1,1762.004999999999,2258.005000000000,
163305,1,1780.000000000000,2260.000000000000,
163308,1,1865.005000000000,2014.005000000000,
163308,1,1880.000000000000,2020.000000000000,
163309,1,1863.004999999999,2440.004999999999,
163309,1,1880.000000000000,2440.000000000000,
163311,1,1681.005000000000,1974.005000000000,
163311,1,1700.000000000000,1980.000000000000,
163314,1,1674.004999999999,1929.004999999999,
163314,1,1680.000000000000,1940.000000000000,
163315,1,1769.005000000000,1987.005000000000,
163315,1,1780.000000000000,2000.000000000000,
163316,1,1696.005000000000,1962.005000000000,
163316,1,1700.000000000000,1980.000000000000,
163317,1,5772.004999999999,6035.004999999998,
163317,1,5780.000000000000,5980.000000000000,
163318,1,1764.004999999999,2028.004999999999,
163318,1,1780.000000000000,2040.000000000000,
163319,1,1681.005000000000,1884.004999999999,
163319,1,1700.000000000000,1900.000000000000,
163320,1,1669.004999999999,1916.004999999999,
163320,1,1680.000000000000,1920.000000000000,
163321,1,1630.005000000000,1900.004999999999,
163321,1,1640.000000000000,1900.000000000000,
163322,1,1689.005000000000,1987.005000000000,
163322,1,1700.000000000000,2000.000000000000,
163323,1,1637.004999999999,1899.005000000000,
163323,1,1640.000000000000,1900.000000000000,
163324,1,1630.005000000000,2034.005000000000,
163324,1,1640.000000000000,2040.000000000000,
163326,1,1685.004999999999,2098.005000000000,
163326,1,1700.000000000000,2100.000000000000,
163327,1,1683.005000000000,1896.005000000000,
163327,1,1700.000000000000,1900.000000000000,
163328,1,1638.005000000000,1841.005000000000,
163328,1,1640.000000000000,1860.000000000000,
163506,1,3932.000000000000,4066.000000000001,
163506,1,3940.000000000000,4080.000000000000,
163520,1,3817.000000000000,5044.000000000000,
163520,1,3820.000000000000,5060.000000000000,
163521,1,3753.000000000001,5062.000000000001,
163521,1,3760.000000000000,5080.000000000000,
163523,1,2865.000000000001,3015.000000000000,
163523,1,2880.000000000000,3020.000000000000,
163531,1,2264.000000000001,2824.000000000000,
163533,1,1365.000000000001,2443.000000000000,
163533,1,1380.000000000000,2460.000000000000,
163534,1,1864.000000000000,4363.000000000001,
163534,1,1880.000000000000,4380.000000000000,
163535,1,1611.000000000000,2814.000000000000,
163535,1,1620.000000000000,2820.000000000000,
163536,1,1472.000000000000,3359.000000000001,
163536,1,1480.000000000000,3360.000000000000,
163537,1,1828.000000000001,4293.000000000001,
163537,1,1840.000000000000,4300.000000000000,
163540,1,1748.000000000001,2943.000000000001,
163540,1,1760.000000000000,2960.000000000000,
163541,1,1968.000000000000,2809.000000000001,
163541,1,1980.000000000000,2820.000000000000,
163544,1,1651.000000000000,2764.000000000001,
163544,1,1660.000000000000,2780.000000000000,
163545,1,1617.000000000000,2631.000000000001,
163545,1,1620.000000000000,2640.000000000000,
163548,1,2213.000000000000,2296.000000000001,
163548,1,2220.000000000000,2300.000000000000,
163549,1,1598.000000000000,3172.000000000000,
163549,1,1600.000000000000,3180.000000000000,
163550,1,2167.000000000000,2259.000000000001,
163550,1,2180.000000000000,2260.000000000000,
163551,1,1586.000000000001,2392.000000000001,
163551,1,1600.000000000000,2400.000000000000,
163552,1,1604.000000000001,2731.000000000000,
163552,1,1620.000000000000,2740.000000000000,
163553,1,1902.000000000001,3241.000000000001,
163553,1,1920.000000000000,3260.000000000000,
163738,1,3176.000000000001,5379.000000000001,
163738,1,3180.000000000000,5380.000000000000,
163740,1,2963.000000000000,3407.000000000001,
163740,1,2980.000000000000,3420.000000000000,
163741,1,3067.000000000001,3592.000000000000,
163741,1,3080.000000000000,3600.000000000000,
163743,1,4171.000000000001,5387.000000000000,
163743,1,4180.000000000000,5400.000000000000,
163750,1,1136.000000000001,2855.000000000001,
163751,1,1404.000000000000,3185.000000000001,
163751,1,1420.000000000000,3200.000000000000,
163782,1,1474.000000000001,2299.000000000001,
163790,1,1537.000000000000,2153.000000000000,
163791,1,1288.000000000001,3433.000000000001,
163795,1,1375.000000000000,2375.000000000000,
163819,1,1704.005000000000,4620.004999999999,
163819,1,1720.000000000000,4620.000000000000,
163823,1,2065.005000000000,3872.005000000000,
163823,1,2080.000000000000,3880.000000000000,
163827,1,4472.005000000000,4648.005000000000,
163827,1,4480.000000000000,4660.000000000000,
163829,1,2654.005000000000,4237.005000000000,
163829,1,2660.000000000000,4240.000000000000,
163830,1,3829.005000000000,4744.005000000000,
163830,1,3840.000000000000,4760.000000000000,
163832,1,3969.005000000000,4138.005000000000,
163832,1,3980.000000000000,4140.000000000000,
163833,1,4985.005000000000,5070.005000000001,
163833,1,5000.000000000000,5080.000000000000,
163834,1,3432.005000000000,3870.005000000000,
163834,1,3440.000000000000,3880.000000000000,
163836,1,4281.005000000001,5395.005000000000,
163836,1,4300.000000000000,5400.000000000000,
164130,1,3545.000000000000,5221.000000000001,
164131,1,3934.000000000000,4222.000000000000,
164133,1,1974.000000000000,2197.000000000000,
164222,1,2439.000000000000,2547.000000000000,
164224,1,2691.000000000000,3172.000000000000,
164227,1,2999.000000000000,3410.000000000000,
164227,1,3000.000000000000,3420.000000000000,
164274,1,2338.005000000000,2740.005000000000,
164277,1,4185.005000000001,4405.005000000000,
164278,1,3727.005000000000,4030.005000000000,
164279,1,5450.005000000001,5544.005000000001,
164279,1,5460.000000000000,5560.000000000000,
164280,1,3327.005000000000,3448.005000000000,
164280,1,3340.000000000000,3460.000000000000,
164282,1,5182.005000000001,5502.005000000001,
164282,1,5200.000000000000,5520.000000000000,
164299,1,4303.004999999999,4524.004999999999,
164299,1,4320.000000000000,4540.000000000000,
164300,1,4245.004999999999,4475.005000000000,
164300,1,4260.000000000000,4480.000000000000,
164302,1,5472.005000000000,5732.005000000001,
164302,1,5480.000000000000,5740.000000000000,
164303,1,1760.000000000000,1900.000000000000,
164303,1,1760.005000000000,1888.005000000000,
164304,1,4159.004999999999,4523.005000000000,
164304,1,4160.000000000000,4540.000000000000,
164306,1,1871.004999999999,2076.005000000000,
164306,1,1880.000000000000,2080.000000000000,
164313,1,1680.000000000000,1940.000000000000,
164313,1,1680.005000000000,1923.005000000000,
164314,1,2224.005000000000,2417.005000000000,
164314,1,2240.000000000000,2420.000000000000,
164317,1,2040.000000000000,2480.000000000000,
164317,1,2040.005000000000,2475.005000000000,
164324,1,1843.005000000000,2026.005000000000,
164324,1,1860.000000000000,2040.000000000000,
164367,1,1994.005000000000,2111.005000000000,
164367,1,2000.000000000000,2120.000000000000,
164370,1,2170.005000000000,2301.005000000000,
164370,1,2180.000000000000,2320.000000000000,
164438,1,4950.000000000000,5127.000000000001,
164438,1,4960.000000000000,5140.000000000000,
164439,1,2646.000000000000,2797.000000000000,
164439,1,2660.000000000000,2800.000000000000,
164456,1,5109.000000000001,5329.000000000001,
164456,1,5120.000000000000,5340.000000000000,
164466,1,1838.000000000000,1961.000000000000,
164466,1,1840.000000000000,1980.000000000000,
164467,1,1877.000000000000,2676.000000000000,
164467,1,1880.000000000000,2680.000000000000,
164468,1,2565.000000000000,2739.000000000000,
164468,1,2580.000000000000,2740.000000000000,
164469,1,3339.000000000000,3495.000000000000,
164469,1,3340.000000000000,3500.000000000000,
164470,1,3447.000000000000,3694.000000000000,
164470,1,3460.000000000000,3700.000000000000,
164472,1,3178.000000000000,3291.000000000000,
164472,1,3180.000000000000,3300.000000000000,
164476,1,1328.000000000000,1955.000000000000,
164480,1,2286.000000000000,2967.000000000000,
164480,1,2300.000000000000,2980.000000000000,
164480,1,3095.000000000000,3686.000000000000,
164480,1,3100.000000000000,3700.000000000000,
164481,1,2318.000000000000,2920.000000000000,
164481,1,2320.000000000000,2920.000000000000,
164486,1,2386.000000000000,2990.000000000000,
164493,1,3188.000000000000,3823.000000000000,
164493,1,3200.000000000000,3840.000000000000,
164508,1,3402.000000000000,3479.000000000000,
164508,1,3420.000000000000,3480.000000000000,
164509,1,2998.000000000000,4469.000000000000,
164509,1,3000.000000000000,4480.000000000000,
164528,1,2016.000000000000,3773.000000000000,
164528,1,2020.000000000000,3780.000000000000,
164529,1,1825.000000000000,3651.000000000000,
164529,1,1840.000000000000,3660.000000000000,
164530,1,1707.000000000000,3650.000000000000,
164530,1,1720.000000000000,3660.000000000000,
164531,1,2989.000000000000,3071.000000000000,
164531,1,3000.000000000000,3080.000000000000,
164531,1,4539.000000000000,4749.000000000001,
164531,1,4540.000000000000,4760.000000000000,
164532,1,4350.000000000000,4406.000000000001,
164532,1,4360.000000000000,4420.000000000000,
164541,1,1840.000000000000,2520.000000000000,
164541,1,1840.000000000000,2519.000000000000,
164547,1,6190.005000000000,6313.005000000001,
164554,1,2083.005000000000,2149.005000000000,
164554,1,2100.000000000000,2160.000000000000,
164557,1,3312.005000000000,3399.005000000000,
164557,1,3320.000000000000,3400.000000000000,
164560,1,3984.005000000000,4083.005000000001,
164560,1,4000.000000000000,4100.000000000000,
164563,1,3390.005000000000,3450.005000000000,
164563,1,3400.000000000000,3460.000000000000,
164564,1,4067.005000000001,4137.005000000001,
164564,1,4080.000000000000,4140.000000000000,
164569,1,5184.004999999999,5324.005000000000,
164572,1,4717.000000000001,4775.000000000001,
164585,1,3236.000000000000,3368.000000000001,
164594,1,2017.000000000000,2861.000000000000,
164594,1,2020.000000000000,2880.000000000000,
164596,1,2136.000000000000,2565.000000000000,
164596,1,2140.000000000000,2580.000000000000,
164597,1,2257.000000000000,2428.000000000000,
164597,1,2260.000000000000,2440.000000000000,
164598,1,2506.000000000001,2756.000000000001,
164598,1,2520.000000000000,2760.000000000000,
164600,1,3029.000000000000,3218.000000000000,
164600,1,3040.000000000000,3220.000000000000,
164601,1,2223.000000000000,2365.000000000001,
164601,1,2240.000000000000,2380.000000000000,
164602,1,2330.000000000000,2473.000000000000,
164602,1,2340.000000000000,2480.000000000000,
164611,1,4270.000000000000,4405.000000000000,
164611,1,4280.000000000000,4420.000000000000,
164612,1,3335.000000000000,3513.000000000000,
164612,1,3340.000000000000,3520.000000000000,
164623,1,3975.000000000000,4323.000000000001,
164623,1,3980.000000000000,4340.000000000000,
164647,1,2358.000000000000,2519.000000000001,
164647,1,2360.000000000000,2520.000000000000,
164648,1,2296.000000000001,2476.000000000000,
164648,1,2300.000000000000,2480.000000000000,
164649,1,2308.000000000000,2459.000000000000,
164649,1,2320.000000000000,2460.000000000000,
164650,1,2311.000000000000,2551.000000000001,
164650,1,2320.000000000000,2560.000000000000,
164651,1,2451.000000000000,2614.000000000000,
164651,1,2460.000000000000,2620.000000000000,
164652,1,2752.000000000000,2980.000000000000,
164652,1,2760.000000000000,2980.000000000000,
164660,1,4988.000000000000,5153.000000000001,
164660,1,5000.000000000000,5160.000000000000,
164674,1,3752.005000000000,3903.005000000001,
164674,1,3760.000000000000,3920.000000000000,
164678,1,3477.005000000000,3543.005000000000,
164678,1,3480.000000000000,3560.000000000000,
164679,1,3218.005000000000,3340.005000000000,
164679,1,3220.000000000000,3340.000000000000,
164680,1,4185.005000000001,4361.004999999999,
164680,1,4200.000000000000,4380.000000000000,
164681,1,4654.005000000000,4872.005000000000,
164681,1,4660.000000000000,4880.000000000000,
164705,1,1754.005000000000,2185.005000000000,
164719,1,2457.005000000000,2699.005000000000,
164719,1,2460.000000000000,2700.000000000000,
164798,1,2738.000000000000,2949.000000000000,
164798,1,2740.000000000000,2960.000000000000,
164800,1,3430.000000000000,3749.000000000000,
164800,1,3440.000000000000,3760.000000000000,
164801,1,3457.000000000000,3679.000000000001,
164801,1,3460.000000000000,3680.000000000000,
164802,1,3640.000000000000,4600.000000000000,
164802,1,3640.000000000000,4597.000000000000,
164824,1,1495.000000000001,3922.000000000001,
164824,1,1500.000000000000,3940.000000000000,
164827,1,2232.000000000001,2898.000000000000,
164827,1,2240.000000000000,2900.000000000000,
164828,1,2205.000000000000,3424.000000000001,
164828,1,2220.000000000000,3440.000000000000,
164829,1,2205.000000000000,2839.000000000000,
164829,1,2220.000000000000,2840.000000000000,
164830,1,2270.000000000000,2976.000000000000,
164830,1,2280.000000000000,2980.000000000000,
164834,1,2303.000000000000,3181.000000000000,
164835,1,2570.000000000001,3472.000000000001,
164835,1,2580.000000000000,3480.000000000000,
164836,1,1111.000000000000,1569.000000000000,
164836,1,1120.000000000000,1580.000000000000,
164837,1,3032.000000000000,3680.000000000000,
164837,1,3040.000000000000,3680.000000000000,
164839,1,2662.000000000000,3286.000000000000,
164839,1,2680.000000000000,3300.000000000000,
164840,1,1315.000000000000,2882.000000000000,
164840,1,1320.000000000000,2900.000000000000,
164841,1,2629.000000000000,3363.000000000001,
164841,1,2640.000000000000,3380.000000000000,
164845,1,2510.000000000000,3223.000000000000,
164845,1,2520.000000000000,3240.000000000000,
164846,1,2677.000000000000,3318.000000000000,
164846,1,2680.000000000000,3320.000000000000,
164847,1,2681.000000000000,3943.000000000000,
164847,1,2700.000000000000,3960.000000000000,
164848,1,2622.000000000000,3522.000000000001,
164848,1,2640.000000000000,3540.000000000000,
164851,1,2238.000000000000,2906.000000000000,
164851,1,2240.000000000000,2920.000000000000,
164852,1,1825.000000000001,2329.000000000000,
164852,1,1840.000000000000,2340.000000000000,
164853,1,2139.000000000001,3160.000000000001,
164853,1,2140.000000000000,3160.000000000000,
164854,1,2381.000000000001,6097.000000000000,
164854,1,2400.000000000000,5980.000000000000,
164879,1,4742.000000000002,4892.000000000000,
164907,1,3818.005000000001,4801.005000000000,
164907,1,3820.000000000000,4820.000000000000,
164910,1,1575.005000000000,1737.005000000000,
164910,1,1580.000000000000,1740.000000000000,
164911,1,1615.005000000000,1820.005000000000,
164911,1,1620.000000000000,1820.000000000000,
164912,1,1588.005000000000,4256.005000000001,
164912,1,1600.000000000000,4260.000000000000,
164913,1,1636.005000000000,1810.005000000000,
164913,1,1640.000000000000,1820.000000000000,
164956,1,2620.005000000000,2754.005000000000,
164957,1,2634.005000000000,2857.005000000000,
164958,1,2100.005000000000,2242.005000000000,
164959,1,2013.005000000000,2252.005000000000,
164961,1,2237.005000000000,2355.005000000000,
164962,1,1744.005000000000,1987.005000000000,
164963,1,2072.005000000000,2523.005000000000,
164964,1,1762.005000000000,2283.005000000000,
164965,1,1939.005000000000,2156.005000000000,
164972,1,2116.005000000000,2297.005000000000,
164975,1,2874.005000000000,3524.005000000000,
164976,1,2645.005000000000,2783.005000000000,
164977,1,3977.005000000000,4334.005000000000,
164979,1,2839.005000000000,3318.005000000000,
164983,1,2278.005000000000,2402.005000000000,
164986,1,2172.005000000000,2513.005000000000,
165012,1,4111.004999999999,4448.005000000001,
165012,1,4120.000000000000,4460.000000000000,
165013,1,1894.005000000000,2130.005000000000,
165013,1,1900.000000000000,2140.000000000000,
165014,1,2013.005000000000,2142.005000000000,
165014,1,2020.000000000000,2160.000000000000,
165015,1,2050.005000000000,2239.005000000000,
165015,1,2060.000000000000,2240.000000000000,
165016,1,3723.005000000000,4841.005000000000,
165016,1,3740.000000000000,4860.000000000000,
165017,1,2270.005000000000,2432.005000000000,
165017,1,2280.000000000000,2440.000000000000,
165019,1,2177.005000000000,2384.005000000000,
165019,1,2180.000000000000,2400.000000000000,
165020,1,2122.005000000000,2756.005000000000,
165020,1,2140.000000000000,2760.000000000000,
165021,1,1849.005000000000,2032.005000000000,
165021,1,1860.000000000000,2040.000000000000,
165028,1,1997.005000000000,2196.005000000000,
165028,1,2000.000000000000,2200.000000000000,
165030,1,3414.005000000000,4385.005000000000,
165030,1,3420.000000000000,4400.000000000000,
165031,1,2180.000000000000,3280.000000000000,
165031,1,2180.005000000000,3269.005000000000,
165032,1,1725.005000000000,2157.005000000000,
165033,1,1759.005000000000,1834.005000000000,
165033,1,1760.000000000000,1840.000000000000,
165034,1,1847.005000000000,2465.005000000000,
165034,1,1860.000000000000,2480.000000000000,
165035,1,1906.005000000000,4844.005000000000,
165038,1,2082.005000000000,2189.005000000000,
165038,1,2100.000000000000,2200.000000000000,
165039,1,3208.005000000000,4887.005000000001,
165039,1,3220.000000000000,4900.000000000000,
165040,1,2977.005000000000,4127.004999999999,
165040,1,2980.000000000000,4140.000000000000,
165050,1,4624.005000000001,4991.005000000000,
165056,1,1631.005000000000,5152.004999999999,
165056,1,1640.000000000000,5160.000000000000,
165059,1,1734.005000000000,1878.005000000000,
165059,1,1740.000000000000,1880.000000000000,
165060,1,1789.005000000000,1950.005000000000,
165060,1,1800.000000000000,1960.000000000000,
165074,1,1910.005000000000,2044.004999999999,
165074,1,1920.000000000000,2060.000000000000,
165075,1,1821.005000000000,1958.005000000000,
165075,1,1840.000000000000,1960.000000000000,
165092,1,3375.005000000000,3888.005000000000,
165093,1,3118.005000000000,3484.005000000000,
165096,1,3836.005000000000,4738.005000000000,
165098,1,4221.005000000000,5085.004999999999,
165107,1,2053.005000000000,2297.005000000000,
165107,1,2060.000000000000,2300.000000000000,
165135,1,2766.005000000000,7097.005000000000,
165150,1,1828.005000000000,1996.005000000000,
165150,1,1840.000000000000,2000.000000000000,
165154,1,1841.005000000000,2202.005000000000,
165177,1,3101.005000000000,3453.005000000000,
165177,1,3120.000000000000,3460.000000000000,
165183,1,2102.005000000000,2545.005000000000,
165183,1,2120.000000000000,2560.000000000000,
165187,1,3257.005000000000,3322.005000000000,
165187,1,3260.000000000000,3340.000000000000,
165188,1,2005.005000000000,2270.005000000001,
165188,1,2020.000000000000,2280.000000000000,
165237,1,2399.005000000000,2629.005000000001,
165238,1,1951.005000000000,2343.005000000000,
165239,1,1852.005000000000,2007.004999999999,
165242,1,2099.005000000000,2245.005000000000,
165243,1,2329.005000000000,2520.005000000001,
165247,1,1913.005000000000,2150.005000000000,
165248,1,3530.005000000000,3958.005000000000,
165249,1,2778.005000000001,3152.005000000000,
165250,1,1801.005000000000,2175.005000000000,
165253,1,1791.005000000000,2216.005000000000,
165259,1,2878.005000000000,3265.005000000000,
165259,1,2880.000000000000,3280.000000000000,
165260,1,2841.005000000000,3315.005000000000,
165260,1,2860.000000000000,3320.000000000000,
165262,1,2918.005000000000,3424.005000000000,
165262,1,2920.000000000000,3440.000000000000,
165263,1,1799.005000000000,2159.005000000000,
165263,1,1800.000000000000,2160.000000000000,
165264,1,3308.005000000000,4069.004999999999,
165264,1,3320.000000000000,4080.000000000000,
165265,1,2680.000000000000,3040.000000000000,
165265,1,2680.005000000000,3023.005000000000,
165350,1,2448.005000000000,2665.005000000000,
165350,1,2460.000000000000,2680.000000000000,
165351,1,2400.000000000000,4320.000000000000,
165351,1,2400.005000000000,4319.004999999999,
165354,1,3901.005000000000,4398.005000000000,
165354,1,3920.000000000000,4400.000000000000,
165474,1,3190.000000000000,5273.000000000000,
165474,1,3200.000000000000,5280.000000000000,
165475,1,2591.000000000000,5489.000000000001,
165475,1,2600.000000000000,5500.000000000000,
165476,1,1693.000000000000,5481.000000000000,
165476,1,1700.000000000000,5500.000000000000,
165480,1,1658.000000000000,1772.000000000000,
165480,1,1660.000000000000,1780.000000000000,
165481,1,3127.000000000000,3395.000000000000,
165481,1,3140.000000000000,3400.000000000000,
165489,1,3179.005000000000,3269.005000000000,
165489,1,3180.000000000000,3280.000000000000,
165490,1,4084.005000000000,4199.005000000000,
165490,1,4100.000000000000,4200.000000000000,
165497,1,1885.005000000000,4958.005000000000,
165500,1,4364.004999999999,4582.004999999999,
165502,1,3648.005000000000,3782.005000000000,
165512,1,3077.005000000000,3640.005000000000,
165512,1,3080.000000000000,3640.000000000000,
165513,1,2078.005000000000,5417.005000000000,
165513,1,2080.000000000000,5420.000000000000,
165514,1,5011.004999999999,5283.005000000000,
165514,1,5020.000000000000,5300.000000000000,
165515,1,4472.005000000000,5163.005000000001,
165515,1,4480.000000000000,5180.000000000000,
165527,1,2128.005000000000,2310.005000000000,
165529,1,1933.005000000000,2134.005000000000,
165529,1,1940.000000000000,2140.000000000000,
165530,1,1470.005000000000,2152.005000000000,
165530,1,1480.000000000000,2160.000000000000,
165531,1,1992.005000000000,2172.005000000000,
165531,1,2000.000000000000,2180.000000000000,
165532,1,2337.005000000000,2539.005000000000,
165532,1,2340.000000000000,2540.000000000000,
165533,1,1945.005000000000,2113.005000000000,
165534,1,2963.005000000000,3319.005000000000,
165535,1,1505.005000000000,1645.005000000000,
165537,1,2572.005000000000,2906.005000000000,
165538,1,2486.005000000000,2698.005000000000,
165539,1,2307.005000000000,2489.005000000000,
165540,1,3537.005000000000,3889.005000000000,
165541,1,2720.005000000000,3079.005000000000,
165542,1,2571.005000000000,2970.005000000000,
165543,1,1569.005000000000,1980.004999999999,
165544,1,2454.005000000000,2705.005000000000,
165546,1,2135.005000000000,2342.005000000000,
165548,1,4767.005000000000,5076.005000000001,
165550,1,1762.005000000000,2474.005000000000,
165552,1,4395.005000000000,4668.004999999999,
165552,1,4400.000000000000,4680.000000000000,
165670,1,3019.005000000000,3221.005000000000,
165670,1,3020.000000000000,3240.000000000000,
165683,1,3251.005000000000,3373.005000000000,
165683,1,3260.000000000000,3380.000000000000,
165715,1,4142.005000000000,4504.005000000000,
165715,1,4160.000000000000,4520.000000000000,
165726,1,5043.004999999999,5224.005000000001,
165726,1,5060.000000000000,5240.000000000000,
165728,1,2641.005000000000,2784.005000000000,
165728,1,2660.000000000000,2800.000000000000,
165730,1,2774.005000000000,2926.005000000000,
165730,1,2780.000000000000,2940.000000000000,
165742,1,3388.005000000000,3635.005000000000,
165742,1,3400.000000000000,3640.000000000000,
165744,1,1544.005000000000,3961.005000000000,
165744,1,1560.000000000000,3980.000000000000,
165762,1,2665.005000000000,3058.005000000000,
165762,1,2680.000000000000,3060.000000000000,
165765,1,3690.005000000000,4300.004999999999,
165851,1,2465.005000000000,2773.005000000000,
165851,1,2480.000000000000,2780.000000000000,
165852,1,2208.005000000000,2802.005000000000,
165852,1,2220.000000000000,2820.000000000000,
165853,1,5193.005000000001,5475.005000000001,
165853,1,5200.000000000000,5480.000000000000,
165854,1,2167.005000000000,2302.005000000000,
165854,1,2180.000000000000,2320.000000000000,
165855,1,3346.005000000000,3550.005000000000,
165855,1,3360.000000000000,3560.000000000000,
165860,1,3460.000000000000,4680.000000000000,
165860,1,3460.005000000000,4664.005000000000,
165864,1,2946.005000000000,3635.005000000000,
165864,1,2960.000000000000,3640.000000000000,
165866,1,2201.005000000000,2470.005000000000,
165866,1,2220.000000000000,2480.000000000000,
165868,1,2153.005000000000,2836.005000000000,
165868,1,2160.000000000000,2840.000000000000,
165869,1,2250.005000000001,2877.005000000000,
165869,1,2260.000000000000,2880.000000000000,
165871,1,2530.005000000000,3392.005000000000,
165871,1,2540.000000000000,3400.000000000000,
165872,1,2285.005000000000,2458.005000000000,
165872,1,2300.000000000000,2460.000000000000,
165873,1,2584.005000000000,3011.005000000000,
165873,1,2600.000000000000,3020.000000000000,
165878,1,2462.005000000000,4256.005000000000,
165878,1,2480.000000000000,4260.000000000000,
165887,1,3257.005000000000,3528.005000000000,
165887,1,3260.000000000000,3540.000000000000,
165889,1,3291.005000000000,3412.005000000000,
165889,1,3300.000000000000,3420.000000000000,
165892,1,3061.005000000000,3326.005000000000,
165892,1,3080.000000000000,3340.000000000000,
165922,1,3821.005000000000,4259.005000000000,
165922,1,3840.000000000000,4260.000000000000,
165928,1,2220.000000000000,3360.000000000000,
165928,1,2220.005000000000,3344.005000000000,
165929,1,2255.005000000000,3329.005000000000,
165929,1,2260.000000000000,3340.000000000000,
165932,1,1983.005000000000,4741.005000000000,
165932,1,2000.000000000000,4760.000000000000,
165937,1,2898.005000000000,3119.005000000000,
165937,1,2900.000000000000,3120.000000000000,
165938,1,5333.005000000000,5727.005000000000,
165938,1,5340.000000000000,5740.000000000000,
165939,1,2010.005000000000,4438.005000000000,
165939,1,2020.000000000000,4440.000000000000,
165941,1,2525.005000000000,3559.005000000000,
165941,1,2540.000000000000,3560.000000000000,
165943,1,5390.005000000000,5838.005000000000,
165948,1,2482.005000000000,3199.005000000000,
165948,1,2500.000000000000,3200.000000000000,
165949,1,1785.005000000000,2273.005000000000,
165949,1,1800.000000000000,2280.000000000000,
165950,1,2226.005000000001,4625.005000000000,
165950,1,2240.000000000000,4640.000000000000,
165951,1,1767.005000000000,1929.005000000000,
165951,1,1780.000000000000,1940.000000000000,
165952,1,2755.005000000000,3148.005000000000,
165952,1,2760.000000000000,3160.000000000000,
165953,1,1988.005000000000,3619.005000000000,
165954,1,2140.005000000000,2692.005000000000,
165955,1,1870.005000000000,2244.005000000000,
165955,1,1880.000000000000,2260.000000000000,
165956,1,1881.005000000000,2118.005000000000,
165956,1,1900.000000000000,2120.000000000000,
165957,1,3192.005000000000,4004.005000000000,
165957,1,3200.000000000000,4020.000000000000,
165958,1,2105.005000000000,4687.005000000000,
165958,1,2120.000000000000,4700.000000000000,
165959,1,2290.005000000000,3767.005000000000,
165959,1,2300.000000000000,3780.000000000000,
165960,1,3399.005000000001,4682.005000000000,
165960,1,3400.000000000000,4700.000000000000,
165961,1,3495.005000000001,4947.005000000000,
165961,1,3500.000000000000,4960.000000000000,
165963,1,3562.005000000000,4805.005000000000,
165963,1,3580.000000000000,4820.000000000000,
165964,1,3261.005000000000,4036.005000000000,
165964,1,3280.000000000000,4040.000000000000,
166012,1,3382.005000000000,3641.005000000001,
166018,1,1717.005000000000,1999.005000000000,
166019,1,2434.005000000000,2802.005000000000,
166020,1,2058.005000000000,2372.005000000000,
166022,1,4809.005000000000,5055.005000000000,
166024,1,1237.005000000000,1540.005000000000,
166028,1,2500.005000000001,2848.005000000000,
166034,1,1143.005000000000,5142.005000000000,
166038,1,1017.005000000000,5075.005000000000,
166039,1,3072.005000000001,3452.005000000000,
166040,1,1003.005000000000,5050.005000000000,
166041,1,1128.005000000000,5168.005000000000,
166088,1,1143.005000000000,4602.005000000000,
166088,1,1160.000000000000,4620.000000000000,
166091,1,2454.005000000000,2603.005000000000,
166091,1,2460.000000000000,2620.000000000000,
166093,1,2119.005000000000,5439.005000000000,
166093,1,2120.000000000000,5440.000000000000,
166096,1,2141.005000000000,3470.005000000000,
166096,1,2160.000000000000,3480.000000000000,
166119,1,2250.005000000001,2529.005000000000,
166119,1,2260.000000000000,2540.000000000000,
166127,1,4002.005000000001,4847.005000000000,
166127,1,4020.000000000000,4860.000000000000,
166128,1,1188.005000000000,2076.005000000000,
166128,1,1200.000000000000,2080.000000000000,
166130,1,4383.005000000000,4763.005000000000,
166130,1,4400.000000000000,4780.000000000000,
166131,1,1149.005000000000,5195.005000000000,
166131,1,1160.000000000000,5200.000000000000,
166159,1,3127.005000000000,3298.005000000001,
166159,1,3140.000000000000,3300.000000000000,
166169,1,2946.005000000000,4683.005000000000,
166169,1,2960.000000000000,4700.000000000000,
166254,1,4481.005000000000,4567.005000000000,
166257,1,2223.005000000000,2310.005000000000,
166258,1,2209.005000000000,2314.005000000000,
166301,1,1497.005000000000,1975.005000000000,
166301,1,1500.000000000000,1980.000000000000,
166303,1,4980.000000000000,5980.000000000000,
166303,1,4980.005000000001,7097.005000000000,
166321,1,2258.005000000000,2387.005000000001,
166321,1,2260.000000000000,2400.000000000000,
166323,1,2542.005000000000,2669.005000000001,
166352,1,5108.005000000001,5264.005000000002,
166352,1,5120.000000000000,5280.000000000000,
166353,1,4386.004999999999,5561.005000000000,
166356,1,3557.005000000000,4777.004999999999,
166356,1,3560.000000000000,4780.000000000000,
166357,1,5675.004999999999,5836.005000000001,
166357,1,5680.000000000000,5840.000000000000,
166359,1,4710.004999999999,5477.005000000001,
166359,1,4720.000000000000,5480.000000000000,
166363,1,2463.005000000000,3061.005000000000,
166363,1,2480.000000000000,3080.000000000000,
166387,1,2709.005000000000,3148.005000000000,
166390,1,3753.005000000000,4218.005000000000,
166415,1,1812.005000000000,3783.005000000000,
166415,1,1820.000000000000,3800.000000000000,
166419,1,1954.005000000000,2906.005000000000,
166419,1,1960.000000000000,2920.000000000000,
166428,1,4744.005000000000,5336.005000000001,
166434,1,5024.004999999999,5159.004999999999,
166435,1,4949.005000000000,5213.004999999999,
166435,1,4960.000000000000,5220.000000000000,
166436,1,4026.005000000001,4902.004999999999,
166436,1,4040.000000000000,4920.000000000000,
166438,1,4296.005000000000,4682.005000000001,
166438,1,4300.000000000000,4700.000000000000,
166439,1,4224.005000000001,4593.005000000000,
166439,1,4240.000000000000,4600.000000000000,
166446,1,3644.005000000000,4503.005000000000,
166446,1,3660.000000000000,4520.000000000000,
166447,1,3680.000000000000,3820.000000000000,
166447,1,3680.005000000000,3808.005000000000,
166448,1,3817.005000000000,4558.005000000000,
166449,1,3431.005000000000,4025.005000000000,
166449,1,3440.000000000000,4040.000000000000,
166450,1,3532.005000000000,4140.004999999999,
166450,1,3540.000000000000,4140.000000000000,
166454,1,4253.005000000000,4524.004999999999,
166454,1,4260.000000000000,4540.000000000000,
166456,1,3218.005000000000,4720.004999999999,
166456,1,3220.000000000000,4720.000000000000,
166457,1,3900.000000000000,3980.000000000000,
166457,1,3900.005000000000,3973.005000000000,
166463,1,2352.005000000000,2546.005000000000,
166463,1,2360.000000000000,2560.000000000000,
166464,1,2322.005000000000,2598.005000000000,
166464,1,2340.000000000000,2600.000000000000,
166465,1,2456.005000000000,2731.005000000000,
166465,1,2460.000000000000,2740.000000000000,
166466,1,2350.005000000000,2555.005000000000,
166466,1,2360.000000000000,2560.000000000000,
166467,1,2497.005000000000,2710.005000000000,
166467,1,2500.000000000000,2720.000000000000,
166468,1,2372.005000000000,2613.005000000000,
166468,1,2380.000000000000,2620.000000000000,
166469,1,2549.005000000000,2807.005000000000,
166469,1,2560.000000000000,2820.000000000000,
166470,1,2432.005000000000,2697.005000000000,
166470,1,2440.000000000000,2700.000000000000,
166482,1,3229.005000000000,4327.005000000000,
166482,1,3240.000000000000,4340.000000000000,
166483,1,4171.005000000000,4264.005000000000,
166483,1,4180.000000000000,4280.000000000000,
166485,1,3876.005000000000,4094.004999999999,
166485,1,3880.000000000000,4100.000000000000,
166488,1,4662.004999999999,4718.005000000000,
166488,1,4680.000000000000,4720.000000000000,
166491,1,3290.005000000000,3563.005000000000,
166491,1,3300.000000000000,3580.000000000000,
166496,1,3409.005000000000,3802.005000000001,
166498,1,3567.005000000000,3958.005000000000,
166503,1,1936.005000000000,3155.005000000000,
166521,1,1204.005000000000,3174.005000000000,
166535,1,3115.005000000000,3247.005000000000,
166550,1,2419.005000000000,2681.005000000000,
166550,1,2420.000000000000,2700.000000000000,
166551,1,2635.005000000000,2946.005000000000,
166551,1,2640.000000000000,2960.000000000000,
166552,1,2366.005000000000,2559.005000000000,
166552,1,2380.000000000000,2560.000000000000,
166554,1,2513.005000000000,2761.005000000000,
166554,1,2520.000000000000,2780.000000000000,
166559,1,2149.005000000000,2346.005000000000,
166559,1,2160.000000000000,2360.000000000000,
166560,1,2300.000000000000,2500.000000000000,
166560,1,2300.005000000000,2483.005000000000,
166562,1,2162.005000000000,2332.005000000000,
166562,1,2180.000000000000,2340.000000000000,
166563,1,2225.005000000000,2418.005000000000,
166563,1,2240.000000000000,2420.000000000000,
166564,1,2322.005000000000,2532.005000000000,
166564,1,2340.000000000000,2540.000000000000,
166565,1,2179.005000000000,2336.005000000000,
166565,1,2180.000000000000,2340.000000000000,
166566,1,2172.005000000000,2350.005000000000,
166566,1,2180.000000000000,2360.000000000000,
166567,1,2223.005000000000,2413.005000000000,
166567,1,2240.000000000000,2420.000000000000,
166568,1,2142.005000000000,2322.005000000000,
166568,1,2160.000000000000,2340.000000000000,
166569,1,2224.005000000000,2430.005000000000,
166569,1,2240.000000000000,2440.000000000000,
166572,1,3622.005000000000,4070.005000000001,
166572,1,3640.000000000000,4080.000000000000,
166577,1,4926.005000000000,6580.005000000000,
166577,1,4940.000000000000,5980.000000000000,
166579,1,5293.004999999999,5427.005000000000,
166579,1,5300.000000000000,5440.000000000000,
166582,1,4562.005000000000,4723.004999999999,
166582,1,4580.000000000000,4740.000000000000,
166584,1,4351.004999999999,4603.005000000000,
166584,1,4360.000000000000,4620.000000000000,
166585,1,4568.005000000000,4843.005000000000,
166585,1,4580.000000000000,4860.000000000000,
166595,1,3553.005000000000,3945.005000000000,
166599,1,1676.005000000000,1800.005000000000,
166601,1,1914.005000000000,2063.005000000000,
166603,1,4927.005000000000,5091.005000000000,
166605,1,3694.005000000000,4072.005000000000,
166610,1,4961.005000000001,5167.005000000000,
166616,1,3900.005000000000,4268.004999999999,
166681,1,4293.004999999999,4658.005000000000,
166681,1,4300.000000000000,4660.000000000000,
166682,1,4103.005000000000,4571.005000000000,
166682,1,4120.000000000000,4580.000000000000,
166683,1,4505.004999999999,5211.005000000001,
166683,1,4520.000000000000,5220.000000000000,
166688,1,4798.005000000000,4972.005000000000,
166688,1,4800.000000000000,4980.000000000000,
166689,1,5264.005000000000,5426.005000000000,
166689,1,5280.000000000000,5440.000000000000,
166691,1,3910.005000000000,4103.005000000000,
166691,1,3920.000000000000,4120.000000000000,
166692,1,4802.005000000000,4967.005000000001,
166692,1,4820.000000000000,4980.000000000000,
166700,1,3091.005000000000,4529.005000000000,
166715,1,2895.005000000000,3129.005000000001,
166720,1,2347.005000000000,2520.005000000000,
166723,1,1731.005000000000,1982.005000000000,
166736,1,3112.005000000000,3305.005000000000,
166736,1,3120.000000000000,3320.000000000000,
166737,1,2736.005000000000,2965.005000000000,
166737,1,2740.000000000000,2980.000000000000,
166738,1,2227.005000000000,2434.005000000000,
166738,1,2240.000000000000,2440.000000000000,
166739,1,2172.005000000000,2522.005000000000,
166739,1,2180.000000000000,2540.000000000000,
166740,1,2184.005000000000,4648.005000000000,
166740,1,2200.000000000000,4660.000000000000,
166742,1,2390.005000000000,3268.005000000000,
166742,1,2400.000000000000,3280.000000000000,
167245,1,3887.005000000001,4170.005000000000,
167274,1,2168.005000000000,2388.005000000000,
167275,1,1844.005000000000,4709.005000000000,
167276,1,1764.005000000000,4775.005000000001,
167277,1,4205.005000000000,4566.004999999999,
167278,1,1420.005000000000,1816.005000000000,
167279,1,1421.005000000000,1885.005000000000,
167282,1,4040.005000000000,4176.005000000000,
167283,1,2594.005000000000,3007.005000000000,
167297,1,4819.004999999999,5018.004999999999,
167303,1,2587.005000000000,2943.005000000000,
167304,1,2822.005000000000,3137.005000000000,
167305,1,3005.005000000000,3331.005000000000,
167307,1,3016.005000000000,3315.005000000000,
167309,1,2749.005000000000,3040.005000000000,
167310,1,2665.005000000000,2972.005000000001,
167311,1,2350.005000000000,2656.005000000000,
167313,1,1617.005000000000,2137.005000000000,
167313,1,1620.000000000000,2140.000000000000,
167315,1,1795.005000000000,2259.005000000000,
167316,1,1811.005000000000,2173.005000000000,
167322,1,3428.005000000000,3636.005000000000,
167332,1,987.005000000000,3121.005000000001,
167333,1,871.005000000000,2331.005000000000,
167335,1,1430.005000000000,1555.005000000000,
167336,1,1357.005000000000,1732.005000000000,
167337,1,3356.005000000000,3599.005000000000,
167339,1,1388.005000000000,1772.005000000000,
167343,1,1887.005000000000,2042.005000000000,
167344,1,1696.005000000000,1926.005000000000,
167345,1,1679.005000000000,1888.005000000000,
167347,1,2748.005000000000,3109.005000000000,
167368,1,2048.005000000000,2386.005000000000,
167384,1,3219.005000000000,3579.005000000000,
167386,1,4082.004999999999,4416.005000000001,
167387,1,3309.005000000000,3641.005000000000,
167389,1,3397.005000000000,3844.005000000000,
167390,1,3206.005000000000,3642.005000000000,
167391,1,3342.005000000000,3617.005000000000,
167393,1,3405.005000000000,3749.005000000000,
167402,1,2902.005000000000,3082.005000000000,
167405,1,3740.005000000000,4103.005000000000,
167408,1,4559.004999999999,5042.005000000000,
167429,1,4113.005000000000,4419.005000000001,
167429,1,4120.000000000000,4420.000000000000,
167432,1,2852.005000000000,3044.005000000000,
167432,1,2860.000000000000,3060.000000000000,
167441,1,1699.005000000000,1932.004999999999,
167441,1,1700.000000000000,1940.000000000000,
167443,1,1765.005000000000,2451.005000000000,
167443,1,1780.000000000000,2460.000000000000,
167445,1,1760.000000000000,1960.000000000000,
167445,1,1760.005000000000,1956.004999999999,
167449,1,4932.005000000001,5094.005000000000,
167449,1,4940.000000000000,5100.000000000000,
167451,1,4695.005000000001,5042.005000000000,
167451,1,4700.000000000000,5060.000000000000,
167457,1,2126.005000000000,4284.004999999999,
167464,1,2515.005000000000,2781.005000000000,
167464,1,2520.000000000000,2800.000000000000,
167465,1,2614.005000000000,3257.005000000000,
167465,1,2620.000000000000,3260.000000000000,
167472,1,2478.005000000000,2744.005000000000,
167472,1,2480.000000000000,2760.000000000000,
167473,1,2876.005000000000,3193.005000000000,
167473,1,2880.000000000000,3200.000000000000,
167474,1,2316.005000000000,2532.005000000000,
167474,1,2320.000000000000,2540.000000000000,
167475,1,2486.005000000000,2859.005000000000,
167475,1,2500.000000000000,2860.000000000000,
167476,1,4630.004999999999,4802.005000000000,
167476,1,4640.000000000000,4820.000000000000,
167481,1,2522.005000000000,2765.005000000000,
167481,1,2540.000000000000,2780.000000000000,
167482,1,2819.005000000000,3245.005000000000,
167482,1,2820.000000000000,3260.000000000000,
167484,1,2813.005000000000,2977.005000000000,
167484,1,2820.000000000000,2980.000000000000,
167485,1,2846.005000000000,3397.005000000000,
167485,1,2860.000000000000,3400.000000000000,
167487,1,1937.005000000000,2141.005000000000,
167487,1,1940.000000000000,2160.000000000000,
167488,1,2788.005000000000,3001.005000000000,
167488,1,2800.000000000000,3020.000000000000,
167489,1,2704.005000000000,2868.005000000000,
167489,1,2720.000000000000,2880.000000000000,
167496,1,3233.005000000000,3536.005000000001,
167496,1,3240.000000000000,3540.000000000000,
167498,1,3206.005000000000,4465.005000000000,
167499,1,3210.005000000000,4712.005000000000,
167500,1,3263.005000000000,3600.005000000000,
167500,1,3280.000000000000,3600.000000000000,
167502,1,4483.005000000001,4573.005000000001,
167502,1,4500.000000000000,4580.000000000000,
167516,1,3925.005000000000,4082.004999999999,
167516,1,3940.000000000000,4100.000000000000,
167517,1,4891.005000000000,5005.004999999999,
167517,1,4900.000000000000,5020.000000000000,
167519,1,2209.005000000000,2506.005000000000,
167519,1,2220.000000000000,2520.000000000000,
167520,1,2095.005000000000,2614.005000000000,
167520,1,2100.000000000000,2620.000000000000,
167521,1,3095.005000000000,3829.005000000000,
167521,1,3100.000000000000,3840.000000000000,
167522,1,3228.005000000000,3418.005000000000,
167522,1,3240.000000000000,3420.000000000000,
167523,1,3781.005000000000,3954.005000000000,
167523,1,3800.000000000000,3960.000000000000,
167524,1,3584.005000000000,3741.005000000000,
167524,1,3600.000000000000,3760.000000000000,
167526,1,3715.005000000000,3866.005000000000,
167526,1,3720.000000000000,3880.000000000000,
167527,1,3798.005000000000,4010.005000000001,
167527,1,3800.000000000000,4020.000000000000,
167551,1,4070.005000000001,4230.005000000001,
167551,1,4080.000000000000,4240.000000000000,
167556,1,4266.005000000000,4644.005000000000,
167556,1,4280.000000000000,4660.000000000000,
167559,1,3605.005000000001,3953.005000000000,
167559,1,3620.000000000000,3960.000000000000,
167562,1,2679.005000000000,2982.005000000000,
167562,1,2680.000000000000,3000.000000000000,
167563,1,4274.004999999999,4405.005000000000,
167563,1,4280.000000000000,4420.000000000000,
167571,1,2752.005000000000,2844.005000000000,
167571,1,2760.000000000000,2860.000000000000,
167572,1,3348.005000000000,3473.005000000000,
167572,1,3360.000000000000,3480.000000000000,
167605,1,2751.005000000000,3553.005000000000,
167605,1,2760.000000000000,3560.000000000000,
167608,1,4658.005000000000,5189.005000000000,
167608,1,4660.000000000000,5200.000000000000,
168591,1,1950.005000000000,2111.005000000000,
168592,1,1457.005000000000,1685.005000000000,
168594,1,2447.005000000000,2614.005000000000,
168616,1,1686.005000000000,1898.005000000000,
168696,1,5394.005000000000,5526.005000000000,
168711,1,4693.005000000000,4788.005000000001,
168716,1,4098.004999999999,4398.005000000000,
168743,1,5503.005000000000,5759.005000000001,
168748,1,3733.005000000001,4625.005000000000,
168749,1,1266.005000000000,3427.005000000001,
168767,1,940.005000000000,1519.005000000000,
168771,1,908.005000000000,1501.005000000000,
168832,1,4211.005000000001,4400.005000000001,
168837,1,2303.005000000000,2433.005000000000,
168855,1,3132.005000000000,3224.005000000000,
168855,1,3140.000000000000,3240.000000000000,
168887,1,3481.005000000000,3739.005000000000,
168887,1,3500.000000000000,3740.000000000000,
168888,1,4378.005000000000,4555.005000000000,
168888,1,4380.000000000000,4560.000000000000,
168892,1,2113.005000000000,2425.005000000000,
168892,1,2120.000000000000,2440.000000000000,
168893,1,2673.005000000000,2854.005000000000,
168893,1,2680.000000000000,2860.000000000000,
168895,1,2603.005000000000,2853.005000000000,
168895,1,2620.000000000000,2860.000000000000,
168897,1,2340.000000000000,2500.000000000000,
168897,1,2340.005000000000,2497.005000000000,
168899,1,3661.005000000001,3732.005000000000,
168899,1,3680.000000000000,3740.000000000000,
168902,1,2841.005000000000,2963.005000000000,
168902,1,2860.000000000000,2980.000000000000,
168903,1,2665.005000000000,2826.005000000000,
168903,1,2680.000000000000,2840.000000000000,
168904,1,3513.005000000000,3658.005000000000,
168904,1,3520.000000000000,3660.000000000000,
168906,1,3555.005000000000,3717.005000000001,
168906,1,3560.000000000000,3720.000000000000,
168916,1,3764.005000000000,3993.005000000000,
168916,1,3780.000000000000,4000.000000000000,
168935,1,1661.005000000000,6252.004999999999,
168935,1,1680.000000000000,5980.000000000000,
168940,1,5597.005000000000,5844.005000000000,
168940,1,5600.000000000000,5860.000000000000,
168943,1,5587.005000000000,5822.004999999999,
168943,1,5600.000000000000,5840.000000000000,
168949,1,3686.005000000000,3989.005000000000,
168949,1,3700.000000000000,4000.000000000000,
168952,1,3515.005000000000,3943.005000000001,
168952,1,3520.000000000000,3960.000000000000,
168953,1,4746.005000000001,5237.005000000000,
168953,1,4760.000000000000,5240.000000000000,
168966,1,4914.005000000000,5530.005000000000,
168966,1,4920.000000000000,5540.000000000000,
168990,1,2108.005000000000,2168.005000000000,
168990,1,2120.000000000000,2180.000000000000,
168999,1,4500.000000000000,4660.000000000000,
168999,1,4500.005000000000,4644.005000000000,
169002,1,2067.005000000000,2385.005000000000,
169002,1,2080.000000000000,2400.000000000000,
169015,1,3193.005000000001,3318.005000000001,
169015,1,3200.000000000000,3320.000000000000,
169023,1,2906.005000000000,3094.005000000000,
169023,1,2920.000000000000,3100.000000000000,
169026,1,3186.005000000000,3504.005000000001,
169026,1,3200.000000000000,3520.000000000000,
169029,1,3710.005000000000,3942.005000000000,
169029,1,3720.000000000000,3960.000000000000,
169030,1,3560.000000000000,4520.000000000000,
169030,1,3560.005000000001,4511.004999999999,
169032,1,3514.005000000000,3823.005000000000,
169032,1,3520.000000000000,3840.000000000000,
169033,1,3912.005000000000,4917.005000000000,
169033,1,3920.000000000000,4920.000000000000,
169034,1,3681.005000000000,3867.005000000000,
169034,1,3700.000000000000,3880.000000000000,
169288,1,2333.005000000000,2665.005000000000,
169292,1,1960.005000000000,2146.005000000000,
169328,1,1639.005000000000,3445.005000000000,
169328,1,1640.000000000000,3460.000000000000,
169329,1,2995.005000000000,3071.005000000000,
169329,1,3000.000000000000,3080.000000000000,
169330,1,2162.005000000000,2382.005000000000,
169330,1,2180.000000000000,2400.000000000000,
169342,1,2819.005000000000,3028.005000000000,
169342,1,2820.000000000000,3040.000000000000,
169345,1,4850.005000000000,4958.005000000000,
169345,1,4860.000000000000,4960.000000000000,
169347,1,3555.005000000000,4791.005000000001,
169347,1,3560.000000000000,4800.000000000000,
169351,1,4625.005000000000,4777.004999999999,
169354,1,1050.005000000000,3130.005000000000,
169354,1,1060.000000000000,3140.000000000000,
169355,1,4627.004999999999,4736.004999999999,
169355,1,4640.000000000000,4740.000000000000,
169369,1,3569.005000000000,3850.005000000000,
169369,1,3580.000000000000,3860.000000000000,
169380,1,4727.005000000001,4801.005000000000,
169380,1,4740.000000000000,4820.000000000000,
169406,1,2265.005000000000,2341.005000000000,
169406,1,2280.000000000000,2360.000000000000,
169410,1,1888.005000000000,2027.004999999999,
169410,1,1900.000000000000,2040.000000000000,
169422,1,3060.000000000000,3580.000000000000,
169422,1,3060.005000000000,3570.005000000000,
169423,1,2093.005000000000,2867.005000000000,
169423,1,2100.000000000000,2880.000000000000,
169429,1,3383.005000000000,3812.005000000000,
169429,1,3400.000000000000,3820.000000000000,
169432,1,2527.005000000000,2883.005000000000,
169432,1,2540.000000000000,2900.000000000000,
169433,1,3945.005000000000,4754.005000000000,
169433,1,3960.000000000000,4760.000000000000,
169439,1,3122.005000000000,3339.005000000000,
169439,1,3140.000000000000,3340.000000000000,
169442,1,2398.005000000000,3132.005000000000,
169442,1,2400.000000000000,3140.000000000000,
169450,1,2746.005000000000,3005.005000000000,
169450,1,2760.000000000000,3020.000000000000,
169453,1,4437.005000000000,4641.005000000000,
169453,1,4440.000000000000,4660.000000000000,
169455,1,3984.005000000000,4494.005000000000,
169455,1,4000.000000000000,4500.000000000000,
169456,1,1978.005000000000,2206.005000000000,
169456,1,1980.000000000000,2220.000000000000,
169458,1,3541.005000000000,3833.005000000000,
169458,1,3560.000000000000,3840.000000000000,
169459,1,5543.004999999999,5712.005000000000,
169459,1,5560.000000000000,5720.000000000000,
169463,1,3630.005000000000,4008.005000000000,
169463,1,3640.000000000000,4020.000000000000,
169467,1,2663.005000000000,3520.005000000000,
169467,1,2680.000000000000,3520.000000000000,
169469,1,2980.000000000000,3140.000000000000,
169469,1,2980.005000000000,3136.005000000000,
169470,1,4273.005000000000,4492.004999999999,
169470,1,4280.000000000000,4500.000000000000,
169471,1,5256.005000000001,5569.004999999999,
169471,1,5260.000000000000,5580.000000000000,
169472,1,3113.005000000000,3446.005000000000,
169472,1,3120.000000000000,3460.000000000000,
169497,1,3482.005000000000,4386.004999999999,
169497,1,3500.000000000000,4400.000000000000,
169498,1,5712.005000000000,5965.005000000000,
169498,1,5720.000000000000,5980.000000000000,
169502,1,4082.004999999999,4677.005000000000,
169502,1,4100.000000000000,4680.000000000000,
169503,1,3566.005000000000,3936.005000000000,
169503,1,3580.000000000000,3940.000000000000,
169504,1,3593.005000000000,3938.005000000000,
169504,1,3600.000000000000,3940.000000000000,
169527,1,2790.005000000000,3065.005000000000,
169527,1,2800.000000000000,3080.000000000000,
169529,1,3520.000000000000,3600.000000000000,
169529,1,3520.005000000000,3589.005000000000,
169530,1,3266.005000000000,3333.005000000000,
169530,1,3280.000000000000,3340.000000000000,
169532,1,3791.005000000000,3904.005000000000,
169532,1,3800.000000000000,3920.000000000000,
169537,1,4709.005000000000,4806.004999999999,
169537,1,4720.000000000000,4820.000000000000,
169540,1,2630.005000000000,2763.005000000000,
169540,1,2640.000000000000,2780.000000000000,
169542,1,1811.005000000000,1953.005000000000,
169542,1,1820.000000000000,1960.000000000000,
169544,1,1964.005000000000,2101.005000000000,
169544,1,1980.000000000000,2120.000000000000,
169549,1,2031.004999999999,2121.005000000000,
169549,1,2040.000000000000,2140.000000000000,
169553,1,2511.005000000000,2622.005000000000,
169553,1,2520.000000000000,2640.000000000000,
169571,1,2654.000000000000,4029.000000000001,
169571,1,2660.000000000000,4040.000000000000,
169573,1,1263.000000000000,4029.000000000001,
169573,1,1280.000000000000,4040.000000000000,
169574,1,2600.000000000000,4080.000000000000,
169574,1,3050.384000000000,4529.384000000000,
169583,1,2209.005000000000,2624.005000000000,
169583,1,2220.000000000000,2640.000000000000,
169588,1,2216.005000000000,2776.005000000000,
169588,1,2220.000000000000,2780.000000000000,
169589,1,2190.005000000000,2397.005000000000,
169589,1,2200.000000000000,2400.000000000000,
169590,1,2155.005000000000,2427.005000000000,
169590,1,2160.000000000000,2440.000000000000,
169591,1,2293.005000000000,3265.005000000000,
169591,1,2300.000000000000,3280.000000000000,
169595,1,2493.005000000000,2619.005000000000,
169595,1,2500.000000000000,2620.000000000000,
169596,1,2232.005000000000,2359.005000000000,
169596,1,2240.000000000000,2360.000000000000,
169597,1,2344.005000000000,3125.005000000000,
169597,1,2360.000000000000,3140.000000000000,
169598,1,3214.005000000000,4450.004999999999,
169598,1,3220.000000000000,4460.000000000000,
169599,1,3321.005000000000,4525.005000000001,
169599,1,3340.000000000000,4540.000000000000,
169605,1,3479.005000000000,3877.005000000000,
169605,1,3480.000000000000,3880.000000000000,
169607,1,2456.005000000000,2654.005000000000,
169607,1,2460.000000000000,2660.000000000000,
169608,1,2080.000000000000,2160.000000000000,
169608,1,2080.005000000000,2156.005000000000,
169631,1,5832.004999999999,6047.005000000001,
169631,1,5840.000000000000,5980.000000000000,
169633,1,2180.000000000000,2340.000000000000,
169633,1,2180.005000000000,2327.005000000000,
169634,1,3270.005000000000,4743.005000000001,
169634,1,3280.000000000000,4760.000000000000,
169691,1,2048.005000000000,2155.005000000000,
169854,1,1168.000000000000,1264.000000000000,
169854,1,1180.000000000000,1280.000000000000,
169864,1,1211.000000000000,1478.000000000000,
169864,1,1220.000000000000,1480.000000000000,
169876,1,1465.000000000000,1695.000000000000,
169876,1,1480.000000000000,1700.000000000000,
169887,1,1831.000000000000,1954.000000000000,
169887,1,1840.000000000000,1960.000000000000,
169890,1,1744.000000000000,2295.000000000000,
169890,1,1760.000000000000,2300.000000000000,
169893,1,1770.000000000000,1928.000000000000,
169893,1,1780.000000000000,1940.000000000000,
169894,1,1917.000000000000,2225.000000000000,
169894,1,1920.000000000000,2240.000000000000,
169902,1,1986.000000000000,2134.000000000000,
169902,1,2000.000000000000,2140.000000000000,
169904,1,1657.000000000000,1789.000000000000,
169904,1,1660.000000000000,1800.000000000000,
169921,1,2993.000000000000,4543.000000000001,
169921,1,3000.000000000000,4560.000000000000,
169959,1,4988.000000000001,5192.000000000001,
169959,1,5000.000000000000,5200.000000000000,
169960,1,5416.000000000001,5482.000000000001,
169960,1,5420.000000000000,5500.000000000000,
169993,1,5598.000000000000,5877.000000000000,
169993,1,5600.000000000000,5880.000000000000,
169997,1,5581.000000000001,6006.000000000000,
169997,1,5600.000000000000,5980.000000000000,
170000,1,4461.000000000001,5079.000000000000,
170000,1,4480.000000000000,5080.000000000000,
170004,1,3296.000000000001,4301.000000000001,
170004,1,3300.000000000000,4320.000000000000,
170005,1,3364.000000000000,3703.000000000001,
170005,1,3380.000000000000,3720.000000000000,
170006,1,4775.000000000001,5008.000000000001,
170006,1,4780.000000000000,5020.000000000000,
170036,1,3941.000000000000,4126.000000000001,
170036,1,3960.000000000000,4140.000000000000,
170059,1,5173.000000000001,5398.000000000000,
170061,1,3309.000000000001,3949.000000000000,
170061,1,3320.000000000000,3960.000000000000,
170066,1,4956.000000000001,5166.000000000001,
170066,1,4960.000000000000,5180.000000000000,
170067,1,2197.000000000000,3172.000000000000,
170067,1,2200.000000000000,3180.000000000000,
170074,1,3338.000000000000,3552.000000000000,
170074,1,3340.000000000000,3560.000000000000,
170075,1,2996.000000000000,3893.000000000000,
170075,1,3000.000000000000,3900.000000000000,
170078,1,3058.000000000000,3997.000000000000,
170078,1,3060.000000000000,4000.000000000000,
170085,1,4413.000000000001,4727.000000000001,
170085,1,4420.000000000000,4740.000000000000,
170086,1,5604.000000000001,5730.000000000001,
170086,1,5620.000000000000,5740.000000000000,
170087,1,5810.000000000001,6108.000000000000,
170087,1,5820.000000000000,5980.000000000000,
170088,1,4018.000000000001,4567.000000000001,
170088,1,4020.000000000000,4580.000000000000,
170089,1,4187.000000000001,4883.000000000001,
170089,1,4200.000000000000,4900.000000000000,
170090,1,4352.000000000001,4778.000000000000,
170090,1,4360.000000000000,4780.000000000000,
170092,1,1620.000000000000,1880.000000000000,
170092,1,1620.000000000000,1873.000000000000,
170093,1,1419.000000000000,1519.000000000000,
170097,1,2279.000000000000,2429.000000000000,
170097,1,2280.000000000000,2440.000000000000,
170098,1,2132.000000000000,2290.000000000000,
170098,1,2140.000000000000,2300.000000000000,
170104,1,3552.000000000000,3913.000000000001,
170106,1,5348.000000000000,5583.000000000001,
170106,1,5360.000000000000,5600.000000000000,
170107,1,4188.000000000000,4382.000000000000,
170107,1,4200.000000000000,4400.000000000000,
170109,1,3746.000000000000,4037.000000000001,
170109,1,3760.000000000000,4040.000000000000,
170112,1,4430.000000000000,5121.000000000001,
170112,1,4440.000000000000,5140.000000000000,
170113,1,4304.000000000001,4425.000000000000,
170113,1,4320.000000000000,4440.000000000000,
170114,1,5745.000000000001,5984.000000000002,
170114,1,5760.000000000000,5980.000000000000,
170122,1,2247.000000000000,2421.000000000000,
170122,1,2260.000000000000,2440.000000000000,
170123,1,2730.000000000000,2829.000000000000,
170123,1,2740.000000000000,2840.000000000000,
170124,1,4812.000000000001,4945.000000000001,
170124,1,4820.000000000000,4960.000000000000,
170125,1,2599.000000000001,2689.000000000000,
170125,1,2600.000000000000,2700.000000000000,
170126,1,2730.000000000000,2864.000000000000,
170126,1,2740.000000000000,2880.000000000000,
170127,1,2362.000000000000,2470.000000000000,
170127,1,2380.000000000000,2480.000000000000,
170152,1,4454.000000000000,4544.000000000000,
170152,1,4460.000000000000,4560.000000000000,
170155,1,4304.000000000001,4378.000000000001,
170155,1,4320.000000000000,4380.000000000000,
170162,1,2442.000000000001,2584.000000000000,
170162,1,2460.000000000000,2600.000000000000,
170176,1,4469.000000000001,4537.000000000001,
170176,1,4480.000000000000,4540.000000000000,
170178,1,3434.000000000001,3521.000000000000,
170178,1,3440.000000000000,3540.000000000000,
170179,1,4034.000000000001,4096.000000000000,
170179,1,4040.000000000000,4100.000000000000,
170188,1,2756.000000000001,2958.000000000001,
170188,1,2760.000000000000,2960.000000000000,
170190,1,5098.000000000000,5153.000000000001,
170192,1,3052.000000000000,3136.000000000000,
170192,1,3060.000000000000,3140.000000000000,
170197,1,2967.000000000000,3036.000000000000,
170197,1,2980.000000000000,3040.000000000000,
170214,1,2748.000000000001,2801.000000000001,
170214,1,2760.000000000000,2820.000000000000,
170215,1,2209.000000000000,2299.000000000000,
170215,1,2220.000000000000,2300.000000000000,
170216,1,3481.000000000000,3539.000000000000,
170216,1,3500.000000000000,3540.000000000000,
170219,1,4384.000000000001,4447.000000000001,
170219,1,4400.000000000000,4460.000000000000,
170221,1,4952.000000000001,5025.000000000001,
170221,1,4960.000000000000,5040.000000000000,
170225,1,4094.000000000001,4171.000000000001,
170225,1,4100.000000000000,4180.000000000000,
170236,1,1752.000000000000,2085.000000000000,
170236,1,1760.000000000000,2100.000000000000,
170238,1,1941.000000000000,2387.000000000000,
170238,1,1960.000000000000,2400.000000000000,
170240,1,2649.000000000000,2967.000000000000,
170240,1,2660.000000000000,2980.000000000000,
170243,1,2051.000000000001,2178.000000000000,
170245,1,1949.000000000000,2281.000000000000,
170245,1,1960.000000000000,2300.000000000000,
170247,1,2122.000000000000,2347.000000000000,
170248,1,2160.000000000000,2380.000000000000,
170248,1,2160.000000000001,2361.000000000000,
170249,1,2062.000000000000,2314.000000000000,
170249,1,2080.000000000000,2320.000000000000,
170250,1,2097.000000000000,2419.000000000000,
170251,1,2151.000000000000,2417.000000000000,
170256,1,3535.000000000001,4305.000000000000,
170256,1,3540.000000000000,4320.000000000000,
170266,1,2153.000000000000,2243.000000000000,
170266,1,2160.000000000000,2260.000000000000,
170267,1,2248.000000000001,2445.000000000000,
170267,1,2260.000000000000,2460.000000000000,
170274,1,3655.000000000001,4046.000000000001,
170274,1,3660.000000000000,4060.000000000000,
170275,1,3955.000000000000,4537.000000000001,
170277,1,2512.000000000000,2739.000000000000,
170277,1,2520.000000000000,2740.000000000000,
170278,1,2157.000000000000,2282.000000000000,
170278,1,2160.000000000000,2300.000000000000,
170282,1,1926.000000000001,2849.000000000001,
170283,1,4359.000000000001,5339.000000000001,
170283,1,4360.000000000000,5340.000000000000,
170285,1,3300.000000000000,3400.000000000000,
170285,1,3300.000000000000,3396.000000000000,
170286,1,3422.000000000000,3597.000000000000,
170286,1,3440.000000000000,3600.000000000000,
170287,1,3480.000000000000,3767.000000000001,
170287,1,3480.000000000000,3780.000000000000,
170290,1,4117.000000000001,4429.000000000001,
170290,1,4120.000000000000,4440.000000000000,
170291,1,3644.000000000001,4028.000000000000,
170291,1,3660.000000000000,4040.000000000000,
170293,1,2308.000000000000,4364.000000000000,
170293,1,2320.000000000000,4380.000000000000,
170294,1,3253.000000000000,3414.000000000000,
170294,1,3260.000000000000,3420.000000000000,
170296,1,3720.000000000000,4520.000000000000,
170296,1,3720.000000000000,4511.000000000001,
170297,1,2085.000000000000,2238.000000000000,
170297,1,2100.000000000000,2240.000000000000,
170301,1,1194.000000000000,2456.000000000000,
170302,1,1611.000000000000,2852.000000000000,
170302,1,1620.000000000000,2860.000000000000,
170303,1,3260.000000000000,3580.000000000000,
170303,1,3260.000000000000,3576.000000000000,
170305,1,1247.000000000000,1969.000000000000,
170305,1,1260.000000000000,1980.000000000000,
170306,1,2062.000000000000,2839.000000000000,
170306,1,2080.000000000000,2840.000000000000,
170307,1,4091.000000000001,5021.000000000001,
170307,1,4100.000000000000,5040.000000000000,
170316,1,3506.000000000001,4618.000000000001,
170316,1,3520.000000000000,4620.000000000000,
170318,1,2027.000000000001,2445.000000000000,
170318,1,2040.000000000000,2460.000000000000,
170322,1,2085.000000000000,2314.000000000000,
170322,1,2100.000000000000,2320.000000000000,
170323,1,2162.000000000000,2840.000000000000,
170325,1,4238.000000000000,4858.000000000000,
170325,1,4240.000000000000,4860.000000000000,
170327,1,3658.000000000000,4933.000000000000,
170327,1,3660.000000000000,4940.000000000000,
170329,1,2146.000000000000,2270.000000000000,
170329,1,2160.000000000000,2280.000000000000,
170330,1,2774.000000000000,3753.000000000000,
170330,1,2780.000000000000,3760.000000000000,
170331,1,2533.000000000000,3115.000000000001,
170331,1,2540.000000000000,3120.000000000000,
170332,1,3767.000000000001,4067.000000000001,
170332,1,3780.000000000000,4080.000000000000,
170337,1,3448.000000000000,3800.000000000000,
170337,1,3460.000000000000,3800.000000000000,
170338,1,2656.000000000000,3035.000000000001,
170338,1,2660.000000000000,3040.000000000000,
170346,1,4096.000000000000,4209.000000000000,
170346,1,4100.000000000000,4220.000000000000,
170348,1,1576.000000000000,2522.000000000001,
170348,1,1580.000000000000,2540.000000000000,
170352,1,1693.000000000000,3088.000000000000,
170352,1,1700.000000000000,3100.000000000000,
170353,1,1765.000000000000,2785.000000000001,
170353,1,1780.000000000000,2800.000000000000,
170357,1,4312.000000000001,4684.000000000001,
170357,1,4320.000000000000,4700.000000000000,
170358,1,4440.000000000000,4800.000000000000,
170358,1,4440.000000000001,4798.000000000001,
170359,1,4836.000000000001,4901.000000000000,
170359,1,4840.000000000000,4920.000000000000,
170364,1,2999.000000000000,3117.000000000000,
170366,1,4974.000000000001,5107.000000000001,
170366,1,4980.000000000000,5120.000000000000,
170385,1,1931.000000000001,2087.000000000000,
170385,1,1940.000000000000,2100.000000000000,
170389,1,4242.000000000001,4780.000000000001,
170389,1,4260.000000000000,4780.000000000000,
170390,1,4053.000000000001,4820.000000000001,
170390,1,4060.000000000000,4820.000000000000,
170391,1,3722.000000000000,4245.000000000001,
170391,1,3740.000000000000,4260.000000000000,
170392,1,2025.000000000000,2269.000000000001,
170392,1,2040.000000000000,2280.000000000000,
170402,1,3687.000000000001,4580.000000000001,
170402,1,3700.000000000000,4580.000000000000,
170403,1,2402.000000000001,4909.000000000000,
170403,1,2420.000000000000,4920.000000000000,
170405,1,2457.000000000000,2756.000000000001,
170405,1,2460.000000000000,2760.000000000000,
170406,1,2912.000000000000,3292.000000000000,
170406,1,2920.000000000000,3300.000000000000,
170407,1,4323.000000000001,4780.000000000001,
170407,1,4340.000000000000,4780.000000000000,
170412,1,4039.000000000000,4635.000000000000,
170412,1,4040.000000000000,4640.000000000000,
170434,1,3850.000000000000,4197.000000000001,
170434,1,3860.000000000000,4200.000000000000,
170442,1,3332.000000000000,3583.000000000001,
170442,1,3340.000000000000,3600.000000000000,
170473,1,5532.000000000001,5606.000000000000,
170484,1,3602.000000000001,3895.000000000000,
170485,1,2578.000000000000,2677.000000000000,
170487,1,4207.000000000000,4434.000000000001,
170488,1,2718.000000000000,2936.000000000000,
170489,1,3856.000000000000,4144.000000000001,
170490,1,3233.000000000000,3398.000000000000,
170492,1,4351.000000000001,4564.000000000001,
170494,1,3449.000000000000,3883.000000000000,
170495,1,3101.000000000000,3475.000000000000,
170497,1,3257.000000000000,3542.000000000000,
170503,1,5537.000000000001,5606.000000000000,
170507,1,3431.000000000000,3611.000000000000,
170514,1,3753.000000000000,3813.000000000000,
170518,1,4868.000000000001,5414.000000000000,
170529,1,2549.000000000000,2613.000000000000,
170536,1,2488.000000000000,2670.000000000000,
170554,1,2563.000000000001,2663.000000000000,
170554,1,2580.000000000000,2680.000000000000,
170555,1,2796.000000000000,2862.000000000000,
170555,1,2800.000000000000,2880.000000000000,
170556,1,2293.000000000000,2421.000000000000,
170556,1,2300.000000000000,2440.000000000000,
170557,1,2572.000000000000,2648.000000000001,
170557,1,2580.000000000000,2660.000000000000,
170558,1,2722.000000000000,2818.000000000000,
170558,1,2740.000000000000,2820.000000000000,
170562,1,2437.000000000000,2518.000000000000,
170562,1,2440.000000000000,2520.000000000000,
170563,1,3912.000000000000,4112.000000000001,
170563,1,3920.000000000000,4120.000000000000,
170564,1,2313.000000000001,2423.000000000000,
170564,1,2320.000000000000,2440.000000000000,
170568,1,2739.000000000000,2811.000000000000,
170568,1,2740.000000000000,2820.000000000000,
170570,1,3530.000000000000,3606.000000000000,
170570,1,3540.000000000000,3620.000000000000,
170572,1,2889.000000000000,2944.000000000000,
170572,1,2900.000000000000,2960.000000000000,
170578,1,3755.000000000000,4263.000000000000,
170580,1,4636.000000000000,4714.000000000001,
170581,1,3894.000000000000,3999.000000000000,
170582,1,4213.000000000000,5344.000000000000,
170583,1,3916.000000000000,4282.000000000001,
170714,1,3070.384000000000,3374.384000000000,
170715,1,2160.000000000000,3320.000000000000,
170715,1,3116.384000000000,4284.384000000000,
170720,1,2448.384000000000,3403.384000000000,
170729,1,1125.384000000000,1245.384000000000,
170731,1,1397.384000000000,1473.384000000000,
170749,1,1982.000000000001,2121.000000000000,
170749,1,2000.000000000000,2140.000000000000,
170751,1,4208.000000000001,4496.000000000000,
170753,1,3543.000000000001,4437.000000000001,
170753,1,3560.000000000000,4440.000000000000,
170755,1,4227.000000000001,4826.000000000000,
170755,1,4240.000000000000,4840.000000000000,
170756,1,3391.000000000000,3602.000000000001,
170757,1,4148.000000000000,4710.000000000001,
170757,1,4160.000000000000,4720.000000000000,
170763,1,2139.000000000001,3890.000000000000,
170763,1,2140.000000000000,3900.000000000000,
170764,1,4183.000000000000,5004.000000000001,
170764,1,4200.000000000000,5020.000000000000,
170766,1,4000.000000000001,4604.000000000001,
170768,1,4174.000000000001,4449.000000000000,
170771,1,2444.000000000000,2670.000000000000,
170771,1,2460.000000000000,2680.000000000000,
170772,1,3517.000000000001,4448.000000000001,
170772,1,3520.000000000000,4460.000000000000,
170775,1,4507.000000000000,4798.000000000001,
170775,1,4520.000000000000,4800.000000000000,
170776,1,3589.000000000000,3988.000000000000,
170776,1,3600.000000000000,4000.000000000000,
170779,1,4261.000000000001,4623.000000000000,
170779,1,4280.000000000000,4640.000000000000,
170780,1,3537.000000000000,4262.000000000000,
170780,1,3540.000000000000,4280.000000000000,
170781,1,3600.000000000000,4488.000000000000,
170781,1,3600.000000000000,4500.000000000000,
170783,1,3361.000000000000,4216.000000000000,
170783,1,3380.000000000000,4220.000000000000,
170790,1,2694.384000000000,4201.384000000000,
170797,1,1008.384000000000,2030.384000000000,
170798,1,300.000000000000,4080.000000000000,
170798,1,1261.384000000000,5029.383999999999,
170800,1,3024.384000000000,5029.383999999999,
170801,1,2100.000000000000,4080.000000000000,
170801,1,3054.384000000000,5029.383999999999,
170803,1,3540.000000000000,4080.000000000000,
170803,1,4503.383999999999,5029.383999999999,
170804,1,2722.384000000000,3617.384000000000,
170805,1,240.000000000000,940.000000000000,
170805,1,1190.384000000000,1890.384000000000,
170806,1,1305.384000000000,1379.384000000000,
170808,1,1140.384000000000,1592.384000000000,
170812,1,1360.000000000000,4080.000000000000,
170812,1,2311.384000000000,5029.383999999999,
170813,1,2427.384000000000,5029.383999999999,
170814,1,3840.000000000000,4080.000000000000,
170814,1,4792.384000000000,5029.383999999999,
170816,1,1520.000000000000,4080.000000000000,
170816,1,2480.384000000000,5029.383999999999,
170822,1,3975.384000000000,5029.383999999999,
170823,1,3000.000000000000,4080.000000000000,
170823,1,3955.384000000000,5029.383999999999,
170888,1,180.000000000000,4080.000000000000,
170888,1,1144.384000000000,5029.383999999999,
171002,1,3402.384000000000,4655.384000000000,
171103,1,3944.000000000000,4166.000000000000,
171103,1,3960.000000000000,4180.000000000000,
171104,1,3738.000000000000,4142.000000000000,
171104,1,3740.000000000000,4160.000000000000,
171105,1,3959.000000000000,4546.000000000001,
171105,1,3960.000000000000,4560.000000000000,
171107,1,4015.000000000000,4200.000000000001,
171107,1,4020.000000000000,4200.000000000000,
171108,1,4021.000000000001,4430.000000000000,
171108,1,4040.000000000000,4440.000000000000,
171111,1,2878.000000000000,3659.000000000000,
171111,1,2880.000000000000,3660.000000000000,
171112,1,4317.000000000001,4610.000000000001,
171112,1,4320.000000000000,4620.000000000000,
171114,1,3675.000000000000,3866.000000000000,
171114,1,3680.000000000000,3880.000000000000,
171126,1,1972.000000000000,2844.000000000000,
171130,1,4696.000000000000,5313.000000000000,
171133,1,3221.000000000000,4109.000000000001,
171140,1,2984.000000000000,3834.000000000000,
171140,1,3000.000000000000,3840.000000000000,
171141,1,2400.000000000000,2840.000000000000,
171141,1,2400.000000000000,2822.000000000000,
171144,1,4906.000000000000,6077.000000000001,
171144,1,4920.000000000000,5980.000000000000,
171145,1,1719.000000000000,1966.000000000000,
171145,1,1720.000000000000,1980.000000000000,
171148,1,1791.000000000000,1981.000000000000,
171148,1,1800.000000000000,2000.000000000000,
171149,1,1800.000000000000,2100.000000000000,
171149,1,1800.000000000000,2096.000000000000,
171165,1,4747.000000000000,5225.000000000000,
171165,1,4760.000000000000,5240.000000000000,
171167,1,5418.000000000001,5807.000000000001,
171167,1,5420.000000000000,5820.000000000000,
171169,1,4822.000000000001,5292.000000000000,
171169,1,4840.000000000000,5300.000000000000,
171174,1,1768.000000000000,2084.000000000000,
171174,1,1780.000000000000,2100.000000000000,
171175,1,1756.000000000000,2172.000000000000,
171175,1,1760.000000000000,2180.000000000000,
171176,1,2249.000000000000,5263.000000000000,
171176,1,2260.000000000000,5280.000000000000,
171177,1,5471.000000000001,5627.000000000000,
171177,1,5480.000000000000,5640.000000000000,
171178,1,5014.000000000001,5327.000000000001,
171178,1,5020.000000000000,5340.000000000000,
171200,1,2851.000000000000,2925.000000000000,
171200,1,2860.000000000000,2940.000000000000,
171201,1,5362.000000000001,5669.000000000001,
171201,1,5380.000000000000,5680.000000000000,
171204,1,5045.000000000001,5167.000000000000,
171204,1,5060.000000000000,5180.000000000000,
171217,1,2766.000000000000,2886.000000000000,
171217,1,2780.000000000000,2900.000000000000,
171229,1,3330.000000000000,3587.000000000000,
171229,1,3340.000000000000,3600.000000000000,
171231,1,3553.000000000000,3801.000000000001,
171231,1,3560.000000000000,3820.000000000000,
171236,1,1691.000000000000,2234.000000000000,
171236,1,1700.000000000000,2240.000000000000,
171237,1,2682.000000000000,2857.000000000001,
171237,1,2700.000000000000,2860.000000000000,
171238,1,3178.000000000000,3363.000000000000,
171238,1,3180.000000000000,3380.000000000000,
171239,1,1937.000000000000,2159.000000000000,
171239,1,1940.000000000000,2160.000000000000,
171240,1,2138.000000000000,2293.000000000001,
171240,1,2140.000000000000,2300.000000000000,
171241,1,2461.000000000000,2613.000000000000,
171241,1,2480.000000000000,2620.000000000000,
171289,1,2446.000000000000,2718.000000000000,
171289,1,2460.000000000000,2720.000000000000,
171290,1,2468.000000000000,2671.000000000001,
171290,1,2480.000000000000,2680.000000000000,
171291,1,2223.000000000000,2380.000000000000,
171291,1,2240.000000000000,2380.000000000000,
171294,1,2307.000000000000,2509.000000000000,
171294,1,2320.000000000000,2520.000000000000,
171295,1,2036.000000000000,2530.000000000001,
171295,1,2040.000000000000,2540.000000000000,
171297,1,2706.000000000000,2907.000000000000,
171297,1,2720.000000000000,2920.000000000000,
171298,1,2105.000000000000,2303.000000000000,
171298,1,2120.000000000000,2320.000000000000,
171301,1,2203.000000000000,2611.000000000000,
171301,1,2220.000000000000,2620.000000000000,
171303,1,2398.000000000000,2563.000000000000,
171303,1,2400.000000000000,2580.000000000000,
171305,1,2485.000000000000,2721.000000000000,
171305,1,2500.000000000000,2740.000000000000,
171306,1,2463.000000000000,2795.000000000000,
171306,1,2480.000000000000,2800.000000000000,
171307,1,2561.000000000000,2937.000000000001,
171307,1,2580.000000000000,2940.000000000000,
171308,1,3078.000000000001,3176.000000000001,
171308,1,3080.000000000000,3180.000000000000,
171311,1,3073.000000000000,3419.000000000000,
171311,1,3080.000000000000,3420.000000000000,
171312,1,3771.000000000000,3902.000000000001,
171312,1,3780.000000000000,3920.000000000000,
171315,1,3739.000000000000,3893.000000000000,
171315,1,3740.000000000000,3900.000000000000,
171318,1,2514.000000000001,2718.000000000000,
171318,1,2520.000000000000,2720.000000000000,
171320,1,3420.000000000000,3840.000000000000,
171320,1,3420.000000000000,3830.000000000000,
171322,1,2833.000000000001,3180.000000000000,
171322,1,2840.000000000000,3180.000000000000,
171480,1,4525.000000000000,4759.000000000000,
171480,1,4540.000000000000,4760.000000000000,
171488,1,2058.000000000000,2155.000000000001,
171488,1,2060.000000000000,2160.000000000000,
171505,1,4904.000000000001,4967.000000000000,
171505,1,4920.000000000000,4980.000000000000,
171506,1,3039.000000000000,3136.000000000000,
171506,1,3040.000000000000,3140.000000000000,
171507,1,1914.000000000000,1982.000000000001,
171507,1,1920.000000000000,2000.000000000000,
171508,1,2527.000000000001,2666.000000000001,
171508,1,2540.000000000000,2680.000000000000,
171510,1,3696.000000000000,3907.000000000000,
171510,1,3700.000000000000,3920.000000000000,
171512,1,2032.000000000000,2158.000000000001,
171512,1,2040.000000000000,2160.000000000000,
171513,1,2524.000000000000,2641.000000000000,
171513,1,2540.000000000000,2660.000000000000,
171514,1,2772.000000000001,3257.000000000000,
171514,1,2780.000000000000,3260.000000000000,
171516,1,1947.000000000001,2046.000000000001,
171516,1,1960.000000000000,2060.000000000000,
171517,1,1958.000000000001,2080.000000000000,
171517,1,1960.000000000000,2080.000000000000,
171520,1,3582.000000000000,3748.000000000001,
171520,1,3600.000000000000,3760.000000000000,
171565,1,2559.000000000001,2851.000000000000,
171567,1,4332.000000000000,4701.000000000000,
171569,1,3436.000000000000,3685.000000000001,
171623,1,3016.000000000000,6077.000000000002,
171628,1,2295.000000000000,6077.000000000002,
171630,1,2229.000000000000,2588.000000000000,
171631,1,2922.000000000000,6077.000000000002,
171634,1,2765.000000000000,3140.000000000000,
171658,1,1734.000000000000,2728.000000000000,
171658,1,1740.000000000000,2740.000000000000,
171918,1,2575.000000000001,3399.000000000000,
171923,1,2928.384000000000,3271.384000000000,
171930,1,2584.000000000000,4482.000000000001,
171930,1,2600.000000000000,4500.000000000000,
171934,1,1891.000000000000,4195.000000000001,
171934,1,1900.000000000000,4200.000000000000,
171936,1,2405.000000000001,2628.000000000000,
171936,1,2420.000000000000,2640.000000000000,
171939,1,2271.000000000000,2848.000000000000,
171939,1,2280.000000000000,2860.000000000000,
171953,1,3844.000000000001,4244.000000000000,
171953,1,3860.000000000000,4260.000000000000,
171974,1,2415.000000000000,4348.000000000000,
171974,1,2420.000000000000,4360.000000000000,
171977,1,2387.000000000000,3412.000000000000,
171977,1,2400.000000000000,3420.000000000000,
171991,1,4658.000000000001,4812.000000000001,
171991,1,4660.000000000000,4820.000000000000,
172040,1,1684.000000000000,2592.000000000000,
172157,1,2276.000000000000,2342.000000000000,
172158,1,3457.000000000000,3524.000000000000,
172161,1,2625.000000000000,2809.000000000001,
172164,1,3306.000000000000,3402.000000000001,
172166,1,2901.000000000000,3024.000000000000,
172167,1,2875.000000000000,3006.000000000001,
172168,1,3577.000000000000,3661.000000000000,
172171,1,4036.000000000000,4169.000000000000,
172176,1,2603.000000000000,2970.000000000000,
172185,1,1314.002000000000,1550.002000000000,
172205,1,4566.000000000000,4647.000000000001,
172205,1,4580.000000000000,4660.000000000000,
172206,1,2667.000000000000,2779.000000000000,
172206,1,2680.000000000000,2780.000000000000,
172264,1,2263.000000000001,2517.000000000000,
172264,1,2280.000000000000,2520.000000000000,
172272,1,1655.000000000000,1888.000000000001,
172280,1,2521.000000000001,2624.000000000000,
172444,1,3698.000000000001,3855.000000000000,
172444,1,3700.000000000000,3860.000000000000,
172446,1,3871.000000000000,4510.000000000000,
172446,1,3880.000000000000,4520.000000000000,
172449,1,4887.000000000001,4987.000000000001,
172449,1,4900.000000000000,5000.000000000000,
172450,1,3420.000000000000,4100.000000000000,
172450,1,3420.000000000000,4096.000000000000,
172451,1,3205.000000000000,3838.000000000000,
172451,1,3220.000000000000,3840.000000000000,
172454,1,3966.000000000001,4544.000000000000,
172454,1,3980.000000000000,4560.000000000000,
172457,1,4972.000000000001,5127.000000000000,
172457,1,4980.000000000000,5140.000000000000,
172458,1,3547.000000000000,4159.000000000000,
172458,1,3560.000000000000,4160.000000000000,
172459,1,4073.000000000001,4252.000000000000,
172459,1,4080.000000000000,4260.000000000000,
172461,1,3834.000000000000,4425.000000000000,
172461,1,3840.000000000000,4440.000000000000,
172463,1,4020.000000000000,4140.000000000000,
172463,1,4020.000000000000,4140.000000000000,
172472,1,2118.000000000000,2382.000000000000,
172472,1,2120.000000000000,2400.000000000000,
172473,1,2078.000000000000,2416.000000000000,
172473,1,2080.000000000000,2420.000000000000,
172474,1,4257.000000000000,4667.000000000000,
172474,1,4260.000000000000,4680.000000000000,
172475,1,3416.000000000001,3798.000000000000,
172475,1,3420.000000000000,3800.000000000000,
172476,1,3688.000000000000,4214.000000000001,
172476,1,3700.000000000000,4220.000000000000,
172478,1,3961.000000000001,4131.000000000001,
172478,1,3980.000000000000,4140.000000000000,
172482,1,2231.000000000000,2374.000000000000,
172483,1,1697.000000000001,1842.000000000000,
172487,1,1725.000000000000,2208.000000000001,
172487,1,1740.000000000000,2220.000000000000,
172491,1,3350.000000000000,3634.000000000001,
172491,1,3360.000000000000,3640.000000000000,
172497,1,3894.000000000001,4304.000000000001,
172497,1,3900.000000000000,4320.000000000000,
172500,1,4413.000000000001,4537.000000000001,
172500,1,4420.000000000000,4540.000000000000,
172501,1,2302.000000000000,3631.000000000001,
172501,1,2320.000000000000,3640.000000000000,
172502,1,2307.000000000000,4552.000000000000,
172502,1,2320.000000000000,4560.000000000000,
172526,1,2999.000000000000,3139.000000000001,
172526,1,3000.000000000000,3140.000000000000,
172537,1,3434.000000000001,5024.000000000001,
172537,1,3440.000000000000,5040.000000000000,
172541,1,1700.000000000000,2200.000000000000,
172541,1,3655.384000000000,4157.383999999999,
172542,1,1040.000000000000,4080.000000000000,
172542,1,3000.384000000000,6029.383999999999,
172545,1,2500.000000000000,4080.000000000000,
172545,1,4453.384000000000,6029.383999999999,
172563,1,1700.000000000000,1820.000000000000,
172563,1,3659.384000000000,3782.384000000000,
172569,1,3501.000000000000,3878.000000000000,
172569,1,3520.000000000000,3880.000000000000,
172573,1,3826.000000000000,4129.000000000000,
172573,1,3840.000000000000,4140.000000000000,
172577,1,4195.000000000000,7694.000000000001,
172577,1,4200.000000000000,5980.000000000000,
173018,1,1339.000000000000,1948.000000000000,
173020,1,1161.000000000000,2486.000000000000,
173066,1,1534.000000000000,3220.000000000000,
173067,1,1356.000000000000,2516.000000000000,
173069,1,2422.000000000000,2601.000000000000,
173070,1,947.000000000001,3987.000000000000,
173202,1,2634.000000000001,2770.000000000000,
173204,1,2187.000000000001,2403.000000000000,
173205,1,2063.000000000000,2224.000000000001,
173206,1,1915.000000000001,2145.000000000000,
173207,1,1356.000000000000,2304.000000000001,
173208,1,1355.000000000000,2388.000000000000,
173221,1,4087.000000000001,4366.000000000001,
173238,1,2647.000000000001,4610.000000000001,
173242,1,1447.000000000001,1568.000000000000,
173252,1,4913.000000000000,5042.000000000001,
173369,1,1186.000000000000,1578.000000000000,
173378,1,4507.000000000000,5010.000000000000,
173378,1,4520.000000000000,5020.000000000000,
173609,1,3869.000000000001,4002.000000000001,
173609,1,3880.000000000000,4020.000000000000,
173611,1,3624.000000000000,4373.000000000000,
173611,1,3640.000000000000,4380.000000000000,
173625,1,3722.000000000000,4688.000000000001,
173625,1,3740.000000000000,4700.000000000000,
173628,1,4071.999999999999,6828.000000000000,
173628,1,4080.000000000000,5980.000000000000,
173634,1,3346.000000000000,4744.000000000000,
173634,1,3360.000000000000,4760.000000000000,
173635,1,3514.000000000000,4307.000000000001,
173635,1,3520.000000000000,4320.000000000000,
173637,1,4113.000000000000,4186.000000000001,
173637,1,4120.000000000000,4200.000000000000,
173641,1,2308.000000000000,2387.000000000000,
173641,1,2320.000000000000,2400.000000000000,
173741,1,1915.000000000000,6131.000000000001,
173741,1,1920.000000000000,5980.000000000000,
173743,1,1687.000000000000,1954.000000000000,
173743,1,1700.000000000000,1960.000000000000,
173746,1,3390.000000000000,3818.000000000000,
173746,1,3400.000000000000,3820.000000000000,
173748,1,4259.000000000001,5844.999999999999,
173748,1,4260.000000000000,5860.000000000000,
173769,1,3460.000000000000,4000.000000000000,
173769,1,3460.000000000000,3999.000000000001,
173773,1,3143.000000000000,3668.000000000001,
173773,1,3160.000000000000,3680.000000000000,
173801,1,1802.000000000001,2233.000000000001,
173801,1,1820.000000000000,2240.000000000000,
173802,1,1787.000000000000,2222.000000000001,
173802,1,1800.000000000000,2240.000000000000,
173803,1,3780.000000000000,4840.000000000000,
173803,1,3780.000000000001,4838.000000000002,
173807,1,4603.000000000000,5882.000000000000,
173807,1,4620.000000000000,5900.000000000000,
173808,1,5994.000000000000,6196.000000000000,
173809,1,3305.000000000001,3546.000000000001,
173809,1,3320.000000000000,3560.000000000000,
173810,1,2997.000000000000,3130.000000000000,
173810,1,3000.000000000000,3140.000000000000,
173811,1,3116.000000000001,3357.000000000001,
173811,1,3120.000000000000,3360.000000000000,
173812,1,3978.000000000001,4464.000000000001,
173812,1,3980.000000000000,4480.000000000000,
173815,1,4530.000000000002,5005.000000000001,
173815,1,4540.000000000000,5020.000000000000,
173820,1,4774.000000000002,5032.000000000001,
173820,1,4780.000000000000,5040.000000000000,
173821,1,4301.000000000001,5127.000000000001,
173821,1,4320.000000000000,5140.000000000000,
173822,1,4325.000000000002,6055.000000000000,
173822,1,4340.000000000000,5980.000000000000,
173827,1,4430.000000000000,4755.000000000001,
173827,1,4440.000000000000,4760.000000000000,
173834,1,2642.000000000001,2727.000000000001,
173834,1,2660.000000000000,2740.000000000000,
173837,1,3015.000000000001,3266.000000000000,
173837,1,3020.000000000000,3280.000000000000,
173838,1,2912.000000000000,3249.000000000001,
173838,1,2920.000000000000,3260.000000000000,
173839,1,3375.000000000000,3470.000000000001,
173839,1,3380.000000000000,3480.000000000000,
173840,1,4483.000000000001,4557.000000000001,
173840,1,4500.000000000000,4560.000000000000,
173841,1,2431.000000000000,4188.000000000001,
173841,1,2440.000000000000,4200.000000000000,
173842,1,2488.000000000001,3422.000000000001,
173842,1,2500.000000000000,3440.000000000000,
173843,1,2499.000000000001,2580.000000000000,
173843,1,2500.000000000000,2580.000000000000,
173844,1,2750.000000000000,2864.000000000000,
173844,1,2760.000000000000,2880.000000000000,
173845,1,2728.000000000000,2795.000000000000,
173845,1,2740.000000000000,2800.000000000000,
173847,1,2774.000000000000,2886.000000000000,
173847,1,2780.000000000000,2900.000000000000,
173848,1,2381.000000000001,2624.000000000001,
173848,1,2400.000000000000,2640.000000000000,
173852,1,2322.000000000000,2409.000000000000,
173852,1,2340.000000000000,2420.000000000000,
173855,1,1870.000000000000,2920.000000000000,
173855,1,1880.000000000000,2920.000000000000,
173856,1,2471.000000000000,2730.000000000000,
173856,1,2480.000000000000,2740.000000000000,
173857,1,4323.000000000000,4434.000000000001,
173857,1,4340.000000000000,4440.000000000000,
173858,1,2300.000000000000,2840.000000000000,
173858,1,2300.000000000000,2823.000000000000,
173859,1,2305.000000000000,2439.000000000000,
173859,1,2320.000000000000,2440.000000000000,
173860,1,2670.000000000000,2745.000000000000,
173860,1,2680.000000000000,2760.000000000000,
173861,1,2159.000000000000,2664.000000000000,
173861,1,2160.000000000000,2680.000000000000,
173862,1,3314.000000000000,3427.000000000000,
173862,1,3320.000000000000,3440.000000000000,
173869,1,4411.000000000000,4706.000000000000,
173869,1,4420.000000000000,4720.000000000000,
173870,1,4769.000000000001,4920.000000000001,
173870,1,4780.000000000000,4920.000000000000,
173874,1,4454.000000000000,4683.000000000000,
173874,1,4460.000000000000,4700.000000000000,
173881,1,3679.000000000000,3740.000000000000,
173881,1,3680.000000000000,3740.000000000000,
173883,1,3719.000000000000,3791.000000000000,
173883,1,3720.000000000000,3800.000000000000,
173887,1,4590.000000000000,4835.000000000001,
173887,1,4600.000000000000,4840.000000000000,
173888,1,2827.000000000000,2911.000000000000,
173888,1,2840.000000000000,2920.000000000000,
173889,1,3952.000000000000,4102.000000000000,
173889,1,3960.000000000000,4120.000000000000,
173893,1,3716.000000000001,3782.000000000000,
173893,1,3720.000000000000,3800.000000000000,
173896,1,3430.000000000000,3579.000000000000,
173896,1,3440.000000000000,3580.000000000000,
173913,1,4732.000000000001,4960.000000000001,
173913,1,4740.000000000000,4960.000000000000,
173914,1,3321.000000000000,3754.000000000000,
173914,1,3340.000000000000,3760.000000000000,
173917,1,4476.000000000001,4621.000000000000,
173917,1,4480.000000000000,4640.000000000000,
173918,1,3502.000000000000,3571.000000000000,
173918,1,3520.000000000000,3580.000000000000,
173919,1,3113.000000000000,3678.000000000000,
173919,1,3120.000000000000,3680.000000000000,
173949,1,3180.000000000000,3480.000000000000,
173949,1,3180.000000000000,3468.000000000000,
173950,1,2588.000000000000,3949.000000000000,
173950,1,2600.000000000000,3960.000000000000,
173952,1,3583.000000000001,3642.000000000000,
173952,1,3600.000000000000,3660.000000000000,
173953,1,4647.000000000001,5117.000000000001,
173953,1,4660.000000000000,5120.000000000000,
173955,1,2938.000000000000,3092.000000000000,
173955,1,2940.000000000000,3100.000000000000,
173956,1,3175.000000000000,3813.000000000000,
173956,1,3180.000000000000,3820.000000000000,
173958,1,5193.000000000000,6073.000000000001,
173958,1,5200.000000000000,5980.000000000000,
173961,1,5076.000000000000,5460.000000000001,
173961,1,5080.000000000000,5460.000000000000,
173973,1,1734.000000000000,1976.000000000000,
173973,1,1740.000000000000,1980.000000000000,
173974,1,2671.000000000000,2910.000000000000,
173974,1,2680.000000000000,2920.000000000000,
173978,1,2063.000000000000,2239.000000000000,
173978,1,2080.000000000000,2240.000000000000,
173981,1,4553.000000000001,4885.000000000000,
173981,1,4560.000000000000,4900.000000000000,
173982,1,4635.000000000000,4908.000000000000,
173982,1,4640.000000000000,4920.000000000000,
173984,1,3841.000000000001,4095.000000000000,
173984,1,3860.000000000000,4100.000000000000,
173989,1,1908.000000000000,2023.000000000000,
173989,1,1920.000000000000,2040.000000000000,
173990,1,3670.000000000000,4039.000000000000,
173990,1,3680.000000000000,4040.000000000000,
173991,1,3383.000000000000,3708.000000000001,
173991,1,3400.000000000000,3720.000000000000,
173992,1,3330.000000000000,3521.000000000000,
173992,1,3340.000000000000,3540.000000000000,
174044,1,1920.000000000000,2547.000000000000,
174222,1,1826.000000000000,1969.000000000001,
174222,1,1840.000000000000,1980.000000000000,
174223,1,1620.000000000000,1780.000000000000,
174223,1,1620.000000000001,1780.000000000001,
174294,1,4421.000000000001,5248.000000000001,
174295,1,1441.000000000000,1590.000000000000,
174298,1,1724.000000000001,4905.000000000001,
174299,1,1945.000000000001,4126.000000000001,
174302,1,2221.000000000000,4141.000000000002,
174424,1,4708.000000000001,4782.000000000001,
174424,1,4720.000000000000,4800.000000000000,
174425,1,2199.000000000000,2256.000000000000,
174425,1,2200.000000000000,2260.000000000000,
174436,1,3080.000000000000,3440.000000000000,
174436,1,3080.000000000000,3423.000000000000,
174446,1,3232.000000000001,3493.000000000000,
174446,1,3240.000000000000,3500.000000000000,
174449,1,4336.000000000001,4674.000000000001,
174449,1,4340.000000000000,4680.000000000000,
174450,1,3176.000000000001,3274.000000000000,
174450,1,3180.000000000000,3280.000000000000,
174452,1,2511.000000000000,2608.000000000000,
174452,1,2520.000000000000,2620.000000000000,
174454,1,2628.000000000000,2885.000000000000,
174454,1,2640.000000000000,2900.000000000000,
174455,1,3177.000000000000,3258.000000000000,
174455,1,3180.000000000000,3260.000000000000,
174456,1,3263.000000000000,3363.000000000000,
174456,1,3280.000000000000,3380.000000000000,
174457,1,2427.000000000000,2518.000000000000,
174457,1,2440.000000000000,2520.000000000000,
174459,1,3268.000000000000,3376.000000000000,
174459,1,3280.000000000000,3380.000000000000,
174480,1,6457.000000000000,6521.000000000001,
174485,1,6405.000000000001,6551.000000000000,
174524,1,3859.000000000000,4334.000000000000,
174608,1,4863.000000000001,4977.000000000001,
174608,1,4880.000000000000,4980.000000000000,
174612,1,3404.000000000000,3515.000000000000,
174612,1,3420.000000000000,3520.000000000000,
174618,1,4564.000000000001,4646.000000000001,
174618,1,4580.000000000000,4660.000000000000,
174628,1,3459.000000000000,3611.000000000000,
174628,1,3460.000000000000,3620.000000000000,
174629,1,3224.000000000001,3662.000000000000,
174629,1,3240.000000000000,3680.000000000000,
174634,1,3582.000000000000,3693.000000000000,
174634,1,3600.000000000000,3700.000000000000,
174635,1,3262.000000000000,3545.000000000000,
174635,1,3280.000000000000,3560.000000000000,
174636,1,3156.000000000000,3304.000000000001,
174636,1,3160.000000000000,3320.000000000000,
174644,1,2295.000000000000,2368.000000000000,
174661,1,1094.000000000000,1164.000000000000,
174661,1,1100.000000000000,1180.000000000000,
174684,1,5043.000000000001,5319.000000000001,
174684,1,5060.000000000000,5320.000000000000,
174685,1,4172.000000000000,4403.000000000000,
174685,1,4180.000000000000,4420.000000000000,
174690,1,4687.000000000001,5004.000000000001,
174690,1,4700.000000000000,5020.000000000000,
174692,1,5183.000000000000,5435.000000000000,
174692,1,5200.000000000000,5440.000000000000,
174694,1,1967.000000000000,2073.000000000000,
174694,1,1980.000000000000,2080.000000000000,
174710,1,3718.000000000000,4063.000000000000,
174710,1,3720.000000000000,4080.000000000000,
174718,1,3799.000000000001,4585.000000000001,
174718,1,3800.000000000000,4600.000000000000,
174720,1,2118.000000000000,2307.000000000000,
174720,1,2120.000000000000,2320.000000000000,
174722,1,2418.000000000001,2563.000000000000,
174722,1,2420.000000000000,2580.000000000000,
174723,1,2371.000000000000,2512.000000000000,
174723,1,2380.000000000000,2520.000000000000,
174724,1,2412.000000000000,2523.000000000000,
174724,1,2420.000000000000,2540.000000000000,
174725,1,2471.000000000000,2620.000000000000,
174725,1,2480.000000000000,2620.000000000000,
174739,1,760.000000000000,1060.000000000000,
174739,1,1720.384000000000,2028.384000000000,
174744,1,1800.000000000000,2040.000000000000,
174744,1,2767.384000000000,3005.384000000000,
174752,1,840.000000000000,1160.000000000000,
174752,1,1808.384000000000,2116.384000000000,
174755,1,860.000000000000,1060.000000000000,
174755,1,1828.384000000000,2016.384000000000,
174756,1,2680.000000000000,2840.000000000000,
174756,1,3640.384000000000,3808.384000000000,
174757,1,840.000000000000,1140.000000000000,
174757,1,1802.384000000000,2092.384000000000,
174759,1,1080.000000000000,1180.000000000000,
174759,1,2034.384000000000,2139.384000000000,
174761,1,780.000000000000,1100.000000000000,
174761,1,1737.384000000000,2065.384000000000,
174762,1,840.000000000000,1100.000000000000,
174762,1,1792.384000000000,2049.384000000000,
174763,1,2100.000000000000,2540.000000000000,
174763,1,3067.384000000000,3502.384000000000,
174764,1,2220.000000000000,2400.000000000000,
174764,1,3171.384000000000,3361.384000000000,
174767,1,3895.384000000000,4154.384000000000,
174768,1,1663.384000000000,2043.384000000000,
174802,1,4752.384000000000,4946.384000000000,
174804,1,3012.384000000000,3272.384000000000,
174810,1,1975.384000000000,2088.384000000000,
174812,1,1863.384000000000,2019.384000000000,
174852,1,3140.000000000000,3520.000000000000,
174852,1,4090.384000000000,4483.384000000000,
174878,1,1300.000000000000,1500.000000000000,
174878,1,2254.384000000000,2462.384000000000,
174879,1,1260.000000000000,1480.000000000000,
174879,1,2223.384000000000,2434.384000000000,
174880,1,1320.000000000000,1520.000000000000,
174880,1,2271.384000000000,2478.384000000000,
174881,1,1380.000000000000,1600.000000000000,
174881,1,2341.384000000000,2554.384000000000,
174882,1,1360.000000000000,1600.000000000000,
174882,1,2323.384000000000,2566.384000000000,
174883,1,1540.000000000000,1720.000000000000,
174883,1,2500.384000000000,2686.384000000000,
174889,1,6424.000000000001,6568.000000000001,
174911,1,4194.000000000001,4424.000000000001,
174911,1,4200.000000000000,4440.000000000000,
174912,1,3918.000000000001,4092.000000000000,
174912,1,3920.000000000000,4100.000000000000,
174919,1,1856.000000000000,2019.000000000001,
174919,1,1860.000000000000,2020.000000000000,
174922,1,3350.000000000000,3576.000000000000,
174922,1,3360.000000000000,3580.000000000000,
174924,1,3344.000000000001,4685.000000000000,
174924,1,3360.000000000000,4700.000000000000,
174925,1,1758.000000000000,4628.000000000001,
174925,1,1760.000000000000,4640.000000000000,
174926,1,2991.000000000000,4972.000000000001,
174926,1,3000.000000000000,4980.000000000000,
174927,1,4676.000000000001,5379.000000000001,
174927,1,4680.000000000000,5380.000000000000,
174928,1,4912.000000000001,5533.000000000001,
174928,1,4920.000000000000,5540.000000000000,
174929,1,1314.000000000000,1402.000000000000,
174929,1,1320.000000000000,1420.000000000000,
174936,1,4089.000000000000,4322.000000000001,
174936,1,4100.000000000000,4340.000000000000,
174937,1,4083.000000000001,4329.000000000000,
174937,1,4100.000000000000,4340.000000000000,
174938,1,1315.000000000000,1410.000000000000,
174938,1,1320.000000000000,1420.000000000000,
174940,1,3811.000000000000,5385.000000000000,
174940,1,3820.000000000000,5400.000000000000,
174942,1,1592.000000000000,1940.000000000000,
174942,1,1600.000000000000,1940.000000000000,
174944,1,1502.000000000000,2006.000000000000,
174944,1,1520.000000000000,2020.000000000000,
174947,1,1540.000000000000,2008.000000000000,
174948,1,1824.000000000000,2176.000000000001,
174948,1,1840.000000000000,2180.000000000000,
174950,1,1193.000000000000,2011.000000000000,
174950,1,1200.000000000000,2020.000000000000,
174956,1,2092.000000000000,2739.000000000000,
174957,1,2341.000000000001,3429.000000000001,
174957,1,2360.000000000000,3440.000000000000,
174960,1,2065.000000000000,2441.000000000000,
174960,1,2080.000000000000,2460.000000000000,
174961,1,2190.000000000000,2853.000000000000,
174961,1,2200.000000000000,2860.000000000000,
174962,1,2100.000000000000,3322.000000000000,
174962,1,2100.000000000000,3340.000000000000,
174963,1,1625.000000000000,1843.000000000000,
174963,1,1640.000000000000,1860.000000000000,
174964,1,2143.000000000000,2516.000000000000,
174964,1,2160.000000000000,2520.000000000000,
174965,1,2192.000000000001,2650.000000000000,
174965,1,2200.000000000000,2660.000000000000,
174966,1,2272.000000000001,2655.000000000001,
174966,1,2280.000000000000,2660.000000000000,
174967,1,3221.000000000000,3481.000000000000,
174967,1,3240.000000000000,3500.000000000000,
174968,1,2054.000000000000,2366.000000000000,
174968,1,2060.000000000000,2380.000000000000,
174970,1,4963.000000000001,5357.000000000001,
174970,1,4980.000000000000,5360.000000000000,
174972,1,1866.000000000000,2012.000000000000,
174972,1,1880.000000000000,2020.000000000000,
174977,1,3774.000000000000,4828.000000000001,
174977,1,3780.000000000000,4840.000000000000,
174985,1,2217.000000000000,2450.000000000001,
174985,1,2220.000000000000,2460.000000000000,
174990,1,1907.000000000000,3120.000000000000,
174990,1,1920.000000000000,3120.000000000000,
174993,1,1787.000000000000,3404.000000000000,
174993,1,1800.000000000000,3420.000000000000,
174996,1,1246.000000000000,3981.000000000000,
174996,1,1260.000000000000,4000.000000000000,
174999,1,3902.000000000001,4216.000000000001,
174999,1,3920.000000000000,4220.000000000000,
175000,1,2979.000000000000,4944.000000000001,
175000,1,2980.000000000000,4960.000000000000,
175017,1,2148.000000000000,2331.000000000000,
175028,1,3508.000000000000,4182.000000000001,
175031,1,3711.000000000001,3907.000000000000,
175034,1,3065.000000000000,3345.000000000000,
175036,1,3671.000000000001,3856.000000000000,
175037,1,3530.000000000001,3717.000000000000,
175038,1,3747.000000000000,3950.000000000001,
175047,1,1254.000000000000,2799.000000000000,
175048,1,2670.000000000000,2813.000000000000,
175049,1,2716.000000000001,2876.000000000000,
175050,1,2549.000000000000,2752.000000000000,
175051,1,1813.000000000000,1977.000000000000,
175053,1,1503.000000000000,1712.000000000000,
175054,1,3126.000000000000,3270.000000000000,
175055,1,3060.000000000000,3218.000000000000,
175056,1,3105.000000000000,3300.000000000000,
175057,1,2787.000000000000,2945.000000000001,
175058,1,2400.000000000000,2679.000000000001,
175143,1,1720.000000000000,1900.000000000000,
175143,1,2682.384000000000,2856.384000000000,
175144,1,1860.000000000000,2200.000000000000,
175144,1,2822.384000000000,3160.384000000000,
175146,1,2180.000000000000,2380.000000000000,
175146,1,3142.384000000000,3348.384000000000,
175148,1,2020.000000000000,2240.000000000000,
175148,1,2985.384000000000,3190.384000000000,
175150,1,2620.000000000000,2840.000000000000,
175150,1,3587.384000000000,3792.384000000000,
175201,1,2338.000000000000,2839.000000000000,
175201,1,2340.000000000000,2840.000000000000,
175226,1,2983.000000000000,3033.000000000000,
175226,1,3000.000000000000,3040.000000000000,
175263,1,2733.000000000000,2854.000000000000,
175264,1,3417.000000000000,5787.000000000001,
175269,1,3038.000000000001,3342.000000000000,
175269,1,3040.000000000000,3360.000000000000,
175270,1,3426.000000000001,4642.000000000001,
175270,1,3440.000000000000,4660.000000000000,
175273,1,4530.000000000001,4899.000000000001,
175273,1,4540.000000000000,4900.000000000000,
175279,1,2926.000000000001,3223.000000000000,
175279,1,2940.000000000000,3240.000000000000,
175280,1,3326.000000000000,4733.000000000000,
175280,1,3340.000000000000,4740.000000000000,
175284,1,2277.000000000000,2611.000000000000,
175284,1,2280.000000000000,2620.000000000000,
175288,1,2515.000000000000,3683.000000000000,
175288,1,2520.000000000000,3700.000000000000,
175293,1,2468.000000000000,2563.000000000000,
175293,1,2480.000000000000,2580.000000000000,
175298,1,5788.000000000001,5914.000000000000,
175298,1,5800.000000000000,5920.000000000000,
175301,1,2522.000000000000,2639.000000000001,
175301,1,2540.000000000000,2640.000000000000,
175313,1,6661.000000000001,6847.000000000001,
175335,1,1202.002000000000,1327.002000000000,
175335,1,1220.000000000000,1340.000000000000,
175348,1,1160.000000000000,2180.000000000000,
175348,1,1160.000000000000,2175.000000000000,
175476,1,2819.000000000000,2958.000000000001,
175476,1,2820.000000000000,2960.000000000000,
175480,1,2301.000000000000,2363.000000000000,
175480,1,2320.000000000000,2380.000000000000,
175503,1,1366.000000000000,1432.000000000000,
175503,1,1380.000000000000,1440.000000000000,
175544,1,4564.000000000001,5278.000000000001,
175544,1,4580.000000000000,5280.000000000000,
175552,1,3684.000000000001,4028.000000000000,
175552,1,3700.000000000000,4040.000000000000,
175558,1,2121.000000000000,2189.000000000000,
175558,1,2140.000000000000,2200.000000000000,
175566,1,2432.000000000000,2675.000000000000,
175566,1,2440.000000000000,2680.000000000000,
175586,1,2110.000000000000,2180.000000000000,
175586,1,2120.000000000000,2180.000000000000,
175587,1,2051.000000000001,2135.000000000000,
175587,1,2060.000000000000,2140.000000000000,
175588,1,1836.000000000000,1926.000000000001,
175588,1,1840.000000000000,1940.000000000000,
175592,1,2281.000000000000,2357.000000000001,
175592,1,2300.000000000000,2360.000000000000,
175633,1,1540.000000000000,4220.000000000000,
175633,1,1540.000000000001,4202.000000000001,
175647,1,800.000000000000,2020.000000000000,
175647,1,1955.384000000000,3180.384000000000,
175648,1,1400.000000000000,4080.000000000000,
175648,1,2565.384000000000,5229.384000000000,
175650,1,1500.000000000000,4080.000000000000,
175650,1,2652.384000000000,5229.384000000000,
175651,1,460.000000000000,800.000000000000,
175651,1,1614.384000000000,1954.384000000000,
175672,1,4663.000000000001,5031.000000000001,
175672,1,4680.000000000000,5040.000000000000,
175673,1,6065.000000000001,6204.000000000001,
175675,1,4294.000000000001,4786.000000000001,
175675,1,4300.000000000000,4800.000000000000,
175676,1,3808.000000000000,4081.000000000001,
175676,1,3820.000000000000,4100.000000000000,
175679,1,3399.000000000000,3694.000000000000,
175679,1,3400.000000000000,3700.000000000000,
175681,1,5195.000000000001,5402.000000000001,
175681,1,5200.000000000000,5420.000000000000,
175683,1,5121.000000000001,5356.000000000000,
175683,1,5140.000000000000,5360.000000000000,
175687,1,4380.000000000000,4666.000000000001,
175687,1,4380.000000000000,4680.000000000000,
175696,1,5984.000000000001,6180.000000000000,
175697,1,2792.000000000000,2959.000000000000,
175697,1,2800.000000000000,2960.000000000000,
175699,1,5247.000000000000,5417.000000000000,
175699,1,5260.000000000000,5420.000000000000,
175722,1,3022.000000000001,3191.000000000000,
175722,1,3040.000000000000,3200.000000000000,
175731,1,2941.000000000000,3505.000000000000,
175731,1,2960.000000000000,3520.000000000000,
175738,1,4641.000000000001,4796.000000000001,
175738,1,4660.000000000000,4800.000000000000,
175739,1,2812.000000000001,3040.000000000000,
175739,1,2820.000000000000,3040.000000000000,
175741,1,4298.000000000001,4408.000000000001,
175741,1,4300.000000000000,4420.000000000000,
175743,1,2856.000000000000,3127.000000000000,
175743,1,2860.000000000000,3140.000000000000,
175812,1,3362.000000000000,3672.000000000000,
175813,1,2636.000000000000,2809.000000000001,
175849,1,4427.000000000001,4751.000000000001,
175849,1,4440.000000000000,4760.000000000000,
175851,1,5543.000000000001,5783.000000000001,
175851,1,5560.000000000000,5800.000000000000,
175854,1,4027.000000000001,4160.000000000001,
175854,1,4040.000000000000,4160.000000000000,
175855,1,4145.000000000001,4301.000000000001,
175855,1,4160.000000000000,4320.000000000000,
175857,1,3514.000000000001,3672.000000000000,
175857,1,3520.000000000000,3680.000000000000,
175862,1,4809.000000000001,5024.000000000001,
175862,1,4820.000000000000,5040.000000000000,
175883,1,4799.000000000001,5058.000000000000,
175883,1,4800.000000000000,5060.000000000000,
175884,1,4550.000000000000,4728.000000000000,
175884,1,4560.000000000000,4740.000000000000,
175885,1,4547.000000000000,4732.000000000001,
175885,1,4560.000000000000,4740.000000000000,
175905,1,3752.000000000000,3908.000000000001,
175905,1,3760.000000000000,3920.000000000000,
175922,1,2211.000000000001,2546.000000000001,
175922,1,2220.000000000000,2560.000000000000,
176016,1,2200.000000000000,4080.000000000000,
176016,1,2356.384000000000,4229.384000000000,
176017,1,2280.000000000000,4080.000000000000,
176017,1,2444.384000000000,4229.384000000000,
176030,1,3060.000000000000,3260.000000000000,
176030,1,4124.384000000000,4314.383999999999,
176031,1,1880.000000000000,2240.000000000000,
176031,1,2935.384000000000,3306.384000000000,
176040,1,2540.000000000000,3480.000000000000,
176040,1,3594.384000000000,4531.384000000000,
176058,1,1740.000000000000,4080.000000000000,
176058,1,2803.384000000000,5129.384000000000,
176069,1,3877.000000000001,4003.000000000000,
176069,1,3880.000000000000,4020.000000000000,
176070,1,4677.000000000000,4890.000000000001,
176070,1,4680.000000000000,4900.000000000000,
176071,1,3532.000000000000,3589.000000000000,
176071,1,3540.000000000000,3600.000000000000,
176073,1,4798.000000000001,4887.000000000001,
176073,1,4800.000000000000,4900.000000000000,
176074,1,4610.000000000000,4662.000000000002,
176074,1,4620.000000000000,4680.000000000000,
176076,1,4031.000000000000,4343.000000000001,
176080,1,4187.000000000000,4454.000000000001,
176084,1,4186.000000000001,4553.000000000002,
176087,1,3885.000000000001,3944.000000000001,
176090,1,4241.000000000000,4356.000000000000,
176092,1,4408.000000000000,4489.000000000001,
176092,1,4420.000000000000,4500.000000000000,
176094,1,4392.000000000000,4859.000000000001,
176096,1,1763.000000000000,1821.000000000000,
176096,1,1780.000000000000,1840.000000000000,
176109,1,3695.000000000000,3776.000000000001,
176109,1,3700.000000000000,3780.000000000000,
176115,1,4430.000000000000,4488.000000000000,
176115,1,4440.000000000000,4500.000000000000,
176137,1,637.000000000000,1539.000000000000,
176137,1,640.000000000000,1540.000000000000,
176139,1,628.000000000000,1430.000000000000,
176139,1,640.000000000000,1440.000000000000,
176151,1,1425.000000000000,1499.000000000000,
176151,1,1440.000000000000,1500.000000000000,
176161,1,3531.000000000001,3631.000000000000,
176162,1,1318.000000000000,1455.000000000000,
176165,1,693.000000000000,2791.000000000000,
176189,1,1294.000000000000,1442.000000000000,
176190,1,1360.000000000000,1492.000000000000,
176206,1,2362.000000000000,2441.000000000001,
176206,1,2380.000000000000,2460.000000000000,
176207,1,4683.000000000000,4892.000000000000,
176207,1,4700.000000000000,4900.000000000000,
176208,1,1645.000000000001,3369.000000000001,
176208,1,1660.000000000000,3380.000000000000,
176221,1,2370.000000000000,2592.000000000000,
176221,1,2380.000000000000,2600.000000000000,
176222,1,1130.000000000000,1467.000000000000,
176222,1,1140.000000000000,1480.000000000000,
176229,1,3493.000000000000,3889.000000000000,
176229,1,3500.000000000000,3900.000000000000,
176248,1,4103.000000000000,4434.000000000000,
176248,1,4120.000000000000,4440.000000000000,
176286,1,4145.000000000000,4451.000000000001,
176286,1,4160.000000000000,4460.000000000000,
176287,1,2174.000000000000,2387.000000000000,
176287,1,2180.000000000000,2400.000000000000,
176288,1,3675.000000000001,4940.000000000000,
176288,1,3680.000000000000,4940.000000000000,
176289,1,4067.000000000001,4872.000000000000,
176289,1,4080.000000000000,4880.000000000000,
176293,1,4428.000000000002,4726.000000000002,
176293,1,4440.000000000000,4740.000000000000,
176311,1,5315.000000000000,5496.000000000001,
176311,1,5320.000000000000,5500.000000000000,
176317,1,1849.000000000000,3410.000000000000,
176317,1,1860.000000000000,3420.000000000000,
176322,1,3527.000000000000,3823.000000000000,
176322,1,3540.000000000000,3840.000000000000,
176323,1,1166.000000000000,1612.000000000000,
176323,1,1180.000000000000,1620.000000000000,
176327,1,2859.000000000000,3201.000000000000,
176327,1,2860.000000000000,3220.000000000000,
176331,1,2079.000000000001,2412.000000000000,
176331,1,2080.000000000000,2420.000000000000,
176335,1,1989.000000000000,2127.000000000001,
176335,1,2000.000000000000,2140.000000000000,
176338,1,3175.000000000001,3227.000000000000,
176338,1,3180.000000000000,3240.000000000000,
176340,1,2179.000000000000,3605.000000000000,
176340,1,2180.000000000000,3620.000000000000,
176421,1,2162.000000000000,2327.000000000000,
176421,1,2180.000000000000,2340.000000000000,
176442,1,4168.000000000000,4262.000000000001,
176442,1,4180.000000000000,4280.000000000000,
176444,1,1174.000000000000,2218.000000000000,
176444,1,1180.000000000000,2220.000000000000,
176445,1,2731.000000000001,2839.000000000000,
176445,1,2740.000000000000,2840.000000000000,
176446,1,3941.000000000001,4025.000000000001,
176446,1,3960.000000000000,4040.000000000000,
176448,1,1051.000000000000,2207.000000000001,
176448,1,1060.000000000000,2220.000000000000,
176451,1,1190.000000000000,3133.000000000000,
176451,1,1200.000000000000,3140.000000000000,
176453,1,800.000000000000,2040.000000000000,
176453,1,800.000000000000,2036.000000000000,
176455,1,1192.000000000000,2413.000000000000,
176455,1,1200.000000000000,2420.000000000000,
176457,1,2928.000000000001,2990.000000000000,
176457,1,2940.000000000000,3000.000000000000,
176458,1,853.000000000000,1682.000000000000,
176458,1,860.000000000000,1700.000000000000,
176459,1,3477.000000000000,4332.000000000001,
176459,1,3480.000000000000,4340.000000000000,
176460,1,1731.000000000000,3520.000000000000,
176460,1,1740.000000000000,3520.000000000000,
176471,1,4914.000000000000,5246.000000000001,
176471,1,4920.000000000000,5260.000000000000,
176477,1,3999.000000000000,4408.000000000000,
176477,1,4000.000000000000,4420.000000000000,
176690,1,1434.000000000000,1491.000000000000,
176702,1,3046.000000000000,4085.000000000001,
176703,1,3034.000000000000,3919.000000000000,
176708,1,3407.000000000000,3504.000000000000,
176724,1,360.000000000000,920.000000000000,
176724,1,1522.384000000000,2085.384000000000,
176725,1,240.000000000000,420.000000000000,
176725,1,1392.384000000000,1580.384000000000,
176726,1,420.000000000000,4080.000000000000,
176726,1,1580.384000000000,5229.384000000000,
176743,1,780.000000000000,960.000000000000,
176743,1,1939.384000000000,2120.384000000000,
176745,1,920.000000000000,1160.000000000000,
176745,1,2071.384000000000,2311.384000000000,
176754,1,2000.000000000000,4080.000000000000,
176754,1,3158.384000000000,5229.384000000000,
176755,1,2400.000000000000,2460.000000000000,
176755,1,3554.384000000000,3624.384000000000,
176804,1,900.000000000000,980.000000000000,
176804,1,2862.384000000000,2930.384000000000,
176809,1,2320.000000000000,2440.000000000000,
176809,1,4271.384000000000,4391.383999999999,
176810,1,1020.000000000000,1120.000000000000,
176810,1,2986.384000000000,3079.384000000000,
176811,1,160.000000000000,220.000000000000,
176811,1,2115.384000000000,2188.384000000000,
176817,1,2320.000000000000,2480.000000000000,
176817,1,4287.384000000000,4444.384000000000,
176870,1,2255.000000000000,2901.000000000000,
176870,1,2260.000000000000,2920.000000000000,
176877,1,3303.000000000000,5501.000000000001,
176878,1,3359.000000000000,3607.000000000001,
176878,1,3360.000000000000,3620.000000000000,
176888,1,3668.000000000001,3826.000000000000,
176888,1,3680.000000000000,3840.000000000000,
176891,1,3278.000000000000,3564.000000000000,
176891,1,3280.000000000000,3580.000000000000,
176893,1,2084.000000000000,2273.000000000000,
176893,1,2100.000000000000,2280.000000000000,
176900,1,1328.000000000000,1514.000000000000,
176900,1,1340.000000000000,1520.000000000000,
176917,1,4077.000000000001,4454.000000000000,
176917,1,4080.000000000000,4460.000000000000,
176919,1,3530.000000000001,3635.000000000000,
176919,1,3540.000000000000,3640.000000000000,
176920,1,3504.000000000000,3649.000000000000,
176920,1,3520.000000000000,3660.000000000000,
176923,1,2840.000000000000,3200.000000000000,
176923,1,2840.000000000000,3194.000000000000,
176925,1,3585.000000000000,3941.000000000000,
176925,1,3600.000000000000,3960.000000000000,
176926,1,3747.000000000000,4023.000000000000,
176926,1,3760.000000000000,4040.000000000000,
176927,1,3649.000000000000,3792.000000000000,
176927,1,3660.000000000000,3800.000000000000,
176929,1,2452.000000000000,4570.000000000001,
176929,1,2460.000000000000,4580.000000000000,
176931,1,1700.000000000000,4080.000000000000,
176931,1,3656.384000000000,6029.383999999999,
176932,1,3056.000000000000,3480.000000000000,
176932,1,3060.000000000000,3480.000000000000,
176941,1,1665.000000000000,1886.000000000000,
176941,1,1680.000000000000,1900.000000000000,
176990,1,6310.000000000000,6374.000000000000,
176996,1,2181.000000000000,2834.000000000000,
176996,1,2200.000000000000,2840.000000000000,
176997,1,1989.000000000000,2187.000000000000,
176997,1,2000.000000000000,2200.000000000000,
176998,1,1967.000000000000,2130.000000000000,
176998,1,1980.000000000000,2140.000000000000,
177000,1,1935.000000000000,2137.000000000000,
177000,1,1940.000000000000,2140.000000000000,
177008,1,4395.000000000000,4508.000000000001,
177008,1,4400.000000000000,4520.000000000000,
177009,1,4328.000000000001,4471.000000000001,
177009,1,4340.000000000000,4480.000000000000,
177011,1,1949.000000000000,2128.000000000000,
177011,1,1960.000000000000,2140.000000000000,
177012,1,1934.000000000001,2088.000000000000,
177012,1,1940.000000000000,2100.000000000000,
177017,1,1893.000000000000,2383.000000000000,
177017,1,1900.000000000000,2400.000000000000,
177018,1,4525.000000000001,4593.000000000001,
177018,1,4540.000000000000,4600.000000000000,
177020,1,2044.000000000000,2313.000000000000,
177020,1,2060.000000000000,2320.000000000000,
177021,1,2137.000000000000,2398.000000000000,
177021,1,2140.000000000000,2400.000000000000,
177022,1,4370.000000000001,4426.000000000001,
177022,1,4380.000000000000,4440.000000000000,
178286,1,4164.000000000001,5077.000000000002,
178496,1,2533.000000000001,2991.000000000001,
178496,1,2540.000000000000,3000.000000000000,
178503,1,1298.000000000001,1498.000000000001,
178503,1,1300.000000000000,1500.000000000000,
178508,1,2873.000000000001,3083.000000000001,
178508,1,2880.000000000000,3100.000000000000,
178516,1,3559.000000000001,4388.000000000000,
178516,1,3560.000000000000,4400.000000000000,
178525,1,3444.000000000000,3776.000000000000,
178525,1,3460.000000000000,3780.000000000000,
178544,1,1684.000000000001,2096.000000000000,
178547,1,4242.000000000001,4662.000000000001,
178547,1,4260.000000000000,4680.000000000000,
178554,1,4671.000000000001,5097.000000000001,
178609,1,6131.000000000000,6288.000000000000,
178612,1,5607.000000000001,5798.000000000002,
178612,1,5620.000000000000,5800.000000000000,
178615,1,3749.000000000000,3915.000000000000,
178615,1,3760.000000000000,3920.000000000000,
178616,1,2932.000000000000,3044.000000000000,
178616,1,2940.000000000000,3060.000000000000,
178619,1,4905.000000000001,5280.000000000001,
178619,1,4920.000000000000,5280.000000000000,
178620,1,5657.000000000002,5780.000000000001,
178620,1,5660.000000000000,5780.000000000000,
178651,1,3396.002000000000,3681.001999999999,
178651,1,3400.000000000000,3700.000000000000,
178714,1,3295.002000000000,3402.001999999999,
178716,1,1837.002000000000,2335.002000000000,
178718,1,2266.002000000000,2612.001999999999,
178719,1,2570.002000000000,2871.002000000000,
178816,1,2677.000000000000,2939.000000000000,
178900,1,2523.000000000000,2873.000000000001,
178900,1,2540.000000000000,2880.000000000000,
178911,1,4128.000000000001,4565.000000000001,
178911,1,4140.000000000000,4580.000000000000,
178918,1,2418.000000000001,2703.000000000001,
178918,1,2420.000000000000,2720.000000000000,
178919,1,2190.000000000000,2870.000000000000,
178920,1,2159.000000000000,2366.000000000000,
178920,1,2160.000000000000,2380.000000000000,
178921,1,2209.000000000000,2610.000000000001,
178921,1,2220.000000000000,2620.000000000000,
178924,1,2564.000000000000,4255.000000000000,
178924,1,2580.000000000000,4260.000000000000,
178936,1,1806.000000000001,2109.000000000000,
178942,1,1785.000000000001,1898.000000000000,
178943,1,1762.000000000000,2088.000000000000,
178947,1,1738.000000000000,2087.000000000000,
178994,1,3130.000000000000,3629.000000000000,
178994,1,3140.000000000000,3640.000000000000,
178998,1,2915.000000000000,4649.000000000001,
178998,1,2920.000000000000,4660.000000000000,
179003,1,2179.000000000001,2469.000000000001,
179003,1,2180.000000000000,2480.000000000000,
179004,1,3050.000000000000,4985.000000000001,
179004,1,3060.000000000000,5000.000000000000,
179007,1,2790.000000000000,5233.000000000000,
179007,1,2800.000000000000,5240.000000000000,
179009,1,2757.000000000000,5238.000000000001,
179009,1,2760.000000000000,5240.000000000000,
179012,1,1044.000000000000,1366.000000000000,
179012,1,1060.000000000000,1380.000000000000,
179013,1,1033.000000000000,1422.000000000000,
179013,1,1040.000000000000,1440.000000000000,
179014,1,1448.000000000000,1586.000000000000,
179014,1,1460.000000000000,1600.000000000000,
179019,1,4120.000000000000,4640.000000000000,
179019,1,4120.000000000001,4639.000000000001,
179021,1,2903.000000000000,4676.000000000001,
179021,1,2920.000000000000,4680.000000000000,
179031,1,5003.000000000000,5082.000000000000,
179031,1,5020.000000000000,5100.000000000000,
179041,1,3988.000000000001,4228.000000000000,
179041,1,4000.000000000000,4240.000000000000,
179042,1,3792.000000000000,3900.000000000001,
179042,1,3800.000000000000,3900.000000000000,
179044,1,2860.000000000000,3000.000000000000,
179044,1,2860.000000000001,2999.000000000000,
179049,1,3734.000000000000,3933.000000000000,
179049,1,3740.000000000000,3940.000000000000,
179050,1,3383.000000000000,3553.000000000000,
179050,1,3400.000000000000,3560.000000000000,
179051,1,4585.000000000001,4817.000000000001,
179051,1,4600.000000000000,4820.000000000000,
179078,1,2640.000000000000,4080.000000000000,
179078,1,2796.384000000000,4229.384000000000,
179079,1,3820.000000000000,4080.000000000000,
179079,1,3984.384000000000,4229.384000000000,
179101,1,4086.000000000000,4533.000000000000,
179106,1,1891.384000000000,2105.384000000000,
179108,1,2045.384000000000,2313.384000000000,
179109,1,2001.384000000000,2233.384000000000,
179113,1,1918.384000000000,2188.384000000000,
179117,1,2009.384000000000,2181.384000000000,
179118,1,2644.384000000000,3093.384000000000,
179120,1,2592.384000000000,2934.384000000000,
179123,1,2833.384000000000,3253.384000000000,
179126,1,3202.384000000000,3583.384000000000,
179130,1,3874.000000000000,5142.000000000001,
179130,1,3880.000000000000,5160.000000000000,
179131,1,2658.000000000000,2821.000000000000,
179131,1,2660.000000000000,2840.000000000000,
179133,1,2809.000000000001,3311.000000000000,
179133,1,2820.000000000000,3320.000000000000,
179134,1,2778.000000000000,3066.000000000000,
179134,1,2780.000000000000,3080.000000000000,
179135,1,3103.000000000000,4379.000000000001,
179135,1,3120.000000000000,4380.000000000000,
179136,1,3007.000000000000,3280.000000000001,
179136,1,3020.000000000000,3280.000000000000,
179137,1,3025.000000000000,4451.000000000000,
179137,1,3040.000000000000,4460.000000000000,
179141,1,3710.000000000000,4040.000000000000,
179141,1,3720.000000000000,4040.000000000000,
179188,1,2391.000000000000,2740.000000000001,
179194,1,2892.000000000000,3247.000000000000,
179315,1,5461.000000000000,5780.000000000001,
179319,1,4340.000000000000,5130.000000000000,
179325,1,4222.000000000001,5528.000000000000,
179328,1,4549.000000000001,4865.000000000001,
179344,1,5471.000000000002,5651.000000000001,
179345,1,3748.000000000001,3934.000000000001,
179346,1,2596.000000000000,2962.000000000000,
179347,1,3739.000000000000,3951.000000000000,
179348,1,2667.000000000000,3724.000000000001,
179349,1,3827.000000000000,3999.000000000000,
179351,1,2578.000000000001,2848.000000000000,
179356,1,5005.000000000000,5370.000000000001,
179357,1,3307.000000000001,3828.000000000001,
179359,1,4224.000000000001,4624.000000000000,
179360,1,4023.000000000000,4441.000000000000,
179361,1,4849.000000000001,5461.000000000000,
179362,1,5098.000000000000,5745.000000000001,
179364,1,4275.000000000001,4972.000000000001,
179365,1,2324.000000000000,3382.000000000000,
179368,1,2401.000000000000,3593.000000000000,
179369,1,4587.000000000000,5026.000000000001,
179370,1,4574.000000000000,5359.000000000002,
179371,1,5853.000000000001,6102.000000000000,
179372,1,3265.000000000000,3422.000000000000,
179374,1,3992.000000000000,4313.000000000000,
179375,1,4278.000000000001,4918.000000000001,
179376,1,2652.000000000001,3858.000000000000,
179383,1,1400.000000000000,2020.000000000000,
179383,1,2354.384000000000,2970.384000000000,
179386,1,1940.000000000000,2020.000000000000,
179386,1,2893.384000000000,2973.384000000000,
179388,1,1840.000000000000,2160.000000000000,
179388,1,2807.384000000000,3127.384000000000,
179393,1,1540.000000000000,1900.000000000000,
179393,1,2502.384000000000,2863.384000000000,
179394,1,960.000000000000,1100.000000000000,
179394,1,1910.384000000000,2056.384000000000,
179401,1,1160.000000000000,3680.000000000000,
179401,1,2115.384000000000,4637.384000000000,
179424,1,2769.001999999999,3049.002000000000,
179424,1,2780.000000000000,3060.000000000000,
179425,1,2660.000000000000,3100.000000000000,
179425,1,3624.384000000000,4049.384000000001,
179434,1,2116.384000000000,2559.384000000000,
179435,1,2220.000000000000,3120.000000000000,
179435,1,3182.384000000000,4083.384000000000,
179445,1,900.000000000000,1220.000000000000,
179445,1,1850.384000000000,2170.384000000000,
179480,1,5793.000000000001,6123.000000000001,
179482,1,4805.000000000000,5286.000000000001,
179482,1,4820.000000000000,5300.000000000000,
179483,1,4226.000000000001,4341.000000000001,
179505,1,4300.000000000000,4832.000000000000,
179505,1,4300.000000000000,4840.000000000000,
179506,1,2388.000000000000,2689.000000000000,
179506,1,2400.000000000000,2700.000000000000,
179508,1,2150.000000000000,2570.000000000000,
179508,1,2160.000000000000,2580.000000000000,
179509,1,2476.000000000000,2670.000000000000,
179509,1,2480.000000000000,2680.000000000000,
179510,1,2311.000000000000,2460.000000000000,
179510,1,2320.000000000000,2460.000000000000,
179511,1,2157.000000000000,2316.000000000000,
179511,1,2160.000000000000,2320.000000000000,
179512,1,2150.000000000000,2403.000000000000,
179512,1,2160.000000000000,2420.000000000000,
179513,1,2359.000000000000,2757.000000000000,
179513,1,2360.000000000000,2760.000000000000,
179519,1,3266.000000000000,4356.000000000000,
179519,1,3280.000000000000,4360.000000000000,
179521,1,2749.000000000000,3578.000000000001,
179521,1,2760.000000000000,3580.000000000000,
179522,1,4279.000000000001,4673.000000000001,
179522,1,4280.000000000000,4680.000000000000,
179523,1,3771.000000000000,4149.000000000001,
179523,1,3780.000000000000,4160.000000000000,
179524,1,2833.000000000001,3176.000000000001,
179524,1,2840.000000000000,3180.000000000000,
179525,1,2607.000000000001,2955.000000000000,
179525,1,2620.000000000000,2960.000000000000,
179526,1,2684.000000000001,2878.000000000000,
179526,1,2700.000000000000,2880.000000000000,
179527,1,1968.000000000000,2140.000000000000,
179527,1,1980.000000000000,2140.000000000000,
179528,1,1805.000000000000,2172.000000000000,
179528,1,1820.000000000000,2180.000000000000,
179608,1,4316.000000000000,4673.000000000001,
179608,1,4320.000000000000,4680.000000000000,
179801,1,4803.000000000001,4952.000000000001,
179828,1,2978.000000000000,3398.000000000000,
179850,1,2089.384000000000,5029.383999999999,
179851,1,2844.384000000000,5029.383999999999,
179852,1,2670.384000000000,5029.383999999999,
179853,1,2471.384000000000,3606.384000000000,
179923,1,1338.384000000000,5029.383999999999,
179924,1,1279.384000000000,1506.384000000000,
179943,1,1120.384000000000,1758.384000000000,
180005,1,1831.384000000000,1894.384000000000,
180096,1,3591.384000000000,5029.383999999999,
180120,1,1698.384000000000,2150.384000000000,
180135,1,1842.384000000000,1963.384000000000,
180154,1,1180.000000000000,1260.000000000000,
180154,1,2129.384000000000,2209.384000000000,
180155,1,80.000000000000,500.000000000000,
180155,1,1047.384000000000,1450.384000000000,
180156,1,400.000000000000,4080.000000000000,
180156,1,1361.384000000000,5029.383999999999,
180157,1,1340.000000000000,1420.000000000000,
180157,1,2292.384000000000,2371.384000000000,
180160,1,2100.000000000000,2240.000000000000,
180160,1,3058.384000000000,3193.384000000000,
180160,1,3120.000000000000,4080.000000000000,
180160,1,4088.384000000000,5029.383999999999,
180162,1,2040.000000000000,2860.000000000000,
180162,1,2993.384000000000,3817.384000000000,
180163,1,360.000000000000,520.000000000000,
180163,1,1321.384000000000,1476.384000000000,
180164,1,400.000000000000,4080.000000000000,
180164,1,1352.384000000000,5029.383999999999,
180177,1,1060.000000000000,4080.000000000000,
180177,1,2023.384000000000,5029.383999999999,
180178,1,2340.000000000000,4080.000000000000,
180178,1,3304.384000000000,5029.383999999999,
180179,1,20.000000000000,2560.000000000000,
180179,1,970.384000000000,3513.384000000000,
180189,1,1080.000000000000,1140.000000000000,
180189,1,2042.384000000000,2097.384000000000,
180191,1,780.000000000000,1620.000000000000,
180191,1,1729.384000000000,2570.384000000000,
180195,1,20.000000000000,540.000000000000,
180195,1,970.384000000000,1491.384000000000,
180201,1,3260.000000000000,3360.000000000000,
180201,1,4216.384000000000,4319.384000000000,
180204,1,1300.000000000000,1840.000000000000,
180204,1,2250.384000000000,2800.384000000000,
180205,1,2900.000000000000,4080.000000000000,
180205,1,3854.384000000000,5029.383999999999,
180206,1,2540.000000000000,2740.000000000000,
180206,1,3492.384000000000,3690.384000000000,
180207,1,740.000000000000,820.000000000000,
180207,1,1696.384000000000,1783.384000000000,
180208,1,1060.000000000000,4080.000000000000,
180208,1,2017.384000000000,5029.383999999999,
180209,1,1640.000000000000,4080.000000000000,
180209,1,2600.384000000000,5029.383999999999,
180210,1,1760.000000000000,4080.000000000000,
180210,1,2713.384000000000,5029.383999999999,
180211,1,2820.000000000000,4080.000000000000,
180211,1,3782.384000000000,5029.383999999999,
180214,1,3160.000000000000,4080.000000000000,
180214,1,4113.384000000000,5029.383999999999,
180217,1,2580.000000000000,2700.000000000000,
180217,1,3532.384000000000,3662.384000000000,
180218,1,1660.000000000000,4080.000000000000,
180218,1,2625.384000000000,5029.383999999999,
180219,1,900.000000000000,960.000000000000,
180219,1,1866.384000000000,1920.384000000000,
180221,1,2200.000000000000,4080.000000000000,
180221,1,3159.384000000000,5029.383999999999,
180222,1,2960.000000000000,4080.000000000000,
180222,1,3922.384000000000,5029.383999999999,
180223,1,1032.000000000000,1093.000000000000,
180223,1,1040.000000000000,1100.000000000000,
180224,1,3234.000000000000,3833.000000000001,
180224,1,3240.000000000000,3840.000000000000,
180225,1,1836.000000000000,3011.000000000000,
180225,1,1840.000000000000,3020.000000000000,
180226,1,848.000000000000,4233.000000000000,
180226,1,860.000000000000,4240.000000000000,
180229,1,2981.000000000000,3806.000000000000,
180229,1,3000.000000000000,3820.000000000000,
180230,1,3154.000000000000,3824.000000000000,
180230,1,3160.000000000000,3840.000000000000,
180231,1,3071.000000000000,4116.000000000000,
180231,1,3080.000000000000,4120.000000000000,
180232,1,3218.000000000000,3597.000000000000,
180232,1,3220.000000000000,3600.000000000000,
180233,1,3063.000000000000,3386.000000000000,
180233,1,3080.000000000000,3400.000000000000,
180237,1,1266.000000000000,1675.000000000000,
180237,1,1280.000000000000,1680.000000000000,
180246,1,2080.000000000000,3180.000000000000,
180246,1,2080.000000000000,3161.000000000000,
180247,1,1835.000000000000,2091.000000000001,
180247,1,1840.000000000000,2100.000000000000,
180248,1,1486.000000000000,1540.000000000000,
180248,1,1500.000000000000,1540.000000000000,
180249,1,741.000000000000,1373.000000000000,
180249,1,760.000000000000,1380.000000000000,
180250,1,1904.000000000000,2112.000000000000,
180250,1,1920.000000000000,2120.000000000000,
180252,1,798.000000000000,1402.000000000000,
180252,1,800.000000000000,1420.000000000000,
180257,1,5150.000000000001,5301.000000000001,
180257,1,5160.000000000000,5320.000000000000,
180258,1,956.000000000000,1268.000000000000,
180258,1,960.000000000000,1280.000000000000,
180259,1,600.000000000000,1580.000000000000,
180259,1,600.000000000000,1569.000000000000,
180260,1,1691.000000000000,2112.000000000000,
180260,1,1700.000000000000,2120.000000000000,
180261,1,3478.000000000000,3579.000000000000,
180261,1,3480.000000000000,3580.000000000000,
180265,1,2014.000000000000,2405.000000000001,
180265,1,2020.000000000000,2420.000000000000,
180280,1,2546.000000000001,2711.000000000000,
180280,1,2560.000000000000,2720.000000000000,
180285,1,3053.000000000000,3305.000000000000,
180285,1,3060.000000000000,3320.000000000000,
180286,1,1248.000000000000,1384.000000000000,
180286,1,1260.000000000000,1400.000000000000,
180287,1,799.000000000000,3914.000000000000,
180287,1,800.000000000000,3920.000000000000,
180290,1,2552.000000000000,2973.000000000000,
180290,1,2560.000000000000,2980.000000000000,
180291,1,4068.000000000000,4457.000000000000,
180291,1,4080.000000000000,4460.000000000000,
180292,1,3716.000000000001,3816.000000000000,
180292,1,3720.000000000000,3820.000000000000,
180294,1,3754.000000000000,3912.000000000000,
180294,1,3760.000000000000,3920.000000000000,
180295,1,3714.000000000000,3808.000000000000,
180295,1,3720.000000000000,3820.000000000000,
180296,1,3019.000000000001,3217.000000000000,
180296,1,3020.000000000000,3220.000000000000,
180298,1,1104.000000000000,1400.000000000000,
180298,1,1120.000000000000,1400.000000000000,
180299,1,1146.000000000000,1315.000000000000,
180299,1,1160.000000000000,1320.000000000000,
180300,1,3717.000000000000,3905.000000000001,
180300,1,3720.000000000000,3920.000000000000,
180301,1,2831.000000000000,3595.000000000000,
180301,1,2840.000000000000,3600.000000000000,
180302,1,3939.000000000000,3998.000000000001,
180302,1,3940.000000000000,4000.000000000000,
180304,1,3055.000000000000,3497.000000000000,
180304,1,3060.000000000000,3500.000000000000,
180306,1,3898.000000000000,4053.000000000001,
180306,1,3900.000000000000,4060.000000000000,
180309,1,1215.000000000000,3060.000000000000,
180309,1,1220.000000000000,3060.000000000000,
180310,1,1050.000000000000,2456.000000000000,
180310,1,1060.000000000000,2460.000000000000,
180311,1,4664.000000000000,4733.000000000000,
180311,1,4680.000000000000,4740.000000000000,
180352,1,1575.000000000000,1746.000000000000,
180379,1,3083.000000000001,3297.000000000000,
180379,1,3100.000000000000,3300.000000000000,
180385,1,966.000000000000,2923.000000000000,
180385,1,980.000000000000,2940.000000000000,
180390,1,3284.000000000000,3756.000000000001,
180390,1,3300.000000000000,3760.000000000000,
180397,1,3838.000000000000,4232.000000000001,
180397,1,3840.000000000000,4240.000000000000,
180398,1,4525.000000000001,5120.000000000001,
180398,1,4540.000000000000,5120.000000000000,
180399,1,3986.000000000000,4972.000000000001,
180399,1,4000.000000000000,4980.000000000000,
180400,1,4158.000000000001,4902.000000000001,
180400,1,4160.000000000000,4920.000000000000,
180402,1,3232.000000000001,3950.000000000001,
180402,1,3240.000000000000,3960.000000000000,
180403,1,3028.000000000000,4072.000000000000,
180403,1,3040.000000000000,4080.000000000000,
180447,1,3536.000000000001,3745.000000000000,
180447,1,3540.000000000000,3760.000000000000,
180456,1,2201.000000000000,2371.000000000001,
180456,1,2220.000000000000,2380.000000000000,
180457,1,2047.000000000000,2285.000000000001,
180457,1,2060.000000000000,2300.000000000000,
180459,1,3335.000000000000,3525.000000000001,
180459,1,3340.000000000000,3540.000000000000,
180465,1,1815.000000000001,2401.000000000000,
180465,1,1820.000000000000,2420.000000000000,
180469,1,2120.000000000000,2800.000000000000,
180469,1,2120.000000000000,2785.000000000001,
180510,1,1481.000000000000,1995.000000000001,
180510,1,1500.000000000000,2000.000000000000,
180527,1,3047.000000000000,4637.000000000001,
180527,1,3060.000000000000,4640.000000000000,
180530,1,3051.000000000001,4396.000000000001,
180530,1,3060.000000000000,4400.000000000000,
180531,1,2945.000000000001,4092.000000000000,
180531,1,2960.000000000000,4100.000000000000,
180533,1,3033.000000000001,4651.000000000000,
180533,1,3040.000000000000,4660.000000000000,
180544,1,1793.000000000001,1959.000000000000,
180584,1,1756.000000000001,2161.000000000001,
180605,1,1460.000000000000,1580.000000000000,
180605,1,1613.384000000000,1733.384000000000,
180612,1,3920.000000000000,4080.000000000000,
180612,1,4069.384000000000,4229.384000000000,
180627,1,3440.000000000000,3520.000000000000,
180627,1,3593.384000000000,3687.384000000000,
180636,1,4375.000000000001,4964.000000000001,
180636,1,4380.000000000000,4980.000000000000,
180637,1,3072.000000000000,3274.000000000000,
180637,1,3080.000000000000,3280.000000000000,
180638,1,2922.000000000000,4235.000000000001,
180638,1,2940.000000000000,4240.000000000000,
180640,1,3061.000000000000,3170.000000000000,
180640,1,3080.000000000000,3180.000000000000,
180642,1,3976.000000000000,4330.000000000001,
180642,1,3980.000000000000,4340.000000000000,
180643,1,3886.000000000000,4627.000000000001,
180643,1,3900.000000000000,4640.000000000000,
180644,1,3849.000000000001,4462.000000000001,
180644,1,3860.000000000000,4480.000000000000,
180645,1,3444.000000000000,3572.000000000000,
180645,1,3460.000000000000,3580.000000000000,
180646,1,2912.000000000000,3764.000000000001,
180646,1,2920.000000000000,3780.000000000000,
180647,1,2965.000000000000,5178.000000000002,
180647,1,2980.000000000000,5180.000000000000,
180655,1,2914.000000000000,3116.000000000001,
180655,1,2920.000000000000,3120.000000000000,
180657,1,3522.000000000001,3751.000000000001,
180657,1,3540.000000000000,3760.000000000000,
180658,1,3247.000000000000,3511.000000000000,
180658,1,3260.000000000000,3520.000000000000,
180659,1,3654.000000000000,3871.000000000001,
180659,1,3660.000000000000,3880.000000000000,
180660,1,4055.000000000001,4219.000000000001,
180660,1,4060.000000000000,4220.000000000000,
180661,1,3872.000000000000,5261.000000000002,
180661,1,3880.000000000000,5280.000000000000,
180666,1,3582.000000000000,3827.000000000000,
180666,1,3600.000000000000,3840.000000000000,
180667,1,4704.000000000001,5135.000000000000,
180667,1,4720.000000000000,5140.000000000000,
180669,1,4405.000000000001,5373.000000000002,
180669,1,4420.000000000000,5380.000000000000,
180671,1,4259.000000000001,4542.000000000000,
180671,1,4260.000000000000,4560.000000000000,
180672,1,4669.000000000001,5053.000000000001,
180672,1,4680.000000000000,5060.000000000000,
180680,1,4502.000000000001,4718.000000000001,
180680,1,4520.000000000000,4720.000000000000,
180681,1,3752.000000000000,4714.000000000001,
180681,1,3760.000000000000,4720.000000000000,
180682,1,3344.000000000001,3951.000000000001,
180682,1,3360.000000000000,3960.000000000000,
180683,1,2504.000000000001,2818.000000000001,
180683,1,2520.000000000000,2820.000000000000,
180684,1,2635.000000000000,2915.000000000000,
180684,1,2640.000000000000,2920.000000000000,
180687,1,3806.000000000000,5252.000000000001,
180687,1,3820.000000000000,5260.000000000000,
180689,1,1682.000000000001,3706.000000000001,
180689,1,1700.000000000000,3720.000000000000,
180692,1,4020.000000000000,4580.000000000000,
180692,1,4020.000000000001,4576.000000000001,
180694,1,3486.000000000000,3904.000000000000,
180694,1,3500.000000000000,3920.000000000000,
180699,1,4043.000000000001,4284.000000000000,
180699,1,4060.000000000000,4300.000000000000,
180700,1,3218.000000000000,3576.000000000000,
180700,1,3220.000000000000,3580.000000000000,
180701,1,3449.000000000000,3655.000000000001,
180701,1,3460.000000000000,3660.000000000000,
180702,1,3618.000000000000,4814.000000000001,
180702,1,3620.000000000000,4820.000000000000,
180703,1,3328.000000000000,3679.000000000001,
180703,1,3340.000000000000,3680.000000000000,
180704,1,4166.000000000000,4320.000000000001,
180704,1,4180.000000000000,4320.000000000000,
180706,1,3254.000000000000,4925.000000000000,
180706,1,3260.000000000000,4940.000000000000,
180707,1,4336.000000000001,4874.000000000000,
180707,1,4340.000000000000,4880.000000000000,
180709,1,2981.000000000000,3226.000000000000,
180709,1,3000.000000000000,3240.000000000000,
180711,1,3465.000000000000,4319.000000000001,
180711,1,3480.000000000000,4320.000000000000,
180712,1,3122.000000000000,4526.000000000000,
180712,1,3140.000000000000,4540.000000000000,
180714,1,3503.000000000000,4334.000000000000,
180714,1,3520.000000000000,4340.000000000000,
180715,1,3163.000000000000,4304.000000000001,
180715,1,3180.000000000000,4320.000000000000,
180716,1,3254.000000000000,3565.000000000000,
180716,1,3260.000000000000,3580.000000000000,
180717,1,3082.000000000000,3219.000000000000,
180717,1,3100.000000000000,3220.000000000000,
180718,1,3509.000000000000,3984.000000000000,
180718,1,3520.000000000000,4000.000000000000,
180721,1,2269.000000000000,2864.000000000000,
180721,1,2280.000000000000,2880.000000000000,
180724,1,2634.000000000000,3715.000000000000,
180724,1,2640.000000000000,3720.000000000000,
180726,1,3022.000000000000,3161.000000000000,
180726,1,3040.000000000000,3180.000000000000,
180727,1,2898.000000000000,3822.000000000000,
180727,1,2900.000000000000,3840.000000000000,
180728,1,3005.000000000000,5095.000000000000,
180728,1,3020.000000000000,5100.000000000000,
180729,1,2762.000000000000,3584.000000000000,
180729,1,2780.000000000000,3600.000000000000,
180731,1,2951.000000000000,3327.000000000000,
180731,1,2960.000000000000,3340.000000000000,
180732,1,3669.000000000000,3874.000000000000,
180732,1,3680.000000000000,3880.000000000000,
180744,1,2389.000000000000,4536.000000000000,
180744,1,2400.000000000000,4540.000000000000,
180745,1,2853.000000000000,3656.000000000000,
180745,1,2860.000000000000,3660.000000000000,
180748,1,3263.000000000000,4805.000000000000,
180748,1,3280.000000000000,4820.000000000000,
180753,1,3416.000000000000,3702.000000000000,
180753,1,3420.000000000000,3720.000000000000,
180755,1,3595.000000000000,3900.000000000000,
180755,1,3600.000000000000,3900.000000000000,
180787,1,2080.000000000000,2260.000000000000,
180787,1,2232.384000000000,2413.384000000000,
180789,1,2640.000000000000,2920.000000000000,
180789,1,2793.384000000000,3079.384000000000,
180796,1,3543.000000000001,3841.000000000001,
180796,1,3560.000000000000,3860.000000000000,
180799,1,4460.000000000000,4620.000000000000,
180799,1,4460.000000000001,4610.000000000001,
180801,1,5762.000000000001,5856.000000000000,
180801,1,5780.000000000000,5860.000000000000,
180805,1,3285.000000000001,3491.000000000001,
180805,1,3300.000000000000,3500.000000000000,
180808,1,5061.000000000001,5136.000000000002,
180808,1,5080.000000000000,5140.000000000000,
180812,1,2088.000000000000,2268.000000000000,
180812,1,2100.000000000000,2280.000000000000,
180813,1,2052.000000000000,2187.000000000001,
180813,1,2060.000000000000,2200.000000000000,
180904,1,1588.000000000001,1754.000000000000,
180904,1,1600.000000000000,1760.000000000000,
180905,1,3058.000000000000,3280.000000000001,
180905,1,3060.000000000000,3280.000000000000,
180906,1,2800.000000000000,3120.000000000000,
180906,1,2800.000000000000,3118.000000000001,
180907,1,4935.000000000001,5080.000000000001,
180910,1,3335.000000000000,3669.000000000001,
180910,1,3340.000000000000,3680.000000000000,
180913,1,2877.000000000000,3322.000000000000,
180913,1,2880.000000000000,3340.000000000000,
180914,1,2739.000000000000,4788.000000000001,
180914,1,2740.000000000000,4800.000000000000,
180915,1,4915.000000000001,5107.000000000001,
180915,1,4920.000000000000,5120.000000000000,
180916,1,3931.000000000000,4247.000000000000,
180916,1,3940.000000000000,4260.000000000000,
180924,1,740.000000000000,1340.000000000000,
180924,1,740.000000000000,1339.000000000001,
182132,1,6016.000000000001,6104.000000000002,
182134,1,5861.000000000001,6065.000000000000,
182352,1,1112.000000000001,3455.000000000000,
182354,1,1412.000000000000,3498.000000000001,
182356,1,1425.000000000000,3795.000000000000,
182357,1,1488.000000000000,3750.000000000000,
182357,1,1500.000000000000,3760.000000000000,
182358,1,3217.000000000001,3383.000000000000,
182615,1,4090.000000000001,4552.000000000000,
182615,1,4100.000000000000,4560.000000000000,
182621,1,3194.000000000001,3494.000000000001,
182621,1,3200.000000000000,3500.000000000000,
182627,1,3273.000000000001,3545.000000000001,
182627,1,3280.000000000000,3560.000000000000,
182670,1,1705.000000000000,1778.000000000000,
182670,1,1720.000000000000,1780.000000000000,
182672,1,4189.000000000001,4278.000000000000,
182672,1,4200.000000000000,4280.000000000000,
182701,1,3212.000000000000,4468.000000000001,
182701,1,3220.000000000000,4480.000000000000,
182706,1,1067.000000000000,2379.000000000000,
182706,1,1080.000000000000,2380.000000000000,
182707,1,1070.000000000000,2825.000000000000,
182707,1,1080.000000000000,2840.000000000000,
182725,1,4940.000000000000,5054.000000000001,
182725,1,4940.000000000000,5060.000000000000,
182727,1,3316.000000000000,3493.000000000000,
182745,1,2950.000000000000,3025.000000000000,
182745,1,2960.000000000000,3040.000000000000,
182753,1,3845.000000000000,4046.000000000000,
182753,1,3860.000000000000,4060.000000000000,
182758,1,3695.000000000000,3931.000000000000,
182758,1,3700.000000000000,3940.000000000000,
182759,1,5388.000000000000,5932.000000000001,
182759,1,5400.000000000000,5940.000000000000,
182769,1,3316.000000000000,3464.000000000000,
182769,1,3320.000000000000,3480.000000000000,
182791,1,3509.000000000000,3707.000000000000,
182791,1,3520.000000000000,3720.000000000000,
182794,1,3675.000000000000,3846.000000000000,
182798,1,3682.000000000000,3832.000000000000,
182798,1,3700.000000000000,3840.000000000000,
183043,1,3962.000000000000,5462.000000000000,
183043,1,3980.000000000000,5480.000000000000,
183057,1,2935.000000000000,4839.000000000000,
183057,1,2940.000000000000,4840.000000000000,
183059,1,2807.000000000000,4787.000000000001,
183059,1,2820.000000000000,4800.000000000000,
183060,1,3105.000000000000,3845.000000000000,
183060,1,3120.000000000000,3860.000000000000,
183063,1,2922.000000000000,4569.000000000001,
183063,1,2940.000000000000,4580.000000000000,
183079,1,2644.000000000000,4702.000000000001,
183079,1,2660.000000000000,4720.000000000000,
183164,1,5378.000000000001,5618.000000000001,
183164,1,5380.000000000000,5620.000000000000,
183166,1,5628.000000000001,5835.000000000000,
183166,1,5640.000000000000,5840.000000000000,
183188,1,4582.000000000000,4848.000000000000,
183188,1,4600.000000000000,4860.000000000000,
183207,1,3630.000000000000,5402.000000000001,
183207,1,3640.000000000000,5420.000000000000,
183210,1,3342.000000000000,3715.000000000000,
183210,1,3360.000000000000,3720.000000000000,
183211,1,4933.000000000000,5287.000000000001,
183211,1,4940.000000000000,5300.000000000000,
183213,1,5122.000000000000,5883.000000000000,
183236,1,2092.000000000000,2538.000000000000,
183236,1,2100.000000000000,2540.000000000000,
183281,1,2889.000000000000,3471.000000000000,
183281,1,2900.000000000000,3480.000000000000,
183332,1,5543.000000000001,5650.000000000001,
183334,1,5596.000000000001,5659.000000000000,
183347,1,3499.000000000000,3645.000000000000,
183347,1,3500.000000000000,3660.000000000000,
183352,1,2114.000000000000,2269.000000000000,
183357,1,2380.000000000000,2740.000000000000,
183357,1,2380.000000000000,2739.000000000000,
183358,1,1857.000000000000,2522.000000000000,
183358,1,1860.000000000000,2540.000000000000,
184280,1,4200.000000000000,4660.000000000000,
184280,1,4200.000000000001,4644.000000000001,
184281,1,3115.000000000001,3379.000000000001,
184281,1,3120.000000000000,3380.000000000000,
184284,1,2710.000000000000,3638.000000000000,
184284,1,2720.000000000000,3640.000000000000,
184287,1,3134.000000000001,3614.000000000000,
184287,1,3140.000000000000,3620.000000000000,
184312,1,1648.000000000000,1853.000000000000,
184312,1,1660.000000000000,1860.000000000000,
184345,1,593.384000000000,1018.384000000000,
184471,1,3922.000000000000,4101.000000000001,
184471,1,3940.000000000000,4120.000000000000,
184473,1,2707.000000000000,3089.000000000001,
184473,1,2720.000000000000,3100.000000000000,
184474,1,2730.000000000001,3023.000000000000,
184474,1,2740.000000000000,3040.000000000000,
184490,1,3888.000000000000,4061.000000000001,
184496,1,2038.000000000000,2202.000000000000,
184496,1,2040.000000000000,2220.000000000000,
184515,1,1806.000000000001,2403.000000000000,
184518,1,1793.000000000000,2130.000000000000,
184551,1,3664.000000000000,4742.000000000001,
184561,1,3582.000000000000,4274.000000000001,
184561,1,3600.000000000000,4280.000000000000,
184563,1,3648.000000000000,4247.000000000000,
184563,1,3660.000000000000,4260.000000000000,
184565,1,3651.000000000000,4279.000000000001,
184565,1,3660.000000000000,4280.000000000000,
184566,1,3577.000000000000,4263.000000000000,
184566,1,3580.000000000000,4280.000000000000,
184828,1,4002.000000000001,4416.000000000001,
184828,1,4020.000000000000,4420.000000000000,
184834,1,4286.000000000000,4410.000000000001,
184834,1,4300.000000000000,4420.000000000000,
184847,1,5160.000000000001,5221.000000000001,
184903,1,4436.000000000001,4609.000000000001,
184903,1,4440.000000000000,4620.000000000000,
184911,1,3807.000000000000,3946.000000000001,
184911,1,3820.000000000000,3960.000000000000,
184924,1,1221.384000000000,1796.384000000000,
184925,1,1396.384000000000,1776.384000000000,
184931,1,1320.384000000000,4329.384000000000,
184937,1,2490.384000000000,2689.384000000000,
184973,1,2155.000000000000,2606.000000000000,
185055,1,5369.000000000000,5584.000000000000,
185057,1,3120.000000000000,3394.000000000001,
185062,1,5502.000000000001,5566.000000000001,
185071,1,2195.000000000000,2640.000000000000,
185081,1,4767.000000000000,4897.000000000001,
185081,1,4780.000000000000,4900.000000000000,
185097,1,4504.000000000000,4604.000000000001,
185097,1,4520.000000000000,4620.000000000000,
185101,1,3282.000000000000,3373.000000000000,
185101,1,3300.000000000000,3380.000000000000,
185106,1,3835.000000000000,4087.000000000000,
185115,1,4665.000000000001,4766.000000000001,
185115,1,4680.000000000000,4780.000000000000,
185116,1,5445.000000000001,5578.000000000000,
185116,1,5460.000000000000,5580.000000000000,
185129,1,6054.000000000001,6117.000000000002,
185133,1,6267.000000000000,6327.000000000001,
185138,1,6254.000000000000,6318.000000000000,
185142,1,6255.000000000001,6345.000000000001,
185143,1,3273.000000000000,3546.000000000000,
185143,1,3280.000000000000,3560.000000000000,
185145,1,6167.000000000000,6231.000000000000,
185156,1,6628.000000000001,6752.000000000001,
185157,1,5077.000000000001,5245.000000000000,
185157,1,5080.000000000000,5260.000000000000,
185158,1,5252.000000000001,5381.000000000001,
185158,1,5260.000000000000,5400.000000000000,
185166,1,3287.000000000000,4762.000000000000,
185166,1,3300.000000000000,4780.000000000000,
185167,1,1384.000000000000,2913.000000000000,
185167,1,1400.000000000000,2920.000000000000,
185171,1,2898.000000000000,3119.000000000000,
185171,1,2900.000000000000,3120.000000000000,
185174,1,2945.000000000000,3115.000000000000,
185174,1,2960.000000000000,3120.000000000000,
185175,1,4295.000000000001,4622.000000000000,
185175,1,4300.000000000000,4640.000000000000,
185176,1,3739.000000000000,3985.000000000000,
185176,1,3740.000000000000,4000.000000000000,
185205,1,3579.000000000000,3714.000000000000,
185209,1,4716.000000000001,4808.000000000000,
185209,1,4720.000000000000,4820.000000000000,
185223,1,5782.000000000001,6063.000000000001,
185224,1,3653.000000000000,3880.000000000000,
185225,1,4014.000000000001,4193.000000000000,
185226,1,4367.000000000001,4544.000000000000,
185228,1,1910.000000000000,2338.000000000000,
185230,1,1804.000000000000,2198.000000000000,
185232,1,1946.000000000000,2243.000000000000,
185244,1,4636.000000000001,4792.000000000000,
185244,1,4640.000000000000,4800.000000000000,
185282,1,2558.000000000000,2740.000000000000,
185291,1,5370.000000000000,5435.000000000001,
185291,1,5380.000000000000,5440.000000000000,
185297,1,5733.000000000001,5817.000000000001,
185297,1,5740.000000000000,5820.000000000000,
185322,1,3964.000000000000,4026.000000000001,
185322,1,3980.000000000000,4040.000000000000,
185331,1,4472.000000000000,4556.000000000001,
185331,1,4480.000000000000,4560.000000000000,
185339,1,4721.000000000001,4817.000000000001,
185339,1,4740.000000000000,4820.000000000000,
185345,1,3792.000000000000,3889.000000000001,
185345,1,3800.000000000000,3900.000000000000,
185352,1,5404.000000000001,5911.000000000000,
185352,1,5420.000000000000,5920.000000000000,
185356,1,4909.000000000000,7051.000000000001,
185356,1,4920.000000000000,5980.000000000000,
185362,1,1047.000000000000,5940.000000000000,
185362,1,1060.000000000000,5940.000000000000,
185364,1,3293.000000000001,3479.000000000000,
185365,1,1210.000000000000,5936.000000000001,
185365,1,1220.000000000000,5940.000000000000,
185367,1,2944.000000000000,3166.000000000000,
185367,1,2960.000000000000,3180.000000000000,
185372,1,1085.000000000000,5454.000000000001,
185372,1,1100.000000000000,5460.000000000000,
185376,1,5296.000000000000,5865.000000000001,
185385,1,2501.000000000000,2805.000000000000,
185385,1,2520.000000000000,2820.000000000000,
185386,1,2218.000000000000,2467.000000000000,
185386,1,2220.000000000000,2480.000000000000,
185388,1,2939.000000000000,3970.000000000000,
185388,1,2940.000000000000,3980.000000000000,
185389,1,2942.000000000001,3107.000000000000,
185389,1,2960.000000000000,3120.000000000000,
185390,1,2785.000000000001,3000.000000000000,
185390,1,2800.000000000000,3000.000000000000,
185391,1,1696.000000000000,1891.000000000000,
185391,1,1700.000000000000,1900.000000000000,
185392,1,2938.000000000000,3551.000000000001,
185392,1,2940.000000000000,3560.000000000000,
185393,1,2945.000000000000,3125.000000000000,
185393,1,2960.000000000000,3140.000000000000,
185395,1,1804.000000000000,1919.000000000000,
185395,1,1820.000000000000,1920.000000000000,
185396,1,3043.000000000001,3232.000000000000,
185561,1,2352.000000000000,2715.000000000000,
185565,1,2355.000000000000,2683.000000000000,
185805,1,5193.000000000000,5365.000000000001,
185807,1,1134.000000000001,2057.000000000001,
185899,1,2303.000000000000,2479.000000000000,
185904,1,3017.000000000001,3839.000000000001,
185905,1,3515.000000000001,5024.000000000001,
185906,1,4099.000000000001,6205.000000000001,
185908,1,4025.000000000001,4176.000000000001,
185910,1,4499.000000000001,4705.000000000001,
185911,1,3896.000000000000,5309.000000000002,
185912,1,4519.000000000001,5306.000000000002,
185913,1,4583.000000000001,4862.000000000001,
185914,1,3806.000000000000,5319.000000000002,
185915,1,3958.000000000001,5217.000000000001,
185916,1,4095.000000000000,5328.000000000002,
185917,1,4411.000000000001,5037.000000000001,
185922,1,2916.000000000001,3418.000000000001,
185923,1,2413.000000000001,4517.000000000001,
185938,1,4290.000000000001,4826.000000000001,
185942,1,2437.000000000001,4261.000000000001,
185943,1,893.000000000000,2558.000000000000,
185944,1,999.000000000001,1349.000000000001,
185945,1,3275.000000000001,3339.000000000001,
185945,1,3280.000000000000,3340.000000000000,
185947,1,2639.000000000001,3803.000000000000,
185947,1,2640.000000000000,3820.000000000000,
185948,1,2239.000000000000,2332.000000000000,
185948,1,2240.000000000000,2340.000000000000,
185949,1,2056.000000000000,2134.000000000001,
185949,1,2060.000000000000,2140.000000000000,
185950,1,1607.000000000001,2101.000000000000,
185950,1,1620.000000000000,2120.000000000000,
185951,1,2160.000000000000,2220.000000000000,
185951,1,2160.000000000001,2220.000000000000,
185952,1,1136.000000000001,1341.000000000001,
185952,1,1140.000000000000,1360.000000000000,
185953,1,3299.000000000001,3669.000000000001,
185953,1,3300.000000000000,3680.000000000000,
185956,1,4667.000000000000,4848.000000000000,
185956,1,4680.000000000000,4860.000000000000,
185958,1,3882.000000000001,4232.000000000001,
185959,1,850.000000000001,2544.000000000001,
185959,1,860.000000000000,2560.000000000000,
185961,1,2472.000000000001,3813.000000000001,
185961,1,2480.000000000000,3820.000000000000,
185962,1,2769.000000000001,3560.000000000001,
185962,1,2780.000000000000,3560.000000000000,
185963,1,3660.000000000000,4240.000000000000,
185963,1,3660.000000000001,4232.000000000001,
185964,1,3583.000000000001,3923.000000000000,
185964,1,3600.000000000000,3940.000000000000,
185965,1,3601.000000000000,4211.000000000001,
185965,1,3620.000000000000,4220.000000000000,
185966,1,2266.000000000000,3164.000000000000,
185966,1,2280.000000000000,3180.000000000000,
185969,1,651.000000000000,1254.000000000000,
185969,1,660.000000000000,1260.000000000000,
185982,1,4897.000000000001,4974.000000000001,
185982,1,4900.000000000000,4980.000000000000,
185986,1,3261.000000000000,3944.000000000000,
185986,1,3280.000000000000,3960.000000000000,
185989,1,2685.000000000001,4211.000000000001,
185989,1,2700.000000000000,4220.000000000000,
185991,1,904.000000000000,1543.000000000001,
185991,1,920.000000000000,1560.000000000000,
185996,1,801.000000000000,2490.000000000001,
185996,1,820.000000000000,2500.000000000000,
185997,1,766.000000000001,2440.000000000001,
185997,1,780.000000000000,2440.000000000000,
186001,1,921.000000000000,2150.000000000001,
186001,1,940.000000000000,2160.000000000000,
186003,1,814.000000000001,3165.000000000000,
186003,1,820.000000000000,3180.000000000000,
186005,1,2883.000000000000,3505.000000000000,
186017,1,1525.000000000001,2330.000000000000,
186018,1,4190.000000000001,4438.000000000001,
186019,1,2581.000000000001,2853.000000000000,
186022,1,1643.000000000000,2051.000000000001,
186024,1,2177.000000000000,2362.000000000000,
186031,1,1789.000000000000,2408.000000000001,
186032,1,3085.000000000000,3220.000000000000,
186033,1,4118.000000000001,4234.000000000001,
186035,1,3193.000000000001,3484.000000000000,
186036,1,4050.000000000001,4172.000000000001,
186045,1,3514.000000000001,4305.000000000001,
186045,1,3520.000000000000,4320.000000000000,
186048,1,2909.000000000000,3988.000000000001,
186048,1,2920.000000000000,4000.000000000000,
186049,1,2640.000000000000,2720.000000000000,
186049,1,2640.000000000000,2715.000000000000,
186053,1,818.000000000001,2614.000000000000,
186053,1,820.000000000000,2620.000000000000,
186055,1,2173.000000000000,2569.000000000000,
186055,1,2180.000000000000,2580.000000000000,
186058,1,2482.000000000001,2589.000000000001,
186058,1,2500.000000000000,2600.000000000000,
186060,1,3469.000000000001,3619.000000000000,
186060,1,3480.000000000000,3620.000000000000,
186064,1,2598.000000000000,4753.000000000001,
186064,1,2600.000000000000,4760.000000000000,
186068,1,4614.000000000000,4770.000000000001,
186068,1,4620.000000000000,4780.000000000000,
186071,1,3521.000000000000,3771.000000000000,
186071,1,3540.000000000000,3780.000000000000,
186072,1,1052.000000000001,3969.000000000001,
186072,1,1060.000000000000,3980.000000000000,
186074,1,4412.000000000001,4625.000000000001,
186074,1,4420.000000000000,4640.000000000000,
186076,1,4567.000000000001,5086.000000000001,
186076,1,4580.000000000000,5100.000000000000,
186114,1,2963.000000000000,3388.000000000000,
186114,1,2980.000000000000,3400.000000000000,
186115,1,2972.000000000001,3388.000000000000,
186115,1,2980.000000000000,3400.000000000000,
186118,1,3113.000000000001,3307.000000000001,
186118,1,3120.000000000000,3320.000000000000,
186120,1,2466.000000000001,2895.000000000001,
186120,1,2480.000000000000,2900.000000000000,
186121,1,2619.000000000000,3034.000000000000,
186121,1,2620.000000000000,3040.000000000000,
186126,1,2507.000000000000,3750.000000000000,
186126,1,2520.000000000000,3760.000000000000,
186128,1,2692.000000000001,3945.000000000001,
186128,1,2700.000000000000,3960.000000000000,
186129,1,3646.000000000000,4268.000000000000,
186129,1,3660.000000000000,4280.000000000000,
186133,1,3120.000000000000,3720.000000000000,
186133,1,3120.000000000000,3703.000000000001,
186134,1,3207.000000000000,3802.000000000001,
186134,1,3220.000000000000,3820.000000000000,
186150,1,4052.000000000000,4497.000000000000,
186150,1,4060.000000000000,4500.000000000000,
186183,1,2538.000000000001,2856.000000000000,
186187,1,656.000000000000,4466.000000000001,
186188,1,2172.000000000000,2442.000000000001,
186195,1,2174.000000000001,3150.000000000001,
186195,1,2180.000000000000,3160.000000000000,
186196,1,750.000000000001,3069.000000000000,
186196,1,760.000000000000,3080.000000000000,
186197,1,2681.000000000000,3596.000000000000,
186197,1,2700.000000000000,3600.000000000000,
186198,1,3218.000000000000,3271.000000000000,
186198,1,3220.000000000000,3280.000000000000,
186199,1,677.000000000001,2515.000000000000,
186199,1,680.000000000000,2520.000000000000,
186200,1,3325.000000000001,3854.000000000000,
186200,1,3340.000000000000,3860.000000000000,
186201,1,658.000000000000,3808.000000000000,
186201,1,660.000000000000,3820.000000000000,
186202,1,2520.000000000000,3820.000000000000,
186202,1,2520.000000000001,3802.000000000001,
186203,1,891.000000000001,2662.000000000000,
186203,1,900.000000000000,2680.000000000000,
186204,1,661.000000000001,3210.000000000000,
186204,1,680.000000000000,3220.000000000000,
186205,1,649.000000000001,2633.000000000000,
186205,1,660.000000000000,2640.000000000000,
186206,1,651.000000000000,1057.000000000000,
186206,1,660.000000000000,1060.000000000000,
186211,1,4096.000000000000,4622.000000000000,
186211,1,4100.000000000000,4640.000000000000,
186212,1,3333.000000000001,4503.000000000001,
186212,1,3340.000000000000,4520.000000000000,
186216,1,2370.000000000000,3960.000000000000,
186216,1,2380.000000000000,3960.000000000000,
186217,1,3992.000000000000,4059.000000000001,
186217,1,4000.000000000000,4060.000000000000,
186218,1,1247.000000000000,1450.000000000001,
186218,1,1260.000000000000,1460.000000000000,
186219,1,1322.000000000001,1535.000000000001,
186220,1,665.000000000001,1210.000000000000,
186220,1,680.000000000000,1220.000000000000,
186222,1,1166.000000000001,1295.000000000000,
186222,1,1180.000000000000,1300.000000000000,
186224,1,1249.000000000000,1579.000000000000,
186224,1,1260.000000000000,1580.000000000000,
186227,1,2626.000000000001,3673.000000000000,
186227,1,2640.000000000000,3680.000000000000,
186228,1,3390.000000000001,4015.000000000000,
186228,1,3400.000000000000,4020.000000000000,
186230,1,4481.000000000000,4981.000000000000,
186230,1,4500.000000000000,5000.000000000000,
186251,1,3067.000000000001,5232.000000000002,
186251,1,3080.000000000000,5240.000000000000,
186252,1,2202.000000000000,3032.000000000000,
186252,1,2220.000000000000,3040.000000000000,
186253,1,3532.000000000000,3794.000000000001,
186253,1,3540.000000000000,3800.000000000000,
186258,1,2804.000000000001,3356.000000000000,
186258,1,2820.000000000000,3360.000000000000,
186270,1,2327.000000000000,2484.000000000000,
186279,1,2663.000000000001,3074.000000000000,
186279,1,2680.000000000000,3080.000000000000,
186282,1,2606.000000000000,2802.000000000001,
186282,1,2620.000000000000,2820.000000000000,
186283,1,3292.000000000000,3662.000000000000,
186283,1,3300.000000000000,3680.000000000000,
186285,1,4399.000000000001,4499.000000000001,
186285,1,4400.000000000000,4500.000000000000,
186286,1,3712.000000000000,3837.000000000000,
186286,1,3720.000000000000,3840.000000000000,
186287,1,3662.000000000000,3750.000000000000,
186287,1,3680.000000000000,3760.000000000000,
186292,1,4546.000000000001,4658.000000000001,
186292,1,4560.000000000000,4660.000000000000,
186389,1,3362.000000000000,3655.000000000001,
186438,1,2833.000000000001,3092.000000000001,
186439,1,2986.000000000000,3301.000000000001,
186439,1,3000.000000000000,3320.000000000000,
186473,1,3708.000000000001,5040.000000000001,
186473,1,3720.000000000000,5040.000000000000,
186483,1,3740.000000000000,4300.000000000000,
186483,1,3740.000000000001,4300.000000000000,
186485,1,3894.000000000001,4037.000000000001,
186485,1,3900.000000000000,4040.000000000000,
186487,1,2893.000000000000,4554.000000000001,
186487,1,2900.000000000000,4560.000000000000,
186488,1,5451.000000000001,5820.000000000001,
186488,1,5460.000000000000,5820.000000000000,
186489,1,4917.000000000001,6635.000000000000,
186489,1,4920.000000000000,5980.000000000000,
186490,1,3694.000000000000,6099.000000000001,
186490,1,3700.000000000000,5980.000000000000,
186491,1,3347.000000000001,3908.000000000001,
186491,1,3360.000000000000,3920.000000000000,
186493,1,3270.000000000001,6476.000000000002,
186493,1,3280.000000000000,5980.000000000000,
186494,1,2929.000000000001,6229.000000000002,
186494,1,2940.000000000000,5980.000000000000,
186495,1,4003.000000000000,5019.000000000001,
186495,1,4020.000000000000,5020.000000000000,
186496,1,3021.000000000000,3295.000000000000,
186496,1,3040.000000000000,3300.000000000000,
186497,1,2805.000000000000,4578.000000000001,
186497,1,2820.000000000000,4580.000000000000,
186499,1,2963.000000000000,3608.000000000001,
186499,1,2980.000000000000,3620.000000000000,
186500,1,2795.000000000000,6076.000000000001,
186500,1,2800.000000000000,5980.000000000000,
186501,1,2777.000000000001,3164.000000000000,
186501,1,2780.000000000000,3180.000000000000,
186507,1,2675.000000000000,4670.000000000001,
186507,1,2680.000000000000,4680.000000000000,
186510,1,2718.000000000000,5959.000000000000,
186510,1,2720.000000000000,5960.000000000000,
186511,1,2806.000000000000,5403.000000000001,
186511,1,2820.000000000000,5420.000000000000,
186513,1,3219.000000000001,3659.000000000000,
186513,1,3220.000000000000,3660.000000000000,
186514,1,5184.000000000002,5521.000000000001,
186514,1,5200.000000000000,5540.000000000000,
186523,1,3809.000000000001,3966.000000000001,
186523,1,3820.000000000000,3980.000000000000,
186525,1,3250.000000000000,4171.000000000001,
186525,1,3260.000000000000,4180.000000000000,
186526,1,3782.000000000000,4017.000000000001,
186526,1,3800.000000000000,4020.000000000000,
186527,1,2940.000000000000,3600.000000000000,
186527,1,2940.000000000001,3598.000000000000,
186528,1,3147.000000000001,3331.000000000001,
186528,1,3160.000000000000,3340.000000000000,
186529,1,3181.000000000000,3757.000000000001,
186529,1,3200.000000000000,3760.000000000000,
186530,1,1070.000000000000,2917.000000000000,
186530,1,1080.000000000000,2920.000000000000,
186531,1,2921.000000000001,4625.000000000001,
186531,1,2940.000000000000,4640.000000000000,
186532,1,2851.000000000000,3351.000000000000,
186532,1,2860.000000000000,3360.000000000000,
186533,1,3733.000000000001,4358.000000000001,
186533,1,3740.000000000000,4360.000000000000,
186537,1,3812.000000000001,3970.000000000000,
186537,1,3820.000000000000,3980.000000000000,
186538,1,3061.000000000000,3464.000000000001,
186538,1,3080.000000000000,3480.000000000000,
186539,1,3463.000000000000,4944.000000000001,
186539,1,3480.000000000000,4960.000000000000,
186540,1,3989.000000000000,4226.000000000001,
186540,1,4000.000000000000,4240.000000000000,
186543,1,3364.000000000000,3681.000000000000,
186543,1,3380.000000000000,3700.000000000000,
186545,1,3289.000000000000,3895.000000000001,
186545,1,3300.000000000000,3900.000000000000,
186546,1,3562.000000000001,4859.000000000001,
186546,1,3580.000000000000,4860.000000000000,
186548,1,4408.000000000001,5101.000000000001,
186548,1,4420.000000000000,5120.000000000000,
186549,1,2994.000000000000,4703.000000000001,
186549,1,3000.000000000000,4720.000000000000,
186550,1,2782.000000000000,4349.000000000001,
186550,1,2800.000000000000,4360.000000000000,
186551,1,3995.000000000000,5266.000000000001,
186551,1,4000.000000000000,5280.000000000000,
186553,1,2506.000000000001,4910.000000000001,
186553,1,2520.000000000000,4920.000000000000,
186554,1,2918.000000000001,5469.000000000002,
186554,1,2920.000000000000,5480.000000000000,
186555,1,2875.000000000000,3087.000000000000,
186555,1,2880.000000000000,3100.000000000000,
186557,1,3078.000000000001,3853.000000000000,
186557,1,3080.000000000000,3860.000000000000,
186561,1,3187.000000000001,3922.000000000001,
186561,1,3200.000000000000,3940.000000000000,
186562,1,2831.000000000001,5299.000000000000,
186562,1,2840.000000000000,5300.000000000000,
186563,1,3170.000000000000,3296.000000000001,
186563,1,3180.000000000000,3300.000000000000,
186565,1,3121.000000000001,3346.000000000000,
186565,1,3140.000000000000,3360.000000000000,
186566,1,3104.000000000000,4660.000000000001,
186566,1,3120.000000000000,4660.000000000000,
186567,1,4076.000000000000,4288.000000000001,
186567,1,4080.000000000000,4300.000000000000,
186568,1,4301.000000000001,4815.000000000001,
186568,1,4320.000000000000,4820.000000000000,
186569,1,3385.000000000000,3559.000000000001,
186569,1,3400.000000000000,3560.000000000000,
186571,1,5030.000000000001,5292.000000000000,
186571,1,5040.000000000000,5300.000000000000,
186572,1,3725.000000000001,4094.000000000001,
186572,1,3740.000000000000,4100.000000000000,
186574,1,4055.000000000001,4360.000000000001,
186575,1,4569.000000000001,4812.000000000001,
186575,1,4580.000000000000,4820.000000000000,
186577,1,3437.000000000001,3620.000000000000,
186577,1,3440.000000000000,3620.000000000000,
186587,1,2147.000000000001,2263.000000000000,
186587,1,2160.000000000000,2280.000000000000,
186624,1,2135.000000000000,2342.000000000000,
186624,1,2140.000000000000,2360.000000000000,
186626,1,1423.000000000001,2381.000000000001,
186626,1,1440.000000000000,2400.000000000000,
186631,1,4213.000000000001,4534.000000000000,
186635,1,2787.000000000000,4548.000000000001,
186636,1,3629.000000000001,3778.000000000001,
186636,1,3640.000000000000,3780.000000000000,
186637,1,3827.000000000000,4063.000000000001,
186638,1,2873.000000000001,5373.000000000002,
186638,1,2880.000000000000,5380.000000000000,
186639,1,2905.000000000001,3246.000000000001,
186639,1,2920.000000000000,3260.000000000000,
186640,1,3017.000000000001,3359.000000000000,
186640,1,3020.000000000000,3360.000000000000,
186650,1,1235.000000000001,4355.000000000001,
186650,1,1240.000000000000,4360.000000000000,
186722,1,2747.000000000000,3533.000000000001,
186722,1,2760.000000000000,3540.000000000000,
186725,1,2614.000000000000,2930.000000000000,
186725,1,2620.000000000000,2940.000000000000,
186726,1,4958.000000000001,5353.000000000000,
186726,1,4960.000000000000,5360.000000000000,
186727,1,3027.000000000001,3652.000000000001,
186727,1,3040.000000000000,3660.000000000000,
186731,1,2598.000000000000,2829.000000000000,
186731,1,2600.000000000000,2840.000000000000,
186732,1,3388.000000000000,3728.000000000000,
186732,1,3400.000000000000,3740.000000000000,
186733,1,2419.000000000001,2698.000000000001,
186733,1,2420.000000000000,2700.000000000000,
186735,1,3947.000000000000,5708.000000000001,
186735,1,3960.000000000000,5720.000000000000,
186736,1,4950.000000000001,5837.000000000000,
186736,1,4960.000000000000,5840.000000000000,
186737,1,2557.000000000001,2929.000000000001,
186737,1,2560.000000000000,2940.000000000000,
186738,1,3103.000000000000,3478.000000000000,
186738,1,3120.000000000000,3480.000000000000,
186741,1,2783.000000000001,4747.000000000000,
186741,1,2800.000000000000,4760.000000000000,
186742,1,2413.000000000001,2704.000000000000,
186742,1,2420.000000000000,2720.000000000000,
186743,1,3473.000000000000,5934.000000000002,
186743,1,3480.000000000000,5940.000000000000,
186744,1,3377.000000000000,3741.000000000001,
186744,1,3380.000000000000,3760.000000000000,
186745,1,3186.000000000000,3447.000000000000,
186745,1,3200.000000000000,3460.000000000000,
186746,1,3824.000000000000,5348.000000000001,
186746,1,3840.000000000000,5360.000000000000,
186747,1,2474.000000000001,3418.000000000001,
186747,1,2480.000000000000,3420.000000000000,
186751,1,2649.000000000000,2939.000000000000,
186751,1,2660.000000000000,2940.000000000000,
186755,1,3139.000000000001,3956.000000000001,
186755,1,3140.000000000000,3960.000000000000,
186781,1,791.000000000000,5488.000000000000,
186782,1,1085.000000000000,5443.000000000000,
186782,1,1100.000000000000,5460.000000000000,
186784,1,1117.000000000000,5460.000000000002,
186784,1,1120.000000000000,5460.000000000000,
186800,1,2024.000000000000,2347.000000000001,
186800,1,2040.000000000000,2360.000000000000,
186844,1,2442.000000000001,2924.000000000001,
186844,1,2460.000000000000,2940.000000000000,
186845,1,2509.000000000001,3769.000000000001,
186845,1,2520.000000000000,3780.000000000000,
186846,1,2427.000000000001,2830.000000000000,
186846,1,2440.000000000000,2840.000000000000,
186847,1,2991.000000000001,4519.000000000001,
186847,1,3000.000000000000,4520.000000000000,
186848,1,2909.000000000000,4268.000000000000,
186848,1,2920.000000000000,4280.000000000000,
186849,1,3641.000000000000,4727.000000000001,
186849,1,3660.000000000000,4740.000000000000,
186850,1,2644.000000000001,3480.000000000001,
186850,1,2660.000000000000,3480.000000000000,
186851,1,2433.000000000000,3208.000000000001,
186851,1,2440.000000000000,3220.000000000000,
186877,1,4816.000000000000,5040.000000000001,
186877,1,4820.000000000000,5040.000000000000,
186882,1,3997.000000000000,4130.000000000000,
186882,1,4000.000000000000,4140.000000000000,
186883,1,3239.000000000000,3375.000000000000,
186883,1,3240.000000000000,3380.000000000000,
186896,1,1773.000000000000,1865.000000000001,
186896,1,1780.000000000000,1880.000000000000,
186898,1,2847.000000000001,3530.000000000001,
186898,1,2860.000000000000,3540.000000000000,
186901,1,2531.000000000000,3080.000000000000,
186901,1,2540.000000000000,3080.000000000000,
186902,1,2644.000000000001,3107.000000000001,
186902,1,2660.000000000000,3120.000000000000,
186903,1,2521.000000000000,3042.000000000000,
186903,1,2540.000000000000,3060.000000000000,
186904,1,1706.000000000001,1917.000000000000,
186904,1,1720.000000000000,1920.000000000000,
186905,1,1751.000000000001,2172.000000000000,
186905,1,1760.000000000000,2180.000000000000,
186906,1,2280.000000000000,3140.000000000000,
186906,1,2280.000000000001,3136.000000000000,
186907,1,2730.000000000001,3315.000000000001,
186907,1,2740.000000000000,3320.000000000000,
186908,1,3568.000000000001,4005.000000000001,
186908,1,3580.000000000000,4020.000000000000,
186909,1,2836.000000000001,3281.000000000000,
186909,1,2840.000000000000,3300.000000000000,
186911,1,4675.000000000000,5172.000000000001,
186911,1,4680.000000000000,5180.000000000000,
186912,1,2427.000000000001,2722.000000000001,
186912,1,2440.000000000000,2740.000000000000,
186916,1,1837.000000000000,2225.000000000000,
186916,1,1840.000000000000,2240.000000000000,
186919,1,2634.000000000001,3195.000000000001,
186919,1,2640.000000000000,3200.000000000000,
186920,1,2053.000000000000,2147.000000000001,
186921,1,4961.000000000001,5453.000000000002,
186921,1,4980.000000000000,5460.000000000000,
186922,1,2051.000000000001,2353.000000000000,
186922,1,2060.000000000000,2360.000000000000,
186924,1,4568.000000000001,4923.000000000001,
186924,1,4580.000000000000,4940.000000000000,
186926,1,4290.000000000001,4821.000000000001,
186926,1,4300.000000000000,4840.000000000000,
186930,1,2105.000000000001,3467.000000000001,
186930,1,2120.000000000000,3480.000000000000,
186931,1,2180.000000000000,4840.000000000000,
186931,1,2180.000000000000,4830.000000000001,
186934,1,2212.000000000000,4530.000000000001,
186934,1,2220.000000000000,4540.000000000000,
186974,1,3768.000000000000,4480.000000000001,
186974,1,3780.000000000000,4480.000000000000,
186975,1,3565.000000000001,3682.000000000001,
186975,1,3580.000000000000,3700.000000000000,
186976,1,3152.000000000001,3670.000000000000,
186976,1,3160.000000000000,3680.000000000000,
186978,1,3307.000000000001,5308.000000000000,
186978,1,3320.000000000000,5320.000000000000,
186988,1,3505.000000000000,4849.000000000001,
186988,1,3520.000000000000,4860.000000000000,
186989,1,3463.000000000000,4779.000000000001,
186989,1,3480.000000000000,4780.000000000000,
186990,1,3524.000000000000,4261.000000000001,
186990,1,3540.000000000000,4280.000000000000,
186992,1,2982.000000000001,3665.000000000000,
186992,1,3000.000000000000,3680.000000000000,
186993,1,4069.000000000001,4309.000000000001,
186993,1,4080.000000000000,4320.000000000000,
186994,1,2796.000000000001,3978.000000000000,
186994,1,2800.000000000000,3980.000000000000,
186995,1,2541.000000000001,3628.000000000000,
186996,1,2855.000000000001,3646.000000000000,
186996,1,2860.000000000000,3660.000000000000,
186998,1,4155.000000000001,4499.000000000001,
186998,1,4160.000000000000,4500.000000000000,
186999,1,3424.000000000001,3664.000000000001,
186999,1,3440.000000000000,3680.000000000000,
187001,1,3754.000000000001,4216.000000000001,
187001,1,3760.000000000000,4220.000000000000,
187014,1,1061.000000000000,2674.000000000001,
187034,1,5141.000000000001,5496.000000000001,
187041,1,4334.000000000001,4579.000000000001,
187041,1,4340.000000000000,4580.000000000000,
187042,1,5018.000000000001,5722.000000000000,
187042,1,5020.000000000000,5740.000000000000,
187058,1,4255.000000000000,5158.000000000000,
187058,1,4260.000000000000,5160.000000000000,
187091,1,1713.000000000001,1963.000000000001,
187091,1,1720.000000000000,1980.000000000000,
187184,1,4998.000000000001,5144.000000000001,
187184,1,5000.000000000000,5160.000000000000,
187196,1,1039.000000000001,2246.000000000001,
187196,1,1040.000000000000,2260.000000000000,
187199,1,3696.000000000000,3995.000000000000,
187199,1,3700.000000000000,4000.000000000000,
187204,1,3844.000000000001,4181.000000000001,
187204,1,3860.000000000000,4200.000000000000,
187212,1,1264.000000000001,1486.000000000000,
187212,1,1280.000000000000,1500.000000000000,
187213,1,1634.000000000001,1964.000000000001,
187213,1,1640.000000000000,1980.000000000000,
188408,1,4780.000000000001,4850.000000000001,
188424,1,4270.000000000001,4569.000000000001,
188512,1,1617.000000000000,1768.000000000000,
188661,1,1638.000000000000,3144.000000000001,
188699,1,2020.000000000001,2326.000000000000,
188731,1,1895.000000000000,2361.000000000000,
188731,1,1900.000000000000,2380.000000000000,
188856,1,3143.000000000000,3753.000000000000,
188856,1,3160.000000000000,3760.000000000000,
188857,1,5186.000000000001,5583.000000000001,
188857,1,5200.000000000000,5600.000000000000,
188858,1,4224.000000000001,5117.000000000001,
188858,1,4240.000000000000,5120.000000000000,
188867,1,1604.000000000001,1739.000000000000,
188867,1,1620.000000000000,1740.000000000000,
189030,1,2086.000000000001,2434.000000000001,
189030,1,2100.000000000000,2440.000000000000,
189046,1,5346.000000000001,5736.000000000001,
189046,1,5360.000000000000,5740.000000000000,
189050,1,2218.000000000000,2451.000000000000,
189050,1,2220.000000000000,2460.000000000000,
189056,1,1580.000000000000,2940.000000000000,
189056,1,1580.000000000001,2925.000000000000,
189061,1,5431.000000000002,5535.000000000001,
189061,1,5440.000000000000,5540.000000000000,
189085,1,3743.000000000001,5998.000000000002,
189085,1,3760.000000000000,5980.000000000000,
189092,1,2108.000000000000,2521.000000000000,
189092,1,2120.000000000000,2540.000000000000,
189099,1,3076.000000000001,3436.000000000000,
189099,1,3080.000000000000,3440.000000000000,
189100,1,3019.000000000001,4591.000000000001,
189100,1,3020.000000000000,4600.000000000000,
189101,1,2626.000000000001,4790.000000000001,
189101,1,2640.000000000000,4800.000000000000,
189110,1,1725.000000000000,2021.000000000000,
189110,1,1740.000000000000,2040.000000000000,
189111,1,2726.000000000000,3092.000000000001,
189111,1,2740.000000000000,3100.000000000000,
189112,1,2693.000000000001,3052.000000000001,
189112,1,2700.000000000000,3060.000000000000,
189119,1,3396.000000000000,3518.000000000000,
189121,1,4078.000000000001,5059.000000000001,
189124,1,4354.000000000001,4990.000000000001,
189125,1,4689.000000000001,4796.000000000001,
189127,1,1343.000000000000,1431.000000000001,
189131,1,958.000000000000,1064.000000000001,
189132,1,1061.000000000000,1287.000000000000,
189138,1,2140.000000000000,2200.000000000000,
189138,1,2140.000000000000,2198.000000000001,
189181,1,4138.000000000000,4211.000000000001,
189181,1,4140.000000000000,4220.000000000000,
189187,1,2709.000000000000,2967.000000000000,
189187,1,2720.000000000000,2980.000000000000,
189188,1,2623.000000000000,2875.000000000000,
189188,1,2640.000000000000,2880.000000000000,
189189,1,5884.000000000001,6032.000000000001,
189189,1,5900.000000000000,5980.000000000000,
189192,1,1860.000000000000,2111.000000000000,
189192,1,1860.000000000000,2120.000000000000,
189194,1,3790.000000000000,4523.000000000000,
189194,1,3800.000000000000,4540.000000000000,
189198,1,1996.000000000000,2346.000000000000,
189198,1,2000.000000000000,2360.000000000000,
189200,1,1985.000000000000,2387.000000000000,
189200,1,2000.000000000000,2400.000000000000,
189205,1,1810.000000000000,2140.000000000000,
189205,1,1820.000000000000,2140.000000000000,
189207,1,2065.000000000000,2807.000000000000,
189207,1,2080.000000000000,2820.000000000000,
189239,1,1022.000000000000,1174.000000000000,
189239,1,1040.000000000000,1180.000000000000,
189240,1,1868.000000000000,3205.000000000000,
189240,1,1880.000000000000,3220.000000000000,
189266,1,760.000000000000,980.000000000000,
189266,1,760.000000000000,980.000000000000,
189268,1,1578.000000000000,1677.000000000000,
189268,1,1580.000000000000,1680.000000000000,
189270,1,2338.000000000000,2398.000000000000,
189270,1,2340.000000000000,2400.000000000000,
189271,1,2661.000000000000,2831.000000000000,
189271,1,2680.000000000000,2840.000000000000,
189272,1,3996.000000000000,4111.000000000000,
189272,1,4000.000000000000,4120.000000000000,
189273,1,3869.000000000000,4078.000000000001,
189273,1,3880.000000000000,4080.000000000000,
189274,1,1013.000000000000,1631.000000000000,
189274,1,1020.000000000000,1640.000000000000,
189275,1,2548.000000000000,2683.000000000000,
189275,1,2560.000000000000,2700.000000000000,
189276,1,1556.000000000000,1863.000000000000,
189276,1,1560.000000000000,1880.000000000000,
189277,1,4279.000000000001,4484.000000000001,
189277,1,4280.000000000000,4500.000000000000,
189285,1,2642.000000000000,3954.000000000000,
189285,1,2660.000000000000,3960.000000000000,
189286,1,2738.000000000000,4611.000000000000,
189286,1,2740.000000000000,4620.000000000000,
189287,1,4485.000000000001,4649.000000000001,
189287,1,4500.000000000000,4660.000000000000,
189289,1,3139.000000000001,4275.000000000001,
189289,1,3140.000000000000,4280.000000000000,
189291,1,2474.000000000001,3820.000000000001,
189291,1,2480.000000000000,3820.000000000000,
189292,1,2800.000000000000,2960.000000000000,
189292,1,2800.000000000000,2955.000000000000,
189295,1,3908.000000000001,4328.000000000001,
189295,1,3920.000000000000,4340.000000000000,
189299,1,1987.000000000001,2912.000000000000,
189299,1,2000.000000000000,2920.000000000000,
189300,1,2822.000000000000,3668.000000000001,
189300,1,2840.000000000000,3680.000000000000,
189304,1,2145.000000000000,2713.000000000000,
189304,1,2160.000000000000,2720.000000000000,
189311,1,2208.000000000001,2362.000000000000,
189311,1,2220.000000000000,2380.000000000000,
189312,1,2580.000000000000,2860.000000000000,
189312,1,2580.000000000000,2845.000000000000,
189328,1,2765.000000000000,3189.000000000000,
189328,1,2780.000000000000,3200.000000000000,
189329,1,4419.000000000000,4845.000000000000,
189329,1,4420.000000000000,4860.000000000000,
189330,1,2202.000000000000,2337.000000000000,
189330,1,2220.000000000000,2340.000000000000,
189333,1,1866.000000000000,2004.000000000000,
189333,1,1880.000000000000,2020.000000000000,
189334,1,4323.000000000000,4765.000000000000,
189334,1,4340.000000000000,4780.000000000000,
189335,1,5486.000000000000,5562.000000000001,
189335,1,5500.000000000000,5580.000000000000,
189336,1,5319.000000000001,5381.000000000001,
189336,1,5320.000000000000,5400.000000000000,
189338,1,5025.000000000001,5235.000000000001,
189338,1,5040.000000000000,5240.000000000000,
189362,1,4424.000000000001,5264.000000000001,
189362,1,4440.000000000000,5280.000000000000,
189365,1,4199.000000000000,5287.000000000001,
189365,1,4200.000000000000,5300.000000000000,
189366,1,4736.000000000000,5270.000000000000,
189366,1,4740.000000000000,5280.000000000000,
189367,1,3485.000000000000,4677.000000000000,
189367,1,3500.000000000000,4680.000000000000,
189368,1,5325.000000000001,5428.000000000001,
189368,1,5340.000000000000,5440.000000000000,
189369,1,5327.000000000001,5453.000000000001,
189369,1,5340.000000000000,5460.000000000000,
189390,1,3822.000000000000,4245.000000000001,
189390,1,3840.000000000000,4260.000000000000,
189428,1,2110.000000000000,2773.000000000000,
189428,1,2120.000000000000,2780.000000000000,
189429,1,1541.000000000000,1708.000000000000,
189429,1,1560.000000000000,1720.000000000000,
189442,1,3707.000000000000,3793.000000000001,
189442,1,3720.000000000000,3800.000000000000,
189443,1,3093.000000000000,3260.000000000000,
189443,1,3100.000000000000,3260.000000000000,
189465,1,3226.000000000000,3648.000000000000,
189465,1,3240.000000000000,3660.000000000000,
189466,1,3699.000000000000,4016.000000000000,
189466,1,3700.000000000000,4020.000000000000,
189468,1,4591.000000000001,4933.000000000000,
189468,1,4600.000000000000,4940.000000000000,
189469,1,4309.000000000001,4454.000000000000,
189469,1,4320.000000000000,4460.000000000000,
189488,1,2323.000000000000,2546.000000000000,
189488,1,2340.000000000000,2560.000000000000,
189500,1,2180.000000000000,2600.000000000000,
189500,1,2180.000000000000,2600.000000000000,
189501,1,4141.000000000001,4370.000000000001,
189501,1,4160.000000000000,4380.000000000000,
189504,1,2464.000000000000,2882.000000000000,
189504,1,2480.000000000000,2900.000000000000,
189509,1,2100.000000000000,2891.000000000000,
189509,1,2100.000000000000,2900.000000000000,
189510,1,2045.000000000000,2267.000000000000,
189510,1,2060.000000000000,2280.000000000000,
189512,1,1962.000000000000,2179.000000000000,
189512,1,1980.000000000000,2180.000000000000,
189513,1,3866.000000000000,4322.000000000001,
189513,1,3880.000000000000,4340.000000000000,
189514,1,2029.000000000000,2673.000000000000,
189514,1,2040.000000000000,2680.000000000000,
189515,1,2131.000000000000,2371.000000000000,
189515,1,2140.000000000000,2380.000000000000,
189522,1,1378.000000000000,1762.000000000000,
189522,1,1380.000000000000,1780.000000000000,
189538,1,2576.000000000000,2897.000000000001,
189538,1,2580.000000000000,2900.000000000000,
189540,1,2504.000000000000,2557.000000000000,
189540,1,2520.000000000000,2560.000000000000,
189541,1,1971.000000000000,2363.000000000000,
189542,1,2080.000000000000,2263.000000000000,
189543,1,3826.000000000000,4121.000000000000,
189543,1,3840.000000000000,4140.000000000000,
189544,1,2665.000000000000,2816.000000000000,
189544,1,2680.000000000000,2820.000000000000,
189545,1,2654.000000000000,2775.000000000000,
189545,1,2660.000000000000,2780.000000000000,
189547,1,3806.000000000000,4113.000000000000,
189547,1,3820.000000000000,4120.000000000000,
189549,1,1700.000000000000,2200.000000000000,
189549,1,1700.000000000000,2198.000000000000,
189552,1,1836.000000000000,2096.000000000000,
189552,1,1840.000000000000,2100.000000000000,
189553,1,1798.000000000000,2083.000000000000,
189553,1,1800.000000000000,2100.000000000000,
189560,1,5293.000000000001,5517.000000000001,
189560,1,5300.000000000000,5520.000000000000,
189561,1,5330.000000000001,5531.000000000000,
189561,1,5340.000000000000,5540.000000000000,
189563,1,2393.000000000000,3000.000000000000,
189563,1,2400.000000000000,3000.000000000000,
189564,1,2058.000000000000,2848.000000000000,
189564,1,2060.000000000000,2860.000000000000,
189565,1,2027.000000000000,2809.000000000001,
189565,1,2040.000000000000,2820.000000000000,
189567,1,1653.000000000000,1802.000000000000,
189567,1,1660.000000000000,1820.000000000000,
189568,1,4872.000000000000,5419.000000000000,
189568,1,4880.000000000000,5420.000000000000,
189571,1,4587.000000000000,5060.000000000000,
189571,1,4600.000000000000,5060.000000000000,
189577,1,1707.000000000000,2035.000000000000,
189577,1,1720.000000000000,2040.000000000000,
189578,1,1667.000000000000,1967.000000000000,
189578,1,1680.000000000000,1980.000000000000,
189579,1,1731.000000000000,2056.000000000000,
189579,1,1740.000000000000,2060.000000000000,
189580,1,1714.000000000000,1982.000000000000,
189580,1,1720.000000000000,2000.000000000000,
189581,1,1670.000000000000,1929.000000000000,
189581,1,1680.000000000000,1940.000000000000,
189584,1,3854.000000000000,3966.000000000001,
189584,1,3860.000000000000,3980.000000000000,
189588,1,2082.000000000000,3371.000000000000,
189588,1,2100.000000000000,3380.000000000000,
189597,1,5290.000000000001,5389.000000000001,
189597,1,5300.000000000000,5400.000000000000,
189598,1,5361.000000000000,5455.000000000001,
189598,1,5380.000000000000,5460.000000000000,
189599,1,5370.000000000001,5436.000000000001,
189599,1,5380.000000000000,5440.000000000000,
189605,1,2293.000000000000,2394.000000000000,
189605,1,2300.000000000000,2400.000000000000,
189607,1,5075.000000000001,5479.000000000001,
189607,1,5080.000000000000,5480.000000000000,
189650,1,4097.000000000000,4796.000000000001,
189650,1,4100.000000000000,4800.000000000000,
189651,1,4129.000000000000,4454.000000000000,
189651,1,4140.000000000000,4460.000000000000,
189652,1,3469.000000000000,4584.000000000000,
189652,1,3480.000000000000,4600.000000000000,
189653,1,2544.000000000000,3172.000000000000,
189653,1,2560.000000000000,3180.000000000000,
189657,1,2751.000000000000,3271.000000000000,
189657,1,2760.000000000000,3280.000000000000,
189658,1,3341.000000000001,3771.000000000000,
189658,1,3360.000000000000,3780.000000000000,
189720,1,3323.000000000000,4840.000000000000,
189720,1,3340.000000000000,4840.000000000000,
189722,1,1334.000000000000,3727.000000000001,
189722,1,1340.000000000000,3740.000000000000,
189723,1,3376.000000000000,3791.000000000000,
189723,1,3380.000000000000,3800.000000000000,
189726,1,4053.000000000001,4222.000000000000,
189726,1,4060.000000000000,4240.000000000000,
189730,1,1842.000000000000,2191.000000000000,
189731,1,2712.000000000000,2911.000000000000,
189731,1,2720.000000000000,2920.000000000000,
189732,1,2872.000000000000,2941.000000000000,
189732,1,2880.000000000000,2960.000000000000,
189737,1,1282.000000000000,2951.000000000000,
189737,1,1300.000000000000,2960.000000000000,
189741,1,1996.000000000000,2273.000000000000,
189741,1,2000.000000000000,2280.000000000000,
189742,1,1238.000000000000,4817.000000000001,
189742,1,1240.000000000000,4820.000000000000,
189743,1,2336.000000000000,4392.000000000001,
189743,1,2340.000000000000,4400.000000000000,
189745,1,4014.000000000001,4622.000000000000,
189745,1,4020.000000000000,4640.000000000000,
189746,1,1286.000000000000,2502.000000000000,
189746,1,1300.000000000000,2520.000000000000,
189832,1,1005.000000000000,1606.000000000000,
189840,1,1414.000000000000,1591.000000000000,
189840,1,1420.000000000000,1600.000000000000,
189841,1,1460.000000000000,3380.000000000000,
189841,1,1460.000000000000,3380.000000000000,
189881,1,1993.000000000000,2251.000000000000,
189881,1,2000.000000000000,2260.000000000000,
189885,1,1446.000000000000,1620.000000000000,
189885,1,1460.000000000000,1620.000000000000,
189891,1,1424.000000000000,1533.000000000000,
189891,1,1440.000000000000,1540.000000000000,
190046,1,4642.000000000001,4776.000000000000,
190046,1,4660.000000000000,4780.000000000000,
190056,1,5031.000000000000,5467.000000000000,
190056,1,5040.000000000000,5480.000000000000,
190156,1,2072.000000000000,2424.000000000000,
190156,1,2080.000000000000,2440.000000000000,
190180,1,4360.000000000000,4540.000000000000,
190180,1,4360.000000000001,4527.000000000001,
190182,1,4673.000000000001,4961.000000000001,
190182,1,4680.000000000000,4980.000000000000,
190184,1,3790.000000000000,4845.000000000000,
190184,1,3800.000000000000,4860.000000000000,
190239,1,4469.000000000001,4731.000000000000,
190239,1,4480.000000000000,4740.000000000000,
190257,1,4481.000000000000,4701.000000000000,
190257,1,4500.000000000000,4720.000000000000,
190260,1,2779.000000000000,2907.000000000000,
190260,1,2780.000000000000,2920.000000000000,
190261,1,3529.000000000000,3614.000000000000,
190261,1,3540.000000000000,3620.000000000000,
190262,1,2993.000000000000,3087.000000000000,
190262,1,3000.000000000000,3100.000000000000,
190263,1,1680.000000000000,1840.000000000000,
190263,1,1680.000000000000,1833.000000000000,
190266,1,2940.000000000000,3024.000000000000,
190266,1,2940.000000000000,3040.000000000000,
190267,1,2199.000000000000,2385.000000000000,
190267,1,2200.000000000000,2400.000000000000,
190270,1,2767.000000000000,2863.000000000000,
190270,1,2780.000000000000,2880.000000000000,
190271,1,4809.000000000001,4911.000000000000,
190271,1,4820.000000000000,4920.000000000000,
190272,1,5424.000000000001,5507.000000000000,
190272,1,5440.000000000000,5520.000000000000,
190273,1,3908.000000000000,4037.000000000001,
190273,1,3920.000000000000,4040.000000000000,
190276,1,3258.000000000000,3525.000000000000,
190276,1,3260.000000000000,3540.000000000000,
190280,1,2002.000000000000,2175.000000000000,
190280,1,2020.000000000000,2180.000000000000,
190283,1,1956.000000000000,2369.000000000000,
190283,1,1960.000000000000,2380.000000000000,
190284,1,2643.000000000000,3101.000000000000,
190284,1,2660.000000000000,3120.000000000000,
190299,1,4871.000000000000,5182.000000000001,
190299,1,4880.000000000000,5200.000000000000,
190300,1,2913.000000000001,3062.000000000000,
190300,1,2920.000000000000,3080.000000000000,
190303,1,2460.000000000000,2580.000000000000,
190303,1,2460.000000000000,2561.000000000000,
190304,1,2336.000000000000,2422.000000000000,
190304,1,2340.000000000000,2440.000000000000,
190308,1,1122.000000000000,1467.000000000000,
190308,1,1140.000000000000,1480.000000000000,
190317,1,3529.000000000000,3683.000000000000,
190317,1,3540.000000000000,3700.000000000000,
190318,1,2286.000000000000,3014.000000000001,
190318,1,2300.000000000000,3020.000000000000,
190319,1,2292.000000000000,3447.000000000000,
190319,1,2300.000000000000,3460.000000000000,
190325,1,2798.000000000000,3064.000000000000,
190325,1,2800.000000000000,3080.000000000000,
190326,1,4764.000000000001,4877.000000000000,
190326,1,4780.000000000000,4880.000000000000,
190328,1,2641.000000000000,2863.000000000000,
190328,1,2660.000000000000,2880.000000000000,
190329,1,2408.000000000000,2526.000000000000,
190329,1,2420.000000000000,2540.000000000000,
190330,1,3109.000000000000,3208.000000000001,
190330,1,3120.000000000000,3220.000000000000,
190332,1,3054.000000000000,3162.000000000000,
190332,1,3060.000000000000,3180.000000000000,
190336,1,2243.000000000000,2331.000000000000,
190336,1,2260.000000000000,2340.000000000000,
190339,1,2300.000000000000,2380.000000000000,
190339,1,2300.000000000000,2378.000000000000,
190340,1,2129.000000000000,2223.000000000000,
190340,1,2140.000000000000,2240.000000000000,
190343,1,2070.000000000000,2152.000000000000,
190343,1,2080.000000000000,2160.000000000000,
190347,1,2214.000000000000,2307.000000000000,
190347,1,2220.000000000000,2320.000000000000,
190380,1,6337.000000000000,6524.000000000001,
190498,1,2526.000000000000,2945.000000000000,
190498,1,2540.000000000000,2960.000000000000,
190517,1,3600.000000000000,3780.000000000000,
190517,1,5064.383999999999,5229.384000000000,
190530,1,1740.000000000000,3320.000000000000,
190530,1,3205.384000000000,4771.384000000000,
190547,1,1546.000000000000,1956.000000000000,
190554,1,3676.000000000001,3888.000000000000,
190554,1,3680.000000000000,3900.000000000000,
190555,1,2193.000000000000,2422.000000000000,
190555,1,2200.000000000000,2440.000000000000,
190559,1,2233.000000000000,2444.000000000000,
190559,1,2240.000000000000,2460.000000000000,
190562,1,2522.000000000000,2699.000000000000,
190562,1,2540.000000000000,2700.000000000000,
190566,1,994.000000000000,1522.000000000000,
190566,1,1000.000000000000,1540.000000000000,
190643,1,1360.000000000000,1600.000000000000,
190643,1,1360.000000000000,1581.000000000000,
190648,1,1421.000000000000,1530.000000000000,
190648,1,1440.000000000000,1540.000000000000,
190655,1,2281.000000000000,2419.000000000000,
190673,1,3396.000000000000,4445.000000000001,
190673,1,3400.000000000000,4460.000000000000,
190675,1,3598.000000000000,3786.000000000000,
190675,1,3600.000000000000,3800.000000000000,
190682,1,2200.000000000000,2380.000000000000,
190682,1,2200.000000000000,2371.000000000000,
190698,1,1649.000000000000,1745.000000000000,
190698,1,1660.000000000000,1760.000000000000,
190729,1,2710.000000000000,2962.000000000000,
190729,1,2720.000000000000,2980.000000000000,
190730,1,2331.000000000000,2476.000000000000,
190730,1,2340.000000000000,2480.000000000000,
190733,1,4337.000000000000,4724.000000000001,
190733,1,4340.000000000000,4740.000000000000,
190734,1,4315.000000000001,4875.000000000001,
190734,1,4320.000000000000,4880.000000000000,
190736,1,4855.000000000001,5225.000000000001,
190736,1,4860.000000000000,5240.000000000000,
190738,1,5133.000000000001,5592.000000000000,
190738,1,5140.000000000000,5600.000000000000,
190739,1,5486.000000000000,5635.000000000001,
190739,1,5500.000000000000,5640.000000000000,
190740,1,4032.000000000000,4796.000000000001,
190740,1,4040.000000000000,4800.000000000000,
190746,1,4197.000000000001,4589.000000000001,
190746,1,4200.000000000000,4600.000000000000,
190750,1,1776.000000000000,2097.000000000000,
190750,1,1780.000000000000,2100.000000000000,
190769,1,2252.000000000000,2324.000000000000,
190769,1,2260.000000000000,2340.000000000000,
190783,1,1864.000000000000,1998.000000000001,
190783,1,1880.000000000000,2000.000000000000,
190793,1,2075.000000000001,2644.000000000001,
190793,1,2080.000000000000,2660.000000000000,
190797,1,2014.000000000001,2223.000000000000,
190797,1,2020.000000000000,2240.000000000000,
190862,1,1752.000000000000,3255.000000000000,
190865,1,1827.000000000000,3422.000000000000,
190899,1,4015.000000000000,4272.000000000001,
190899,1,4020.000000000000,4280.000000000000,
190901,1,4603.000000000000,4763.000000000000,
190901,1,4620.000000000000,4780.000000000000,
190903,1,2632.000000000000,3558.000000000000,
190903,1,2640.000000000000,3560.000000000000,
190904,1,1808.000000000000,1911.000000000000,
190904,1,1820.000000000000,1920.000000000000,
190906,1,3714.000000000000,3806.000000000000,
190906,1,3720.000000000000,3820.000000000000,
190908,1,2535.000000000001,2618.000000000000,
190908,1,2540.000000000000,2620.000000000000,
190909,1,2541.000000000000,3862.000000000000,
190909,1,2560.000000000000,3880.000000000000,
190910,1,2308.000000000000,4516.000000000001,
190910,1,2320.000000000000,4520.000000000000,
190915,1,2207.000000000000,2411.000000000000,
190915,1,2220.000000000000,2420.000000000000,
190920,1,2000.000000000000,2250.000000000000,
190920,1,2000.000000000000,2260.000000000000,
190921,1,2039.000000000000,2321.000000000000,
190921,1,2040.000000000000,2340.000000000000,
190922,1,2048.000000000000,2308.000000000000,
190922,1,2060.000000000000,2320.000000000000,
190923,1,2035.000000000000,2331.000000000000,
190923,1,2040.000000000000,2340.000000000000,
190935,1,1961.000000000000,2142.000000000000,
190935,1,1980.000000000000,2160.000000000000,
190968,1,2370.000000000000,2489.000000000000,
190968,1,2380.000000000000,2500.000000000000,
190973,1,2149.000000000000,2215.000000000000,
190973,1,2160.000000000000,2220.000000000000,
190975,1,2745.000000000000,2936.000000000000,
190975,1,2760.000000000000,2940.000000000000,
190990,1,929.000000000000,4208.000000000001,
190990,1,940.000000000000,4220.000000000000,
190991,1,1363.000000000000,3200.000000000001,
190991,1,1380.000000000000,3200.000000000000,
190993,1,3620.000000000000,4420.000000000000,
190993,1,3620.000000000000,4410.000000000001,
190996,1,1307.000000000000,5975.000000000000,
190997,1,4690.000000000001,5873.000000000001,
190997,1,4700.000000000000,5880.000000000000,
191026,1,1937.000000000000,2036.000000000000,
191029,1,1710.000000000000,2007.000000000000,
191029,1,1720.000000000000,2020.000000000000,
191034,1,2864.000000000000,3985.000000000001,
191034,1,2880.000000000000,4000.000000000000,
191040,1,2526.000000000000,2853.000000000000,
191040,1,2540.000000000000,2860.000000000000,
191177,1,1452.000000000000,1585.000000000000,
191177,1,1460.000000000000,1600.000000000000,
191193,1,1695.000000000000,1812.000000000000,
191193,1,1700.000000000000,1820.000000000000,
191423,1,1210.000000000000,1767.000000000000,
191423,1,1220.000000000000,1780.000000000000,
191430,1,1478.000000000000,2415.000000000000,
191430,1,1480.000000000000,2420.000000000000,
191433,1,5028.000000000000,5197.000000000001,
191433,1,5040.000000000000,5200.000000000000,
191440,1,3208.000000000001,3271.000000000000,
191440,1,3220.000000000000,3280.000000000000,
191442,1,2206.000000000000,2434.000000000001,
191442,1,2220.000000000000,2440.000000000000,
191444,1,1997.000000000000,2262.000000000000,
191444,1,2000.000000000000,2280.000000000000,
191445,1,1900.000000000000,2480.000000000000,
191445,1,1900.000000000000,2479.000000000000,
191448,1,1808.000000000000,2146.000000000000,
191448,1,1820.000000000000,2160.000000000000,
191455,1,1601.000000000000,1733.000000000000,
191457,1,1708.000000000000,1845.000000000000,
191457,1,1720.000000000000,1860.000000000000,
191459,1,2305.000000000000,2442.000000000001,
191459,1,2320.000000000000,2460.000000000000,
191487,1,1673.000000000000,2058.000000000000,
191487,1,1680.000000000000,2060.000000000000,
191544,1,2016.000000000000,2318.000000000000,
191549,1,2892.000000000000,3250.000000000000,
191549,1,2900.000000000000,3260.000000000000,
191576,1,1657.000000000000,3594.000000000001,
191576,1,1660.000000000000,3600.000000000000,
191588,1,2052.000000000000,2403.000000000000,
191588,1,2060.000000000000,2420.000000000000,
191615,1,3567.000000000001,3806.000000000000,
191615,1,3580.000000000000,3820.000000000000,
191616,1,4331.000000000000,4667.000000000000,
191616,1,4340.000000000000,4680.000000000000,
191625,1,1743.000000000000,1814.000000000000,
191625,1,1760.000000000000,1820.000000000000,
191649,1,4127.000000000000,4482.000000000001,
191649,1,4140.000000000000,4500.000000000000,
191665,1,3366.000000000000,3748.000000000001,
191665,1,3380.000000000000,3760.000000000000,
191670,1,4990.000000000001,5180.000000000000,
191670,1,5000.000000000000,5180.000000000000,
191672,1,3430.000000000000,4164.000000000000,
191672,1,3440.000000000000,4180.000000000000,
191673,1,4618.000000000001,5125.000000000001,
191673,1,4620.000000000000,5140.000000000000,
191674,1,3972.000000000000,4650.000000000001,
191674,1,3980.000000000000,4660.000000000000,
191675,1,2036.000000000000,2270.000000000000,
191677,1,3582.000000000000,3906.000000000000,
191677,1,3600.000000000000,3920.000000000000,
191678,1,3881.000000000001,4183.000000000000,
191678,1,3900.000000000000,4200.000000000000,
191679,1,3427.000000000000,3571.000000000000,
191679,1,3440.000000000000,3580.000000000000,
191680,1,2639.000000000001,3527.000000000001,
191680,1,2640.000000000000,3540.000000000000,
191682,1,5492.000000000001,5688.000000000000,
191682,1,5500.000000000000,5700.000000000000,
191683,1,3945.000000000001,4078.000000000001,
191683,1,3960.000000000000,4080.000000000000,
191685,1,5074.000000000000,5453.000000000001,
191685,1,5080.000000000000,5460.000000000000,
191686,1,3873.000000000001,4526.000000000000,
191686,1,3880.000000000000,4540.000000000000,
191689,1,3508.000000000000,4639.000000000001,
191689,1,3520.000000000000,4640.000000000000,
191715,1,3164.000000000000,3453.000000000001,
191715,1,3180.000000000000,3460.000000000000,
191716,1,2065.000000000000,2394.000000000000,
191716,1,2080.000000000000,2400.000000000000,
191717,1,2356.000000000000,2571.000000000000,
191717,1,2360.000000000000,2580.000000000000,
191718,1,2783.000000000000,3088.000000000000,
191718,1,2800.000000000000,3100.000000000000,
191727,1,2542.000000000000,3463.000000000000,
191727,1,2560.000000000000,3480.000000000000,
191734,1,3360.000000000000,3771.000000000000,
191734,1,3360.000000000000,3780.000000000000,
191744,1,3076.000000000000,3292.000000000000,
191744,1,3080.000000000000,3300.000000000000,
191755,1,2420.000000000000,2880.000000000000,
191755,1,2420.000000000000,2878.000000000000,
191756,1,2788.000000000000,2984.000000000000,
191756,1,2800.000000000000,3000.000000000000,
191757,1,5482.000000000001,5637.000000000001,
191757,1,5500.000000000000,5640.000000000000,
191822,1,4823.000000000001,4912.000000000001,
191822,1,4840.000000000000,4920.000000000000,
191833,1,4804.000000000001,4952.000000000001,
191833,1,4820.000000000000,4960.000000000000,
191834,1,3435.000000000000,3633.000000000000,
191834,1,3440.000000000000,3640.000000000000,
191835,1,3728.000000000000,3885.000000000000,
191835,1,3740.000000000000,3900.000000000000,
191838,1,3380.000000000000,3542.000000000000,
191839,1,3146.000000000000,3511.000000000000,
191839,1,3160.000000000000,3520.000000000000,
191840,1,3129.000000000000,3535.000000000001,
191840,1,3140.000000000000,3540.000000000000,
191856,1,1995.000000000000,2286.000000000000,
191859,1,2649.000000000000,3851.000000000000,
191859,1,2660.000000000000,3860.000000000000,
191873,1,3555.000000000000,3648.000000000000,
191929,1,2674.000000000000,2759.000000000000,
191931,1,3364.000000000000,3462.000000000000,
191933,1,1403.000000000000,2084.000000000000,
191934,1,1846.000000000000,2072.000000000000,
191935,1,2040.000000000000,2232.000000000000,
191936,1,1896.000000000000,2200.000000000000,
191937,1,1846.000000000000,2048.000000000000,
191963,1,2566.000000000000,2797.000000000000,
191963,1,2580.000000000000,2800.000000000000,
191964,1,2627.000000000000,3125.000000000000,
191964,1,2640.000000000000,3140.000000000000,
191969,1,4466.000000000001,4983.000000000000,
191969,1,4480.000000000000,5000.000000000000,
191970,1,3269.000000000001,3711.000000000001,
191971,1,3286.000000000000,3641.000000000000,
191971,1,3300.000000000000,3660.000000000000,
191972,1,2829.000000000000,3042.000000000000,
191972,1,2840.000000000000,3060.000000000000,
191975,1,3153.000000000000,3385.000000000000,
191975,1,3160.000000000000,3400.000000000000,
191976,1,3372.000000000000,3507.000000000000,
191976,1,3380.000000000000,3520.000000000000,
191979,1,5895.000000000001,6155.000000000001,
191979,1,5900.000000000000,5980.000000000000,
191983,1,3181.000000000000,3337.000000000000,
191983,1,3200.000000000000,3340.000000000000,
191984,1,3137.000000000000,3366.000000000000,
191984,1,3140.000000000000,3380.000000000000,
191986,1,3116.000000000000,3361.000000000000,
191986,1,3120.000000000000,3380.000000000000,
192003,1,3037.000000000000,3428.000000000000,
192003,1,3040.000000000000,3440.000000000000,
192004,1,3407.000000000000,3888.000000000000,
192007,1,3293.000000000001,3760.000000000000,
192007,1,3300.000000000000,3760.000000000000,
192008,1,2555.000000000000,2863.000000000000,
192008,1,2560.000000000000,2880.000000000000,
192051,1,1063.000000000000,2523.000000000000,
192051,1,1080.000000000000,2540.000000000000,
192082,1,3858.000000000000,3937.000000000001,
192082,1,3860.000000000000,3940.000000000000,
192084,1,3956.000000000000,4032.000000000000,
192084,1,3960.000000000000,4040.000000000000,
192091,1,3790.000000000000,3908.000000000000,
192091,1,3800.000000000000,3920.000000000000,
192092,1,3921.000000000001,4047.000000000000,
192092,1,3940.000000000000,4060.000000000000,
192141,1,1985.000000000000,2147.000000000000,
192141,1,2000.000000000000,2160.000000000000,
192206,1,2118.000000000000,2312.000000000000,
192206,1,2120.000000000000,2320.000000000000,
192207,1,3598.000000000000,4476.000000000001,
192207,1,3600.000000000000,4480.000000000000,
192208,1,1772.000000000000,4370.000000000001,
192208,1,1780.000000000000,4380.000000000000,
192209,1,2415.000000000000,3426.000000000001,
192209,1,2420.000000000000,3440.000000000000,
192210,1,1871.000000000000,2585.000000000000,
192210,1,1880.000000000000,2600.000000000000,
192211,1,1496.000000000000,3162.000000000000,
192211,1,1500.000000000000,3180.000000000000,
192212,1,2740.000000000000,3380.000000000000,
192212,1,2740.000000000001,3363.000000000000,
192213,1,3189.000000000000,3552.000000000000,
192213,1,3200.000000000000,3560.000000000000,
192301,1,1955.000000000000,2166.000000000000,
192315,1,1994.000000000000,2374.000000000000,
192315,1,2000.000000000000,2380.000000000000,
192387,1,2080.000000000000,2291.000000000000,
192387,1,2080.000000000000,2300.000000000000,
192388,1,1993.000000000000,2147.000000000000,
192388,1,2000.000000000000,2160.000000000000,
192397,1,2517.000000000000,5314.000000000001,
192397,1,2520.000000000000,5320.000000000000,
192398,1,4292.000000000000,5359.000000000001,
192398,1,4300.000000000000,5360.000000000000,
192408,1,1884.000000000000,2154.000000000000,
192408,1,1900.000000000000,2160.000000000000,
192409,1,1995.000000000000,2328.000000000000,
192409,1,2000.000000000000,2340.000000000000,
192411,1,4140.000000000000,4293.000000000001,
192411,1,4140.000000000000,4300.000000000000,
192412,1,3990.000000000001,4076.000000000000,
192412,1,4000.000000000000,4080.000000000000,
192417,1,3955.000000000000,4080.000000000000,
192417,1,3960.000000000000,4080.000000000000,
192663,1,1540.000000000000,1597.000000000000,
192665,1,1804.000000000000,1876.000000000000,
192677,1,2475.000000000000,2596.000000000000,
192729,1,2755.000000000000,2928.000000000000,
192729,1,2760.000000000000,2940.000000000000,
192731,1,3484.000000000000,3570.000000000001,
192731,1,3500.000000000000,3580.000000000000,
192861,1,1286.000000000000,1462.000000000000,
192861,1,1300.000000000000,1480.000000000000,
192867,1,1517.000000000000,2135.000000000000,
192867,1,1520.000000000000,2140.000000000000,
192876,1,1462.000000000000,2621.000000000000,
192876,1,1480.000000000000,2640.000000000000,
192886,1,4117.000000000001,4302.000000000000,
192886,1,4120.000000000000,4320.000000000000,
192887,1,3298.000000000000,3488.000000000000,
192887,1,3300.000000000000,3500.000000000000,
192912,1,2124.000000000000,2463.000000000000,
192912,1,2140.000000000000,2480.000000000000,
192913,1,2466.000000000001,3458.000000000001,
192913,1,2480.000000000000,3460.000000000000,
192914,1,1906.000000000000,2262.000000000000,
192914,1,1920.000000000000,2280.000000000000,
192915,1,2375.000000000000,3838.000000000000,
192915,1,2380.000000000000,3840.000000000000,
192921,1,1860.000000000000,2440.000000000000,
192921,1,1860.000000000000,2429.000000000000,
192933,1,1816.000000000000,2112.000000000000,
193001,1,1324.000000000000,1559.000000000000,
193003,1,5779.000000000001,5910.000000000001,
193004,1,5671.000000000001,5772.000000000001,
193005,1,1911.000000000000,2027.000000000000,
193006,1,5246.000000000001,5743.000000000001,
193007,1,2463.000000000000,3438.000000000000,
193009,1,2509.000000000000,2792.000000000000,
193014,1,2486.000000000000,2662.000000000000,
193015,1,2063.000000000000,2668.000000000001,
193021,1,2138.000000000000,2400.000000000000,
193107,1,5438.000000000000,5839.000000000001,
193108,1,5461.000000000001,5854.000000000001,
193108,1,5480.000000000000,5860.000000000000,
193113,1,5820.000000000000,5920.000000000000,
193113,1,5820.000000000001,5903.000000000001,
193121,1,1239.000000000000,1490.000000000000,
193121,1,1240.000000000000,1500.000000000000,
193148,1,3647.000000000001,3970.000000000000,
193148,1,3660.000000000000,3980.000000000000,
193150,1,3184.000000000001,3814.000000000000,
193150,1,3200.000000000000,3820.000000000000,
193174,1,4170.000000000001,4407.000000000001,
193175,1,1734.000000000000,3301.000000000001,
193192,1,3003.000000000000,3133.000000000000,
193197,1,2439.000000000000,2856.000000000000,
193206,1,2781.000000000000,2921.000000000000,
193206,1,2800.000000000000,2940.000000000000,
193207,1,2946.000000000000,3319.000000000000,
193207,1,2960.000000000000,3320.000000000000,
193208,1,6021.000000000001,6687.000000000001,
193209,1,3472.000000000000,3768.000000000000,
193209,1,3480.000000000000,3780.000000000000,
193210,1,4298.000000000001,4371.000000000000,
193210,1,4300.000000000000,4380.000000000000,
193242,1,3515.000000000000,4154.000000000001,
193244,1,2672.000000000000,3225.000000000000,
193244,1,2680.000000000000,3240.000000000000,
193245,1,4981.000000000000,5192.000000000001,
193245,1,5000.000000000000,5200.000000000000,
193246,1,2246.000000000000,2408.000000000000,
193246,1,2260.000000000000,2420.000000000000,
193247,1,2513.000000000000,2667.000000000000,
193247,1,2520.000000000000,2680.000000000000,
193248,1,4220.000000000000,4369.000000000000,
193253,1,3902.000000000001,4366.000000000000,
193253,1,3920.000000000000,4380.000000000000,
193256,1,1702.000000000000,1808.000000000000,
193256,1,1720.000000000000,1820.000000000000,
193258,1,1466.000000000000,1564.000000000000,
193258,1,1480.000000000000,1580.000000000000,
193259,1,3866.000000000000,4044.000000000000,
193267,1,3440.000000000000,3547.000000000000,
193267,1,3440.000000000000,3560.000000000000,
193271,1,4274.000000000001,4429.000000000001,
193271,1,4280.000000000000,4440.000000000000,
193273,1,2438.000000000000,2607.000000000001,
193273,1,2440.000000000000,2620.000000000000,
193282,1,4694.000000000001,4873.000000000001,
193282,1,4700.000000000000,4880.000000000000,
193291,1,4099.000000000001,4168.000000000001,
193291,1,4100.000000000000,4180.000000000000,
193299,1,2043.000000000000,2383.000000000000,
193299,1,2060.000000000000,2400.000000000000,
193303,1,1997.000000000000,2251.000000000000,
193303,1,2000.000000000000,2260.000000000000,
193312,1,2321.000000000000,2746.000000000000,
193312,1,2340.000000000000,2760.000000000000,
193321,1,4039.000000000000,4597.000000000000,
193321,1,4040.000000000000,4600.000000000000,
193322,1,2937.000000000000,3393.000000000000,
193322,1,2940.000000000000,3400.000000000000,
193323,1,4334.000000000000,4490.000000000001,
193323,1,4340.000000000000,4500.000000000000,
193328,1,4938.000000000000,5054.000000000001,
193328,1,4940.000000000000,5060.000000000000,
193359,1,920.000000000000,1420.000000000000,
193359,1,1072.384000000000,1579.384000000000,
193359,1,3220.000000000000,3300.000000000000,
193359,1,3379.384000000000,3450.384000000000,
193361,1,3062.000000000000,3197.000000000000,
193361,1,3080.000000000000,3200.000000000000,
193362,1,2984.000000000000,3237.000000000000,
193362,1,3000.000000000000,3240.000000000000,
193364,1,2891.000000000000,3439.000000000000,
193364,1,2900.000000000000,3440.000000000000,
193366,1,4295.000000000001,4421.000000000000,
193366,1,4300.000000000000,4440.000000000000,
193370,1,2869.000000000000,3607.000000000000,
193370,1,2880.000000000000,3620.000000000000,
193372,1,2709.000000000000,3358.000000000000,
193372,1,2720.000000000000,3360.000000000000,
193373,1,2661.000000000000,4010.000000000000,
193373,1,2680.000000000000,4020.000000000000,
193536,1,956.000000000000,1364.000000000000,
193593,1,4096.000000000000,4695.000000000000,
193724,1,2620.000000000000,3000.000000000000,
193724,1,2620.000000000000,2982.000000000001,
193727,1,2609.000000000000,3372.000000000000,
193727,1,2620.000000000000,3380.000000000000,
193728,1,2708.000000000001,3279.000000000000,
193728,1,2720.000000000000,3280.000000000000,
193729,1,2877.000000000000,3064.000000000000,
193729,1,2880.000000000000,3080.000000000000,
193749,1,2761.000000000000,4990.000000000001,
193749,1,2780.000000000000,5000.000000000000,
193751,1,2014.000000000000,2300.000000000000,
193751,1,2020.000000000000,2300.000000000000,
193758,1,1242.000000000000,1312.000000000000,
193758,1,1260.000000000000,1320.000000000000,
193760,1,1972.000000000000,2129.000000000000,
193760,1,1980.000000000000,2140.000000000000,
193773,1,893.000000000000,989.000000000000,
193773,1,900.000000000000,1000.000000000000,
193776,1,2720.000000000000,3940.000000000000,
193776,1,2720.000000000000,3925.000000000000,
193777,1,2760.000000000000,3640.000000000000,
193777,1,2760.000000000000,3638.000000000000,
193779,1,723.000000000000,2065.000000000000,
193779,1,740.000000000000,2080.000000000000,
193808,1,4544.000000000000,4609.000000000001,
193808,1,4560.000000000000,4620.000000000000,
193817,1,1707.000000000000,1769.000000000000,
193817,1,1720.000000000000,1780.000000000000,
193839,1,5907.000000000001,5981.000000000001,
193839,1,5920.000000000000,5980.000000000000,
193844,1,2178.000000000000,2243.000000000000,
193844,1,2180.000000000000,2260.000000000000,
193846,1,2223.000000000000,2338.000000000000,
193846,1,2240.000000000000,2340.000000000000,
193847,1,1859.000000000000,2000.000000000000,
193847,1,1860.000000000000,2000.000000000000,
193849,1,1842.000000000000,1949.000000000000,
193849,1,1860.000000000000,1960.000000000000,
193850,1,1874.000000000000,2117.000000000000,
193850,1,1880.000000000000,2120.000000000000,
193851,1,1756.000000000000,1970.000000000000,
193851,1,1760.000000000000,1980.000000000000,
193852,1,1868.000000000000,2024.000000000000,
193852,1,1880.000000000000,2040.000000000000,
193853,1,1649.000000000000,1754.000000000000,
193853,1,1660.000000000000,1760.000000000000,
193854,1,1647.000000000000,1747.000000000000,
193854,1,1660.000000000000,1760.000000000000,
193857,1,1234.000000000000,1359.000000000000,
193858,1,1641.000000000000,1792.000000000000,
193858,1,1660.000000000000,1800.000000000000,
193859,1,1681.000000000000,1781.000000000000,
193859,1,1700.000000000000,1800.000000000000,
193860,1,1843.000000000000,1907.000000000000,
193860,1,1860.000000000000,1920.000000000000,
193863,1,1926.000000000001,2087.000000000000,
193863,1,1940.000000000000,2100.000000000000,
193864,1,1829.000000000000,1989.000000000000,
193864,1,1840.000000000000,2000.000000000000,
193876,1,2352.000000000000,2432.000000000000,
193876,1,2360.000000000000,2440.000000000000,
193878,1,4671.000000000001,4809.000000000001,
193878,1,4680.000000000000,4820.000000000000,
193882,1,5074.000000000000,5159.000000000000,
193882,1,5080.000000000000,5160.000000000000,
193885,1,2752.000000000000,2916.000000000000,
193888,1,2988.000000000000,3139.000000000001,
193888,1,3000.000000000000,3140.000000000000,
193889,1,3004.000000000000,3154.000000000000,
193889,1,3020.000000000000,3160.000000000000,
193891,1,2032.000000000000,2180.000000000000,
193891,1,2040.000000000000,2180.000000000000,
193924,1,3940.000000000000,4101.000000000001,
193924,1,3940.000000000000,4120.000000000000,
194024,1,3794.000000000000,3920.000000000000,
194024,1,3800.000000000000,3920.000000000000,
194025,1,4172.000000000000,4297.000000000000,
194025,1,4180.000000000000,4300.000000000000,
194026,1,4416.000000000001,4500.000000000001,
194026,1,4420.000000000000,4500.000000000000,
194027,1,4297.000000000000,4390.000000000000,
194027,1,4300.000000000000,4400.000000000000,
194053,1,2812.000000000001,2903.000000000000,
194053,1,2820.000000000000,2920.000000000000,
194055,1,3785.000000000001,3867.000000000000,
194055,1,3800.000000000000,3880.000000000000,
194056,1,2630.000000000000,2735.000000000001,
194056,1,2640.000000000000,2740.000000000000,
194058,1,2173.000000000000,2300.000000000000,
194058,1,2180.000000000000,2300.000000000000,
194066,1,2966.000000000001,3045.000000000000,
194066,1,2980.000000000000,3060.000000000000,
194069,1,3868.000000000001,3978.000000000000,
194069,1,3880.000000000000,3980.000000000000,
194071,1,3545.000000000000,3595.000000000000,
194071,1,3560.000000000000,3600.000000000000,
194077,1,3939.000000000000,4283.000000000001,
194077,1,3940.000000000000,4300.000000000000,
194141,1,2966.000000000001,3063.000000000000,
194154,1,2505.000000000000,3198.000000000001,
194154,1,2520.000000000000,3200.000000000000,
194162,1,991.000000000000,1066.000000000000,
194162,1,1000.000000000000,1080.000000000000,
194163,1,1793.000000000001,1865.000000000001,
194163,1,1800.000000000000,1880.000000000000,
194169,1,1550.000000000000,1652.000000000001,
194169,1,1560.000000000000,1660.000000000000,
194170,1,1638.000000000000,1722.000000000000,
194170,1,1640.000000000000,1740.000000000000,
194176,1,2758.000000000000,2858.000000000000,
194176,1,2760.000000000000,2860.000000000000,
194177,1,2840.000000000000,2960.000000000000,
194177,1,2840.000000000000,2953.000000000001,
194178,1,3352.000000000001,3522.000000000001,
194178,1,3360.000000000000,3540.000000000000,
194181,1,4180.000000000000,4305.000000000000,
194181,1,4180.000000000000,4320.000000000000,
194240,1,1542.000000000000,2424.000000000000,
194240,1,1560.000000000000,2440.000000000000,
194288,1,3443.000000000000,3773.000000000000,
194288,1,3460.000000000000,3780.000000000000,
194313,1,5299.000000000001,5359.000000000002,
194313,1,5300.000000000000,5360.000000000000,
194314,1,5122.000000000001,5344.000000000001,
194314,1,5140.000000000000,5360.000000000000,
194316,1,1907.000000000001,1984.000000000000,
194316,1,1920.000000000000,2000.000000000000,
194317,1,1908.000000000000,2060.000000000000,
194317,1,1920.000000000000,2060.000000000000,
194344,1,3581.000000000001,3771.000000000000,
194363,1,2922.000000000000,3094.000000000001,
194363,1,2940.000000000000,3100.000000000000,
194365,1,1026.000000000000,1299.000000000000,
194365,1,1040.000000000000,1300.000000000000,
194403,1,1343.000000000000,1416.000000000000,
194403,1,1360.000000000000,1420.000000000000,
194405,1,1787.000000000000,1886.000000000000,
194405,1,1800.000000000000,1900.000000000000,
194406,1,1862.000000000000,1929.000000000000,
194406,1,1880.000000000000,1940.000000000000,
194408,1,1160.000000000000,1360.000000000000,
194408,1,1160.000000000000,1344.000000000000,
194409,1,1228.000000000000,1542.000000000000,
194409,1,1240.000000000000,1560.000000000000,
194410,1,1067.000000000000,1363.000000000000,
194410,1,1080.000000000000,1380.000000000000,
194412,1,3052.000000000000,3231.000000000000,
194412,1,3060.000000000000,3240.000000000000,
194413,1,2784.000000000000,3050.000000000000,
194413,1,2800.000000000000,3060.000000000000,
194424,1,2871.000000000000,2949.000000000000,
194424,1,2880.000000000000,2960.000000000000,
194443,1,2075.000000000001,2276.000000000000,
194443,1,2080.000000000000,2280.000000000000,
194444,1,2057.000000000000,2606.000000000000,
194444,1,2060.000000000000,2620.000000000000,
194577,1,7546.000000000001,7607.000000000001,
194588,1,3973.000000000000,4104.000000000001,
194589,1,3467.000000000000,3650.000000000001,
194592,1,3800.000000000000,3988.000000000000,
194741,1,2971.000000000000,3307.000000000000,
194742,1,3327.000000000000,3616.000000000000,
194743,1,1498.000000000000,1607.000000000000,
194746,1,5035.000000000001,5127.000000000000,
194750,1,1869.000000000000,1964.000000000000,
194751,1,1745.000000000000,1991.000000000000,
194806,1,2152.000000000001,2339.000000000000,
194808,1,2094.000000000001,2284.000000000000,
194812,1,1833.000000000001,1992.000000000000,
195011,1,4058.000000000001,4187.000000000001,
195012,1,3141.000000000000,3371.000000000000,
195013,1,2997.000000000000,3314.000000000000,
195014,1,3688.000000000000,5180.000000000001,
195016,1,4066.000000000001,5827.000000000002,
195017,1,2817.000000000001,4048.000000000000,
195019,1,5478.000000000001,5585.000000000001,
195021,1,2586.000000000001,4907.000000000001,
195023,1,4096.000000000000,4237.000000000001,
195024,1,5078.000000000001,5399.000000000001,
195025,1,2743.000000000001,4853.000000000000,
195026,1,3503.000000000000,5824.000000000001,
195027,1,2358.000000000000,3368.000000000001,
195028,1,2723.000000000000,5007.000000000001,
195029,1,2578.000000000001,5379.000000000001,
195030,1,2890.000000000000,3608.000000000000,
195031,1,5494.000000000001,5978.000000000001,
195032,1,3994.000000000000,5703.000000000001,
195033,1,3335.000000000000,5804.000000000000,
195034,1,2902.000000000001,3156.000000000000,
195035,1,2498.000000000001,2873.000000000001,
195036,1,2792.000000000000,2924.000000000001,
195039,1,3845.000000000000,4225.000000000000,
195041,1,5728.000000000001,5998.000000000001,
195050,1,5728.000000000001,5978.000000000001,
195052,1,3823.000000000001,5250.000000000002,
195053,1,2423.000000000000,4447.000000000001,
195055,1,3307.000000000001,4695.000000000001,
195060,1,3224.000000000001,5070.000000000000,
195061,1,4221.000000000001,4467.000000000000,
195062,1,4219.000000000001,5529.000000000001,
195063,1,5211.000000000000,5846.000000000002,
195068,1,2577.000000000000,2676.000000000001,
195071,1,2935.000000000000,3063.000000000000,
195078,1,2889.002000000000,4029.001999999999,
195079,1,4852.000000000001,5474.000000000000,
195080,1,4163.000000000001,5578.000000000001,
195083,1,647.000000000000,3810.000000000000,
195084,1,3536.000000000000,3698.000000000001,
195085,1,2421.000000000001,3445.000000000001,
195085,1,3485.000000000001,3641.000000000000,
195091,1,3600.000000000000,3773.000000000000,
195099,1,4071.000000000000,4177.000000000000,
195102,1,3708.000000000001,4814.000000000001,
195103,1,5085.000000000001,5197.000000000001,
195104,1,2466.000000000001,4630.000000000000,
195105,1,5037.000000000001,5161.000000000001,
195107,1,2821.000000000000,3838.000000000000,
195111,1,2769.000000000001,2931.000000000000,
195113,1,2385.000000000000,2496.000000000000,
195133,1,3765.001999999999,4029.001999999999,
195151,1,1706.000000000000,3445.000000000001,
195153,1,3228.000000000000,4364.000000000000,
195156,1,1973.000000000000,2281.000000000000,
195157,1,1943.000000000000,2949.000000000000,
195159,1,3342.000000000000,3721.000000000000,
195160,1,1730.000000000000,2342.000000000000,
195160,1,3220.000000000000,3306.000000000000,
195161,1,3524.000000000000,3696.000000000000,
195162,1,3050.000000000000,4407.000000000001,
195163,1,651.000000000000,1980.000000000000,
195165,1,2223.000000000000,2877.000000000000,
195166,1,2868.000000000001,3109.000000000000,
195217,1,2081.000000000000,2259.000000000000,
195221,1,1998.000000000001,2248.000000000001,
195259,1,1266.000000000000,2428.000000000000,
195267,1,3698.000000000001,5299.000000000001,
195269,1,3620.000000000000,4316.000000000000,
195273,1,4385.000000000000,4936.000000000002,
195278,1,5317.000000000000,5706.000000000001,
195290,1,4052.000000000000,4187.000000000001,
195299,1,3422.000000000000,4145.000000000001,
