shot,te_p90_ev,n_thomson,n_profile,pinj_kw,neutron_rate_mean,runaway
185799,2203.833715820313,702,650,3663.0014256297536,;;;641475018756044.5,false
185800,2506.5670654296873,703,649,3603.435180020584,;;;746334654809196.0,false
185801,2545.2917724609374,705,647,3639.560801395493,;;;811356057092842.9,false
185803,2293.596923828125,703,657,3355.985654696611,;;;608193744682019.5,false
185804,2404.8962890625003,705,647,3635.417300039734,;;;760070807112525.5,false
185805,2285.363037109375,584,582,4196.677958655947,;;;822688754096716.8,false
185807,1557.5821594238282,266,265,3440.5541418215585,;;;481290296230197.0,false
185832,1525.92275390625,570,567,2514.3726112205177,;;;335724467350157.8,false
185833,1526.6294189453124,571,570,2516.6207446487297,;;;338765264815375.0,false
185834,1238.6088195800783,576,575,2493.918046216751,;;;249201878395886.8,false
185835,1506.6143798828125,573,572,2509.709474840715,;;;350251366328153.1,false
185836,1214.5297119140625,577,576,2503.5489055483317,;;;236061731476110.88,false
185838,1848.5481018066407,572,571,4349.472845452416,;;;828574672731745.0,false
185839,1453.7184082031251,551,550,4404.244099694435,;;;595191081246566.4,false
185840,1668.8652770996096,736,652,3485.496743002653,;;;582660988103790.0,false
185841,1517.7459350585941,692,649,3694.125325315125,;;;536584039366504.3,false
185842,1568.7652832031254,698,652,3618.6350685264147,;;;555932723022538.0,false
185843,1480.689587402344,586,585,4248.598841033256,;;;536154936566915.4,false
185844,1759.7115966796878,577,575,4298.44116160427,;;;681446806026423.8,false
185845,1749.7293457031253,575,574,4306.895639707875,;;;688370797910849.0,false
185846,1467.9210937500002,583,582,4272.527557577357,;;;522229517114748.25,false
185847,1645.3697753906251,578,577,4299.028187574754,;;;596673492468570.6,false
185848,1649.4279541015628,636,626,3980.6589565786417,;;;553685007248104.2,false
185856,1098.733953857422,378,372,3758.3879672807616,;;;465699991958327.1,false
185857,1513.8695312500008,578,577,5540.868251189109,;;;981777200192327.4,false
185858,1588.7226074218754,571,570,5598.51132978874,;;;1024452809164144.2,false
185859,1500.8498291015635,579,577,5546.6463986567005,;;;1032700513661966.5,false
185860,1590.416534423829,576,575,5566.542463350479,;;;1212009893081755.0,false
185861,1605.1608154296878,578,576,5569.693753442398,;;;1114328943875265.8,false
185862,1481.627917480469,568,567,5631.782270091373,;;;991759023739640.8,false
185863,1171.8082397460937,569,568,5591.793601867752,;;;890147330100741.9,false
185864,842.5861328125002,564,563,3667.0166233708724,;;;286797905144655.0,false
185865,871.2166473388675,574,570,3866.8586119579113,;;;327522358247591.2,false
185866,925.7562072753909,577,576,4440.080258933883,;;;419127232172187.4,false
185867,951.0519348144533,344,343,4630.5754714982695,;;;474694195053919.6,false
185868,1060.0881530761721,578,577,5433.953702806192,;;;628703115251541.8,false
185869,1460.8371520996097,518,517,5706.012482068083,;;;1055855439499158.0,false
185939,1080.406695556641,641,578,4703.31944473468,;;;381075771210661.94,false
185940,1229.3193603515629,637,593,5640.538196437021,;;;479446722438378.94,false
185941,1587.1950195312502,428,427,8892.854113383608,;;;717696698090356.5,false
185942,1457.184509277344,701,592,7081.239024831459,;;;566341181704259.8,false
185943,1491.940631103516,684,590,7507.70762545264,;;;640329794172317.4,false
185944,1514.749353027344,622,590,8019.804321266834,;;;677170993913494.9,false
185945,1532.5861816406252,701,593,7239.0105944869365,;;;724761019171271.9,false
185946,1784.2801391601563,213,210,8209.11617934925,;;;575718688684526.5,false
185947,1842.3634826660154,392,391,9550.685728416613,;;;665223712496651.9,false
185948,1420.905517578125,626,588,8362.73870879544,;;;578602924926378.5,false
185949,1415.3814514160158,606,586,8682.028125558794,;;;538533218230372.9,false
185950,1893.3563232421875,617,590,8030.1040825855625,;;;700174323585214.8,false
185951,1996.9451171875,645,585,7826.405020365375,;;;664472587224716.9,false
185952,1919.6651428222663,630,588,8089.311112988151,;;;628538600560181.4,false
185953,1917.3916259765624,368,367,8242.055513623429,;;;655450329401176.1,false
185954,1757.0189697265625,637,591,7689.548489683742,;;;640577603552732.1,false
185955,1803.253076171875,632,589,7189.957472345864,;;;657227802142860.4,false
185956,1869.468798828125,617,587,7551.30584343565,;;;667013619032835.0,false
185957,1486.370281982422,656,591,7961.3774205368745,;;;581219992333380.8,false
185958,1480.6294433593753,700,586,7327.955561948304,;;;653088472374562.0,false
185960,1726.1448120117193,441,440,9608.59775073438,;;;765484444583539.6,false
185961,1512.4902709960938,695,593,7371.012325411064,;;;556176929058838.2,false
185962,1416.5578247070314,681,596,6831.425080751693,;;;541209205295391.8,false
185963,1417.4249816894535,700,589,6530.572042366304,;;;530755925096214.25,false
185964,1481.081823730469,636,586,7255.431762533068,;;;551319360978419.25,false
185965,1427.0967895507813,625,591,7333.829594234347,;;;535890410083153.3,false
185966,1396.9793273925782,688,594,6709.337195389176,;;;515527533426859.56,false
185967,1605.4919433593757,701,595,6488.226170950683,;;;636270871609462.8,false
185968,1480.257360839844,697,592,6468.4163126617605,;;;472323541190877.75,false
185969,1545.339892578125,701,590,6596.8331959082525,;;;625847210914350.6,false
185978,1809.399206542969,648,607,6391.430241833804,;;;783147981300159.4,false
185979,1997.9130859375,652,597,7303.725509144257,;;;704443560637836.5,false
185980,2020.9445678710938,651,591,7174.826476976145,;;;668005965628646.4,false
185981,1781.5587890625,813,632,5415.59091453851,;;;462890573277437.2,false
185982,1782.8686035156254,653,594,6540.356444281153,;;;659517694228911.5,false
185983,1534.3985839843751,813,636,5774.981676250329,;;;504217018983513.6,false
185984,1675.9694458007812,813,599,5537.4086678235235,;;;517068222062940.8,false
185985,1689.0951660156252,819,602,5220.290420927585,;;;490637329950227.06,false
185986,1660.981982421875,809,589,5318.946947757273,;;;440601570241593.1,false
185987,1645.2008544921878,698,587,6100.38315441864,;;;530491168722084.4,false
185989,1578.3861450195313,807,605,5701.415062346039,;;;456739632654394.7,false
185990,1577.8174560546877,813,609,5193.605250621653,;;;495776564964006.1,false
185991,1488.438543701172,684,585,6875.74375893254,;;;503056766601174.2,false
185992,1536.9565612792971,710,585,6200.339328163582,;;;483212715657555.4,false
185993,1613.9921264648438,687,586,6992.534213362123,;;;445982375544680.06,false
185994,1701.3257446289062,690,582,7002.820351693247,;;;499095319935291.3,false
185995,1677.4951538085938,686,582,6738.405544164346,;;;476515034362188.94,false
185996,1608.505859375,377,376,8207.139438753567,;;;496443994154648.8,false
185997,1844.4375000000002,355,351,8933.478025351462,;;;676865918056350.4,false
185998,1501.908642578125,381,378,8588.693602847568,;;;549215376972092.75,false
185999,1707.0958129882815,592,581,8229.559134924168,;;;643899520305552.8,false
186000,2217.42744140625,504,501,8767.634427536927,;;;763051127352332.2,false
186004,1596.6159423828126,610,578,8181.965545277901,;;;610997055366708.0,false
186011,1678.9181213378915,622,614,7382.335593695039,;;;547440590008985.8,false
186012,1609.81201171875,627,625,7316.602010673625,;;;604647904951969.2,false
186013,2137.9407714843746,591,581,7757.620803478093,;;;514726227760107.1,false
186015,1588.1830505371095,702,658,6651.561977434402,;;;460150206810899.94,false
186017,1742.1740722656255,600,594,7091.773120636782,;;;555472050432942.75,false
186018,1747.8106628417972,704,685,6003.423981282302,;;;524476439549087.25,false
186020,1536.4167236328126,687,630,6399.948889828313,;;;464299695565117.44,false
186023,1885.6050415039062,601,589,5829.793288447812,;;;574482770120602.0,false
186024,1641.6665466308596,600,591,7478.946799647583,;;;570864147174487.6,false
186025,2030.8897216796875,600,587,7342.009135230634,;;;619855898199673.6,false
186027,2072.026721191407,597,588,7515.478176023628,;;;605148199892918.6,false
186028,1749.3362731933598,600,594,7695.47292290786,;;;594921543669904.1,false
186029,1911.1749023437508,601,589,7495.791713825389,;;;819844765430610.8,false
186030,1992.2133483886723,602,591,7536.378871749148,;;;643357419949492.0,false
186032,2021.6305053710937,602,589,7327.282563289949,;;;592627602365317.5,false
186034,1676.961596679688,601,589,6960.720419019768,;;;498945800950591.2,false
186036,1966.1552673339847,428,427,8186.682416396275,;;;557889607963785.3,false
186045,1816.307916259766,600,589,7861.9071237548305,;;;577044208621929.1,false
186049,1712.1185913085942,596,587,7692.970190594097,;;;562958976430029.2,false
186050,1998.153894042969,497,495,8167.934466178364,;;;681961905513779.1,false
186051,1819.3449096679688,473,471,8543.502646994646,;;;615158668773478.9,false
186053,1772.5402770996093,596,586,7674.617736375741,;;;524338695436248.75,false
186054,2026.9061706542973,518,515,8051.584771011925,;;;674677703571144.4,false
186055,1765.025311279297,596,587,7500.789058084005,;;;556923742604623.75,false
186056,1950.9624938964844,406,405,7957.3266969999395,;;;603230539267055.0,false
186058,1756.8152587890627,539,538,7889.5096389080045,;;;609620518902802.5,false
186059,1667.3434875488283,558,557,6707.466948018423,;;;541392373957745.25,false
186087,1390.1192993164063,650,566,597.1479796290926,;;;46577265301054.44,false
186090,1261.2889709472656,646,571,600.4303703163112,;;;48983875869547.24,false
186091,1104.2496704101563,300,298,584.4923344147979,;;;46896850286283.69,false
186093,1082.7238677978517,608,572,642.0814516132864,;;;43466750324963.09,false
186096,1182.9530029296875,647,558,,;;;37464325871466.016,false
186105,2126.4428100585938,302,299,8011.242422847267,;;;1575691856381320.2,false
186106,1365.7504394531254,369,368,6997.030515453993,;;;1097174485643114.6,false
186114,2932.389111328125,383,380,8608.707008586276,;;;1719269979003147.5,false
186116,3115.1136230468746,321,320,7932.407647769245,;;;1738980430785566.0,false
186117,1748.5619262695327,456,452,8144.778135325972,;;;1396366541833465.5,false
186118,2730.5409912109376,542,471,7156.602141816284,;;;1533126239884945.2,false
186120,3301.7061767578125,301,300,8213.328080719317,;;;1847111123657407.2,false
186121,2925.7062744140626,479,468,8680.867062282414,;;;2149734245528280.2,false
186152,1323.6521667480474,650,571,1624.0757081229428,;;;172447256384504.7,false
186153,1313.1715026855468,650,571,1633.0806220323918,;;;176407093609996.0,false
186155,1309.0248779296885,650,574,1779.501166582197,;;;196889064870062.56,false
186185,1828.7847900390625,281,280,8410.4602711932,;;;685163531015576.6,false
186187,1583.040563964844,449,446,9743.700149267244,;;;703836522498133.1,false
186188,1809.0920654296874,701,596,6368.63890325755,;;;588071542899701.6,false
186189,1541.2101074218751,660,592,,;;;621422450629984.8,false
186191,1621.4770568847657,560,558,9290.80795889906,;;;650001965037932.4,false
186192,1550.1145996093753,659,592,6874.650690598367,;;;537463267344472.3,false
186193,1561.5258789062502,674,589,7277.396199220853,;;;537611903238703.7,false
186194,1540.3858459472658,682,589,7417.11616665309,;;;537827313121451.1,false
186195,1517.7349853515625,691,592,6930.378614361716,;;;495456260334600.5,false
186196,1576.2751831054688,692,589,7505.5340048642975,;;;571539178501382.8,false
186218,1633.4618286132809,673,566,6592.706088002806,;;;484659037440212.8,false
186223,1619.6016357421881,577,574,6696.850085029409,;;;448614141065837.1,false
186224,2155.0555419921875,349,348,6829.837537563315,;;;527810564764052.44,false
186226,1579.5636962890626,588,567,6841.002184166426,;;;411208377417446.56,false
186228,1624.5555908203128,471,470,7926.618569013983,;;;478343844676239.5,false
186252,2656.6854980468747,687,625,8318.11855403828,;;;1455412735321362.2,false
186253,2506.844018554688,667,602,8156.665350822332,;;;1667853794966496.2,false
186254,1807.639477539063,751,619,6884.18781083044,;;;1327000796245415.2,false
186255,589.7148742675785,231,224,1870.6860223434164,;;;334242991568951.8,false
186256,2772.7394042968754,753,635,7240.946059194669,;;;1984429524833928.8,false
186257,2783.455737304688,645,630,8074.618430501817,;;;2104643578443340.5,false
186258,2350.0580078125,653,629,7747.471443460996,;;;1701331127508342.5,false
186259,2545.096606445313,777,628,7034.8472772933055,;;;1627588234603539.2,false
186260,2545.127856445313,641,635,8814.274783280913,;;;2054598245450878.2,false
186278,1521.2991577148441,589,540,2354.381580288329,;;;281337233030430.4,false
186279,1042.7978454589843,324,323,2502.3477826875305,;;;303990021684612.2,false
186281,1055.7508056640627,321,320,2685.6959391601918,;;;339555602704414.6,false
186282,970.5194213867188,295,294,2312.3559575344616,;;;284584377328047.06,false
186283,1534.1309875488287,398,398,2551.41810940102,;;;291518012780039.9,false
186284,1454.214672851563,576,529,1744.8622994381494,;;;169011385691104.47,false
186287,1280.9629150390624,379,377,1884.702469671881,;;;154346167302284.47,false
186289,1451.59228515625,593,539,1969.2673875841424,;;;197122024044108.66,false
186290,1399.0548461914068,400,399,1863.503685739422,;;;180754071965563.16,false
186292,1435.9460205078124,471,470,2214.9712082328338,;;;214729883203771.06,false
186427,930.1627532958985,686,673,1778.3065083649744,;;;179915540772155.47,false
186429,937.1468017578126,687,671,1794.7054949707097,;;;163910089542977.25,false
186430,1130.7183105468753,688,673,2246.616003402618,;;;230173074043037.88,false
186431,980.1148864746094,686,677,2250.9990756850157,;;;209757865350156.56,false
186453,1445.127124023438,573,572,1931.4679883651932,;;;251904184270566.06,false
186454,1079.5025848388675,586,585,1897.3322567995729,;;;191607331636463.78,false
186456,1138.4345458984376,712,685,2148.8327515644132,;;;260321601461401.0,false
186457,1233.30048828125,587,586,2500.903306453352,;;;271075150767803.38,false
186458,1117.5842773437503,583,581,2560.523624143867,;;;262503010966864.97,false
186459,1191.505126953125,559,558,2567.6297508081334,;;;257203166724604.34,false
186460,1663.2528930664066,726,683,3428.090983195633,;;;609956353093743.5,false
186461,1391.6079833984377,713,683,3596.4916880128203,;;;520165097484979.1,false
186462,1271.0154846191408,712,691,3098.513299862621,;;;380925743393606.3,false
186481,1883.652612304688,803,784,6264.644553482613,;;;1040674011588739.8,false
186487,1995.043750000001,801,690,7140.7549515418705,;;;963320297668616.0,false
186488,2189.438330078125,801,711,6683.070844951804,;;;1127293574785352.5,false
186493,2208.9324951171884,802,716,6986.1814737198565,;;;1087649676363999.9,false
186496,1764.4090942382818,801,703,7300.599165054923,;;;1023835480780822.2,false
186499,2104.659826660157,801,704,6516.906856024909,;;;1017161520219655.6,false
186500,2083.165234375,802,706,6584.813852985005,;;;1055662852654671.9,false
186502,2124.0353027343754,802,719,5739.9975091338365,;;;988998618900692.0,false
186503,2133.517333984375,802,722,5535.890713703896,;;;977351502630056.9,false
186504,1944.2607910156248,801,708,5639.649205830151,;;;900418402934115.5,false
186505,1765.3227905273443,801,709,5363.40360546726,;;;849077914803813.1,false
186507,1772.7290344238281,800,707,6739.275226202338,;;;975920688565103.4,false
186508,2271.2833374023444,802,714,6511.109126083338,;;;1044305285237643.5,false
186510,1890.8835266113288,800,698,7046.853440911768,;;;972835689329453.9,false
186511,1864.3667602539067,800,694,7042.789383405053,;;;975483277516043.5,false
186512,2315.2019287109383,801,722,6241.251104381791,;;;1135720843661675.5,false
186513,1832.8549804687505,802,697,6740.363843253804,;;;981099749209209.8,false
186524,1609.3647583007814,701,645,7249.354436861433,;;;888111563073016.8,false
186525,1711.1089843750005,686,643,7365.094137405491,;;;897519004679065.2,false
186526,1725.7939086914064,701,635,7032.8301623913585,;;;918896188004570.8,false
186527,1701.6087890625001,701,654,7167.794507667457,;;;826920749438968.1,false
186528,1691.1545288085943,777,642,6617.125172670951,;;;775382810714900.0,false
186529,1742.34189453125,727,642,7011.053033115469,;;;863205895803017.8,false
186530,1676.6241455078125,689,648,7456.248418959917,;;;726065774663648.8,false
186531,1887.6683349609375,693,647,7244.763259872579,;;;747454162869929.9,false
186532,1857.5542297363286,692,641,7218.599321343417,;;;743954615394086.2,false
186534,1683.9696655273438,690,634,5739.260064697514,;;;1000880972513100.5,false
186535,1708.9498657226568,693,639,5712.568758500999,;;;883602103478007.2,false
186536,1659.0171691894539,692,639,5793.225054296483,;;;869468575526500.1,false
186561,1839.5847412109376,801,691,6774.812736284722,;;;882433024308650.5,false
186563,1914.1378662109382,802,692,6906.353253579641,;;;908484723718402.8,false
186564,2039.6605957031256,703,692,7324.240776272774,;;;1047003342213425.2,false
186565,2035.3904052734383,710,695,7871.901627554249,;;;1023566578635358.5,false
186566,2026.194946289063,706,693,7993.566110757574,;;;994969231307951.9,false
186568,2048.2253173828126,759,693,7207.243834768218,;;;1046154713788684.4,false
186569,1893.344665527345,743,694,7593.31682792152,;;;968961931925921.1,false
186571,2060.659399414063,745,694,6688.922937470156,;;;1052250599868206.4,false
186572,2078.202954101562,733,693,7500.168885603751,;;;996203087596833.6,false
186573,2471.3905883789066,756,696,6420.754530851605,;;;1070219470245583.1,false
186574,,0,0,7508.262027618867,;;;987641821289964.4,false
186575,1967.2961059570314,737,692,7605.356252383291,;;;992098990218791.8,false
186597,1821.1563354492196,817,805,1857.1311313061587,;;;257163814363425.75,false
186598,1814.0802368164063,818,798,1457.1816094126145,;;;268578106483298.12,false
186599,1896.767700195313,820,801,1929.2779476640094,;;;286912323234481.0,false
186600,1919.8664062500002,819,801,1916.0373256329635,;;;286978713218556.75,false
186601,1945.7607849121096,820,800,1730.2776183061846,;;;247711883941199.72,false
186602,1885.6292053222655,820,798,1723.7121170339892,;;;236952556035581.3,false
186603,1877.3249511718764,820,799,2642.5815420084996,;;;387843187768760.7,false
186605,1947.040484619141,820,800,1846.4402108737982,;;;282245372538457.06,false
186606,1747.248681640625,819,796,1775.0978381453153,;;;223470164285683.75,false
186609,1985.9346923828125,821,800,2180.5602965950366,;;;372348817984401.9,false
186610,1925.4724731445312,821,801,1815.9846610910524,;;;274792561077772.44,false
186612,1759.7951477050785,820,804,3059.338712104265,;;;518048385588671.44,false
186630,,0,0,6476.422893326222,;;;806587734466737.6,false
186631,,0,0,6573.331438284961,;;;948094667808831.6,false
186634,2002.0795227050785,802,712,5934.736719695488,;;;875012742432310.5,false
186635,1667.961950683594,801,704,6499.664975661868,;;;850919799697927.1,false
186636,1586.9460937500003,728,651,6574.248956082683,;;;913997754030136.2,false
186637,,0,0,6058.537110213174,;;;850568214799156.0,false
186638,1627.0940124511721,702,646,6846.804972447122,;;;929772787800244.5,false
186639,1774.7804443359382,697,643,6862.2505745545295,;;;882316945377468.4,false
186640,1484.4083374023437,697,646,6100.233416147691,;;;898071607314152.2,false
186641,1683.4872680664066,701,635,6176.432586333169,;;;936737856489692.8,false
186663,1329.9485961914063,469,462,,;;;-831237123673.3628,false
186664,1392.992846679688,487,480,,;;;1583148949428.3545,false
186666,1148.824951171875,608,546,,;;;268171883208.39047,false
186668,1141.2278198242188,609,551,,;;;-1683768328200.428,false
186693,2098.1953979492187,735,691,4062.774611040362,;;;746672380218858.4,false
186694,2131.154748535157,733,686,4065.405697297535,;;;882420277837424.1,false
186697,1353.3491699218753,606,604,4859.7871250334965,;;;640676332876082.8,false
186698,1338.0077148437501,607,606,4822.478391699272,;;;537056081359991.7,false
186699,1133.3266113281256,595,593,4751.68804026675,;;;428190561693220.5,false
186700,1685.8560058593755,705,659,4098.25728841817,;;;526553089718836.75,false
186701,1868.6329711914063,736,711,3734.1430753863315,;;;578323738011910.1,false
186721,2597.5379638671875,674,628,7836.518885462886,;;;1719813599723463.2,false
186723,3062.66044921875,807,645,5463.868641897401,;;;1577691307324849.0,false
186744,2386.4538330078126,789,615,7292.055268797409,;;;1230130038240135.5,false
186747,2734.321362304687,807,645,6688.187131347366,;;;1531269705641184.0,false
186748,2731.928601074219,796,637,6931.510817121459,;;;1487453646819115.5,false
186749,2667.5437377929693,796,637,6865.15142803607,;;;1452851672070028.2,false
186750,2644.6046752929688,806,642,6635.366703479091,;;;1475037818469109.5,false
186751,2719.5260009765625,810,646,6622.536190993471,;;;1436835758320799.2,false
186755,2635.2545654296882,805,636,7009.406182284243,;;;1496518425743740.0,false
186815,765.1441619873049,396,219,65.03314698130859,;;;3216891709342.919,false
186817,1113.613525390625,219,216,106.22564006783861,;;;1571730241963.118,false
186818,1596.8163879394533,590,512,50.737211730219535,;;;3080092572417.5566,false
186819,1104.1512817382816,226,222,102.8248874551531,;;;1784665584385.866,false
186820,1087.703973388672,588,538,51.19125264035806,;;;2740261780005.9536,false
186861,1747.8881591796878,617,555,1471.4041541412853,;;;189338038592930.75,false
186862,1761.2207031250002,653,558,1395.3479955185182,;;;190937723042973.66,false
186863,1792.7314575195314,652,557,1391.7441702540418,;;;190410130703278.25,false
186867,1755.9368896484375,615,564,1497.2019069639375,;;;189281415874160.78,false
186892,1674.9015502929701,702,689,5731.657207247081,;;;1102415176640196.4,false
186896,2112.5168212890626,568,563,9651.480201027987,;;;1783015894185409.0,false
186900,2078.799340820313,476,475,8831.576874426968,;;;1828833477862473.8,false
186901,2078.97216796875,513,512,9216.170259783106,;;;1786195491752383.0,false
186904,1083.1889801025393,232,228,4731.27612165252,;;;938065557634079.0,false
186905,1680.7265747070323,447,443,9927.985771464348,;;;2014072630237402.0,false
186907,2315.272143554688,670,621,7888.851589650401,;;;1859344167737541.0,false
186911,2406.214794921875,620,615,8442.244023508676,;;;1478804657332513.0,false
186914,2789.5280029296873,636,619,8348.602049942021,;;;1828890195902745.0,false
186919,1566.0949340820318,343,338,6112.751150653368,;;;1312032376236563.5,false
186921,2425.5918823242196,622,617,7868.267934116957,;;;1287436949237224.0,false
186922,1217.1502197265627,303,299,5531.867776545786,;;;1114949982185960.1,false
186923,2959.2041015625005,630,623,6541.395042018312,;;;1928712304411984.2,false
186924,2197.291369628908,655,627,5845.744034504897,;;;1581345241971406.5,false
186925,2639.73974609375,669,622,6548.50126346223,;;;1924957669051598.0,false
186926,2572.6508544921876,670,625,6927.026602031751,;;;1862813103145598.0,false
186939,1779.8331237792972,742,739,2809.266925995629,;;;382260495059960.7,false
186940,1795.811285400391,820,814,2785.7962639179073,;;;396938568865298.06,false
186941,1859.423248291016,820,800,2161.764804463395,;;;339542677027261.2,false
186942,1051.8609069824226,436,433,2640.1286416197195,;;;334849027493465.8,false
186943,1823.395788574219,820,804,2483.565319532881,;;;406986405558810.8,false
186944,1587.455541992188,482,481,3031.1055145821765,;;;414973287276253.06,false
186945,1727.5605957031253,820,804,3326.390017130628,;;;517846728673456.06,false
186946,1883.4723388671885,817,805,2227.6015513705706,;;;318110991253597.8,false
186947,1863.498095703125,819,807,2092.1378853929227,;;;330484413133799.8,false
186948,1823.553802490235,818,803,2097.9084828127,;;;320548169336235.1,false
186950,1877.982965087891,820,800,2664.168658845806,;;;377261821344642.0,false
186951,1871.318542480469,820,809,2724.1484761728043,;;;382566267970871.2,false
186952,1870.7077880859379,820,809,2068.1351754111224,;;;321355433418738.3,false
186953,1849.556237792969,820,805,2910.7326140619684,;;;428090831063863.06,false
186975,1740.4166870117192,694,642,7201.601124937191,;;;957478400987787.0,false
186976,1746.1364746093755,695,640,7167.491384497088,;;;858283530428030.2,false
186978,1735.2787353515632,691,648,6491.839471217011,;;;870951763363708.6,false
186979,1716.6944458007815,693,644,5445.25871818285,;;;823361404915694.2,false
186981,1685.3373962402347,690,643,5241.768613438385,;;;734271924083523.0,false
186983,1779.3789184570314,693,639,6221.605923921691,;;;971313185581000.8,false
186984,1705.5239013671878,691,639,5843.934589324681,;;;757727605664322.1,false
186985,1692.4729125976564,700,640,5796.330290000227,;;;890230381061780.4,false
187016,2687.8650390625,701,631,3711.962139366929,;;;986337276071794.5,false
187017,2468.79892578125,703,700,4420.0825719128325,;;;1263387080446661.2,false
187018,1722.3504882812501,726,654,2557.919010537322,;;;432717423503273.44,false
187019,2204.2359375,792,783,5320.621483144656,;;;1306210287944453.8,false
187020,1859.4196899414067,801,654,3922.5751150306833,;;;760198695349091.4,false
187021,1480.0368286132818,739,660,2488.0356121080445,;;;329344775048974.75,false
187022,2018.4815673828125,801,663,5259.070329652263,;;;1173278781215007.0,false
187023,1304.3337036132814,682,632,3724.9865257814436,;;;365588084501142.8,false
187024,1473.1585998535156,684,641,4589.506154744653,;;;494538286006792.25,false
187025,2052.4140441894533,628,625,4994.570954152116,;;;910449581066563.4,false
187026,2515.767822265625,682,651,4590.140720433601,;;;1144691100299543.0,false
187027,2223.9654541015625,696,671,4496.576433852409,;;;1052102308547384.0,false
187028,2187.9130859374995,797,671,3901.8971857295946,;;;889203374364715.4,false
187029,2359.72109375,804,692,3890.6563643877757,;;;1007040417354921.8,false
187030,2405.1809692382812,806,684,3881.454725252806,;;;1045815970697390.8,false
187031,1916.5529235839845,512,511,7232.570492091168,;;;1266124735623092.5,false
187032,2424.2356689453127,771,666,5324.988719241746,;;;1250765402872032.0,false
187033,2446.6255981445315,798,679,5134.338018777092,;;;1290683957960908.5,false
187034,1823.9379638671876,733,663,2522.6210034649052,;;;424674342167588.5,false
187035,2207.4715576171875,770,649,4060.883512860115,;;;841107958987160.6,false
187036,2128.7186279296884,759,653,4116.4336718072245,;;;788826662743054.6,false
187037,2075.4479614257816,729,649,5630.477045335512,;;;894840580258049.5,false
187038,2598.3911621093757,748,638,5466.7262915610345,;;;1254265419936306.2,false
187039,1816.4992797851564,472,471,2982.682749362421,;;;375174590457173.3,false
187040,1701.0838378906258,690,634,4522.565143896433,;;;471743695843740.5,false
187041,2233.4861450195312,474,472,4106.697115151232,;;;676915584560558.2,false
187042,2948.362438964844,586,585,5886.548249127825,;;;1306958048625216.2,false
187043,2717.469580078125,608,607,6156.184635549225,;;;1864926740512534.8,false
187044,2287.9611328124997,619,617,5083.484895311368,;;;963052234932655.8,false
187045,2577.526477050781,610,609,6598.021060514252,;;;1670000329640494.5,false
187046,2537.5423339843755,632,624,6476.373811281787,;;;1529939930905025.2,false
187066,,0,0,1092.8360781135532,;;;118897673554119.61,false
187067,1793.1319824218747,683,593,3290.174318030933,;;;409754258500021.75,false
187068,1417.2992187500004,605,591,1807.4118379156666,;;;220017949816502.6,false
187069,1401.7923583984375,605,582,1506.1406324103698,;;;189138401691009.47,false
187070,1472.107092285156,701,655,3278.6727376521867,;;;418783176757313.8,false
187071,1766.7145385742188,702,661,2852.610841349634,;;;388744191769708.56,false
187072,1643.2306518554688,612,589,2667.43224648256,;;;315189992966409.06,false
187073,1665.0318603515625,617,587,2808.9088479166926,;;;330945979436697.56,false
187074,1810.1153198242193,649,589,2910.7124555145315,;;;363883287915202.06,false
187075,1589.256469726563,627,589,3261.1911380972756,;;;419937385235417.06,false
187076,1327.493835449219,506,417,2909.119986443437,;;;484062343376815.8,false
187078,1320.799157714844,511,428,4732.316334321401,;;;754828528173738.9,false
187100,997.6500610351567,651,633,1816.2698062516963,;;;180499261167211.34,false
187103,929.074609375,651,633,1814.2451358513579,;;;179916804973662.94,false
187104,905.450439453125,651,634,1809.51879121792,;;;176658487627528.16,false
187105,879.5195739746097,651,627,1816.4162689080188,;;;174379989154879.7,false
187106,1014.3781219482423,696,634,3013.282377969323,;;;370889641685401.56,false
187107,896.0666076660158,645,640,3175.455523143256,;;;332831246828034.2,false
187108,818.8769226074216,607,605,3376.125284707507,;;;292129633813311.2,false
187109,848.8293884277346,644,639,2446.368644321657,;;;245819331592571.34,false
187110,986.4544738769532,683,639,3065.8597011753627,;;;362874823157253.94,false
187111,906.8262908935546,650,629,2425.0144357591207,;;;259534633000864.28,false
187112,873.8010070800783,651,633,1806.8736644821593,;;;173314181438385.5,false
187113,839.6077270507815,649,631,1775.5085058823065,;;;162719722586377.12,false
187114,834.3961639404297,648,628,1778.540139544255,;;;160122061100943.1,false
187115,1040.7248291015628,682,628,2859.6118290360696,;;;358027982954780.75,false
187116,980.5475891113285,652,627,2992.399095464457,;;;369159618104768.44,false
187117,993.4181884765628,651,630,2993.7765588029843,;;;362537075792160.25,false
187118,1131.664404296876,701,638,2780.2665821992496,;;;377408420173928.3,false
187119,1025.4238342285162,672,624,2903.5720562338493,;;;371672459752017.3,false
187120,1034.6347167968752,678,637,2877.304737594734,;;;364389493832914.06,false
187121,967.1939025878905,660,641,2246.085327569831,;;;246583665690213.47,false
187122,930.0426177978518,658,633,2245.0308642985383,;;;244156377985918.56,false
187123,916.2587677001956,658,636,2247.8530137060948,;;;238913794581663.25,false
187137,1159.6687622070312,214,211,175.64036075695682,;;;3194725415613.702,false
187138,776.8269409179692,561,534,77.8664691429223,;;;2444396267751.922,false
187139,1132.229638671875,598,564,72.8128667337959,;;;2205258688338.934,false
187140,1197.7821044921875,598,561,73.2265465799623,;;;3649444272095.2935,false
187141,1083.532409667969,595,536,74.09707960693282,;;;2446782309224.429,false
187142,1097.160693359375,595,539,70.96868860736018,;;;2874758165411.387,false
187143,736.0611114501955,588,539,71.71030916651887,;;;1604717419055.3008,false
187144,726.2624877929688,587,536,72.12293023171343,;;;2486749756541.141,false
187145,730.66611328125,587,545,71.59962697353808,;;;3057167118418.365,false
187146,714.7573638916017,586,547,72.0871973886314,;;;2417976936751.043,false
187150,635.363854980469,443,439,96.94568998029244,;;;1821190776486.3281,false
187151,619.1555786132814,427,424,121.66907733606338,;;;3629463843790.8403,false
187152,612.1051849365235,508,503,84.11030013360894,;;;1789678734616.672,false
187153,607.5363342285157,507,502,83.65141555425863,;;;1677641166746.685,false
187154,602.8126434326175,508,502,83.28573905331497,;;;848712797433.1383,false
187155,622.1485076904298,452,451,93.06024498418567,;;;2711598526344.037,false
187196,1789.2287353515621,243,242,3429.8999192238634,;;;489523197764426.1,false
187197,1354.4495849609373,637,474,2507.554703671173,;;;425826597444731.6,false
187198,1319.464599609375,643,475,2529.9047734581873,;;;434744136323176.44,false
187199,1868.5601989746096,414,411,3469.19356086192,;;;431452108136928.1,false
187201,2033.8198425292976,694,596,3071.4334805744784,;;;442673562527165.1,false
187202,2043.596936035157,648,577,3244.7137878399644,;;;504959776895706.3,false
187203,1825.840478515625,648,562,2893.2135890971804,;;;399127985873310.5,false
187204,1775.0603759765631,436,433,4090.222433657314,;;;631728847705432.6,false
187205,1620.7618041992187,340,339,3804.0648799810033,;;;539658021364099.94,false
187206,1895.7856567382814,694,597,3045.563500080822,;;;406586410705176.94,false
187207,2106.0875244140625,649,579,3410.2149579899083,;;;532104917702706.56,false
187208,2082.117114257813,650,571,3395.438319716866,;;;536403350453778.0,false
187246,977.7054687500001,498,402,1545.8583526542407,;;;155956230381321.78,false
187247,997.7394470214845,498,466,1562.2520717401476,;;;150429337938534.4,false
187249,1009.7464660644537,498,467,1592.2345083970267,;;;156829934305299.62,false
187250,1023.1792602539062,499,459,1592.0164152118407,;;;159256571799348.7,false
187251,962.8471679687507,497,454,1373.077415089787,;;;139875249079783.52,false
187252,960.1666687011723,497,447,1384.5500848432357,;;;140959206238618.12,false
187253,955.7062255859375,498,448,1376.9544966373621,;;;140434008658363.97,false
187254,954.046130371094,498,450,1420.0646319098514,;;;146800748746030.7,false
187255,936.8557891845705,498,451,1424.5507315229077,;;;147079352113837.88,false
187256,988.2796997070312,499,449,1368.6895365851155,;;;140039136631866.1,false
187257,957.6098449707032,498,451,1354.717099286631,;;;138600802612036.88,false
187258,974.8369750976564,498,448,1370.4648186851225,;;;138452162013274.44,false
187259,989.7920043945314,498,447,1392.5685823620613,;;;159636938604859.53,false
187260,1005.9279907226562,498,447,1394.7790564089466,;;;173753317160554.94,false
187261,898.4434204101562,498,450,503.1468227881328,;;;57411822829627.96,false
187262,961.6103637695312,498,448,1350.6433384299005,;;;168286867727735.0,false
187263,1306.1877807617188,550,451,1680.1897036551313,;;;223379402032512.2,false
187264,1317.816015625002,555,449,1713.0887455430736,;;;238205734509023.16,false
187265,1314.8453002929703,546,448,1743.0472218880345,;;;228932300646087.66,false
187266,1341.3718261718755,559,448,1650.2359091113058,;;;228376666584287.16,false
187267,1342.8774902343757,533,448,1418.9757545167272,;;;177160204582288.22,false
187268,1325.7293090820312,531,443,1422.7934320377192,;;;176861439850942.84,false
187269,1337.653735351563,531,442,1383.7912534557697,;;;169567847801757.72,false
187270,1287.8754882812505,529,448,1391.2034873437651,;;;169367524182559.06,false
187271,1345.9714538574221,530,446,1384.6818219801573,;;;169122592834444.72,false
187272,1301.2041625976562,532,444,1382.4189632765274,;;;168961353823891.0,false
187273,1383.1296264648436,557,494,1539.2738842596054,;;;188193449218375.78,false
187274,1376.5139038085938,557,496,1545.3064504815009,;;;191253316980362.78,false
187275,1323.0446044921878,557,494,1543.2755838624562,;;;188784239511334.78,false
187276,1348.4099975585937,562,505,1493.145359537641,;;;175696657878368.53,false
187277,1374.0485107421875,557,495,1582.8929273326346,;;;195816243334782.8,false
187278,1364.9832031249998,557,498,1569.0480717945802,;;;192200088335021.5,false
187279,1383.193359375,557,494,1568.460855719184,;;;191046757994193.94,false
187280,1373.9815795898435,558,497,1565.3325398735992,;;;191568183806335.97,false
187281,1398.0312499999995,555,494,1568.0483334853564,;;;192570251839789.06,false
187282,1364.860180664063,555,497,1569.757219541765,;;;190402428293514.53,false
187283,1364.6260131835938,558,498,1564.640930918785,;;;190619632420161.03,false
187284,1346.1660888671877,557,495,1569.0007414730921,;;;191157224079224.06,false
187289,1109.1882781982422,548,494,1564.2689926975622,;;;154905559194595.78,false
187290,1130.0931274414065,548,483,1628.207034606438,;;;167068957105814.28,false
187291,1140.889965820313,549,483,1625.2441504545309,;;;165565623911716.06,false
187292,1133.0592163085937,548,479,1616.6776352216327,;;;167148847215704.0,false
187293,1114.4017761230468,548,483,1566.0433017647276,;;;156608269545763.38,false
187294,1138.6573150634765,548,484,1563.5698225894816,;;;156312541475069.22,false
187295,1107.5416107177734,548,486,1561.6571332320789,;;;155522982025046.4,false
187296,,0,0,1611.3557146281184,;;;166588070924657.0,false
187297,,0,0,1618.1704590434172,;;;165844143475060.8,false
187298,1116.329931640625,548,486,1565.3397128194506,;;;155166660286590.34,false
187299,1085.8478393554685,548,486,1562.0478990758743,;;;153897670476001.97,false
187300,1102.8058593749997,548,491,1563.4673917557652,;;;155860944273360.34,false
187301,1147.6948852539062,548,482,1617.0945353902553,;;;167414576876463.25,false
187302,1138.882373046875,549,480,1616.5827185306593,;;;166824292794000.12,false
187303,1136.8504150390625,548,486,1557.534677270084,;;;156187447485983.94,false
187304,1093.8197204589846,548,485,1554.935814177988,;;;156738599511131.16,false
187305,1247.5632080078126,549,484,1557.524348136944,;;;172180831147671.8,false
187306,1233.9947998046869,549,475,1608.2912347296976,;;;183875746348962.34,false
187307,1241.2645874023438,548,483,1616.076449317942,;;;184436250513257.28,false
187308,1252.9742675781256,549,484,1610.3068689944346,;;;183673676662239.97,false
187309,1251.979858398438,549,489,1604.2466641259566,;;;183484943573384.8,false
187310,1237.3158020019532,548,482,1612.2290483158185,;;;183743554629374.12,false
187311,1211.9060791015627,549,480,1614.562583889582,;;;180533979924693.34,false
187312,1238.0292663574219,549,481,1606.5965522208387,;;;180776235298868.28,false
187313,1231.5043212890628,548,486,1615.5254044297699,;;;181298469740284.16,false
187314,1250.133422851563,549,487,1607.9515912621237,;;;181062875062366.88,false
187315,1238.1376708984385,548,481,1613.840394218538,;;;180834836216716.34,false
187316,1229.5937805175781,548,487,1615.8622124766378,;;;180112865413113.7,false
187317,1264.5213867187504,549,479,1612.4009849252868,;;;184344730981056.25,false
187318,1262.6563964843754,549,482,1607.1729672509637,;;;180845972348646.97,false
187319,1266.3154479980474,548,481,1613.7142109888982,;;;182144296305201.5,false
187320,1234.5687988281252,549,488,1554.8594217141226,;;;168554135882638.12,false
187321,1247.5846801757814,549,484,1561.1076153695426,;;;171737682767951.56,false
187322,1232.0274658203125,549,479,1553.150483554441,;;;170078275116823.75,false
187323,1228.8563720703125,549,478,1609.7937090041708,;;;180638347240905.06,false
187324,1197.8518310546874,554,483,1591.2964868940485,;;;181719642160394.12,false
187325,1201.5602905273436,550,486,1604.6027917575668,;;;183068029653434.53,false
187326,1197.722900390625,557,488,1588.5980360347157,;;;180674115291163.22,false
187327,1200.415338134766,556,483,1587.7854240738777,;;;178689914749514.12,false
187328,1167.288720703125,265,260,2233.9929026438185,;;;218668860635858.44,false
189001,829.9988769531245,517,516,955.7645482874325,33934317403193.504;34241885932045.984;40574554956333.0;33860079311457.72,false
189002,823.4576049804689,647,627,886.6139115494753,38312541213422.92;40652420573233.164;47348869689035.445;38130181341480.29,false
189003,,0,0,776.2132859243294,27431216727875.08;29380073285582.176;24692385863795.727;27208487689094.996,false
189004,1422.7411376953128,647,636,2851.5288260986285,250701681866695.0;271488541501896.1;312748577727919.44;271209842763818.62,false
189005,1910.5006652832035,644,634,3073.4073677370984,242996583446514.2;503605323000414.44;575002053286752.0;504222468010819.7,false
189006,1853.403796386719,644,631,2887.2692004031824,229151392113820.75;411467648375620.8;483842035044962.2;411177674469659.9,false
189007,1328.741479492187,641,632,3095.9167433284047,243352413145570.38;475382182216984.5;558805151251911.56;477122305110740.5,false
189008,1060.0258850097657,640,633,3099.2448984074617,237774623450395.53;429754722225068.8;487648426083334.94;429366163193621.4,false
189009,1022.194680786133,640,634,3095.813947938652,236635059434904.44;404253655662165.9;467468722161087.9;404173554028806.1,false
189011,1035.2590911865236,640,632,3099.7778430683593,239446633832772.84;427555869227202.44;499558766982432.4;428529698011634.0,false
189012,917.6446655273439,634,633,3117.9298390224462,233637161406006.8;407268602791178.4;469634821182375.0;406282410205245.0,false
189013,819.8328887939454,264,264,3004.419724546081,195267933207791.22;318304074800333.06;372355493527475.7;323268143872377.8,false
189015,1247.824829101563,640,637,4297.961951560313,240426030063048.75;621683088308356.8;720901731999314.0;624538904242709.1,false
189016,1244.0167968750002,641,638,4322.910268841138,242941416008006.3;652145866724908.2;756526142427429.6;651197801211575.9,false
189017,949.7815551757815,641,635,3067.914902096867,244447891570296.47;376600292319970.7;437580865168612.9;374706499743097.06,false
189018,1214.0851318359378,641,638,4314.361615995939,241474850232764.78;651638474430105.4;754498159946685.1;654059694634094.2,false
189019,652.5391357421877,646,631,771.7635456368616,26726677965056.305;26233476832029.01;43161513929044.31;26838444427777.438,false
189020,999.157470703125,641,633,3070.0513638226043,229222737662840.3;332462915807262.25;391917964923996.1;329021556379104.1,false
189021,1068.5220092773445,643,633,3059.797295640278,235400683535541.53;360592451849783.8;418437051271364.1;357874496525497.75,false
189022,1216.2923828125004,641,634,3067.160848610412,239823322233995.53;372673259003978.5;424043571727520.06;368470925392800.2,false
189023,1311.7409729003907,644,635,3072.809533461604,242615936692123.03;404465593651108.94;475736663963757.4;401929440241523.7,false
189024,746.8371276855469,640,637,3095.741417676835,231471788993541.38;341665507761004.56;398319190199032.1;336929136805760.2,false
189025,741.2845458984377,639,636,3101.396419026859,235123682265790.6;321845052322551.1;388282036478203.94;320311243063218.75,false
189026,1025.7859008789078,379,379,4362.926234481606,245671624950657.03;592834021998048.8;676374120471692.8;597413986150858.1,false
189027,856.4988586425784,640,638,4366.654899439052,243462212839547.97;563142900258284.8;643949415847233.9;560855712582375.75,false
189028,888.0575195312501,641,636,4860.919249750987,243689430213088.16;607982249605104.0;689366645960394.2;605097687032444.2,false
189029,897.0675292968754,640,636,4825.110461336239,241955317582579.3;612200745068490.4;697664974423960.1;607225520904132.8,false
189030,873.5095581054688,641,639,4838.482873491056,243480529095097.16;549777697630560.8;629786788826503.8;546317428175331.56,false
189031,1608.5423583984375,636,631,3863.0911179694854,246094891217347.34;858955878479477.1;980407956585473.5;861071971506132.6,false
189032,1690.2709106445313,644,635,3903.7219834250727,243550154104867.88;823693082010889.4;950648104495245.5;824833264891965.5,false
189038,1093.2496337890625,506,505,4198.722864220779,239069657473342.16;395239085030149.7;437116349903134.8;378502414509777.44,false
189040,1767.2116210937502,718,701,3348.987007069342,228294206350025.7;386320990097050.2;450446503603732.9;377778468177181.3,false
189041,1620.355102539063,720,703,3521.2543997201165,229209521150842.03;384922030644696.5;452432670253424.7;381717745445250.94,false
189042,1733.4856201171874,687,672,3858.5820489256616,242086533638831.16;444764896593494.0;518488617386518.2;438410314566350.9,false
189043,1958.726940917969,354,353,3876.0773574116556,238530366035246.2;525372484241968.3;595137050085861.6;512818455270410.7,false
189044,1981.4146850585948,682,670,3897.2085211804497,245647611022533.2;401241513618813.6;449728666341257.56;386701373155762.75,false
189045,1722.5892578125001,670,664,3979.87196513818,249480810203737.25;448520594488607.3;522858280801447.4;438470100878653.56,false
189046,1702.0094238281254,579,578,4479.773795782642,282451959829243.44;473668752919054.44;532696671219201.9;463701073028695.7,false
189047,1580.0150512695313,554,553,4529.746479327155,284474208296080.94;463048077518638.7;522068272074737.6;448174355365552.1,false
189049,1551.4098144531251,335,333,4539.469424443437,225679380423740.97;487043563272791.75;538810324531141.3;461721157252575.7,false
189050,1676.3349365234385,303,302,4436.769823270596,228981214868009.2;605158297362035.8;697547153249165.6;598595712202234.9,false
189051,1860.338647460937,701,692,5039.341154292136,237852577926791.38;675152578857468.4;751670870897962.8;655984946849741.8,false
189052,2087.5149291992193,704,672,4442.384885113208,240765467108307.7;549263664753972.0;635137097771108.2;543876387690436.44,false
189053,1717.9939453125003,548,547,5136.185159329765,280098469340606.44;557773753070682.5;637222940343797.5;545114106211920.2,false
189054,1905.483874511719,700,630,3632.032022044691,238970840203142.7;499038159493687.7;579562892690604.4;502382941561114.44,false
189055,1650.8294189453127,334,332,2864.427331071895,193419810463028.38;544094561913178.9;620463849342250.6;542229921950158.4,false
189056,1491.1704711914067,704,637,3622.262481356315,236015462396482.1;413691946102036.06;488553495458767.7;418010327149753.3,false
189057,1347.042529296875,644,636,3965.6772610090716,249675886491328.94;391242238539112.0;464228421794124.9;393316403463403.75,false
189059,1497.5068359375002,327,326,3008.613123100554,203428755482502.94;509033440705393.06;578952231086450.0;512993030835290.6,false
189060,1742.893664550781,704,640,3591.9953646921804,234898994994735.1;410991952839607.1;493013637719323.0;414975067464576.6,false
189061,1667.8594970703125,661,649,3829.5870200298077,248815432087693.6;393160900610696.25;471229656947319.0;396321079864931.0,false
189062,1767.8998535156254,637,633,3911.069777091268,250272346872526.2;413575795931688.8;472799732810901.0;405756210059689.7,false
189063,2026.53759765625,697,628,3562.9467960563484,233463305205527.75;503847074854474.0;573673636382260.1;502405284337020.56,false
189064,704.024694824219,226,226,2569.071858789625,173435553559397.16;310101650714644.0;352910344598982.94;314582051162899.06,false
189081,1974.4907714843753,702,696,5270.484904969073,241311767204976.3;810766913145635.1;918137599073024.8;804216577589927.0,false
189083,1975.1611083984378,653,652,4129.461980204732,252463505135512.25;453012061512621.9;512694155722472.2;440161289315947.8,false
189085,2156.1625976562495,601,600,5478.7202583831795,279812263319210.34;662401494850315.4;753101134560644.0;645375476697324.1,false
189086,1538.9385009765626,551,550,6555.059449201606,283888212520480.1;704142569015973.4;791963685796626.5;692608379231071.6,false
189088,1607.8628906250005,550,549,6484.411193903552,284064416313478.25;708991545346833.1;796151880640825.0;693081834382908.2,false
189089,1800.8012329101566,556,554,6484.8854648579045,285804628246043.1;842843514792653.0;948539776092678.8;821036261049340.0,false
189090,1763.5924560546873,575,574,6429.682727224918,287587427931667.1;815384619853658.2;920851011164216.4;799916543234227.2,false
189091,2250.7373291015624,703,692,5349.285835798381,245318860784384.9;1004394580543099.0;1156048441841290.5;1028236972843020.1,false
189092,1676.310668945313,329,328,4431.990747004103,202033311020789.34;830825064124928.2;951292234758579.2;847163713474356.5,false
189093,2586.3630859375003,701,652,5366.082931307777,245061637155841.12;997209816622788.4;1130465750622196.5;1006063700498946.9,false
189094,2027.7815185546876,681,657,5551.219378423084,250476070471258.06;815982183035667.4;934041420653229.2;821477677371233.4,false
189095,1410.1202636718756,641,628,5899.223637991898,265030639884646.34;734731048607033.1;840044290583327.6;731895267203455.6,false
189096,2164.2157226562504,698,667,4920.213887835916,238116220447414.56;864627043003237.0;989721499941537.4;872030439286148.0,false
189097,2531.9040039062497,701,663,5349.628123826634,242945785190030.34;1037271411093894.0;1181758233673649.8;1048633254213172.9,false
189098,2018.5324829101562,701,651,4830.974397213017,238569689268200.25;864355604009685.5;990471359389476.5;874274234904790.9,false
189099,1888.9962402343754,374,372,5675.518248380459,247150990684436.1;982756493690359.2;1114005842145035.1;990937991838318.6,false
189100,1654.1275878906256,539,537,6528.652500994109,280917522979481.06;844336600175737.9;964927427574203.0;848704266930673.5,false
189101,1634.43896484375,548,548,6511.548937622937,283261993604779.5;708732531498550.8;810888669980914.6;709555700098868.0,false
189102,2749.47919921875,701,673,5374.006414690818,245287861395516.6;889867261697554.1;1014325363966045.9;897090425808193.1,false
189138,1803.9100830078123,601,596,6285.278223130312,281416779313593.3;502026168079169.56;589809635901864.6;508610479457904.3,false
189139,2127.8683105468754,601,594,5459.007356902627,279731377295654.47;480084395129372.94;562117694755336.8;487247284787671.94,false
189140,2186.628930664063,201,200,5527.349484087688,274330721995670.78;475294011626422.75;515701994773462.7;474767582328697.5,false
189143,1698.1560791015627,701,674,6169.145058485448,270536775929932.44;578111814195599.8;698773978257812.5;588642035374816.8,false
189144,,0,0,6850.772353340918,305455197376110.9;498383214791263.8;578309478546329.9;508065102909933.3,false
189145,,0,0,6867.635784888316,289628710825956.9;592881727531823.8;704514084702581.4;600326409402146.8,false
189146,1638.052789306641,598,598,6541.104010527104,304824541905767.0;503988393102163.9;597045669113054.8;510826155306023.25,false
189147,1857.235827636719,602,597,6769.955969142074,303251797941176.94;554495463144859.56;617608474537546.0;560300116643409.0,false
189148,1932.7117675781249,601,597,6461.145479893212,289703707468460.6;546650045012444.9;637868382454096.6;560277329235010.0,false
189149,1594.5048950195314,602,599,6061.326013973926,303370956129327.4;505422507832728.44;589610636744261.9;517778786178941.7,false
189150,1487.2386718750001,601,591,5751.127384809673,291459886215441.06;502526622883230.5;584671524037221.4;511102629556511.94,false
189151,1441.904052734375,601,593,5235.359884905851,282701922498149.4;421027001626179.75;510722728624086.5;430963966869293.94,false
189152,1444.6931152343755,599,595,5743.326583137266,291883874337524.94;485258284008665.94;572406750939294.4;490567672561819.4,false
189153,1531.7468261718752,599,594,5787.416833125485,288461180530766.4;481600116814904.4;558335660510799.6;491230815735282.4,false
189154,1673.228527832032,594,589,6790.113570023338,290540745860679.1;505755052333701.7;575151334226403.0;511357514745908.5,false
189261,1999.7975036621092,702,669,4094.314586823709,246719909349943.0;342346803800741.06;418701623201129.75;349436270638984.2,false
189262,2416.0071411132812,704,548,4531.716607112853,263737520138298.56;386860088314320.56;471189554396297.9;397570030528755.06,false
189263,1966.6121093750005,704,693,4292.395813467289,258635724923211.7;402066556262997.06;516075255304927.3;415676599673507.9,false
189264,1803.5560913085938,704,704,4951.174051918848,265505745946905.88;541291661564183.4;670459780747328.0;565924649434506.1,false
189265,1598.03564453125,699,688,4906.010564289674,266940167621649.16;440773296825401.9;564395931436419.2;461456466596244.7,false
189266,1739.2390625000003,706,705,5819.972286380935,257776472559441.5;429856033062594.8;500226035368591.7;441702793014762.7,false
189267,1990.696752929688,707,704,5804.2917306653235,251719929883521.6;329388801430071.75;421761289274640.9;345506194818355.7,false
189268,2101.0636596679697,656,647,6174.101224951285,268166159558487.34;346317377661057.3;435412364918618.94;360317211151103.94,false
189270,1896.212255859375,699,689,4926.3632148974475,254403471119168.88;427667057547836.4;475960380265748.94;437770405513991.94,false
189271,2094.4387084960936,699,688,4846.412971399618,255993754171209.03;422316554958186.56;539775846747625.75;438036951865611.5,false
189272,2117.0054687500005,699,691,5867.202790229701,256792757220952.28;425880319625306.0;491591150211115.8;432843158139510.3,false
189274,1538.0451660156252,704,703,5894.439896841486,254815465267833.66;356891705288507.06;419316941429897.3;367662318014052.8,false
189275,1774.3297851562502,519,518,7764.198472797054,320431379304687.6;515181628114197.44;639266590967734.0;528265320902849.25,false
189276,1730.9175292968753,578,577,7128.625457063276,304912129958694.2;561600611351885.5;651178914646513.5;572331009796912.4,false
189277,2231.153491210938,481,481,7750.156620274336,317489347980160.3;514624138861569.9;617014843780169.1;531686511252548.3,false
189282,655.7713775634768,418,352,726.5031912222098,34903136116426.395;35393723421538.89;55752349600461.016;35174589946525.062,false
189283,1407.2798095703129,646,605,3076.1366745200103,219470871587423.25;300572864018160.94;337209764562973.06;300502973952355.6,false
189284,2359.192163085938,678,610,6149.075207714558,259275475869002.06;969644788918664.1;1130087568666673.8;999024310760801.2,false
189285,2005.429406738282,700,604,6079.80370168045,254809302757958.22;963650394882792.4;1104338134717193.2;994448512108166.9,false
189286,2357.676928710938,612,609,6600.3086261363405,288664858083930.5;1069784983452650.5;1267689034315961.8;1099488581004835.2,false
189287,2476.3155761718754,611,609,5699.526438147979,290407424068797.3;1102467143516323.5;1280935626249862.2;1131163921731797.5,false
189288,2501.0087890625,665,614,4102.192118080706,259156581500820.5;683371617432547.1;779995694895736.1;693174677956901.1,false
189289,2478.40869140625,613,610,6611.0469166808,291456854945202.44;1091191695018384.4;1274766566559827.2;1124465331375402.8,false
189290,2190.380078125001,675,611,6432.374772503722,265703941025539.75;1045547440847921.2;1217087156998341.8;1081108071878619.5,false
189291,2125.6685546875,649,604,6600.121994918613,278719657891907.7;1041375278880026.5;1194486767271679.8;1062716688037706.6,false
189292,2125.5367431640634,645,610,6658.331249635197,280242135865180.3;1073321041120411.1;1267679429218222.5;1112609094792358.0,false
189293,1568.4976196289076,646,611,5523.638679302891,267351362569739.25;1055886945457103.0;1235869215254682.5;1093359118529695.2,false
189294,1536.596557617188,688,617,4688.536719825285,242455704529224.12;938431194928390.6;1117572864754941.8;981868785189456.5,false
189295,1707.2994140624999,701,611,5926.902792207129,252372799914912.03;1253168128315889.2;1440806144948698.2;1302477045685413.0,false
189296,2122.358349609375,700,617,6375.463404986451,263181109462670.47;1206672504778027.8;1396101634957859.2;1247489374585476.8,false
189297,1927.8436767578128,700,617,5531.0072480100625,259055104138371.94;1199711440611358.5;1390932852342084.5;1245480104355389.5,false
189298,1953.8404907226563,660,617,6783.75723483059,274871829847455.4;1099670274519449.6;1268986751516541.8;1132906668318793.8,false
189299,1907.7727111816407,684,619,6535.047025356204,268193409862842.5;1102512333924259.1;1283125164483677.2;1128749521792560.2,false
189300,1403.4324218750003,701,611,6387.933652056701,258018964986069.34;1020126674350164.4;1194287894507708.8;1068844486205565.0,false
189301,1695.9803466796877,701,615,6365.97636343321,259554971428070.66;1079683404881901.1;1251668229100956.0;1126440808292678.2,false
189302,1340.1374267578133,701,609,6422.665324868507,255182313543450.94;1053740739557109.5;1220244767604732.0;1082228592002483.2,false
189303,1331.3520263671878,701,609,6426.957410847052,253736164118879.2;1007702787478027.9;1176048834431100.2;1047139370902474.0,false
189304,1335.5152770996094,642,609,6795.1686988257725,282450586853933.44;1125324150647011.5;1307999692867407.8;1157089242086418.2,false
189305,1306.050701904297,686,614,6563.062137824824,259237880297566.6;1080019195688810.6;1246897181400804.2;1106959509208692.8,false
189306,1376.7834716796874,689,613,6409.420798481124,260055531014223.34;1077668395175274.6;1258713320736428.0;1104341373548843.5,false
189307,1717.4453369140626,701,614,6151.7929789534055,256854719237115.75;1086165762614478.4;1234107953880008.8;1120730280090995.4,false
189308,2030.896752929688,701,621,6112.4119361434905,253908419219236.97;1176290387102722.2;1379572422103124.0;1217630937218631.2,false
189309,2242.9436523437507,701,615,6125.869448309375,254584026045940.3;1184262132071162.0;1364029003030157.0;1221330518730119.5,false
189310,1759.638354492188,701,611,5950.096064450331,246217780026130.88;1019583122599655.0;1172880631480247.0;1048199716930258.6,false
189311,1782.4729980468749,701,611,5869.483768609698,253542061533800.88;879586491310537.2;1027107473196154.6;906465212402860.6,false
189312,1674.1016357421877,696,610,6640.6713419250045,254020597927712.06;874007621315698.0;1021876427102271.2;904500872381595.9,false
189313,1979.395483398438,701,615,5957.482320545096,251966947943467.16;1379685585849268.0;1566541249637623.0;1376100193603849.8,false
189315,1798.3757080078126,701,613,6698.107242051852,253988377999113.12;1211061327740552.0;1383688576276438.2;1230531989676254.5,false
189316,1528.657788085938,688,608,6438.577120598039,238849207872871.97;644288919268217.6;756740104092659.5;664974105589991.5,false
189321,562.9614501953128,231,231,,232127044886.20898;5318371047720.249;-13154135733511.58;46831706599.84704,false
189322,1105.1213623046879,565,544,,468411784264.3679;-5094779717177.273;29464799609775.53;604258589473.6915,false
189323,1234.9480590820312,578,566,2366.7865493079544,174476185271978.0;213542103769556.88;228074702985484.66;203856078933883.06,false
189324,1187.7752319335937,570,550,1733.4168949424038,125836896003832.6;125825835264110.05;144413381151053.5;122650562661932.12,false
189325,1277.6772216796878,572,556,1835.5936952632055,159239564022758.03;160718547562263.03;178280333576089.28;154846487655605.6,false
189326,1230.4720703125001,573,554,2143.838299115298,143799049170852.44;148252329613714.53;164499657457174.4;139685347177782.98,false
189359,2175.343017578125,493,438,4339.921898252817,253098155808349.56;716255536544365.2;768264593838682.9;696030261447669.8,false
189360,2604.6509521484377,417,415,5770.975378701002,282909536749915.6;1353039692962832.0;1479814171008823.5;1330743213619046.8,false
189361,1619.3681396484376,421,420,6483.592999850257,292656197556014.1;1352867355330334.2;1475609577967456.0;1326837083053539.2,false
189362,2533.256884765625,543,542,6577.589543823825,305211461076252.6;1532351783144731.2;1704275397832250.2;1507021052466685.5,false
189363,2886.0388916015627,554,554,6535.195272740152,307358771142588.6;1939958681800804.5;2097004088019978.8;1848815559493712.0,false
189364,2758.15087890625,701,571,6499.3716619994,258881788783945.16;1930907132870136.8;2100570434952487.8;1728228237477880.8,false
189365,2286.8599609375005,617,567,7449.968114445199,277604263659511.53;1733576615188131.5;1912807810692302.8;1614843459528190.5,false
189366,2649.1413574218755,540,539,7577.278122928865,318612267237058.5;2007264685863255.0;2210295563728699.5;1706641930422505.8,false
189367,2396.289990234375,542,542,8440.15261235456,318353242783117.0;1920116042928106.0;2069041977812799.0;1591231046156188.8,false
189368,2138.2879516601565,544,542,5751.847143975059,311630785526119.3;1313610718537248.0;1468704009345354.8;1296590921104637.0,false
189369,2602.2601318359375,547,545,7305.946739457558,316152760034310.3;2402802130899742.5;2580343327992292.5;2050457842840699.0,false
189370,2964.838391113281,554,552,7267.3527558830165,312420624609371.8;2233364835014943.0;2376360344183882.0;1828595506158201.8,false
189371,2842.0340576171875,549,548,7310.536779227748,312274831671836.94;1623917693304998.0;1837607188556393.0;1593858812999050.0,false
189372,2022.1999755859376,701,552,4738.639581487098,234915130809242.28;948200046282214.6;1033768087617442.1;921132152405782.2,false
189373,2446.7068847656255,551,551,6280.184025577342,311922377589532.6;1539850735748346.5;1731791878789470.8;1508952370653307.8,false
189404,1097.9275390625003,340,339,4743.096844773087,283679834127687.56;396684501183854.5;483802438401879.8;409318758689900.2,false
189405,1238.457373046875,359,358,5077.0344844065075,298472752549386.7;403682963772766.0;454466120770096.3;407563323879213.44,false
189406,1388.2799560546878,596,582,6636.694377042335,289616036016980.06;512567153489099.94;602479750585157.2;517040908860783.1,false
189407,1542.1279541015629,593,570,5664.2576752923615,303080453624077.9;578218467282510.0;683123304648355.4;579802646009654.8,false
189409,1135.9253906250003,641,607,4866.554570678839,274732606757696.06;349095294873049.44;421307365218852.8;351227699356230.75,false
189410,1378.1255737304691,700,614,5747.838921038961,249964165474176.78;417903902513090.4;462618502522867.6;419335081526697.6,false
189411,1289.7258300781252,669,608,5768.915137471647,265018933351930.4;480495958761019.8;553897439228026.56;475350807419278.5,false
189412,1367.8764160156252,640,610,6028.810232990288,280040221571110.62;518638823539149.75;593635222399767.4;522682166242955.5,false
189413,1310.9463867187505,640,612,5839.958990258949,267609764689250.88;392718782882076.7;442639227161614.0;394309624927054.3,false
189414,1412.1628662109376,701,623,5480.843724956164,260412734235191.34;505894511220634.3;579664558896188.2;510237494784228.3,false
189415,1311.667492675782,700,619,5531.044171862666,246401466654501.03;324684363447621.06;383937938251048.94;327088667196089.06,false
189416,1209.1113647460938,700,586,4758.699604805031,237804179252938.78;311329935057368.94;387422356428268.4;315674959360364.25,false
189417,1211.4857421875004,700,600,4782.5452718616125,233094275234320.38;293649598168900.44;358464828661660.75;292155701158411.75,false
189418,1375.5686279296879,355,353,6334.994440015519,299095442737366.1;365361117489182.44;411878828612747.8;367157190883405.3,false
189419,1415.2804931640626,590,551,5902.416876081413,283881139742754.5;407400606171710.06;483349146077201.75;411515370261333.6,false
189420,1467.4325073242192,404,403,6681.160358435886,313419723224204.8;411771251974825.0;504516764620917.75;415895132903737.94,false
189433,1213.2302490234376,533,468,1743.3292843876254,150223752264776.62;180592268378648.22;207965632666204.84;175638797516894.25,false
189444,1717.640270996094,398,398,5694.99875014842,275202087496061.38;753831361439474.8;874608692289879.5;740843313247713.4,false
189445,1829.1502929687504,366,366,5227.054337215688,264093237998315.84;781868683924349.0;896293917142671.4;769547165667209.9,false
189461,2121.25595703125,533,522,2496.901654328818,209805075690305.03;358378872707586.06;408265670506374.8;358100707486118.2,false
189462,2252.4458496093766,532,524,2513.6200753767544,217867563497639.2;378484263115845.9;429677048970875.75;379728508729643.75,false
189463,1972.0429443359374,533,520,1847.099766385498,179951688684468.56;256242386959375.1;297491408285975.5;255294907543846.7,false
189464,1520.8258789062502,704,689,1518.2289198507735,147948132659822.84;243175374675586.12;276118076908154.44;241188314025547.53,false
189465,1602.8910034179687,644,643,3133.169817121674,212953228526714.75;416022324421262.0;501868914277361.44;400286671646332.25,false
189466,2009.0709838867188,537,537,3604.737449329387,246769982542183.1;565253767294784.5;630994183404967.5;547628371669246.3,false
189467,2205.150146484376,395,395,2135.028541754388,199008750713680.66;375155883697683.6;434965411965338.8;362183457187377.3,false
189468,2080.298126220703,594,594,3460.8613708855746,245620087351445.97;539008271403569.06;593752282317938.8;516491732740541.56,false
189469,1931.929809570312,455,452,2512.1000304037434,216066752993224.8;242398023950938.78;294244620247163.06;233229319671331.38,false
189470,2459.705517578125,684,682,3256.7624615809827,224461467665057.1;631835674787584.1;712410079586140.0;605319241150515.8,false
189472,1411.9700805664068,684,649,4123.781771436474,199728168928652.25;305180213198369.7;361773803711682.4;315840283354202.3,false
189488,1106.920764160156,281,280,4436.14693978307,204257635923297.03;1719730434186437.2;1710866189566097.2;969002097005432.2,false
189491,1269.115698242188,432,427,4170.450360168293,257314432515519.97;564424689204781.9;635262707890194.0;535966248123313.8,false
189493,1180.8617340087892,624,555,3504.091508587109,218842102970778.7;641306274496668.4;722635542179793.1;623004972295988.1,false
189494,1175.7801757812504,627,520,3016.574117342531,191733866751378.38;603905325459358.5;674597554460785.1;588529362542910.6,false
189495,1080.7728393554687,247,246,3023.847839083888,172339054522925.88;955161358853001.6;1042185915465713.9;870054204015905.8,false
189500,1203.1025390625,305,304,4158.693721054179,207266394058852.28;801643687908584.1;900885739879967.9;776573129643894.4,false
189501,1680.891040039063,537,526,4638.005883862854,225390121263169.34;835784178186679.6;937937495309069.5;809318766145048.8,false
189502,1565.992205810547,376,375,5199.292637720799,239075754821195.72;1057669689987552.5;1180133115637344.2;1020407483089949.0,false
189503,1089.963214111328,251,250,3191.3992418119874,176997040266677.1;778268428235620.8;858451167017583.8;710157677896697.5,false
189504,1588.4095581054692,332,331,6044.203823489426,252172014996864.78;1475284894112098.5;1590731045228162.5;1167315052324484.0,false
189505,2282.2066162109377,390,388,5479.019842808316,266417153621563.6;1068570893520402.1;1232465031583298.5;1089191125830881.4,false
189506,959.7442626953128,701,622,4072.0338913186843,193908626797378.72;821966032405394.8;935720547233523.8;838584033563966.8,false
189508,1130.482653808594,567,526,3715.8436081463833,231050104699199.9;640534043337923.5;736438272413411.4;638538873068981.5,false
189509,1502.9692932128905,538,526,5007.204907026767,246277391781416.75;764700382498737.6;882081010560453.0;760834228081580.1,false
189510,1260.6716491699221,302,301,4120.09659897379,233993384355457.78;870696675058161.1;978815943459514.6;849422111815946.2,false
189511,1065.8747436523438,701,614,3919.183507363028,199739373021394.25;772930034090860.0;874151521226664.5;759980569816837.1,false
189512,1218.8477172851562,271,270,3305.8327887484866,218790643403611.56;711481648967366.9;783543427145511.5;697903756217064.4,false
189513,1254.5117492675781,522,518,3964.412626092338,239898491242633.7;636298633237630.6;714383293847349.1;623440361443724.9,false
189514,1347.3509521484377,560,533,4856.692625122782,239289229660689.38;827996653660943.6;957610747137985.8;834802533876473.0,false
189515,1228.863873291016,282,281,3817.966573716518,223668032016250.28;1004585016295771.5;1104231075924730.9;946653573851757.6,false
189516,1744.2988708496096,502,501,4314.299809053322,249775502142681.8;628406662194046.2;715265541746507.1;598233854507874.2,false
189517,1376.1284057617188,503,502,3692.063422424849,230976174826106.06;467184624349091.2;539120141824896.94;447566613657961.0,false
189538,1893.837927246094,425,424,5205.141695927071,290021645143302.6;886267000315636.1;990716495470258.9;855216878743497.8,false
189540,1274.5999633789065,258,257,4569.998283984253,235930895439766.25;753469471596546.8;818776651222057.0;651299851986292.0,false
189541,,0,0,5699.553482915005,260675743831603.9;917188408407338.9;1009511754474637.8;877450607809006.9,false
189542,,0,0,4132.071455224699,177812818247354.53;819032476678786.2;890982812177624.5;764599028535335.0,false
189543,1663.3036865234376,503,502,5223.2628841212245,217820878627131.2;927006342967643.1;1004278148806410.6;846594853162016.9,false
189544,1095.2898193359379,320,319,2969.733529597345,133857405510227.97;533139691808880.6;576071088083293.0;493888157313838.06,false
189545,1118.8117065429688,332,331,3244.8476277163563,141104352917200.8;551449328288285.75;608065761758620.2;511817508568351.5,false
189546,1858.9019653320318,317,316,7036.041029179569,277907557870603.06;1390739413084567.2;1525768406181354.2;1354493969832813.0,false
189547,1818.61103515625,625,624,3248.2690548786586,247105087836878.97;326301659273546.0;376030122358300.8;316434205794164.75,false
189548,2838.4622436523437,612,610,4242.282389263565,281871404461301.9;863647245249821.2;987066548683877.1;847942029601040.8,false
189549,1867.8380798339845,578,576,4461.045618298267,295626844126192.06;666846000903603.6;764711678847380.5;648424031166656.0,false
189550,1867.525793457032,593,587,4349.982282329003,292171959494921.3;771515699349075.6;889985844945580.1;756715346519590.8,false
189551,2617.7141601562503,617,615,4205.674255601695,289507479104593.6;839753322285194.4;950570752616857.4;807052171989708.8,false
189552,1675.6843811035162,608,604,4263.612256789187,288415723884860.8;604466158838826.4;689432517171240.6;588010255538419.4,false
189553,1513.3964721679688,603,600,4314.880250667207,291033918445192.4;553074269723598.25;636882572866793.2;540298216126588.0,false
189554,1820.6951171875,629,627,3655.297449948192,283603611514929.8;511230853767694.7;584561565395492.1;497679529629500.25,false
189555,1317.7059326171877,631,631,1776.5155186323952,168892405864841.6;299726717805429.1;338969205547962.6;294367249563659.06,false
189556,1647.7044921875001,631,630,1748.180213650434,200917224030465.06;288358266664498.3;336217316544608.06;282484990757407.0,false
189557,2214.0669433593753,631,630,4079.7803993869948,229357004485117.47;731648046746384.8;842433543371334.1;723675720292090.8,false
189558,1364.0137084960938,631,630,1748.9108898061245,192978543092798.38;222677525232478.16;257519018128994.9;215178517126376.06,false
189559,883.6785400390627,586,584,1887.7274539102198,154395241365594.22;161343825425909.06;181048298484967.25;156515584748403.56,false
189560,1427.6330078125002,622,618,1772.477469569469,191240426750137.22;223742043456613.03;268316566707576.84;215677423674244.16,false
189561,1639.066455078125,629,626,1758.4773273482897,192732947213207.47;233400709534231.94;271671142998169.16;224866328384616.78,false
189562,1369.3597106933594,608,606,1816.3770871434806,183892411374858.0;192409594210198.4;232012355140763.62;187884930891914.7,false
189563,1510.9139282226565,630,629,1742.1627053165685,193157428187188.6;216521134591870.1;252083849244037.12;208021375184350.97,false
189564,1475.7522766113284,630,628,1722.861959396792,190197831889533.62;211038470300901.22;266678227283035.94;205410104898748.88,false
189565,1306.503485107422,632,629,1759.0349688537456,182111178231803.66;191301861532282.12;234826136458239.16;184454028845626.62,false
189566,1044.8651214599613,298,297,1020.9330485009434,82465936852326.92;83959885297766.97;100964145552523.3;81905955167191.05,false
189567,1390.0233764648435,203,202,2453.0689440969445,186345388928746.8;211353351295018.66;246566552550030.1;203914379189240.12,false
189568,2440.365161132813,589,585,4349.439452159969,292480342876044.75;899285629666636.8;1002620671152647.5;855034378594038.1,false
189569,2666.9892578125005,673,670,4241.096582887688,288929700878574.25;955942919842777.8;1066336769797942.4;919296352129480.5,false
189570,2521.360278320313,703,702,4071.7613799164305,276866987329554.6;935797682883338.8;1049103352989933.8;900782882629046.5,false
189571,2636.4594970703124,631,630,5215.449859639894,300189645686665.5;1278829794744565.5;1415105317738401.5;1233391770331545.8,false
189572,2513.8247192382814,674,672,4090.233067327607,288672595078772.2;996058925077165.5;1107045267099676.2;960422408751224.4,false
189573,2581.777331542969,672,670,4088.7151465018183,289553339601117.06;948747788237639.5;1062333545208243.8;912498189285301.0,false
189577,1178.185955810547,280,278,5412.662775226237,201141778014456.56;1130595165509268.0;1206245064541727.5;860178529061502.1,false
189578,1060.453100585938,245,244,4726.401350251515,186050056111913.88;1116565380506096.6;1227761695521099.0;904837770649128.4,false
189579,1247.8331787109378,254,254,4883.2168390645775,193996490711512.16;1431833446605623.0;1498659201353943.0;1169964929383482.5,false
189580,1947.1811767578138,353,352,6566.863413271743,241159986298829.47;2058314422939852.0;2109448259804787.5;1485282861993337.5,false
189581,1153.3250091552736,236,236,4408.840811174528,180283138915471.7;1195845893085578.0;1254013444742853.8;899850453099182.9,false
189582,3009.141796875,572,570,6404.161122483696,271948854538668.44;1902891147596630.0;2055774666506460.5;1669878377975350.8,false
189583,3305.014392089844,568,566,6575.072982514923,261743555780739.12;2310816200700715.5;2395986646213834.0;1886759098580061.0,false
189584,1792.6447021484375,453,452,7324.878151348151,268422484663720.84;1759116781690104.2;1832530183874477.0;1328523339190041.8,false
189585,3545.659338378907,572,571,7001.339903234816,273656314291998.78;2475443066980715.5;2611379598982558.0;1991303057695157.0,false
189586,3385.304443359375,527,526,7499.910774993292,282228883239420.06;2625539492557940.0;2709556253106226.5;2146459164248996.0,false
189587,3212.3121459960944,374,373,6644.127002679502,248755471161962.5;2133512768962508.0;2234882327515316.2;1833988175739186.5,false
189588,3107.824536132812,355,354,6453.357894637892,243167697140816.4;2126823612672715.0;2242913411612633.2;1797142917488497.2,false
189590,1195.4970825195314,227,225,3846.33243679315,176560402252236.62;935916250550353.5;1017861156054582.4;722556761656633.4,false
189627,1518.4121704101562,600,599,2714.8820803810704,;;;,false
189628,2360.4014160156257,701,659,3634.119605243081,241699156422693.5;635070212220418.4;742428596846707.0;637183247659243.1,false
189629,2172.483984375,701,677,3739.6739019918655,241541687723476.3;619668602919096.1;686766650324476.4;616446824297125.1,false
189630,1673.1274414062505,659,625,2720.5601352437957,257229087231292.3;379425016919906.8;448725240911045.0;375926645156582.2,false
189631,1618.2122680664063,660,625,2794.855847105063,256064673012878.5;409354777755225.5;471253719140032.2;405748916504338.7,false
189632,1913.5157958984375,697,651,2617.5783915242864,242946348105857.6;382462797476578.7;484936638439657.44;383777335338826.44,false
189634,1852.6037597656255,701,662,2628.237420786922,241864090969675.47;410509797650885.56;451473977285107.9;413614516715954.2,false
189635,1873.8581054687502,702,667,3728.7862712343795,241595562713559.75;620023400182115.6;724018812687764.4;618501697443459.5,false
189636,1842.1519775390627,691,639,3793.332171955955,244862362248922.75;578862586497205.2;702408414560083.5;581419671203449.2,false
189637,1739.1850708007817,666,648,3933.463599882172,254235286707606.66;589673181209986.9;705614583620935.5;587051008331670.0,false
189638,985.7574493408206,598,597,1598.889722567226,116088081005220.72;118040410709042.33;166769605063172.12;114042909245974.75,false
189639,930.9576477050784,597,596,1442.755499708118,89023014034476.14;98040281255050.56;80960158693325.66;88005414601058.38,false
189640,647.7357177734375,561,557,322.2315347117313,15162487792537.893;14118187199411.094;44876664367665.53;14777050167404.598,false
189641,643.0552368164061,601,592,300.4645783492614,15637589030316.457;12372923297900.336;29540044400926.31;14797170834724.97,false
189642,620.6001617431641,622,620,290.93432073287653,14674570277045.861;18220912003016.41;13785931610977.35;15320083505478.928,false
189670,786.2222045898441,669,627,262.258324628933,12319554685314.951;14320404190862.691;12198054189112.227;12295786184304.707,false
189671,804.7106140136723,670,622,261.83598645963696,11551033946085.215;12166484975277.37;8335078969873.34;12262662167631.521,false
189672,769.5731201171875,669,626,263.05781340875114,11843858959662.727;11832602198292.531;2720352598500.3555;12126801101207.135,false
189673,784.961309814453,669,622,263.0607236301527,11873733458434.842;11956389530025.605;4341054225912.778;12404620553901.611,false
189674,707.5264099121098,671,618,222.85736673370047,8015252236504.879;7783612496846.364;3128525931801.2607;8211698465576.957,false
189675,740.185552978516,669,620,194.7754435718667,6973037226735.773;4000956417939.796;1678374151940.9595;7371716517873.468,false
189676,721.2299926757819,667,622,259.73743062044576,11759539560112.025;12168524644804.457;4915766158039.752;11755698722131.045,false
189677,742.3538513183594,669,624,263.3106324921521,11489713242293.756;11526151279190.316;10926521696400.115;11607393244400.535,false
189678,697.3642883300779,668,617,263.4171725591052,11833397286606.658;11808697277455.58;10571624492878.184;11717189955137.3,false
189679,649.9931945800781,666,619,263.974630511392,12078339200238.668;11542078455813.46;13410502493724.482;12155999020231.94,false
189680,653.9228393554687,664,619,264.9915184087107,12006888220985.404;13615026776060.395;4252464583032.0073;11834477728787.035,false
189681,787.3311523437509,673,628,261.1425084300768,11493431174090.89;10468274855183.586;2536314235463.7417;12005578993352.479,false
189682,769.6395629882816,670,625,262.34310156872084,11279740785557.34;11731285851177.459;2549451391969.009;12029996718456.023,false
189683,755.2190795898449,671,621,261.8200989266045,11388259017074.084;13784685877969.066;7416985526696.386;11442662777443.418,false
189684,729.9009857177739,672,625,261.62821949740294,11388836661595.504;10968924673346.23;-1533941851772.1838;11732207036649.727,false
189685,701.4486938476566,670,620,262.2545368642804,11509050574718.762;8539802773166.334;14663569739961.928;12003377628255.592,false
189686,664.4171569824217,668,621,261.6289109659476,12423093099981.834;12537835006735.975;11243211868212.754;12611724148062.27,false
189687,660.8548095703127,667,626,263.6728140419786,11838372228098.807;9487775243257.787;7033210620897.681;12621145601422.938,false
189688,689.6936157226569,671,619,262.0313077593528,11205880505286.7;8899335677278.244;4606466049731.426;11756158534077.697,false
189689,723.4224914550783,672,617,261.87788439343143,10454250909497.545;11730324664207.785;11246960261515.148;10637394580095.621,false
189690,687.0937103271488,670,621,261.94960880219276,11320557389625.73;13497143905783.61;15644683908139.244;11335075008944.463,false
189691,715.8694000244144,668,625,263.0287584250961,10498715638836.9;10595816911071.402;9805271315383.055;10287691008669.738,false
189692,693.3275817871095,668,624,263.0640469915898,11349637404514.998;12608126175129.164;10489926408225.404;11810202154881.396,false
189693,723.8558807373047,670,622,262.1547969083195,10585216687747.18;12442505320372.275;9640799360898.186;10727627872440.533,false
189694,688.9796020507815,667,623,263.3610862069486,11461686932174.068;13560448889779.178;12936700761171.77;11407955130816.678,false
189695,759.4690795898441,671,621,261.6716606450056,11160829975159.008;9758720032769.598;12608440809266.229;11886111812341.145,false
189696,708.9938842773439,669,622,262.6845845694046,10925505783037.363;11233201883613.773;13944552248364.387;10786903369328.432,false
189697,872.1423004150391,670,623,262.05917728418086,10559172907649.027;12587131799463.936;7372318420724.094;10927565791688.379,false
189698,843.6239318847659,673,627,261.0010242859903,11230018762996.682;10458884426782.082;9871902664699.695;11390549038711.56,false
189699,857.3206176757812,675,627,260.0275850068067,10894397251923.188;12458808764039.225;-1070870613820.5685;11332777232971.82,false
189700,874.5511352539065,676,625,260.2398437937773,10378297005883.135;9058957920625.783;11355018454372.615;10762819471136.887,false
189701,912.125787353516,673,624,260.7766454696564,10419819200527.076;10672752317320.725;6630841623197.502;10192194591442.32,false
189702,715.2165588378906,670,621,262.2287024372674,11337268789575.338;11762761918412.707;11744526836715.656;12544552692751.172,false
189715,1193.3686767578126,630,597,5227.7162899220575,257344996098504.2;329333767018705.75;418344642619641.1;341251288045485.5,false
189716,1486.9742675781256,683,600,6100.608583830793,267781537136808.22;432928942053827.0;485860772274288.1;436147872352694.94,false
189717,1207.70244140625,587,570,6597.48234974605,289844765838224.2;417406963344569.06;476724682685165.0;418951044376269.94,false
189718,1668.611315917969,628,608,6336.102435981038,283887017731200.44;426120402815124.5;506915818534815.75;431825218648516.6,false
189719,1442.444775390625,645,588,6157.972166370638,271855018459840.5;491226787628990.8;591265565957713.0;502354764712208.0,false
189720,1567.2266235351565,620,608,7215.345451744495,291845047040597.1;442945140893824.2;538988536441104.1;453822738318517.5,false
189721,1837.039367675781,605,594,6520.252544027815,280286944131362.34;452627264787815.25;514256641416962.8;458035099068503.1,false
189722,1656.1509399414065,388,387,7884.221959464266,305062675869248.6;466625904125182.9;533900388432532.4;472927331005032.75,false
189723,1649.4841064453128,629,603,6532.194138322493,279299118845561.28;413617705884220.56;518093836908704.75;420274488418597.7,false
189724,1683.823046875,505,504,6411.80766834116,281967063574874.8;375270313802231.56;424844236312019.56;380628520660862.5,false
189725,1597.7800903320315,620,609,7037.456927726359,294230322089666.8;430192358422882.9;486407833863884.6;434382436377060.9,false
189726,1714.7714111328125,628,599,6910.867605992648,281526527424418.94;443165113262585.2;511834418592176.06;448227550593048.06,false
189727,1728.8114746093752,653,615,6663.211832247855,284211842084466.94;478541999556591.94;545580015022178.25;488577036521547.7,false
189728,1714.705908203125,701,613,6173.002472157982,263486167902333.3;443317174757394.7;496625347736448.56;447057727613026.25,false
189729,1638.1017578125002,664,599,6507.688353011828,278127151712074.56;452363003238243.0;525741240419859.1;458474461438289.6,false
189730,,0,0,6296.460558296576,257833132577869.47;407907262752736.25;521503763239966.94;417243122609960.06,false
189731,1436.8269836425784,698,601,6362.245088552719,259732347846549.78;430167146647152.25;492409637166744.7;436868677674918.75,false
189732,1700.2158813476562,624,603,7003.989050566085,288526551972335.75;497688398090180.75;578612956731416.2;504216688926578.2,false
189733,1662.1277709960943,698,602,6243.48138486471,260293036470474.56;473880302487359.2;514402936728485.25;477481152580123.1,false
189734,1495.4862060546875,675,596,6604.5479770787515,264234218638243.1;405822751869617.6;460053176514209.7;414542572555975.8,false
189735,1431.4600097656253,691,597,6383.349920289691,261882494647588.28;392971378923851.6;464376891813296.5;400000679718765.06,false
189736,1792.3487548828125,685,602,6403.200744088715,265564805868334.16;458561699780351.8;543470867635702.5;467438672868890.8,false
189737,1444.205883789063,701,599,6329.777071902006,258228094247941.5;404223596616701.4;488372938691600.94;407035627335456.75,false
189738,1454.6119384765632,689,600,6393.75734161841,258977064631108.03;399402101541906.2;449659503851035.75;399431164217965.8,false
189739,1437.2356201171874,678,598,5872.602041184219,262353594056205.38;390394956540167.25;472434143489140.4;396837630537093.8,false
189740,1697.6850830078126,701,625,5583.127473375138,260714920418859.47;413338796199228.94;446709822424303.44;417771395531060.25,false
189741,1584.3508239746093,692,598,5842.602834987089,246451211249518.7;335501648279152.25;365155222885397.25;336808643538694.06,false
189742,1623.1475402832034,700,596,6297.112860228517,250905058176658.66;361103463398821.1;430526737343280.7;366195858218850.8,false
189743,1684.412841796875,701,597,6184.257879135525,253754555714918.44;374314892356286.75;425686787652484.44;379133367824837.7,false
189744,1743.7577636718752,669,598,6519.295712863718,268790006857364.0;442755506107659.44;512616034991383.06;448876909825988.6,false
189745,1558.9110961914064,670,599,6491.99122994125,264761589493277.25;424041477202505.3;480386622726321.3;428960279460081.25,false
189746,1416.203955078125,633,600,5629.628710489332,239798149854254.22;329299337600256.5;393434947537343.9;331060957426551.9,false
189867,1546.9788085937503,250,247,2808.607625310905,207932337266124.5;216761464474051.7;271512686214491.62;217020969462078.62,false
189868,1749.2094848632814,593,590,2720.275165231555,80124580771323.17;83392499714407.47;102016511827560.58;81247748951116.94,false
189869,1721.6879882812505,241,238,2503.1080741033466,173831494003557.53;215718629558602.66;262932765052916.47;221222832987116.5,false
189870,1694.509411621094,598,592,3368.3150276609535,115594907712207.39;115799448549538.3;141849530750657.3;114321865988281.58,false
189871,1677.6122436523438,599,594,3363.159993382662,118527813727132.5;121895992491575.7;128440767795508.72;116327326465320.44,false
189872,1720.395477294922,390,337,2790.832577931174,108909612559390.23;102685189729527.5;149125393435616.25;105044675125818.3,false
189873,1708.4860473632816,594,590,3123.2141269710064,124517854891110.3;118519863081513.08;146410441674403.9;118780275746135.45,false
189874,1725.0228393554687,652,594,2826.4252322725183,113754433191520.62;104774971150608.67;167870710090624.53;110546740439567.9,false
189875,1676.9253417968753,401,358,2344.4608500715635,108295155638001.44;93412040801712.69;114287120711130.64;96238290375214.19,false
189876,1716.479858398438,657,589,2803.7071409141986,120414066389420.44;112127016684218.84;120182986624173.7;110405866530962.98,false
189877,1630.1281982421874,586,582,3469.726300687281,129245395213700.77;121923332498174.83;142698390419171.1;122986290732395.17,false
189878,1807.9579101562508,619,590,2996.983739489884,104807207153014.33;99682304487114.17;143414452236537.34;103414137124039.1,false
189879,2005.0646667480473,590,586,3147.894365279452,120748558257452.08;109506504193619.42;172950673859733.0;117107127183925.22,false
189880,928.6606628417969,488,483,837.2313321239396,51618971258296.31;49987706318215.555;37634339654190.16;50542099213291.984,false
189881,2177.4140625000005,369,366,3081.1087877175114,231014221798428.56;251934407528194.34;303650568524897.75;263252439588097.12,false
189882,2032.600036621094,591,586,3140.8525142144003,124981308032814.23;127795637131477.72;124462185448845.06;123233198545604.3,false
189883,1859.304504394532,589,584,3154.365965298253,126111767704635.56;119870797312428.39;186889408608268.44;122040429982851.19,false
189884,2000.4458190917971,592,586,3136.178651166275,135164720662845.89;127997706103402.25;164661189390418.03;130074835102049.69,false
189885,1867.2966308593757,295,292,2725.002449140786,195060088148216.62;212934935251065.5;266658244909409.84;211923382273193.66,false
189886,1400.499444580078,252,220,1872.3613406533977,97291366797339.05;95587429212710.03;86406895822147.69;93959390449645.38,false
189890,1684.2754974365228,579,575,3318.487772353636,144755309964632.44;139071587332896.56;185653275442825.1;138980333693915.61,false
189905,997.4503540039067,401,286,285.6836610580791,11936153956614.223;15510841861180.785;12020345680266.48;12333042474527.822,false
189909,752.468054199219,270,230,409.32432823598793,22770058991021.402;20148445305886.902;29296341684359.176;23869182097862.945,false
189921,925.4504302978522,446,404,288.33083032415095,11295402102912.443;11406252442783.82;18334251281220.145;11321364186509.883,false
189922,1057.6205474853516,576,415,218.12851410139024,12384474874244.676;12281769689321.506;5328408339378.944;12581496760746.15,false
189936,1105.5918090820314,648,641,1637.8565286168405,54644343035623.78;61811314567618.336;68748705084239.484;54510726850117.47,false
189937,1048.5743103027346,652,644,1631.1975295884004,79539951103021.02;84882935483009.89;100371796603030.88;78490796976782.23,false
189938,1320.1752441406254,552,552,2367.1144049612267,204773515802627.06;203395736444395.72;228096627916237.72;198025152324393.1,false
189939,1272.0162719726563,652,641,2463.0603612398054,163791384659898.34;173145498347669.03;201582145592785.3;161795271439852.53,false
189940,1146.2703369140625,653,645,2236.745443866805,142863537563982.22;151169181500884.12;161456436001439.12;142079256194894.4,false
189941,1233.9617431640627,652,642,2350.3319559389,157546396499367.88;167797573927390.3;167485760266490.38;154364313405726.3,false
189960,1280.2770996093752,654,643,2887.8191326514716,147129209716448.88;151475054758614.0;180959650144049.34;144637569683570.7,false
189961,1316.401904296875,647,643,2941.49375560215,152598834579685.47;158944455142060.0;183635378529158.94;149838784541301.06,false
189962,1300.7544677734375,648,641,2934.6399460084335,151216320501835.75;158984521892321.6;185154632441848.75;148763378550769.06,false
189963,1217.756591796875,649,642,2884.9959204466986,119993174167809.14;124742026703629.39;143382846834980.1;118795979552268.53,false
189964,1284.222399902344,648,643,2508.9721935406546,140579673783273.72;151926058861048.44;173185085135997.9;138211659065996.4,false
189965,1258.9064453125,655,641,2485.018066133808,137579783420004.73;140411989774060.64;183125244110357.8;135767658644307.17,false
189966,1245.883666992188,649,642,2503.6991904280985,138408707583972.3;142477215121091.38;152771798890061.22;135745512204733.94,false
189967,1285.224108886719,650,644,2985.2491928627855,152687031074316.2;154153618691712.34;174393702495466.1;149499839849342.56,false
189968,1216.1793457031251,653,642,2956.441964154532,122112439974752.66;123451497214779.22;145791036441867.44;120398839576992.38,false
189969,1263.130834960938,655,644,2974.8325205597926,150497335136520.03;153468564218086.28;172070222025899.1;147721058791962.9,false
189970,1217.083386230469,654,645,2486.3191668486797,136383118466990.78;141241814910349.94;169582793723467.1;134213694718512.67,false
189971,1715.810437011719,654,643,2987.933072600208,187255834008568.03;191340915694131.5;221083588449171.94;184428032192581.12,false
189972,1728.3894531250005,655,640,3391.486445162582,230565767492609.97;244801297498972.7;270801009660630.25;235410385425647.03,false
189974,1259.0385253906256,654,648,2926.94441222873,200256345960953.03;212222081784009.53;234848823739750.16;202471356177548.5,false
189975,1372.080163574219,652,644,2985.003486744868,202036962663266.94;213296692396153.4;255408139606143.8;203762239486016.5,false
189976,579.733270263672,504,464,490.66161413445263,33669277228036.055;34400250644233.957;46274447415665.0;32802427210500.254,false
189977,1125.701708984375,647,643,2278.430043337888,135388718245550.83;133075517274539.45;152993846133881.1;132362957754649.2,false
189978,1528.2369628906251,654,643,2563.578278176312,201039142555259.5;205603355595462.06;243164469357189.34;199319546068114.6,false
189979,1630.610766601563,653,640,2555.9304584060305,222149777342818.34;236378133365399.97;269285755420166.16;221979297295209.34,false
189980,1605.6206298828126,651,641,3404.186320702372,222462580594558.4;239534795294295.7;258547339874309.62;227198106657931.78,false
189981,1127.609509277344,650,646,3415.5900743029374,171684136316079.16;189120519676193.84;223175770915099.22;177996067325439.5,false
189982,1064.4505615234375,649,647,2651.908875910079,181611006023583.84;198013864729927.06;220567116155488.22;188138476961180.84,false
189983,1713.4909057617192,654,640,3404.478373394926,231094720909746.4;246498301328140.6;286013563586603.9;236352494970531.62,false
189984,1625.3685302734377,651,644,3260.2245343417,203320275514634.1;215349555865344.88;228473215254718.2;201472855264244.0,false
189988,1626.3442749023438,494,401,260.36701011051014,18942115753314.95;20245580177096.805;17718291626296.01;19154657590052.406,false
189989,1053.4952392578125,533,404,258.88669496823337,18192333358023.164;16444617165046.508;26266296963193.945;18177532200505.496,false
189990,928.1214355468747,536,412,255.89318601692332,17841158839138.027;16275534135111.03;12946794232299.414;17788646247406.26,false
189991,993.3690185546878,527,435,259.6403874783705,17881647972220.727;19500808308245.047;14244061680782.004;17727233436738.766,false
189997,1686.535198974611,580,513,254.4962640062018,18470796931921.098;19057383719925.38;15903709807527.023;18835624077810.074,false
189998,1664.4539306640634,587,513,254.618306344615,18539983035767.344;18716519817937.93;16780386959948.158;18114495539421.574,false
189999,1627.2792846679693,567,510,265.9341971216955,18669869571643.605;19355910239852.457;24551437536974.902;18695871128463.59,false
190000,1419.7719482421878,549,510,273.9699096841533,18416081854674.047;18841903048231.957;17728522475005.543;17982814900820.746,false
190001,1389.0254150390624,551,509,274.0469371560537,18533566180039.91;17341125727442.29;29095183626133.363;18010657078442.03,false
190002,1493.737731933594,559,514,270.13086829380177,18789673213907.46;18383236482656.465;23527413899345.668;19203743168407.527,false
190003,1464.8283325195312,562,511,267.89482915890216,18488970974724.414;17810476203063.324;18278432958563.047;18633527962793.613,false
190004,1039.9144775390628,550,516,1785.3064726881225,95790272789815.98;98659875335069.8;109713857511923.27;94282501761222.83,false
190005,1200.3292236328125,550,517,1802.4784618192589,101160272063840.36;106202163800925.38;120430474127944.6;101723375585434.16,false
190006,1812.5076049804688,610,521,1597.6274839733628,138984655984463.47;141094358906411.0;164842275478094.25;139125356185669.83,false
190007,1101.441162109375,549,513,1785.9950208542614,97613025445457.11;98503087030784.3;124228360442869.23;96051027758984.6,false
190008,1089.4832397460932,547,517,1794.6442167216087,98141158253592.16;101072531693993.34;117278866784542.98;96964119205874.7,false
190009,1068.4111328124995,549,512,1796.5720311410187,97260379977501.27;102082893214365.72;114707946065968.78;95917946884076.72,false
190010,1637.7475463867188,601,517,1609.1517013588757,128071208184015.67;132298786210231.83;156855426959781.62;128948507682045.62,false
190011,1690.330535888672,604,513,1627.5745147371947,133501769895584.3;133000681819261.16;166171912636227.88;134479800870386.1,false
190012,1750.6819946289083,617,514,1583.4538037071777,130387821325215.67;136553717556112.25;164404530254813.78;131406724898397.17,false
190014,1637.2170898437494,573,511,260.82815522457855,17690915573668.62;22807000646563.61;16222113906480.459;17688875773676.4,false
190015,1358.1379272460936,550,508,274.27859171135253,15365315003208.17;16151097689441.35;12219079913114.941;15501750991136.58,false
190016,,0,0,274.5458384198279,18040871826406.06;19304243841043.53;20733799051286.723;17985651999551.19,false
190017,,0,0,272.9160508003946,16741347743228.14;15593780337884.287;23446513137889.035;16707469451332.75,false
190018,,0,0,274.85208833151194,14094158087717.42;13136844812182.256;22853922234266.355;14014475040449.426,false
190032,1627.0871520996093,640,638,3819.193868541147,276682017648504.88;634890883139409.9;731491885848645.8;627821357458615.2,false
190034,1208.5452148437498,648,643,3603.7605195335336,261865507577434.34;463094518866469.75;532746912819809.4;455697725679292.1,false
190035,1118.9704711914062,643,641,3160.192536309913,254174488711370.94;491498803380765.1;572517350837183.0;485398585788652.06,false
190044,1564.752282714844,690,624,2996.6085611745943,251348020602272.06;296566949168476.2;368339986275276.5;299365033825878.56,false
190045,1864.0629272460938,689,591,3102.5106043696505,262474899848836.78;364207180468878.56;406447533987479.6;354267922690772.44,false
190046,1538.9094848632812,688,545,2797.2697796091193,253211311357642.47;364351680907870.56;399199008514298.2;358133575456833.4,false
190047,1204.8750854492187,689,390,1506.5884001946479,47460723933542.71;41927076275871.07;54430629064561.61;47516837167112.56,false
190048,1443.903723144531,688,551,2688.3654153585576,226291791019789.84;249893573640079.2;288006892649108.94;241465270902056.75,false
190049,1489.4700317382817,687,531,2630.143435471414,223530913314480.88;243495552782182.62;288203143887811.94;244278564232915.56,false
190050,1548.7226806640629,688,585,2964.5171180553566,241965965345313.2;314513238098356.75;372692828293580.44;311419062197624.44,false
190051,1461.2956237792969,688,576,2818.984582145412,225783985758940.66;277149683148922.0;327070071983072.25;268235971082976.06,false
190052,1548.7115051269534,686,532,3036.5794467383303,236788225121680.7;343336493170064.3;399084064419668.2;340433036702037.3,false
190053,1399.1481445312502,687,578,2733.869677856141,202891124899612.56;249658198452720.44;289923273041668.1;245468735169959.0,false
190054,2409.121337890625,701,456,3201.941322091578,256380038756470.2;610803912335981.8;693518908569341.2;603787710915895.6,false
190055,2320.1732666015632,701,459,3199.2590617593787,244086641799514.1;578007630320349.4;644673163130976.1;572174014601142.2,false
190056,2448.7230102539065,676,409,3315.2544062916795,247551184273324.97;597043924275126.5;679188986655108.5;590586144454724.2,false
190057,1473.5935546875,592,559,3614.4090133649725,271166368330148.53;356445138068802.4;397245557528682.44;341939793449248.4,false
190058,1617.7842285156253,508,455,3828.327214219304,294019522453906.2;412659728232885.7;474205281621071.9;399485019806596.4,false
190059,2378.4105224609375,666,417,3363.2253299673234,251948278032884.9;534704351366587.8;625869733475487.9;528148030471020.25,false
190060,2348.329736328125,637,379,3518.9546415143536,253736638202500.34;578059130304483.8;647561684603515.1;565272998997380.0,false
190061,2438.1566894531247,621,383,3296.537805553155,256161295031861.03;540232659306554.25;614237315712533.2;530970400824621.4,false
190062,2218.82333984375,508,382,3844.2847734480133,291207494538813.7;604351814380412.5;697630398802097.1;588792725983181.1,false
190064,2426.8733642578127,510,374,3837.233220364708,300330236942109.5;684492240846609.1;760190628104916.0;663024878076868.2,false
190065,1125.9078125,587,474,3491.878481751354,250701332206475.34;391061309808665.6;420120165619158.56;370575545166311.44,false
190066,2307.1158203125,591,404,3470.0463763020134,264539849082948.2;542652496392961.25;610543653180560.5;530493697902045.94,false
190067,,0,0,3473.660083051634,272861247943241.3;573819099179491.2;666062692476879.1;558163379235472.06,false
190068,,1,0,3483.1797564849585,278437616871180.4;450486071868013.9;515070607754427.0;439664123623750.06,false
190069,2059.053967285156,589,440,3475.330354108712,272565285967593.3;438730071585370.5;495681116924440.5;423712202748419.3,false
190070,2084.026928710937,589,506,3537.496436160707,274227341293620.8;469389060140721.8;531559032879481.6;454236675717437.25,false
190071,2014.1231994628909,590,471,3588.58795928099,272921897324843.56;466359177962242.4;531671715912840.9;448445794070206.1,false
190076,1051.2193237304691,640,630,3115.459271839319,258073632614654.0;436009199642332.25;508180759992948.8;433489077644862.7,false
190079,621.2485351562503,235,207,1813.4313087237208,131283684586193.53;255894912021524.5;277851967318699.94;251958801389243.16,false
190080,947.811392211914,640,627,3076.9800942582624,248110680318122.28;416895498800232.3;480625732981389.4;408647215632715.2,false
190082,1041.3365844726566,639,633,2995.519410186457,239091278189583.34;358973728365234.2;409821981933234.2;354121332738829.6,false
190083,1166.606610107422,640,632,3076.1413574380645,253523524253543.9;485075377811841.25;565807357378591.4;477280263093089.44,false
190084,1109.1827514648442,641,627,3067.19511016999,253481908336989.56;474648317309815.8;542509793926922.2;464313894107672.0,false
190085,950.7623657226566,640,628,3073.6013220735776,262362971426443.9;467884878950068.7;534408561214515.8;456590590230962.2,false
190086,824.3751129150392,638,636,2994.8501701361183,244831727926566.44;382991586081235.3;438067261313224.1;372738708666821.0,false
190087,1489.7876586914065,642,630,3062.2193160230113,262936737395618.66;537104746288695.56;622623173876109.6;527677393104098.6,false
190091,1497.251135253906,633,621,3095.7732989628294,263020497931307.88;485373499334162.25;552209417877807.9;474031926563439.44,false
190092,1527.383703613281,642,627,3274.8682785423603,258873349234017.9;517535231173686.0;609359595534015.4;514849407454775.9,false
190093,1093.8326660156251,641,625,3281.154487885076,259459409850803.84;489568949424218.56;543256253801889.94;476715696684895.5,false
190094,1315.8647216796874,648,635,4360.817688880571,255803586515712.06;703437311649608.6;799742933353193.9;684436346477070.2,false
190095,1900.6519042968748,648,633,4388.7380813017835,255261183902048.16;997118761214325.5;1134479878438141.2;986541309336938.8,false
190096,2019.4399047851566,644,633,4214.088433993901,256813382009435.88;864274548008318.8;987509846188941.5;853636690745655.2,false
190097,975.1373046875004,641,631,3407.113772414308,242888696900760.4;588580915523771.0;663355658730915.6;578718527793412.0,false
190098,958.5042602539064,643,627,3539.960777770346,259518545182499.0;486721579414035.75;559943525978848.56;473122001798442.8,false
190099,,0,0,3545.870545123941,258436476864745.75;444976889586009.5;517823259143739.8;435532698827054.56,false
190100,1060.4807006835938,644,630,3529.01271670208,262353269088032.47;484112664275445.75;559500140574100.56;469693975473569.6,false
190101,964.2723999023438,643,628,3540.193644666429,258068135268764.22;507542933111907.9;576552226055147.9;501606241387918.25,false
190102,791.4170898437503,641,634,3551.668756922976,257251575069434.34;429774836177498.56;484439931921241.7;416452651673562.25,false
190103,802.745367431641,640,628,3556.160498738617,258964533636179.53;427205959806510.3;495455305643650.94;412227744479649.7,false
190104,794.0777709960939,641,629,3545.777685379149,257852702411356.66;401599308340159.5;463749352095384.75;385297002719061.25,false
190127,1421.95654296875,555,521,271.85537486293816,18723093841368.125;12312977437956.586;31956765030220.65;17221720878625.385,false
190128,1551.980712890625,575,514,260.631835672348,19044330167384.715;18833076303184.465;36912560834532.57;19503852767233.75,false
190129,1561.904174804688,579,508,221.4015550439316,14424915765394.416;21719791707992.19;23783310561280.12;14411810002340.85,false
190130,1620.2008666992185,563,511,268.72476586793414,19847797902888.453;23933469933159.473;401821694433.25085;19040384393934.793,false
190131,1605.2907531738288,548,515,277.5210826556051,18995225368625.09;16852106475210.156;15139751175993.586;18751477748118.83,false
190132,1601.6781738281256,552,511,275.1791771943228,18952087303230.953;16194590387651.623;46825964053398.24;18610843489923.984,false
190133,1453.604919433594,565,512,268.3110269557569,18984433452530.11;24252400873852.625;24358085660895.684;18801574313398.2,false
190156,1352.9355590820314,508,415,2565.469464293412,148638227275526.7;163594249646775.12;199816185104572.28;149912733022988.8,false
190158,2237.2909545898438,591,463,3478.1989000280314,267648043634741.47;519617513972743.06;592945986690087.8;501967503928597.06,false
190159,2396.5761962890624,629,423,3280.9506743152183,258767245340394.66;581900344944571.8;664926705347247.6;562369599418965.1,false
190160,2519.5848388671875,652,382,3162.8378823716516,248881836025909.28;541917533116952.44;598340060154806.9;524143816439477.7,false
190161,2565.7884033203127,656,444,3146.4195388806543,246628088870941.88;542258660495872.4;642209211228620.6;529770775984815.56,false
190162,2413.397375488282,592,474,3482.7665045702215,272182101418802.7;601484580018679.2;675648735575017.1;579363742918640.5,false
190163,2574.4315673828123,534,355,3813.6767467299655,295182738643710.44;659751549402208.5;750249738955342.4;632415121620391.5,false
190164,2380.576904296875,523,404,3893.649113008999,295118925909786.9;680569027418527.8;763394076921674.9;652750753927322.8,false
190165,2188.5596557617196,397,314,4152.122380310603,273089014555783.97;639072765502244.4;728692128231940.4;613036626301212.9,false
190166,1654.3572998046877,317,277,3514.792834156191,267469318099396.16;462103926407388.06;527135295626419.06;448995100751740.06,false
190167,2770.4522705078125,623,324,3495.643206281424,256141658119978.9;576475790400043.4;641918902277310.4;560786465842629.56,false
190168,2719.160852050781,634,323,3437.805141725621,250609590492673.6;560347379395367.5;642097876756254.4;542175189352663.4,false
190169,2447.200439453125,451,283,4057.2156169515606,285653990785755.25;677692534944062.9;788774986267807.9;651921497167381.5,false
190170,2479.2878784179693,590,331,3670.28921091512,276278000617112.53;622745611551328.4;721214927961487.6;603239398226921.6,false
190171,2676.0983764648445,590,386,3618.29139937498,262736067351369.78;630516374591876.1;712187915527430.2;607578096736335.0,false
190172,1686.6696044921875,377,300,3264.0565763542077,239050596713032.28;343399194625537.7;394223024132852.7;330493297919215.25,false
190174,2632.7803344726562,492,292,4205.382145089919,302784476524232.6;761712747280425.1;846720022806453.9;735166990448836.0,false
190176,,0,0,3647.2500667034137,271868078608541.94;636437327723325.8;706440100207841.0;613325038352640.5,false
190177,2447.750634765625,560,435,3654.7347585639686,275208423235857.75;599049000376598.6;683373686761508.5;585133919233114.2,false
190178,2475.334228515625,589,328,3509.4765037703696,265136107757265.0;648379801892221.0;733592827838296.1;625262179413090.9,false
190179,1714.298413085938,348,347,3637.9392557140072,271740721604973.75;359900958560660.56;406046154886525.3;344429618719003.44,false
190180,2472.216992187501,475,475,4160.808542745871,309410070804750.06;776262190455864.8;890447276577924.2;752987188993473.9,false
190181,2308.5385070800785,502,499,4113.366187092104,299656038889363.8;666559957940279.8;734549264811298.6;637593091070423.5,false
190182,2375.850830078126,561,543,3697.967150406309,280535049674977.84;670732654915295.2;749113059621475.1;644853045393429.8,false
190183,2249.8891723632814,560,541,3688.6812570568813,272817085486394.03;652509472952148.9;746713067875084.0;630938613229598.0,false
190184,2355.46630859375,567,546,3647.9686224706265,275504237878240.25;680690091183543.1;760272049016762.8;650736959208354.4,false
190185,2197.087524414063,468,464,4132.637735483054,302044072030142.9;631909369379485.5;717331300799544.6;609695259138347.5,false
190201,1121.4004394531253,437,436,497.23206899829455,17729502915013.68;13022082555518.95;4768443373188.765;17868535967035.78,false
190203,1178.6629150390627,523,523,498.32955792120407,18729626372240.96;21311907068247.13;16245652256568.426;18288098178752.01,false
190204,1031.7444213867186,681,615,418.94534014311546,15677289011646.11;19875126481697.41;9489496189265.717;14822432300245.807,false
190205,853.2033691406252,242,241,343.9512156066396,10752776231031.875;6619908886337.238;28448381479820.777;11273786059080.736,false
190206,1211.3627563476564,511,511,528.1155261434237,19353406956099.305;20567834468693.41;48097273041731.62;18855796773010.836,false
190207,1008.237335205079,457,457,283.5749885177938,9389195167123.693;4415375024441.8955;32889829267699.227;9309156970503.164,false
190208,989.2913299560549,460,459,333.5494566697891,12915259405722.943;9377536040593.99;5680364596566.745;13578853297920.605,false
190209,1230.2640625,513,513,625.9052393762544,24486108453627.613;26016423730581.734;40930803133367.516;23516235095521.066,false
190210,1137.2300048828124,599,580,722.5431649959789,36200511891713.43;37993166745260.98;34612597334619.176;35407569547847.79,false
190211,1347.149658203125,596,587,1009.4888536459754,87435013045413.64;87286456913752.55;112944930445574.98;85251259617861.52,false
190212,1142.272119140625,594,582,725.8165756940363,37662400822784.71;36265536806282.63;60739875651848.52;37117425319460.53,false
190213,1163.7081665039063,596,578,727.1869990200101,36615557466088.25;40586141585690.16;58745829399716.93;36368251755348.664,false
190214,1238.5053466796876,516,516,776.8103696735234,33563262533901.047;36400110700748.414;30038636646909.66;32375106530788.277,false
190215,1121.0484375,473,473,783.3893337544953,25978522489879.35;26380617224772.38;31658686063714.664;26586450169199.746,false
190216,1171.23720703125,497,496,757.0087316824123,26171136820308.188;25891747586896.066;36122058744111.61;26155299833767.703,false
190217,1143.1953369140626,507,506,775.8502375016603,29949071309605.586;30139678959032.332;31530883110296.426;29967451411566.004,false
190218,1137.486016845703,492,491,802.2892808210091,27381967054464.562;28317538622329.918;32922168570399.035;26799218606031.754,false
190219,1091.494177246094,488,487,800.4063606158827,26631794635926.477;28449163947322.34;38872735008998.98;26514318813177.2,false
190220,1119.276708984375,501,500,816.1113714647697,27971609267876.09;29260518656025.258;42749815236827.734;27693120075624.758,false
190221,1098.1240173339847,485,484,803.9295014875587,27621533998568.773;30196158388724.574;31248744876850.996;27268895371844.844,false
190222,1048.413739013672,594,573,672.2872493302019,23159813684046.71;22924353041478.19;22142542934506.344;23669911122440.582,false
190223,1169.7792236328125,597,575,658.040294057082,32110379697858.734;34363532445431.152;38037688692965.016;31947526719185.133,false
190224,1175.2594848632816,597,576,727.7378051611631,37189052609865.92;32876999475174.42;48015135260189.69;35951381090628.49,false
190225,1180.9889526367188,598,573,732.8819792124654,37787702460123.49;36823748636340.09;55469434357081.67;37763034898405.02,false
190226,620.8419433593749,592,576,438.7689666601141,19590359871296.227;17241049514199.318;7084173959914.61;19128183183466.383,false
190228,1264.3143310546875,615,588,1711.4767105617752,158003065595222.62;203551657903689.3;232196142270489.62;185949708109855.44,false
190252,707.4964599609375,233,232,2189.366909674325,116677327002611.56;122023025557883.56;127716343206108.95;111261245866999.97,false
190253,547.3560211181639,177,171,2597.099523188278,136656840304332.25;142271087686319.22;151426655134808.84;129954831805147.31,false
190254,1562.4485961914065,510,510,2985.5853371347366,203656995692600.72;216841805928901.84;237029629511719.66;197040184862589.3,false
190255,1329.7708923339846,412,411,2676.7776808071562,142343552576460.16;142612880427142.03;153368283674873.2;136176237900591.3,false
190256,1557.9445434570312,490,490,2865.4108655357322,177200600043406.03;172587806636778.78;183151279011561.28;167884602544770.0,false
190257,1696.7367126464844,498,498,3005.044278040388,208780591367278.5;240677800567758.25;292821225877021.2;230498008812238.75,false
190258,1360.0755676269532,486,481,2947.3842633820736,146379677420934.16;153660157004239.06;155379252595160.72;139805898911896.0,false
190259,1390.9018920898438,476,475,3027.1787192593283,164118363684675.84;173868226707453.38;185834466393634.28;158059349576266.94,false
190260,1616.7993164062502,321,321,2791.1744402245968,194183290644020.97;223750144848512.38;253315384305177.88;217803097103388.4,false
190261,1657.2175415039062,389,389,3098.4804306704,208480345664950.4;239995882402340.7;290469317493842.8;230987408941172.53,false
190262,1643.5943481445315,338,338,2902.0715854887776,203202755960197.25;242527709803954.88;261210683515374.0;229555127139544.62,false
190263,1351.9259338378906,216,216,2336.117535050775,149996336189155.22;292729610046566.25;311466584921998.06;283653938988979.7,false
190264,1561.985229492188,249,247,2444.9815019129655,173442042066499.94;299495626050485.5;351738308803708.5;283525577341859.06,false
190265,1592.54697265625,251,251,2460.665150795622,175682475937832.34;313382367529448.0;369526006952640.2;300874221560968.1,false
190266,1800.2410766601565,336,336,2877.4298987372945,213562770762837.75;282074693442289.06;327814191710769.94;263130739520361.03,false
190267,1265.2106445312502,267,266,2589.909674499138,184059459016949.47;285226762589202.3;327635449847891.94;272675872351694.8,false
190268,1422.1687500000003,268,267,2627.0355819908095,184723622023823.34;314962942579717.4;324974166950089.1;298446867566719.06,false
190270,1824.6648559570312,316,315,2827.473796514893,200217289467113.6;274172867240971.5;300199026610800.56;257166372883597.2,false
190271,2016.5522277832033,522,522,3436.1904864220674,261276132828598.78;308221658059777.2;343719559591176.75;284151164790556.3,false
190272,2087.163232421875,575,574,3441.130607202548,265979530524681.72;299925740237516.75;352854901505530.5;281215485475221.28,false
190273,1920.9889343261718,434,434,3268.2468570601422,242329947063208.88;282191087278530.06;329953409400909.4;262503561665864.75,false
190291,1629.0434936523438,540,501,2620.731865997952,183921091061763.12;199048882848249.4;256044784955712.7;185919584629802.1,false
190297,908.5311096191409,260,259,1500.6709957410194,101845664599767.66;118984188595913.4;155673241713495.5;114755794182034.58,false
190298,1883.0123168945315,664,663,3535.856663119205,253694360067590.38;295535437703622.6;345383572262963.6;268520026160825.4,false
190299,1554.8679931640625,541,540,3532.1676342258793,197881913835400.44;232330491158762.88;244770287704770.6;214600761258559.66,false
190300,1934.72890625,331,330,3059.3677290916653,212673162840415.4;271690977227968.75;307264633093977.8;252320679021103.8,false
190301,2265.881103515625,570,569,3582.2927880801512,278174060880644.8;344664078592146.7;379127006331511.1;318597039339720.56,false
190302,879.6619628906255,262,261,1051.0614162806776,57157214879545.2;57424771484047.98;81482229095153.61;56288233092043.77,false
190303,1110.3992797851565,276,275,2685.9009537552593,187438515731638.4;277669876726595.1;311302700213567.9;256676551697859.25,false
190304,955.4768798828127,272,271,2748.222400578625,183271007979278.6;271585649297379.66;324150126363611.8;255017653050015.6,false
190305,2281.4265991210937,576,575,3568.979820123697,245454569271083.94;289090928449438.2;303555558945170.56;264842465517925.9,false
190306,736.1076904296874,229,228,2362.9543447026554,156078358934910.66;249420483492240.25;277412527692679.22;238064667167327.53,false
190307,2350.7315673828134,468,467,3391.521286981001,256006609041668.2;319905702303041.06;346324074354951.75;289829833614692.25,false
190324,1476.2637695312508,470,469,3323.1534468330947,191221220042543.06;232898502745232.47;265273773671122.78;214813057088238.4,false
190325,1853.1637023925787,336,336,3243.0678692277,215641265790577.16;283807555376393.4;318165276963548.1;273397564914588.03,false
190326,2078.1531250000016,514,512,3753.8971335823867,260604996858064.72;311850336791412.3;347265056032400.8;296534471122575.44,false
190327,2139.473181152344,598,597,3637.0868286068608,264715746027800.4;340785998758395.6;387277851207884.06;307617149173549.94,false
190328,1706.6438232421874,311,310,2686.8255222022476,207926752985105.47;295588713427166.56;344987159693010.1;270015441940227.03,false
190329,1187.7492797851564,280,277,2661.303082815317,189970201166343.2;282075710826363.25;323065272185948.5;256542577615633.1,false
190330,1937.2043823242193,355,355,3038.507862362694,227038493934057.7;312065639623715.94;333625918765818.2;279920164777467.66,false
190331,1041.2086669921873,380,334,2236.2534108424607,163153610537942.7;209262077936727.62;260218317090089.4;198350778774590.0,false
190332,1684.4422424316408,344,343,2997.7061136568936,215909206581637.16;291748545538647.4;322025389454032.7;262477590991192.2,false
190333,1758.2017333984377,409,363,2393.639898136238,190695051383791.53;253816274097071.06;283837773497087.4;235010384311089.44,false
190334,2321.1941894531255,333,330,3004.0604341198773,220962134592037.84;386843170211490.25;418942623851845.94;360283003513819.9,false
190335,2390.0562011718753,297,296,2904.796966838334,203055855112972.97;401339019624943.0;464070998868736.8;372034649001108.8,false
190336,770.6323181152347,254,253,2305.2421102704698,164037072484015.0;229847196982390.56;265608795262894.38;216993436755724.97,false
190337,1977.3823242187507,563,325,3098.271322638164,230028471776706.53;257147487439821.75;287954462246452.1;240014961492392.75,false
190364,945.0163665771483,380,380,2191.817899778675,88138360277514.08;90420980985887.52;106767654307621.73;82808055582479.45,false
190366,1699.4179809570314,754,753,3640.96264148215,244996027777358.78;277064593119124.06;310651242369030.25;248664103246152.97,false
190367,1836.7815673828125,836,778,3399.172429830031,232471699260677.94;279330587208577.66;332583401169222.75;255988705268203.84,false
190368,1280.683007812501,645,645,1690.8574584855714,98317764253007.1;95379634016530.75;152958552028068.88;91847746445022.12,false
190369,1039.815673828125,455,455,1905.8694483559336,81889529907684.44;85931037114853.48;94078445583491.77;76999006157073.31,false
190370,1222.6808837890635,599,599,2136.718338098102,111944186472296.0;114325886158001.2;127439218649727.64;103850004183133.88,false
190371,1269.2127685546875,622,621,2500.327633747632,129372178017423.78;135985311844589.08;151654385768459.97;119403268740836.95,false
190375,1019.0806518554689,418,418,2314.903922126522,120339482203653.83;123958132008659.94;141722923069750.5;112094631953077.94,false
190377,1296.8197631835947,494,494,2856.727702611936,161924151849061.47;174311062944598.12;159752069730738.8;153958461235148.12,false
190378,1464.138537597656,755,754,3759.8223761769405,221178251406764.06;233255331348549.8;240968015656269.94;209677004024396.06,false
190379,872.3102630615235,270,269,1973.6570966981817,113028085502566.28;156695121915469.5;202918449334957.12;148913711195491.94,false
190380,1930.2851562500005,657,656,4307.023669777356,263119861510925.47;382924014937087.25;461448133764235.7;356840394310675.25,false
190381,1469.0355712890623,506,504,2815.007375894103,167530680948868.25;173613445436172.62;195824472643688.72;157214861915294.06,false
190382,1559.2348266601564,679,582,3035.6949447299667,200070933838689.4;216517780222300.78;232467828214264.1;195698269713502.34,false
190383,1641.885986328125,695,695,3702.900595306644,217867829470532.2;241310510821575.97;239770764093846.8;214936298101118.16,false
190384,1403.2561645507812,665,660,3636.4225465780296,205440209877077.7;213211554104490.16;229180410700050.9;192543680422862.53,false
190385,1015.4064392089842,498,497,2347.897869836762,96499859249456.11;99359332134535.78;115974717419547.73;91481393303058.28,false
190386,1347.947869873047,496,463,1966.9660590935807,115198321457140.69;121685062892815.81;113640384134840.11;108617191586554.7,false
190387,1278.0402221679688,561,529,2502.8823942909453,146870678698475.44;147936826771658.1;190894448889109.38;136590638839984.95,false
190388,1367.6086853027343,544,515,2164.8733227594457,149616115369343.34;143244944352649.25;211130943934463.2;138692310075145.4,false
190389,1854.703857421875,835,789,3698.4974153948856,253208287596879.03;362883105857718.5;386156813604643.06;328103191337779.56,false
190390,1818.8864990234374,761,760,3986.9468398164536,270058532931187.06;363949117315454.4;411534822173105.3;334143559410266.2,false
190405,793.2375183105469,564,560,3206.4677941186433,213187639291539.97;262937088250133.84;301105902960899.5;244851999452616.9,false
190406,831.0216186523443,639,625,1729.360728368836,173995954156028.0;178098137036906.4;192695357976242.25;163283401999028.47,false
190407,582.2322082519535,637,629,1659.7280125220877,123507263648664.34;124362374333307.98;128638233780486.03;115290757199531.34,false
190408,697.8516052246096,639,625,1652.6401869321228,141595276935037.53;142134368720300.44;158888851657828.34;131415176724953.25,false
190409,805.4527099609377,625,619,1864.8655696232693,172683310671881.3;173033963945100.1;192373218888791.84;159911555377214.44,false
190410,825.3540100097656,637,625,1854.3356447089816,187968665424288.22;188074465355174.25;222387702690042.22;174076520874442.28,false
190411,712.0857299804688,639,625,1652.9929919707422,145165754726375.75;146767156892863.1;168704791356419.22;135132407674635.08,false
190412,731.9512756347656,636,624,1655.9572467913226,142691628698522.38;142840951813919.75;165697003933710.88;132696079943821.0,false
190413,577.7762817382813,635,629,1641.0865329784851,120466877528639.52;120615470752678.0;143393568049780.38;113112656377089.11,false
190414,693.4732543945314,561,561,3709.0993357032926,208233429895574.22;371319572130067.44;420224705858851.5;346696311854063.9,false
190415,710.0920471191407,489,489,3929.244305460468,232215948330808.72;341388668908109.06;379027436260829.75;318616172875530.1,false
190416,760.5232971191408,637,628,4087.0044937779885,214955764840519.7;524817778964789.7;583924188414915.8;487621615819901.7,false
190417,740.4902099609376,571,569,4989.094117978041,250141277041248.94;441924153023647.94;500373664314688.6;413831343010027.44,false
190419,706.1878967285159,637,625,1601.981407932417,133523031577735.55;133779507136125.98;162401932499369.5;124118188367586.12,false
190420,638.2811126708987,636,624,1605.883978189746,130980312535328.28;132939069920927.42;151569787424681.12;122112254227972.3,false
190421,731.1202728271485,562,561,5069.543926045622,253340596073692.78;524179394651313.75;584694408211806.4;489551182228633.06,false
190422,750.9713378906251,643,625,1588.8010400698665,143386425920842.6;145348635925603.03;169542662556252.8;133313377441754.08,false
190423,799.331024169922,631,619,1620.4011123798111,145915581188964.66;148523378110565.9;168671137293568.03;135237241306196.36,false
190424,720.0337707519533,640,626,1594.2130067692192,134454878039378.97;136660150474704.17;155862515726269.53;125522203065927.3,false
190425,715.4709472656253,639,625,1595.3698150147989,133261504360574.25;135656771312511.38;159235588801583.34;124032662489933.95,false
190426,667.6341369628907,637,625,1605.957141385181,127108269940647.27;129290147953922.33;143992891918122.62;118543609137921.28,false
190427,674.8680419921875,627,615,1646.2107609736283,131636474359226.53;136070900326952.25;151251518734009.4;123121707392534.19,false
190428,,0,0,4562.604493600444,232561911300068.56;382838377886802.5;427783194842304.6;355757626159244.9,false
190429,766.7480895996093,625,619,4603.692136077413,234429201431726.4;394414425199453.2;434509077206144.9;366094750926675.2,false
190430,769.6933715820312,641,626,1600.6013726578362,144529359052731.8;147085396631462.4;168278061492111.03;134512599293298.56,false
190431,686.4424530029298,640,625,1607.1208301245822,133165504337787.88;136584820823694.11;160468235949449.88;123807854564033.36,false
190437,873.1309143066408,640,625,1519.0341017013884,153218204409555.6;154830176871192.1;176185678561668.53;142344182469723.03,false
190438,1021.2698181152346,638,630,1559.1879257844034,195409804531430.28;195204786929260.8;221729919858504.44;179994288293746.72,false
190439,705.9046020507812,625,615,1270.3153817170707,110437279214809.12;113573590615683.69;131046609883201.39;103381653762352.19,false
190440,615.9760101318361,640,625,952.5517248990949,74543290894262.47;74461588950836.7;85655703301681.77;69633544071419.95,false
190441,704.4439086914059,637,624,956.6245777069017,81525433080679.34;80922075689368.61;95650313161255.36;77304106733860.58,false
190442,618.1356231689458,638,628,749.1155062597359,64289811565536.0;66127190790717.38;73263551276504.69;60362878470837.266,false
190443,640.8404602050783,639,624,783.2158705645219,70451127363346.06;73368324972088.53;77196548006361.03;65840841417520.28,false
190444,645.0140472412113,638,629,782.9313536391539,71136690289596.39;72905108867286.81;76113799621813.14;65636555593342.65,false
190445,577.9056213378908,310,309,644.2955404904305,47504740865076.2;48336176211310.85;63606029731802.35;44949337773553.24,false
190446,1291.3723327636721,628,619,4560.86109605526,242556138087659.9;653793195171954.9;718804943844400.9;613791633586458.1,false
190447,1184.4049804687502,638,627,4504.010815169092,234600781534705.8;607066609462095.2;661346267198637.5;567582102449693.2,false
190448,1101.1012878417969,494,493,5133.354697620677,270270347051124.94;749203431979869.0;826371445489208.2;701918666248064.0,false
190449,962.0931701660157,485,485,5058.596104917811,265460540763564.38;622288717366083.6;689987382672238.4;579885785076202.2,false
190450,1236.235772705078,616,610,4327.0153687820975,238120354600970.94;568755060475936.9;621612472983615.9;530946354328055.44,false
190451,1216.653125,633,628,4286.12699730562,233620231293785.75;551886902257768.7;608906977820985.8;515274544932871.44,false
190452,1251.7575195312502,631,630,4223.113875006103,232135688928343.3;570995862825336.2;632918753544544.4;532512542630191.44,false
190453,681.9359130859375,641,623,777.848837539628,66757003468188.85;68330337138266.57;75315847484728.81;62196443714276.51,false
190454,652.0521240234385,641,625,778.7071904147435,67011349903918.3;65780437786798.15;86611084983736.9;62993958724938.055,false
190455,694.6044769287112,642,622,827.6059296030048,77713904740903.5;79808133414277.72;82299654364186.72;72041868052136.67,false
190456,580.3783569335938,639,623,765.5953125453426,61089497586537.64;61731193505989.57;72702415276883.52;57588338697448.38,false
190457,592.1444702148438,639,625,764.3562351186644,60804520416530.51;63816508473212.18;68984583760709.87;56959747709487.57,false
190459,551.1069946289062,639,625,765.7225179307726,57922675928921.016;61127485430751.67;64781389039324.21;53535080693427.32,false
190461,548.8914550781253,639,625,765.0440895341853,57996250124669.93;60232926248991.97;57839552369080.164;53615927308457.97,false
190480,1652.9784301757813,630,620,4356.900917676805,235887551054500.47;892221229705704.1;967255298669014.4;852437545667134.8,false
190481,520.066621398926,702,684,743.6088206651661,53644924883815.41;52143578799935.94;62218352987230.48;50892650434055.586,false
190482,528.7523071289064,627,620,780.5868187916209,55166484386534.61;56446643768507.88;56675107592599.11;53386326278493.18,false
190483,645.7552856445312,641,627,763.5897791997236,63075288991630.41;64226612801245.79;70720085756319.22;61024301012969.14,false
190484,658.8865692138675,630,620,827.4995456103313,72401916532555.92;76404882586656.42;70170822504487.13;69955445508082.07,false
190485,571.5076812744142,626,618,777.7071118195905,60439624159245.555;60695829577444.016;55239589757260.27;58945180573450.25,false
190486,543.7307586669921,639,627,765.6280865020761,57117634878884.73;54559443485971.42;68545929444173.64;55404395032933.375,false
190487,753.7511627197266,646,631,1586.5501763419034,138802518872399.7;139231359508685.7;145520249374093.94;133679478168163.94,false
190488,1203.3391357421879,680,653,4352.557656607723,216109307091055.12;598065533293706.8;653451683436613.8;581462882423839.2,false
190489,987.585858154297,652,633,4556.171647883,224812655018870.84;541901466401363.44;597501089396696.5;526527536701510.0,false
190491,608.9579956054689,639,631,1580.9307367784259,107804693467264.42;109528988990167.45;121156952822889.23;104970109343980.31,false
190492,604.441735839844,627,625,1609.7260040880603,111287933639626.88;111896005809811.1;126964679764395.06;108820570349699.75,false
190506,3486.3611083984374,559,525,4423.343045849516,273585445067903.3;646900943629400.8;791149212910207.4;636207611600126.9,false
190507,3774.0396484375005,558,526,5309.3635368881905,283038346193888.3;1035777948808256.0;1154857149291979.8;1015015921451096.0,false
190508,2242.362768554688,557,522,3807.0961357726433,194455726150065.56;188729205665056.72;257720069939928.28;190437264729229.66,false
190509,2230.556066894531,554,524,5206.162857836406,250554962617803.03;273391972834607.38;328297089627806.75;275455243267463.72,false
190510,2020.3956298828125,555,525,5573.752268347645,239855971121796.72;309026886267423.06;302576490761700.5;297424043653995.44,false
190511,2964.109533691406,380,377,5564.010845827517,256733283509994.1;456751210619662.6;510822880251346.0;445456279934238.0,false
190512,3143.0341796875,557,525,5439.629604742048,274402346718748.06;597409221981360.8;654529676985597.4;583637017085907.9,false
190513,1725.6359497070314,557,529,5582.791816423428,219746950167411.56;314184364606699.2;343660845851239.44;309364032033258.44,false
190514,2584.454833984375,557,528,3683.548739935072,265301131101705.5;328910372306103.56;356602115368549.5;319400763964254.2,false
190515,2566.048339843751,613,595,4192.12485935966,270783193073180.38;350960019552150.9;368829945603743.3;335768229564859.56,false
190516,2285.6916748046874,613,593,5098.724328282851,246639031329997.75;351545851932196.2;447057081963778.9;351228957076771.2,false
190517,2221.191076660157,612,594,4611.625119405483,256922184290891.1;322638929527063.94;375064667357366.75;318469649197112.2,false
190518,1950.4843994140629,576,574,4670.193016276845,275766267156896.47;370044256093329.4;447054304332850.0;366042124543897.7,false
190519,2521.0944458007825,336,334,4564.183509071596,263195572682332.66;418839439516242.06;484767327739402.4;419107820010633.7,false
190521,2762.4432617187504,625,614,4536.9756906275725,265504381642294.25;573708465253850.9;682320008123388.5;565230108029672.0,false
190522,2128.840625,548,547,5134.006976852185,272162147437377.9;378463722675146.6;436740924543334.5;372861594841851.25,false
190523,2442.89111328125,521,520,4523.818534738106,263569566273202.3;374463237887571.5;409365558147952.9;358436999325583.25,false
190524,,0,0,5473.458792616332,175296831325080.03;168601789913012.72;227906385462907.03;170882678055497.0,false
190525,,0,0,4761.337459716568,146179353560380.4;153408346966174.2;179957724500108.38;154177830706705.0,false
190526,2131.815966796875,608,582,4810.659840649869,224138294334347.2;260064511105761.56;276436996379192.7;255947293781000.03,false
190527,1116.4620361328125,603,569,4815.898763524525,107259942451466.3;103351731244167.28;161904621822293.72;107346679636053.3,false
190528,1695.9189208984376,607,569,3409.338623511194,140683136339587.77;152621995822055.84;169005153682284.28;149107369129042.66,false
190529,1818.8565185546872,603,569,3889.7043889693055,187625339946261.47;199618897090691.97;220732751204361.4;193158154191677.22,false
190530,1925.1340942382812,608,575,3841.409035374005,139792725596231.47;135919002812450.5;176808493505669.4;136859666123187.55,false
190531,1970.3765258789062,543,541,4249.665382096712,183775841239635.4;221627982662183.44;287749990351217.0;217286559943091.2,false
190532,2017.82470703125,541,540,3562.289688191555,163520493745132.62;156977785433791.88;225755506268409.6;160545881873672.06,false
190533,2090.5260253906254,493,493,3559.776257330749,150010589656362.1;155177881236448.47;147573774124880.0;147463708242338.0,false
190534,2154.329614257813,502,501,3569.440013173172,147962106083753.3;146239276941671.72;178701972468139.34;145657496111120.44,false
190535,,0,0,3621.290393312775,170788638891286.78;180155756302225.1;192204102312659.78;170722342346938.72,false
190583,1212.0057250976563,694,693,,44194688550143.07;16232908150838.494;8421911695252.406;23748221272345.035,false
190584,1120.334594726562,651,651,,9316934953503.938;6567549836357.869;11137702967000.885;5478172900247.043,false
190585,1149.623779296875,639,638,,22608675547145.402;11010039359059.348;29530962718378.367;12954783934942.928,false
190586,848.9752014160157,731,730,,27018741793721.566;12426814241784.955;10254487301124.61;15858443156112.213,false
190587,1300.962890625,719,718,,49200606889562.36;18723942559426.492;7003885691651.964;31161759031944.305,false
190588,1294.147204589844,714,713,,96362439524442.0;36311572077594.86;19679861923541.688;62009840029248.195,false
190589,1029.203088378907,721,720,,40358804120416.09;20198363721809.117;14710513632507.639;28932089013628.18,false
190590,1242.1223144531268,790,789,,22811056274284.02;13881172696009.836;16384478664036.053;13670910412951.008,false
190591,910.5413818359388,753,752,,21694079338236.91;13370244526390.746;11248405518443.664;12870340057527.852,false
190592,1252.6247314453124,773,773,,29316891020011.277;7248898355838.542;7944739927245.812;13965087395606.434,false
190593,759.29467163086,732,731,,13927375348529.262;7500468382093.915;9662160758695.25;6865081544747.173,false
190594,1224.5109741210943,796,794,,4632037338196.112;7101564232306.745;-952902916266.0385;4276789170734.3525,false
190595,1226.7709228515625,569,569,,25534114546364.05;13830618336745.678;1536873662166.178;15381574929649.93,false
190596,1222.459295654297,806,804,,65239263599624.055;32297501821514.81;40079024766980.11;35446937256212.93,false
190597,895.9393737792982,774,773,,23353537692896.883;14101110584119.803;16975677320060.89;13741882810037.14,false
190598,1159.29296875,860,860,,23618083343907.586;14913829491245.9;18580606101163.848;15618916731594.04,false
190599,883.0249877929689,888,886,,32126251272231.242;20018823581665.76;20162797211569.125;19469961508126.14,false
190600,1222.3432678222657,798,798,,2817739509041.7036;3452576049523.7935;1579544854318.804;2863921507967.09,false
190601,949.9054901123047,872,872,,32373982807282.734;24260333288779.91;6820097181218.725;20092218182992.023,false
190602,1263.112841796875,839,838,,9202278963679.604;6619747898120.581;-998117630026.3145;6116941510587.768,false
190603,895.0804016113285,796,795,,43473422807002.95;28095770066132.137;26431009336233.164;28072112468902.688,false
190604,1226.22430419922,901,901,,20617210867677.99;11507796391452.785;10913747510373.078;12845126773868.293,false
190605,908.7901367187502,815,814,,36504758285190.38;20796430614176.363;28136666958167.527;23307240109965.133,false
190606,1318.8092285156254,901,901,,15392755797921.975;9551825168290.129;6205465474610.157;8601164932938.055,false
190624,1293.0173095703126,596,575,2899.11137279758,87378420429239.72;87074121211928.25;110125647711069.28;85791281359217.0,false
190625,2082.7790283203126,582,577,3114.067647814035,235068613072826.75;250261463506634.12;315329941005945.2;251401197697933.12,false
190626,1808.843408203125,594,578,3059.5139652889166,127129903065333.3;124787209580332.5;129040726727784.64;125179175803350.83,false
190627,1900.6067382812498,588,576,3102.387604937341,99338205504581.03;97980735547114.45;123699392608674.83;98981193426995.2,false
190628,2298.984130859375,577,573,3197.1982795211607,258750613529027.72;308252479947792.9;333683876062962.25;304892531417660.06,false
190629,1977.6104370117191,601,577,2984.900586205167,115227041194303.31;110068349448993.03;141718507529696.56;114174267544742.23,false
190630,2116.840087890625,613,573,3143.125822678939,148106841434228.44;150838751981025.03;180196630370837.25;154695289411559.9,false
190631,2172.519274902344,612,572,3077.6383719762684,139554970526194.08;134913700434320.72;157970448877845.44;141049800616170.56,false
190632,2149.6357666015624,611,567,2189.262727244591,107095853173090.5;92088048245446.81;101480522631150.02;102635270677941.9,false
190633,2245.857446289063,614,573,2974.8535920072873,147620672492409.47;143094082038225.2;182720282604473.22;147852126971782.16,false
190634,2288.11201171875,611,573,2990.126164935253,123667303347729.9;123977799507292.25;119430757280535.95;125459239935468.58,false
190635,2034.501220703125,603,573,3037.083026869352,123174640511267.28;121654474140936.84;146574860420988.3;123521353654421.11,false
190636,2145.4949462890627,614,573,2975.49245094069,124390699448190.9;129267604895460.1;156157554612267.7;124079556752452.16,false
190637,2528.206005859375,614,579,2922.5292510863383,156557878295446.84;151171128612889.34;188941383425327.44;156105477298699.1,false
190639,2535.1058837890623,608,574,2942.135876278941,147070110948019.84;149139100446207.8;157300582048556.0;148305307068017.94,false
190640,1944.186657714844,612,574,2926.014966887134,117930113274640.36;116856011978828.62;128841286993806.47;117342523541062.98,false
190641,2008.0784973144534,604,572,2965.6960201365378,136549828147050.69;137408345254143.08;149059510175632.12;138016747874453.73,false
190642,2085.6489440917976,610,573,2932.75043271597,131020216079475.67;127836459117740.69;156622096487091.06;130832503474155.16,false
190643,2346.2042236328125,533,531,3397.0781706681287,181522725719042.4;183101822188390.2;221175775429127.12;183573712284446.16,false
190644,2145.877783203125,614,572,2920.9046599839307,120398756281367.92;117133743175476.95;164543228593423.03;121163963141654.19,false
190645,2277.669604492188,610,574,2940.316667452092,134879860013431.73;132603638085021.62;170642019679719.72;133660707489192.61,false
190646,2141.9422851562504,613,574,2913.3913625312452,162636355602874.3;163995536287052.56;189987506785345.2;162256350457296.94,false
190647,1990.2917907714846,590,575,3027.2248484451943,179755959617778.3;183849705487316.94;216576865492377.22;180393813560959.38,false
190695,1860.95498046875,610,528,2902.7873785306733,120749460359122.56;122535006976007.47;141191337681072.94;118934918016249.22,false
190696,1773.4568237304688,610,575,2899.8922355428526,120936192245727.22;118109713139435.38;149054364402018.66;119785340925790.89,false
190697,1878.0819946289064,614,573,2893.8814525829125,123766240564645.86;122999732589783.27;127558649964251.34;122594251472043.39,false
190698,1820.8785522460942,613,570,2897.589249982423,113181899556745.75;110554044259134.34;142556628129230.53;114194968784284.5,false
190699,1054.0266235351562,215,212,1659.5968899187533,133928929436681.03;126687596102266.47;163170531930766.16;134765852591781.61,false
190700,1928.1298828125,613,571,2899.377895154514,128327430879748.6;124305970387519.77;162798136145012.56;127334719119668.27,false
190701,1855.8993408203125,610,528,2916.371934007796,132429318314092.94;130186538495222.75;151884022970947.38;130612863297864.3,false
190702,1794.999865722656,613,575,2892.3984158161948,127956641720300.12;126626325844447.6;160862092190799.9;126718405698589.98,false
190703,1899.2134582519534,602,576,2944.5358420139546,124964488091864.83;124407072217047.61;143225462318921.75;123430350760967.89,false
190729,1938.0527587890629,368,368,3744.0929635573293,294210189358128.06;556356943631204.06;613663167915058.9;542495607040844.8,false
190730,1379.758923339844,342,341,3164.4853554804613,225960861425545.88;428292212725729.94;456548881351046.8;403433120398215.8,false
190731,2364.721630859375,701,689,3774.843515073215,249267855005861.88;877355749825843.1;977053546943174.1;855281941839887.5,false
190732,2680.1624023437507,575,574,4526.248333537704,299112776001227.7;1130456491101868.0;1249109145553874.5;1096133058618400.8,false
190733,2595.0472167968755,534,533,4723.549036471569,310458525933113.06;1387037371203714.2;1530815676284215.0;1345935761900094.2,false
190734,2834.4551269531253,513,512,4834.427247491214,315327861952026.75;1233134337767711.0;1353399464943270.0;1190221710720574.2,false
190735,2751.582666015626,511,511,4840.3358939861,315407706029102.56;1311278295212200.0;1438669249898663.5;1270191325752172.8,false
190736,2688.021826171875,537,537,4699.601837269176,312779441679333.8;1281826217311803.5;1382223977765418.0;1231446011211343.8,false
190738,2811.084130859376,565,564,4565.185379622031,300869707013292.25;1294604717762442.5;1415616776414210.2;1252271043385982.2,false
190739,2874.3775390625005,568,566,4551.705278615016,300854752183478.25;1363855922715956.2;1494258393135640.0;1323268593896651.2,false
190740,2833.7513671875004,537,537,4670.590484226012,305029822869435.0;1244697206576501.5;1367719522943034.5;1201384779060350.5,false
190741,2839.50166015625,569,566,4447.891145659743,295002636506930.44;1225520593529201.8;1326402734997883.2;1183461070360371.5,false
190742,2734.6914794921886,560,558,4506.479249438667,299179526586317.44;1213086330397808.8;1322879863700775.8;1170825126671554.0,false
190743,2632.465185546875,452,452,4361.663707333674,300713085412343.94;1141503778391603.8;1221326348497099.2;1102006335969842.4,false
190744,2671.609814453125,446,445,4218.219168769802,304768479822082.5;1039175498069154.1;1138864298733637.5;996871162051392.8,false
190745,2586.3025390625,381,378,3587.7950726464746,291853614535965.9;820272515389052.1;911851639836137.6;796720871748573.0,false
190774,832.6398132324222,223,223,3009.5604560099696,161827626085354.4;608617216282823.8;644061496274247.0;598891138376979.8,false
190776,607.6528686523438,633,628,4383.9709581772,205648021571231.03;555075856793744.06;621674251102566.8;548061395055620.06,false
190777,982.856805419922,636,624,4360.485109849576,222097960170657.72;661232907646625.9;760532536623781.9;658144664952274.9,false
190778,1264.5920288085938,636,619,4354.2169118846705,236250285528767.2;686659730107694.5;763898420081256.2;679482815824914.4,false
190779,1528.979724121094,642,626,4309.397780332115,238460481762951.28;774251616480050.5;856728861709759.5;769376603473347.6,false
190780,838.3500366210941,533,529,5107.912687057567,239116007507859.03;508285490209498.7;569783459388417.6;502865084319537.2,false
190781,1496.7031982421877,623,616,4444.2989499577825,236140652964021.25;758106903069468.0;842532121913476.6;751110984209260.0,false
190782,1562.0196899414068,628,624,4404.246136177726,242184198545523.2;795971456549953.5;897397665551591.9;793749527806507.2,false
190783,1312.7989685058596,518,518,5205.081245050595,269833415952112.3;735191183974053.1;840831425074028.8;727553425563077.4,false
190784,1461.6789794921874,613,610,4514.166736637092,245292365143512.1;748651274469818.2;826544153251122.4;738320623965360.9,false
190785,1558.0406982421882,631,624,4375.628651765911,242132229943436.12;797157714934643.4;903589487544211.2;789976043685139.2,false
190787,1343.6088867187502,541,539,5070.45428098039,265186421395620.9;761234613049330.1;841480014236818.8;746907014020863.5,false
190788,1352.8065551757816,568,566,4863.187409635304,263242172954503.97;729071939764304.5;800739806807603.8;717892859896440.4,false
190789,1514.6303466796876,639,628,4318.042208571146,238821446520055.0;765240960545096.5;842456153192340.0;755285378395954.9,false
190790,1194.73759765625,639,626,4321.90464028095,235200414411065.1;590003067142029.4;678953887871354.5;579285869035946.6,false
190791,1517.1069824218753,642,628,4295.926406530752,237836681988054.62;773028080883338.4;838475766063394.0;759871327735599.5,false
190792,1542.3573486328128,639,625,4311.953098253992,236707694733488.75;760307390171930.1;843896890139465.6;750107123558908.2,false
190793,1130.895422363281,636,621,4343.001095339255,233331233408242.44;585242396062402.0;652498796388288.0;571536959144646.5,false
190794,1183.6401611328124,638,624,4326.721579495102,230749569608067.16;589761918968175.0;652095060528932.0;571262084655464.6,false
190796,1411.48828125,639,634,4214.510331483101,231509610186001.38;728450984673507.9;791685198789257.9;714205269900204.1,false
190797,1258.6783203125005,638,624,4223.060555027501,232219158191866.5;665029766052602.1;730433447876984.4;653560074767339.4,false
190798,1545.6909423828126,638,618,4223.977973929077,237563988979079.62;842381504392523.2;932690977071822.8;832979089251265.4,false
190799,1451.3423339843748,640,629,4202.724339512093,236025520489351.9;744600969171751.4;831050444780232.8;730304405644881.2,false
190800,1559.024615478516,638,627,4217.573519309913,238639725498996.7;913356000374437.6;1027564956956642.5;900189827937750.5,false
190801,1465.3937011718754,641,626,4204.432215464186,235175796092702.34;771224254055586.5;854152664288869.9;757411461871865.6,false
190802,1504.6480957031258,641,627,4206.934983135471,234676082998926.75;804538122058877.6;897453826497924.8;796841233394419.4,false
190803,1307.8462707519532,612,607,4392.699382605024,240599768101821.12;788480380045604.6;872215977921122.0;773289772696007.1,false
190804,1443.3405029296878,640,627,4210.13365516421,235493381596111.5;827192461913998.2;922817790367875.8;812739344472091.1,false
190805,715.2005004882815,633,620,2280.8697176556625,162050701679196.22;186087468378147.06;197184888128935.34;175103329909034.47,false
190806,1055.6985595703122,519,518,4549.975777870535,263524430845917.9;661390024607689.1;738257452703338.4;648923380918377.5,false
190811,1305.5639892578126,627,616,4283.381419757887,243996369863381.38;935672399236823.0;1047029116538885.6;934622068868624.9,false
190812,1264.4223937988281,618,601,4361.904659732985,239280184963601.88;734863601283137.0;834991522889339.9;731769595278289.5,false
190813,1470.7792724609376,639,629,4230.523479392185,236487319539466.47;849000931255414.4;956963759589146.8;843334387297442.6,false
190814,1396.1414672851563,640,623,4232.138254397541,237078853538929.6;754245493634455.4;852509096771047.4;747638065619154.4,false
190815,1423.3674560546876,635,625,4254.162506261379,236203799497654.72;778012829269469.4;886585550513355.9;774330192983601.8,false
190818,1356.5013305664065,638,624,4225.305738643839,244272742781976.56;602218804220837.8;685154733770128.2;582073684565987.9,false
190819,1870.9094726562503,640,631,4206.4770511161705,239806814972379.1;1003242049560619.6;1113865170694357.5;988214882610348.8,false
190820,874.7793823242189,238,237,2961.160708641611,181584826057224.66;501319846381795.0;540655832065477.8;487025664262214.75,false
190821,2037.2263671875003,558,556,4742.585173859755,277229494592892.78;1019908956495962.0;1144176850037422.2;989228055846104.5,false
190822,897.0683227539065,555,555,4757.499723802488,268031922149480.12;494938944552875.3;553170030189627.3;476557347403710.0,false
190823,762.3059814453129,638,628,4140.146035110564,228476293477733.25;407939900844302.56;451465071800478.25;392063959069629.75,false
190824,1143.5760864257813,640,628,4107.381563033155,227483808205484.88;496525792901801.7;569944827488840.0;483950329606027.1,false
190857,2291.4007324218755,703,622,3145.885798690321,234330562098078.88;413342637619763.5;467946186516402.6;409859398929461.6,false
190866,1570.2046630859377,698,620,3162.7591066612963,236200771907810.28;328052961072794.3;373264588314365.3;320597147920845.3,false
190867,1493.1550537109379,694,631,3748.197070706899,234445018337681.75;365172153724686.75;415080224526311.5;355089132078461.7,false
190869,1567.7954589843755,701,615,4309.961984840664,233677257012201.38;481755561114107.3;543538445058270.44;467378462286075.4,false
190914,1276.3058349609382,531,491,3375.7341656752396,220072336738171.88;529790758098477.75;591109950783627.0;515663802192912.9,false
190915,1254.2242187500005,535,497,3348.6755439596973,217354089591603.1;604745779337510.8;670384905632173.4;591447246298964.2,false
190916,933.813482666016,600,503,2989.1768685062316,194944162628579.28;662752231381441.1;726380210106698.5;646771955334104.9,false
190917,993.2915374755861,620,497,2890.202314128803,188943963639002.34;705502029930470.2;778202096750687.0;696221177037705.1,false
190918,1184.2206909179688,303,301,3476.541835480226,219468814232020.34;889584314810398.9;996667404588542.6;876573510536600.8,false
190919,923.3951843261722,614,493,2918.8672181205698,190704281613612.7;666116229443146.9;737728628441446.6;652424632977106.4,false
190920,1031.5103210449217,557,496,3206.9868385740665,209968341970865.44;675359975545002.4;735566561289409.4;650497607045792.8,false
190921,1118.822125244141,562,486,3191.182965064208,208543686690727.2;682506611084694.6;761985492455505.9;655588723063353.5,false
190922,1015.4412963867189,556,495,3221.125037291263,209854429513035.97;707503025060510.2;758839564902140.6;669096240590429.6,false
190923,1034.7341247558595,542,484,2436.120552071177,182302236143590.06;519380441357038.25;568902482250828.6;500615614338437.06,false
190924,,0,0,2761.979177157557,180250735767281.47;712602298142290.8;791208071043941.8;690140580890742.9,false
190925,2054.541748046875,433,431,4650.030038971195,255260518916584.5;1324018804698233.2;1451550663220474.5;1284826676324697.0,false
190957,1287.006103515625,466,456,3021.0672091499637,181761583034898.4;288599772079124.5;307206439308107.94;267201102911082.72,false
190958,973.9481323242189,399,368,1255.2316757987094,80047814639138.98;81045816855437.1;82795974902319.53;76947960644922.58,false
190959,1523.8210693359376,591,567,4181.646479776515,221471660394202.72;460201939774677.6;507655443713103.0;432203540411054.5,false
190960,1901.112768554688,551,519,3775.989790645923,199814225887243.1;465683699747251.94;495129063061529.94;436064606600084.2,false
190961,1799.7105957031254,528,489,3566.72248484096,189258805638772.94;479599565469687.75;520154534585467.2;454030850833408.25,false
190963,1918.9000854492188,591,568,,221714599823009.9;653928053481908.8;703940730909989.8;618285095402706.4,false
190964,1247.0935791015627,327,326,2852.7566686464384,140156162725529.12;328998570751010.0;354626466551645.2;310330656746441.06,false
190965,959.6624328613286,272,271,1222.3723915172448,90592166151523.17;102475104066062.56;94415074083863.16;97611451656151.47,false
190966,2374.8032714843757,400,399,4169.032560366666,183282577802186.75;563973518033315.4;631753750271023.1;532209017235350.9,false
190968,959.1876403808596,273,272,1910.2529964465061,98853591889291.22;233789855098923.44;243497700987514.22;217661590365273.66,false
190990,1469.8531188964844,686,673,2003.4424434933096,188751576241559.16;183179672835616.25;208728834538578.72;179799964293835.5,false
190991,1852.036401367188,701,676,2245.593229228124,239632924574657.0;288262118208468.7;293726380106414.2;278907201512299.62,false
190992,2028.8303710937505,701,671,2254.3888715523526,243648426089110.84;288840523496751.7;305829661931037.4;289267403023937.5,false
190993,1355.9783020019534,686,674,1984.8420918178226,193706539101720.66;221982562648306.62;263217408752987.56;220549324914578.97,false
190994,1508.8098510742188,686,672,2026.192303744045,218540250838454.34;251766510414397.25;267299971270447.84;246023975690749.28,false
190996,1625.1983093261717,684,671,2588.4899916523823,280865685999206.6;293192002066357.56;339026734531426.75;287286002952581.06,false
190997,1646.2637329101562,686,672,2297.836283883638,249235273304692.4;255282187075728.78;291047651496478.5;246307670983116.62,false
190999,1980.9704895019534,684,662,2284.16792157818,272233651141099.94;294437883746197.7;333545264970389.6;293875759799155.56,false
191000,1714.4510375976563,578,576,2606.3762064999632,291890853198796.56;310077669573528.44;365121564761626.0;305732336326310.1,false
191001,1802.365112304688,701,667,2078.9244791566502,243266656399319.72;266951893750800.3;292779900822931.56;260151107215692.28,false
191002,2118.554882812501,701,667,2079.4234970137804,250989470329995.72;279857131502955.3;311840600219568.4;273437077121852.6,false
191003,1309.2285156250007,636,617,2292.278240659045,229144541308091.84;245088688987432.72;280930077057938.2;234922088698444.5,false
191004,1115.9071044921875,635,620,2296.6507744862984,208915253854045.25;229890179341476.53;250253055465591.84;222786993024462.4,false
191005,1640.8110473632812,637,630,2272.4874378488853,262001937034614.16;282113301415040.0;333308731086094.7;273825654046919.1,false
191006,1632.3331604003902,636,620,1935.0455362356774,226415047995548.72;238788661890185.53;259140618095222.56;226594276080245.78,false
191008,1188.4916442871095,634,621,2304.8872881381026,215953692315346.22;215789036066625.9;247556724971540.38;212034330460381.7,false
191009,1250.9072509765626,634,625,2306.6131559904074,234224517808350.94;244080555064845.94;269455046163533.9;236769307306873.28,false
191010,1744.2678466796876,637,624,2295.683052129829,270038277943933.22;294024134003061.06;333550097957947.1;283240178528498.44,false
191012,1654.793133544922,636,624,2281.702477064431,265448211588549.47;285760320446654.3;315144135157276.06;280549613785376.97,false
191013,1110.475000000001,635,629,2281.8210944368957,226401624454672.4;238283325742014.9;248641533007758.94;231814805163014.62,false
191014,1098.0555419921875,635,626,2286.243632757596,213776038888547.44;220826101106412.97;237017694260031.0;215544455665495.47,false
191015,1065.598388671875,635,629,2296.039926277794,217995992401861.4;224139797361751.8;252082090260427.72;215760987574456.78,false
191016,1419.6668945312504,637,624,2285.4924744476166,239460038870709.22;247979698099878.84;260110075517935.94;239479112450307.97,false
191017,1443.2674316406244,637,629,2282.3962201268405,237435233001437.3;248418532134855.88;266862327840180.03;238321102201701.7,false
191034,1459.3114257812508,450,449,2602.7940005338387,184876640141484.03;228156788510558.34;273898448481804.84;220610756389146.75,false
191035,1925.1039428710938,591,548,4240.6253502399595,222342452388788.7;529723488881561.0;601821943438834.5;498875225928442.3,false
191036,1021.9855468750004,299,298,2218.660425749578,114756108350052.11;220597300454881.28;244401979889872.2;208690999847770.88,false
191037,940.5659027099609,262,260,1371.14298281423,83294702042431.78;132440236982196.47;161404897045447.97;123152652252235.38,false
191038,1739.522094726563,453,453,4228.815131079405,201074352047760.03;554657129305247.56;603552602412612.5;522165939147629.1,false
191039,1076.5007812500003,289,288,2302.946719399242,114852459051015.89;296170538441631.0;347697428258404.8;281152550841220.78,false
191040,1744.1090087890625,329,328,3000.7926200572247,143933059158757.22;402207188050202.8;414500779310870.9;379434048137765.75,false
191041,934.9225646972657,248,247,880.830001131147,65092178334324.625;64199900704669.13;69535922593209.7;65043113030594.69,false
191042,1037.8486938476562,287,286,2123.1383699056455,111479465280208.16;281399863785728.97;296282814980584.2;266245203799475.94,false
191043,921.4252838134769,244,244,853.0908023154699,69986840351286.97;77314307617373.02;78313824054123.53;73212789758039.05,false
191044,1268.4736145019533,308,308,2080.2268022941334,123837669016364.05;274078449153705.9;290209577778480.4;261607428571250.75,false
191045,1043.6136230468755,290,289,2288.669083171381,114777293567798.64;275363386061050.3;327669830857123.25;265462515695496.7,false
191046,902.3875488281255,247,246,815.0193740329547,71281120953155.12;79829328914042.34;100264407804490.03;82133979084919.31,false
191047,926.5151397705079,258,256,1415.2100965378152,79323477319632.78;149766102554472.2;181422036120894.66;138549099893642.31,false
191048,1211.1722900390628,316,315,2806.6658427565058,134798440832546.4;357308832689123.44;390846491597240.2;339091697045112.3,false
191049,1002.6669738769533,269,268,1048.3590963674235,85524574077973.64;102751972220207.58;131682127031817.83;104384682346624.02,false
191176,1382.842224121094,666,637,3069.071158916168,226275841966377.9;375483045589578.44;410056769063742.75;367197082582672.0,false
191177,1005.6261779785157,638,629,4428.359718742115,267065253097224.4;560132199186602.94;615182964117657.2;532334330081659.0,false
191178,1082.8901611328126,639,635,4410.155903561919,257801189791911.5;597274610311768.9;645637653236072.6;583305018147159.5,false
191180,1116.6862304687502,622,621,5029.095258279121,260359811039055.7;780045271117078.0;862397431087934.4;768316276518547.5,false
191181,1198.950915527344,630,628,5141.487698746799,269975301125227.75;723703762658307.5;790283732136746.8;709346311635715.9,false
191182,1232.4950561523438,635,626,6560.307469499831,265809178096658.94;887083407911329.6;967037477912413.1;869841160381354.2,false
191183,1473.5208129882817,630,629,6053.796217684124,269162619396726.88;1133627305617738.2;1242467689909013.2;1112482721830151.8,false
191184,1275.4004028320314,620,619,6185.4793806981725,268932157426505.1;1028651968034673.6;1134463487038239.8;1011574655793929.2,false
191187,1388.7455566406256,626,625,6040.4471424971825,267093692915539.66;982806658655533.4;1064888079455457.1;961065943627715.1,false
191189,1546.8138549804687,540,540,6688.577556098011,288531132563086.7;1067763758108999.9;1140716388787683.5;1026438697029536.2,false
191190,1547.0927734375,623,619,6104.392747712809,271558599128119.94;1077819088125588.6;1157328517526864.5;1039448006085956.8,false
191191,827.9735107421875,253,252,4488.613508803431,209092614875366.2;939052210923163.9;996934430368287.9;919385017719448.1,false
191193,923.204150390625,255,255,4523.43969491867,210119879433253.38;923319653603677.5;975291769051716.0;894883264394058.2,false
191194,868.3526275634765,258,253,4585.021006887639,210826178908577.22;887027627347985.5;940576458481912.4;857118514130364.9,false
191195,1774.8436218261722,464,463,6108.177226043462,279333070640647.75;1055010273575046.4;1116674772203798.2;1013318640530786.0,false
191196,1630.6484619140626,639,634,5967.750923026905,265637461965109.47;1112099837226396.1;1201025943756620.5;1073254145182929.1,false
191197,1821.7152099609375,405,405,6066.991415195736,266976231736243.44;1233680443732720.2;1309234454813395.0;1194225498199691.2,false
191200,776.5914062500002,251,248,4441.740108865622,200546630140475.84;900505601216008.2;965064070802529.6;884740999010739.6,false
191201,1690.6137939453129,539,538,6698.652930483031,291238229988588.7;1219801527054652.8;1306971665009741.2;1178022645666279.0,false
191202,1808.786755371094,510,510,6596.31134040677,286796810798484.2;1296573332014880.2;1386574175684919.5;1248335086574321.2,false
191203,1744.2229248046879,640,626,5978.5125646625265,267803723731975.6;1091442010336436.1;1151007127148355.0;1045196220166397.8,false
191204,1661.442431640625,640,629,5947.965136540561,265472493614716.0;1066735203219853.0;1125046047069401.5;1029600417563970.0,false
191205,1639.7593627929691,638,622,5967.470068458669,267071824380110.38;1060281862556454.2;1149945391757536.5;1018384709048239.5,false
191206,1588.549609375,619,615,6138.665108289331,271772211611585.5;1002548658286703.2;1096258716613097.5;971097951310117.6,false
191213,607.5958374023436,392,336,,78164379497.93953;-3466778181751.5054;1098039263510.5631;-203177574543.89517,false
191214,596.8232666015624,391,338,,162219943420.63785;-1197599708267.52;1643608047528.2185;333017173961.7871,false
191215,598.1267333984376,393,337,,8351642030.873937;1109919624879.0417;-6286477079651.689;166765640719.44995,false
191216,589.0544952392581,392,340,,49752660843.924065;-2420956398118.346;-3389637547233.4443;440218268090.55273,false
191217,595.8531036376953,391,340,,95785712244.54037;-2889462554717.9673;-12660677141822.178;330849525298.56683,false
191218,570.2468383789063,391,341,,149938273399.47897;3664811328196.736;3626349447634.6797;-756155946290.0304,false
191219,589.2302062988282,393,341,,120476151795.57156;3514846525914.576;-2591750511084.585;167773529465.15204,false
191220,576.8162475585937,390,334,,262925230494.00696;-2494143208198.955;7861005281502.518;44041462851.68244,false
191221,567.6143432617188,391,334,,86660024376.48969;443301209455.2076;-2848403452751.169;348790102240.64075,false
191222,568.5735626220707,392,332,,94835863512.60385;3398633886194.4214;-1194718795847.7896;-1219933157247.8628,false
191223,572.1210266113281,392,324,,159155299416.025;3119711679747.054;-2763744049738.6455;302739186009.2808,false
191224,563.0596557617188,391,343,,254738202099.37256;-693690886367.7653;20812327703500.062;-1112564685500.8965,false
191226,593.9048828125002,393,345,,122894407732.4934;3921550487444.8965;8053368443647.829;-978114758334.7065,false
191227,575.3429565429688,393,342,,47637492544.43766;-1543749141684.925;891369863406.5813;-761766956979.6605,false
191228,584.1676040649417,392,346,,95815326504.32437;-2222156566185.2075;4384159399524.583;-361291490460.34424,false
191229,590.5897125244142,390,343,,172706614476.05048;259456364593.76315;5304727410733.914;574612157419.7795,false
191230,574.7194886446,392,346,,117988102386.38206;4168193379092.0024;-26892934495214.01;-687221633987.94,false
191231,592.3106292724608,391,348,,89561824656.1594;4306469486195.2783;-624718255466.4149;-303105975061.4912,false
191232,570.7037414550783,391,345,,82650460538.84454;-3163590458829.143;8735279578003.575;531820679695.6941,false
191233,600.1954193115236,392,349,,154002411733.51733;-2944048918215.87;-6056868742591.102;-191549111954.34503,false
191235,590.5147979736331,392,343,,140523527845.0659;-2148674868605.0527;-21432922530835.1;-6844573623.242898,false
191236,591.9465942382812,393,343,,197816490736.00906;-1583126186747.2708;11191065684740.512;-96004553821.23103,false
191237,591.1222320556643,393,343,,130022819584.39291;-2714956669685.1255;8886457241203.328;641158301948.8328,false
191238,588.3713806152344,391,347,,91691859667.37863;709977536790.1238;15205091153886.508;-30924797527.01558,false
191239,579.9749649047853,392,341,,80351356037.36284;-1362231677177.038;13714410845539.059;-88105964007.58064,false
191240,648.9811859130858,330,304,,74109475780.8179;-374424098481.83435;-1750086972009.4778;403297146898.68585,false
191241,582.4344421386719,394,351,,125386111697.81953;3654964593209.0537;7565992780771.211;-649788374297.8672,false
191242,585.3792205810553,394,348,,21984691440.835545;-630260108340.5248;10634224719632.207;-211442769427.02847,false
191243,585.8292541503906,395,344,,162533532317.33035;3614686425392.7256;-7224463600256.535;-86874038370.42023,false
191244,576.1883544921875,393,348,,182518342434.81918;1755930046833.6284;9063733121382.38;-501083014984.4049,false
191245,579.5319580078127,394,350,,224686609296.39697;-862167322384.9664;11590959600705.457;-804944226825.5758,false
191247,569.3427490234374,391,347,,37783692247.606995;-1669717638872.7034;2198894614600.3118;167124998657.9748,false
191248,563.7599365234374,393,346,,140163966838.25516;3406551197065.4473;-16561273869034.982;-210157592482.10034,false
191249,581.8859680175782,391,349,,15873332504.178185;2703783271099.7476;-14896592122267.828;140550838846.63516,false
191250,584.1891067504889,394,344,,181448313476.24368;-3945452152385.754;-2859646298667.938;-329608967522.7022,false
191251,582.8415679931641,392,347,,149084239298.07086;3322060112692.2495;-20089612286923.047;-494786516063.2289,false
191252,570.3614501953123,394,344,,123011129452.72354;-1451231662773.065;8761383899255.863;-294784999659.18915,false
191253,566.1010620117187,392,345,,150764897517.6441;963142724616.5374;-11074482943714.457;-19763197552.155594,false
191254,576.565185546875,393,348,,124611484533.50586;2776219430961.0034;-12335011075739.744;112375018897.04509,false
191255,583.1431396484378,393,347,,96587243534.3544;-4790127250188.461;1625320200970.9785;601521558539.2944,false
191256,564.93464050293,392,353,,126224844328.0215;-1750230733402.333;625589327272.626;265527436416.82278,false
191257,577.849584960938,394,351,,161422680723.12903;701190071226.2612;2855056341135.5737;-233983994447.09555,false
191259,571.8969879150392,396,352,,62823700060.65505;872774099952.7509;-7816824924028.069;267674572440.52292,false
191260,560.1580993652346,394,349,,155126273307.4545;2759655937628.468;-8353708262852.43;-599712691770.6521,false
191261,559.1924194335938,393,349,,141379096660.28162;936847764559.2329;-4430746145298.868;-257810323866.84192,false
191262,566.6387023925781,393,349,,64373326284.60463;-2870216313815.4272;-12176287281968.256;1083937168538.5042,false
191263,556.4318084716799,393,348,,158354262422.4501;415428314326.6192;-3603624477529.1226;-618225970519.8206,false
191313,573.1618469238284,391,344,,100523194473.0743;1496246174156.434;2638667364268.4976;435439897904.68933,false
191314,570.1621582031256,393,342,,52018335484.82745;2463181744848.3164;-4780943748476.782;-155695303701.48386,false
191315,561.5483154296875,392,344,,46425326414.970894;2402196215532.3657;4074199848999.473;137243537947.48901,false
191316,544.9098495483398,392,346,,114212176979.90799;1101867595522.2617;626156998610.0387;-218118560151.56525,false
191317,558.7456604003908,390,344,,128285067330.37465;29176815698.556248;1041566745801.3911;-183970997178.97992,false
191318,547.6386001586916,392,347,,134975314607.24287;-23122877804.05295;6594187888001.694;-144607717728.83426,false
191319,555.6814941406257,393,346,,130561730195.85959;496335242843.46155;-6277810688644.2295;-169013944035.4903,false
191320,547.8525665283212,391,343,,35093474944.95761;-84632892034.08249;3515985554284.795;351352781651.18665,false
191321,576.7329711914062,391,345,,106626641839.15709;1423233853236.4448;-5289895561257.788;-197940157527.33377,false
191322,577.5952758789064,393,348,,120017846949.45728;-672757873860.4086;-4509021081552.202;-163967992877.33102,false
191323,590.826593017578,393,342,,127086574396.45137;2447765852019.5527;-3513730250756.5747;-425169450287.8502,false
191324,580.8285766601562,393,346,,88083739668.75298;-1091550786014.2716;-2395623850479.284;-166780234377.8203,false
191325,621.0591308593753,393,345,,37515330840.835266;-957357483972.5732;-4773957591867.404;291111154776.9654,false
191326,623.7992553710938,393,344,,60490520724.41612;-1579468808632.102;3543926404887.1113;480206117489.1391,false
191327,622.9684448242189,393,343,,41152721964.86264;-250350183857.41333;1430204242376.9028;246801203566.92596,false
191328,585.7717529296879,393,351,,48544230029.1817;173637686679.31006;-13187449284086.582;9730633077.804886,false
191329,620.5865417480471,393,345,,109683374453.60757;2127887948106.4854;-3338862930551.573;-630579382643.2225,false
191330,596.7837219238281,391,341,,58082770609.45362;446034088520.8173;91600743382.48236;154880433794.11896,false
191332,582.8908599853517,392,349,,106811711162.78177;2029146268453.0867;1570975165014.3264;-91979158887.79352,false
191333,596.0250122070313,392,340,,119574718428.99434;389611740690.0009;7009431609633.425;-313063159564.9715,false
191334,586.9833984375,391,337,,128422387904.04306;472322053144.40967;7108953934726.141;-294481773375.5377,false
191335,593.2073547363283,392,343,,40618442502.17523;-1219525577977.738;2860712475754.749;250288071363.8543,false
191336,598.8844909667976,391,343,,74423689254.85748;565274897908.6439;3957454644369.157;57793690834.85668,false
191337,587.132843017578,392,341,,85041192334.26656;1078146059378.785;2654757330775.6216;156448792157.1873,false
191338,597.32158203125,394,340,,87867070067.79526;1920659342857.67;1321504206292.073;-249964837786.20703,false
191339,586.4205276489257,394,341,,64911178738.45142;1425837925724.3542;-8589680585543.713;224463965318.99872,false
191340,591.3227813720703,392,341,,47613342914.616554;248325416364.76096;6834724828837.115;-111299965127.50594,false
191341,554.097296142578,394,350,,36739754124.99556;-4140284132462.504;5551287961305.964;661720096715.1056,false
191342,535.0249298095703,392,349,,31982712414.141262;-3366055882742.971;7941054770945.664;465108200807.9531,false
191343,545.6779724121096,394,348,,95720833693.0855;-3684617913425.4526;1096815473908.4362;604149514592.437,false
191346,579.0654663085938,391,339,,58630115900.55879;-2067948711293.6428;4091927234770.2295;300310193104.2597,false
191375,498.2049667358399,460,370,2554.4412816145586,44127455578166.96;43876728556072.25;29161719270691.55;43486679365885.78,false
191376,1145.8150848388673,534,534,2710.2510011190284,81675313285826.2;80265266662613.97;99506307181852.25;79540729459288.67,false
191377,1123.835498046875,609,600,1145.0713742119458,29194696354805.96;25655766596077.215;36637052143725.73;29287472423842.42,false
191378,1144.054052734375,608,599,1004.9730162282544,23365120698788.367;23333358420717.113;32618494631218.15;23326892907552.918,false
191379,1134.28955078125,607,595,936.0847839127044,22648867839032.375;20343164803032.08;13624309309275.988;22511400196236.258,false
191380,1057.1210693359376,527,526,1089.8858393653336,25885737115621.17;24599409337227.145;33529960543459.633;25171571499126.688,false
191381,1151.5912841796876,535,535,1073.7394435330268,27245795502883.16;20008924456808.504;52727292827455.13;27203833096125.64,false
191382,1189.660107421875,533,533,1075.6000174264386,28678490197260.19;26826123588196.13;30432704461591.668;29233217636057.285,false
191384,1186.7316894531252,560,557,1027.913379245027,27277677879113.668;21552421166570.94;43898877604608.53;27220030583559.51,false
191385,1117.785290527344,262,261,1042.4166295660189,27041243979416.164;22510542423490.266;38208557719767.69;27505747617809.645,false
191386,1101.5809814453125,224,224,1005.5256580918215,24340960835597.902;21740775067107.35;19596246236475.402;24778380293593.098,false
191387,1268.8744384765625,357,356,1105.153389954405,27696568671275.727;36539874943088.05;56815536372697.98;28607462748187.633,false
191388,1098.3009399414063,222,222,998.8266245503636,23581278605652.227;28911854213890.164;28443936196024.973;25122670801535.035,false
191389,1228.6621093750002,525,525,1095.5591517321532,28924811909756.613;23527860573874.03;40816379526169.484;28392612285343.01,false
191390,1219.3653686523437,553,551,1040.9866791946786,27520535249734.695;22062406121338.617;23078769289883.29;27214911327220.79,false
191391,1294.440075683594,532,531,1082.1523244324417,31873824679159.07;31329236823550.496;54857260733800.83;33457192456865.434,false
191392,1217.9550415039066,524,524,1096.6464713448686,29164290159304.344;34325414902956.902;48777110650053.65;30052567829790.51,false
191393,1225.468212890625,545,544,1054.8828289718372,28958487908585.773;30624012375188.86;25226318922000.914;28958555583496.46,false
191394,1267.5426879882812,440,440,1136.6924762349952,30494502206336.734;29171583108132.75;43769299902029.89;30185644060187.285,false
191395,1235.591015625,609,597,946.1068302852412,30441423311166.59;30863289164875.73;70018213493101.82;31730284910972.523,false
191396,1234.5419921875002,609,599,944.7490734534184,30990865196016.004;26959044038854.277;23744872303809.5;30368941045696.723,false
191397,687.4780883789062,613,592,937.6863527944774,15384735253664.12;19747730350133.61;16912306474597.318;16214294406988.143,false
191398,698.84033203125,617,588,934.734983375194,15888209004080.041;14235125119854.678;30771443455483.566;15020558260401.447,false
191399,898.752185058594,618,600,930.0241562632008,23115568055232.152;22308767956296.914;14493966908169.492;23145355069652.97,false
191400,916.7058532714846,628,602,916.2291378463651,23605889184246.797;31684180671934.74;16587291770977.941;24611980520130.56,false
191423,1364.166345214844,568,568,7130.221135177886,287301677156763.06;400379967969385.7;439076554842030.44;399696773891296.56,false
191428,1241.2970458984375,566,565,6842.202877619543,;;;,false
191430,1261.0499206542972,584,579,7530.5320911591825,294518920353238.75;456310939229132.56;513287407104573.2;459702539958246.06,false
191432,1233.0501831054692,572,572,7720.214038952402,299104686468492.3;469688227392955.4;532562778280461.5;470527554498788.1,false
191433,1453.0262390136713,574,572,7451.897583278559,308567204570116.7;562765372600472.8;631032027787947.1;562267941222435.06,false
191434,1345.4915649414063,567,567,8098.822588063017,301973944519558.0;471224213438179.7;524349685780992.6;471654259543053.0,false
191435,1176.9522705078127,671,669,7676.373012473052,286119236667207.7;453336673549048.94;522889622841097.06;456679201544639.56,false
191436,1245.95556640625,669,669,6922.023826275981,259071235909233.78;377503449616416.6;420058537766944.8;377164065163860.4,false
191439,1244.5740478515627,670,669,7457.1138300257635,288964966526525.1;500831793867483.2;561080805346286.56;500502077088247.0,false
191440,1196.10107421875,669,669,7279.596207087616,272086778531603.47;430794321754842.56;471752173373011.2;426463124109375.2,false
191441,1192.8844238281251,667,667,7460.315612671364,295291102488233.4;574234515855732.1;621301670726017.8;568759471177726.5,false
191442,1316.0395874023443,670,669,7326.576618598368,274430779620939.88;402887838014007.06;424646734005046.0;395921664336921.06,false
191443,1138.1311584472655,666,666,6772.589441440931,289595605762341.75;482053958678606.2;519503355567764.75;481927147293334.44,false
191444,1538.0057861328123,227,227,6605.625733428172,270035237815785.0;355505825351618.94;401672981580704.6;359144585114223.5,false
191445,1148.0528320312499,667,665,7553.790052515647,289602206877889.2;479379464732601.8;534756813043243.4;475318003223185.7,false
191446,1351.338873291016,654,654,7046.993346355726,270309659411891.28;370481938132848.75;396162408348685.2;366256891902262.0,false
191447,1200.4839843750005,638,638,8068.009673417428,304745698351814.44;565459971765176.0;618843520055273.0;558294708225001.1,false
191448,1187.9055786132815,647,646,7857.302700123929,280426069822860.38;368225958692363.6;415445716189657.44;370185938383465.2,false
191449,1301.6518310546876,430,429,8700.499294595855,335196484855565.6;536538178075588.25;596700753275181.4;534636786106526.2,false
191450,1150.6326904296875,625,625,7973.584135768587,286280953254298.94;372479136731918.4;421784435464614.6;374610310101805.8,false
191455,1051.9847961425787,299,298,5196.796383503192,233841181097014.4;824582156183183.6;897184835176641.1;823627205752903.9,false
191457,1210.1469055175785,576,574,6763.797361290383,288399020216708.06;838768500427245.8;917584900920655.6;816021295359021.6,false
191458,1476.665661621094,568,566,6586.693815619478,290753544603924.3;878051612743608.6;972485242940443.6;864024592737840.0,false
191459,851.0977966308594,245,241,3953.464681869922,210642469580928.6;708709680639031.4;782958598058983.6;715837626178276.8,false
191460,1570.837994384766,568,563,6592.9863609237245,291199073566225.2;960073381276634.0;1036026943542407.5;947698571189447.6,false
191462,1573.5013793945318,569,565,6601.72367039683,291814729676220.1;929949860608138.8;1046911659779980.6;919506737475399.2,false
191465,2037.0513427734375,632,618,6142.698799026249,279824551879041.94;1126540205167414.0;1225036493045628.0;1127228456872106.2,false
191466,1862.021875,619,608,6254.963433116812,280268120198145.25;1001895825099998.9;1099308405989171.9;1002425453536324.9,false
191467,1811.8567871093765,599,583,6452.741075002043,296320959308676.44;911188008541776.2;984752229583246.2;897460299511186.4,false
191468,1782.6376953125,609,607,6467.51834587182,291788134467970.8;864834744988108.0;944334047333153.0;856714514196341.5,false
191470,1856.3133544921877,610,608,6443.0388514190145,291448416612465.6;851404309694037.6;959571292620777.9;848986073438250.1,false
191471,1489.031958007812,505,494,3454.7489586761617,295393746947096.75;402325392478647.25;444974236267864.8;388317629469215.8,false
191472,1389.112817382812,563,558,3428.0168265559228,281768416356584.4;350745369254597.44;394327649113776.3;348369826821012.6,false
191475,1502.9232666015628,640,628,6185.949309774957,291642615479353.4;898163645818345.8;970825065767556.1;879758681078182.9,false
191476,1890.6576477050783,642,634,5737.899724945546,266128020289679.75;1013477977880384.0;1094242370897862.0;1002526886520572.2,false
191477,908.1787048339845,640,637,6168.766397323799,283704612856773.5;888341914631942.9;970982236041528.0;889437281097219.0,false
191478,840.8096191406255,641,640,6100.247524254641,283132022974180.6;921950719458457.2;996145724646277.6;920210031260892.6,false
191479,980.4388305664065,645,645,6134.356803460684,281320195088081.75;1006781046631729.0;1081325599469198.0;987296433429408.2,false
191480,968.2811157226563,646,644,6125.164035433094,279514983257021.7;1021452238618276.0;1078626738702847.4;1006560519383516.1,false
191481,1536.379870605469,640,634,6181.785139281311,283009966400478.56;1019073897910581.0;1097899589205791.4;994729238853648.0,false
191482,1510.7311767578126,577,577,6618.355387765797,296203127447688.4;996960481042638.5;1074968539447037.2;977229382599102.5,false
191483,1226.994372558594,568,566,6660.657029708049,295164482662277.2;812313526988488.4;876645624146310.4;799656041351030.1,false
191485,1321.6357421875,634,633,6240.127363199224,283771748631283.4;834927477701935.0;882758264366278.0;818022188342763.5,false
191486,1326.442895507813,621,619,6335.142406770755,293347293296050.7;781213350030921.6;851990662523770.4;765364603404521.0,false
191487,887.6810546875,585,581,6620.268931037717,296069777903471.8;623159121170557.0;672681742091623.1;605065177998650.2,false
191488,825.6502990722657,560,555,4012.4966513831873,291344001434837.8;439552787246162.7;504253255571705.3;429160389047068.2,false
191489,1133.2595642089843,560,560,4015.74856867408,295838909292404.9;498158493849731.0;548087234593675.4;482753608204739.75,false
191490,1307.715490722656,637,611,3591.3263308008845,272333678582461.22;442578676282977.56;475861979799203.3;425581414946740.8,false
191491,1267.418652343751,563,562,3996.500529072723,297778159398458.9;576943912737753.8;616014864170620.2;551363818804146.7,false
191496,1448.3190307617185,515,515,2976.346957769901,139923290547046.12;129915763219059.56;162135466191311.38;143063991555862.66,false
191497,1534.5014892578126,557,525,3771.281934067242,194733507587232.6;213946396114220.94;252779657188438.12;216715992447219.9,false
191498,1327.7662231445315,514,513,2956.8126131961512,116114988713544.31;107651721433277.61;131655748859305.06;115223045400889.84,false
191499,1294.1415039062508,420,420,2482.484582543828,120169240705551.36;115971567066654.97;142974300994423.47;117751195652454.0,false
191501,1356.9444335937503,543,523,2550.5392427759175,;;;,false
191502,1290.1720336914066,560,525,2275.625709239754,121571473464344.19;105659896772933.56;141194247185250.9;119325021602635.14,false
191503,1193.8786132812504,541,528,2311.868146751807,110974108831941.39;108090375140916.55;126110526618174.33;108361217367586.31,false
191504,1137.6711608886717,554,525,2072.4481103319827,85067969967483.44;81956710601361.11;102966850016034.83;84216743000361.98,false
191505,1095.1281982421876,540,525,2072.65915517546,81506012970765.17;76671206243513.38;84180708398424.5;80234267643487.05,false
191506,941.2683593750003,527,524,2028.742089808344,70092102343622.805;67724768250877.26;66972436818767.14;69256077404930.336,false
191507,1002.7721435546879,557,523,1610.6674100788043,51557053534352.68;47526513479874.81;61319400894097.12;51932849824729.664,false
191508,949.7920898437503,528,525,2074.8593248986163,71664626675047.1;69838225317639.2;79233696896697.28;71090511529212.39,false
191509,1010.7469421386725,556,522,1667.6467060117027,57813212293893.42;59783876614057.266;78033406221126.77;57328254759402.63,false
191510,1047.8198730468753,553,524,2062.5022019088456,79139459943294.83;75263685910025.98;92072219335422.11;77988231931096.23,false
191511,961.6723266601565,527,524,2076.1212568678607,73308389251091.45;69394318844708.0;83621281567469.25;71729877089863.14,false
191512,823.951293945313,557,530,2057.510442337718,59457203974046.13;63053420915757.164;48629747106971.42;60528605003400.055,false
191514,895.5882568359378,543,526,2074.164063962661,61825622596119.25;62419486236386.375;64620723381341.25;62348021377766.52,false
191515,855.067144775391,556,522,1657.073334544517,45049790940345.266;41426779255562.04;42608058468234.92;45960813899678.99,false
191516,892.6967590332033,552,526,2070.992504759816,63383476378977.9;60722565157744.87;78781148606249.52;63956171011944.984,false
191518,672.2846740722657,548,525,1679.6604872012801,28902257827082.258;29362312577780.824;38199801381271.17;29489866022405.438,false
191519,717.4984313964845,552,528,2065.2670528097306,43019428531250.37;38200203894308.516;58163707979636.33;43655948830645.7,false
191520,807.2436340332033,552,526,2208.39516518579,48378297700077.3;52797452146088.38;54500419965907.59;50168673343657.84,false
191521,832.4581726074221,552,522,2419.954957737785,48991793932801.07;49152130362067.766;64134301772700.18;51048589560928.664,false
191543,1159.282373046875,540,503,3729.9949741104615,215624278332222.12;691585791874542.4;749392337806441.2;664767290091616.9,false
191544,1390.882897949219,464,462,6695.807401986457,253540335724677.84;1046359473998541.2;1086869618333487.1;919951995777999.9,false
191545,2050.795202636719,467,465,7432.08725605428,259030573590981.2;1824928329005753.0;1834938947938592.5;1361461438981066.0,false
191547,,0,0,7663.278099511097,251407865177795.53;1481573958407324.0;1538663102006054.5;1277414382229087.5,false
191548,1323.2507629394531,558,510,7957.5034298023265,249974100491588.88;1621808281479658.0;1670689442844455.5;1419691795427509.8,false
191549,1925.8788452148438,340,339,7627.283176481881,234709414180935.56;2563421143939735.5;2321784613772688.5;1447218264360233.0,false
191574,1841.3932495117188,652,639,6105.142154302445,267818299063916.1;838045727372849.8;914462634497924.1;816987061672069.6,false
191575,1118.740734863282,635,616,3286.3089225881727,234203751775607.16;278771493607812.78;314790545127758.6;276308961795066.78,false
191576,1084.0148254394535,558,555,4253.362006694699,266814826008487.25;414223652347605.1;477732850159030.9;410900019039965.6,false
191577,664.5829284667971,632,629,3568.8123220910165,230588381074544.88;312221020415345.25;356934600063914.44;309231220437439.3,false
191578,778.841882324219,638,635,5962.9694094554,266078374795109.28;555827922870755.75;645626634863773.9;556276638671494.6,false
191580,747.243103027344,639,636,5255.166465833516,262824282485744.94;445792984907655.06;481658224402515.2;438743049284946.56,false
191581,916.3433593750004,641,636,6141.105952660187,267088565594788.94;619396785769485.2;675962993490656.4;610744479316709.2,false
191582,1447.8455078125016,701,668,5650.975585198299,250786219757378.94;632600362358479.8;688182684577823.4;628581201987163.2,false
191583,908.8344268798828,688,653,5755.393610777686,258459886916105.8;573425534062155.8;629077852504115.2;568152724191159.8,false
191584,1102.6628051757814,700,655,5647.457188883404,254456032133189.06;609036758733125.2;674686260547646.5;601175959933720.4,false
191585,736.0598358154298,636,617,3639.6036725825797,245887840351709.47;327633949480501.94;371454633499143.3;320244019997280.7,false
191586,2000.1765991210941,641,641,6170.803273842871,280517976171795.7;1286641224869223.0;1367735604564201.5;1234642269418963.8,false
191587,1191.3290283203125,642,642,6157.617815369572,279030584121228.62;791686894454280.9;850010920089610.0;749158824404732.1,false
191588,1370.311474609375,535,535,3894.4469032302536,272350683587480.2;554046308180619.06;608142461361847.6;532011771878070.1,false
191589,1826.4001464843752,537,535,4099.129880161421,276250179774612.06;621678412804707.1;686124438994227.2;596823800457537.9,false
191590,1280.6451293945313,646,631,3353.832719793779,246360105964630.5;488663281322184.3;553044253925322.44;465529540015987.75,false
191591,1065.2575927734374,633,626,3438.1863361154305,248129112655577.6;455437921937106.1;503762384486813.4;441336519836898.7,false
191592,830.434204101563,277,275,2715.6728328398135,191247321003677.53;458971029578683.9;498232805150933.5;441001166010789.56,false
191593,853.9902465820313,270,270,2651.1171388917137,187465741025052.2;461916518018403.5;501512239397060.44;445162059304998.2,false
191596,1097.241119384766,632,623,3393.0632723015333,248375532587284.84;448581463545546.0;490619632872371.5;424331058327221.44,false
191599,1021.3397094726564,644,643,6092.987967800968,277063953968317.7;689882573487025.5;758774221301040.4;668101457403010.0,false
191600,1137.3073425292969,644,633,3394.7177915947987,244655209923664.25;420425552189980.56;469633922063543.6;398651502268910.7,false
191601,1013.6277099609375,639,635,3396.0540246371997,245401022592323.62;485996092940390.2;527002453448360.75;464715021162076.44,false
191602,1051.1591796875005,642,635,3391.2860340543825,248138978673697.06;507554653597201.9;548066288617319.25;481153166148845.7,false
191603,1119.6560546875005,689,659,5714.66921866845,255084429878031.9;509165321184103.3;541948289292508.75;501315065687766.1,false
191604,912.6407592773439,674,652,5138.479650765372,258004961915076.2;479085632086922.2;514289275166255.2;477018459480606.25,false
191622,1070.4381896972657,246,244,2855.539078531643,187323991307710.4;652823108779546.6;700381705274381.2;618238373261649.4,false
191669,2545.7274780273438,352,351,3365.4421766338014,285790660714665.8;829478238113048.0;877948372073325.8;796920928147511.8,false
191670,2966.80078125,545,544,3781.18652871023,312431487521066.6;1012850974503254.8;1088250409616701.5;970434191361953.4,false
191671,2400.901611328125,317,317,3616.3191528953985,263460427948500.6;810726514437514.1;883031989714869.2;788009841623672.1,false
191672,2975.0576049804686,432,432,3913.396819108924,304999514389595.94;1195466945986315.0;1294864946814636.0;1152545552609228.0,false
191673,3144.193920898438,558,556,4189.141774949699,311864604082320.56;1378233550832365.5;1462469564912469.0;1321953516136302.8,false
191674,3198.6512695312504,489,487,4395.270280295587,309457852868456.06;1415480208179648.5;1504749913829542.0;1356200017189647.0,false
191675,,0,0,3057.3269595904617,225769791888348.78;554867240309450.94;599151753433933.5;532359504828842.94,false
191676,2627.700244140625,500,500,2545.5649023937767,297798767799562.94;470820923641126.7;514319694191816.06;447671502536696.2,false
191677,3018.469482421875,442,441,3661.0665910591474,292852812472570.5;895157702735931.2;960852055093459.1;850286650789287.1,false
191678,2763.3422607421876,467,467,3769.398585533608,297368650507842.2;867218895744422.1;923157982348600.1;821806200863251.6,false
191723,1991.009100341797,614,568,1498.6846427932742,130930110351719.11;241550897227005.47;258040718417232.03;238896061883572.2,false
191724,3090.3457519531257,605,568,1950.9763835834767,197449050662562.22;316075562399063.7;347389780380829.56;316058395132754.25,false
191725,1676.39012451172,577,532,1358.6834821040984,186207004550859.9;190076739991014.38;223301683162487.1;190084324291112.12,false
191726,1092.3008300781253,602,539,1882.2636885245875,172132865673112.78;286154153587802.56;301752807985847.2;278100175638249.25,false
191727,1346.8759216308595,564,538,1997.500257708188,187167767515363.8;323589801684238.25;356206847910740.44;318085623257556.7,false
191729,1243.9585693359384,601,533,2117.1425662848205,193789192628353.28;378933221691891.9;417095779139213.3;373771405015932.9,false
191734,1905.1350219726567,478,477,3458.8533049238963,245424591027792.5;537627190892518.75;585974334500531.5;516350916930161.5,false
191735,1814.8306884765625,401,400,3507.551273223037,186722616301617.78;479332420819526.1;518619330018877.06;458217496517293.9,false
191780,641.7542541503908,558,557,761.3749839945444,17428486292326.947;17447026292715.791;25277179680379.426;17140696186621.537,false
191781,655.2871459960943,563,563,758.0818063024296,17484886919248.7;16490789449206.959;16205732601473.617;17237065477701.428,false
191782,863.3791992187503,562,561,2605.6767961269047,112494220071586.94;109420502811378.7;123211269204845.0;109164637800189.84,false
191783,948.7826293945315,399,398,2108.992679414107,72331706540289.39;71842832240387.73;84015642243951.52;71622905134131.08,false
191784,699.3987182617188,554,480,1699.3493691551519,40735938852824.05;39781780490864.51;51159836377213.25;40395402338517.805,false
191785,732.9058593750005,575,530,709.42880907661,16941106386910.758;16301427656903.072;17946514832320.023;16882777673034.61,false
191786,528.6104736328127,394,393,768.1728078426711,15730773631964.998;16691272852086.191;7711250519300.046;16296702878069.52,false
191787,601.4044708251954,394,393,1185.40282407628,30281860850171.215;33104599695780.523;31361462831461.31;30559489831038.17,false
191788,572.9324096679687,459,458,1242.873370089308,28997183373487.496;29731808323593.32;29698069072403.273;29496790492902.156,false
191789,538.1943237304691,471,471,810.4488407382128,17619671092014.87;18604921115184.246;27212214709895.703;17902377536164.555,false
191790,544.438464355469,507,506,826.7465231742508,17781773734870.805;16213449514546.715;14345806043396.406;18113276357045.434,false
191791,546.0536865234376,518,517,813.4858667357611,17782514035871.2;17443696382995.201;14738027536238.3;18045292867764.074,false
191792,560.6811065673832,504,504,994.612083735049,21225189528421.89;19910184374617.117;37365565808545.086;21650858097665.332,false
191793,415.98994140625024,351,350,749.5563910595004,13018040065376.705;12268692320178.021;22921115880832.25;13410341863211.426,false
191794,508.89544677734426,477,476,966.6394648814285,19689488837753.285;21546698612630.72;11009480167421.111;20135249868132.156,false
191811,1271.4098876953128,383,352,3318.562392696002,267965799174362.16;549902363416882.44;598672777680076.4;536702902888078.56,false
191812,1579.3060607910156,492,426,3203.261051002758,273193016546501.2;650051280556994.4;694193168317288.0;635824034173310.8,false
191814,1254.9068725585937,310,308,2367.2098651706597,194645370164199.84;293447256453928.06;329400977657009.1;281185330254076.56,false
191815,1221.1917236328127,290,288,2237.179668825664,184013202282612.84;286475061223515.9;321705778642854.0;276926514926177.78,false
191816,1845.826818847656,480,480,2990.986374932403,250684966696699.5;424680979749137.8;467423666765108.2;403004857262882.4,false
191818,1574.2769531249999,511,505,2653.310890590771,228230960214193.94;361671808902735.3;402803177334679.3;343863644228096.75,false
191819,1156.949844360352,376,374,2624.643198331501,220888732978236.0;398462709082951.06;425360876535131.75;381677403295441.75,false
191822,1660.01806640625,497,495,2784.736078255614,238204495547916.25;402432185661013.94;446736503669658.0;383980716345200.2,false
191823,1403.1576904296876,565,532,2445.510540910417,209159413735278.16;358307825404118.1;392067575705220.06;341821565973304.7,false
191824,1510.547607421875,545,531,2540.0438409303047,217358714029061.2;386032343298318.94;421052251454809.8;367634564469555.75,false
191825,1388.2486328125003,565,535,2414.7415731252017,209219442205755.34;354784407131790.6;378568375296849.25;336588239964977.1,false
191826,1356.4585205078124,564,533,2456.1586337106305,208003689061873.66;356890752426402.7;384518816778755.5;338322053983258.44,false
191827,1352.6160278320312,562,530,1950.4798276522663,171814119974624.16;245835681650206.34;267051364171193.25;235184957839616.75,false
191828,1426.9378234863282,564,533,2459.711989511416,208291665387051.1;360882223126611.9;391210644102139.9;341485263502499.44,false
191829,1401.9914550781255,566,536,2452.973819911686,207531567230607.25;355435309608195.94;386888439712431.25;339389400678525.2,false
191830,1409.8446594238285,566,536,2455.1008802013757,209008093430629.8;366730393500660.9;390859618788645.56;346971657852573.6,false
191856,,0,0,3554.077642331828,162671636906202.53;1384502710207945.5;1305119072466147.2;803090361556536.4,false
191857,,0,0,7501.30388875956,249364288599704.62;2167467392322941.2;1911842236855821.5;1243514770164564.5,false
191858,1449.2019653320317,532,509,7166.848034123519,259680041057692.38;2163507497398005.5;1859594917235572.5;1125009490258596.4,false
191859,2146.0988525390626,398,393,6828.581485234736,248814336773962.75;2166480196545922.2;1983259021140186.0;1221328580813931.0,false
191860,1589.06591796875,443,442,4042.0819724270627,258034310027192.78;819363500966368.8;880097546917548.0;772031987327777.0,false
191863,989.4731567382815,259,237,2778.729644507952,139803136607909.25;921754308349248.9;901373313756587.0;626129990021029.1,false
191864,1114.2913085937503,278,268,4030.0771328730643,171089000349997.72;3382632400317847.0;2484379295931479.0;985305220590574.0,false
191865,1087.3001220703127,283,277,4105.637459831553,176057164983935.0;2730578974026336.5;2220655872933538.8;991141628007017.5,false
191960,,0,0,,26044964325.366425;-1350119917009.2493;-4430433648214.357;-88127318449.81499,false
191962,2597.1938476562505,689,687,3878.656339156931,276426275261329.53;798375193590075.6;835510567237130.9;752788684578707.8,false
191963,2285.860400390625,319,317,3701.049140959127,264045747288164.2;754044797964755.0;778644210353445.5;712069696347131.5,false
191964,2338.4216796875007,359,358,3833.417788549352,277299096568346.4;796374555642652.8;861177107895514.2;768649560838001.0,false
191965,3004.9112792968754,440,439,4033.042406380363,290936769776331.3;1122844069833427.5;1189233432161723.0;1085406876730610.4,false
191966,1952.8906860351567,276,274,3088.146200125553,243678240378084.56;551856051847425.9;570834038382887.5;522528934692295.1,false
191967,1803.2088378906255,271,270,3049.3262004111907,243901021620592.2;571954701776029.1;586105602244166.2;536459679956887.9,false
191968,2935.4761718749996,433,433,4109.249768842224,293423412609615.3;1113061512874981.1;1198501505215881.0;1060137137003506.8,false
191969,2981.1500488281254,561,560,4529.695701667653,306172571836308.3;1340390466094957.2;1406427481190794.0;1288027049278627.5,false
191970,2629.048657226563,442,441,4231.758045824466,290177535875664.0;1038246925872439.4;1108161888539064.1;993743829311189.9,false
191971,2924.22529296875,399,399,4088.0257754740323,283641786544154.1;1117227218107507.9;1179936569338761.0;1063472740851491.0,false
191972,1752.8938232421876,368,365,3662.299989666871,239140157668169.03;799039157074649.2;854436867503007.6;755035630064137.9,false
191973,1239.8713378906252,271,269,2822.856953041133,198444944396066.47;449809965050791.3;446813987390039.6;423762023540966.5,false
191975,2693.6286621093755,377,377,3756.807628765655,247376312443470.56;870083718064100.5;929756426282196.1;820102906672689.1,false
191976,2748.9486328125004,401,401,3869.6518841648717,248519192324605.72;992609374381268.8;1009441478875839.1;928386030762162.4,false
192003,1730.856103515625,478,476,3447.4320831085956,241717369020181.22;508636163295536.6;527412241302944.1;486340619799141.3,false
192004,1889.0210449218757,495,495,3490.738581166795,251499429302321.4;462687386368322.75;504668488915804.94;441757689116465.2,false
192005,1994.1832519531258,463,462,3476.446148173977,245227945104062.38;582718375496053.4;647041898665777.9;563789137783413.6,false
192006,2500.05078125,701,621,2897.4258293996695,200428102412878.0;758174234406113.5;820324673270542.2;732625929995648.9,false
192007,1392.2630859375004,559,556,3471.814373683286,236393161001726.97;475285439344248.56;524773869885584.9;454426048512179.0,false
192008,1610.8575500488284,418,417,2756.7117883132028,237661301354620.2;442048119039070.56;517453526860700.1;430297209638371.25,false
192009,2771.710913085938,450,449,2783.4752410026026,244882906051675.66;610610394463018.2;654547618177570.9;585764477517353.0,false
192010,2486.666845703125,474,473,2971.9863973099837,251605704502504.12;612757250339170.8;685507649473358.4;595710689042919.9,false
192011,2302.3488037109373,686,613,2401.4996733878893,202563043975116.66;480224814105101.25;525019816448686.25;462060655439327.44,false
192012,2026.4199707031253,605,605,2673.1318520816226,228060015514242.1;472316785167957.25;515584798243782.2;448326675323286.5,false
192013,1271.0215576171877,569,567,2960.751898853003,167719595710142.0;182336699359662.97;193511055453638.38;170668544060537.1,false
192014,1321.382897949219,568,568,2830.645439243176,162044342567473.84;184367810160778.22;184499394510752.44;171151675245437.1,false
192015,1662.7241699218753,567,566,3081.9157514509293,225593488161366.5;285628385700099.56;293596520637342.25;268781124278318.97,false
192016,1884.2452392578127,561,560,3414.5232167585414,246889327657270.47;359256501901613.94;387581351084421.8;340211466839987.25,false
192017,1793.631774902344,561,560,3819.509164227317,239598470776996.4;333073644447387.06;356798750785010.0;314436664420101.25,false
192018,1310.731188964844,609,567,1272.2379912830286,159911331824689.84;157596909909780.7;179203408809058.88;157082763132367.2,false
192019,590.6458435058594,542,540,1671.0939240107343,113282373031202.89;141001308998217.4;155561418031476.75;139153564439454.08,false
192045,1807.4858764648438,802,784,4347.307186065025,291596951777083.06;571797929513662.4;612523303191004.0;557743665609662.75,false
192046,1582.9610839843754,802,777,4393.296073236905,262731699243227.44;599900556219574.9;652785355696398.8;582394731438628.9,false
192047,1633.03232421875,549,548,4227.622704731008,301225587930188.4;486962100239945.3;526294935390509.9;473366582271333.56,false
192050,1647.041149902344,800,776,4381.648670533981,256325088051215.2;536298284690880.94;582504327588531.8;515631400285491.06,false
192051,1249.0822265625006,798,774,4362.374219282706,254542221717968.72;430874924106512.6;469419127158621.7;412442929064638.44,false
192080,1373.792248535157,598,597,373.66235052042185,20779829141030.027;21694940215896.65;21705942774267.73;20155080894082.504,false
192081,1370.4648803710945,602,602,587.8459955585245,35224803811434.516;35370742433901.25;41767515417210.6;34200031449897.97,false
192082,1339.3013183593757,701,689,614.9993707938439,34664466579509.51;36242056940216.336;38561711434813.42;33542237001557.945,false
192084,1383.2077026367188,702,694,614.2834030294514,35993489824141.14;36447158001406.766;35380170652080.234;34325670407199.223,false
192086,983.1309082031252,201,201,696.5338401762625,27164984364645.52;26538380527524.72;32960657012385.133;26914067774696.2,false
192088,1471.7853027343754,421,421,884.2097808139666,57074905810663.875;56110763355184.48;63483929109471.88;55282954726327.39,false
192089,1422.4792602539064,447,445,877.9726813531421,54941337643105.086;55439820141194.52;69574340496837.69;53175416122966.72,false
192090,1453.5707397460942,687,661,728.9236484100905,36378041557703.64;35926683102286.73;48048740399232.625;34882097028646.125,false
192091,1498.3922973632816,460,459,1209.2312245835162,142063920356819.75;143485932184027.12;146621906442175.1;136318718683039.47,false
192092,1507.551611328125,471,471,1164.4913312914998,153267111503756.6;177239418694013.4;184019344380463.88;168227759214182.56,false
192112,1927.3687866210937,607,550,3577.2359862664084,221555659845946.78;528959696957947.44;563568853218299.9;495456869124414.9,false
192124,1864.015185546875,625,591,3150.4521002443553,214281861576155.78;354816357913480.1;376488383114508.44;325243851088484.9,false
192125,797.5516357421875,621,617,3226.363934723833,198676600185233.5;353197400580360.75;370377021350033.25;326563640127380.3,false
192126,882.2791748046875,623,623,3280.4264968769726,208372491613859.7;358128943656526.2;379295211809019.3;328584930388864.25,false
192127,878.2959777832032,623,622,3210.275666484744,206307861050019.88;359041193121990.5;381994943702679.3;330968531405223.2,false
192128,1105.0656982421876,621,621,4878.165060838274,218080524332013.28;564410984329687.9;593119709165038.9;524441596987827.25,false
192129,1210.6708618164062,516,515,5706.222790632597,259142031629056.97;719679223877784.5;748111312244152.8;665732118296997.9,false
192130,1255.5408142089843,628,607,2842.6876033258686,206040103801207.7;308542566736993.8;327661878760405.94;283765218341448.25,false
192131,1310.4343383789064,628,616,5100.008095780364,214440563940015.53;632019525084750.6;658051298790299.8;585847458087673.4,false
192132,1823.157147216797,626,613,5124.379711407215,215799347847657.0;833122998412559.4;857571453362177.2;772962294800952.8,false
192133,1250.153894042969,555,554,5117.127897537055,242915211371509.5;519127381445638.44;547065860074543.06;481893183022325.2,false
192134,,0,0,2651.285847126603,166766113832764.28;215013120387762.22;230129348925726.66;199105754710842.7,false
192135,1153.5667602539063,625,622,4523.1501848646,211892558379819.53;333952799725413.6;355013154264509.94;307858277504791.94,false
192136,1319.8934692382813,625,612,3227.3338451128293,218722505000949.88;371796327820051.06;393272682778187.3;341680780786609.5,false
192137,1844.1691406249997,630,562,3208.2837249547765,220824025670139.16;683900011385041.9;709931237264930.9;642771510143425.5,false
192140,938.8016662597659,550,550,3746.094841005379,249389272893557.0;579555120527276.4;612329287307712.0;548084609881970.25,false
192141,879.178729248047,517,516,5681.825293979013,259527877747075.84;725633892618807.2;766119227170357.5;685707782397282.9,false
192142,1336.1708679199219,626,623,4696.6769276295145,214904128066437.88;505913296483445.3;526408365366933.44;464254107445807.06,false
192146,949.5790985107424,586,577,1255.3214446486795,89658325582363.92;86676227736543.52;99075649766694.78;86159113592011.47,false
192147,795.5499450683594,580,575,1268.0916623503101,83729337225779.17;80169212378596.25;89224727465245.75;80281065523290.2,false
192148,885.0009582519532,583,574,1262.3127780321342,88824758920299.12;87312436710694.83;101643993969140.77;85121095398459.98,false
192149,981.1879211425783,586,574,1251.817430412469,93058146910475.42;92503180188271.88;99273306551562.6;89060937600142.31,false
192150,986.3120361328129,585,571,1255.2330847452288,94638761429993.47;93643594223436.36;97318014640280.77;90861796171189.81,false
192151,1028.2205596923827,586,569,1253.0669894795658,96326626907755.19;93928747858465.89;111435857797483.61;92472719846411.48,false
192152,1023.6260375976562,585,569,1246.3080885027355,95246787684275.75;94499481798907.97;110086703614493.48;91471637938865.9,false
192153,,0,0,1262.941048290173,80719832488910.2;79954869231175.0;92665979116087.98;77787494133146.42,false
192154,898.3630371093752,582,578,1651.7979334419379,118019979236325.16;117455443055895.17;124792864961985.7;112774196354076.52,false
192155,883.3753540039063,583,575,1654.8157913165699,117430733912486.62;117307157211677.03;125137678492583.56;112315436253546.89,false
192156,1004.0422363281251,585,579,1645.6553381615495,133493529506386.1;133001053179517.77;140966345940271.88;127248624216674.03,false
192157,1225.8236572265625,587,580,2047.3905243719812,194027491825684.25;188101672629834.7;206648388349623.66;183690663556187.62,false
192158,999.9833282470704,586,576,1564.8126974861075,124639891907546.84;124190016123602.42;141029227495113.1;119675166700371.55,false
192159,990.6813293457033,585,576,1573.183932488361,124927591391898.83;122937011499021.39;133425098503069.08;119555773643868.86,false
192160,997.4023681640629,585,572,1569.9081603545926,124608294637860.0;121795698952586.31;139260824846504.97;119383124740124.8,false
192161,891.7158874511721,583,576,1310.5855631928257,91023899059704.48;92138928925413.45;95890862590412.02;87674643629262.78,false
192220,1915.26494140625,801,791,4449.681831337097,272778904643771.72;720432526787578.5;796151003494661.2;713842807647625.2,false
192221,1826.4873657226565,801,791,4451.855124040451,253824241176868.7;723060220549222.2;793724189770202.9;718730007142063.4,false
192222,1647.6699340820314,778,695,4436.262228746899,255804297528993.28;691325029846623.4;767188550076293.1;687588966307701.6,false
192223,1838.4477050781252,785,681,4374.921389816332,259822068774213.12;724373246766689.2;797771772072662.1;718733070636562.1,false
192224,1934.2724365234376,725,694,4558.635984614088,284824839051083.25;756681499080538.2;845962499870267.6;745624443855055.0,false
192225,2045.3039245605473,742,688,4166.78053801069,263269754928514.28;705369160066930.1;773653506286662.2;699135432835036.2,false
192226,1919.6129638671878,736,686,4669.513847623168,275965434239532.22;750219297639417.8;832445076201545.4;741985707746721.0,false
192227,1853.3731201171877,736,678,4323.412749455889,257469369894404.22;684618069509175.2;743698159884303.1;677838126638304.5,false
192228,1865.309930419922,720,690,4709.407322378748,282368468901795.1;712098027551595.0;796086327318147.5;700681993805268.0,false
192229,1876.2448486328128,737,680,4530.596032167208,274221236956692.25;656495528365879.9;712186488807321.8;647822044253867.4,false
192230,1864.6576110839846,730,696,4669.179939926232,279772905310011.1;741332956782004.4;801390650838322.4;726118533320507.6,false
192231,1914.2472534179688,740,694,4689.463247145368,273488181031220.84;741780380849489.0;804676481212235.0;730302107235369.4,false
192232,1860.6746093750003,729,679,4753.553755625565,279890654374696.56;725561976699244.0;793011404728084.2;712534157738716.6,false
192233,1618.5581420898438,707,693,4867.240903326921,280586260588543.3;594807278493034.9;656163948548671.5;582629977418675.9,false
192269,1377.0718383789065,578,572,1812.7096069952033,122145436467492.06;122489173165850.83;128172299358518.5;115008067809475.73,false
192270,1261.2140991210938,563,560,1891.2758572781183,114023328156422.22;114239821780958.5;125686640211403.28;108328481238073.19,false
192271,1254.9689697265626,569,567,1908.1063180662736,116160953870409.7;118343644678454.64;127368460103497.66;110219558511921.58,false
192272,,0,0,1873.8460085452296,111204387705200.44;112003975291049.08;116071354137379.9;105800090241921.06,false
192273,1270.3161743164064,569,568,1909.7277465569719,117866306265088.12;118534253942162.6;133661079410678.64;111792031232799.7,false
192274,1280.5358642578126,568,568,1915.5764437590044,118766612730000.66;117732473435298.8;137385249421124.7;113526706280447.88,false
192275,1255.4356567382815,569,567,1913.6644174447606,117058556538534.48;118755689910710.72;125698531580718.95;111671037835220.27,false
192276,1271.5222045898443,569,567,1910.4210683902522,117284047828694.53;120097340116079.31;128905330281836.69;111773422515461.72,false
192277,1273.9163452148437,568,567,1913.1536077486116,119433170053551.77;119311777515097.31;133794774876704.38;113987423781562.45,false
192278,1278.9757202148437,569,567,1915.7051533582535,120062014928331.45;120960391858245.72;132796782304304.31;114547997242413.9,false
192279,1286.8763305664065,569,568,1910.9675098560674,120074077587853.42;122344310785367.22;135167262651121.88;114501864463893.95,false
192280,1276.5710327148438,569,567,1913.623176681731,119072421239943.81;119575740561826.6;132882642086640.58;114375811759553.08,false
192299,,0,0,4112.883197812597,234936512530942.97;645353333124031.4;703827680421604.2;636802199149876.2,false
192301,1238.7722534179688,635,564,4373.709259988732,231827823597054.66;691668448440882.2;747143554445899.8;686457684944806.1,false
192302,1428.3572692871094,636,576,4191.057556935443,232760953917432.56;656397126182135.0;714951388600320.9;650914977898272.5,false
192303,1440.4366943359378,637,552,4228.846822231786,235954724802043.94;797941669335566.2;858570903866804.8;790113508239381.8,false
192305,945.0028808593752,413,373,3112.9881645303535,237985346634133.6;514678078027937.2;559722038634878.94;509103762657738.2,false
192309,839.3796813964846,627,560,3769.4648319047305,229393642291145.44;513619339384321.0;557107610275247.7;502440905467371.1,false
192310,1437.2682556152345,422,393,4964.599493762339,263171340579073.25;726068590602054.8;781618877799521.9;717770612206753.0,false
192311,1057.73134765625,631,569,4228.264805406273,229377661592776.06;718964816352662.5;780282442039298.1;713839005866718.6,false
192313,849.7451171875005,631,556,3566.254775812405,228284632764713.3;601479715321264.9;640469677554755.8;592759411276790.6,false
192314,822.2778717041017,630,555,3710.4974317723813,230653767527175.38;593666661525839.9;640096875290091.8;587286321435842.0,false
192315,823.6403137207031,634,557,4262.244215613095,222684536203090.22;591752041074412.4;642379803485354.4;584063871536991.2,false
192316,1384.345886230469,626,573,4264.565834168481,234797386295779.72;740130328851575.0;783502438960058.5;727749134080900.2,false
192352,630.8248168945312,479,232,,28065392350.381973;342584393836.52875;-9185756504265.76;-367267284384.00793,false
192353,509.4583923339846,411,266,,4538361169.827356;964997779724.2761;-5581593471912.552;137065766763.30823,false
192354,504.7764343261719,410,271,,21716840030.282677;-374915168284.9256;-4984391139901.87;-82881277291.38458,false
192355,490.9891052246092,337,222,,54032775611.93925;1060985729356.7677;-5454463700726.476;228835052201.38098,false
192356,478.272200012207,336,211,,26602328844.456104;-433625153282.2251;-7469692555743.665;272576533155.18848,false
192385,1315.1528320312505,639,554,4135.593944127901,231288916092503.28;605761277491278.5;652676344040341.8;586722239000676.1,false
192386,1407.671240234376,519,466,4996.428913644145,268664056823365.22;759386177137526.0;820241198451290.1;738348130816652.5,false
192387,1213.2517333984374,510,466,5021.539361363103,272419546470058.06;631324576977170.1;693528406148539.4;614702628186781.8,false
192388,1214.6351318359375,571,511,4597.682273925062,260258761253704.88;550604287183760.06;598101334502230.4;535891793874546.75,false
192389,1563.6428466796879,581,513,4486.354752518918,253146215951814.22;818454658060891.6;894843037177094.6;796688963514802.2,false
192390,1358.5176208496093,634,614,4641.057797043543,256347577450775.4;668810659185988.2;725950611060599.0;647673164984006.2,false
192391,1175.5972167968753,607,587,4838.858924140997,264767145941825.22;627297583296282.5;674824931630389.6;603827564741783.5,false
192392,1135.1381591796874,629,614,4761.103138410758,261850772627716.44;591292893050073.9;635637766599862.6;571369426853822.6,false
192393,1443.8281433105471,630,602,4736.586740199136,267125472019682.3;559307224776017.06;598746916323521.9;537937684811366.0,false
192394,1189.6526977539063,298,293,3492.623950467807,209602590965213.3;589404803983149.4;631393491970182.1;570550969727137.8,false
192395,979.8431091308595,467,466,4885.229105611625,274414403216745.94;640843425533057.0;695558875846108.2;618590435155461.1,false
192396,1526.092321777344,633,623,4780.052864444096,265390907637115.7;728250045073832.9;784237922341175.6;707019671231433.5,false
192397,1076.0839569091797,634,626,4781.287103516485,267474297305094.16;522813399059657.3;564486825036076.6;502708492440328.25,false
192398,1174.5916381835937,633,624,4778.550091898308,267638627865391.3;576920396015856.2;623360008989812.2;557525722224827.94,false
192399,1097.6205139160159,632,621,4783.030978712655,270028095778010.06;591683405304850.2;651435836639883.8;570495728492345.2,false
192400,1292.07763671875,637,617,4694.876141428877,263348601234225.25;679335579938138.2;732104935145633.0;656483589673037.9,false
192401,1364.3746582031251,635,617,4704.116669266666,264115475497625.8;680148488892363.0;744414777872477.0;656148216687444.0,false
192404,1420.6058166503908,630,611,4798.593918839936,258331718337579.22;664998854907358.4;728252500688736.8;647396909837265.0,false
192422,,0,0,4516.849220022831,242264684878848.72;1026944013889641.6;1084955708107052.6;1011016236460258.9,false
192423,2050.039465332031,703,607,4290.5228634803925,244920574476557.5;826088330933489.9;899689553580305.5;816260612908313.8,false
192424,1882.2644409179688,656,604,4230.245653779194,260317203826970.7;674464996307126.2;702943909112975.9;650590490702838.2,false
192425,,0,0,5003.1473294102325,262542653772681.8;868499017538566.9;944003691748990.1;851238943733916.6,false
192426,,0,0,5184.35474580766,233504138667929.66;1155888637434131.0;1259960230760476.5;1145031714980409.8,false
192427,2419.1495971679688,710,627,5335.590164470003,242152537848212.88;1083749976832597.4;1164548012277634.2;1065918164053568.1,false
192428,,0,0,5358.782232679328,237715445054156.84;1115381678821685.9;1180258355496973.8;1097878346151084.8,false
192429,2298.77744140625,660,626,5839.450317301265,261564359749624.56;1138043297158518.8;1225618477589542.0;1110460245226164.0,false
192430,2155.266821289063,665,627,5780.352251558089,256861573322320.94;1110255825602079.5;1193868186773800.2;1085648766919576.0,false
192431,1949.6556640625001,607,604,6263.355320115731,283524931344516.06;1035655677103558.5;1093908853813276.9;999539298358337.2,false
192432,1322.590985107422,240,240,4450.897228564348,230644757253636.34;751806661376836.0;792623265276850.4;728475063879584.6,false
192433,1704.2095581054693,290,289,5253.035264777989,261140028269930.12;817299034805289.0;901286433115451.0;776975541316721.4,false
192434,1942.2719787597662,602,602,6363.451904838198,289178497267853.06;1029889889917830.4;1106401163315516.5;991186780210702.6,false
192435,1323.1713928222662,464,461,6165.560680521229,293998645263311.3;570782051405090.2;596885967753241.9;531259422776429.8,false
192461,1289.7373901367191,569,566,1917.165673537135,121428336822756.94;120813890139165.08;139195636480563.73;115586974601659.94,false
192462,1231.2621765136719,568,567,1731.7941249233616,96315792101338.08;95531665128515.86;104542892524387.08;92544470880225.97,false
192463,1223.7429382324221,568,567,1733.8184834208914,96339261082508.62;98536009589067.9;103004851345269.45;91748781014429.66,false
192464,1253.1644775390625,569,566,1771.144139314991,103898827744413.94;106207718942208.2;108286735473861.69;99385006304253.66,false
192465,1032.5235260009767,242,242,1344.4250474334108,73424413701220.47;75296165853369.52;84008099971403.81;71488643391136.11,false
192469,874.4859985351563,514,513,655.6867336151458,18036671434144.938;17208693086073.062;15555973872530.734;17517593651619.352,false
192470,898.193115234375,565,564,674.8735002651181,20357977135017.516;21671745894148.15;20340061357605.06;19467241634432.7,false
192471,869.5109680175784,565,563,648.7054058806383,18253753592867.688;21642676358065.773;17140900728476.676;17671494533799.418,false
192472,876.1844879150393,586,524,610.3339873693765,18110966669455.926;20164979759826.316;21636409383589.68;17494532972066.055,false
192473,881.2058654785159,565,563,676.02135136261,19489188361128.105;20715056204747.094;24778696311306.875;19189570472340.797,false
192474,870.2818237304689,492,491,693.1676764036869,19331091172131.56;18645898566102.27;27542585836820.086;19476746721007.89,false
192475,878.1343688964845,493,493,724.5959259830273,20551439654549.04;21125283914758.855;13171231051484.336;20599356254484.418,false
192476,872.7293914794923,494,494,721.9701329458292,20669319015596.836;23494732148651.617;26423903907982.105;20547820983841.336,false
192477,832.218408203125,497,494,525.5454420143222,14732614571314.354;18692635349838.797;13296803635358.967;14849514909301.225,false
192478,837.725915527344,498,492,524.1992726680337,14814240627888.3;13972907757873.6;18259861658066.32;14382286827522.951,false
192479,848.9010192871096,499,493,545.2326047525851,15643773188032.178;17336382083761.455;22689227965876.836;15603852733995.795,false
192480,938.734393310547,232,231,1315.4610459747998,72216274487566.69;73627441933610.9;73987274884095.61;70978308152943.7,false
192481,,0,0,,188737435660.4206;2358480798438.699;2209447966276.379;244241020687.34583,false
192482,,0,0,,250146514056.92822;1316628637475.195;6112956930239.2705;186873801541.4618,false
192483,,0,0,,158066529866.54;3506382308800.044;1795678385577.271;442098126203.01074,false
192484,,0,0,,220462612153.80804;-3497367263651.125;13465316249538.43;439723766859.03235,false
192718,1006.8359069824219,408,391,5719.851597987441,204131857526901.84;199142800190910.1;250258712769881.66;206422145725972.84,false
192719,1094.8243408203125,415,391,4666.9599252353255,234461165447048.75;142768852843551.44;174713824865429.5;151647752443399.8,false
192720,1268.5555419921875,554,519,4261.866930175826,112091416654366.53;97570999385856.83;133417743807128.12;104668832709113.06,false
192721,1607.9545410156252,519,516,2646.2095383838723,194614821068871.16;172994331165109.34;156191541022273.44;176413016652416.7,false
192722,967.24267578125,477,446,5842.563858733163,146571444852762.06;137486070064257.38;140566746440036.84;140524822775031.81,false
192723,1366.7687377929688,553,519,3890.289973785361,151104321553641.47;121371980829838.66;192412276634006.9;173730940475493.28,false
192724,1397.0048828125,557,526,5334.297624375697,155354332973755.06;143131990822215.0;191684396336491.06;153247177568909.97,false
192725,1582.3267028808593,558,522,5213.462950925596,184122359819900.2;168939943555524.12;207293887948925.75;180607355282359.12,false
192729,1631.1892333984379,517,514,4254.0760045191555,216622796396631.5;207389963283073.84;266277597279932.97;222141537270428.3,false
192730,1597.9995605468748,522,519,5024.976814724293,243857625874267.22;414462856634521.5;498000778583357.56;428861183439727.5,false
192731,1997.6564086914063,517,515,5645.8838340198545,267253952647462.0;466995165118099.0;525077507045017.75;475384243654294.1,false
192732,,0,0,4083.0136231624365,238391045489524.38;394386897901853.75;456606387499842.8;401064073052695.3,false
192733,2383.2974243164067,674,572,5036.602191748303,207934578202461.72;601595247741441.2;717253499718085.2;630790716113943.6,false
192734,1596.574841308594,510,506,699.7553448736434,169880418900109.12;79738421765504.31;65506125803728.86;101805693143557.98,false
192735,2737.097192382813,623,538,4664.07781576935,227394481899576.0;659360399060299.8;778962525851202.8;678234135727808.4,false
192736,1396.9834228515624,584,504,2643.3736764677255,213123092560153.16;368840995150212.3;429832062911565.7;390591414736533.75,false
192737,2638.8019287109382,664,551,4527.418709688248,219912147671128.53;680190958235513.9;808165946654863.2;706906437724801.0,false
192738,2235.2763671875,353,299,4652.766429147728,227493499614995.34;634106484332021.9;713206052015663.5;664316989752728.0,false
192740,2708.3357910156265,368,319,4396.4092906793185,227220711935533.12;435455890943045.1;479752826101378.0;448638882525760.7,false
192741,1340.1692138671876,417,414,6434.841443711271,262518546137309.7;325729156992856.1;338026721804792.06;326785064842455.75,false
192742,1801.2012939453125,433,406,5712.220280369495,169077645736244.78;168956152158218.88;200159961269015.8;180858112395757.66,false
192748,2079.313928222656,648,526,4008.559072751849,226571660025918.34;315098600726966.8;371088691715501.56;327729747970121.06,false
192749,1521.7316528320316,547,522,5266.667414361656,212689640169331.44;234243682483753.78;270746736369338.34;248384542883644.1,false
192750,2449.0322509765624,588,527,4497.988216362037,258934320152394.4;396970578877347.75;464650174776141.75;416446816905586.9,false
192751,2729.0260864257807,610,527,4881.230101037444,256884786529779.5;522860278260307.8;605278247605086.1;542014396987075.6,false
192752,1712.9552001953125,549,519,4905.495747960811,175833826018761.9;218519909767495.38;252568222040446.1;223828913680179.9,false
192753,1558.1476745605469,550,522,5359.724195919403,183343053875318.44;214024764494894.7;283592729375548.44;228802063988056.03,false
192754,3069.761254882812,558,523,5451.103841743406,278138052068268.66;606233270832812.1;726652368947079.2;634344983991051.1,false
192755,,0,0,4954.531717226677,289357672935176.2;497081101792237.75;587095855343581.9;515938993432120.94,false
192756,2746.393603515625,535,520,7630.9939367174875,286699201048928.0;708604316797343.9;818367801413722.2;739365265407633.6,false
192757,1625.2442138671877,215,213,2525.164222876198,130132487264582.95;112024537274906.4;143190324435119.94;127913967741578.61,false
192758,1427.5792724609373,215,213,3034.4183271663956,179701678798594.88;166766892266073.16;211765610051512.06;184410687028012.47,false
192759,2600.7509765625,557,523,4038.565291408828,238968802245582.6;253576185173837.12;309880362673787.2;265036531013689.44,false
192760,2741.3832153320313,556,521,3646.8511871860087,242859868939377.94;284971082079032.94;334612414853462.4;300708969971022.5,false
192761,2379.7264404296875,556,519,3638.671457210986,168312851939312.9;193928252621426.6;217323328409240.47;193559924856630.88,false
192762,2338.335559082031,556,519,3632.4392363310117,194281857039063.34;210361122913456.34;245246100129397.8;224207458556092.25,false
192763,2407.818310546875,555,521,3719.081582051257,230745420577358.2;234230515978570.03;293088160761934.8;245179339720320.78,false
192764,2230.9908447265625,553,517,4109.446221946627,248146659485813.72;253793460590277.84;288003921800112.4;270110455732626.25,false
192765,2109.5099853515626,554,519,4105.977689968512,225481779332844.06;227794050127725.22;279800078320781.8;240096227206707.53,false
192766,2156.523583984375,558,520,4058.576791908164,172256686023695.56;180701398957957.0;200574438888609.72;186899577592297.56,false
192767,1797.5421508789063,556,521,3991.4561019774856,164998559850911.97;172258469630747.25;184615868052110.75;184012497125223.9,false
192768,1892.570910644531,554,523,4000.814897285544,141570079555928.6;159204995901612.56;171846989803944.94;156681502612974.56,false
192769,1674.8957031250002,554,521,4032.764095458354,147004320553751.16;157809368485837.38;195699229347135.06;163939286581553.53,false
192770,1673.8572021484374,348,345,4201.672700290384,176046680015980.72;188462872123360.72;208508793415088.03;197892251911469.1,false
192771,1518.0821533203125,516,514,4320.43653937071,258746987407544.1;247276300100717.8;284654355824521.4;259505114424834.9,false
192772,1560.9274719238283,514,512,4348.37039248121,261809085298778.16;260283676713940.22;318523530875403.75;268452432435054.3,false
192773,1353.4095764160156,364,364,4172.78318026823,175563579463021.66;175914384330311.38;178078165728170.53;176924726878969.16,false
192774,1760.8289428710941,555,524,4027.293480287622,155273415103295.97;154055948902197.4;185806980375944.16;158046728044245.94,false
192878,1749.6752075195318,745,743,3671.0399274385954,253630509678802.53;274426179624709.5;304355956831026.5;266407165256504.22,false
192879,1745.9060913085943,788,778,3286.7047910411484,241895178158918.84;255401776544395.34;284907105965786.4;250110842383261.78,false
192881,1231.8233154296877,568,567,2311.3964005717658,128104816030971.81;124930596534589.38;136154759476740.42;121231757998192.02,false
192882,1145.8886230468754,545,544,2267.346960203537,120730595869557.38;117747131231847.58;115869090619761.56;114601318953567.52,false
192883,1219.2876892089844,826,792,2344.48040111791,133062092160117.2;131445217779079.0;145109524888004.6;124813152901769.67,false
192884,1246.7495849609375,675,673,1469.5530855787638,121822137096630.44;118918426376973.25;140743384560741.7;115155366769238.0,false
192885,1215.7080810546875,704,703,1965.2950147931244,137094059847642.61;136031213784926.9;158360605055216.62;128555920582796.97,false
192886,1530.7938232421875,481,480,2272.7333168155496,217732329599637.56;238256606227233.22;263596229005209.03;236059945530794.72,false
192887,1343.2539306640626,409,408,2075.780605399251,191687602436096.3;203865445734839.78;229123436285224.03;202358563594787.8,false
192888,1414.25146484375,733,732,2526.095316284898,161511013369133.53;156414130704933.97;176600294894515.94;152020026418393.62,false
192889,1189.0456909179698,568,568,2122.694449960067,109285214935121.58;107063327551184.45;119347942857701.0;103328515769041.86,false
192890,1355.4720520019537,728,725,2512.1675493414386,151907270633254.03;148726172789457.7;169009977588934.84;143365642535524.6,false
192912,1203.4964721679685,687,615,6258.07726771882,270918109112329.34;964077061396486.4;1071654064693806.4;996945202098426.9,false
192913,1466.0259033203124,635,617,7287.141454507101,279662149240282.2;1119526708916932.2;1227086754968281.0;1144138543355003.2,false
192914,1881.761962890625,715,609,7994.59261295622,245583358579414.84;1056913538233357.9;1159426154070073.0;1090556193657001.8,false
192915,2222.4154052734375,666,609,8399.256661849242,266784704886426.34;1349868231515051.2;1480945508923935.2;1387516069852132.2,false
192917,1374.9971923828125,418,418,9266.390018699014,310675566540408.7;1254883816968562.2;1368034463273414.8;1283137672545997.2,false
192918,2165.672119140625,709,612,6766.751640526257,244765908260662.25;1430728025828757.2;1536836760830630.2;1412814800346735.5,false
192920,977.0095886230467,124,123,9418.102605087299,310776276849724.3;1633813299179735.8;1764453060758875.8;1615343919759870.0,false
192921,1704.4260864257812,638,608,7982.278756259392,278999511958046.56;1229330803074319.8;1339031209079672.2;1249331105816027.5,false
192922,1815.0428222656249,755,624,7312.1108630139815,233387436829769.16;1373736531411505.2;1458945106262018.5;1388397902585328.8,false
192942,656.6274719238281,581,575,1589.285885259301,36537680405908.22;36432250718501.56;60723782103952.45;36880560704814.33,false
192943,874.8126220703132,577,572,1384.5751759646773,40382071849788.36;37365087854513.984;43431480803657.336;40112946931807.39,false
192944,862.0105773925785,593,589,1094.3302193742863,29206707887069.1;32357655568140.47;49674133985965.88;28672898148176.82,false
192945,718.0232940673836,596,589,1061.9149557491571,30894128629419.316;31472878092765.85;29075995407548.055;30736384395590.05,false
192946,,0,0,1007.74541069775,16635230665401.297;13128915905363.738;24692578541609.004;16447937633677.236,false
192947,699.15849609375,356,355,978.2797337950665,16376762671543.59;15467650068821.867;19480967987104.812;16579445809555.955,false
192949,706.3017425537112,252,251,821.1342889685524,10855784277741.525;8888007860729.84;13131018949028.254;10994338564032.445,false
192950,717.2739135742189,354,352,977.9092221638185,11825589536049.27;16140718945703.723;15289791322133.885;12034598028078.744,false
192952,700.1878906250013,575,526,944.6589640719948,23425343209311.137;16638282636703.363;34965130054202.867;24017057052179.465,false
192953,682.7432189941413,572,529,954.183573367003,23787839051014.42;22309642722438.594;12717941731539.527;23599880059885.027,false
192954,721.450421142579,577,523,940.9565494467068,24450045763942.27;21982151270795.914;31691470417495.695;24517457159598.12,false
192955,664.8498352050789,573,524,955.0994458037591,22928489971204.81;19801870943528.996;28473305593999.203;24112155880682.492,false
192956,654.9716857910166,573,526,954.0718302138695,22820302181173.246;22940274541865.0;32238738521508.44;23397836538710.65,false
192957,480.9441558837891,554,546,982.8716151850546,16317121228233.69;16113040738321.965;18872671124004.098;16766940730125.1,false
192960,724.4871459960943,638,627,,94776702814.4183;-9937243591569.016;10718980353803.617;-553629632283.4495,false
192961,750.3153686523438,644,637,,79134401313.89574;-6762049500805.697;-16294737113266.21;-104342118325.04782,false
192962,1103.0614044189451,702,695,1422.9335735004863,94886357505856.53;91950579920499.72;105368095139529.8;90063207824998.83,false
192963,1115.1998901367188,701,694,1585.4094282422418,106626270418118.9;103285568256322.11;118678786189631.1;101063760846353.92,false
192964,1165.0723999023437,701,696,1561.2825959888007,108764455382770.81;104233612620371.36;131588812006508.77;103270008255379.38,false
192965,1164.8760681152344,702,695,1595.9570156325726,111024790451651.19;104698326086128.14;113071152301314.08;104602553565270.73,false
192966,1188.1739135742187,702,690,1595.3675661765894,113280405293864.88;115970592051009.86;120319633797855.64;107447955283178.38,false
192967,1174.5310791015625,698,687,1603.7771573356138,112713367529315.69;105795686405285.95;128929990105517.47;107857807762351.8,false
192968,1182.2512329101562,698,687,1592.1411253343333,113519189959820.08;107502952953778.6;128684714134783.42;108357256075928.2,false
192969,1185.0396362304687,698,690,1605.0681862039842,112375614916903.38;101519176042638.33;142936298875358.94;106984928795842.84,false
192970,1209.2781372070312,698,686,1602.42453802837,114292907590758.66;114015811857388.73;128923271070348.72;107933584884922.0,false
192971,1179.7746826171874,699,687,1601.9716147214713,112806091500144.97;119539950347810.83;119661268744693.89;107290561764739.52,false
192972,1197.1360046386717,698,688,1598.5908467819365,113836064213135.0;106973504718450.95;131828626953816.17;109214391348232.84,false
192973,1189.6390197753906,698,687,1599.024041712158,112289950018096.5;116864243281309.62;111389992296250.97;107184422113683.27,false
192974,1203.5932678222657,698,688,1602.60817025613,113324890864582.69;111370552274598.42;126736198902219.83;109034123955958.64,false
192991,2539.4150634765624,681,634,5821.345450779779,257466425148288.66;1302169252637955.2;1441492165233631.2;1341851526729903.8,false
192992,2378.435766601562,333,332,5453.3002381192,266927714003078.2;1151092408608967.8;1284100425022566.8;1186779005277322.0,false
192993,2585.175927734375,701,619,5411.399919424126,255672195265883.78;1283685204463931.2;1426571492341085.2;1326624020482462.0,false
192994,2490.28388671875,492,490,6199.4007040765255,304204234059218.7;1248744852900890.8;1392635262237815.0;1270677925028668.8,false
192995,2572.6876220703125,611,604,5201.021038752598,290505509087541.75;1217676556248398.0;1351298620314512.5;1225150656723587.2,false
192996,2542.887133789063,579,577,5472.522418192285,303755132483559.56;1350453092959558.5;1478327919102704.8;1343857272796459.2,false
192997,,0,0,3754.9215691940017,229762935460445.4;420745781595673.44;476672816243417.9;417974809494795.7,false
192998,1956.8557861328138,613,603,4660.997685935482,282850189527722.25;676819874784676.0;766563614042670.2;673473836439294.1,false
192999,2120.0399902343756,570,569,5539.3412110947465,306615490006928.0;1056208867092458.9;1171628157906664.5;1059327001594884.4,false
193000,1604.9049865722664,274,274,3342.6986693682,237768762884779.88;470741993001669.0;530118473186399.25;476548565614071.4,false
193001,1554.1053222656249,261,260,3748.2016987306192,231615485174936.16;460011343057607.75;512561780869209.25;449484416947173.56,false
193002,1832.5374023437505,607,606,4596.551922615144,288973690801454.75;759026440550097.0;835847640728866.0;765748522867593.8,false
193003,2538.43017578125,593,592,5044.341879874644,297501557551058.75;1307026907574255.5;1441076368043699.2;1318517863122397.2,false
193004,1930.8424804687502,580,579,3509.618079159666,293735184495525.2;647423758581265.9;720858600470019.5;628597021337489.8,false
193005,,0,0,3900.105138387604,245344117807527.28;994624220754619.0;1076956862342200.9;984235528487559.0,false
193006,2318.2329589843753,591,590,5113.0603892758445,298146311728090.56;1241243283005450.5;1377487519679044.0;1238493428719422.2,false
193007,3556.331787109375,370,370,4515.760783632907,274589891497535.72;1354116825103769.0;1482619270382216.2;1362811094253455.5,false
193008,3381.1113281249995,477,476,5298.343809802139,301702552261357.9;1610771090082496.5;1749330224557341.8;1609272611381896.2,false
193009,2748.9451660156255,331,331,4517.929838955204,270298146075620.94;1033788589608385.0;1140779425722884.8;1047974727109049.4,false
193010,2085.284399414063,614,601,4724.239621710707,282395875610250.1;969959261761354.2;1044643089310179.4;955069069168533.2,false
193011,2023.5990234375004,490,489,4837.553567664367,306146454982392.1;816855404386104.2;903120736082862.1;792904372592240.9,false
193012,2021.2285034179693,452,450,4640.8375370939,295873607807906.6;795030531275013.8;872426095375713.8;784058667015337.0,false
193013,2232.8627319335947,492,490,5323.960466983079,307213914593411.25;1122757729725842.5;1195149239064136.5;1113194703614640.2,false
193014,1567.1311035156252,383,382,4965.261689275629,278135065690813.47;861923765344314.4;936350770901300.5;847360425288391.9,false
193015,1794.3753784179687,580,580,4457.4336135088615,303021469964711.7;833945765344963.1;911303452185046.1;822134939343586.8,false
193016,2247.508056640625,605,604,4310.508612719485,304126056951606.4;898560162726021.8;981753260677075.4;883663336049547.2,false
193017,2952.2658081054688,490,489,4564.502809991947,301525320058725.0;998260888528439.2;1104666405482201.0;994871234875844.4,false
193019,3020.118212890625,357,354,4213.478219464481,261367287440541.72;976995783841880.4;1050666400731445.2;970603983431811.4,false
193020,2447.3359375,607,605,4281.383641643507,301671950166196.2;1111864867154101.4;1200965533321677.2;1102742004744226.9,false
193021,1711.735595703125,363,360,4044.560814931978,284771154864986.1;740021564488098.6;809221042247318.8;723338303844228.2,false
193022,2042.871893310547,610,608,4263.051310247782,298720139965977.56;922833498891422.9;998796584999301.9;910332950095012.4,false
193024,1979.1438354492193,561,560,4522.306530224774,311008824695770.3;958504766433090.6;1036754410322544.0;944325019476020.9,false
193036,357.26399230957026,292,266,,929468934986.0457;3862226596230.7686;6619420448411.763;331192791394.6599,false
193037,343.8543579101561,287,260,,135983046752.13254;2482120041944.521;-9130444211594.986;9473028653.255033,false
193038,337.01171569824237,288,272,,139842489004.47256;-685746718887.664;-5947313333140.318;-217366172052.22424,false
193039,349.5781555175781,291,267,,47906654404.72477;-1367463665349.0503;-5655143043299.675;216825968574.91336,false
193042,353.37044677734366,291,268,,355159960673.61755;-780878768794.7374;-2263085829342.888;-389916308077.7007,false
193072,767.5850952148437,570,520,1354.4018866731296,29607000173310.53;29995047423872.97;18917564773088.12;30009505640807.09,false
193073,540.8482269287108,564,520,1247.5285067175205,29009777426344.004;28117246654258.66;31452861418114.25;29676743250634.895,false
193074,513.8526458740233,563,522,1276.6201171295893,28409404377245.61;25532893527395.273;60013649691868.58;27817498879503.664,false
193075,522.0763977050781,564,522,1446.9694899588167,36622598477633.664;25984132667602.465;46136783626931.94;37164757744498.12,false
193076,567.4562042236328,566,523,1545.4609999340935,46763458442696.14;46444888349265.54;63227297361942.69;47580492955440.695,false
193077,586.8784851074219,563,522,1556.6854229253418,48179162114787.06;45612284769000.18;61139635252424.47;48271073562678.88,false
193078,573.2484130859375,563,521,1552.5330250400918,47072380137646.66;44990573135474.82;43770521888675.46;47536812695664.57,false
193079,594.8861877441404,564,519,1550.0373601617785,45823929808652.414;44172141189748.71;53061947035012.984;46125989779320.58,false
193080,590.1316589355469,562,522,1555.9315712262987,48373302182164.68;50433088809996.19;51013045627062.12;49195591304235.67,false
193081,717.31982421875,584,541,1495.2373522781918,58789418397694.61;55798128294752.44;69170353939206.586;58258880260093.54,false
193082,679.7025451660156,586,526,1107.8890941047603,35519694140415.68;32367151204644.086;48981727250490.4;35140885504467.477,false
193083,688.6772766113281,586,524,1110.6927399514557,35481145507775.07;33262913982987.504;45060851585895.83;35155538088671.0,false
193084,695.9820556640624,585,530,1109.9407341425522,33489735045796.953;35076970106957.742;32854281143485.57;33467352348273.49,false
193085,697.8500488281255,585,525,772.4272129530078,28235051180736.504;30563854823085.97;24154322398168.55;28173759151722.61,false
193086,694.9557128906249,583,530,1047.9047365644572,30341143052436.273;30530397832291.402;32595534156671.266;30273303782151.027,false
193087,685.7282318115234,586,527,1047.987600873819,33118185260391.664;31407503302020.61;39973675628151.484;32866939174468.617,false
193088,681.719537353516,586,524,1047.3224741140261,33021115489266.1;29127333671901.32;43086173162112.33;33226943872181.977,false
193106,2003.6507324218755,605,604,4246.454687819685,295407651422735.3;770333369490268.1;861171053029231.8;771802650831787.5,false
193107,1968.6474731445317,587,583,4364.975000153445,303946520391681.56;873113810661116.0;981920596840808.0;869069782014727.1,false
193108,1863.6043701171873,588,588,4267.6131180198045,299312901457400.44;740770314019280.0;829936853769763.8;742378444822865.9,false
193109,1517.9486755371095,372,371,4273.634181184203,276766309633697.5;735567484985203.2;827938526459260.2;746956934783077.2,false
193110,1961.3777221679693,607,604,4314.760481106138,299786099722017.7;897039652511408.1;1002787699789482.9;896131434579653.6,false
193111,1868.988623046875,607,607,4030.726978390757,290428911989871.8;763618220336057.6;862519074129337.2;774856957023397.6,false
193112,1932.532470703125,609,608,4294.160173634094,298021638932861.25;920529649756247.6;1016837096778625.4;929494659093977.2,false
193113,1898.128173828125,591,589,4260.278267492092,296975411645549.1;889740954148732.9;995125737320857.4;893231666364421.9,false
193114,1944.6119628906247,612,603,4436.250895762082,266442792772619.16;787912896999404.9;896795451149171.2;803268190726756.9,false
193115,2042.7691650390625,609,602,4324.208201381721,266436936880504.88;712022993080602.1;787146935457082.8;717980725850623.1,false
193116,2155.765686035157,606,600,4365.998379706917,267070559739322.16;782873308497315.5;868773015984321.8;776869932938022.4,false
193117,2097.7428710937493,425,425,4875.081403508441,289938334535102.0;760197179440469.8;857521844590604.5;774103840564054.2,false
193118,1515.4795837402335,218,218,3733.674244747196,212252499596341.53;750526146401492.2;847441322920786.2;773714149931520.0,false
193119,2109.456921386719,588,587,4367.172257762552,273437895611386.53;780517836964993.1;873414233766449.5;785283890878575.1,false
193120,1897.0070068359382,268,267,4211.231300141094,246746557378299.25;770391234658093.6;847587760011721.1;791710276996616.6,false
193148,1383.05869140625,667,632,6743.407398795101,277325858952936.44;456208451043362.4;517992339910012.56;479956984973936.8,false
193149,1413.5377197265625,269,268,6794.59968062712,285494693662815.1;433187060757176.4;491981505688639.5;450914628290708.0,false
193150,1277.774169921875,667,648,7169.783516864899,281668502168834.6;531961269883553.2;633779341260267.4;563470951174492.2,false
193151,1235.5088867187503,669,667,7333.438766954649,285257325745946.5;448842293677929.2;531437645754431.94;469084646035011.6,false
193152,1477.987921142578,640,637,8114.633947879154,293147501236143.4;402755808615049.9;451670274579348.8;415204741590754.8,false
193153,1562.960290527344,645,642,7353.6066055570855,286989867419553.1;386037643654822.7;430831832435043.56;402742820857586.06,false
193154,1490.35634765625,614,613,7767.19653201472,299711105312858.5;384338692131916.94;457870806573605.44;402250262417228.2,false
193155,1420.8199340820315,329,328,7143.090403970424,284980950334192.7;357501944655566.75;412824473460907.0;368673708734670.6,false
193156,1554.3134155273438,493,492,9262.191407580052,325525580748584.1;450232705525257.44;525024349446325.6;464355925231065.2,false
193157,1407.8545410156253,510,510,9057.731924414926,318268512570175.44;387051149190560.7;446115798317629.8;401351847504884.9,false
193161,1505.6625793457033,584,582,8568.392767249341,324101872156359.8;536046978150728.6;622498328531956.9;559228436902481.25,false
193162,1540.8685668945313,667,662,7515.890615137682,285553704027865.75;519505299234288.0;607232270981155.4;544613137561434.8,false
193163,1393.0031005859373,629,628,7404.737819761545,296853040827354.6;470666054280942.44;567114433682110.4;492961132036980.8,false
193164,1488.0794677734375,651,647,7951.9509605288995,289901465128841.5;371487718956304.9;440049231336510.8;388151177425970.2,false
193165,1254.1405029296875,461,461,8513.373415576316,337212721967798.4;517475721194117.25;603007143600756.2;543685854123721.0,false
193166,1227.7407226562498,611,611,7794.849085835549,314980894126625.06;443954659412730.1;520930014352136.9;456047952714228.4,false
193169,1003.8883056640625,665,663,5588.941003662402,255140685964111.6;344197905207057.9;379576613126231.94;358151865278593.06,false
193170,1291.8013916015625,434,434,8232.931140127963,337228761355715.4;546929984134166.56;644520789964157.0;574237574493819.1,false
193172,1382.5200317382812,667,663,7821.241020666511,295951563302176.8;450754253965542.9;518439632021471.0;462965149110446.6,false
193173,1477.6565673828122,664,659,7341.785670216793,281662628733480.06;376163295921709.6;433929487832870.7;385750328441417.5,false
193174,1347.542102050781,667,659,7568.716022198946,287758056843712.4;393085664382793.94;454272206119306.06;401619960992165.0,false
193175,1368.2432739257815,334,333,6891.419828821985,263149244619159.62;345872520965741.56;413443264830079.7;363724311140348.06,false
193176,1446.2983886718762,669,659,6870.090753333418,262893596846122.78;373173638763666.94;440938280814213.9;395532149926480.9,false
193177,1416.5030944824218,356,355,6918.854707904147,277324422553425.5;350454116450597.75;418588568163271.6;369759737801363.06,false
193189,1049.15234375,701,673,1524.9847164037012,106508655366434.56;95440566368175.12;110696655631632.61;101178744194956.75,false
193190,1190.313330078125,695,684,2261.5387929812946,175560473353545.53;175234438445468.56;209336379521158.75;171578345920096.16,false
193192,1179.8446350097665,700,681,2241.9165118869505,205502762165544.03;200341413316113.7;236352706127264.75;198273471952168.94,false
193194,1168.9468749999996,699,678,2250.8538177717023,197143444132620.88;199829493107150.4;230598609578041.16;198796024688251.4,false
193195,1046.0023864746092,215,215,1808.3442674278883,188164370641994.22;264590656296253.97;306045139982570.3;269183634608156.75,false
193196,1180.41162109375,303,303,2208.436106706705,213522675508582.78;264179731938840.4;296097984082549.25;259232144979401.8,false
193197,1339.681860351563,701,670,2383.4858843595744,213077887726834.25;232644614395601.4;241389628835418.6;233172251703165.16,false
193198,1446.0182556152342,700,650,2385.6318095546944,219029734196919.7;240898004725766.94;255402392561973.6;240746287342737.3,false
193200,1068.6496826171874,245,244,2042.881112066047,182153152415726.88;317922811069047.5;359423059311200.3;324199958207810.2,false
193266,1672.5167358398437,752,751,4511.271570077171,290589668643972.5;315408193797752.06;367872087189556.6;302914406441686.8,false
193267,1681.5207397460938,364,362,4604.814256844456,236855439394535.72;418456222410653.9;469702910486871.6;414013094508498.6,false
193268,2097.95166015625,473,473,4992.405327421058,269651553282737.94;559310049610200.6;629388433294666.9;554885554369300.06,false
193271,2135.4408325195313,480,478,5380.224427563692,271043346066082.3;601510696934391.9;685916796840630.0;593377333307343.0,false
193272,1391.6329467773437,685,684,4121.23681738704,248604261526709.66;360305078782856.2;420194111185322.94;366035635877214.0,false
193273,1776.2414794921879,319,318,4637.887340599798,224306648843212.2;510342466799070.9;575389683168100.6;506932656993830.0,false
193274,1874.535009765625,349,346,4713.663161957481,234292226128360.03;520474299850186.8;585047488383709.2;519651371784531.2,false
193275,1472.3843017578129,282,277,3949.7894543932744,201738235702173.53;430699378755027.06;477364210046630.1;429773107545269.2,false
193276,1305.9139526367187,275,273,3097.348158992619,189926102057187.47;328898803623838.8;377591951837981.2;327531014032952.0,false
193277,1724.106689453125,559,546,2930.368492953242,212150844832881.88;248960860052054.84;281634588489939.06;243846450806858.94,false
193278,1787.947418212891,632,630,3911.0569234463433,266150733340572.2;321716470628991.9;369691618063375.0;318275881139858.7,false
193279,775.7580993652344,235,231,2691.129785172301,151440926039907.3;239891603014778.62;270033168580882.2;236555957188998.6,false
193280,1804.7063903808598,638,636,4250.456319093714,283578425192211.1;398720949796233.25;456748405457354.25;392921222139088.25,false
193281,1621.5891967773437,636,635,3929.294315659999,258520837531388.22;354586469624910.7;403580344518102.8;346663403648086.25,false
193282,1530.9924438476564,525,523,4414.989187339783,274764322461700.72;476364894871784.9;540824488724247.75;483375592808318.0,false
193299,1010.4793548583984,256,253,3779.3950848916857,189036626591411.2;1117390079329073.0;1181408319243374.2;887743637436641.9,false
193300,2458.5352783203125,468,447,8643.200568061466,258123492790320.66;2222416002560321.2;2250167974439630.0;1581108453155449.5,false
193301,2384.1435546875,503,474,7881.4608473315875,271772496113785.56;2057676058732635.5;2139322428839715.8;1645279707162237.5,false
193312,1139.3715698242186,657,531,5812.321800455403,212042379646546.66;940169979403686.0;1059756635764593.0;953110802698021.4,false
193346,1214.2949279785155,228,228,4496.51227057882,273152066426135.25;342084260399988.6;407093544048039.25;360281303897621.6,false
193347,1308.138818359375,611,596,4204.57305196562,253249112766736.38;363700627981864.1;419907791541401.3;375521213293591.25,false
193348,1273.2940185546875,653,602,4341.852126283205,238491538514049.97;343306963905287.8;375265737545100.9;346115415971387.9,false
193349,891.2726287841796,714,598,2348.5420517315574,143362055497567.03;128383209885870.84;143864945746072.2;136482989020273.81,false
193350,997.890118408203,709,665,2820.131828111605,206035981451162.8;196586051273110.56;217979008335148.38;197991759427973.94,false
193351,905.3326293945312,697,586,2639.5218574362034,167695369058351.22;183106270969769.97;202035051313108.53;189582330339234.34,false
193352,1091.0672790527342,622,600,3548.3383806428924,244741093569223.1;262365839148676.0;313615915520504.1;271542255736968.7,false
193353,983.5309143066404,623,588,3015.2859356358194,195614218701265.3;227630302508230.94;278772886084388.53;237956855737673.2,false
193354,762.7144073486327,622,577,2007.66947204894,124757856482521.08;113583303907637.19;131201650953030.14;119852863232495.56,false
193355,1086.275677490234,622,598,3471.797809722677,229580740408357.03;289854131609987.1;327076890437563.75;290779677588498.25,false
193356,896.4826232910156,643,564,3111.7116710417686,209287644650496.12;209462359995301.72;253465271081932.4;216132298661829.34,false
193357,1193.4740966796874,638,591,4521.538611719544,261682584925696.1;394866663311975.56;479865013929403.3;406631435664968.8,false
193791,445.7881164550781,551,550,4534.524666711458,284020479014854.6;367351434022008.6;398500881947804.9;363762011674077.8,false
193792,459.91159973144534,640,617,6300.063726089028,278849270351222.03;427736917208353.94;475657377729779.4;428735093712039.1,false
193793,420.74211425781255,641,624,6302.335058200112,275063718224122.62;424337944103218.25;467458093870560.4;426730940269512.75,false
193794,490.4276489257813,319,315,4292.664910591153,259345749664291.6;310010545232833.06;343738033069599.6;308365504094992.44,false
193796,545.628825378418,654,620,3767.6159894293733,239183126655103.0;326931293165141.44;366979249715929.56;323267616854392.1,false
193798,595.4792755126953,322,309,4480.133952119865,270153770874740.44;387828109271264.8;430977813800518.06;391460319073950.5,false
193800,563.424353027344,649,620,4066.719943771868,247154154072475.7;323965478770551.7;347857586248871.1;322779346828352.2,false
193801,482.67261657714846,640,629,5533.817511877269,287028844364090.75;371957544343169.3;405329613875544.56;372883391975385.6,false
193802,333.6245269775392,625,619,1977.8068690151067,96660178635337.9;95218886279641.5;110425645155619.12;94059130210434.42,false
193803,319.9858459472656,421,361,5303.974837351249,288137990352057.06;409620530146911.06;453289869053921.44;411173183533903.75,false
193805,267.2039489746094,629,458,1975.2467004262812,81059364993987.98;80810893808278.75;83590714945981.02;77442419786780.16,false
193831,274.01631317138674,348,346,,113861271710.63864;1659924129590.2122;-1399276579719.443;-246328462480.38116,false
193832,628.5269409179688,503,499,4120.622659259216,261672975441283.2;521047499000890.5;567110315396609.0;513456775439849.2,false
193833,457.17828369140625,370,366,2412.5614541806362,193352162687666.44;290301062285788.44;301797011695801.9;279642003572721.22,false
193834,304.97527465820315,592,580,4826.185046891755,185116241909282.28;187082034474963.44;188125869739739.5;180973466630234.78,false
193835,197.43011779785155,420,409,3531.216572507503,77408527777699.6;80103358398523.17;83858028629695.3;76398345783846.38,false
193836,350.30083007812505,595,578,4852.304953085468,194361373052427.06;196652305798789.28;204851414238146.3;189704093981446.66,false
194004,166.4766326904298,331,253,304.0788694455972,25423247649056.44;22957284615691.992;22120356461559.57;25022105515939.715,false
194006,128.8778751373291,464,338,,-32563402607.301643;917110228714.9548;5232120738508.933;39658541823.041275,false
194007,166.34822998046874,323,236,286.9458441967989,19492670410315.58;18819250752598.363;24892213461679.0;19125188365437.09,false
194008,183.46317443847659,461,164,417.67844951232803,34810776802279.434;36811275620547.05;38125809028257.26;34566365905207.13,false
194009,122.37293663024903,342,314,,20600797395.716564;-2058171408674.3574;-13438215800910.305;-580299215402.2471,false
194010,166.07726287841797,262,182,,27776813994.065353;-672752333619.4543;-5819134895351.123;257087342937.50113,false
194017,165.59311676025396,290,286,,78006331344.3102;212404145681.11398;2818001355586.557;-216501783966.28815,false
194018,543.870327758789,520,520,3390.4532111469944,270373765774893.38;436689984585080.9;503849429640929.9;451790363632935.3,false
194022,554.5860900878906,486,484,3316.9696727549876,269836590678247.03;420031539665605.4;473263948812887.56;429056807497914.6,false
194023,542.8041809082031,498,494,3385.4397073677,273006002926833.06;434343858423574.06;487879759203529.8;443984305904476.3,false
194024,551.9853637695313,427,426,3132.540977514049,249055009549541.75;373577789019814.75;428648550740990.5;382817353235985.9,false
194025,534.9346923828126,461,460,3265.0705115517303,253706010096130.3;371866699566458.7;425287764276346.94;379928254082126.5,false
194026,548.4218109130859,482,479,2820.904391839049,254409335323476.47;356478283823593.3;403183043782229.9;363562826794308.44,false
194027,510.74570770263676,454,452,2759.3189024355947,248541221283879.0;303213453306066.3;336967061242308.6;308564619603041.3,false
194028,562.5104736328126,457,456,3245.8763978786374,262844025024952.22;432363091888145.75;487196655506572.1;440721868179383.2,false
194029,505.13033447265633,607,606,3354.9211866752757,256718632934808.1;393808489909561.75;437031485545262.75;399548385460876.5,false
194030,538.2710479736329,474,473,2804.4321669342626,256109285765183.97;315157655499871.25;362634796059802.9;319105146692169.0,false
194031,573.6132019042971,458,458,2763.978777918626,258522299093097.72;318247104697464.25;374284425989093.8;323209091305119.4,false
194032,481.5854797363281,403,402,2618.4666217195904,234829134152423.9;273544313852191.47;294973306687684.0;275728201831344.44,false
194033,491.9310638427736,649,643,3201.5739967291283,247340817413035.75;365571311261676.0;409627283272929.9;369086231175872.6,false
194034,409.3259155273438,646,645,3210.581470427046,230503214759915.38;300627533750140.7;341788710257965.0;302426911866451.7,false
194035,367.37459106445317,646,643,3209.405719070227,228351983197645.6;240713320621767.72;268195889419671.62;240216769437996.66,false
194036,402.2861724853516,566,566,3814.153948415611,257098560197895.88;299466944403216.7;322090404362206.25;298672246588476.25,false
194065,640.1322326660159,388,385,2945.7063148755014,228048581559604.75;398599133575792.94;446462817979245.25;400726407610958.94,false
194066,494.07981262207034,408,406,3017.9850353090624,236510973517248.4;345654379163467.75;377802204246688.8;347357859575008.75,false
194067,729.9930816650392,674,653,2829.4110669741804,232986155871149.06;444154980439986.75;491848237370917.44;449112248177445.6,false
194068,812.6686248779297,618,618,3076.184796240202,253165577581393.16;491880975104595.8;533381405579314.25;495820996017717.75,false
194069,710.8861694335938,405,405,2983.595482742009,243514591092839.06;466866783745439.06;513038247787166.94;472629229962015.25,false
194070,703.345770263672,407,407,2480.1852969417737,242221557901662.06;381401214745106.0;429127326754451.2;384598874855993.3,false
194071,645.477575683594,385,385,2051.5142797473377,220243893510640.62;277179703082140.62;311233771808307.25;279550606754667.88,false
194072,610.1282470703125,403,403,2407.7915888948723,216704072249709.3;302579261701217.4;328164676023883.06;296805492224608.7,false
194073,550.3404907226562,551,550,2824.504311517915,264721119955904.5;349024306932553.5;398938572548256.4;354602670961110.6,false
194074,488.98505859375,481,480,2281.4435371214936,249243946452958.94;283779845933008.2;325741085205028.2;286537562965995.8,false
194075,750.6077270507812,657,640,2553.6534976279763,243998838752413.75;375494252837643.5;421104056659096.44;382224813600062.5,false
194076,625.6775390625,464,462,2980.467346960494,251684476539097.06;374322444711129.3;419913225768116.25;378675215051432.2,false
194077,713.7445678710938,429,427,2900.4958806613604,261555584153606.97;450642792005241.56;513674756587925.3;459040827265716.9,false
194098,450.0352722167969,674,663,2420.977583511055,199978018956927.12;199731937262902.7;216560609980801.53;197709155080797.22,false
194099,444.7391860961915,672,664,2509.3086686574043,206390312979871.84;231732601193909.16;258525763536601.16;230904050231888.16,false
194100,454.45122375488296,257,256,2038.001792742254,176964514928374.84;227452749328215.1;245933803987319.06;228842221635143.22,false
194101,444.3989562988281,257,254,2040.88563119588,178597565515546.25;228913738304389.38;258947909020079.7;228582931395914.5,false
194102,512.3361846923829,504,500,2871.433087608524,269304349065353.88;329689431640076.25;365134242673444.56;327708642639391.1,false
194103,491.60347595214853,553,548,2816.5461491471415,236100411442322.0;286601295335856.0;321607219288168.5;284105640355849.4,false
194104,514.7469970703124,484,484,2834.844802622624,259710071481699.25;337824536348370.06;380546305588124.56;336394583869119.75,false
194105,490.49149627685546,430,427,2722.805164926923,230618302743994.97;302448422532968.3;331213935194434.7;301028707500132.56,false
194106,500.77415161132814,435,433,2727.428632153607,232695547981762.28;287583575786860.6;319502104369948.8;286088822495443.4,false
194107,580.307553100586,468,468,2800.0699985648816,260068069788198.8;369191829078082.4;408864466247874.5;368786395316364.2,false
194108,606.8814208984376,437,437,2726.7635604793136,234019550659005.03;354151942592064.94;387405537914066.6;354656117271035.6,false
194109,588.7037048339844,494,493,2842.1687911832487,246749490799923.8;346279131016394.8;379726027286197.75;344444162618468.25,false
194110,434.174041748047,222,222,1747.3504559927749,132229827637767.97;168690080323535.12;176963547316775.6;167673189280105.88,false
194111,411.8778991699219,245,243,1957.692143667629,157674431532607.94;186263283820987.34;209168857154889.97;185655769046084.47,false
194115,507.5472595214844,377,376,2574.240117960722,230206618345135.88;317714280534461.06;342182521071700.94;314860368869145.25,false
194116,503.1445617675781,387,385,2612.639412767249,223835300072311.06;302128829691651.2;328499544330499.44;300485325043098.94,false
194117,465.4726104736328,410,410,2664.3158109093793,221614666130673.28;289394972141007.7;330443664174701.5;287748421723625.9,false
194118,496.6545593261719,417,416,2690.254905202271,222271368618440.44;288110591729034.4;316257286186999.6;285922940138109.5,false
194152,658.167791748047,598,597,5750.372342368914,321510940292166.56;724104958372148.0;780073828526074.8;722629789489562.9,false
194153,737.6273345947266,630,626,5610.046312077853,309377094375024.25;899777055189960.2;942025551104165.0;907732134426619.2,false
194154,664.7320068359375,329,328,4764.4107554571565,284991529624069.5;688970880995150.5;748763346985562.4;694505459517390.8,false
194155,300.0149780273438,611,597,629.3738417533926,35099621474542.867;35427494224201.516;41025701092259.38;34678060088478.63,false
194157,146.145832824707,277,270,539.029570447188,13518873584112.223;13553903483024.76;15768895808267.568;13597249678698.11,false
194158,182.69618225097656,373,360,489.8478600256149,13235196685429.256;13190453482471.28;11770486450591.615;13355142792907.545,false
194159,131.08449974060056,224,219,534.5396814446219,14999374332481.797;14931819448562.193;13491494288274.88;15439899284946.76,false
194160,,0,0,4646.892937202073,301070832639401.75;395852188554307.06;429089707085854.9;391608354063288.7,false
194161,160.02863159179685,236,230,536.8911187862305,19309330022640.87;19634419629830.098;19610890743702.188;19694320975050.477,false
194163,168.73458557128907,249,241,1050.3893994480543,41418841807987.86;41556165976093.336;46110308078161.19;41551019883219.74,false
194170,217.5936080932617,286,284,964.6110143696237,60319406370617.35;61148937429032.31;60325686562303.08;60046748704564.945,false
194198,549.4005813598633,600,600,4702.554744851202,318055933481699.3;455171402566439.9;504684546893544.3;446525818266353.4,false
194199,626.0789184570312,475,473,4642.971320025263,296710129267363.9;486828688048560.3;541780084789150.56;481181117938661.2,false
194200,620.1533264160157,326,324,4484.782719528685,265380185694918.66;378360477051359.5;409822759180404.6;374364529713854.2,false
194201,632.3514404296875,294,292,4016.731756571995,269807309012179.94;368017730604240.8;416465013251427.6;365892911494935.1,false
194202,635.0946777343751,657,640,5137.9069675706905,279873286787621.28;429991197672768.9;465930277352620.9;425977310340211.5,false
194203,678.8022094726563,493,492,5688.67954895758,311039815986124.3;467860990221852.44;496140670075178.7;458991647088248.44,false
194204,485.510400390625,653,640,5149.3037175026675,262472556212033.84;383968939313511.44;413853075936647.9;378053335573506.06,false
194205,597.403387451172,370,370,5128.598051776414,294021158800714.25;395520854919446.44;429768680090700.06;391213904473497.8,false
194206,662.3913208007813,307,305,5080.310311431011,278656109832305.6;439846156846777.94;485051487256279.9;435542422617738.1,false
194207,595.1663208007812,363,363,5391.295391124596,294792417033306.3;399507231862718.5;438808770025846.06;394818995064034.5,false
194208,584.1123046875,661,650,5150.670143420998,285172878868080.75;571511458191975.5;623939164647355.4;567511836319822.6,false
194209,585.6045654296876,407,407,5872.743049398474,301753346596624.8;596713760001978.2;648980980371606.0;593789602354499.5,false
194210,506.84309692382817,621,619,4274.038099132452,287215040811596.2;386311099427838.0;401319156012867.5;381310679883597.4,false
194211,507.9737854003907,637,626,3862.235436827929,273647857873821.5;396736600412337.94;458328223143702.4;394268327441066.44,false
194212,573.5128540039062,617,614,6780.096552243246,286840382725940.0;656887714710989.8;700405564090995.2;655958242082842.4,false
194213,580.9090270996094,646,625,5508.9690169035985,268012331304238.56;574193102609012.1;634592311663206.0;573044806522965.9,false
194214,575.6208465576173,542,540,7406.012759875447,317015305535215.25;733478914345307.9;782537733559222.8;733075966915292.5,false
194215,488.9606567382813,637,599,3973.6846621462782,259787508826534.3;429153323864265.75;470553863539550.75;427417388993445.44,false
194216,521.0272003173828,233,232,5152.688902044269,254287799215110.6;394029247490102.94;407146639603213.0;388668056819471.56,false
194217,565.7420043945312,535,535,7770.156787259907,323111787852144.25;783763206948176.8;851570663829610.8;784540312157289.5,false
194219,525.3176422119141,522,520,8444.960524006528,312285568564853.94;636239690302077.4;668583232791301.2;631545446572185.5,false
194220,528.7058471679688,677,625,5040.038223722864,258539538182242.66;554745070770116.0;586238577363617.8;553805993854390.1,false
194223,428.655615234375,634,612,2381.3604449508325,226620132677512.56;265601150900414.1;271756077655585.47;265104333425895.9,false
194224,492.93035888671875,628,627,4923.882492500749,268442740649376.88;426184470687394.3;453137519879053.56;418454451072207.9,false
194225,603.5099365234375,653,646,5948.963493364878,278314428357088.03;709406056128406.6;774764161327106.1;711552126909980.4,false
194226,621.6551086425782,680,657,5735.842142343949,267543905840224.1;690846598688249.4;750108614648974.2;692653899206455.5,false
194227,638.865887451172,678,655,5752.094056486806,268486738847380.78;685041595872249.1;721636691399547.9;686381037796919.0,false
194228,598.096014404297,656,646,4897.294126556621,277188814436163.1;606309518163584.6;655556248555322.9;605845002107478.6,false
194229,654.8910400390625,675,653,5771.046622537329,269273760153382.16;659907146619050.0;719754088340925.6;661077959525281.5,false
194230,639.9503906250001,660,646,5908.2874815691575,275679757955344.22;690623675464700.1;739271919486635.9;692974878111605.6,false
194231,530.88974609375,404,401,5564.134899892394,260621207775480.25;491983612499701.5;525967943859672.4;490931870187715.7,false
194232,691.3018554687502,677,659,5716.760667428405,268950417631669.84;671985199823260.2;710040743226044.0;673328962336675.2,false
194233,643.3279296875002,637,633,6890.714372027813,285453789283728.8;666722278860076.0;721537169604839.1;666504485374464.5,false
194234,649.650735473633,696,650,6199.113656873521,261524946067866.1;669042575101003.1;720992877467819.0;670670577573796.1,false
194235,565.0360534667968,552,549,7231.555883553057,297134769006224.0;647133720148108.5;704945221820547.4;644407907372219.4,false
194236,627.297900390625,510,507,5768.009553892644,289990797671079.4;755563652950826.4;814059760602467.0;756225449643950.9,false
194237,564.7078369140625,650,631,4906.945289982098,270765127349293.3;572828772841053.8;628727706009728.0;570198201355783.1,false
194238,576.8025634765626,491,483,6285.158019473915,288130276743423.56;699881890888785.0;757773850190321.0;699625293411800.0,false
194239,565.6775390625,236,235,4034.0774904127884,210805388631123.06;475116795429543.56;514527357041171.44;470169092361241.5,false
194240,579.7105285644532,303,302,4799.849156003284,223564644001456.25;587281097816999.1;619173705402390.4;584628363102446.0,false
194241,476.6963317871094,377,373,6016.077063957309,276919253590375.72;579874291348667.4;625395443786511.4;574402516147342.1,false
194264,141.60494079589841,465,337,411.34557997430466,23982178060934.777;23640994160924.46;21368345020125.13;23041399864553.824,false
194265,187.593132019043,471,431,406.77535903096367,26829467226573.75;26784337098027.08;32199190764810.867;27160363783544.242,false
194267,202.50606689453127,461,458,414.7163951079979,26983447213630.31;27938276699548.11;26328906797168.05;26380066305565.36,false
194268,190.22546997070316,282,279,262.0994524441689,15547859700863.213;15795445648293.35;17598023113450.82;15800180430344.738,false
194269,176.99373016357424,300,299,321.24011951950206,24431323266715.188;23742922872337.465;28075632279028.777;23544847014922.43,false
194273,215.8165008544922,475,445,729.8597321359956,69063834262793.51;67412356639910.59;71847038232357.9;66830560257995.02,false
194277,272.59329910278325,462,437,890.4329989499644,105748727931820.77;106027409057900.05;103605171184616.9;101038606166316.7,false
194278,285.1060791015625,465,441,885.9142025986168,108763357203355.1;109460056716105.2;108394295878168.92;103304807921699.84,false
194279,395.97094116210945,573,492,1156.6518814864567,132029028680654.86;130412326274751.95;141870370794023.1;125484347445504.02,false
194342,509.74545898437503,633,632,3032.9257163135712,260145476435394.16;283076110553960.06;306969867403037.8;272451094459382.12,false
194343,542.2594970703125,635,631,3025.5602516144013,262420557600359.53;319457578319996.94;354058429637461.75;309379854767571.0,false
194344,,0,0,3025.653852153279,262502847784566.62;356566140637980.44;390474696484013.4;348498392775491.9,false
194345,585.908349609375,373,373,2963.135546927766,253764867000270.4;364099227864120.0;400235486657217.56;356982638751115.75,false
194346,523.4171478271484,675,661,2878.0909209389597,249224926714753.62;326696776995761.75;351073002011748.7;321912900210319.9,false
194347,362.0392547607422,678,660,2877.251633258194,240289781181491.6;244009302906442.06;270994650070193.88;241396540198017.8,false
194348,202.05977172851564,629,625,3035.244489110435,180329248606658.84;183229040447452.2;196833603712137.38;180417207371329.53,false
194349,340.28428039550784,264,263,2532.3072608542325,190227602472885.0;201789126509753.9;223261671518504.88;199174215437586.56,false
194350,330.7827362060547,640,639,2997.1879570387614,210714965978077.72;221472779313295.44;239791650108820.16;215133901153456.4,false
194351,318.0244995117188,294,294,2171.3917194159926,145951176116438.94;145151525415354.16;153688007975634.1;143457472418920.84,false
194397,469.73162841796875,621,621,3011.950193478789,242394323192645.97;267700094331944.38;293739000880899.25;261571077689049.66,false
194398,528.6629821777344,555,555,3029.3585529299885,286522113907173.3;335678449673950.8;363869760086612.44;329627550282641.9,false
194400,414.29902954101567,638,613,1235.4288043421695,89155124025038.22;88222420856129.44;92539771365287.73;86518294002042.14,false
194401,277.1492446899414,430,402,791.0123531384494,31371217139027.61;31775549206083.67;31565590687466.66;31489924174706.92,false
194402,173.58965148925785,243,235,651.1772221115967,18935686725613.82;19406214901938.758;19203537825805.26;19055694594990.793,false
194403,183.23784790039065,391,379,765.9233988602231,19693712397066.72;20252855769703.082;23117318861693.023;19845425915206.945,false
194404,495.04560546875,607,607,2172.247011836843,201725962358169.44;225464561183693.88;244284080382267.03;220664944830685.9,false
194405,266.5856628417969,413,404,1373.7933853518543,72174880150962.84;71926004547793.53;81960433725099.22;71104560450721.12,false
194406,305.0396240234375,269,268,1262.0015172531937,78612569228309.67;77916119864873.25;85182987033955.58;77708282109828.72,false
194408,208.63622131347657,223,221,1215.4085429818554,55643085786554.57;55305831512415.24;57114112364726.36;55544524942368.96,false
194409,252.02623138427737,232,231,1454.4025365019893,75892814706181.34;75753328921056.64;87894807524161.11;75058990610889.73,false
194410,219.53632583618165,222,221,1448.8622500094027,70460025265130.73;69919252852694.39;75138629292752.94;69395728922110.055,false
194411,632.8078002929688,581,579,2415.059342946357,239360876292549.62;306231186224043.94;328275373145075.9;296128763686278.56,false
194412,608.4510192871095,335,335,2752.2155422842197,226711189382496.2;386123124045486.3;411216363702403.3;374736127785428.75,false
194413,533.0088562011719,329,328,2685.485153535553,216266160496130.47;301710937964207.9;323970126412552.5;292183120688026.2,false
194414,468.29699096679695,669,641,5079.20480284547,281550402811042.1;453108355441033.94;487837532923531.5;447843588344136.5,false
194415,380.0280578613282,359,357,4954.891817419825,280884689818269.44;294207365529613.1;317135051372742.6;290571064975487.8,false
194416,392.15342407226564,375,375,5487.8899311221585,295991773614918.1;325209444713475.9;356761443489848.8;321534400612701.6,false
194417,484.65731811523443,683,651,4329.265323380018,278239855400217.66;375059939158349.75;405542793321233.7;369635384456755.56,false
194418,473.8397644042969,675,650,5035.095748821556,279549302193192.5;377915556097374.1;408482346297867.75;372051176641871.0,false
194419,422.9315032958985,588,584,6688.587776027106,289968457459922.1;465987899274905.94;503410156192381.06;465211052489329.25,false
194420,552.0666259765626,493,493,7158.708861641007,315947011941362.7;729905366413789.1;785240525819059.4;727723787025923.4,false
194421,508.8474212646485,648,634,5633.203159977449,271189389078668.97;575134109446405.4;608163650259157.5;570944515979392.1,false
194422,515.0763671875,655,644,6403.227107543901,270105032485445.56;604431162705670.4;649414599072748.0;600818856296991.6,false
194423,366.4214782714844,655,625,886.9631973907173,51254321788883.5;51958030817944.805;52779861925851.3;50463569574142.27,false
194424,403.5572021484375,350,344,1061.602264324916,67378652158203.34;67305494846549.04;73403314988316.19;66526092219148.44,false
194443,597.3136962890626,286,282,4873.963186013505,237822825300144.8;650201836754202.2;699937298719407.5;651694738600209.9,false
194444,876.0671997070312,394,391,5922.627385895283,272364291264456.84;977535900128013.4;1064749156476547.1;985855974491922.9,false
194445,859.8231323242188,715,699,5613.167197019245,256628762667526.7;972758431577167.4;1003587865448305.8;972373168615883.8,false
194446,873.1199340820312,719,698,5390.329212119194,255691260228165.12;930367623054916.6;1004316628118194.2;937254913276989.8,false
194447,,0,0,4682.177235533894,254811114861057.25;834160849002939.2;898635981788844.4;835318295456420.5,false
194448,781.5115386962891,316,311,4984.671034958887,249932291454077.97;862565673836576.6;928246910273006.8;871064109739658.9,false
194449,610.3822692871095,316,313,5282.244322757019,250542569189873.47;794362854329491.9;831970498940594.5;784884340481028.8,false
194478,429.9117492675783,219,216,87.29042389644194,4221286023927.051;3466622415719.9033;4360668595474.784;3874465111831.0234,false
194479,446.12598876953126,671,643,261.67963674819197,20239202593453.68;18626194477017.0;29056810994337.414;20200975649273.555,false
194576,1568.6006164550781,836,792,2844.61126261657,208108468241412.6;216500290867468.8;231470107357116.6;197689165349161.7,false
194577,1583.5850830078125,835,810,2982.8255517854805,215294795993447.25;230345077888253.28;247152589776773.72;208061861371191.38,false
194578,1539.2184936523443,837,806,3026.5755108923854,228091089433876.25;227700305427787.4;264995634366952.4;218134534456914.47,false
194579,1563.381658935547,832,803,2938.5850962043214,216495914141903.03;226011361873021.1;243895170848589.88;208373584959424.78,false
194580,1619.1954345703125,752,751,2602.989567519256,260370740077035.03;275466848629505.03;290059417734368.75;251986266034746.38,false
194581,1298.4635986328133,605,605,2374.1276014059526,136675597732657.73;143486192923627.1;151359410590953.7;126952777910803.58,false
194583,1649.8558959960935,721,721,2584.731547982929,244361403736918.56;257194673841635.7;274371887351528.56;235760054574401.3,false
194585,1219.9759460449222,588,588,2691.562062475317,146334685751231.88;146953954295900.3;151753348569023.25;135829094905729.39,false
194586,1306.8188110351575,615,614,2687.5574019173673,160089250005020.38;163063181876557.06;183511230885598.34;148307396168838.4,false
194587,1657.532861328125,693,692,2867.682909118573,246180909538608.2;336155503092502.1;381723469140372.6;314124831374991.94,false
194588,1392.6157104492188,420,418,2306.4577212997374,180803510008199.34;213658096207148.53;250690850390444.72;203983012881759.56,false
194589,1384.5352172851562,395,394,2307.3245141259517,190813387694346.44;230324075072465.94;273324428340955.38;220077757363898.03,false
194590,,0,0,542.4774633240207,26523200870713.3;27722653710769.22;26308152939306.277;25605275729095.633,false
194592,,0,0,2587.426191846643,229084623795172.5;243100511736524.1;258651117079844.72;221889320907963.72,false
194596,776.1026611328123,631,585,,16820054027.680155;450161073076.151;4498301968525.054;-192722585747.77167,false
194597,637.3288269042969,646,617,,10077807937.548077;142252762102.7679;3340052571131.3564;-80230622520.90356,false
194598,785.6972839355474,205,204,,4764568463.3970785;828623899152.9628;1002336216974.9811;-91838983772.84561,false
194599,814.6871490478516,200,200,,6902679167.34506;95267020017.25429;7862842371264.677;-77443271054.08344,false
194600,598.5953674316406,285,284,,958786749.0699526;592786350180.5505;2714183793750.665;-146574483049.21265,false
194601,801.4769042968752,395,395,,5032613315.884826;483832450041.0505;9218189852962.486;-141102485331.9959,false
194602,666.8607788085941,289,288,,7493442749.440618;438229180590.2534;5657105103546.689;-45820834265.02413,false
194603,809.142565917969,442,442,,8866801012.96106;96122873461.81306;1551489107372.5266;-32564040416.47253,false
194604,748.8658691406249,261,261,,3844203553.157456;39168496773.81194;1923439755225.7532;-91100420593.45042,false
194605,717.1500854492194,399,399,,14732706536.219124;741156899220.2511;4351279318022.6504;-109435072434.383,false
194606,596.5893005371094,368,368,,1826163201.9329622;1129382475136.238;-126272231104.44833;-228242360833.79254,false
194607,497.5027664184571,226,226,,2478402456.875657;649593201317.3759;-2508644985705.307;-171926112580.66327,false
194608,554.5643188476566,393,393,,10822282676.052656;454668931587.75287;-2301006685313.5464;-38238586798.22789,false
194609,742.0369873046875,417,416,,-144629531.14516902;800537167853.4225;1683563976595.5513;-147954912356.46606,false
194610,800.5244750976565,248,248,,94016737.90495968;158231684452.4516;-8277100785779.778;-144839597905.95157,false
194611,794.2352294921875,655,617,,1498112039.7974439;1321453151589.213;-1318415115628.436;167665262960.7951,false
194612,624.1657958984378,647,613,,85121758277.70483;8366263697819.821;-26851787657316.098;795839612887.3088,false
194613,621.0198059082031,286,286,,83501126478.44699;3646326717451.703;-25069901404139.504;1132604329440.0142,false
194614,669.2633361816406,650,614,,-19922614383.284206;642245914959.8679;-8992761782272.941;-512796030402.7474,false
194615,629.8500366210938,625,590,,77987352550.38719;14173986405547.367;-26121980306580.977;5737904852.437326,false
194616,640.863024902344,603,575,,9785144066.203428;2115175329039.103;5297255152293.124;-353963618842.2533,false
194617,646.4804687500005,649,611,,-64866376592.816605;-6592605293616.143;19810022622587.402;-1233455809349.1165,false
194620,811.1224609374999,232,232,,86638337396.81123;7544052085538.1875;-30046614333978.816;931572229227.4283,false
194621,764.650213623047,334,333,,-46720203609.54462;-9201157010810.227;45914110606372.34;-962878498360.4419,false
194622,816.9554504394532,261,261,,48857932731.31566;9489268078447.918;-11687987185100.15;-296756854163.5417,false
194623,846.2573150634769,234,233,,88262088553.15881;12011700080424.984;-25572178139133.26;830715931564.2933,false
194624,716.1783325195312,239,239,,94825877885.15855;11878579819889.402;-27691758617941.492;632827505416.747,false
194625,681.6364990234381,291,291,,52672813263.01817;5120741314743.904;-21634029419838.695;650132644432.3049,false
194626,788.5688262939459,424,424,,-131153178293.8058;-10418160658857.701;31620947295388.39;-1668967986994.3638,false
194629,846.3653869628906,218,217,,5344567961.171258;293004347570.28174;-7187568322361.747;-120548986131.91414,false
194630,,0,0,,-11468504853.139328;-1511635934717.236;-3072537911080.148;-213151047320.97952,false
194632,669.0730194091798,436,385,,5966311515.877669;6892790872956.913;-11954566695078.21;14472831743.13089,false
194633,770.5980224609374,264,264,,16211479334.257704;1614934486853.495;-3543616426253.877;91252900866.90622,false
194634,619.8367370605467,339,338,,-33714486265.806564;-3830162124112.4155;18847045157973.742;-397754819008.4956,false
194635,723.2671386718753,225,225,,10955723044.4497;-149909254844.35477;-9046921346614.521;128450035729.68817,false
194636,752.7683288574218,241,238,,-64156781519.58777;-1123512398435.4004;-3737849815511.9653;-267847451630.39304,false
194637,821.6697143554691,313,313,,-5441753221.015755;-3532516288790.029;25141223868452.348;-467058082531.19556,false
194638,799.5750183105471,607,564,,31986076527.81632;2706659152939.9;-938069345569.1003;169070248592.54813,false
194639,848.0544921875,414,414,,-34883178868.03908;-5576612719518.865;17533888389992.744;-462781322781.99963,false
194640,809.6625671386719,416,416,,924724922.7200255;-89893578756.02461;21893277006281.312;-281624201638.0665,false
194641,876.9021972656251,268,268,,-62155059349.33248;-6491107205738.835;33432574261680.668;-734158418989.223,false
194642,864.2397552490236,416,415,,-15338452108.624615;-1039439801246.5868;5760540293533.786;-191293852294.9123,false
194643,774.689028930664,228,228,,40025765287.08267;2372059275748.545;-21585265356507.125;462388909939.1202,false
194644,716.3124755859375,518,481,,-79735569794.20004;-3932378219292.571;20773982544449.234;-936833527764.8456,false
194646,731.8912109374997,319,318,,2981779083.4899583;-2785943236806.403;27840576659368.707;-460620478728.4969,false
194647,813.9877441406251,215,215,,-67197833988.04367;-2730481318262.659;18288974292911.91;-1465767918059.2468,false
194649,771.8213714599608,338,337,,38546750554.31254;6563510434216.122;-22394215995035.8;25333889902.958633,false
194788,893.7240600585938,249,247,2694.8525273662617,146104633246966.38;636787723049349.5;581405370760338.4;534864955870978.94,false
194789,1091.8153289794923,308,308,3455.27929409134,220339969423389.56;672931020325205.0;634656602745081.5;549830526035405.75,false
194790,903.7205810546875,575,500,2794.9973505914286,178835704422608.4;427305019846652.0;414866087539814.44;351194915238683.9,false
194835,919.4801635742188,701,653,3584.9514041033185,249976409325599.16;320821053642434.44;324281012891036.44;299014024466203.25,false
194836,935.6237182617188,702,640,3616.0887124376204,253258103749197.78;321533841561654.94;319958870207188.94;299401541170957.7,false
194837,900.9356689453125,701,635,3348.8038000019305,236768454930206.72;304098709273202.0;324891685216094.7;286646523758323.3,false
194838,896.4998168945312,701,629,3347.4576414827848,240045274712636.12;313487607093660.8;310433308634304.7;291718011860424.4,false
194839,889.461947631836,700,633,3342.422780216601,238585180375976.66;306250958284698.94;295927417311566.3;284687040769169.94,false
194840,894.53564453125,701,639,3338.251374823375,238566243715198.34;311421269598264.0;306325286488811.2;291391002675432.56,false
194841,901.8404235839844,682,624,3443.475652278933,248154304982119.62;330856694924842.44;314942106516758.94;301783104541649.94,false
194842,948.7245483398438,701,625,3358.6841905222136,239535944769715.0;316105956514268.5;312233351345448.7;292460585630775.9,false
194843,935.9173583984375,701,619,3036.998574649577,239206655092845.0;287953211119576.1;281608282408260.5;266032546357665.66,false
194844,841.5534851074219,656,620,3237.325192736304,238214730479720.8;258991952020983.34;250178541377716.06;234721665998759.1,false
194904,4.711441278457645,223,26,9.087314180437696,360301473289683.06;1136506887428823.0;3553490355604019.0;2064780384551268.8,true
194905,3.0491206645965576,214,25,23.34015725177651,360601246350815.9;1025714804756420.4;3506689786606521.5;2022750986627664.2,true
194906,2.6708558320999147,212,70,476.36487177695034,360815586386602.5;2751055438623479.5;6930352364525870.0;2411016748251829.5,true
194951,,0,0,1324.7269198582733,97024979586766.77;101582218965801.89;106199323021062.44;92431759504295.92,false
194952,1280.6380126953127,515,467,1397.485228587485,120459692811054.56;126297834861726.19;127445836988685.12;113623566103874.9,false
194953,1126.4557128906258,288,285,1274.786448524921,103954030668979.88;108995390819136.02;109552287944691.61;98640239297982.22,false
194954,1297.3267333984375,611,609,1711.6188171414071,142185080504811.4;149187946042519.2;148225953068921.16;132404017764096.58,false
194955,1497.6306701660155,662,656,1650.6103040828098,151001889924268.3;158048262168938.8;161952419563425.44;140790745368214.56,false
194956,1081.4522094726562,593,563,1380.582230593174,118738427704688.72;123811070153932.28;125858511559282.83;111016562805619.08,false
194957,1541.8549560546878,610,559,1331.8166183412293,130216143627383.39;136105066187383.31;138591319433242.84;122008981906119.77,false
194958,1243.1792755126958,620,566,1311.2300457356391,130800377371424.4;137063685065711.56;136135563957096.31;122497578226924.48,false
194959,1225.6450561523438,616,565,1324.0666373101174,133885439421080.81;139604709615185.16;141198667919383.3;125094211520083.9,false
195012,1648.6460327148443,686,651,7021.113488465032,271534294283407.44;571723038227924.4;591782940508810.2;540669605867400.25,false
195013,1795.0149414062503,687,656,7220.022789466187,266702326033175.7;534824378314693.44;549465961715591.6;504043025852576.94,false
195014,1750.3921752929687,688,657,7353.39684863338,263158073399002.3;524221757105843.0;546006881657530.8;494788697654501.4,false
195015,1873.0747070312505,700,668,4287.680653899354,283334084110244.5;573012594892274.9;573737002829455.9;542926941149181.9,false
195016,1765.9966430664062,687,655,7438.133582067588,258166877482816.84;525238737782159.7;538823354949224.44;498697160516178.75,false
195017,1722.7999389648437,691,666,5560.77469221149,259346550648675.84;431760240326088.7;446582611215402.5;402908687271864.56,false
195018,1824.8632446289066,692,665,6512.432325246966,266022003666971.06;512756139208757.9;536244065879957.9;480755799081270.0,false
195019,2021.68017578125,693,665,6670.367503850787,266028517272891.16;585300370390415.4;606792183835665.6;550177676436789.0,false
195020,914.2995239257816,689,473,1137.7231547486324,232708107965440.44;178780547175619.28;158640499554939.75;187935752991429.47,false
195021,1840.6002319335948,691,664,7443.743108965285,265655784084003.03;503745037436110.4;521054381004753.0;473123579716205.3,false
195022,1940.1264160156252,694,664,6938.455316121623,263373419577052.75;532713698525124.44;571953739213793.0;503172023402393.2,false
195023,1919.8217041015628,693,665,7040.586665035728,264890909893768.66;547910827402881.94;580257132208359.1;517889553344650.94,false
195024,1908.2000122070312,692,661,7035.608832407929,264759909289359.44;568865599560292.2;594963812346110.0;537260128625577.6,false
195025,1844.4870727539062,693,661,7111.38573090684,265801116092948.22;513849385228922.8;528344918599203.56;481210983448017.6,false
195026,1858.2598510742187,693,672,7042.02218385777,265732456242079.66;513651998616907.0;532865960484879.7;484492173009108.56,false
195027,1778.3484375000005,691,662,7253.219530401661,271514538464826.8;513723715221098.2;510169648345634.2;481315961633062.56,false
195028,1764.8583007812501,691,675,7254.532752623981,267598193718835.62;506468305255408.9;508498652440955.1;471183580771582.06,false
195029,1827.396423339844,687,670,7296.259986525268,273103519193356.16;547430106878328.94;561483820888102.25;514136328293842.6,false
195030,1839.0341308593754,691,656,7112.6823265117555,271458034961172.53;554159167665765.0;573945674561106.5;516481377042309.4,false
195031,2338.7810791015627,690,666,6362.552460505002,272657670681791.56;586523261124643.1;620086607053602.0;550400530915159.8,false
195032,1923.107110595703,688,666,7041.356092718435,270554736465305.0;534897886058178.8;537782268194279.94;498896135004223.7,false
195033,1905.8977539062503,687,662,7093.751869845756,273055705873404.78;548109148292133.4;568614995286637.5;513229445256516.2,false
195034,1796.8134033203123,686,666,7224.1221257926845,272219003373773.97;527345907076590.2;540265717507155.8;486563109165678.5,false
195035,1832.2310180664062,685,667,7313.041760642523,269124866561448.1;505662016293840.94;514220929302846.5;474142503822904.6,false
195036,1791.9989990234376,684,667,7300.1754713436685,266894217554403.3;471758592663960.75;488611804500160.8;441683266261878.2,false
195037,2657.9747558593754,686,668,5268.542462411267,283044055147858.9;995233406900781.9;1008078236883059.8;928665837960979.2,false
195038,2058.1324157714844,686,659,8065.675851513847,282586954382209.7;996639774210324.5;1015217549821843.2;930550019811211.4,false
195039,2068.791760253907,691,660,6043.725780389953,281556370505355.4;1034793502767215.6;1045558977532449.5;970390335623570.4,false
195040,2486.272021484375,695,654,5211.50863729714,280430802269494.75;955315189162044.0;970333560283749.0;893682870689529.2,false
195041,2288.171264648438,687,658,5716.782984907433,284872833914427.2;1042716005299617.8;1058318838436156.8;975778937242057.4,false
195042,2391.9325561523438,694,659,4831.317253158625,279141370185474.62;887091783181855.9;909966393762696.8;825985766493888.6,false
195043,1970.0871826171885,693,656,4476.550601682548,276685547674170.72;808490852856844.6;816702812168962.4;751417857776934.9,false
195044,2433.0301269531255,701,693,4797.277864144456,280240967241460.7;963923233467312.0;966180548558430.2;893126101856788.6,false
195045,2552.7272338867188,692,653,5084.611322350162,280437489739414.66;911505779004145.8;925663687405206.5;849744792810164.5,false
195050,2852.54736328125,631,627,6051.327630983826,307850768034421.56;1059808925014628.4;1072305710796452.9;986900492377707.6,false
195052,1584.170971679688,693,659,8304.086413207384,266671826505330.75;560004762339573.2;570345559820958.2;529406265207858.9,false
195053,1240.8735473632814,687,662,8481.455461396286,273939031438218.9;570043948167319.1;580171650536849.4;535735207336898.56,false
195054,1378.0279174804705,692,655,7003.229251401116,241791446702408.2;553367712802005.44;575611712744312.2;525360440144446.5,false
195055,1724.7596435546877,686,661,8173.253913931309,270975159622278.4;639700843652058.5;659180330452974.6;602243678554865.6,false
195058,1780.3584594726567,691,653,6610.391120236329,248072381942006.5;479101015562846.8;487744446542865.9;445016453879116.2,false
195059,1898.866119384766,692,658,6547.936419704477,255087379678178.2;580936011926365.6;599267848175883.0;544836930168868.0,false
195061,1800.0886230468752,690,658,7411.388077824321,261774188060815.9;579013642319498.8;596695272926241.2;545897874677378.9,false
195062,1912.9473876953134,685,663,7597.725714196676,262284319008438.06;571643384108489.9;585802084368113.9;535939385694041.1,false
195063,1902.3904113769534,688,663,6782.446085275916,260647937169264.4;500860521987751.44;526493153970068.2;470615210237408.6,false
195064,2105.9290222167974,694,663,5571.512203766109,258418828512093.88;542072601563092.3;555438271042217.0;509948508772334.1,false
195065,2101.7951782226564,692,665,5866.570734828233,260452649188483.5;576043673988088.5;585317079020545.1;537651247540711.25,false
195066,2164.5120239257812,688,657,5609.464158576777,261777686593676.12;588357212457682.4;599752942497094.4;556643450914045.7,false
195067,2096.7137207031255,692,660,6678.533109963897,260143508020649.2;566311602878674.0;591627189732526.1;532374751040136.8,false
195068,1976.6707946777344,686,659,7411.3544419537975,263848798887795.94;546888816457695.25;551844204658269.75;507363421383919.0,false
195070,2079.5582275390625,690,661,7524.174094989055,273188830292405.0;550895239658580.6;572943928453718.0;517239540896919.75,false
195071,2115.532958984375,693,656,7319.68881850594,271187364173183.8;568381107485736.5;591963763436661.8;531596510924906.1,false
195072,1873.2552551269532,694,662,6282.68423577042,265877543491391.66;584517687875045.9;589501673396043.1;543278082274458.25,false
195074,1910.6227416992188,690,642,6867.571268453933,295408834878258.4;638003698824959.9;645254915793991.9;585550247903489.8,false
195076,1871.8534423828128,688,655,7595.400430017128,268719379242461.12;601512542604391.8;620894824513428.6;561021328364112.4,false
195077,1835.248168945313,690,662,7611.5514196866325,266487996848199.84;595021240338688.0;599057953237492.1;556597696602237.9,false
195078,1672.1304931640625,689,661,7943.770295492518,272326628688176.12;609435120066771.9;632206564045158.2;572651919440299.8,false
195079,1989.8402099609377,689,661,6547.152378329552,272867069562570.97;608393720236443.6;617825971945104.8;567432839554733.1,false
195080,1998.1109191894534,690,660,6566.251655026532,269618125542590.56;584805403677662.5;591573687431464.9;548084431505112.6,false
195100,1765.9820556640627,686,650,6216.201844902056,295144636016471.06;637736984158861.9;677470177771438.8;599856990110965.0,false
195101,2143.1236816406254,686,660,6798.422388885414,262475961283507.12;586716755316250.8;616815493082350.2;547432921786646.1,false
195102,1851.2693481445315,685,660,6930.859851715196,257471937472602.2;543267380300186.3;564663467212676.9;508913415960266.1,false
195103,1774.5914794921878,686,666,6981.676502702635,251757422991912.7;583854733163406.5;603388097588469.6;547709417619345.5,false
195104,1636.268676757814,687,673,8239.187927449082,268392577281396.56;574449425073146.1;578906579953367.9;536474605887255.94,false
195106,1702.92021484375,635,615,7700.562568702067,258342620525908.25;515775747663043.0;534858389104906.1;481686878803812.44,false
195107,1696.2780029296882,635,618,7495.608279615024,260453173696360.28;511454505604299.2;526736785865246.9;481687712295450.5,false
195108,1613.9687744140624,636,612,7736.647442245202,;;;,false
195109,1759.354156494141,684,661,7153.854490202819,239492021055790.12;519916594113560.7;533950685329822.6;486337594271782.1,false
195111,1778.1026428222658,638,617,8551.699161186863,265544086617765.25;465049872610281.8;481670441595709.5;430937833029547.3,false
195112,1722.6517211914065,637,619,7916.650294030023,254733624092879.53;470439341281498.06;478864764436774.6;437880783221826.44,false
195113,1730.9831176757812,636,614,8052.1262633496435,253501963950981.06;416474288379592.56;424758116510588.25;385720819105277.1,false
195151,1411.4696533203125,702,698,8552.749961961124,287998052376384.3;545273724281460.6;559533847309428.44;496887297248891.44,false
195152,1415.1331909179687,701,659,7080.341558097819,274443348397578.84;469629002808817.0;479060617974353.25;431777234835359.3,false
195153,1468.528515625,701,653,7887.942510616699,285649420810657.1;542167153143062.6;558526191738099.1;495222918873569.9,false
195154,1433.258312988281,669,666,6786.867448205005,266632241036528.4;485799055762096.8;485104609350157.44;445020356223209.4,false
195155,1543.7068054199217,702,659,8631.50644287588,288253871522788.7;641459277649351.6;646778661588581.5;590048228312886.1,false
195156,1929.8873168945315,296,294,8628.342550417261,300480324177447.56;632531349004857.2;649012411682929.8;586071010937029.9,false
195157,1538.2639160156248,702,698,8636.267854192658,299484372447134.06;549494451619759.1;560043140781713.06;505970290824363.3,false
195158,1436.479571533203,702,690,8625.09460171273,296148717207636.75;562329284894126.6;566283992676208.6;517581343160614.25,false
195159,1489.1552429199219,702,652,7740.356795318842,282165325010536.5;550146508569151.7;561614612327252.56;507711358714008.6,false
195160,1496.2380554199217,702,699,8442.703779844389,302437093823194.9;583715790020164.9;608370046275891.2;536546866383832.75,false
195167,1087.7175415039062,613,610,9625.079080962278,262039965307505.22;442249084927511.7;450593250951266.6;408790580224354.2,false
195168,1524.74775390625,659,656,9084.24744336148,296509081809894.5;485547595974996.06;503370961246259.4;447019382994345.7,false
195169,1905.2873229980469,254,253,7534.613302344566,298589342610638.7;599713581141460.5;603498588567042.4;548114784838851.4,false
195170,1148.5427001953124,659,656,9015.96226251784,277796671236970.47;449072436012851.7;447527403373652.06;411790139107868.44,false
195182,1182.829833984375,487,451,1894.0901883117676,179518162711313.1;238849337094963.5;245907224950375.75;219183258924813.84,false
195183,1268.195977783203,546,463,1171.2169118359516,145630082599645.12;152439266422230.03;154719889007915.4;135829441506446.48,false
195184,965.4749023437499,489,458,1296.8264626715975,134904671457256.05;135008723093835.06;144544083008787.9;126305252819144.73,false
195185,1103.1719421386717,551,463,1155.2963954928798,144956759333743.72;150631757802732.84;158470797626431.5;136405137425941.67,false
195186,946.6599182128907,523,461,976.4367034804327,111954937242302.64;110215354098836.77;115447260633411.67;104949807611466.6,false
195187,877.5249450683593,526,465,962.0345051016769,111506473922264.3;114527829045822.88;112337664933148.94;104439489750902.83,false
195188,1029.653564453125,517,463,972.2372862148267,110372059969168.92;113247867996745.45;117615556973804.92;103370195540601.12,false
195189,914.4429260253904,543,464,934.4335774795281,121566243860589.4;124220206173223.17;125772630711725.67;113380392184127.94,false
195190,899.3685302734376,533,466,953.9288980902869,109897848347301.08;113092388003895.48;116160822348117.7;102793924411085.62,false
195191,954.9622253417967,520,465,976.7870993115263,108091501287986.89;111379388336542.22;111274232018973.83;101174085770407.61,false
195192,849.6458068847654,563,466,904.8866642123992,111498673811943.8;113958833398701.38;122953621449308.06;104047317537572.52,false
195193,1092.7360336303714,522,463,960.3918927292436,108498988328465.67;111408240249297.22;117209075388158.66;101582616025387.06,false
195194,952.8106689453125,527,466,962.039280079704,107072881861104.31;109996897062666.0;109551989261534.55;100317657579986.7,false
195195,938.2064208984375,510,466,1000.1943218800513,106824688132818.75;109833381550322.36;116287280175898.97;100187347652214.66,false
195196,754.6129760742188,496,460,1024.1694604321976,84489334011215.19;88310199589289.2;87765030472641.36;79879285441970.45,false
195197,932.0720153808597,509,465,1003.4597757284486,106802321906487.95;109783170647239.55;113633937281504.19;100116107306769.17,false
195198,906.825927734375,509,462,1006.3290640360457,105916996557909.61;109639812031546.3;114229395303520.98;99417912194407.5,false
195199,925.0452728271484,506,467,1010.8554177677001,107142277737011.1;110545738971565.39;105845621540579.19;100405853831735.2,false
195200,961.8842224121092,522,467,979.3283098735401,108223105668954.88;111315738502100.62;103677920332033.23;101391726104897.72,false
195201,959.3637084960938,519,466,981.7320417726431,109840180562127.81;112931233689255.6;105864809625749.4;102781200915600.64,false
195202,926.8966125488282,522,467,980.7310772919328,108716958298959.02;111657208068347.75;102412585043242.98;101871333135095.27,false
195203,976.5261688232422,522,463,974.7976963893055,108085154213896.52;111384318683759.14;113583280142420.19;101184874825063.77,false
195204,781.2706054687501,500,461,1020.115407112193,95809509350718.88;99743211176446.42;100245776644895.47;90185493165580.17,false
195206,1006.1743041992187,518,463,988.214813095346,108242158215469.38;111450966689795.53;115591141865069.53;101268935695294.67,false
195208,933.6640197753906,515,465,992.5722535099901,106935960407673.83;110513043992301.75;117227484435266.52;100264092825620.34,false
195209,921.340643310547,516,468,992.6229687249343,106706757930761.61;109571605497870.48;111866374290136.06;99958632852741.11,false
195210,943.7683776855467,523,464,975.5830681070238,107574281977688.78;110520428104619.36;117315083658578.1;100704091749760.38,false
195211,899.221240234375,504,464,994.9058638135116,106770606262627.78;109791013583589.6;108707090435433.9;100110708841914.23,false
195217,953.1755706787109,238,238,2461.49813929957,154364513009652.03;634431826366003.5;603310185523117.9;546643154494748.8,false
195221,903.8751281738281,273,269,2637.4008818243256,133370783263720.12;924968994225485.6;836844783869809.2;654256307209458.2,false
195224,818.9600219726562,303,301,2369.6514896472836,120790919068595.38;611958532500514.0;556802209421963.44;397854162926690.2,false
195231,881.2592651367187,305,300,2364.088604606525,120580280419172.28;599935537704137.4;552489392315742.8;421050402724412.06,false
195256,578.4122741699218,688,686,,181928249242.1866;4313823174640.359;-1430765708527.2798;-45664652309.06221,false
195257,2036.2675537109374,703,700,4839.52465525764,264542957966250.16;903894539285568.9;897406072153436.1;810957797165643.5,false
195258,1517.8780456542968,702,695,3500.812899733621,233801317829969.12;658399791664209.8;652406463127797.9;593072321720794.6,false
195259,1469.1047851562498,686,659,4340.146476892289,243374769772233.12;646465580182130.0;643209259512635.6;578968268686386.5,false
195260,2680.996166992187,704,702,5313.679745496528,268646711309307.66;1146000382352002.2;1122420707060166.0;1030081766678873.9,false
195261,2984.4490844726565,704,702,4947.69174111339,269292480069436.1;1226708580585229.2;1213032015862167.8;1102090994942473.6,false
195262,2494.22802734375,703,700,6050.9538724543345,259931944815557.94;1228614695951550.8;1189169627282535.2;1099796762001900.0,false
195263,2159.937573242187,703,698,5678.72066545321,259491082782706.4;1096699412458897.6;1072437304518024.6;983702303074777.2,false
195264,3150.8002441406256,704,702,4862.120067893135,267350787291088.97;1189226353840126.5;1156758512214629.8;1069795548022091.0,false
195265,3181.417431640627,705,702,4736.699512852628,266919781470580.56;1190218787087747.2;1150468649462929.5;1066680091203995.5,false
195266,3390.7409423828126,704,702,4558.524687110454,266100650563052.8;1161915752135356.0;1139203889686207.5;1044769184036503.6,false
195267,3109.37822265625,704,701,6215.693493836538,266295580914196.38;1338777806584818.8;1305253960406408.5;1205195275533610.0,false
195268,3105.79716796875,704,702,6642.307752818344,266424543914719.56;1344033726576692.2;1323123391410037.5;1205160651546634.5,false
195270,3519.074462890625,705,702,5174.970044985687,266845603781447.25;1277993628799943.2;1245642311430639.5;1148702624208090.5,false
195271,3612.9241455078127,704,702,5198.213363511959,267173071468812.1;1279754242532360.0;1234826074459085.0;1145470790466430.2,false
195272,3709.460070800781,706,704,5154.072411924809,266362718004441.1;1201160553000124.8;1146145619303986.5;1077067246873062.8,false
195273,2725.2674560546875,704,702,5124.716439084826,263620747623830.25;1169401459391027.0;1131668638568180.0;1051270462529702.4,false
195274,2555.733154296875,703,695,5173.854309574339,266494325619759.1;1018765052740899.1;990922504893291.8;912560624388998.0,false
195275,3495.3525390625,705,703,5177.268887281043,266734065139480.4;1326772100528656.8;1275047994008553.8;1192926067731010.2,false
195276,3576.083105468752,705,703,5176.877727153106,266377814583098.1;1241379539675984.5;1197100513027993.8;1117306154888726.4,false
195277,3174.707250976564,705,702,5162.570754529351,266253058367189.88;1254068109374445.0;1205543985552724.8;1120566907431446.5,false
195278,2403.5185424804686,578,576,6055.8745052307395,296052245119161.6;1114820432896638.6;1079844239646243.2;994412931650295.5,false
195279,2405.7154296874996,551,550,6975.145699785836,296866532225700.6;1062837219248474.9;1038097518164810.0;947787995757119.1,false
195280,2397.4201782226564,682,670,6065.546195938816,274948359215197.72;907260692227497.8;904769396458968.2;809523666285893.8,false
195281,2583.582763671875,684,674,6243.263366215242,274181279158048.2;996360619290762.0;972659909508755.1;889386946819251.4,false
195282,2932.3912841796882,703,695,5573.154552284443,268620236365578.12;1072717732233591.1;1051353797428259.8;954897543770075.9,false
195283,3221.892944335938,703,701,5788.22020163738,268500306752407.22;1202000097672402.5;1175151535850589.0;1071855442908100.2,false
195291,1408.970520019531,601,600,9232.409513416782,286912603852630.3;403053390694167.44;417879460336356.56;371841719525818.1,false
195292,1553.641516113281,671,638,7643.946611828785,285123872870438.2;481749744899518.3;497223079509284.7;445125406236483.4,false
195293,1799.1295166015625,307,307,8763.52365984758,313325021286341.2;591533355419787.0;605369544398825.2;545773224943923.75,false
195294,1533.062823486328,672,631,8282.534489670463,282881757909820.3;537281684260854.06;546671661328971.5;493878767857472.06,false
195295,1727.6733520507817,701,630,7800.105385842217,274435021525069.2;537462911301206.06;550964521530515.56;495009757641107.9,false
195296,,0,0,8734.936022199097,303446885990825.94;553585619343011.2;568207761418125.5;509890149579603.9,false
195492,2241.4020263671873,645,590,2945.7207561384007,243415042813505.06;470766206424636.56;519647134563426.25;428439986518918.4,false
195494,1575.044592285156,628,554,2745.8637821177804,236014691805181.16;371291395191658.2;365582921505236.2;331441246304548.1,false
195495,2398.7273559570312,500,499,3569.423962366104,299200046505617.3;570882767305262.0;559312311276853.9;507591818358150.7,false
195496,2243.0547363281253,513,502,2938.3975075953053,249292416143887.4;467777225487542.5;518743987515392.8;421804205725676.1,false
195497,2145.847412109375,512,497,2950.579564314107,249451991154686.6;469508223573522.6;479463766086505.0;413748451147057.44,false
195498,2074.4647460937504,462,446,2829.2051665758863,236153196942293.66;405940328384450.94;402852151451084.4;361194519047785.94,false
195499,1482.9406494140626,463,446,2817.552622850125,230170959237195.38;393510561764294.7;401361868940533.75;346335035028422.25,false
195500,2310.6910400390625,454,445,2868.707595497547,235231023103606.6;460511310445360.06;433371227949392.0;405860949017061.44,false
195501,2318.606201171875,463,450,2764.785629945913,237101754613284.28;463470702512456.94;470361193463532.4;409545838369641.5,false
195502,2181.89794921875,605,595,3122.896206046575,269505839827718.16;490975207643677.3;532756695872979.94;444228156666317.0,false
195526,1537.743188476563,663,662,3981.4510035408384,297665942899677.4;458131602195624.56;483561593377301.56;418147943478794.94,false
195527,1413.362060546875,655,654,3748.0960298778195,242351844356300.72;780232545715397.2;806290910095446.6;716050686107663.2,false
195528,1869.29931640625,809,785,3905.830607802706,252102270364333.9;749635716980770.5;790890679475210.4;699546741264211.9,false
195530,2187.0791992187505,654,653,4659.036080693346,278452595468239.72;958380454793684.9;991833779295551.8;885464396867371.1,false
195531,1324.541040039062,654,652,3993.8205787508696,259251876864553.44;556326917458211.7;584920239104073.5;509776276653515.06,false
195532,1794.7174560546878,654,648,3446.6806240140377,248671292717434.22;508370809415632.44;533690527321753.6;464354752527929.44,false
195533,1693.9074096679688,657,656,2954.4122163988723,246414474702119.4;352885194153104.7;373989862611830.0;320808189700261.9,false
195534,1637.1503540039062,654,650,2955.339343392578,262960193002798.22;303940706248093.2;320393031675834.3;272595737817480.25,false
195535,1913.2830505371096,654,649,3436.439059214776,275469645708136.72;389037434723752.2;417788996020285.3;350737938495134.06,false
195536,1181.4225219726563,280,269,1354.9834924101913,124688012183293.03;124013626692350.14;129076673668882.03;111648397025956.75,false
195538,2229.3484863281255,655,647,3999.3007228914867,283033078676108.06;609847494908389.2;638770974733872.5;552128216902011.8,false
195539,1912.001641845703,654,650,3636.1350431207434,271071169818846.5;440520295958128.7;466993086913525.6;399057375322833.6,false
195541,1717.7939697265624,654,644,3361.324535467609,274258523219908.0;366039995241946.3;380022424497230.0;324810319969802.25,false
195542,1859.0947021484376,658,646,3799.009323559777,275036907043167.1;418317190394625.25;438688861194229.6;376302832863156.7,false
195543,1776.0647644042972,654,644,3771.730866490894,272628068981109.06;423364710124883.75;446707068823100.56;377470139570045.44,false
195625,1928.9361328124999,703,610,4197.313626593572,262490252327246.72;763335032078198.8;779275688756347.2;703402049032377.1,false
195626,2499.3636230468755,759,610,5633.87662544821,242031904265050.8;1329370010871908.2;1360315757361601.0;1244023987495620.2,false
195627,2200.8832397460938,708,601,6819.0341901283255,258597454053489.5;1142244718589800.5;1177074821014911.8;1062345491384774.2,false
195628,1876.2509765625,711,600,3639.5378406590253,265665062785750.38;716400130090250.4;751589485735866.6;670089384841446.6,false
195629,2246.0926025390627,707,604,4663.836690130698,243689458215698.22;887501862117200.6;921517681364171.2;823826994584606.4,false
195630,2368.061083984375,757,608,6204.23107764826,240942635158860.0;1067070505639997.4;1112234513043252.9;1001811352912057.2,false
195631,2418.791125488281,742,609,6905.619577895543,246766157288778.06;999971290280611.6;1012342912136703.4;927827799260860.4,false
195632,2391.78271484375,723,610,7370.920217954198,262670284180206.22;1012569008089847.6;1051175062222402.2;945459043426732.9,false
195633,2555.687744140625,375,374,7987.63850487885,260971106182906.22;1020503862478894.1;1056955236743826.1;952368474857754.0,false
195634,2392.944592285156,684,577,8265.724566169405,281689250663807.2;1082201123666169.9;1132327546115874.0;1011329401378415.0,false
195635,2284.5458984375,697,577,6139.062297635458,253067962636823.44;1136317621955547.0;1157338194455584.0;1062288086282842.9,false
195636,1900.7639038085938,691,567,8171.80051964478,251411732286997.78;1043035611754765.6;1075230335563285.5;971303850030981.2,false
195637,2104.803820800781,692,577,7964.56255453631,248915962106260.7;1097762249707849.0;1101340144465676.2;1018584087253949.4,false
195638,2103.8359375,697,583,7903.373626954897,246926711816100.44;1102339375620267.8;1122301646527700.1;1026246219332148.8,false
195639,2341.953198242187,503,502,8039.103140208309,261789128051518.62;1131669495949073.8;1159751818329667.2;1055821542788455.8,false
195640,2556.1376953125,525,524,9094.238014936429,317636722282941.9;1471034374517358.8;1504632532202350.8;1370900876694508.8,false
195641,,0,0,7822.498472750756,245914566234994.84;1088953628288434.8;1098602959663506.5;1011341178347541.4,false
195642,2639.2096191406254,691,570,7972.897195746783,254212967838923.72;1359719752117131.2;1365049795716368.5;1247970641426946.8,false
195643,2609.847814941406,688,574,6018.975903532898,258236975322104.62;1397020316485343.8;1395158313996623.2;1286268837091825.0,false
195644,2279.4775390625,669,579,8136.975019427301,282283083808527.5;1520179956220666.0;1533483981631565.0;1399186421965104.0,false
195645,1864.898681640625,657,601,8267.806432458592,262812505692509.97;1589441945844721.0;1586679429428018.0;1459331180951112.5,false
195646,2896.89267578125,533,532,8082.5448955064685,263794151605375.5;1535585787831475.5;1560680019379756.0;1414247816493406.0,false
195647,2549.2921020507815,694,577,6447.132909061589,251235107112575.3;1101843140035376.2;1150251583077011.5;1010164461822112.0,false
195648,2445.9305419921875,691,593,6466.959061820109,252322915132614.8;1303468753466792.5;1310685124330297.0;1196617857414309.2,false
195649,2668.4842285156255,627,579,8615.877704598726,284098358241315.2;2067854195042717.5;2064078107006547.5;1784241179800553.8,false
195650,2224.484448242187,635,583,6530.818505351463,273355104282036.88;1524165807699762.2;1542500100088737.0;1389509939236448.8,false
195651,1728.2898437499998,732,609,5667.8960914334275,232971316785227.0;1110133837105881.1;1107395645454968.6;1028476926032761.1,false
195652,1748.6503540039062,699,599,6292.096675116915,244106610359148.56;972401581718209.0;1005907477322670.0;903377488495784.6,false
195653,1801.03876953125,703,606,7615.518103422154,242880979543049.16;1100437988647571.6;1138096367425307.2;1023721477691224.1,false
195654,1860.2108764648435,705,591,7624.539980562233,243416400197262.47;994196497789837.8;998733210358888.2;915121866624234.8,false
195655,1826.9264404296873,701,625,6355.852370280747,245005785678657.2;870906119102897.2;890314566520503.6;804370966802613.0,false
195656,1215.429064941406,641,605,6166.767991263615,269335773031300.06;610197460682961.9;638759976849905.9;558962506539317.06,false
195658,2201.514550781251,698,577,6170.556923142056,232257866147376.84;1041730145254146.8;1102804934044624.2;956096600080459.5,false
195659,2397.859375,693,570,6299.926980347397,236022189097067.8;1058151762211931.4;1080880585059557.1;962078783539047.1,false
195660,,0,0,5891.93642761461,234353410831006.25;1089622827780443.2;1119204582929150.4;991604692350462.6,false
195717,,0,0,2883.6578965500607,196496754774920.44;209774022455992.62;225222010386640.34;181960770353747.34,false
195718,1506.7640380859375,641,638,3416.5796646525673,228976892964665.16;263842700474574.25;249402604220586.1;228971844906466.2,false
195719,1061.8727416992185,335,334,1627.9041130154112,96831220323105.94;93792989307199.44;127015271827598.98;89570233459326.0,false
195721,1522.7970458984375,538,534,2845.0027199293304,224388687485814.3;302291979503300.94;323206070414130.8;269950446011196.2,false
195722,1137.9872436523438,361,356,2449.5518177633053,175756438141674.22;290593235933844.9;320896507073686.25;264245281374520.38,false
195723,1147.745068359375,353,348,2522.5428577651264,173873339166557.84;302720695774337.9;301906718971902.25;270391143226813.97,false
195724,1134.5071289062498,552,550,2044.3565277888101,177032137567062.94;179407956891562.3;222307972450506.62;168410961548839.56,false
195725,1531.0569702148441,686,685,2403.2405716230473,221082106690643.44;252136878608191.84;247091688199618.25;218872259951503.6,false
195726,1068.7298339843755,359,354,1680.9684230285245,156590232875831.38;165885434854062.6;207977198316065.28;151400090988527.1,false
195728,1952.7924804687507,847,806,2838.074086750961,233641425310245.56;457273619562348.0;445984218040968.9;398659836000783.9,false
195730,1012.253094482422,389,387,1752.030952479203,111390367252060.95;115307434576263.83;121731761221722.1;103340354302521.7,false
195732,799.2694702148438,387,386,1737.7987982158165,92835761266224.22;95623923482123.64;106565697359758.45;85763693749028.97,false
195733,1635.278552246094,648,647,3077.18313805285,260419105880359.53;353121823622724.2;375046717359415.7;311206587459749.5,false
195734,1182.0572998046873,376,375,2469.854218249821,187471146367641.53;272189381479598.16;283249004544749.6;242990186458431.28,false
195735,1869.3662719726562,848,838,3681.5860204926053,233127042196391.06;617689123626883.2;613910599404208.5;552799721389621.7,false
195736,1806.7708374023437,771,752,4179.798171407271,255044501010043.8;427458040805193.2;455473676745948.1;378047348387892.0,false
195737,1148.5294006347658,524,521,2116.7974049855707,130852332627070.44;137217451359169.95;134824747586143.05;120374457126800.86,false
195738,955.7197357177743,474,472,2618.3753904641617,142324911838167.8;149647571815472.5;163617675533631.62;132937076299687.89,false
195739,1692.35419921875,645,617,3265.297290751596,235140629585501.72;314340496395152.5;325490516281110.75;277390157236197.56,false
195740,1359.5899841308596,508,508,3422.9554527721957,216482016617859.72;241108249274377.28;252727949695209.66;213137361372497.53,false
195741,1980.7887268066406,736,700,4558.884276824209,233074688247875.9;641950005195840.9;650073865613182.8;569311980164310.1,false
195762,1070.8776794433593,502,499,247.484956601085,14534303178376.984;11083791840940.172;31856229462551.15;13819857939674.705,false
195763,1074.7651977539062,504,498,247.87336073691313,14751613840012.93;21061602987839.008;5266772183408.183;14713792910476.703,false
195765,1071.8676025390623,512,507,248.24534329392404,15350078446174.193;16921739573527.15;16448250330819.854;14762106168600.828,false
195766,1243.5364746093749,503,500,250.47671625978447,17204459551686.174;19040134585263.63;17578944963773.535;16772335945527.998,false
195768,1054.0782470703125,530,527,244.2897831802692,14235095557804.645;15943918185988.428;19985009551873.113;13816135577168.678,false
195769,1216.1514709472656,534,532,250.20205190649907,16137502542677.57;17807616846302.47;18708991823355.04;15684238979289.215,false
195770,1249.427978515625,543,540,480.4607854898894,26904831198805.81;29219443367589.004;30275296962146.72;25957231873927.8,false
195771,1218.6508178710938,536,534,407.40732897049355,24103934898164.15;25452418247391.312;25488219353740.105;23359749977611.527,false
195773,1422.53759765625,543,540,239.42108043396863,14222761371948.086;15423450313603.85;17729461122544.652;13811101744863.34,false
195774,1435.1535034179688,533,530,250.22777506576955,15547622985572.996;17083675722082.203;21377896724557.38;15102959170736.947,false
195775,1688.9641052246093,536,529,238.67994604026296,15699318304936.027;16995546996953.46;19906591947848.727;15295394306854.943,false
195776,1778.2060302734376,505,502,244.66315743596007,16857720909838.928;18696025543246.152;22022943970112.49;16384353895341.256,false
195778,1653.4501831054688,288,287,229.66733477319877,22547326781676.645;24713527611492.56;29548256472275.312;21861796114692.145,false
195779,1067.4766845703125,673,469,191.1268086604167,20694221973732.34;21640707280891.387;27468819249130.52;19713192172120.582,false
195780,1828.539440917969,424,407,238.33786427556382,22066838733503.633;23079106446009.062;28234749266601.73;21013788565333.17,false
195781,1752.0385253906247,473,407,245.31917027056264,21217988299069.867;23328860833189.086;27116817535294.816;20327828934792.824,false
195782,1958.6395507812504,419,411,233.146804255146,22238775519110.17;25637536882366.434;53945271508818.76;21276318479676.547,false
195783,1815.0333312988287,434,426,247.34018442577133,23331251586923.51;29202299332761.324;26313111754818.426;22390131704984.266,false
195784,1442.5260986328124,445,444,234.6744760983508,14202619713434.062;16954350419175.74;-3605011684847.595;13964420358369.695,false
195785,1567.9449584960937,532,525,242.6881458455395,16321788726889.805;15969066677927.785;16138519168403.48;15768483486072.973,false
195786,943.9799926757812,472,471,248.26106055272976,12831759795334.291;14923682966861.781;34330863320274.645;12385115015238.797,false
195787,1372.9854492187503,533,529,249.47919137853603,15911678701528.057;20153851808162.055;3023676218717.372;15472143668514.479,false
195788,1427.581457519531,531,523,248.2860829975118,15682161475425.842;16821629903598.871;30449739184241.383;15131928551565.123,false
195822,1819.5649047851562,571,523,3466.991476533361,123794276429010.92;128040408188635.56;185722822589269.3;124371577299586.02,false
195823,1960.873388671875,578,523,3218.7360815825227,130292283698847.61;148145199436096.72;136889523115213.3;135578419129078.44,false
195824,1126.7140319824218,243,186,3211.2719153971716,136561769785608.7;158493303968019.1;150212738714288.1;145534354291800.47,false
195825,2446.797998046876,257,254,3280.5687026354303,150776565158822.97;172769059706896.94;174779854056235.62;159668814722962.7,false
195828,887.5455505371093,83,82,3133.0409752290448,132083364757020.8;151284253808633.44;128834802115348.56;134120315651678.48,false
195835,2075.9093994140626,510,505,3724.509069623792,194979401939557.56;210591918043623.0;228291206825874.47;193758569051334.97,false
195836,2112.5692138671875,525,519,3615.4885287905454,171727259340945.97;181769705411604.25;223647757485035.56;170354817603317.47,false
195837,1945.1220031738283,360,353,3693.2755947583814,204805399930360.06;224700293332340.8;225999216899316.62;204117683219522.88,false
195838,2002.4167968750003,341,336,3670.115604830961,217419333487479.72;267504372384531.78;297558466526077.8;247965780414222.97,false
195853,2172.757470703125,605,525,3361.6191033333052,180423433161379.78;203071811054755.88;189934821940346.53;186133044298890.78,false
195854,2190.6911132812493,423,416,3871.4150210265707,232571260755090.84;273483761932182.12;276689872832419.72;252277748964772.8,false
195857,2363.14072265625,396,390,3784.1440328459425,231834666043729.9;356853566672167.4;359377410733004.56;328269186933354.06,false
195858,2316.961889648438,454,449,3818.0484366461887,228760018305753.16;274711982109430.6;303409580982810.9;256287905902348.1,false
195859,2364.3875,417,412,3727.142934101498,222221793450116.3;252503396103472.34;298877376562985.8;236443253216598.12,false
195860,2462.147705078125,555,530,3418.343314390154,190351655114399.66;205318967369562.94;239845680184457.56;190597861589763.66,false
195861,2688.6655517578124,550,538,3436.5682029680324,251934745835862.97;327399866677731.6;390386186813381.94;308119354041958.2,false
195862,2634.3808349609376,550,526,3378.088245997538,238038238412544.03;283316499920098.94;316283414541747.3;263363110162095.62,false
195863,2685.9630737304688,552,540,3432.157218434694,247569309531779.06;290903679534887.25;314185312811194.6;268777592124639.97,false
195864,2790.320581054688,554,529,3422.5555545459542,259716526961577.2;322500189852024.9;313819553764519.0;294743168004584.9,false
195865,2427.133935546875,699,542,3236.4912125696087,190176492366479.88;217771771520105.7;231780850065530.72;203780990757458.7,false
195866,2911.165625,701,548,2781.832783265668,210083069174772.5;239963285332723.78;271243414795657.0;227855795067532.16,false
195867,2497.379150390625,701,558,3581.9309409560456,208179364463395.25;267972577400883.72;289651544038962.9;245296942345170.22,false
195868,2816.272192382812,700,559,2858.966685528049,205462877755976.94;229007740298767.88;271809185519588.2;217336676723556.5,false
195869,2625.005029296875,701,571,3398.901261838089,223810049808352.9;277164759552511.3;266005621100205.75;258555032867609.16,false
195870,2689.9728515624997,701,579,4651.313863351147,227651533897202.72;426013468746387.0;445217208453351.1;397992541772226.44,false
195871,2758.6408569335936,340,298,4270.529074335923,243303615532703.06;381367545000625.25;409562199568723.3;359405725083465.2,false
195872,2555.122998046875,701,563,4216.282829605386,214411674369395.53;358938618355817.3;395277046323005.2;335138085679288.9,false
195873,2554.1652832031255,701,566,4047.6598735605908,219017094961107.84;302787538879393.6;342867533314343.6;285765254819501.3,false
195874,2784.0576171875,701,572,3598.5020602706927,218563296261880.7;281066143707228.34;323037316697565.0;267528432601247.28,false
195887,2175.7883544921874,553,551,3883.5208576567566,279134575045036.62;457782036975308.94;475101643255913.56;408583886923500.4,false
195888,1419.7816955566407,302,297,3529.353615428017,201395330873719.6;372958210851004.6;376967188251650.94;332371406789069.7,false
195889,2088.361602783204,594,593,3346.257916133361,277497642467535.06;365161403189739.0;370897017338308.4;320160568832726.3,false
195890,809.6371948242186,253,248,2849.4925022125735,169941844259008.9;330806224774616.44;329181948643424.8;294525068758821.25,false
195891,717.6448120117186,226,220,2434.8719705565595,147095979194835.9;323994442363254.4;319008134799274.75;287844987680863.0,false
195893,722.3143310546875,232,227,2418.959188545659,148842238125990.94;280747285323796.03;296861989435751.4;250727425461534.34,false
195894,759.1725952148439,231,230,2167.8618078406685,150354933423678.2;233680691589090.6;238368058255567.9;206932383107271.3,false
195895,1927.2929077148438,612,608,3655.03267058621,279940324256498.12;368106580457287.8;402220339536300.8;324828970533263.44,false
195896,931.4642639160156,273,268,2754.743415729117,177437151899762.75;300329603753720.6;295305860823141.75;265387690622935.62,false
195897,1363.929235839844,288,287,2771.9219810107206,194139314585747.56;335545853821654.56;331534891741075.56;299555965338921.44,false
195898,736.0776367187498,223,218,1998.4421872740227,137057657552802.33;207492294232466.28;250653947745920.9;188157831394829.3,false
195899,2293.66552734375,477,470,3405.5744000806253,256497100371445.9;450514879347649.5;481552127299301.56;401406677913542.75,false
195900,2110.673205566406,542,541,3658.4290265644477,271803940516830.03;477100201816938.25;501363204272491.56;422996457257916.06,false
195901,2337.5759887695312,598,597,3731.2218005733716,281002959285489.8;530867428851690.56;550048267656744.5;470392411029437.06,false
195902,1562.5225097656257,709,690,3226.623922487015,227854152469579.0;253240972035947.03;266671698717393.16;222961883354585.22,false
195903,1762.3142028808593,490,487,3502.409587672535,235552761979931.7;296426241472475.25;287841297854381.06;264843614644193.75,false
195904,1285.307049560547,288,282,2622.9837599295342,190715488202013.06;303640710232898.4;319724174929370.5;270242097362076.47,false
195905,1626.9615295410156,660,658,3479.6787482456775,264178225583351.4;309363614393792.9;315732835984621.5;271737534228377.53,false
195906,2198.011584472657,574,569,3006.494968046219,271694679780433.78;362220999934477.06;394841053121919.8;322036763885179.3,false
195907,2119.396704101563,409,408,2661.9293422121523,236929408167756.84;329650569911665.0;344355235291273.5;294590484386725.75,false
195908,2201.51142578125,472,466,2703.83848561567,253555026780596.94;342915903195101.5;364322504138672.4;305721268998080.1,false
195909,1315.6552856445317,440,439,3780.1979197256474,229828793355286.78;287074871315242.2;300802172156251.44;254113084733081.56,false
195910,1726.8414489746096,698,694,3032.0784923814754,274048088723912.22;353775825546123.9;377643570562370.0;312649936899714.5,false
195911,1735.4262084960938,622,618,3718.398535134929,254648550699457.03;316089984048145.7;331046030484758.7;277405767402285.72,false
195912,1649.72177734375,702,696,3313.2701352956724,274147253216641.38;374900701442290.06;409271284894444.9;331255005777745.9,false
195913,1892.9630737304688,710,689,2644.7851312525404,260093548716546.22;315274352219453.7;330208400623231.9;278119721050589.56,false
195914,1581.4886535644537,496,491,3540.7462895834437,238174592866228.4;304145141665070.0;313292373224820.0;269140965302414.12,false
195915,1391.0137756347656,354,353,3577.3924291248127,217874284351440.3;323848474198590.4;344077312066580.6;288443340751289.94,false
195916,1681.8772705078131,704,695,3264.5210561435642,273209416175176.78;378226056982766.0;399225372811992.44;334081394767843.1,false
195917,1843.9432128906258,710,702,3140.953893489584,271248810540100.72;361986975235391.25;381154704230475.75;318841925577504.6,false
195918,1745.004412841798,700,697,2963.584065216818,268763120262802.62;347850092319733.6;363806122181653.94;305727005847304.0,false
195919,1847.6582519531264,694,686,2800.0825979763176,266936750483167.56;337633946685447.06;361994719769861.06;297763973396573.9,false
195934,1808.0481384277343,450,446,8387.49244705562,260323331573446.1;2748250513660814.5;2423535688440133.5;1527436242395300.0,false
195936,1049.118322753906,289,285,4278.9756353716675,196639745254057.4;2139852330152324.8;1788501302586660.5;949469109910433.4,false
195937,932.9910522460939,253,251,2978.625634778586,174630573461437.66;1263843178178002.0;1144763504779086.2;712966382151189.9,false
195938,1357.9694824218745,404,401,6583.689457012239,238130496966952.94;3165310822224040.5;2522574112015933.5;1361175134595343.2,false
195939,1028.3443603515625,281,280,3807.5180244052776,185683366774466.78;1932477377516875.0;1653736952327053.2;865014831270107.5,false
195940,2317.502392578125,449,448,8525.43257435702,259234404270295.94;2824518928752023.5;2463157139328747.0;1656778670667285.5,false
195941,1037.7291259765625,331,321,6038.568834558093,220760503742615.53;1924434736945148.2;1789210090225764.0;1234605545317750.8,false
195943,1031.8157135009765,272,269,2806.6110760144866,177717938900110.4;1026833526821849.6;989816757458117.4;726676277329132.4,false
195944,1089.5589599609384,281,280,3740.388949469625,184476707837727.28;1823225341280665.2;1671800724737642.2;1023083774353565.6,false
195945,993.7748962402343,246,245,2909.638740236323,164208488951704.47;1389553875660410.8;1262822423134193.8;803860251669458.5,false
195946,1115.690716552734,482,285,2305.4033399453792,141793587912225.38;982062458942418.6;863828842287363.8;513533957955943.3,false
195947,792.2784362792968,446,283,1795.0714346168515,101014658440551.22;1146402066960120.8;965078385793994.5;501707207661021.4,false
195948,2014.725964355469,452,449,7718.943108872111,243734973094410.78;2969449122641699.5;2449176399583090.5;1367116705381453.2,false
195949,995.9456176757817,299,297,4813.268253420731,174783104285147.34;2743469989865369.5;2217043905372011.5;1083468787612409.8,false
195950,1571.1557495117186,358,357,7719.506853748533,232290565519289.28;2605680641509236.5;2332376669830412.5;1473949546137875.0,false
195951,1575.0293273925781,490,487,7049.424951631006,220166615602626.5;2431680678485744.5;2125560149270023.0;1293769247495629.2,false
195952,1549.7750854492188,452,449,4818.85423020841,244170809552666.5;1232729115894133.2;1214447395187297.5;1035521630440508.5,false
195953,2504.6698242187504,450,449,4812.30836293196,252199617350869.25;1549566634433360.8;1529011785420846.5;1329947005114139.5,false
195954,1996.0271606445338,447,446,5088.370237341643,250729124621630.5;1931679186282393.2;1832896956710427.2;1410101409007565.5,false
195955,950.9708984375005,365,363,5629.259837968013,228492674639775.03;1747078136802476.2;1635119378649106.8;1164406528441495.8,false
195956,1624.625396728516,448,447,8116.98482394172,258602046452397.2;1792512175385970.5;1722608808029421.0;1347052954794143.0,false
195957,2292.1640869140624,453,450,8153.353421760464,263388459489283.16;2219269000550764.0;2090133018512320.2;1596027966533837.8,false
195958,876.7468139648437,635,486,2924.156055743145,164845242770077.44;741810866440845.0;760392917440455.8;693997171500761.8,false
195959,948.5290802001954,608,482,5835.7192649811805,192562726269353.7;923866527626970.2;949489985161121.4;863873355212476.0,false
195960,863.8035583496091,642,483,3180.3048581445673,171095156327709.5;840484120700307.4;854736670888190.6;786927412729884.9,false
195961,900.8504882812499,605,502,5798.597361562686,192180556890984.3;1010173370711795.6;1016847876170873.0;931870322807696.6,false
195962,775.6934387207029,490,476,4267.460119165306,209731089285974.7;708577463016403.2;734498528911401.2;657627820925729.1,false
195963,2232.3265747070313,452,449,7948.0071692215815,259176899456744.72;2072003014633922.8;1969331938069307.8;1599377824214484.2,false
195981,2617.4645263671873,701,605,5152.858369049995,224803854387233.66;1228491300719966.8;1267041982585982.8;1161277865500425.2,false
195982,1649.3173583984374,685,606,4005.071044740384,220565900462331.7;837715845253325.2;867782663067688.0;785617164143920.6,false
195983,1847.2679931640625,655,610,5265.734152288175,243066081312942.6;1249057598362710.0;1286550499669903.2;1169876231681048.0,false
195984,1875.2276123046872,655,605,5218.342980555377,240186155890664.78;1240283272769744.2;1279084899871281.0;1159751255033206.5,false
195985,1669.2570373535154,480,479,6517.766906094346,291776859974880.94;1309423743683708.5;1346024805202665.2;1218284502458523.0,false
195986,1542.9458557128905,498,496,6555.651296463809,306982795882458.44;1291420111933633.5;1345458235624477.2;1207441939082310.2,false
195988,1376.0281616210937,537,532,6129.6096789144185,292345329758640.1;1186930514154735.0;1183459263298920.8;1099687983367969.4,false
195989,2421.3159301757814,506,502,6679.35099430385,304110636237657.44;1588207920911987.5;1625331080912937.8;1472102402735233.8,false
195990,2491.8418579101562,536,526,6350.793895342734,294637285250061.8;1533759859143883.0;1563785266280795.0;1421124591541558.2,false
195991,2552.635815429687,503,501,6734.5861422487105,306383738752143.5;1623493392548971.2;1627244777737653.0;1505120340799224.2,false
195992,2273.247204589844,534,520,6389.070222495802,290393717878737.44;1104301884049497.5;1132637002908747.2;1016915933659360.0,false
195993,2280.3682861328125,558,545,6255.449359522231,289030949418748.25;1343280083296817.5;1386550426171716.2;1247264580955098.0,false
195994,2229.069982910157,272,272,5580.843228732487,267443485354838.25;1218361279059107.2;1247908708272755.0;1125232807884407.8,false
195995,2877.769287109375,349,349,6473.569832851675,292327812323882.44;1462610602471502.5;1484969415573698.5;1330707349265566.0,false
195996,1561.0747131347653,530,526,6369.533759786513,288547234730013.56;1216659704464496.0;1250468230059610.8;1111440603738743.6,false
195998,2078.018896484375,543,537,6340.992552855171,289137818524414.25;1230773312786774.8;1258765957334301.0;1110001294042414.1,false
195999,2349.048071289062,558,547,6005.666300660397,290520960130153.06;1406386135778062.8;1431891127244159.8;1284242073875579.2,false
196000,1917.9727050781248,547,544,6352.014986161305,294435110058127.0;1307374165244058.2;1337462797774724.2;1188839458890287.0,false
196003,2014.3205810546872,535,524,6407.34192407018,292062122066170.0;1265041547364535.5;1282082800176894.0;1151071876327039.2,false
196004,1767.9411071777342,526,522,5783.585036910885,279029227947819.94;1160505148760377.0;1193446972617166.0;1051681513928687.1,false
196005,1894.890478515625,548,542,6300.23289289776,295160696724035.3;1288597089806070.2;1319988637405272.2;1177799767336163.5,false
196006,1789.2743530273438,514,512,6521.613786066798,283917095849043.1;1166610116130429.0;1187569522447510.5;1060872582307555.8,false
196007,1788.6571899414062,533,531,6352.132852193853,271650604971621.06;1079321463786969.0;1109862618557386.0;981266112448411.0,false
196008,2233.5687011718746,539,508,6216.284172827996,290178619716659.8;1370220572931412.2;1397491085537341.5;1223304448645698.8,false
196009,2312.3212890625,531,528,6344.792701810145,295940424303470.5;1409882404201278.5;1426188341699029.2;1280700907949227.5,false
196010,2501.3126220703125,552,540,6110.83156740102,292792416891993.94;1343876303383471.2;1376255442327740.8;1222105070876388.0,false
196011,2137.3775146484377,552,545,6183.068928662071,290626901124746.7;1163238918379468.0;1191367115540263.0;1057141439727827.8,false
196012,2315.1392578124996,536,513,6299.26245937787,295615052429331.3;1417592367007983.0;1450795900588733.5;1287299183259789.8,false
196013,2432.724768066406,554,541,6190.128199553089,292874713306375.1;1350275923976911.8;1378399958536034.2;1223296778588404.0,false
196014,1942.9616210937502,549,539,6292.63388133903,292564711892676.6;1281999357388453.2;1309330303721679.2;1167518677189285.2,false
196015,2398.19677734375,555,542,6179.570189453724,291874001483137.1;1360533320712228.2;1387214699244198.2;1234548854204240.2,false
196020,1987.837255859375,701,686,1862.677828807801,238729404128620.06;305445884794028.56;323176050360823.75;274588960694491.97,false
196021,2024.6317138671875,701,681,1880.7986092738201,241265705384109.34;314814805291373.56;334191444285051.75;283983806173449.75,false
196022,1584.0019897460936,696,661,2033.5798888392178,131867543001227.94;149605286756003.4;159266697547629.44;130466157587376.6,false
196023,2025.175769042969,701,659,1988.9269893141386,227293723498244.8;266326349285834.62;288241842399482.9;237816230121480.7,false
196024,1903.486853027344,701,661,2000.3224270383112,229553369907353.1;259355915114484.88;279525125900906.28;234492910347565.44,false
196025,1917.9393920898438,700,660,2003.8971898801033,212858832305476.9;252725214824757.47;262469834828486.84;228564036785208.38,false
196026,2060.082360839845,703,663,2912.382752393302,254938303482395.1;440340971098553.8;471258418311049.06;397103303643650.6,false
196027,2255.0997070312496,702,684,3467.248405811703,263376404927062.94;782906870786998.5;807404184524205.2;697548424194731.9,false
196028,2320.742456054688,704,683,3631.997737088375,261450923653632.53;897333803696766.8;902245505284071.8;805991844220707.9,false
196029,2278.523303222656,702,684,3670.9697006176775,261948605314243.97;824197791593949.6;838709846922267.2;744193497867209.8,false
196030,2389.231005859375,651,646,3970.689337127814,262751889824536.53;798911361360677.0;829174400658134.0;721359073278987.6,false
196031,1941.9924072265621,701,672,3683.533219026654,214026513786130.4;662872801226787.4;693907523876678.8;601505681675378.5,false
196033,2386.169018554687,523,522,4436.577250458232,275579515318271.6;827450805518736.1;840228816382659.1;737660041337095.1,false
196034,2610.9736328125,497,496,4386.336551219988,276634418350484.7;1158024317985125.0;1157044838258325.8;1038539372232912.1,false
196092,1243.3188232421876,567,555,31.134654586402107,1772353464769.2637;3452455564501.8506;-9763546283011.867;1476081473064.232,false
196093,1483.1516357421879,609,589,,1550541996913.141;3775807974053.5386;11756789585722.555;1488144966122.6978,false
196094,1562.4977783203133,613,593,,37430784168346.55;18678101904389.75;62454359686171.86;26058912962144.03,false
196095,1571.6661987304694,596,584,,160910511315722.94;166686032293751.72;330947835487433.56;144845050783816.88,false
196096,1593.3386108398443,568,564,,1524321613134.3247;161092505845.36792;12361973429474.5;982426281371.7993,false
196097,1590.4745727539064,596,588,,25702568893529.86;9832995380158.283;43571441109178.484;16548876937309.713,false
196098,1552.7222167968762,481,477,60.027770142351976,26032631952508.61;9908659177373.17;24718345350616.42;13735008571017.248,false
196099,1655.7795410156255,495,490,58.61813315430057,25621961808342.117;13107896495909.334;36496692308332.62;18177035824123.035,false
196100,1592.7750610351566,460,457,,749733840485.663;-1193758663280.5764;10765113487019.752;536163754164.05054,false
196101,1680.6494384765626,477,474,,9970717189474.465;7770333197734.9375;28349773597078.766;6243961853197.251,false
196102,1730.6732788085938,503,497,,43953388266029.26;32960007676869.17;84712083058617.45;30865682503922.938,false
196103,1752.2553833007812,379,372,,103934617206282.31;90944737426393.17;359324159540611.06;95486927497661.22,false
196104,1686.504028320313,533,518,63.03659482407742,13867418725831.17;11524469948496.81;24982379211447.914;13492675956611.043,false
196105,1665.4191772460943,548,533,61.556575987526756,2919339297845.9736;8748423201673.843;9744687000113.938;2942388411821.7827,false
196106,1809.9428527832038,480,472,60.02733882971422,32175480190288.043;26005398263685.7;106433192203045.14;30233129246148.66,false
196139,1655.1202636718751,205,200,2489.3438909704237,250790808003485.1;310987445512368.75;334179119249649.9;277116080141329.2,false
196140,1904.5806457519532,398,394,2090.9347345927617,261508565180606.62;321422703803059.4;335113670562514.9;287177398562207.56,false
196141,1845.5976562500002,398,396,2039.7718795796823,259658476914722.9;305864044207960.4;323694915659839.8;278022652947523.66,false
196142,1863.8053710937502,398,395,2142.258187015822,261571394405256.06;329641881995604.94;339799110029934.9;290721447991862.1,false
196143,1830.3066894531253,398,393,2146.8550059064464,261581630453665.53;321650902011124.1;345875298275267.6;290048875376683.5,false
196144,1096.460992431641,398,395,2133.7005116780992,207921035047483.22;215877325655973.38;224457394223164.4;190515491524072.72,false
196145,1100.737243652344,397,392,2143.9375370431717,208381990809323.06;209319035383820.28;216229315523955.47;191159751991643.94,false
196146,1674.5803466796876,398,395,2143.712755698488,260154636941157.7;302963008037718.9;322917786848332.9;270679970594055.84,false
196147,1812.93857421875,398,396,2139.4953885574173,260968407835400.84;319322499672697.75;340103426609155.56;287068085604519.3,false
196148,1879.9453308105471,398,396,2133.5589874391926,260898323876160.88;311327910986606.25;333750913653703.6;279002480116567.06,false
196149,1975.4963134765626,399,397,2133.526409303451,261138069703599.38;329563585357239.1;344212123605403.6;295595153318509.9,false
196150,1620.4425109863282,400,392,2128.24176531869,236455384730882.6;280095492491583.56;297917095572825.7;249845280781846.4,false
196151,1305.0390136718752,399,397,2129.532178203516,211118739166212.34;219842199084848.97;239269991905772.22;196135666214253.94,false
196152,1848.8645996093755,399,395,2127.519813791791,260088202678163.44;326223164517608.5;354811768007277.0;291879787683862.56,false
196153,1884.5156860351565,416,397,2050.1756336704366,250378393844623.75;321462690314044.56;325025745349676.1;285452046461313.3,false
196154,1919.524963378906,415,394,2050.372612140551,250508774746391.4;314716021100959.6;344709022938245.44;284019294188662.56,false
196320,1197.4748657226564,585,584,3446.7227448048525,20228413191922.48;23342619094111.42;25400177041965.44;19573911577463.414,false
196321,1539.0343872070314,701,690,3552.9962246474324,16294043120636.31;18283189833968.93;9196386453125.494;15783651195302.834,false
196322,1655.6717041015627,702,696,4535.028908557251,18365226337859.65;18850537609935.227;21763001989713.918;17883877390202.535,false
196323,1647.287353515625,679,678,4343.846557872159,17068568245738.02;15768975741037.574;11745893227208.37;16482799082231.326,false
196324,1681.5833068847655,564,563,4606.267029385087,13171398764989.594;11134954339689.197;28515698622849.902;12927694652106.127,false
196325,1697.1400390625001,624,622,4255.015673410364,11917373398009.531;11952884064063.014;4777748644324.726;12001250146589.834,false
196326,1128.7464935302733,676,646,4443.482205960713,17816477359331.055;18107194825899.25;23614344789620.055;17515188162209.143,false
196327,1955.7245666503904,650,636,4314.019287730839,25237963235764.67;27003286053655.062;21060361896034.426;24514477099822.906,false
196328,1927.6179687500012,547,546,5742.038189761135,32954616250723.14;35742570716823.38;40136408040576.88;30961441842139.207,false
196329,2200.1563476562505,701,668,4269.679145561351,28498858875441.125;30733292593519.703;17484308804581.506;26926447631461.17,false
196330,1910.0319091796873,332,331,3500.9289513207896,33032360477155.742;35454609003367.63;34652412352559.586;31117949213627.605,false
196331,1043.7183837890625,208,207,3297.5996550316017,7696050712403.143;6200951358419.403;14808653995335.104;7258694346385.354,false
196332,2519.183349609375,565,564,4673.379505493926,49097959757626.62;55977463231395.92;53441522112604.84;46392058956396.51,false
196333,2143.77978515625,701,665,3783.196382721351,41708136477272.78;45624906345726.91;54386498349966.53;39447889746347.63,false
196334,2726.7294921875005,496,495,4695.994192413817,52136359299575.04;56118845853559.72;64048004648345.25;49176102999506.305,false
196335,1679.0454406738281,422,421,4725.678793318334,36885292515910.71;37447417219523.73;56824626308747.59;34785659772525.336,false
196336,1836.6784179687502,435,434,3980.6245954993915,41725454393044.875;41141040641754.51;48635683097379.31;39553800750303.33,false
196337,2580.0852661132812,406,405,4710.72206171007,50953697284092.695;59967551348498.72;53603343097671.32;48658415617539.53,false
196338,2948.048974609375,577,576,4689.815125602932,58448350075165.73;61617227836788.61;76236810627080.89;54992865116797.3,false
196339,936.5382446289065,261,260,,135735858349.80583;-2483985838051.9805;17730328340991.9;22529598903.907734,false
196340,2356.1698974609376,604,601,3994.409928358302,35849224710126.12;42646990416461.234;21889898082297.14;34481950671186.887,false
196341,1390.4575439453124,560,559,4411.864802724032,10922558640316.355;8910092429015.99;33820503492982.934;10351511828535.514,false
196342,1409.7666503906248,434,433,4539.678162197402,10582703049586.113;8806559544185.102;16668008415995.152;10210647364857.297,false
196344,958.3483581542972,232,229,3356.1479099116546,10325853260271.416;12084083457582.246;10477408144335.273;10542389381038.758,false
196347,1791.987744140625,547,546,4199.652941708299,39292228383930.25;45330270309111.266;28429588031265.676;38432513074937.57,false
196348,1953.3222900390626,542,540,4097.323650595811,50785322188333.76;54996603668572.72;55036324914239.05;49385093565175.75,false
196349,1007.8430572509766,460,458,2496.1110719400226,87176896711.45596;1562365915879.3809;10935463504743.33;27612407418.705006,false
196350,1872.979638671875,560,558,4190.293089105305,47200582865072.195;48348110484902.8;34851701750407.367;45852967929649.33,false
196360,1092.2421630859376,503,502,2405.966591013783,92597950932.903;4978423655883.825;19798229194886.254;-66089109441.55254,false
196361,1653.645489501954,674,670,2343.3842822077745,638738564402.4703;984616772892.5718;6041145244460.342;542417132892.78564,false
196362,1534.0294799804692,684,663,1907.685878821414,103608612523.19011;673790590930.4851;15348360231310.55;61185164420.265335,false
196363,1694.03125,669,666,2344.1080069904287,2704598127841.7466;-1419851956681.8079;18889965252675.99;1545183773498.5813,false
196364,1564.0166015625005,678,671,2673.151563068122,587614606065.8971;3645281418465.323;-8697680145474.29;801764421891.032,false
196365,1488.6572082519533,272,271,2800.516666079444,161594264759.12225;-1367685654729.6318;2075515719064.2869;238503226546.63733,false
196366,1117.506201171875,200,199,2071.5911546384373,210272797673.6682;4365660033752.721;-22797340768804.598;-91097214165.84982,false
196367,1077.3290649414066,203,202,2095.9275020132395,124955133102.98337;-2046847925996.917;2828835439519.7295;-614073556971.9633,false
196368,984.5699493408204,230,228,2256.9268802655297,103153103925.16415;4284664456680.717;7799062328680.409;-124973833233.63454,false
196369,870.9491577148436,217,216,2345.1803766566018,129394446061.10687;-2696280941765.4873;13524957880391.73;36007563114.91392,false
196370,949.5012634277343,209,208,2380.255229388678,65965867521.4045;-2208268127713.4316;3766824712125.004;-113925018440.40834,false
196371,1471.983337402344,377,376,2613.1960829799305,115896656723.5238;-5290247023515.045;18022959039509.86;-466233235649.85693,false
196372,1420.1208740234379,597,596,2219.974267630123,103537302516.65382;5317483895443.409;-11695439443660.518;-332989321812.212,false
196373,1497.8790283203125,675,668,2467.4135128740822,249808343495.90646;1651906843341.5374;-573356252226.8104;424334093789.0458,false
196374,1463.973876953125,700,684,2305.8241229807354,153512456702.353;-4008356241557.9966;-7666695612080.739;-520751277191.82526,false
196375,1501.42919921875,677,667,2377.2980656669006,152304441969.12848;-1002920814543.958;7325533791161.598;-242462370065.41196,false
196376,1518.6758544921875,677,669,2518.031069308162,161904856797.52432;1037926221391.8325;7106012867685.599;333683422295.4238,false
196377,1435.1211425781253,679,673,2512.079132029342,253144459434.67056;3817556444940.384;-10832163483925.469;-245829052656.25955,false
196378,1417.6544189453125,688,682,2482.9669643117204,153016424116.99597;1307512874447.693;11648900200489.592;215727262350.0861,false
196379,1419.251293945313,677,671,2522.014948233906,180242149572.74673;2780524542595.088;-11966161065172.242;514440375121.4296,false
196380,1346.7562255859375,703,676,1609.0977451177034,64390715569.3675;-1142194727675.262;14093928273614.412;40336582003.07216,false
196381,1744.2312988281255,680,672,1754.5664808975596,141551063073.679;-182086547346.69125;-4198608984037.5522;-245019449387.35608,false
196382,1530.0107604980471,678,670,1695.8978327286654,115339526004.64983;1011895662459.7128;4659393151027.057;273268756234.30478,false
196383,1408.6060791015625,675,669,2324.998860583848,216433567674.26184;1370703250729.329;-4532673262457.261;224241977478.37418,false
196384,1430.3885375976568,675,669,2257.7105216708173,125083723391.29707;-2109351991466.5586;4238799519146.538;-6808175787.343339,false
196385,1344.6317626953128,702,681,2166.711552435218,59846813958.756195;-1673336393038.891;3228257036176.8228;-328648799746.7767,false
196386,1322.3770874023437,703,684,2259.903684497742,41538941220.369446;-2343946281418.8115;-9487113074112.996;-126975045233.35027,false
196387,1451.9309143066412,676,667,2318.9910978628604,145532201852.6845;1329013033488.8267;3606440408333.4023;397234718538.7141,false
196398,1246.6880615234375,585,582,1340.1774678574045,267171816576.69116;-1175861970582.0457;6247069775834.971;67730483004.735146,false
196399,1319.898840332032,585,580,1451.7433599544772,358949092647.4992;-2334472177249.244;-16892421267840.896;190145402916.25116,false
196400,1471.8486328125,587,584,1612.4771108390441,408426599797.05896;805166384298.3339;-4429056363020.43;495635831774.1258,false
196402,1445.1943603515633,585,579,1608.8376074098703,251089506919.78552;1057345398098.3881;-15369809533839.225;-27095544123.87899,false
196403,1514.978405761719,585,581,1605.491648829977,188920372373.419;417237064883.1511;-7625087725976.773;299853810823.3308,false
196404,1579.0246582031255,585,578,1605.3041812789158,129379659313.19212;3269341963636.4316;-21365150041750.996;-299827134293.4224,false
196405,1501.267974853516,586,582,1602.0954908094207,176135107791.74042;1308129684954.2874;-9319401542106.686;65440745555.63916,false
196406,1488.7362976074219,582,578,1613.7871604054687,246725751854.53857;-2720825927946.386;19407872642011.543;-144862056377.817,false
196407,1518.0877685546875,579,574,1576.607280748071,161772691091.32532;4299866062465.7427;2925935065871.432;-300494297301.49994,false
196408,1451.0843505859375,359,357,1512.967915659188,269638856263.62762;2567591617452.613;9253123578106.695;-174675985802.38245,false
196409,1230.7428833007818,593,577,1547.2540896728467,155811576526.20657;316250431292.2226;-5400540972531.035;418930367255.05237,false
196410,1307.9511474609376,581,574,1576.1700810058815,145307541475.83856;1245802044375.508;7980108709440.778;425976005132.65045,false
196411,1290.3409179687508,583,568,1299.3268654835365,151995273413.9669;2830826705576.9795;-3871272737023.153;-78902421102.46832,false
196412,1094.65966796875,581,572,1625.3593515865925,119022220174.51884;3109673584039.373;17906715328665.02;-36340583982.414085,false
196413,1119.7704711914062,583,577,1612.127036173888,184129487885.2587;1253260557541.2617;248117458991.52484;33170714151.846134,false
196414,1328.900634765625,565,564,1668.7431817506854,172573578816.54068;3972987952784.0947;2691466229682.9326;-56997503244.91894,false
196445,1392.2158935546877,672,670,2066.332923316034,4813751355.007144;505940691216.06464;-18660634813400.86;-623526510653.3599,false
196446,1345.3759765625,673,670,2220.998365854203,54376610254.52686;200769998161.06552;9519525658472.844;-399254807862.50433,false
196447,1383.0480590820318,675,669,2125.435766570371,53721262157.70966;3329174893446.52;-18366334425481.555;61928374158.05522,false
196448,1385.7566894531255,678,667,2029.1046765331685,42693700452.96998;-1291883689315.226;3222993898028.956;-223378495015.406,false
196449,1658.6744628906251,679,672,2073.8394647208306,104168234816.48915;-1252670877335.5598;6074346879654.895;411601035549.51276,false
196450,1406.71044921875,670,666,2097.3708336589543,28038971741.938442;-189796544357.738;8801947884944.309;-164563237593.6715,false
196451,1546.6813232421878,671,668,2089.670376545996,88964320375.98553;1188657207172.6284;-497146367392.7498;-90811086662.80194,false
196452,1549.2945556640625,683,671,2188.7113727313836,104436167169.6253;-3645246518916.315;-6824141510576.325;280491723891.98895,false
196453,1442.2559753417968,636,635,2552.340106119754,95312070154.53532;1282713591716.8638;242222390892.87952;-263873426352.17523,false
196454,1470.9978820800784,678,672,2392.435067187542,62770428406.320816;2707268818875.556;-5378903970878.035;-127665925051.20956,false
196455,1325.007928466797,678,676,2394.026138417089,85131941864.67975;1320148466934.95;2570364296992.287;-422716760563.94824,false
196456,1398.4871093750007,678,675,2392.48318936337,101133881695.391;-932531312329.1418;-14224222129154.232;114654584699.48293,false
196479,713.0701904296875,459,457,999.8321172780873,3942064107.2853312;2011261691577.624;2713153808099.001;-473807940169.0034,false
196480,721.5138519287111,438,437,849.8825424152069,18766193921.825287;2046543661106.7534;-2795983942848.944;-52807113506.308334,false
196481,825.2243041992188,493,492,2245.198963481683,40767301394.129105;2247931531422.1763;889741324117.4087;508644599737.5097,false
196482,,0,0,2205.1784492619986,7124321874.5874195;-4896594071183.249;11795688330115.092;294644326057.2142,false
196483,921.7952514648439,541,540,2996.6873233889887,14257700138.353443;-3588104849527.261;10793738551283.863;-2592210852.4027185,false
196484,1128.4226501464846,664,663,2540.7989527115337,35997412472.1731;-1089780969557.8611;13743375980809.705;-282079731025.5778,false
196485,1076.1966918945316,663,662,2539.6955510060816,36237702431.45674;1675817116239.7446;11009962004827.643;40633155126.59459,false
196486,916.1780334472655,604,604,2701.1737997284577,38858718154.873276;3268882557078.87;14404563137980.992;-144942487593.02914,false
196487,840.963653564453,653,649,2524.2408136096615,16156857410.799715;3403667397569.0757;4782914784831.176;153227066183.41144,false
196488,983.4309692382815,662,661,3581.711352496288,72936915714.3822;1266693608644.7522;-752939478243.7506;406383655517.91595,false
196489,1169.05986328125,661,661,3661.863690934404,26884871289.47828;-3595252473149.307;1527928861926.3118;-45389862816.91325,false
196490,1014.5965484619143,662,660,2386.8988560690564,45272769326.521675;-2929646044360.3213;-544171208055.81506;277889887760.8377,false
196491,1128.1008300781248,661,660,3643.014549401258,21098767803.081604;-299425443277.1324;-7496814262662.008;-54703867739.106346,false
196492,805.054476928711,648,646,2527.737432671595,16551241682.041935;1597662343749.7334;19630982937505.562;-46899735186.4497,false
196493,930.627752685547,660,658,3447.1022886414908,-12553420308.39739;4000325269119.4487;-3282101064000.0933;-417975560510.39716,false
196494,898.6024536132813,574,573,3636.2650220874098,10317225423.115467;-2669982444664.7124;6163214922298.249;38569467213.269295,false
196495,728.4340454101564,660,658,1921.547856182089,52332290672.24682;2323176173662.2695;-5938241274791.734;356512609787.3161,false
196496,798.9602996826173,660,658,3135.9289318171127,7933974271.144879;3006079081068.5234;-15606524764041.408;-295770294663.24066,false
196498,1044.3911193847655,663,660,3154.5888075363728,22863389486.706768;-294149649640.8297;-9689304337745.611;-263045572815.79758,false
196499,1003.0471008300781,662,660,3154.717751155693,17225292417.904484;1818408077363.5232;7798384101276.403;220018427456.30164,false
196500,882.2575195312502,620,618,3371.0647321879364,6418105732.882537;-1322820115058.763;5902971458490.112;-486002696599.1313,false
196501,982.2781219482426,662,660,3156.8094684785083,19841395913.605892;914684119653.9537;4833368044821.713;-107214018194.89685,false
196502,1021.2549682617188,630,597,2601.221045970086,38790131418.31609;2028504495039.768;4091012807157.6104;-129098685381.76762,false
196503,894.8711822509767,664,662,3014.8060165259567,42635141802.19876;838702405123.752;15024667733487.006;-105789754358.62022,false
196504,700.0325469970703,664,662,1880.275664364344,-8618196507.91026;670635698639.5161;-5389299747647.875;-297976059513.5393,false
196505,507.01802825927746,460,455,1413.5685599374199,80585531928.04373;-549995380763.9001;6736806147760.695;429098948430.668,false
196506,509.6907653808595,662,660,1472.8739320497464,17633175620.025585;-2720361004404.6245;-6263165299680.424;-15873817590.423624,false
196541,2076.588891601564,701,606,3697.3144957685067,14739338088434.49;13855992281225.928;3269337330043.678;15094988764950.402,false
196542,2478.2055664062514,545,539,4427.240694514575,23068367021300.25;20768278818755.61;61204703949703.98;23829091629189.777,false
196543,2308.052001953125,700,537,3309.536324302255,22392543136656.98;27271113871605.652;14241335152981.998;22723156595186.883,false
196544,2444.3599853515625,692,534,2935.855416286835,11186318333692.541;13796206915943.488;9878771899471.643;11552669950779.217,false
196545,2355.4447509765623,686,536,2962.1211882113835,11514784054849.365;12147527400790.64;3555876227201.9917;11565158730153.506,false
196546,2491.221948242188,670,536,3040.483798943632,12263824671722.283;14470205408372.47;12832436468194.918;12906957123727.127,false
196547,1840.0388916015622,625,537,3235.9221773226177,10491233241720.168;11714489234758.664;11030895216472.139;10862443996552.46,false
196548,1480.737548828125,525,521,3514.456097088715,11371705566350.14;13483272630635.469;17373912275737.424;11665427654315.654,false
196549,1553.4067687988281,524,522,3596.786394028607,12618444093031.469;14837279989166.312;6431906511203.681;13124286516704.781,false
196550,1831.4884826660154,638,535,3147.726791829454,10786109125343.81;12988514185843.49;13307225756281.77;11161000227481.23,false
196551,1807.1860107421876,622,531,3045.947074218202,10370125479830.168;13210538372436.574;-7125550127354.433;11132357107649.49,false
196552,1091.429736328125,579,541,3465.5627675240644,9634889679772.688;11316914920174.564;-786546857804.7491;10466914568176.049,false
196553,1700.7349609374999,624,534,3218.802696706454,9108623408925.18;7655039210649.649;17523998696955.58;9753535321979.156,false
196554,2038.2003540039063,636,536,3137.9050399763005,9841569295990.457;9740601900178.717;-1257495047500.5535;9932776121155.508,false
196555,1685.19736328125,541,536,3401.2062572063332,10790551518178.021;11993583997513.469;19011857516396.66;11301502690756.758,false
196572,1552.6308715820314,414,412,3238.978693399992,2373812992501.8076;4526878363011.877;-8165635030836.87;2630481050782.188,false
196573,1012.6627136230472,576,574,3908.6893520407166,1915851757877.92;2615455618383.168;17467737378091.982;885487791052.8928,false
196574,1358.018676757813,744,706,3146.4825678160373,2247430994710.3447;2749403529962.984;-3964564937011.1416;2215334658943.6025,false
196575,1574.4396484375006,630,628,3996.987344661182,2532232621269.8237;-1357464197763.569;1863344247209.7139;3126132529648.3145,false
196576,1661.4513549804692,744,690,4280.457807377267,12583502659721.967;11944535563682.785;12372001004006.928;11492236507717.617,false
196577,1681.9775695800784,744,692,3727.709751700276,13213807719641.514;14868343751336.047;15222948588493.576;12628276616640.756,false
196578,1708.3035217285155,744,694,3595.224447702923,15609060264607.6;23000751284784.008;8816630778779.52;14979515279928.686,false
196579,1649.612915039062,743,692,3634.3576068901953,15047699721558.834;17577587856483.352;3089573711892.0635;14933380186895.648,false
196580,1613.1971679687504,743,695,3558.523252154338,14659165870554.547;14546567241115.799;17114703613725.459;14308978119812.027,false
196581,1463.7142944335947,743,692,2903.0508466026413,15600488030370.447;22515936011663.582;1356612072917.074;15165568535637.799,false
196582,830.0423583984375,513,510,2786.884787532295,8345171383781.792;7358699207946.312;7659729582393.963;7499721859550.92,false
196583,1201.5408172607422,548,547,2972.6507899284443,13630060285150.469;13703720139400.102;11720714758006.031;12368775680750.36,false
196585,963.678747558594,739,708,4028.5349759712244,9176507493526.045;9702703059223.871;2585397683390.0493;8678522322895.437,false
196586,1299.7740844726563,741,693,4106.841838646442,12871816146843.486;15167540378006.994;3028554932333.4126;12784470065164.016,false
196587,1254.5424682617188,741,693,2897.7262850170614,4181098957186.879;4775719495051.893;8554283949815.709;4107761113421.5405,false
196588,1371.0356628417976,740,688,2704.876944305208,14085959213849.553;14562075503852.537;12575676249190.496;13683575236045.72,false
196589,601.3699218750003,552,549,2398.3899983043552,2938279284344.3228;3143751246392.037;3688238725779.3345;2933368977833.798,false
196616,879.2840728759768,374,372,3659.356795611957,10800789943852.654;12248353617483.26;19375146459531.055;9097826870491.033,false
196617,1481.9974121093749,741,728,3794.8451316099226,16437709578540.113;19244768158883.535;19936716851963.85;15025549289206.225,false
196618,485.6354125976564,490,489,3888.1223290939542,5471108785470.348;7371271203316.414;16879826671162.623;5852730392513.796,false
196619,981.6875762939453,574,572,5196.081694680556,9416532784908.586;12196028220401.797;9398034356590.844;9315912709945.516,false
196620,775.7386566162111,410,409,4495.297650546873,6909395242508.902;7678818788943.284;15786585404607.441;6328080114584.961,false
196621,768.4947113037113,518,516,5158.595039552714,7635498197913.997;7053482399394.581;5884609445462.7295;8128251464296.252,false
196622,804.7878997802737,584,584,5016.302192666361,8505077900926.896;8315166393962.765;10522071332847.66;8603136535549.083,false
196623,774.523867797852,446,446,4684.187284354515,11760540025327.094;15114838198859.531;6190772467982.415;11103717016214.387,false
196624,740.4959716796875,401,401,4290.607075265044,11719555422922.68;18591303885623.41;9614264987112.646;11963579688802.715,false
196625,750.5367858886721,419,419,3576.262018426336,5270449635076.452;3211767308450.2544;17862064873255.953;4663370068072.738,false
196626,679.8700317382813,327,327,3277.966226672041,8912138425261.377;8188048411505.055;10133849227969.69;8904212512406.377,false
196627,689.2668090820315,331,330,3392.891792474668,8520397922664.689;8396512658926.933;9940750385002.824;8851245216606.65,false
196628,727.7794006347657,346,343,3529.0844571991997,9540989962455.705;9355993122416.96;15722674367650.896;9158550991457.46,false
196629,699.3382324218753,345,343,3545.880227559404,9425883556585.674;6727494865380.325;15388240733287.738;9359269172314.443,false
196630,688.3288635253907,320,319,3252.1700250281783,7881562975555.805;10134357583313.18;13640995017173.955;8348728097304.464,false
196631,657.7468933105469,299,299,2895.6876963362342,6768907298876.963;9211190842443.793;2265902941689.3105;7700671570718.731,false
196632,,0,0,3354.19792864616,7396554297088.815;7032549050386.611;16680253284121.096;7627296613072.293,false
196633,861.4954467773439,608,607,5932.120449457172,12999118412055.982;11962396114362.625;13201257464084.941;13267511812337.158,false
196635,610.0586914062502,417,417,2752.0298129736866,4654814187262.368;3951958508042.578;5458597528426.228;3683945933208.036,false
196636,741.6337707519531,351,351,3660.8820137198195,8411486511832.427;10767305637587.383;8143262625369.636;8542578729070.637,false
196637,739.3883361816409,406,406,4314.694916596815,9246088718583.14;8716333153222.853;19687914024316.805;8992265585523.244,false
196638,667.3914703369144,312,312,3206.848571806086,6895151005347.487;6726244827806.222;8109566445678.613;7353877820558.62,false
196639,667.3038848876955,316,315,3119.3812058908907,7916887447411.88;15817489501822.068;7028003944043.108;7868512597465.335,false
196642,681.051531982422,318,312,3133.4073403009934,7324271591833.93;7420529588346.98;22247966202894.57;5756061248010.407,false
196643,642.7929809570315,315,315,2760.6614324664056,8463184885125.682;7995679699879.625;22201765314200.508;7851864507996.127,false
196644,722.0365051269533,364,363,3779.3245255878346,10260579153822.574;10739232822544.064;19766181117027.164;10471866964263.648,false
196645,691.576495361328,337,336,3430.0927409526435,8536961070243.297;5035154948476.493;18944128743319.516;7656463429511.077,false
198575,1029.7808471679687,564,539,,24614261281394.355;18221211973365.145;20404771899120.54;21925924526059.06,false
198577,1203.757080078125,317,287,,8735862327722.758;4899919811213.375;1042137107961.5544;6211454088531.978,false
198578,1057.6209716796877,289,273,,4008291287320.3335;2794799889676.697;353138618971.6464;2970835241197.8247,false
198579,744.3781982421875,583,580,,2823171590303.078;1296720567424.9023;3473282058889.4287;1969673995951.1118,false
198581,1503.8135498046875,255,244,,1888286062123.22;948224951752.2312;1514844264761.7083;1071665524346.7803,false
198582,1537.2020385742192,305,272,,11374807489035.908;5428503604456.04;12774463680866.57;6396239513112.347,false
198583,1508.8351806640628,277,244,,1258397348323.8684;337079519173.3086;6867077868751.058;709456028608.0066,false
198584,1582.882885742188,323,307,,10367251882038.496;3745279483313.414;9182560607124.504;6727992595645.283,false
198585,1250.4536499023438,324,318,,5254601912634.737;1885236896919.535;9395957414659.271;3501367217058.1646,false
198586,1632.2074707031252,387,386,,85739133078.9475;-165431411148.39917;-1888985378161.3025;33454559681.91747,false
198588,763.5258178710938,582,577,,13287338082232.527;5045235342952.692;8650166476524.54;8103396528774.288,false
198589,1215.34912109375,581,548,,171160753441.55728;50290729247.55982;-92381370797.76479;190770117249.28378,false
198590,1349.4930358886722,582,572,7.221104606225019,944011271710.8243;1000556018065.3945;-547569912337.03815;976218219801.4679,false
198591,1298.4070068359379,593,568,3.6142200291979827,387442184256.65674;355487582830.4753;-3334014832144.7954;393400834540.12225,false
198613,1076.9025268554694,587,586,2774.5419045901763,174527302902007.06;181433396854338.66;202320974229913.0;177093102639555.03,false
198615,469.3095703125003,213,212,1930.8157623907434,72636387903412.47;74232420236519.73;88675182166711.02;69431676936063.4,false
198616,851.5983581542973,433,432,3682.975448925336,228154187024645.0;251541389842214.8;277257632649344.66;242601777362881.94,false
198617,1034.9984924316411,430,428,4886.867007389222,240846899404497.28;360396503571826.06;406439632978575.2;350964129033245.6,false
198618,773.7199279785159,418,418,4797.058732912794,228567760977244.2;286760890509979.1;328633481591423.7;282587652267252.5,false
198623,825.3045684814455,360,350,6050.961219957147,249028638234808.53;612592975914705.5;656458728158750.9;569621668821964.4,false
198624,857.3379882812501,408,392,6095.862448432614,255651320371445.53;664359640659481.1;727701213447922.2;636010359337613.2,false
198626,836.718017578125,408,402,6487.177684919642,273192467284452.72;597584814821035.1;661194260451589.6;573554141363294.9,false
198627,829.78564453125,405,338,6707.223295534664,275432833599641.03;696283229778447.0;773263927411446.0;668642440879291.0,false
198628,683.0703826904298,540,421,4301.825975531868,209848632416440.5;414642136977861.4;452661007299288.06;398078859381029.3,false
198629,390.42921447753906,397,354,1519.609593092704,75843537094665.5;235283321487742.06;199232886801077.4;296105384065280.6,false
198658,1276.6212768554688,612,599,1807.2791146451375,81544596388477.6;81299576341561.11;92422534789530.72;80692993012624.78,false
198659,1118.6755859374998,646,604,1823.1316990999094,60596931295810.766;59683430839366.48;72930839169557.9;59653087555937.85,false
198660,1247.9850769042969,590,563,1252.2635385263661,66350493962626.0;66924988894280.805;77147423464992.58;66815438485096.664,false
198662,1275.8262817382815,590,566,717.1992136805449,41160618295624.64;41573993620492.53;49996693019097.74;41545407714184.38,false
198663,1270.5707031250004,592,564,876.0425728449895,46084865330364.92;47212842524699.01;42314117627153.8;46555650075905.44,false
198664,1285.048583984375,592,565,882.5688683952244,46481375438567.35;45966000679400.75;63966877466355.78;46941385480046.81,false
198665,1291.4049163818356,592,563,880.7185416984614,46217431024454.195;46366323485519.13;52787110417143.04;46585901656340.24,false
198666,1202.313299560547,592,565,863.3626980252885,45079501779332.56;46912548339373.65;70301162439787.734;45432322658704.88,false
198667,1128.141101074219,309,308,644.2281544352649,34573662469589.69;35850301452150.49;37694578992634.72;35607169938245.055,false
198668,1112.232177734375,591,569,873.7570456773166,44814244763022.89;44775868555315.28;56639675232470.71;45022538284936.49,false
198669,1140.3074340820312,593,568,876.871069736598,45073984126144.375;46218883680347.38;53459935602170.04;45554953676383.695,false
198670,1138.9050720214843,448,444,806.8734597694339,42270745165068.62;42096259368328.44;41222667978604.86;43082447757647.49,false
198672,1108.429736328125,593,567,623.3072331353704,22427529507802.64;22033933481035.406;25649111456059.51;22857228503260.69,false
198673,1167.6375793457032,592,565,877.637141077077,45374708596289.27;45603426112663.35;57213134915039.24;45812411581522.67,false
198674,1159.1465454101562,591,567,877.7626645155724,44720225846223.6;46355325513368.36;51712051742080.86;45221295946217.984,false
198675,1147.67578125,593,567,873.3396216775161,42966041867660.38;42946817473215.55;48810584637243.55;43497187770538.36,false
198676,1140.4931030273438,592,570,875.3215562808896,41833835167085.586;42465220716036.516;45690735529053.91;42288184549823.38,false
198806,1189.8172302246094,550,549,1746.0737366729077,119911766434044.83;206021021626218.9;231975247491388.97;208811071052555.72,false
198807,2752.5350341796884,753,685,,227114147633680.1;732851014768164.5;853996967716196.8;720385830218276.0,false
198808,2722.3304199218755,753,671,4337.828161032434,224808740451612.16;740417639667151.1;791168686902936.8;721780407957214.9,false
198809,,0,0,3320.624835896809,224674221437079.75;512240855888240.1;554338052348785.6;491952824141988.2,false
198810,,0,0,3625.720155390431,234617474152588.38;593698074253936.0;653399553290900.6;576572704441596.8,false
198811,2487.37626953125,537,535,5529.706217949281,270554474404119.53;904685440515225.4;1019891501406370.6;885446078420628.8,false
198812,2551.867980957032,488,487,5318.147275563952,262643603397239.94;885096922183143.1;969105157968796.6;866063944415731.5,false
198813,2373.1921386718764,601,599,6244.670113664935,275788989053534.6;992752796723180.2;1113587650358885.0;976688997806995.9,false
198814,1831.8808105468752,741,732,5656.867853615035,243314933686318.2;688168498555859.6;753306206972157.0;675065075447225.4,false
198815,2043.3510253906256,368,367,4652.5825486234935,239036966105995.47;594732881570010.5;678255659596065.9;590428643641860.5,false
198816,2499.332250976563,753,736,5522.47559378069,246738273924842.94;981869694147097.8;1068841107464220.0;955987967187788.4,false
198873,860.112719726563,688,618,,532973376097.1354;364498325727.9922;-3636888569917.043;419171462349.41486,false
198877,1913.9575805664065,692,661,5068.154028291932,225894440786107.8;286409453779251.1;330476423738934.8;288244647349053.7,false
198878,2109.5570068359375,691,670,5636.744221410786,241606107441429.62;397407015159360.56;462688478117921.6;399080536384874.0,false
198879,919.1185913085943,647,642,,65223808593.480644;419892187292.9157;-5320928718271.519;78055305699.02948,false
198880,1676.4894531250004,693,684,6144.829266292559,248230713483367.25;501361600053775.5;578711204565789.2;508414172888573.7,false
198881,1779.7517456054698,691,673,5851.791683686011,243301196079567.03;477223932095318.6;545494865344947.8;480776961645796.75,false
198882,2125.7634521484383,693,672,6271.207779733438,244086981156852.34;469616413509115.7;544122693209635.44;475008531098527.0,false
198883,1739.6360839843758,695,664,6278.214571891025,237342983324673.84;397598397831163.8;455723745587806.1;399943294665359.3,false
198884,1683.6811157226566,695,667,6034.471768732101,240135239828439.25;510662918297271.8;586427437787516.0;516461637289693.3,false
198885,1437.782702636719,653,652,5866.691672180433,245237501002777.7;468826280340291.1;535863761076360.4;473281186146929.9,false
198886,1728.2401611328128,691,652,6673.741507640571,245331097794381.34;520655994495870.4;599451664689442.8;526363822921490.8,false
198887,1306.5694946289068,689,662,4452.051188923704,220739559033326.75;366976427222171.0;424838209980299.7;367383433998267.9,false
198888,1505.0549682617193,707,686,5514.7389884963095,233824908483513.56;498542466277866.56;570149787814521.9;501225322847264.8,false
198889,926.5662109375007,649,649,,44217616939.76332;-337930731099.1549;1257032681225.8096;-115607595853.95496,false
198890,1470.331921386719,701,696,6336.449331608169,237309417030151.5;483108352125116.25;546606709182571.2;484445894391228.2,false
198891,877.2823242187504,679,660,,66818212730.969536;203527729407.11432;-1769333184743.7244;23830234370.564137,false
198892,701.2721984863281,676,661,,47915492857.77167;-291623277801.23755;-3999138446863.177;2453618002.207558,false
198896,1876.2193115234384,699,656,6808.764981522362,243156863102589.38;524204360496332.56;597061744716128.1;522428891849224.44,false
198898,1668.2712219238283,698,671,6764.523046731205,236468731931592.3;547162042174188.8;617008884245714.6;543858533003707.25,false
198899,1188.3543762207037,690,642,3686.893838964374,187826317317717.75;263758024498887.78;291102370414063.5;259491188687252.97,false
198908,1582.2835876464842,902,892,,31964841063283.81;24053133689109.47;8455801925537.616;20574645318491.613,false
198909,1587.3647094726566,902,895,,41608776443696.33;32085076266568.484;27992174314488.54;27422975781962.188,false
198910,1418.5669433593753,868,865,,31669172928350.684;9331345723901.15;43624134351947.06;17650298320669.215,false
198911,1564.611315917969,904,899,,10270387157784.088;16087043692784.598;-26581337373944.734;7946063284255.651,false
198912,1378.0339355468748,889,886,,21336079443147.97;13299711684952.607;13873543809222.074;14276289832705.803,false
198913,1508.5882568359375,904,899,,8047527721582.107;3799003072146.1226;-1622868245886.8062;5505978914207.679,false
198914,1553.460009765625,904,901,,12502177724062.398;6739201476095.04;5914717283613.33;8023129653497.969,false
198915,1544.3656372070313,904,901,,12010312748017.744;7308626032364.397;2184522499411.6853;7750184282292.35,false
198916,1334.7834472656257,837,834,,24352536528004.867;13738472592123.404;10761965088382.643;14846334995792.217,false
198917,1494.4836181640628,904,901,,5471471508267.01;2889014626564.68;3698067684075.6997;3572751771259.987,false
198918,1450.4237670898438,904,899,,21316973132910.867;14584055876280.861;4215533775358.805;14235106680611.027,false
198919,1504.2190795898437,854,850,,9404895757294.299;3911214599097.0815;3743847970864.809;5409977372386.297,false
198920,1422.78515625,664,659,,2307518270613.741;1967432321663.071;-1651768458774.6553;1530418756622.179,false
198921,1466.4231689453127,667,664,,7447801411328.818;9284356254738.3;-4738440576.048972;6814796937907.928,false
198922,1523.414324951172,904,899,80.33597917881491,20809319049901.492;13944525389167.893;11456386971400.424;14075743767921.287,false
198923,1474.3301391601562,711,708,,19252583788947.633;11118924786017.605;9373085586473.076;11718700420627.666,false
198942,1913.2251892089853,452,449,5136.7194781898825,258184651472719.66;921058267511844.2;1032792882510332.5;914407209817468.0,false
198943,3059.281274414064,548,547,5413.552292235228,271280347393690.22;1206692858120995.0;1345217798389860.0;1191484035916331.8,false
198944,1778.4756103515629,633,630,5252.430681500885,279712555778378.03;1009005384213441.4;1101974600290517.4;997624985726135.5,false
198945,1330.8865722656253,651,650,5085.770204571699,278019206313893.75;837580708119908.1;918917421775345.0;822653251747950.8,false
198946,3108.4720703125013,755,693,5093.391150826222,245699938013762.25;1279378383803834.2;1392703802949618.0;1268944388388797.0,false
198947,1503.7763488769533,760,704,5132.631325943769,242325009874303.03;916001375885023.2;996881767631706.6;904304861822764.2,false
198948,1589.657165527344,665,663,6006.526649408555,277069247107833.56;1018258399973078.1;1149388730017720.5;1009961285732842.9,false
198949,1839.9067504882814,802,709,4990.8616186141235,229437989995372.84;1131032095800922.8;1200350527368606.0;1119927083356535.1,false
198950,1461.5896728515631,801,710,5013.140182345134,229504512007935.94;880789337892929.1;990622678056033.6;877323649539700.9,false
198952,1693.368884277345,788,710,4509.100968164854,233113871031918.3;949333892741723.5;1016854681904332.1;938087176670668.9,false
198953,1720.0290161132818,801,724,4473.887727443651,229411403667020.94;968279333836986.0;1018633370955014.5;955630066859284.0,false
198954,2218.886633300782,802,697,5218.983313221411,230469573964426.1;1060517778789273.5;1162330611781623.5;1055905384846398.6,false
198955,2696.7161987304694,802,709,5301.306950464918,231303262216555.7;1308207975964129.2;1424206980922562.5;1303698901822637.2,false
198956,2776.0942871093753,803,709,5463.70064182343,231698057385001.66;1380922012051435.0;1488047893946873.5;1371239426800397.2,false
198957,2406.493084716798,508,469,5540.419530790916,244273435301000.47;1256072051048397.2;1361678051861566.0;1250326581796990.8,false
198958,2007.1007080078125,486,448,4997.487090174047,238780446525133.97;953298195672763.8;1032909409211145.0;947213672601910.0,false
198959,2437.3376953125003,805,716,5694.568079459148,229993466451176.0;1238478020841602.5;1313900181575525.2;1230151415960241.0,false
198960,1522.6007080078127,753,685,5815.236978297822,244514254712946.06;936358682036489.1;999271305589535.4;916193132789049.0,false
198961,2079.622558593751,796,696,4313.7543941144395,232220896624720.75;833695663077743.2;896248430627209.4;818448575706890.6,false
198962,1783.2742065429693,715,679,6384.78786652847,256641554656106.4;1088909563760472.1;1201359678965042.2;1077878175950963.1,false
198964,1643.4024902343751,737,705,5773.386724827853,216546708866918.84;1105334970172548.0;1150398641890938.8;1064889399501582.2,false
198966,3334.503491210938,801,688,4990.286874326831,224448455617094.3;1190808218866297.2;1251451351324025.8;1152682344837385.0,false
198967,2944.3878417968754,410,407,5019.463328148022,232482141344497.84;1129466424279887.5;1228529947490606.2;1099821710712336.9,false
198971,2919.367138671875,801,690,5091.160826934614,224435646916857.88;1245949749908698.0;1318743833050834.2;1206880617824483.5,false
198972,2535.734643554689,801,682,5403.960120223918,223561074428172.44;1242037873983733.2;1324360325971254.2;1208537252044025.2,false
198973,2218.489770507813,762,687,5289.065973581475,236492702851533.3;1206109505760995.5;1283549195861638.2;1175578032061708.0,false
198974,1809.40732421875,743,692,6292.489455764613,248895825075595.0;1260417651143019.2;1368228357742678.5;1228425249804209.0,false
198975,2800.0492431640637,801,691,5646.655318413332,232451079928848.56;1550646590767447.0;1616250880575989.8;1512768149306673.8,false
199019,2618.50048828125,695,679,3802.728082725039,257066894233083.12;733785625106854.9;730218133040449.1;682171155785642.2,false
199020,3073.8321289062505,751,689,5170.489874018883,243629506690762.0;1289930198219910.0;1356524931055933.5;1256868035169622.0,false
199021,3147.9625366210935,622,591,5083.405713216286,245694081601391.34;1277970827450125.8;1348810982417964.8;1242143505678408.8,false
199022,3255.5014648437505,665,660,6336.744537206177,273852790672956.53;1466420879099942.2;1597626067693889.5;1428492713788926.8,false
199023,3179.313732910157,752,681,5789.234712863603,244410158287297.5;1328909544049701.2;1397370451347882.5;1283676853112539.0,false
199024,2110.5225708007815,742,694,5436.465184107196,246219852378882.4;1053197017242164.8;1161085241081814.8;1030232117898331.8,false
199025,3103.5306396484375,752,684,5884.421304758804,244658431799340.1;1305190251399330.2;1432120549929103.0;1277202309571981.2,false
199026,3000.479907226563,751,686,5558.1332137742875,243893125366601.7;1314434120451865.8;1446508237244547.5;1291759738593218.2,false
199027,3216.7281005859377,752,681,5979.385547954285,244536211610147.12;1319555280088906.8;1406353038603867.5;1276799023743712.2,false
199028,3454.9314819335946,752,686,5133.613132274629,244919360041085.7;1363000169960765.2;1423088137999900.0;1321773645621872.2,false
199029,3211.5765991210947,752,684,5473.91460517536,243990903951118.88;1271962781388571.5;1288987426469419.0;1230445622257541.5,false
199030,3101.0921875000004,753,677,5516.896129631422,243468582690711.75;1259303399632792.5;1340509884110152.2;1227051264217955.5,false
199031,2474.7096191406254,751,687,5324.048735823466,243910508722895.38;1191986367916245.2;1289975150813488.0;1169281877315322.0,false
199032,2407.408544921875,751,692,5359.527665729138,243750318803751.53;1209729752109516.0;1344194090405084.0;1183805446468806.2,false
199033,3183.467553710938,751,690,5468.9394703123735,243222386218599.5;1287222785000892.8;1371902454680178.5;1247044308807955.0,false
199034,3397.236059570314,752,684,5223.078767709372,244507823268491.1;1364854574224602.8;1449642758212474.5;1339300730633894.5,false
199035,3109.070666503907,690,684,5953.253616818261,265300122361094.84;1383027830646905.5;1511067718540365.0;1341168012044282.2,false
199036,3465.23037109375,751,691,5127.816186155706,244914453478076.75;1360566751782546.8;1449359500848775.8;1319286927080728.0,false
199037,3335.811767578125,751,682,4786.3760116230715,244657731224103.06;1252604451538202.5;1341071703836423.2;1223003517774218.0,false
199038,2863.770263671875,579,576,5635.337735718776,261009178814651.38;1145854074887282.0;1235951932170241.8;1116590697665260.1,false
199039,3024.070617675782,752,683,5137.673897947544,239921926018937.22;1262343784154540.5;1374909742025767.5;1226108745677011.2,false
199040,2233.444213867188,691,688,6221.733746361366,257932787252619.7;1334861300546432.2;1378500221230887.2;1286927678023932.5,false
199051,1384.7707031250009,661,655,5433.522359774338,246640450593749.38;604444788132495.9;654588881212979.1;593696205327675.6,false
199052,1340.311291503907,662,661,5641.115267139946,263695860582519.28;553827369426329.1;624416009526808.6;539577079086534.7,false
199053,1658.0437622070315,705,693,5497.053758463907,250003213093846.7;603867866870635.6;637110184981829.0;594669416327910.6,false
199054,1881.5566650390633,712,690,5485.18507115893,259424982324199.38;585917170947697.2;638096472567730.1;574431429016243.5,false
199055,1799.4757446289066,712,689,5322.437536377873,247070457863437.8;488670502074879.56;531900667182158.1;477072260208589.4,false
199056,1543.7793945312503,801,676,3394.680343627458,208652812263893.12;309501879125177.06;340703538706361.06;303247378493487.6,false
199057,1767.5223449707037,640,632,4862.254949070612,234157144327022.4;384960344262199.94;428134505537293.1;376734631304358.75,false
199059,1841.893444824219,801,718,4937.3843384786915,211712427680194.88;356995111852705.9;395683793170223.2;348572522354846.7,false
199061,1885.073181152344,643,630,5583.826819111315,235478465501685.9;364449703468200.6;405625316181792.1;355619051808473.1,false
199062,1687.3221496582041,642,640,5690.609656666069,245818695102406.8;388104256589207.8;436914764720835.44;377545561190706.8,false
199063,1446.2314941406257,633,625,5867.12421237149,228360494461638.1;247634442329744.84;275207586970455.56;241207894490770.72,false
199066,1639.3185546875004,315,292,5323.352605473625,146839778436859.44;149239196646159.4;162772782690898.88;145338317120136.25,false
199067,1290.3357666015627,615,594,6011.81454751314,234498057195655.6;249095543012725.94;281219698706029.06;241943361076012.03,false
199068,1029.2662048339855,650,607,4738.184416113501,230236234800440.56;248725318038117.47;271218124265527.66;243543915866348.94,false
199069,1174.3579467773438,618,576,6009.639075808689,237236206491567.47;245653246033793.72;275429998696378.4;240370381470966.28,false
199070,1230.604870605469,616,578,6008.898940480413,253754665794198.94;304018124411648.06;334028208841674.8;296451950607196.06,false
199071,1151.0490295410164,616,561,5809.6493385291815,251979240104576.44;293150590080299.6;324532972428210.06;283415388677443.06,false
199072,1109.2288208007812,615,550,5419.378463258341,238407629679879.84;359391917461318.44;398018518127832.44;348439250371057.9,false
199073,1092.3484436035162,615,555,5660.369477168157,251382420813790.1;289192960584148.94;323677585713502.7;280237977050724.5,false
199074,1201.7697570800779,616,553,5340.853513148501,242914436872868.97;298248034505699.2;329777548382129.0;290017006249210.2,false
199075,1271.1282592773446,615,563,5717.5287357186,247773332822759.4;315480260742269.25;363072530446648.6;306032584367213.6,false
199084,1783.9333618164064,604,592,5729.425830628208,207826502133968.88;823510284676166.6;870323054782172.5;784789860005733.9,false
199085,1882.9000488281256,603,596,4467.697147498973,208481660178435.44;853274244041862.0;942285324448703.5;823272739981665.8,false
199087,1895.6406433105474,602,585,5775.968929244792,208847559978391.5;1233918800363517.2;1299228884987387.5;1159119200631595.0,false
199089,1830.1997680664062,601,553,5160.285950411144,204972600114809.12;1181342278240323.2;1229075905744962.0;1059280680627478.1,false
199090,1866.5094177246096,488,485,6845.441574982132,239619716351399.0;1675914582964752.2;1684977633692413.2;1251989299015628.0,false
199091,2068.8398193359376,507,503,6991.754007468296,242737879801012.6;1627515368853049.0;1655338297653641.8;1284506121760289.8,false
199092,840.9520874023438,237,233,3500.371745823868,134705076462497.39;1259824486196868.2;1152490601089692.8;665396582329086.0,false
199095,2592.748510742188,743,680,4436.518783357889,209257604832800.28;1128504405707445.5;1184500325587615.2;1082058860876146.6,false
199096,3111.1177734375005,705,653,5283.228346285893,248473516331078.66;1447792268193124.5;1518826110774597.2;1388028192876630.0,false
199097,2031.3499938964849,580,575,6383.115166906542,264972327375299.34;1451198715446991.2;1510874314343380.2;1389606478661398.8,false
199098,1909.9363525390631,687,654,5677.601862334787,245512079230998.47;1377637772835476.5;1476601047324328.2;1317892794610299.2,false
199099,3172.1245483398443,702,649,5683.384410035836,245472649668223.5;1509680035519225.5;1582196476069340.2;1447299934841264.5,false
199100,3442.499682617188,703,647,4989.270616255648,239662920555848.28;1411389673682368.0;1472487991123956.0;1354252573880767.8,false
199101,1732.4054687500002,411,407,4855.956461841165,234708307977624.1;924837502495902.4;963254017174054.2;885328927857962.4,false
199102,3318.8547607421883,701,648,5606.5474553824315,249718168144390.3;1461063640706464.5;1541107456878140.2;1404627564622251.2,false
199103,3373.9484985351564,696,635,5653.615706881668,243615759437391.62;1401331203248742.0;1447612595427767.8;1336861885689268.8,false
199104,1704.3664245605473,656,653,6152.609299195241,249338805950790.84;1034290969924648.9;1143883090507255.0;990770174659594.6,false
199105,3035.6045898437505,655,650,5250.329450796295,250974301443958.0;1331298607425660.2;1388176432603385.0;1274075952061521.0,false
199106,3134.5787963867188,660,649,5022.974060728801,245824588551199.22;1340071291239259.5;1413960351723606.2;1280548919465891.8,false
199108,3159.5820800781253,665,654,5832.792602541243,254370066154544.16;1461734129698295.2;1551558233961850.8;1395358602677534.0,false
199109,1897.2137817382813,673,648,6108.277156492224,253477231826901.3;1110651554999200.5;1214087075390923.5;1066416996934820.4,false
199110,2178.798657226563,695,655,6260.392864833091,244204213773802.8;1247023362563004.5;1336358575545748.0;1195166556624524.5,false
199111,2693.011865234376,653,648,5378.496579731051,251701615069958.5;1213200893437745.8;1270959132447486.5;1161052077957924.8,false
199112,1686.2596313476565,668,651,5155.231061445349,247292904032779.62;935539323986342.4;1010364832777497.5;891133823898583.8,false
199115,1380.4744384765625,619,563,4820.369303233701,210338603636323.84;207872753338382.25;270881614896841.9;207634562002722.72,false
199118,1405.2335083007818,619,608,4741.011140623459,239725831408682.53;266047876720474.53;303732846108002.0;257207543502586.44,false
199119,,0,0,6177.126844369434,249699723342970.25;315273854249592.0;355919554885149.0;302938462575494.6,false
199121,1573.6429626464849,626,611,6137.944755261076,248594946998900.9;376129112554421.5;422123523176146.44;363965740829179.56,false
199122,1661.736853027344,626,619,6156.981407440398,249982842446699.47;385719587921331.7;431152996604035.06;371907832022776.75,false
199123,1745.5113098144534,454,444,6156.445805696771,222368095781170.94;369025467057843.5;415174953956986.7;356976351545262.06,false
199124,1860.9904907226567,626,612,6390.655065245737,234477200773423.7;344823757646908.44;390968940997153.6;332389549967043.8,false
199125,1646.9152770996097,626,613,6308.071245210926,249565727159682.62;384554324628491.44;433251894548639.06;369764919291687.9,false
199126,1538.1493041992185,627,613,6282.556384638336,246032448763001.97;402555316925753.5;445560693328770.44;387306287553502.8,false
199127,1510.9010192871094,444,428,5954.888597421792,230076536358581.06;299679976588188.06;335598153636890.9;287984098527834.06,false
199128,1496.2353576660162,618,604,6492.296324668744,250484388584579.94;316385361896293.56;351632844480657.0;304561571399237.7,false
199183,1039.9039489746094,582,554,,21852312019.674206;-512152129423.8776;7113184695610.347;83672920645.97545,false
199184,1329.0749999999998,599,534,,664967859285.3187;-304038338817.5842;3856841222908.374;621771883120.0858,false
199185,1502.7708740234375,527,490,,2711142259885.0337;1260924182035.293;-2073787779851.6252;1636105869909.39,false
199189,1529.5403442382812,425,153,5.010429271881699,19674734335753.85;8534088734513.696;12824593988658.441;16236345620896.988,false
199191,1270.5454101562498,217,72,,17330417265769.63;12274643925467.426;18182057181898.043;15177822105424.014,false
199192,840.8411193847655,538,485,2.299669544299232,19398091180425.375;10635870851909.318;13993386882132.053;14390568059942.674,false
199208,1233.825289916992,324,323,3427.6105502340465,169909480707513.72;923936561075259.5;951164443624235.8;762725407768955.5,false
199209,1318.8110961914058,326,325,4486.4933583768025,183385437214872.56;1238712702984928.0;1236364437577417.8;957369613426407.5,false
199210,2076.412219238282,543,540,6004.533161738904,255860164645826.03;2192642172489670.0;1984855164724805.8;1226042504322435.8,false
199211,1882.8658386230468,388,387,5597.459827191532,222320399998707.47;2609084565189090.5;2272207327952249.0;1250448565290850.0,false
199212,1219.5383911132812,307,305,3413.439895261284,185304710729899.88;1035309945303279.6;1069734014773104.5;917994828670684.1,false
199213,2211.4262451171876,513,510,6480.1771270468425,256171276541934.53;2034435877773573.8;1917364632374755.5;1301239314948044.5,false
199216,1181.4669006347658,272,270,5730.587038995821,204017164098832.25;3508583450856505.0;2929729658143252.0;1318600751622963.8,false
199217,1888.0327392578133,461,460,4277.741454906485,219470477184228.7;1112896666088684.8;1142729181188983.2;987569564066794.2,false
199220,2036.9839965820313,457,452,7483.091061589437,246775397925484.62;2512458181328011.0;2203196953918861.5;1304717454912363.8,false
199223,2035.0416259765625,548,546,7663.581429379797,266141093270706.1;2708929759179903.5;2386654922817962.0;1425518929523501.0,false
199224,2228.5041503906264,539,533,7429.434948838999,269709799223610.3;2285529946498743.5;2062196738604597.8;1281577550015621.0,false
199225,2225.0728515625,594,567,6960.596479070395,242490939840477.75;2373520091649935.5;2103009039087050.8;1377540035772235.0,false
199226,1915.5941223144534,370,368,7011.661421849048,244522913483941.94;2957932858809538.0;2585600579028107.0;1462941635700574.8,false
199227,2066.934539794923,604,548,5120.090713527268,245513172226220.56;1496903704605249.2;1526553634115280.8;1172812941531986.8,false
199228,2359.959326171875,597,566,4870.378952435305,249946969005369.47;1323253449657717.0;1364933808658157.0;1167726572537759.5,false
199229,2524.5907592773438,600,576,5334.001497925102,247087108888348.2;1328477725909500.8;1403572881071911.2;1187983050837156.0,false
199230,2240.427001953125,475,469,5534.23507962728,253712919214796.8;1868520467093218.8;1855581100492917.8;1426419894967761.8,false
199231,2381.741345214844,604,552,5100.085768828992,251001881815457.78;1109193100344458.2;1163461318094158.5;987230226459848.8,false
199240,2114.536999511719,590,587,6333.084316669319,289629601310878.06;444873089279010.44;530292325672422.75;440018589549191.5,false
199241,1865.9839355468753,597,595,5592.4284789708445,284220950436473.25;414474951017954.9;473318228590857.6;415374740225342.25,false
199242,2321.8660400390627,218,216,4836.773176426041,248187461018431.9;379833924614722.7;394246641236923.4;371462974719474.3,false
199243,1993.5748291015625,677,614,5705.03665329653,246423805448046.66;442272215370614.44;482390291510000.44;429401347506387.44,false
199244,1909.7812500000007,703,656,5259.375859650231,239035388782591.6;382829371848585.94;404932439645306.56;373591367115794.94,false
199245,1844.672302246094,704,698,5486.565029593821,237681202492390.56;385114383547336.25;454231283180652.8;380391822205184.0,false
199247,2014.6879272460938,570,569,6236.924038040804,289273564711293.56;435393304633898.9;506257803792465.3;425619607432187.4,false
199248,2438.105493164063,256,252,4767.917661876477,258751774143671.72;444906814706196.3;530035514161034.25;436763225256448.5,false
199249,1852.1308227539062,616,614,5639.313296751222,269647823959188.2;378594431227746.7;428430951321745.25;368638799535318.6,false
199251,1758.9770446777345,596,594,5780.082183936243,272754678603308.72;382077321545561.25;436131281555754.8;373359790337044.6,false
199252,2133.168041992189,593,588,5959.199052131034,281180503002419.88;407243425076136.56;467985281230155.3;395249893405898.94,false
199253,2244.7235351562495,604,599,6102.877070485919,275103418607830.97;430444462132916.9;457329133321458.4;417785939362830.3,false
199255,2080.100830078125,659,656,6011.916349815649,256820647800788.2;376966749081108.25;448439892930265.8;368050359415717.94,false
199258,2328.6887329101564,640,635,6361.856310020807,286660003595028.6;475324130917358.6;552948947095353.9;463186291202772.0,false
199259,1866.3968872070313,637,633,6589.573168531334,286039951900063.56;432370123533763.06;478302739295219.6;420500589821882.7,false
199263,1730.7497680664064,640,634,6757.828883048953,281629377369240.75;427650592718704.6;490650008197200.4;417255172297138.5,false
199264,2162.4028137207047,634,626,6845.311154292476,287631604010599.7;483074574558514.2;522473910879463.6;462549498861622.75,false
199265,2032.7076660156254,500,492,7452.023445573387,293525748586078.56;479494782358159.8;517867744612098.44;463460576511866.75,false
199267,1757.9113159179692,478,476,7773.041960102746,285731947527729.44;477613397875337.1;563488780220930.0;466517859962602.6,false
199268,1979.137902832032,633,632,7086.53502263827,289243857707607.6;556348399681518.25;615099489534510.9;537908417065547.7,false
199275,935.4520019531253,469,466,3841.329787972857,187934114233974.6;330465699188246.25;367306494860844.8;312256904042689.06,false
199276,1018.8664794921879,482,480,5214.441504544083,207522788756472.3;554948613291967.7;602316961440771.6;523271915907636.7,false
199277,1205.6813171386723,514,513,5779.709314398362,241444100429643.0;739418219311517.6;795026671890071.1;699018317803847.8,false
199279,1622.9292907714844,592,585,5097.664603502805,220924917507338.66;765116045585934.6;831356435363449.4;723169671262557.8,false
199281,1742.1632568359375,619,614,5003.113590894593,213227489415324.75;841164294641036.6;904837139817599.9;796216328181727.2,false
199284,1849.0276794433596,622,606,5016.1059479736505,214051852411961.84;885652851805308.4;959408852999049.6;837283066155420.4,false
199285,1930.822338867188,571,569,5468.0848518728235,233148746750492.72;949669298809255.1;1020163721810206.6;891194941168960.6,false
199286,1803.0771484375,567,565,5504.094548492264,232699620190286.0;918044758988041.8;987418980761564.9;857266755387601.4,false
199287,1616.366943359375,570,568,5470.376623486479,232683284996500.75;859788589707757.1;930450683499787.2;802931269587464.4,false
199288,1623.9710571289065,543,542,5708.932731913192,243058502724936.75;849890816270710.0;917820358914003.0;791720236541467.4,false
199289,,0,0,5412.6665243473835,229624066116313.6;684780016768480.8;734725715154676.1;623137279872054.4,false
199290,1574.0934692382814,577,576,5479.172924068444,210097837518547.0;615752874853779.2;654740504834927.1;559279877268686.44,false
199291,1146.8256896972657,512,511,5769.927623933838,224714898848513.56;612092455763274.5;647621742548613.8;557221633429526.56,false
199292,1035.734539794922,513,511,6033.585451758788,225941814601850.22;404641608373924.56;428002158589709.6;363523535216590.2,false
199294,1324.4360229492188,514,514,6591.944827045332,237838532636839.66;516097967749075.56;546993612783187.6;467252817774014.6,false
199295,1414.7559020996096,550,550,5675.155004014549,229388624154907.72;610638353570396.1;638840782898708.0;550332903448223.94,false
199296,1243.9741943359377,552,552,5191.070293189695,224143611125550.84;514309652116395.3;551286252961660.25;463231936428737.75,false
199297,1062.6176544189454,546,541,4091.0502966619183,204159006121224.5;268345850282323.56;286077614497939.1;240889365062556.47,false
199298,1214.9279174804688,542,536,5248.353851758462,222766046660127.75;517919427617398.8;553477415613459.44;465294823300497.1,false
199307,1340.4439208984375,527,504,,565268869053.3292;260074746510.49838;-2028974546693.0505;303075610391.76886,false
199368,1195.2562988281254,258,256,4200.322768735755,190189984523732.66;1168874598133697.2;1117645199008580.6;767806012515918.8,false
199369,1682.2450317382813,594,552,5792.431352644032,250612664328024.44;1548416493106676.2;1519814258550608.2;1141068883568840.5,false
199370,1473.0535766601563,400,306,4232.842373597965,190978760614365.84;1342805794296721.2;1321539170302920.2;840994981540227.2,false
199371,1239.3939941406252,270,269,4573.042301154693,200702239871794.9;1406717896449927.8;1341287426712699.8;910296928727540.0,false
199372,1163.3741210937499,256,252,4753.332283569293,191494443528972.2;1561365394707469.5;1440601065098708.8;878837324512121.5,false
199373,1956.480322265625,408,406,7621.409077586155,242771294839148.12;1760351570137767.0;1743206901758100.0;1261951559016835.0,false
199515,609.45,499,497,,59691231466.54962;135976408257.47316;1213446382584.8923;43930696330.59014,false
199516,548.1331481933593,413,411,,91893546664.71117;-35981392474.28549;-4668660614287.26;9536764365.480825,false
199517,559.4290649414064,487,486,,76819602812.94014;809338935793.1904;-125970084636.5571;35701130898.432014,false
199519,595.162973022461,412,410,,79809621493.50212;-330718853753.9888;2125857519530.7654;105251941657.60577,false
199520,562.6049743652344,412,411,,64153178148.12856;314040438558.50684;2099861085440.3086;108541657646.3693,false
199550,1994.2041625976562,252,245,5130.776038360548,233866853088210.9;1175678084210181.8;1227904322068914.0;1106931853385592.9,false
199551,1634.1873474121094,298,289,5759.878231839891,238285148761860.88;1207719481588800.0;1274612368551721.5;1141915049104382.0,false
199552,2150.506048583985,692,616,5947.066051640794,230394438106486.72;1291581538254134.0;1366620096013821.0;1209383623667339.2,false
199553,2048.2723999023438,368,365,6712.397980307063,266774189243141.88;1543890257889826.0;1601780782725306.2;1435474162631995.8,false
199554,1969.8443481445322,701,606,5079.524980057039,228048078526817.1;1151279321726676.2;1195926530387345.8;1072810834111683.5,false
199557,2179.664477539064,701,631,5910.241196168369,227251951403534.34;1498516563347453.2;1552338511321320.2;1386445733152730.2,false
199558,2075.78955078125,691,589,6076.203094639453,211964430748549.22;1579053478606397.8;1612591900100008.5;1396839666241043.0,false
199560,2588.5113525390625,701,604,5034.988381017397,208883421573842.94;1269398970676802.5;1348660868937541.8;1183707861190348.5,false
199561,2119.149139404297,690,576,5537.716664981151,210715793307779.8;1529468541163485.2;1564230100421905.8;1294308320557192.5,false
199562,2154.8740234375,697,575,4062.8390463367928,205401442060043.03;1081473619419581.6;1112267702218829.8;993656012305192.9,false
199563,2542.959814453125,701,597,4311.023379347696,202648034946205.53;1271483754699317.5;1300739352569709.8;1149674256588112.8,false
199564,2503.4556152343766,367,364,6207.135929003219,256617159092818.38;1950482725697082.5;1979246246788480.0;1552434671347054.2,false
199565,2455.239294433594,692,583,5350.210425904962,208083963425057.2;1322625987717033.8;1377088607312334.8;1211756773708190.5,false
199566,2460.207714843751,701,582,4683.271683360978,207299241070572.78;1697688701746171.5;1724787010475342.2;1457178885044470.2,false
199567,2650.9152343750015,701,623,5206.5180781762765,206473046397054.9;1878201356155624.2;1878998016378079.2;1493186085808022.0,false
199569,2128.6580322265636,255,252,4986.311059714857,230763376991152.75;1552391297983685.0;1569281083998307.2;1289288325389550.0,false
199570,2747.930371093752,343,339,5662.344724990611,263767963382844.97;1227530554971864.5;1282019046172769.8;1128750997499225.0,false
199572,2630.5941894531256,650,568,6569.109984749329,222398280896236.34;1312636710589123.8;1357882927848982.0;1207706164832203.2,false
199573,2504.4600463867187,664,571,6299.131651524206,219953781582245.62;1432524347274310.0;1460415899546838.5;1242779300297532.5,false
199574,2823.9990234375,553,549,6492.633760561057,265010185284753.22;1357147779698160.2;1407906951301030.0;1246805281332249.2,false
199575,2602.458581542969,598,571,6091.110222819551,244544036931828.28;1228297694660679.8;1278869809049832.2;1122067677855424.0,false
199582,672.2638610839847,525,522,2575.7673699495044,144311888529246.5;152625348420275.72;166921586413971.6;142740927795989.97,false
199584,631.925860595703,351,350,1716.2534945515374,91590340752912.39;97801093821555.61;102393352925272.69;90224184091532.16,false
199585,486.1057006835939,216,209,599.2128559423627,19264056923014.31;21064378672874.4;19123839997008.496;19631601015980.445,false
199586,477.30339355468755,221,219,623.5880768893346,19285369657514.438;20692033800118.273;21199420713936.305;19698979606151.49,false
199587,664.731494140625,612,611,2764.74488240289,152869957909946.12;160760500805830.53;177613294374265.12;150920787928294.66,false
199588,679.5294769287111,620,619,2802.9315262306295,162190829440189.97;171435229307200.2;190178377423548.38;160779091085828.84,false
199589,682.3892395019534,655,653,2751.076851581506,166412260255681.62;176047760968816.38;190281218925190.9;165220938160362.53,false
199613,2026.1068969726566,384,381,6159.904476739336,244935862703521.44;1746636641572970.5;1757898346340133.2;1403659793189654.2,false
199614,2020.8312500000002,536,525,6773.390469425206,271408858136498.1;1425545447644573.0;1460898823642457.0;1146118897562743.2,false
199616,1132.750689697266,282,280,5203.883583606807,167961454656546.3;1431253849529478.5;1409421103612177.8;1089391931527627.4,false
199617,2707.8906738281257,471,469,6133.312230638132,230462141371114.88;1865645455237615.8;1824139762385300.5;1351345839540706.8,false
199618,2249.4405517578125,464,456,7171.213690488431,226517115981064.62;2635855580581412.0;2297083651568165.0;1322548290675598.5,false
199619,2653.138134765625,470,469,6285.395387354603,226846783818645.06;1749288636092140.8;1726280701008193.2;1282271354913707.5,false
199620,2762.3566162109382,472,470,7659.736292668991,223841271219564.0;3244790384732851.0;2881858794139100.0;1770601828383173.8,false
199622,2950.6699707031253,477,469,7542.4468258469815,229774127116579.1;3271454754641155.0;2782832021165197.5;1684705081202677.5,false
199681,1152.8630737304688,281,278,3141.3823875102075,155251872902581.9;882658256241088.6;900315758034700.8;772317337429370.8,false
199683,2644.917053222657,416,404,4303.728626650996,221902998251858.12;1611393146414221.2;1533137468375961.0;997567675867970.0,false
199684,2828.036938476563,487,481,5566.694965890792,225716214660595.12;1940696594883537.5;1851185826947618.0;1221536620796154.8,false
199685,2913.598291015625,601,557,5156.656697950767,186764694135186.44;1398299164835106.8;1396519035755191.2;1034533148326485.4,false
199687,3138.443139648438,601,554,5708.679719597567,215409142290511.88;2169746280814117.0;2114951287881916.2;1481786510753754.8,false
199690,3338.521801757814,500,495,5064.815555339151,238055421720284.84;1816032320183655.5;1845225240680753.0;1551775400460827.8,false
199691,3363.748522949219,408,405,4348.59928604636,215800717748026.06;1282699554690844.5;1337342644569980.5;1159808060441776.2,false
199697,3335.50205078125,598,522,3805.2137345025535,283596321741702.4;1280162010949309.0;1334475645515400.8;1165162144475273.2,false
199698,3454.9105224609375,603,553,4257.740871513759,219247165538672.03;1636155714738476.0;1687967703125603.2;1490089020913546.0,false
199708,1601.750360107422,400,397,2947.481703531463,226153731290987.1;456518243084983.94;468111689078645.9;407279251382852.1,false
199710,2023.6670654296877,377,374,3571.4973353270534,240560896991379.12;501911514643126.9;536975694679142.56;457585236321917.4,false
199712,2253.914306640625,345,342,3892.168408296466,241314457613415.44;703376019114806.5;776488949170652.6;648603291971689.5,false
199713,2478.595166015625,342,338,4121.634209890457,248356611229184.25;949462043053527.4;1009079162305573.5;870205350218283.9,false
199714,1983.7069091796873,368,365,5415.33436392962,262013323601019.03;1196001856642288.2;1254515880139732.0;1094437661563279.8,false
199715,1969.3225585937496,357,354,4014.6031237634106,258888850639002.3;795388955876918.0;861728910691960.4;731686835996876.9,false
199716,1646.8165771484375,308,305,2891.8499169628867,224505556592728.47;524675454502957.9;541248975369920.0;479385703618430.6,false
199717,1518.751586914063,213,211,2999.32154047068,211737976444680.78;791695207478056.0;788726688488446.9;667031510737920.8,false
199718,2366.448974609375,443,442,3840.671539414477,274983045279419.16;635768993601312.1;715689319745613.4;588773958222170.6,false
199720,1707.835144042969,281,277,3670.0783498013516,242556609984483.94;614737120902846.6;621484276293766.5;562478823501522.0,false
199789,3358.187646484376,583,550,4419.376738201533,226976111778435.53;1651982121111900.0;1692815768574405.5;1492299601722008.8,false
199790,1023.1999267578133,361,349,2285.3977728947843,130388659951832.0;783264354371983.1;812801588478802.8;689796566000212.2,false
199791,2445.361743164063,490,486,5317.011755236493,240946899481027.78;1440337381856403.8;1489304172847287.8;1213391521748715.5,false
199793,1238.3893676757814,263,257,3003.334532865485,157857738033684.88;266240793357838.66;290804514383480.0;245928735807965.1,false
199794,1191.5822998046874,249,244,2741.250767131996,149343877745885.34;293496688796090.4;309196296480615.1;267988854699128.62,false
199795,2818.402124023438,570,565,4908.174754684475,227319004853510.97;1268183659905900.8;1300024877635725.2;1142962926121313.8,false
199907,516.8098388671875,265,262,604.0227782350163,21801851761451.04;23324148219355.26;23556439553567.36;22374117248856.348,false
199908,504.1551239013672,290,288,624.832453639945,21588820854825.598;22428469273307.957;23575853469456.625;22130262877133.81,false
199909,799.4725036621096,674,659,1373.2410705440916,88213472410539.33;92280427956435.14;107537031454262.4;87274933010529.28,false
199910,861.1910369873053,664,661,2817.818334494382,187691712734093.88;220346282936585.75;243238421360665.88;205124180580036.97,false
199911,883.1365478515627,618,617,3130.6993141487083,208698730069505.6;247245395994638.5;273705240110595.72;230272834262643.53,false
199912,923.6602905273439,626,625,3747.4725469519076,213685245065079.5;309672239193134.0;345069052342129.25;290335869117101.06,false
199914,876.5058593750002,625,624,3760.9414953472196,215074012278758.88;309186400820775.9;335839257411928.7;288513940429523.4,false
199915,784.645501708985,565,564,3497.639768029934,203080948533706.47;248726107461872.16;271099065326240.66;232608063787469.1,false
199916,971.963354492188,597,596,4671.486880756652,229042818173260.7;406849479858128.9;450523925840824.3;381094798042428.8,false
199917,773.4623596191407,585,583,4630.5902002568355,229196866850710.53;347588876556391.44;378192200907301.75;325165636022068.94,false
199918,743.1256042480475,549,547,4733.136382893012,225486810017759.25;336621704726440.2;375947757906781.3;313841312428272.2,false
199919,711.5562988281251,530,529,4884.501841321173,226800679733922.72;352639490523236.1;391063729813583.4;330196519074441.8,false
199920,746.0626251220705,544,541,5474.127720115916,237297242474738.28;398496339149310.2;434045078287068.75;371391595917737.44,false
199921,736.1864379882813,541,539,5509.024666241742,239400537575083.9;392228417813101.5;430149485723813.8;365616779943809.5,false
199922,804.1891448974611,380,378,4434.008542605121,204835457262325.5;367929629657195.5;403126543628154.5;343995925129095.8,false
199949,1078.756896972657,599,544,1996.4019955698766,144604574959719.1;194525740313237.47;225485754626205.06;187634651259971.66,false
199950,1120.5615783691412,609,545,1999.9591840062012,148120539442067.75;196793685041533.3;220372715053159.2;187898209080831.16,false
199951,1098.4897949218748,567,541,2263.534428238002,147386219837204.97;214579438602076.72;240333253625266.44;205058682413712.25,false
199952,1104.266790771485,567,542,2645.574184300302,170965466263868.72;210222688334538.75;234441527604402.0;198623276558677.38,false
199953,978.1944366455084,566,532,1795.835797763784,117129141040441.97;129351369599837.6;147698591176569.38;122529553365372.45,false
199954,1067.6994506835938,566,541,2320.801112754699,145555412182286.62;169946706594732.72;182206189122615.97;160813770687223.0,false
199955,1181.607116699219,575,542,2272.4550700499112,157729464636793.97;214440469913141.7;234008926593769.34;204503141938204.03,false
199956,1042.8946044921881,567,537,,151899631782074.4;186724827121860.9;212435224684299.44;176365515798517.4,false
199957,1154.118222045899,600,541,2180.8516997310035,158044941910632.0;225106338713550.66;252011038788714.03;214284828679988.88,false
199958,1086.4336181640626,615,537,2155.9916524987743,132616777147435.27;213137305527667.56;238688464938169.75;204269920736305.66,false
199959,1059.7024047851564,235,228,2855.304991378368,175303217120383.22;203765869819807.47;229096806282469.2;193575788803299.9,false
199960,1113.1573394775394,648,534,2068.1194139806157,150160115776187.25;202036115567393.6;225551327315445.34;193303658672646.44,false
199961,1410.1905761718765,525,523,2523.2117759802795,193330489938650.9;281163116377460.0;313409463748467.25;262211560684063.06,false
200002,2087.42978515625,607,602,3110.719640129534,227112420346520.06;498426285526603.6;560553635689150.5;465627013954379.75,false
200003,1474.7414001464842,652,648,1262.3069099168029,150340412735434.6;170054980830706.5;135772978954753.23;146137817677265.9,false
200004,1343.1246337890625,587,585,947.4674141208056,83064771494446.62;93208669858815.4;98907014010530.8;80446677714561.19,false
200005,933.3861816406246,430,429,140.05731172716946,8337081906299.631;5528803559767.477;-8057643109705.3955;9006644454238.514,false
200006,872.9305694580082,464,463,143.771479201994,8446094818508.358;10855920315048.562;-16035344425301.764;9432871147945.562,false
200007,872.9408538818359,486,485,147.17155011849047,8337741231634.931;9579300231464.164;-26410436131913.836;9307683694184.521,false
200008,936.2260070800785,512,511,549.9284667415598,30684767544146.96;37126095914436.34;14445555352145.31;30293577788387.1,false
200009,929.982177734375,515,514,614.1302870677566,22304117534380.78;26170844802376.47;45753280298368.18;21502018050136.28,false
200010,963.5230957031258,528,527,1131.3584492756484,65138725859784.38;73868750068461.55;61197140875926.84;62953257405791.66,false
200011,1042.158435058595,614,612,975.3169485417219,45938877382671.445;52768459942002.195;10696701028875.547;44978621660061.81,false
200012,1051.5710754394531,604,602,1250.2335926535252,65240270986763.61;63920620162179.445;85512283464864.56;64000561034134.97,false
200013,1054.3172973632823,602,599,1017.7059366115321,49436067303383.7;56096351959156.2;48019089143781.72;49256903131010.02,false
200014,895.7119842529298,524,523,757.3554494579319,23650981937686.598;20026973835163.08;22649601306678.055;23439695429547.32,false
200070,1437.803601074219,634,526,2357.77582434028,183333364247183.3;369140836032410.4;392872777262071.1;346785714430146.8,false
200071,2528.1235473632814,528,481,2910.399246658676,222336329257427.72;550155439925012.75;655622232769682.6;521046680666387.06,false
200072,2499.543029785157,528,478,2899.4684072053706,222376064341677.72;557894702737563.0;556014933770498.1;512897537654339.8,false
200073,2485.023291015625,524,469,2925.232815625179,222313505881615.12;563772708194735.4;598654737039471.5;516290699437317.2,false
200074,2473.59677734375,521,465,2943.93174292114,225103469819178.38;560581063398727.6;574882579000938.1;508937737295334.94,false
200075,2483.80517578125,530,479,2867.7906948646573,220948763545773.22;542754907663524.06;590682232936136.5;506134618048771.9,false
200076,2421.1880493164062,528,469,2878.669697122415,222198686824419.2;537070179772942.8;627647391076442.0;500794789447964.25,false
200077,2476.2240234375004,531,463,2865.8671711141787,220958467309676.47;545955667790078.1;620215585421009.9;509466097957855.25,false
200078,2452.0951171875,529,463,2860.088763441575,221174056711753.0;542310469358225.56;576793953419277.2;500582848410965.44,false
200079,2514.745092773438,530,479,3142.6098137431136,219240671357181.44;604766878671906.8;694606802969469.4;563889217866623.0,false
200080,2444.290478515625,527,478,2876.116790661865,220657014379009.03;505052744024866.7;618940209592096.8;473444936721224.5,false
200081,2401.2354125976567,524,473,2898.5662087703504,221125144122482.75;489879822043548.9;598834633259105.1;464810204520023.8,false
200082,2438.461352539063,524,481,2995.706510138991,213931773550392.12;549261974337757.9;656024696148975.9;511768460604746.06,false
200083,2461.4560546875,531,480,2954.300202539305,212032918842075.8;576764199934297.6;593469090796029.9;524169207668367.7,false
200111,2434.8708984375,533,468,3022.1176109447783,212171381978697.72;574017074588352.8;611082964223631.2;533355920622613.1,false
200112,2488.7509521484376,535,475,3018.111549208886,211964443694849.1;569285119270680.5;642494927172162.4;534966258696747.06,false
200113,2297.4210449218754,528,496,3052.1801430483188,213602391945381.03;565164392732394.1;605784248102041.0;519084782839924.1,false
200114,2460.863671875,532,469,3041.5305784007815,212578555243890.4;570552045692524.8;621211669417061.2;525607026637992.94,false
200115,2447.4292724609377,533,469,3037.435999711568,211949902634228.84;570837849785379.2;634001868832183.5;525549093060629.1,false
200116,2213.5022460937503,313,310,7610.315417910819,236610452884257.97;1507048100973548.8;1610293915300425.2;1388111336826380.2,false
200118,1804.979736328125,507,489,4875.118766551786,218422798252960.44;812189509546176.4;946148950353484.5;756060020976793.5,false
200119,2105.466259765625,509,488,3192.189136365629,216974195265605.0;506256989160456.94;581682879309252.9;470685169111319.4,false
200120,1871.312243652344,514,483,3168.8707753557946,219990675289510.0;546541581169251.0;574575725861885.4;496736840351463.94,false
200121,2423.5342041015624,523,472,3108.791822411552,217466385848795.34;619349565556769.8;677317339954421.8;564701725722193.8,false
200122,2522.0445068359377,524,483,3090.1284556825694,217292419224182.8;617833596822366.9;671132137437945.5;566307805525305.9,false
200123,2524.963305664063,526,478,3079.881925367429,216537865912325.78;618533379006718.0;703054004018713.4;573242087308060.2,false
200124,2326.097265625,518,478,3135.40814219263,218848938769452.4;600035004563402.4;669176146716581.8;562292794989611.06,false
200125,2501.399804687501,529,471,3048.6391606285633,215174552559313.7;626979205196209.2;723768416561042.5;582951544925213.2,false
200127,2448.1990234375003,519,476,3114.9066735580586,217577457021354.72;584774112585167.2;627354453282321.2;541544728740750.06,false
200128,2441.1986938476566,516,477,3143.1214404769576,218021183600015.88;579538207634258.8;693326678474734.0;537882208770451.3,false
200129,2400.6267700195312,520,483,3115.0425520598865,216563497418546.03;580201031947991.6;628603775578123.4;537753587621317.56,false
200130,2361.619287109375,517,483,3136.4805688536912,217001153272125.78;582631703272011.1;644358562059820.1;530501836758914.44,false
200131,2196.2922851562503,513,485,3160.005755099713,218221739940849.62;569716401681650.5;572712160934653.2;510089169820518.4,false
200132,2222.508715820313,514,483,3155.2519811921698,217924229493344.3;567939261810603.2;612666057335282.6;515125190418687.2,false
200133,2496.2066894531254,530,476,3046.8946119760767,214593079697426.62;633818535331677.4;689852040414477.4;581439779891205.1,false
200134,2287.6867553710936,522,471,3102.975404739453,217489045719333.97;604335640967585.8;685070592771839.2;558319834657758.06,false
200140,1221.7211547851562,569,564,754.6531141027301,32036358625517.223;32726381854164.38;41200166125458.62;31902093618957.23,false
200141,1204.554931640625,607,590,708.0162365541033,30351644246191.28;31145700106272.324;37826763542579.97;30161084062404.734,false
200142,1110.0462646484375,607,596,707.9471920389568,28692570870900.36;29613338140470.32;37125966686604.18;28493475876301.355,false
200143,1184.850024414062,605,597,712.6197741694125,30404807668529.242;31313555723739.156;34516105442787.504;30264949656062.332,false
200144,1124.3807373046873,289,286,,34821076930.71641;135178029148.1167;1152585231586.299;72591305534.91623,false
200145,918.1049407958993,514,512,,68717532807.06711;356683254746.4584;-5505655525666.148;155295612158.789,false
200146,863.854345703125,526,523,,190095776566.30408;882527949880.2346;-1992134556249.9165;270585261317.14865,false
200147,824.9561706542974,605,601,,187938409933.02026;289470081579.96747;-2382255033568.3857;223803214374.46933,false
200148,869.6701751708989,606,602,711.6241706129192,24222564071109.035;24895610234250.34;23182384940295.53;24129591768388.87,false
200149,822.7991058349614,606,605,592.6235793490214,20010462495855.51;20692956739424.535;21910332108413.312;20042537322999.266,false
200150,783.8499633789068,525,525,478.01117401342003,10736505275551.986;10767001866673.326;10560306905799.324;10756264152308.367,false
200151,775.6895812988283,605,599,478.2251135069145,11043669352394.219;11604182131859.842;9244091988745.133;11094844439876.697,false
200152,780.7611938476564,605,598,483.2889653639209,11328515374705.623;12662821819623.117;13254440988527.605;11437211438357.818,false
200153,792.3818969726564,531,529,542.5431365814806,11940434415109.947;12960888378659.318;17733298235537.277;11969468179010.025,false
200154,754.7959197998048,604,597,481.6073075477214,10543732084641.844;11089402897846.219;7723063219354.311;10527412975293.584,false
200157,805.3495483398442,605,594,479.63125508993824,10082204267644.037;10275758058710.059;8793899136675.082;10080031597303.988,false
200186,1777.3142517089846,594,592,7183.174374642433,248980817199099.72;955204738087001.2;1090160483295393.2;914922958925608.1,false
200187,1455.9762573242192,594,582,6187.203353280894,255042178674998.9;653888616137063.0;687886492464461.5;615264302050351.6,false
200189,1557.3640747070312,603,601,7028.092429537313,249276041168837.44;872354240396526.0;971263244651476.8;836767581727530.9,false
200192,1719.5934204101563,575,571,7652.382432036988,265557392555510.2;1032211919508579.0;1096662914375620.6;974081426265235.8,false
200193,2218.1295166015634,674,608,6658.932619674276,226553683848298.66;1236899152549092.8;1372935031571123.8;1188181081661472.2,false
200196,2256.40205078125,635,620,7681.205455884447,242041395653596.84;1198009797401113.8;1255108796981387.8;1136604152692496.8,false
200197,2378.222290039063,683,631,7753.461712193258,226485390890860.66;1551125304117733.5;1657975358898139.8;1473686177602518.0,false
200198,2351.809814453125,698,639,7606.146237102728,222331108281417.97;1545727516738523.2;1608512787666464.0;1465641203363721.8,false
200199,2706.18232421875,473,473,9728.20345525411,282927348731401.6;1941458115372523.5;2074401363194521.5;1858411867537336.8,false
200200,2297.137084960938,691,617,7378.942301385942,223323269538351.0;1377567304727714.0;1459684856936230.0;1309672575534240.0,false
200201,2134.2013488769535,684,635,7309.5006839393545,225692765958009.03;1263346792884786.0;1392643579938765.2;1201956942824121.5,false
200203,2384.9872558593747,693,619,6820.710558616112,222252066531661.8;1348054190549488.0;1434781424267578.0;1277930447189284.0,false
200204,2479.4015136718754,620,615,8512.458819299298,253362001907726.12;1607810546281877.2;1695693131733553.5;1523589216260120.0,false
200205,1838.02314453125,641,624,7340.96058169172,244572709928558.56;1133891059641790.2;1199234597558258.0;1070295831408698.8,false
200206,2400.1537475585938,616,613,7176.847257571257,250480321435726.4;1247240019742197.5;1330957322370963.8;1186032022024046.0,false
200207,2536.2636230468756,687,623,6996.021038619218,231261496252113.1;1276854735929530.8;1359045763616148.0;1208948572717923.2,false
200208,2335.710717773438,600,596,8745.201227825928,264831001604127.7;1781975440009634.8;1847770820129079.5;1687018990529016.2,false
200209,2555.753271484376,701,630,7433.490188834925,228216239851479.53;1643128916275871.5;1753036640627564.5;1549696858481293.5,false
200210,2554.5112915039062,700,620,7442.550904547257,227618835228947.1;1575309438181431.5;1621862826788267.2;1490080448091448.0,false
200211,2557.4020019531254,701,631,7474.739577933873,227869619547335.44;1561855055203941.2;1611553388867867.8;1472930346614427.0,false
200212,2252.61103515625,701,628,6509.138221947415,227395589713419.2;1109312214899736.6;1223645418440142.0;1053430981562239.2,false
200213,2273.485717773438,701,625,6993.664937810424,226476094264582.4;1261162563339252.5;1335860227651614.2;1193741562140726.0,false
200214,2287.585180664062,692,627,7452.247188465589,229168192708745.78;1347823399279818.2;1403001007013512.5;1268373435322006.2,false
200215,2451.2516601562497,687,625,7563.000046123361,231682201248121.72;1449673392348501.2;1512301880913874.2;1363547684187589.8,false
200216,2443.52490234375,691,622,7513.836634060648,231610507797941.34;1447695178503567.2;1508313265443739.0;1366477207988519.8,false
200217,2325.923974609375,671,619,7256.538971372296,232859891656553.53;1237309603976168.5;1327932216091699.2;1167902886921235.2,false
200218,2100.812133789063,611,608,8577.2626368928,260172040263003.1;1421266668547026.8;1452253124971777.5;1337375273256031.0,false
200219,1947.5896118164064,610,609,8607.466671750117,258032397495353.34;1303025105513197.2;1371615036633166.5;1218974474188507.8,false
200306,1868.4028320312507,620,592,4811.105994923321,224532227250462.4;903222635007801.8;969434704883495.8;820349379369429.6,false
200307,1901.9022705078128,617,588,3485.9241499007658,225896086810113.12;413054484060676.7;468460621206314.5;379837375624889.9,false
200308,1885.278857421875,625,591,3439.7643368552694,223335535834290.5;455612481720678.0;508912658334808.25;419365571376588.9,false
200309,1945.7165161132816,656,607,5174.282151688828,214901557547825.16;1410682965921653.8;1503461936585549.0;1278439560399351.2,false
200310,2097.0291992187504,600,586,3316.0829053040875,213092752310561.6;660551601206808.9;730704681894035.9;606061149895680.8,false
200311,2241.3841308593755,655,604,4543.275716795999,216830477178790.06;999464462776429.1;1084974254889090.2;917223881807987.2,false
200312,2472.432861328125,675,613,4417.347054672518,211600483549034.72;1412691650577653.2;1490487550567620.5;1293218731374583.8,false
200313,2361.689086914063,653,601,4555.24029143543,218400720884638.9;1117672307929211.0;1195805532585562.0;1024607800897803.2,false
200314,2674.847094726563,465,463,5665.784781551012,217001950885898.12;1539024864567484.2;1623198186422272.8;1386716030446896.2,false
200315,1632.0096496582037,542,535,5973.190245868054,236293417475497.97;1114146504973065.5;1185325535612749.5;998353855794662.0,false
200316,2135.755053710938,629,591,4794.447472150428,212322112589583.34;1079211076885278.8;1162824885672070.8;987046506933412.4,false
200317,1473.0158935546879,604,589,3538.8063550843935,220658591514777.4;338364635586872.8;378029620046330.2;307490553519326.1,false
200319,1914.6797607421877,641,618,3333.696206082495,215680354482800.5;423751678379881.0;460687220441408.44;384522423313672.5,false
200320,1818.2091918945314,639,616,4731.367672093517,216200720674276.2;1098727022103922.2;1175996185744697.5;1002918952291750.4,false
200321,2001.234191894532,643,623,4624.439622418157,212711564563304.12;1154461473698418.2;1225812635670044.2;1052602750439412.9,false
200379,1214.969482421875,243,192,4321.810482821755,86449083432569.23;78260063437889.67;90461758741006.89;93480198764058.72,false
200380,1906.8746704101563,562,495,5012.424680769935,169015663062131.12;183826412568456.84;213621112591313.7;172374283626976.06,false
200381,1976.7991943359375,563,473,4861.184179811904,173316821271660.7;187919615978771.6;234501903590175.97;177507913526024.88,false
200382,2053.7125244140625,562,403,4866.82566417297,187265995723452.47;219553943380956.12;259341196989711.16;209740651925948.1,false
200384,,0,0,7889.527683646969,175014052075335.22;219139779113063.22;245814780061059.06;208745866472829.1,false
200385,1057.1896484375002,505,496,8488.103324965014,186229142750655.1;236299517039969.62;273145840542386.78;219694701635125.7,false
200399,2551.2919311523438,548,540,4135.49200214308,230323599118147.44;654881156092395.1;757763125834969.1;612258636982995.9,false
200400,2479.2382324218747,702,689,3448.836945756384,202377326259275.62;565805124072001.5;665653038287106.9;530965791396247.56,false
200401,1534.7727294921876,701,688,2373.6500584984356,139603075193522.08;207683215433518.78;231016243199056.84;194790181623432.9,false
200402,1560.2205932617192,701,693,2351.4039303193954,134696442895975.95;192989892674539.5;227018337428800.88;179196471057356.03,false
200403,2209.2444580078127,702,692,3279.413615624679,189539195773151.44;558948249056463.0;596620701636612.0;521835295101919.3,false
200404,2001.4498535156254,701,692,3475.6504092837945,205881841527482.1;632582817500590.2;726148469765662.4;595212712946556.6,false
200405,1810.5151977539074,701,694,2685.550983127387,190662266092102.5;366153616361395.9;379321176951608.44;340433308730355.7,false
200406,2459.7322998046875,703,692,3279.316717201416,195759565016753.3;513954088104887.56;598242472945630.6;480240833128363.7,false
200407,1896.7942871093753,701,689,3280.0237241317136,190486637173726.78;429512317098059.94;493649648921581.3;400724353915745.1,false
200408,2231.9945312500004,702,693,3264.028205545118,193153553345286.62;518407031897747.75;572359591367802.5;480299451722351.56,false
200409,2071.405865478516,702,693,2602.214604143829,193395880271498.62;309178691681514.06;307420524073772.56;281908341849622.94,false
200410,1905.169250488282,702,693,2726.3360745277455,190950536820500.88;301492132450648.7;359953192708224.8;278661350735043.34,false
200411,2249.166418457032,702,690,2827.5618830703256,177475180005619.84;303691794224608.5;342305240382413.2;279388483128848.03,false
200412,2144.7747192382817,702,690,2504.702039243345,202628380595973.9;312035363086881.06;360089678161798.75;290319492049509.9,false
200413,2326.033605957032,702,690,2402.71477477482,200612025965104.88;306185580818962.4;351983993843097.75;282257179838392.6,false
200414,2493.245605468751,703,692,2869.7826632512706,200441118446892.4;359932005903992.9;412779732958224.25;333715579926146.6,false
200415,2169.7907348632816,701,693,462.13852514957836,45261445469044.11;48392487252905.63;43963741171116.09;44448744573467.484,false
200416,2520.664050292969,702,687,1473.0596732875813,199373208774945.75;236448427904783.44;277768800440295.9;218502186093275.4,false
200417,2555.8963378906255,703,689,1560.2099443180848,208401264893699.78;246795975418010.94;263894074240916.8;226505848562748.66,false
200418,2570.2572631835947,702,694,1553.8970480471453,208620834560278.0;250698976549868.9;282965383044470.2;231794785927250.66,false
200419,1826.0225097656257,702,690,2979.838331660026,209018728242186.9;317340010903338.9;357432692373583.6;291668235465851.3,false
200420,2580.6029541015632,702,691,3307.6010877404797,208264945319794.44;693539661519221.0;729841105808686.5;639333550521618.6,false
200421,2114.337243652345,702,692,3314.3637937528015,202054345428193.56;668765543961784.4;759041581621434.5;621465765326580.1,false
200422,1813.296209716797,624,616,3759.652231571502,236947367066224.4;368368472057823.6;432124517011385.75;342374105717875.0,false
200423,2069.325085449219,704,660,3316.774641049652,212581961842499.4;397517868179661.4;459888842390326.5;368095592555208.7,false
200424,1990.4594177246095,620,607,2773.264325405485,239567153235348.3;378682366030209.5;435857452259688.7;350749137131088.7,false
200425,1394.3361206054694,709,628,2267.409312467344,185308808604620.16;203828292542162.25;187524933438641.22;183996806227513.1,false
200426,1205.160510253907,524,515,2797.590912327333,180979992386737.4;199938744462993.3;238505354728058.97;186363730074407.78,false
200427,913.6367126464853,357,352,2201.1491168870693,121144603943482.9;126444021587672.12;121443096954238.94;117750718660723.22,false
200428,1243.241000366212,546,542,2752.8529210128163,184170407721646.22;211754937217897.06;234849942378682.78;192854857321723.0,false
200429,1037.6091064453128,629,503,1855.6105850714687,130422911568923.22;164406317957337.7;171408785338036.66;150021396474279.9,false
200430,1135.9840881347664,443,434,2565.4762599054643,172080125588708.47;213428300919309.78;249998864053860.2;195461450854867.47,false
200434,2329.1524169921877,701,694,5288.948886901928,241501524935591.22;979295317793398.9;1054665347465775.2;917126893147952.9,false
200435,2874.410888671875,703,701,5290.963374269332,242772827209824.56;1215877118753305.0;1354451001671220.8;1129393066891017.0,false
200436,3258.2581054687503,703,699,5247.668466198353,243637799479194.34;1206872222144369.8;1328160378545427.8;1121050089540805.4,false
200437,3171.36328125,703,695,5219.958474104772,243543013368751.06;1053298339217417.6;1175113745915672.5;977371112640772.8,false
200438,3523.65478515625,689,675,4969.115068122744,248678778081091.12;1122272507576854.1;1233037938920480.0;1042483696466724.6,false
200439,2718.9968261718755,703,699,5331.8937090661575,242459837622617.78;677924450598059.5;765799726640778.5;637553562980294.6,false
200440,2908.757861328125,677,673,5576.968306965281,249595698407366.3;666498974734447.4;750820428292583.9;631366850990096.1,false
200441,2370.5090820312503,699,686,5736.405379036159,247961936755928.22;1278285800579750.2;1367480440710105.8;1174678394783993.2,false
200442,3253.43857421875,703,700,5741.123106980354,248280302794328.0;1582020762571985.0;1683778817833433.8;1452091920863172.5,false
200443,3024.160900878907,612,609,5999.292020664166,274870317720289.03;1571497350899569.5;1682604185329555.8;1424508112655371.8,false
200444,3018.9292724609377,701,698,5630.678727345023,244226140179472.03;1901438033812711.0;2003256123847760.8;1698230522861907.0,false
200445,3378.318896484375,703,702,4982.749020101055,242492140608417.53;1138731621662642.2;1273272172332740.0;1062838308248578.2,false
200446,2702.77490234375,702,684,5888.2993812816085,239475532910644.62;1066698709499938.8;1186589931905188.0;995443550353092.0,false
200447,2608.0030761718763,692,671,5794.047246860952,243965642021256.75;925532637548422.8;1006947454595066.4;858673457062163.6,false
200448,2758.003662109375,351,349,5072.410008935614,235887119229388.2;869726423031001.1;956853588483849.2;808189603746397.5,false
200449,2812.2822509765624,563,560,5885.310025951891,270324532300509.5;1001438779655660.5;1101626190176648.8;926827445110678.6,false
200516,1120.8743713378906,198,195,1685.38978038422,157218941249765.56;216689814553347.5;226658182988737.72;190875334162266.47,false
200518,1288.0790649414062,457,451,1868.9873917691111,174997985074899.66;242955832781365.3;265079145293728.1;221697982698391.25,false
200520,1426.2164489746096,650,537,2118.011304136969,194129715949323.38;255856641962927.7;281658535184644.56;235466006394153.8,false
200521,1466.7808959960942,633,547,3116.397567360305,198316777287021.66;370174930116170.56;411382119516045.44;340558969727919.4,false
200522,1450.6306274414064,636,550,3287.182196787345,197662456638501.3;479468425472265.3;524917007731536.94;441506118639824.9,false
200545,1455.7111999511717,558,552,6991.198527813434,284067503332838.8;711553568742367.8;787238003857544.0;661568221265774.1,false
200547,1932.8179138183596,702,626,5017.242794691004,228414416962394.4;604101801946328.6;663078155070690.9;566046533160592.0,false
200548,1619.5818359375003,687,627,5474.403504553665,230372389602009.38;700539321646159.1;774197563436659.8;656455744124308.9,false
200549,2079.211181640625,703,622,4654.0185741740725,230570632555549.53;587251659378387.4;651437804533098.2;550733585536325.7,false
200550,2279.2034423828127,458,429,5805.379293840917,240839601407225.34;947357745315184.5;1032406308562841.4;892610466990135.0,false
200551,2316.218188476563,699,640,5437.449222403683,237978928712120.6;850613147637584.8;942588544681927.8;794935621771930.0,false
200552,2249.9100097656255,701,636,5381.530408834572,234164587041606.0;1054010027076078.9;1145162146707159.0;983434444509536.4,false
200553,1696.8461059570313,700,625,5551.592255093015,227123185963016.06;809407910574578.1;882261774690881.1;754242735452695.6,false
200554,2247.071813964844,702,642,5459.632139552542,232973476161770.34;895694771318356.2;982267986647040.8;835979765676546.6,false
200555,2162.582788085938,700,648,5576.957646416732,237522156101454.5;865314540012099.5;948609996028840.2;805985046980075.0,false
200557,2173.1514587402344,276,273,4778.105420055463,241598583605539.88;765092271005009.9;836324384629827.8;707096077690571.4,false
200558,1867.2435485839846,542,538,6902.525247062219,290011266738234.06;1067307191826502.6;1156441118981152.0;979412325926503.6,false
200559,1670.0828735351577,701,609,5184.695892952078,216439833950456.47;805621665779546.2;874897184910015.6;740994660196756.5,false
200560,1815.8402832031256,541,538,4381.994665304527,283790847413120.7;728898960706744.8;800749828729918.8;665005327363457.8,false
200561,2430.073876953125,701,619,4034.5198812154676,232034785010855.62;946190459475326.5;1017951473707424.0;864747913574194.5,false
200562,2211.714404296875,702,618,4013.9470505248323,231062344926171.3;916625561198955.6;993232575998181.6;837832213143548.2,false
200563,2427.8108886718755,702,622,4005.6904474691364,229791436850144.56;998765264691328.9;1069707455715558.2;913189008386723.4,false
200587,2274.7873779296883,611,584,3483.803659607358,249702577232757.62;442296400595750.56;473133651334958.7;396121575364560.4,false
200588,1011.3119140625001,266,263,2262.182316893199,142059377872820.66;269508255678331.6;301976563823519.94;247878964747422.06,false
200589,2647.2926269531245,692,615,3502.6403662629173,243743095969096.84;436269223034180.94;459916702407416.6;392500173642694.56,false
200590,2541.335913085938,614,611,3526.407788754558,248724883491506.6;535585765564153.4;587921974832721.0;481597269556296.75,false
200592,1824.2080078125,363,361,2960.079661348579,193223533528647.03;418748239630930.06;460461278710622.8;379292917010398.75,false
200593,2532.3791992187503,569,564,3389.9403851375773,243614417522739.7;490967056506058.06;541927941970650.9;441489563817840.75,false
200594,1909.3852294921871,365,363,2383.7464235937355,193383699184291.72;368172171503827.4;408521792498859.4;333991969465559.94,false
200595,2307.00321044922,469,467,2776.743829481325,222949158323162.7;439879651559337.94;480650150902811.5;396523229534668.2,false
200596,2001.751599121094,606,517,3202.0207415774075,222831417138384.97;391720098535705.75;432629624057082.06;352380616995378.6,false
200597,2329.354357910158,602,519,2764.535981546775,213659028120784.0;440637359471686.5;480953588916766.75;396734097752509.44,false
200598,1740.7544189453135,611,520,2681.8975935108815,209795056751857.62;286286815831840.3;309978726426724.94;260495180351609.16,false
200599,1812.9049560546878,594,520,2589.7907974815625,206553717747934.03;314849047765890.1;340036379125417.4;285858027010556.2,false
200600,1784.0194213867187,598,520,2854.286110371281,219785933938716.6;331555165563327.6;366289134028152.75;300905680769340.3,false
200601,1737.1940185546882,591,522,2971.309149362324,219191967243426.84;331805806732753.0;366014001434555.56;300986081988305.2,false
200603,1619.0870300292972,598,519,3179.404724737743,215884174610524.22;300005313447891.7;335219034370583.0;271358812303516.03,false
200604,1558.3606628417974,608,524,3349.2058886356062,219129054772795.25;309666679333988.8;340032125282467.3;279802020240777.94,false
200607,1866.5721313476565,589,524,2778.423856051844,222584080152638.0;343807785981478.9;379115738992667.2;310547469162497.7,false
200608,1643.749829101563,525,518,3307.197389806458,223269807346421.6;340478615928577.06;377179825377069.1;305879133469493.56,false
200610,1033.1512451171875,403,399,3049.9596209571637,165968869894172.12;190264272008302.97;208851641776036.06;170761394048330.7,false
200611,1786.3948364257817,600,529,2796.7323311252007,209582838231530.34;300880235327818.6;332663188345956.6;270400647384395.38,false
200612,1831.919140625,603,600,3076.001731612507,226265092719609.66;346019232349980.6;378803588895052.1;310863840801451.4,false
200613,1147.470581054688,452,449,3348.4324010586183,197023861364733.38;262999082454347.0;288184755283593.94;235573119241523.88,false
200615,1046.7524719238281,432,429,3528.833092838084,178330039457814.22;205417150510791.88;225466025725597.88;183611982401541.38,false
200629,1453.2742614746098,336,333,3015.585536993425,245684040437387.4;389290488134531.4;431239653135068.6;356845468196718.75,false
200631,1620.461260986328,260,257,4233.988430475754,235520252607251.38;888076253580738.0;977334340983881.5;817547980146726.0,false
200632,2277.0298828125,537,532,4664.361588025347,281181205996478.16;893494170457828.0;955242548500917.8;816395433595974.6,false
200633,1599.4477050781254,301,298,4246.3211484391095,244008015303459.5;625250340688909.4;685616722381217.4;573078876169667.5,false
200634,2386.8235839843746,481,480,4694.052925605845,285578291801480.3;949228156814109.0;1045351926012690.5;868997286520277.1,false
200635,2361.666259765625,459,458,4659.755599327415,283289415853983.1;1033212543278497.0;1138628549998782.2;946249901977647.0,false
200636,,0,0,3164.477751028698,198234554318711.28;733539730063773.6;791946376997253.4;675271963418995.8,false
200637,2365.6137207031256,383,380,4416.461528128811,272874441904300.66;988108067969458.5;1078900487023173.4;907147012733397.0,false
200638,2450.7441528320314,596,593,4256.681977354594,269732874077185.38;904010457083183.6;987786132549546.2;825477497088376.5,false
200639,2428.355969238281,568,563,4456.699480659789,281077677664667.9;867936984539598.4;951236080873541.0;792027190513787.0,false
200640,2447.8112915039064,502,498,4690.914947096732,272383289952981.16;944187273756786.0;1012419114619727.1;861601590395773.8,false
200641,2320.4603515625004,666,617,3607.7905279528136,239890595727377.44;695119328805032.4;762543776106981.6;632156250297686.6,false
200642,1912.5026611328124,263,260,3601.051681034321,244576342595626.0;648275074999572.4;696254125984843.2;592454792202859.9,false
200643,2498.606640625,592,588,4188.8583094101805,270813142680462.03;879184781811615.5;945465631631594.1;799679888726551.0,false
200644,2475.768908691406,586,581,4217.2886025273765,272502977272795.16;879153869594647.4;960098441286139.1;800110897539032.8,false
200664,1475.077868652344,210,207,3294.9739471552984,209056066182086.47;446759406554942.1;492344497824177.8;410369293572159.3,false
200666,2494.2016601562514,560,545,6410.999518427509,256146447044745.2;1370973444232619.0;1471662974177134.8;1257995818385125.5,false
200667,1934.2585449218755,385,382,5040.964262181472,261856604086909.9;869832602350737.4;943596114451333.0;803152395583668.5,false
200668,1999.054498291016,520,514,4724.656302611445,275766935366354.62;739180118305038.5;820770272751106.5;680758752818030.0,false
200669,1998.251135253907,668,539,4429.574131415603,214526408458489.66;815369718301489.2;901675501487652.4;753834065785217.0,false
200670,2431.9938598632816,466,463,6620.019746447424,279700773600030.06;1448574885532635.2;1549346571762645.0;1316081610580128.0,false
200671,2609.8299804687504,518,515,6974.96698801419,281195113372409.7;1518783745957429.5;1619240077663101.2;1386769500609573.5,false
200672,2269.6981201171875,520,515,3983.378326787248,274243469181513.3;605629375189950.1;673604203198597.8;552162496858129.3,false
200673,2246.8183227539066,550,544,5218.8645727927105,261329936588211.5;1026888920675012.0;1113492333422284.8;941312868787721.9,false
200674,2140.0081054687503,519,512,5398.2646358294805,274253284199096.72;1101507534382733.9;1192832089628438.8;1010212784781859.6,false
200675,1266.8429443359375,541,541,464.91537243743153,34981772808196.074;37047170951237.805;46817031554205.43;33894925165587.18,false
200676,2193.5479003906253,743,534,3491.790446384816,194035188707779.66;754121259169829.6;818039396299941.0;696674136069863.8,false
200677,2201.581201171875,747,544,3709.0230739476833,193295477716602.66;921942588856061.5;991770103408886.5;852866625941835.8,false
200699,,0,0,,1413166772525.7996;59076731302.408936;2307891769527.25;921385175376.358,false
200703,525.9889083862306,246,203,,231856526160.40094;-69229413585.91557;975312411971.498;105966619705.70102,false
200704,553.7805786132812,234,220,,1293617289348.5447;-105530798103.39093;-974190461812.2046;935197411109.7887,false
200705,591.8345596313479,232,220,185.8173648212106,11804430934169.783;11140179388584.488;18523512336261.54;11863286712559.123,false
200706,653.2922973632816,239,222,397.9778604157739,27142169215070.52;28318540699158.97;32834829377511.383;27407186770771.93,false
200709,979.7689361572268,284,274,699.4695320545505,49788019274824.24;52189085398032.14;62211283544266.66;49982883700217.484,false
200710,1139.8758544921882,294,283,674.614542053696,60347108523074.89;63745383800839.16;78179298687537.31;60078083092434.17,false
200711,1113.7097900390625,305,274,650.0663126576359,59984664087851.44;63316338364998.555;74102793637191.4;59683988670587.08,false
200712,1143.7652954101563,310,269,643.9551815491483,59597177548767.41;62567376126860.766;77093890594571.86;59232379844981.33,false
200734,1184.3394531249999,431,388,1259.2538105264355,100883898625816.06;104406056116160.56;118626556266328.44;97902861729961.52,false
200735,1090.988986206055,390,307,1387.662417130676,108940443676016.61;113656447633275.86;130565466928713.38;105354647462476.2,false
200736,1251.2979492187503,393,302,1373.9742571104869,139318309576264.05;144935987099497.16;164833796170201.3;134600273331107.77,false
200737,1041.4881225585941,391,303,1387.139730577511,111887916558283.45;116977135435557.12;135378824999375.4;108206220017038.9,false
200738,1155.146795654297,392,298,1380.3451886259265,130109780800408.72;134815030102054.53;152209841448915.97;125221602995418.31,false
200739,1193.4787109375002,394,300,1374.6793671848418,134253541375685.08;139428487040789.11;161477802993778.12;129062809025478.6,false
200740,1276.7666931152346,374,295,1442.8201469834735,145004175462184.03;150434135203796.8;173399181511000.34;139017549259451.3,false
200741,1443.192956542969,388,294,1395.15733612574,143454335531054.97;149243159197804.72;168908187664747.5;137851498388280.64,false
200742,,0,0,1440.4096167742782,144843686770113.12;150199456867515.84;169042098342596.7;138887882374672.12,false
200743,1340.309045410156,359,286,1494.3527692879447,145879154009161.4;151645593138661.25;170093024316210.2;140053414368362.95,false
200744,1174.7332702636718,356,280,1503.1960433563893,129522746451849.95;135349810748713.42;157889465810906.9;124996122411325.56,false
200809,12.742771066725254,194,31,,301811558098125.25;1.0859303555372168e+16;5839072468710526.0;2581756687056686.5,true
200811,22.544817161560065,197,48,,291553253260784.3;1.0681436907331918e+16;6020985893481950.0;2737987738409326.0,true
200812,29.97775617837907,182,34,,280695335664374.72;6078089025045631.0;3566591305205483.5;2523522587352413.5,true
200813,10.731867790222168,180,25,,299317495563592.0;6950168542804773.0;3728798900700644.5;2283520428592534.0,true
200814,15.19028635025025,191,46,,271178570887623.88;6707126325836050.0;3706473362407726.0;2435716042754346.5,true
200819,19.109375,185,43,,271297569388813.7;8935941466057744.0;5111460877537577.0;2294255181174010.5,true
200821,20.46280918121338,193,49,,270638035070196.9;9546562722304344.0;5583232742956913.0;2556750941035713.0,true
200823,16.298079264163977,182,32,,284546155357213.2;5167978089874533.0;3159566230434054.0;2389436557066116.0,true
200824,23.486157989501955,189,49,,270697505286543.53;7170435172345568.0;3899309107890110.5;2472243624265849.5,true
200827,5.524417781829834,197,51,,270520970958177.53;1.075967569188757e+16;5595518379814241.0;2535032310897478.0,true
200832,912.3503112792972,310,309,,42606513356737.125;44447444179954.77;67691755874216.78;42759293209471.0,false
200833,740.8125427246098,348,315,,22702867695.206726;111494107359.37218;2009155397024.3086;55351919593.61918,false
200834,756.6738067626959,348,315,,26262202590.958736;-285428890944.1019;2730381491065.175;23955289974.60021,false
200835,761.0739288330085,348,320,,26131699958.899685;-512386812462.25836;3632888496740.0605;123653303849.4046,false
200836,1008.4372009277346,335,312,,115061760126.59233;-106267839985.68037;-2707866608787.839;137867791126.53577,false
200837,1081.4791656494142,312,298,636.1887196189216,56703443285141.555;59126421424449.56;67055203812204.69;56578082432792.87,false
200841,1246.977783203125,311,283,797.0503956504274,76508707442487.28;79423386023131.02;96025026710224.25;75407863365500.7,false
200842,1237.29052734375,305,286,778.7483490112614,114097825374213.73;118162517052883.12;138950853794209.83;111280146441997.1,false
200843,1239.6546325683598,296,289,1039.5987621051793,109561476294885.28;114057566933027.86;131233680488081.44;107129424349927.75,false
200844,1351.588629150391,280,273,1343.2273320767747,145609095468002.16;151072040148718.8;174664219681134.94;141577625011296.3,false
200845,911.9589111328128,349,319,1072.1741516654747,97486495115919.22;101634723111739.94;111028240697297.17;95333406236214.19,false
200847,1214.661315917969,297,282,714.9993511272929,65724698023994.63;69000546361930.52;82747825545312.36;65387329454802.26,false
200875,1598.3671997070314,446,411,1646.2504486486475,174736284837362.6;183485348513226.84;210981305087893.06;169551497401918.0,false
200876,1540.5551879882812,445,394,1655.7081289539217,159722539901191.3;166602965037558.12;185708440460213.47;154942917085090.97,false
200877,647.7205017089847,301,219,2.5141590975831853,70847829570.96718;22290342993.303616;3462388253313.7305;-140940624723.42657,false
200878,1511.0931152343753,445,414,1657.3306580601502,151784488959879.25;158344474846551.9;177004707689523.88;147068715485749.25,false
200879,1570.816387939453,448,410,1657.497431179858,160075106776425.9;167468419593402.5;191098482589612.44;155716201669749.5,false
200880,2137.724951171875,470,416,2885.157114230804,193762200786927.47;399488022021855.7;442873920555747.2;372750385669536.4,false
200881,1974.085522460938,463,409,2916.2068105154663,194893061656258.25;367339862507185.2;407547845979530.8;342677283801745.6,false
200882,2275.242346191407,474,408,2846.48205694523,191776652768632.28;402462308272814.3;451366229072759.8;375462994699383.6,false
200883,2079.24799194336,472,411,2730.670557717726,188843505116244.75;406018245913419.75;454584708083711.06;378657727944504.25,false
200884,2319.461193847657,476,411,2837.0191549756255,190093235586914.16;399647711146987.0;445715282316931.0;372513933639139.7,false
200885,2239.7463378906255,477,411,2815.007674848631,189582093677634.6;398192401186887.75;444985213814443.56;371195760316836.75,false
200886,2266.8476318359376,487,401,2552.9529927984145,183331048702782.44;383833164999673.56;425753512123762.44;357761586388790.5,false
200887,2374.06611328125,467,403,2885.2467559640745,195216531305696.56;429410331749985.2;474889764855713.2;399582600976499.75,false
200888,2247.6144104003915,490,402,2682.2889240612785,184820173862464.03;406520073283926.06;452931627030343.4;378466097371984.5,false
200889,2251.2838745117188,492,401,2656.7327845396253,183868401725595.16;401742939515466.2;443573451303785.3;374028390700072.5,false
200909,1921.8692138671877,463,411,2914.0162812136505,196146466482813.66;382680845373826.06;432203347908915.3;357386495523693.94,false
200910,2081.3471313476566,536,465,3174.2588378526953,217081593545674.12;462938620169509.5;517737449235881.8;432212397074733.1,false
200911,2127.0885498046882,541,454,3143.850110699157,214389510323070.53;475303805380005.56;533969885429823.4;443701748440455.75,false
200912,2082.102325439453,542,453,3145.6790833824243,215132725226451.66;485881856017877.56;545313920192187.6;453674705841871.25,false
200913,2140.42919921875,551,449,3118.620841309275,213236547065135.28;494974466242936.94;552236254029584.8;462067663684383.9,false
200914,2239.4388183593746,549,452,3115.8561429295396,213660882646126.66;478203931646699.1;535910574460957.4;445821672387538.5,false
200916,2383.711596679688,556,452,3079.1331208893425,211487216049771.1;473694341411578.0;535546362386616.94;441628865065775.2,false
200917,2335.1686035156254,558,452,3065.1332822683207,210899356301194.56;479019007104506.1;537752014871965.7;446228327121732.3,false
200918,2202.535375976563,548,443,3138.6833172926413,214147535677816.7;479742340442738.1;539307021404246.75;447307737731333.0,false
200919,2338.6427001953125,560,449,3053.725556581688,210791871225048.84;480695493952328.1;536017790951982.8;447676110327151.3,false
200921,2388.928173828125,556,446,3082.0200523563894,211613940020482.5;474179146758287.3;533128019605162.56;441358231526776.25,false
200922,2467.481884765625,553,446,3094.449699410981,213106316348908.4;481709468309105.3;541665069545374.25;448402139452349.25,false
200924,2067.200622558594,529,449,3347.28888192654,217363819372698.03;442464501473730.1;496028004081537.8;409769996615187.7,false
200926,2122.8625732421883,546,454,3341.891540550523,217794623458423.06;448569074430655.1;502627427806415.94;415660028210661.8,false
200950,1194.932543945313,619,585,2310.4087817589507,203578243149888.84;232833560380018.75;261869968850344.84;215342169145300.16,false
200951,1164.2759155273443,643,573,2221.1815974512283,195940056232668.16;222794916551629.16;257211549994910.1;207096359680886.22,false
200952,1163.9939208984379,641,573,2218.5492199041037,196675131463555.38;224347444004293.75;254165132082617.9;208954651455689.56,false
200953,1141.4459777832035,644,578,2214.6512528161047,194771869799063.84;221725029980139.28;259315676490868.12;205174403134406.16,false
200954,987.0955047607424,596,572,2024.3170751355738,170468052634321.47;193041212610419.3;234413612151230.1;179247064049253.56,false
200955,1162.7745056152346,640,580,2228.8687336826756,196769600690953.12;225726530859250.7;264920135726181.47;208692972963445.0,false
200956,1056.2917144775392,626,578,3620.0911935529502,199419619298720.4;411205551840724.56;459232663093380.3;380131382782134.4,false
200957,1075.012231445313,636,584,3559.7764834305653,196245559671328.7;399115537627502.44;450463455777499.8;369621291379985.25,false
200958,1134.3407165527349,629,573,3593.51032091394,199241985646487.1;401395017473891.1;446844373687245.1;369362251348012.06,false
200959,1375.7238037109378,673,584,3351.9598174296993,193963384764238.34;484173269390577.25;536026565624676.4;447465881896559.5,false
200960,1366.6510375976568,686,578,3287.9854079310444,191206409880849.03;520599533636844.4;585289055693738.6;481231907007157.6,false
200961,1352.7004516601564,687,569,3309.1017104525663,191014375580434.53;517759972480828.3;575953584017801.5;478456253674252.3,false
200962,1337.4636108398443,669,575,3415.9431891183485,195003041608568.8;493167859880734.9;546619421851988.6;456126772469887.2,false
200985,2443.9407836914065,508,503,4985.944479468038,220829245172905.25;1056199492820147.0;1144586177858456.0;955872549378415.6,false
200986,1867.5343444824223,506,501,2206.0577510119792,202880576327285.7;348437179369023.4;383099888302758.9;313406663726573.25,false
200987,1892.9099060058597,506,501,1835.1782825225166,200471899852014.84;275113822572538.7;308792516894716.7;247680049227005.84,false
200988,2060.9243896484377,507,499,2791.083762397972,202389081259484.34;481383845615937.0;534678873928985.3;434542387996476.8,false
200989,2170.3377075195312,508,504,2773.2913859868363,202689171950091.97;511458820595305.6;565912058915146.0;461239022732536.9,false
200990,2212.4406494140626,508,501,2794.1901975877727,202550409710470.75;552438486997807.56;601458738148760.2;498948827126956.94,false
200992,2048.1969848632816,509,504,3091.3105724949673,217681407481808.7;553237305305461.7;609717959658032.8;499949692747202.94,false
200993,2162.8274169921874,511,504,3245.6409691675567,216957033029476.5;614416792507816.8;677627913157663.8;555182541603841.94,false
200994,2445.030480957031,520,504,3218.2151551821853,215752041325412.8;685716897308987.4;755038156626838.6;618978972383200.0,false
200995,2300.5708984375,386,383,3775.8659360353304,252446144355757.44;796203676806667.1;874285494561053.8;719302478239139.6,false
200996,1703.3950927734386,421,420,3828.218795738041,256027511176464.06;564208616008923.6;617279566143768.2;507220341910474.94,false
200997,2761.298291015625,513,502,4911.582098958613,218638332599800.7;1266162405280108.2;1353031997163162.8;1144333115051245.2,false
200998,2144.161791992188,513,499,3107.565304050924,217421835262822.66;606382958898947.2;663166385193900.2;547682665606578.3,false
200999,2312.2515136718757,514,504,3255.450040619391,217292463586291.22;635689545057454.6;690872489992939.4;573917771674476.5,false
201054,1043.7061340332034,415,413,746.6681958824205,37291477341754.79;39291269808101.73;42222285370792.664;37419371420206.46,false
201055,505.6188018798827,355,253,461.36874224427726,17270375920966.186;18691388021985.59;29086777606411.78;17807047583321.273,false
201056,810.1852539062501,677,661,761.0953488700542,19868994926659.16;19755913378621.668;17988652558668.934;20049820471597.414,false
201057,543.2704177856448,480,471,505.1281152195229,9388265048236.037;9400309818017.967;22487888432395.133;9538601452243.402,false
201058,740.8944305419923,646,635,490.5685554844635,10454907721297.611;10965677893806.656;8495502172939.958;10438020087762.803,false
201059,933.2326049804684,685,657,462.08963114430617,13312753618708.033;14186472140947.39;18689674046851.527;13444070082222.04,false
201060,744.7169799804688,685,676,462.1624107697197,9415529039035.945;10155604501925.572;7567524537123.966;9509965674675.898,false
201061,725.4601440429686,463,453,500.3741053411837,9198461169768.234;10068088473470.094;13808308960183.396;9488931129925.219,false
201062,657.0355285644534,502,496,3757.1869483953865,181684543263930.47;231507357543736.56;262931036954740.5;216384119015720.5,false
201063,928.2204711914069,600,592,4842.02739077851,242721469386138.56;373133588515326.8;423934272463132.0;348200562186823.75,false
201064,939.7470703125003,564,556,5284.590609808917,242411205730436.88;379970263329707.2;433544531585543.5;354229622385449.75,false
201065,689.1877685546876,382,374,2245.4289311581515,138253752027173.95;142134179895846.16;158735301664934.3;132824154912759.3,false
201066,824.1726928710939,485,478,4754.4458494095425,212884106041520.06;301083744334579.0;342705200266507.1;281142821122653.84,false
201067,893.6385253906258,425,420,3891.9680176978713,213524704693824.84;301830019795223.8;334780540777981.44;282176084928847.3,false
201068,649.7887207031251,394,387,2352.8577581411105,144505361058223.84;148595090844254.72;166955091640208.47;138734211068635.77,false
201092,1039.2905029296878,434,432,,170990836228.27444;-116596413944.84239;4456213971187.454;241999926599.80698,false
201093,904.6829772949222,433,432,,172184579410.64694;26051711280.666496;15653089313.183641;233699618785.25177,false
201094,850.0134277343753,443,441,,118167337352.61906;-257936360863.30725;-1603683492187.3667;178276158082.61734,false
201095,835.9460205078125,431,430,,131776842483.25546;-236573435383.609;308694780240.4168;161368504726.3059,false
201096,848.866149902344,431,430,,119879446933.6421;49627018553.05078;471115726397.7268;214467505644.41168,false
201097,668.0577392578126,483,480,,103405821260.6411;126910291386.54707;1675692841701.7834;134896937769.02698,false
201098,666.1480316162111,498,496,,97095397207.66554;-109792122635.88744;8851635531986.79;160855318973.3609,false
201099,673.6308166503907,471,470,,97432653909.69225;-89415351316.60895;712921609125.3068;70001048415.4171,false
201100,660.8106323242189,487,484,,97435543670.13295;-8624243023.152868;931820312035.9574;89935732666.10129,false
201101,647.0855468750002,574,569,,77363705542.24423;-41911686532.14672;465734550479.2028;171371489460.83963,false
201102,648.1724487304689,575,572,,89215429791.8531;-346074273564.3355;-453555606133.5036;115358881181.27434,false
201103,646.5988677978517,574,572,,81520885075.2824;125454687561.40227;436405145085.16223;103492175039.444,false
201104,659.6933776855471,577,575,,76824102708.92542;220645443302.83557;-1520052886284.4639;69872650780.00323,false
201105,659.3361236572266,580,577,,91645807204.28058;-100322170827.70299;7202740288468.955;196290612424.60303,false
201106,843.2727844238282,444,442,,118431431408.10896;41353324399.76966;1173355483505.724;176371170239.31418,false
201107,819.9682067871096,443,442,,116248160793.6112;-658208201229.4465;2986281752138.071;86139854208.32709,false
201108,767.4923583984375,582,554,,103802259600.09073;-29590512257.360405;4332349723583.485;62470608579.5185,false
201109,755.2141052246096,581,556,,105204438940.53783;-252116853619.18457;2910201156380.7847;150524533144.39252,false
201134,582.9302368164061,386,385,,3604663418.5667276;-565013845084.1636;10221441387402.562;-80346733429.28067,false
201149,533.6896209716797,433,427,,16345435880.953804;-331576175034.189;3038908431806.8564;76445519998.67099,false
201150,513.64033203125,434,429,,9861392685.308031;-534204098539.5325;-2891561087309.111;1448473148.4057925,false
201176,1345.9543151855473,382,374,790.7983615065552,46632731011874.266;48406629972350.875;54397368242866.78;46405063052733.2,false
201177,1254.2521728515626,642,635,1096.8327818856026,60030201472990.35;62034841094839.25;64094175901381.016;59059817361382.11,false
201178,1145.6291137695316,648,636,1503.4388236903922,69587273806735.67;72824474204507.52;84983554975788.73;68340850336642.6,false
201179,1109.2837890625,641,632,1221.2186805169606,56591034276645.34;59890599358513.11;73592506334122.98;55484945803635.414,false
201180,1070.4698822021487,642,636,1222.944608622355,54826540304424.89;57372056659304.445;58599878739317.11;53782629155541.18,false
201181,1071.1760345458988,640,633,1230.4586488125017,55284536165776.91;57503695434941.28;65925736351151.93;54458692452883.805,false
201182,835.501373291016,681,675,1157.2026682826288,46660449786324.47;48337919246348.42;54540729772397.67;45898942738035.56,false
201183,981.6450683593753,637,629,1216.3233381399261,54506659989845.07;56223505124848.43;63561401265795.86;53408674900109.68,false
201184,1061.195922851563,637,630,1034.064575209135,56920918392991.195;59433126321341.51;68719140128335.85;55551168146844.03,false
201185,913.1392822265628,401,394,893.6418505535073,24749386052399.047;26031369036983.367;28510376732879.402;25121724479591.617,false
201186,1027.5860107421875,271,241,450.7473199258108,26022134779371.793;27248007823709.996;29346233072616.85;26791615781563.137,false
201187,1197.6437622070316,648,639,1217.3047067435245,34499393208601.53;36274019671177.19;40502694823922.96;34595388308857.117,false
201188,1293.5498596191405,648,641,1219.2925840584144,45499012627876.22;48008673201019.63;54982332482258.66;45484890207604.805,false
201189,1470.069445800781,703,684,1122.9149616522275,59437250516397.21;62345925332332.67;68350812619588.49;59152639456454.12,false
201190,1494.9651855468755,703,675,1125.4646797459814,59304184276710.63;62697170664737.46;67391683621250.625;59066942603882.29,false
201191,781.8648742675781,367,360,80.36322936021513,3085572248133.222;3458100306704.7393;-931429099141.0903;3145083076130.537,false
201209,1714.1919067382817,553,553,4139.3344699314275,263057939178382.53;506676368792447.75;564681869467210.0;464098233821074.4,false
201210,1917.3687255859377,545,545,8001.924648764209,283936006548777.3;937527670356929.2;1018454184375732.8;866528359195444.0,false
201211,2139.0700561523445,687,630,7243.165947517388,233407891142077.78;1188020094471616.0;1281179498573850.5;1102950095124558.0,false
201212,1759.050524902344,557,557,7526.868156855956,280569277770651.5;999736194600206.0;1092402322375386.1;925662211388405.1,false
201213,1833.7177246093752,572,571,7229.900900459055,272357852725827.38;896988007026535.6;983289023031367.5;831113763111025.0,false
201215,2058.541625976563,651,632,7820.840187329316,241497083934400.56;1188069587214886.0;1293596927188450.2;1105042248536492.9,false
201216,2234.7386230468755,616,593,7763.741920489362,234919228226529.1;1265798268249884.0;1369978358880917.0;1168987429105149.0,false
201217,2189.8802490234375,689,620,6575.686274160693,212074702591233.9;1210185039690265.8;1308303723403656.8;1126478502524092.0,false
201218,2135.981774902344,658,587,6801.263161792675,220680504947365.1;1216816063975933.8;1318241698994932.5;1126423384110098.8,false
201219,2211.7929077148438,684,589,6434.51671269722,212541356401176.34;1140822649882420.5;1210791324556049.5;1056461021809002.5,false
201220,1826.6960449218757,558,557,8024.344192574677,257005588259975.62;1043826099747493.2;1133502380914558.2;968463666838865.9,false
201221,2210.4773193359383,555,554,8748.262678418077,259626243951689.06;1329207916287198.8;1437290350751664.0;1237729210798422.0,false
201222,1879.6164001464847,584,582,7897.570468231378,247358676137271.94;1061647018758997.5;1153824961062531.5;984833522921014.6,false
201223,2156.550244140625,585,584,7911.421096380083,247226604924648.3;1191397179277110.5;1287121951461139.0;1108938045585015.4,false
201224,2064.203692626954,552,550,7356.709296049399,262237891199080.62;1040233408515457.8;1127913723678787.5;965053599536125.6,false
201227,2509.8322265625006,549,547,8087.260837363261,263818734018976.75;1403957984198598.5;1483307980271879.0;1293565588428399.2,false
201262,822.7553405761722,615,613,1540.329190800919,38128571304324.3;40224708542733.875;43484860833729.586;37433036523873.586,false
201264,947.6123291015624,531,530,1317.2457327857433,39438816840129.586;41165074618016.6;75291180913356.23;38616646849500.516,false
201265,863.5495422363282,455,454,1075.141732085554,32915573556454.016;32770393419110.46;47457958718267.48;32344687313389.28,false
201266,984.1528686523443,618,616,1649.7095826583566,57001508881180.01;61632077578793.53;88809986543022.67;55701598350835.76,false
201267,749.7607849121096,529,528,2127.254949643424,47376695718507.266;49990292490645.836;63848380367267.47;46381388771918.04,false
201270,820.5060363769534,530,528,2123.1802018163844,58035213116182.87;60908211352971.48;79398108357855.27;57131435090193.15,false
201271,899.3804077148442,421,419,1840.4691399334852,52552440153231.78;54357834684497.5;76485221739287.69;51674688595964.85,false
201272,825.7541107177735,484,482,2063.2011672624812,51602041807030.586;57034207739684.94;66208797997975.164;51255444590300.516,false
201393,1328.6463989257813,627,552,1777.102479286683,122128279997330.55;152847850668106.25;173267713290385.03;141127872996002.12,false
201394,1812.4506469726562,654,607,4116.05376351116,195650146573143.66;612627717124668.5;660767146161318.6;577445702961337.9,false
201395,1949.5583435058597,584,567,,215871404037555.78;825830693788150.0;887040954943011.2;781678057034202.1,false
201396,1508.8484558105476,576,565,4055.216762468769,219414478240792.12;418181271946993.75;449921880812492.25;391133792948874.9,false
201397,1729.3350830078139,345,344,5981.167173350727,217844143842105.53;883733776378945.9;950604961817782.4;836187396455246.0,false
201398,900.6547119140633,203,201,3216.303980718676,136892414753082.73;528528995997042.8;575768307971281.2;501249714992347.94,false
201399,1544.9061340332046,578,571,4693.587695271035,217254548768513.34;553119020939777.7;603627081586572.8;516023397200650.75,false
201400,1532.4603637695313,516,508,4854.5995991603795,251826756967421.8;586549225490120.8;639812862203408.2;553826234935356.4,false
201401,1288.9949951171875,578,563,1226.0996217331779,77485360630087.1;80726216576926.34;95579617825195.4;75091130261412.81,false
201402,1465.167376708985,562,560,2552.944153137194,178197047378164.8;231473335588513.16;250555268348868.78;215056325667866.2,false
201422,2188.412866210938,485,480,4326.603862812743,277928628203897.16;645615031899204.2;704081062906206.9;613048216048392.2,false
201423,2347.346679687501,354,353,7523.886542383045,284466409357064.56;1095078029659861.6;1174510522836045.5;1043254406081893.9,false
201424,2760.554028320313,424,422,6532.426817175017,294399937105165.4;1210928280770330.8;1327337324220570.2;1157991804861820.5,false
201425,2863.4279296874997,337,336,6229.005969643028,285669607888879.3;1219955215192940.8;1352914718081892.2;1168933085170490.2,false
201426,2458.3264892578136,361,359,7432.526360502229,287715064730968.9;1219396307872790.0;1371972697151553.2;1168753389364963.8,false
201427,2676.091796875,472,471,6144.231314919257,301516595446084.8;1183418153537313.2;1285625628876886.2;1127155172328809.2,false
201428,2581.1333129882814,322,322,7090.395417234657,278276013764232.66;1286556245589426.5;1385206513469910.2;1231988759968182.0,false
201429,2764.8224609375,378,378,6131.439040663393,285654621661117.06;1275408480689776.8;1387444086424071.2;1218860747428013.5,false
201430,2212.913610839844,410,406,7246.038284888248,303232157997446.5;1314378684835534.5;1398709868748659.8;1246807226189743.0,false
201431,2503.1779541015626,357,356,7440.260275377667,305528545418605.56;1507228011413937.2;1600039325970295.5;1433551286818829.5,false
201432,2454.4983398437507,415,413,7785.601420256159,302345305280903.5;1343808079435062.8;1434615676789720.2;1280746964298497.8,false
201433,3036.0998046875,372,371,7450.3297337546865,286369289935502.56;1529226846641226.2;1634264960973364.8;1453872438429815.5,false
201434,2876.340087890625,381,379,8376.740795040585,293993189820076.6;1326693561926994.5;1434611778383938.0;1261714395698245.0,false
201435,2986.0450439453125,347,346,7369.140393686942,291320123786107.8;1233927033067788.5;1332172527045631.2;1172144800249608.8,false
201436,3273.776086425781,364,361,7242.456349354268,287129605262402.8;1359233543533674.5;1452245849750805.2;1287991417656916.0,false
201437,3009.376135253907,220,217,6230.461822601197,251081767695265.62;1059014523612063.2;1146030392045428.5;1005704326425628.8,false
201438,2623.9419555664062,414,413,7639.319414653378,288123166756395.0;1316295659486447.0;1442950419849389.8;1252755472172883.0,false
201439,2919.9288330078125,244,243,6325.228877531701,261727315661389.22;1283263969033388.0;1360292972552079.8;1219057377516294.0,false
201440,2941.718749999999,213,212,5125.173479688014,251974866908663.16;1051112894175880.0;1154694843448413.0;995844944561748.4,false
201441,2643.9000732421882,301,300,6247.7125898755185,274182162201045.22;1215739468868841.5;1303999296175794.8;1149214865936661.2,false
201442,2573.462500000001,327,326,6464.712653506942,281658205712177.56;1164444808191725.2;1242126323972065.8;1104221663140202.1,false
201443,2693.9061279296875,360,359,6428.772312054693,291552842425563.4;1257569056652087.8;1326033477826324.8;1191091262294048.2,false
201444,2902.038867187501,389,386,6263.868956589776,300286381962622.75;1388583500152512.8;1529868693528527.8;1314998997101712.2,false
201445,2220.880322265625,211,207,5156.262130035515,245000841177181.44;881884938214124.4;977453074923973.0;834244578931975.9,false
201446,2438.2685180664066,274,272,6022.822598347353,263165568078463.38;1154157186225771.8;1241528666213745.8;1090901802184809.5,false
201447,2536.9876708984375,249,248,,262484878354893.8;1143672976469169.2;1237179835659988.2;1080571307527304.2,false
201448,2606.5858886718756,391,388,5230.77083181802,249036292508273.66;1112231651239770.5;1177772859239882.0;1049246495264695.5,false
201449,2877.772326660156,362,360,6427.68484546491,286993823455648.25;1260137456518543.5;1338578248212095.5;1179674501593407.8,false
201450,2922.883984375,278,277,5769.682092946239,271556624001200.03;1230548497924955.8;1311888592545333.5;1157761065430654.2,false
201451,2906.9888916015625,429,427,6059.025436186522,291180117250253.6;1330522851439371.8;1432057484289990.5;1253178525161621.2,false
201452,2910.983593750001,354,353,5939.665976519306,280672216861653.75;1308621198908316.8;1388918065379982.5;1234746381771347.5,false
201453,2694.084619140625,337,337,6698.230909339667,277083914285181.0;1383034820887112.0;1457368621606273.2;1307379062215804.2,false
201454,2828.4089599609374,388,385,7213.642847327758,281329082044348.5;1515926964493824.0;1592424327857003.2;1430313210824754.0,false
201455,3040.4091796875,295,293,7275.369751796654,283837180514283.8;1617055685054704.5;1699224170876650.8;1527345244272853.8,false
201485,776.126629638672,590,554,2411.934163863611,123929763526963.92;342746130168571.0;362507427483079.9;321975333529269.6,false
201487,816.737854003907,711,689,2143.2153629967393,110832367115734.23;257671928749846.03;284387359381002.06;244814336647713.28,false
201488,828.8866149902349,709,709,3569.069580756992,150248241879747.53;444288455976004.8;473604650536144.3;425037747973775.94,false
201489,874.0606872558595,714,698,2396.7172532437353,137152167910761.27;319309741946333.0;349909914884438.75;299855362341840.8,false
201490,708.6710510253906,711,709,2394.5965274295813,124653520351358.56;296099342357451.2;332664797579186.06;277752241682334.97,false
201491,936.1418365478521,712,706,3814.409504588585,168487729457566.3;588785994626583.0;653016747852639.9;565011831409341.6,false
201492,1188.2331329345707,712,711,3833.78064154877,172404750888360.2;585555517805532.0;641237424817979.2;559177657246910.6,false
201493,1869.4845214843754,592,589,5561.913241515186,229843899313585.34;852455341970184.1;946342815901991.5;813778079866246.9,false
201494,1659.6437500000006,684,643,4374.289606284461,202231621286369.8;663553633390340.8;705975270783701.0;628632598274095.4,false
201495,2246.264868164063,683,651,4879.605042174635,206788276934693.88;1032876884191440.0;1102735364865926.6;987775957546692.1,false
201496,2407.6736328125007,681,662,4894.581856575801,207699081076691.47;1046482869026723.2;1116486496662475.1;996870845024556.4,false
201526,1272.3348754882813,281,280,691.2439791838277,66621659210773.95;70568274008417.95;80895090149446.38;66091308045292.125,false
201527,1301.5832275390628,283,282,751.8979653059796,73788374658499.89;77450722520388.77;88782268057547.61;73346454223151.64,false
201528,1586.9380249023438,423,413,771.6552596470864,86215901822612.14;90907070962840.86;104581255574609.5;84591871773196.98,false
201529,987.9446105957035,207,207,752.1274510129052,45110303990079.32;47437583755026.09;51526581135902.59;45568759052082.836,false
201530,1332.3041442871095,236,236,701.4323211021664,74760927120930.8;78655076195184.4;86681229843486.92;74278220282910.8,false
201532,1380.1888427734377,219,219,684.1431531612558,72148083806719.02;75597206655170.19;79496664603018.52;71605941736799.17,false
201556,1311.0643554687504,330,329,3933.939244071845,194599735234206.75;1019513911386493.0;1071693588876966.9;940921290385502.6,false
201563,1048.3198883056643,248,244,1997.6947228873305,122452266456968.89;619832864187238.8;633889808924704.0;520013913705649.25,false
201564,1031.672003173828,221,220,2745.464971879316,151272031411903.94;980641181393677.5;994339886838167.6;773806698334455.9,false
201566,933.8696838378908,223,222,3363.059171849628,120956207102425.42;2118472895325248.2;1793466183425063.8;845271600464071.6,false
201568,812.7633056640627,613,499,2004.030550266874,125545890653274.17;651186360445863.2;583922050265629.8;346116059663110.4,false
201570,816.276391601563,414,274,1526.9699955590977,90425150505210.36;852208169238116.8;803062933543924.1;496914288274566.1,false
201571,1306.7557006835941,317,316,5278.030979041805,205645817292191.2;2172784405668614.0;2072980662095883.5;1378852166582444.5,false
201572,2065.5852294921874,532,529,6104.30550205168,240550975168724.1;1701462630720709.2;1687711912650488.8;1227059586150076.2,false
201573,2034.3738037109379,620,563,6009.998705514737,205646688026997.56;1476875068946608.0;1469921030094342.0;1099481923137127.2,false
201574,2169.1114257812505,509,506,7332.358408769529,250276685910454.44;1716378126184761.5;1732302598240741.2;1327906900160446.2,false
201585,2521.233349609375,545,539,5426.187634015244,247943429747381.44;1075242446695586.8;1176349768132316.2;1029282196845419.0,false
201586,1499.8698791503916,546,541,5362.824771078075,245783269519456.44;839691434560890.9;920554957078062.4;802041468067647.6,false
201587,1892.82099609375,555,552,5237.427505565214,241948583999784.56;864514793183171.0;946169807037280.1;811966620803513.9,false
201588,2312.845947265625,551,542,5382.235924236039,240344939548631.16;1187150220700162.8;1270076104784239.0;1112388476019705.9,false
201612,1569.5141601562505,422,421,770.8980647343818,81675544850371.88;85091051055639.48;60820127436358.914;79933459118955.48,false
201614,1573.9542114257815,422,421,863.8458270937203,88516600532814.72;93021760969436.64;103459026225294.12;86838164846409.75,false
201669,2892.651953125,566,509,6987.354659634413,239611110895920.88;698535230644866.1;785194368534623.5;671576470657937.9,false
201672,1907.8364501953124,562,525,7487.882464221126,241572908050547.53;436456666518721.25;496054097366108.0;416433509453147.8,false
201673,1926.7849609375,562,550,6513.74446151645,235360211814106.12;285418376423194.4;321531129307231.4;269329512935070.78,false
201674,2288.513134765625,565,540,7857.894373229344,239668445504526.72;478268849779865.7;542134393236666.6;453990697184186.2,false
201675,2130.5423828125004,564,534,7456.301525245157,235528218208372.06;470579775399764.4;530070498205208.44;447295384659761.25,false
201676,2356.5408325195312,566,538,7057.847168307542,239961893401802.34;459623550592226.3;530631948394206.3;436153056812575.5,false
201677,2311.1505859375,472,429,7000.614888991781,250863901738839.34;374423276175092.25;412789291633832.94;353265509210953.7,false
201678,2455.73359375,552,540,7382.628530139544,245905092613198.66;492967470698588.7;594885026374551.6;469816104684666.94,false
201702,825.015563964844,199,198,,18448963292.964806;1580038115001.4897;-11936375908906.943;460249500316.70123,false
201703,689.8465179443361,398,397,,15824553402.531254;-3437952843248.669;-4795316768923.877;438286183429.402,false
201704,646.1329406738283,201,200,,949435830.0183948;-2287989721598.5117;1356769981841.0745;-409417024763.6089,false
201705,729.6754211425784,233,232,,50544752837.58531;-1218511607126.0315;-4962725043793.714;329048733900.016,false
201706,1253.338299560547,590,588,,285342949177.30505;2715335945447.1416;-9888285428959.033;832051864368.8002,false
201707,1400.2618530273448,590,588,,3859418292779.376;3388138332351.611;15642550476403.057;2746479615659.9766,false
201708,1531.9230102539066,621,619,,15573925458905.852;6404438431270.363;3709061504171.336;29642718766713.75,false
201709,849.4711975097657,565,564,,27459407690.89676;2282430709350.627;-9323138860251.986;143825693103.41907,false
201710,786.2644348144532,553,552,,2332486273.2845154;537164140988.2878;-1942077417859.9014;-537140962653.8462,false
201711,1210.962902832032,677,675,,96925762761.8553;2938216721860.63;6741406622875.191;505707185648.0859,false
201712,1344.7204101562513,651,649,,2920129601672.1113;2280009183574.0747;12350738768360.18;6076358919685.418,false
201713,1209.4580566406253,262,260,,34474067611.625015;-731731023880.3158;-6188471831135.227;-426893236689.14417,false
201714,1461.3154113769533,658,656,,20097019106651.08;4762358359806.772;14930477775834.691;45762451364686.17,false
201715,1401.6161132812504,643,641,,14838399546607.096;7371227467714.263;13666038209676.6;34288383018462.812,false
201716,1247.8051757812505,634,631,,1932789657111.6213;1463086323745.85;-16009072846324.883;3368095169607.127,false
201717,1336.3721801757813,619,617,,6305231474167.501;2499545459808.3164;7699775028783.123;9646043142045.34,false
201718,1534.109228515625,687,685,,8721392260964.743;-2010188822037.666;13548365093267.238;15803186859189.773,false
201719,1503.8034912109376,680,678,,8175964950712.767;5856206203197.8125;50876554431041.6;19185197853287.027,false
201720,1400.1387939453127,704,702,,1191624203348.5176;2417830164641.538;18592170411564.47;2484175189503.1133,false
201721,1389.5871826171879,678,676,,15490392190459.072;8296726447432.393;462113583758.2047;21541052203518.582,false
201737,961.2597900390629,759,670,2229.8150656074426,112573953573179.47;122198608170508.2;138540898894715.9;119771418137690.39,false
201738,1514.7507080078126,819,709,4420.712429311954,203590841810071.16;406298575646612.3;444770159319401.2;397605881041283.25,false
201739,1699.526324462891,818,692,4626.251093512212,210959315652346.34;407887174761561.94;440921523027188.94;398766182907406.7,false
201740,1635.0026550292969,810,673,4904.509261151871,195783820229025.7;406780506110478.6;470997289521591.8;399540326040660.0,false
201741,1822.953533935547,818,652,3873.1702830267304,199221318666357.1;383698489875653.4;416188009611959.2;372385779087316.6,false
201742,1843.9390747070315,769,647,4153.400256869596,221821779750721.38;452161056695734.9;526739680788369.1;439673762929902.44,false
201743,1914.4663513183598,730,629,4262.154852739585,228687933079513.0;433241518897663.3;493782852319161.94;420505982782460.25,false
201744,1890.4025756835936,756,657,4572.866686331336,215325671098721.8;451300025890770.44;500455248952144.9;437287231292958.25,false
201745,1768.260192871094,727,647,5357.795278694448,232394821435544.8;443371234425723.7;515816197056476.4;433072262617995.0,false
201746,1873.9886535644537,762,639,4341.628615116364,212288043179036.8;386607345540606.8;430311191164544.8;375019117944848.8,false
201747,1843.6494140625,747,656,5325.887675938382,219743230886502.47;437188393247382.06;506634545940646.56;423240599005724.6,false
201805,705.403924560547,645,381,3689.7005298258678,145962734626227.4;796799548147338.4;866218812957136.8;776116210765568.0,false
201806,2748.3849121093763,537,465,5746.942255926167,245182777281220.9;1349121868738934.0;1456226449063575.8;1318740595810307.0,false
201807,2790.7345825195316,508,466,6544.719563627107,258225237941155.44;1490294563993245.0;1618635366056393.2;1462068968520672.8,false
201808,2858.1211425781253,536,463,5492.682439215718,242122071313999.47;1396345818086112.8;1491400768239602.5;1362105825271690.5,false
201809,1425.3336914062502,317,309,4398.847546964871,181081281262071.97;780458431656448.2;846413707933892.2;764955665681685.8,false
201810,2941.715466308594,536,465,5666.178116054352,243251259774954.2;1402323483406260.0;1533719655870094.8;1366876923922696.5,false
201811,2888.8027954101562,536,465,5495.857637261245,243150343064952.75;1404025088619628.0;1525180873050628.5;1367308622762926.5,false
201812,2139.332470703125,215,203,4943.2391318023765,226959078246151.47;849058234580231.5;951935871808852.2;832853678730999.4,false
201813,2498.1294677734377,535,467,4976.1048123056735,230425543385368.2;1277234974952488.0;1377026389164841.0;1238290841560532.0,false
201814,2693.642016601563,535,463,5296.172763427781,239804477026226.06;1411020970054741.8;1506540358350944.5;1364927837304742.5,false
201815,2726.1895751953125,537,469,5413.158368452104,242344327071478.28;1329108733818126.2;1438438143568139.5;1292500101729430.5,false
201816,2698.910400390625,535,470,5656.600666931208,243308824629520.2;1428400440168810.2;1549638094023835.2;1379545304706657.8,false
201817,3491.706420898437,369,369,6815.313044248727,281890258885665.44;1875872816727886.5;2009350425209293.0;1813723848730048.2,false
201818,3523.9983032226564,344,344,6646.915837809432,278494563823080.66;1832622774094541.5;1967781073219333.2;1750941532363966.2,false
201819,2877.393017578126,536,463,5243.586186179276,241695678847322.53;1412285831030649.8;1498353321194839.0;1357205536987152.2,false
201820,3366.664501953125,328,327,6586.245506590555,274984004749518.22;1722238214149968.2;1822850821244422.5;1659665051616432.0,false
201821,2694.841650390625,536,466,5416.869203323477,242627961009721.47;1419968312390828.2;1521928061049638.2;1365872294157858.2,false
201822,2875.8209716796882,536,464,5543.907171160808,244341734280790.5;1400817103688919.8;1495819687032375.5;1351490200646674.2,false
201823,2566.2294433593756,537,465,5423.74064136864,240918431051460.22;1435842037924496.5;1529291911406491.5;1371176901727591.2,false
201824,2359.522900390625,537,465,5532.417334476262,242981756828648.7;1404077474114968.0;1488243988652766.5;1339642820454198.2,false
201825,2446.230078125,537,468,5489.610451525319,239989902288082.62;1407639785577615.2;1475856988885777.2;1340757065602925.5,false
201826,2587.17822265625,537,469,5534.142228172569,239124902486318.28;1339879819144041.5;1434283984322498.8;1292099719592496.8,false
201827,2545.8452880859377,536,467,5933.5974303367475,243495549786543.47;1332614702763923.5;1426801377096480.0;1289884316888104.5,false
201828,3094.220458984376,536,468,5761.356944011668,240637979104806.78;1344926712391794.8;1462336000838537.5;1302750288223727.2,false
201829,2993.765380859375,536,466,5701.163599807515,240783585351582.22;1341028045076761.8;1417765403124107.2;1293614634711969.2,false
201830,3037.8868164062496,536,467,5975.298916859547,241932385770798.62;1372340928530348.0;1453713417219077.5;1324886890558424.2,false
201831,3236.185668945313,536,470,5408.89922177108,240456090783824.34;1351314384083854.8;1435743825726248.8;1303583802307914.0,false
201832,3288.8808471679695,536,468,5637.201672543183,239862472040965.72;1341053068998500.2;1437144001275694.8;1295973134820683.5,false
201833,3468.1561035156255,537,468,5585.529263153225,239907598810334.03;1337898540112617.8;1418670381956285.8;1291305024304036.8,false
201834,3465.716003417969,536,466,5380.440551202831,240678740980679.28;1358396730703488.0;1445650811548641.5;1314430382207675.2,false
201835,1089.9572875976562,679,424,4490.607313901058,165811159037251.8;1236006037811218.5;1289959243603952.8;1102607111963162.6,false
201836,1340.15380859375,675,425,4743.981894581361,164886739132595.3;1398198752033320.2;1447921945915446.0;1187420364084903.5,false
201837,3438.924426269532,536,466,5691.616680735678,240323877880229.88;1313134230059344.5;1400581245220713.5;1266387102250849.0,false
201838,2771.11961669922,536,466,5947.66090265717,243220481908434.62;1276153187536466.0;1340681685588290.8;1232780800243823.8,false
201839,3280.162255859376,536,472,5705.790589827284,239561122887397.94;1404965449624361.5;1487520809469382.2;1351634706829788.8,false
201863,1188.1261596679685,453,335,1142.3719309624285,110768366008958.52;113562218305633.28;125783383536689.5;109203727778053.62,false
201864,1206.7490356445312,387,334,1336.9488094627377,126527025882894.47;129372618322622.05;144793910834514.1;122965734661141.72,false
201865,1038.9666259765625,399,334,1298.7695070416219,123238350811839.52;123672089522940.3;132558041778519.25;118778014715282.52,false
201866,955.6266906738283,410,332,1255.177178710375,88150822236550.61;88148275689651.81;101194264809579.55;86011783457150.52,false
201867,986.3367279052738,386,336,1347.0307751736916,97156716247450.27;97104585966623.5;106881698349402.39;94984062331660.06,false
201868,830.1689941406252,456,337,1137.7543857274954,82797938481553.62;82201007094606.17;95909251098437.77;80885712557289.97,false
201869,1254.6552246093754,405,328,1274.4121166056177,129387836820333.75;128653926405618.73;140480110660930.14;123350902471621.12,false
201870,893.5984588623046,504,335,1029.0898319086555,102256567052881.7;102279680642351.72;121549638618015.75;98795725767181.8,false
201871,900.5501953125001,502,331,1029.0659806812557,101511061463788.33;101566549691134.84;116757920742817.33;98013198900144.42,false
201872,905.5712219238281,503,335,1033.1553721388086,101691158743959.42;102105261672734.36;122517856461040.97;98319289508777.58,false
201873,886.4212097167967,504,336,1028.1236334318214,101088719579258.53;100801618093102.66;118554549896902.88;97583362022531.27,false
201874,916.7224914550786,503,335,1022.8918161305548,100541189809998.98;100647967008611.23;110228300396527.9;96970302446066.94,false
201875,911.2141479492188,502,332,1028.8463900064912,102067184931776.14;101858216147286.8;109020872447231.42;98336472310974.58,false
201876,928.184680175781,504,334,1028.7240894992117,98842280943581.23;98751341337160.73;106771714690399.75;95544250018679.45,false
201877,734.9151306152344,527,337,983.0789930611811,69446745292008.77;70632480575760.16;80397647724292.12;67870539273092.61,false
201878,728.8365783691409,526,341,980.4016591298985,69999967717048.97;69212182903647.98;64576788220258.83;68418408865149.97,false
201879,720.6068969726563,521,336,994.0848987988818,69000030860041.625;71648412298230.2;68485362621244.27;67571167822744.69,false
201880,711.6036071777341,521,349,993.4011070351069,69466529375691.945;70222765780506.7;79560329120981.97;67943824982920.73,false
201881,775.4701873779297,574,337,902.048662304367,85393305102327.72;85301733943753.28;84185069859610.05;82566284385216.53,false
201882,798.5720520019531,575,334,899.8631001936753,86848363337694.06;86669122151469.11;96385910458565.53;83849556312832.23,false
201883,777.2256317138675,572,335,905.9327865852989,87632793702820.03;87727604673378.48;95819639598351.92;84614874401091.72,false
201884,790.0992370605469,569,340,905.7028924052728,85068149852459.44;85247298258155.64;98890354267148.61;82259063049753.9,false
201907,1088.8189941406251,589,588,8604.556641574438,276509907855588.12;440336786237014.75;481626157715180.6;430136801335511.44,false
201908,1293.7125915527345,632,606,7945.605432955806,265301953722890.34;485250532864939.75;563507641918470.0;479236629304418.3,false
201909,1891.9314453125007,344,344,7552.573951921771,282196808534750.4;602269277465389.8;665217877690597.9;594494393875418.5,false
201910,1692.3982177734379,670,653,7287.572126408208,252166437059838.53;483398427344513.9;552013396612107.75;472805757707226.5,false
201911,1697.7313781738285,634,632,7786.457107755158,261721817856326.5;478687318645242.8;529640567652343.0;467137362006682.25,false
201912,1658.3071899414067,673,653,7215.958167560887,249570954460912.06;478485788769254.5;530060800842007.1;467505825377217.44,false
201913,1533.165869140625,656,643,7292.297026745676,252498246480609.47;458677197207195.44;553541151151087.0;452477578473187.94,false
201914,1690.0135070800789,694,683,6868.0312152615825,247087187363926.0;505239532851460.3;550387663943324.1;493078976634164.7,false
201915,2055.7385925292974,520,519,9065.44356832775,302340581427345.7;786458982421477.5;878007274619808.5;767213218713001.1,false
201916,1527.0640930175782,646,638,7823.358187217385,255041283707436.88;468036856832785.1;565700674740824.0;457431188185466.2,false
201917,1547.0727478027347,666,647,7295.095294697364,248615866158246.1;494220813022270.1;580387168716564.0;482942504908779.2,false
201918,1691.6278320312506,671,656,7495.614903268336,246540664242671.12;515829295283588.5;583122441603665.6;500486590528712.2,false
201919,1706.8276855468746,643,640,7782.709581465267,256611776018402.4;550166584354017.0;613436364004820.5;533455706370680.3,false
201920,1846.3776611328126,351,350,8234.622516076486,286135296181022.06;667271431651422.6;759908848522993.9;650583906304110.2,false
201921,1787.2967834472665,374,373,8851.024057050021,288762474451776.9;619557776320535.2;690522061485049.0;600315537257951.0,false
201923,1653.0495483398443,673,643,7524.225320827216,245818408725070.75;497873191273941.25;575416329498692.0;481475067664212.75,false
201924,1586.6243408203127,664,644,7006.079005103361,248610070511813.2;509154452786087.9;609171766993129.9;495012132336955.25,false
201925,1456.5209289550785,644,618,7577.611714056322,259527170746085.9;558353104436323.0;658839424620779.0;541290470780161.94,false
201928,1655.9595214843757,651,618,7506.507771771597,247267714402344.6;483003442879807.8;560131808312855.0;466538242363698.8,false
201930,1650.2882446289066,654,627,7421.416185430844,252002306048305.5;493514835069808.56;549113959363122.94;477368696776071.25,false
201931,1805.619128417969,302,302,8055.541766060182,277492250811460.72;597706186287676.6;696435285114134.8;581104065582003.9,false
201932,1663.3411132812505,653,607,6548.724903193331,250700325685620.03;469608496509906.2;544172293998749.1;457852024606355.3,false
201933,1667.603125,450,449,8669.531714441611,294938261730536.06;563616281207494.6;625179139882067.8;542111528506715.75,false
201934,1754.1560241699221,636,603,8016.650570429994,262646825184945.9;462042103238897.8;499219235847898.9;442254874613942.75,false
201935,1615.3808410644535,654,597,7303.132422702511,253237909105463.22;459132874240785.3;516456437537115.8;441855355567556.1,false
201943,1577.3448730468751,623,621,,617768415662.7705;-2215185688237.887;11252577138544.51;254172215676.38843,false
201944,1524.404345703125,657,655,,357948426052.23987;2233398767226.1357;-26135574860065.613;1764576146366.5237,false
201945,1517.3119445800787,684,681,,723676331822.9937;-4356336059179.0205;13770604767527.11;1129502598876.758,false
201946,1453.312945556641,676,674,,909535468775.8542;360989691911.4051;645195379683.8135;651358937298.6104,false
201947,1510.9713378906258,702,700,,1303124379974.4248;-278048206634.9599;-10248268789803.24;2039800041459.6296,false
201948,1656.4090637207034,638,636,,1309626559437.9482;-5262714380687.81;20392354191233.516;225604030491.8328,false
201949,1554.8641845703125,703,701,,2245810313332.0596;2859304696974.8247;-16113939729356.074;4908926405581.195,false
201950,1521.9197326660158,694,692,,5487262561390.26;832180139298.1302;7859490980152.215;4920918067432.36,false
201951,1540.924658203125,719,715,,5862417014608.737;-252952383494.77466;4259518790149.219;2960507534266.3228,false
201952,1513.5948364257813,821,818,4.348847092875435,3314241041338.822;3123779961976.6006;-19293750502180.77;1685661533820.2263,false
201953,1490.85576171875,819,817,3.760084071208227,3564392366848.001;-265292740728.1771;31469359820680.49;2691167479682.928,false
201954,1290.8073181152345,806,804,3.8442917792277194,763870893331.5483;-2293529368924.123;-44992563713088.48;1345157131848.6064,false
201955,1379.9347656250002,838,836,3.686249840413149,809929171293.5195;-1404166866763.9512;14592637932655.97;92202204060.71742,false
201973,1236.3613769531248,337,333,5650.758237216144,182890080004330.88;2253095301146098.0;1967738522795610.8;1183476562779877.8,false
201974,1050.8984619140626,269,267,4715.395194148942,174772427458828.94;3151287183237783.5;2515067764279272.5;1092151162822265.4,false
201976,2029.6179565429693,491,483,7180.591624369771,230050534212617.8;1448393194186429.5;1476884794413391.0;1117935637053933.6,false
201977,2124.622338867188,505,502,7601.474185538382,233754608097348.78;1525909302182782.0;1553482662920915.2;1228349500181110.2,false
201978,2128.8964355468765,539,538,5745.765814141333,228006229866692.56;1935256191680891.5;1831351763789608.5;1195361334982897.2,false
201979,2062.1271728515626,553,552,5478.707722389576,218458244650714.0;1586201282044913.0;1545978553262882.0;1094345327366111.9,false
201980,2278.322619628906,505,500,7017.32105216624,225395628562702.84;1720019532797682.5;1730911282956788.2;1368198926201573.5,false
201981,2041.915869140625,618,588,6237.001666532969,217828425431091.03;1859920782731792.0;1782888659639479.8;1213078336999156.5,false
201982,1170.5314331054688,306,301,3645.3253666308833,155167282120686.2;1279751131452810.5;1255185172916391.5;868722000827759.0,false
201983,1061.8905883789062,281,256,3504.7193779511417,154214659414134.62;1009848309787298.5;1007136865987607.9;714170783999832.6,false
201984,1095.6442382812502,270,262,3728.040560684011,147723972923415.97;1142639897512561.0;1116000783039256.1;743186453801394.6,false
201985,2028.0731933593759,355,354,4860.467401516343,214583318906489.25;1588649560283544.2;1613929024538339.0;1322058751517646.0,false
201986,2061.7569824218754,489,485,6058.678369235942,230305043662688.3;1506545103021970.2;1375654328597703.0;863516183060067.2,false
201988,2333.845507812501,479,473,6645.12536259582,226543813695582.53;1886107078047716.8;1770846446426149.8;1185188806050480.0,false
201989,2279.4085205078127,476,470,6428.576232485944,233494408573991.0;1472136536525197.5;1365430925138209.5;932470234313991.5,false
201990,2268.924609375,530,529,6708.66726491703,225222050399890.5;1845706963212503.5;1641640475965806.2;992118119194717.9,false
201991,1399.687701416016,638,585,4227.207538551531,198062068446030.4;916691963731774.2;913804146441884.6;646369645836440.9,false
201993,1852.4213134765637,541,540,6644.353034920944,217425257632355.44;1991107791491623.8;1772200795351428.5;1065461643156418.5,false
201994,1449.6027954101564,637,589,4404.023702209501,195435729662390.84;931404044291753.0;929913222498450.6;657627980371097.0,false
201996,1667.712548828125,634,594,4416.262263290908,209413246368874.06;1162147408326002.8;1204847843492869.0;1030525810037275.9,false
201997,1771.6244506835938,557,553,4840.626388419204,216159007198166.66;834561452600234.9;864268732743107.0;717971852104137.6,false
201998,1380.4866088867188,672,591,4772.775778762923,186850505245734.53;726471676769560.4;771179929348877.2;667852422025114.4,false
201999,1806.0341796875,447,435,5374.295225464897,221570636404023.38;1312770221101166.2;1275875112552962.2;869551016180468.1,false
202000,1642.9608398437501,501,500,6159.858053598915,213088447034482.44;1154652462571073.0;1155487982626658.2;869195307850369.8,false
202011,1181.893670654297,552,476,2547.6534724109015,189360041958882.88;278600076193198.84;307306277022935.94;268951015525862.84,false
202012,1046.6122619628911,553,473,2249.8540474928254,162923353770582.6;164869512757182.5;178685151651805.03;156711223678385.2,false
202013,1002.6259918212893,552,473,2248.5751994002767,157176097348039.6;157986359216290.6;185970603689588.78;151154503933750.84,false
202014,971.9531616210938,551,474,2368.8958263193094,180037280734394.62;181673344110828.44;207597892506638.0;174626735509540.38,false
202015,911.9532165527345,559,491,2240.2753454547287,174666786252918.1;191545130795740.6;212462064329334.0;181932085528587.4,false
202016,917.9676757812506,557,485,1916.074094354448,126705387078911.56;130119923357439.89;133608107654385.81;123956822257348.66,false
202017,932.9460144042974,557,485,1925.0155005502108,128987917978015.84;132974283166881.44;152123257356313.06;125602226383173.4,false
202018,859.1641235351565,559,484,2036.477224861338,164258342463552.7;184075296895092.88;209638972233359.38;175039393876400.44,false
202019,1124.5468261718752,559,485,2368.132217670512,182181096920616.53;187233550454617.9;213179463524030.28;175792877865490.25,false
202020,1031.399160766602,560,485,1834.5445540689152,147233304561339.66;148352207527949.03;177150993302911.84;143125184108469.78,false
202021,955.6232421875,559,482,1985.585690611159,133841570973369.23;185303444748504.88;212668313633532.03;178663303824228.1,false
202022,911.2894561767581,556,481,1635.6707501305007,107960156363728.39;109303929236970.48;111938445779901.3;104524296109047.62,false
202023,883.2195495605467,554,473,1731.0401378199044,104420621891105.73;106027994198323.31;134574740405347.0;101579671671618.33,false
202024,908.2350677490235,556,478,2165.895733502732,140315639124948.77;201416357551035.06;234516617826091.84;191468207365231.97,false
202025,842.6191223144535,549,474,2189.8627246120377,138693401410636.62;190587397958394.44;212293686966869.8;181508182501674.78,false
202026,813.9152832031251,545,470,1661.1099785388024,91667590011449.12;92439831726344.66;109750296035279.6;89451968689779.61,false
202027,979.4170837402346,548,476,2373.6621955553846,181448739412861.75;188305101328120.06;202209464164150.6;177198687193824.8,false
202028,937.5819549560549,550,478,2225.2763998972605,139304255447320.34;142510858846652.75;165786818860196.47;135633134967026.39,false
202029,1119.0676513671876,561,487,2525.48981278297,185626598069090.5;193451052316622.22;252460781757028.56;180656892416078.44,false
202031,881.2569915771492,584,539,,426594683226.9239;53506075005.89887;-325703501007.6234;563474228676.7712,false
202032,986.2196472167972,556,542,2373.2841145869506,66408341917724.6;70343553705326.766;80623206521102.4;67287549005854.875,false
202033,1070.4063720703125,553,523,2064.9916093025645,75931303361547.4;80027008804587.98;95509333286640.97;76615052761618.77,false
202034,986.3050415039065,566,523,1552.7780378777609,40370770436250.1;44117251976942.69;58253977620944.87;41109376641893.23,false
202036,958.3090820312505,499,495,1744.4611043374098,42777006420877.42;45868979078309.37;55408105220635.26;43407167943479.94,false
202037,1190.2744750976567,555,519,969.7391979298649,31664166534664.07;34906243987169.777;41538790442728.17;32296587123682.082,false
202038,1248.9664916992188,564,517,993.1115304821681,32134641099009.348;33590719147555.57;67150904075503.9;32518172932845.984,false
202039,1266.4827148437498,564,518,992.2923680772232,32398849845408.84;35672433386368.72;41493618758066.484;33169812401825.812,false
202040,1362.5990234375013,523,518,1071.276262727077,31102657469122.984;29155375492245.605;30861188285109.344;31109875463708.17,false
202041,1305.0645263671872,563,518,993.0534156274912,33198492878682.266;34438051498870.965;88627077351346.08;33067765567899.285,false
202088,359.30589752197295,330,330,,32709976050.885338;-825406108990.5421;3711555638460.641;104214816171.9379,false
202089,357.92651367187517,230,228,,42173752438.49356;-860971876488.1272;98326708348.7934;85817012424.04395,false
202090,363.6739440917971,380,379,,38631042938.37353;-379914442011.86383;3811999483217.7134;94636734681.49449,false
202092,362.53297882080096,390,390,,15842138772.788855;-555987031742.5391;1185064923605.286;-28669877056.427498,false
202093,363.19643707275407,362,359,,26785226128.47029;-111839280923.14452;-2407954642944.5166;18988710540.36166,false
202094,359.9982971191409,255,252,,29806836547.77539;-212308755795.27515;1236566185276.0222;-16348850744.023058,false
202095,362.0531707763674,249,246,,49737713788.984825;-136240131788.02997;334275336221.90955;9081921097.743362,false
202096,364.09365234375014,228,226,,45881134942.090675;-588728850657.284;-2357667421783.266;-8118233485.286122,false
202097,358.30188903808585,203,200,,32479352069.333;-281848934792.6487;799304767397.5466;-67566277069.26348,false
202098,366.86041870117225,385,384,,51359862747.967766;-321228068572.00024;7853481972475.698;22953391385.607346,false
202099,403.505667114258,380,378,,48987244080.47375;-658208492729.395;1972049701947.6294;-46634317129.86928,false
202100,447.36074218750014,377,377,,29235026213.565117;-146534633202.99075;644440149415.2705;22426436109.281425,false
202101,401.8442749023439,381,381,,40954635215.782234;-829192900371.6958;4145370759533.935;4691151116.824849,false
202102,354.86235351562493,386,386,,30853948152.473537;-175914869979.10843;1518494161077.656;2672601803.020145,false
202103,345.7356216430665,226,225,,27262333747.541447;-187980571268.21213;2139457964138.6497;-33698040285.636482,false
202108,348.78546142578125,211,211,,63095172129.62889;-1362393680014.5718;-989137822027.8096;75636338916.18315,false
202109,349.7470123291016,212,211,,40887121182.00809;-463662158951.255;7390690155912.775;20294722059.80149,false
202110,398.6871246337891,207,206,,79753540011.42024;-649551555593.6031;5055311133172.573;12423321097.684196,false
202111,418.91231384277353,268,268,,73930970231.18073;-337674750561.9745;4873165047475.197;-5753024247.823731,false
202112,467.9693298339848,363,360,,57518874148.74684;-712902111585.1293;739819447571.561;28334883739.940407,false
202127,681.7848327636723,474,335,1093.103180221438,31576217952465.73;33777379631132.89;40073409699740.66;33077334401792.152,false
202128,648.7000610351561,500,328,1041.0615318098146,37286208385256.63;39602130269900.01;46325262211233.234;38985661041226.01,false
202129,691.8008544921875,501,323,1026.538579742256,34780535152513.258;36732292125257.55;46018355564612.31;36498451332625.0,false
202130,774.2246246337891,462,277,1116.0583796163053,43602359082926.36;45602887377998.016;58312171869541.38;45279326674502.45,false
202131,803.4289855957032,490,319,546.9954064795464,26982744333691.164;28630443845647.055;37254213874099.35;28303737548651.21,false
202132,858.4893188476562,499,312,536.3301308706366,25946775998896.58;27738939651856.836;35441234264900.6;27215460266633.062,false
202133,852.0112457275392,502,313,529.6044498208832,28481173337195.215;29933578322201.39;37952238253566.516;29722634828412.69,false
202134,856.8968933105468,502,311,534.3508662660342,27526077534754.867;29559358396006.293;34639670935159.74;28879936632004.39,false
202135,834.1693084716799,502,313,524.9790894904552,26575585371646.984;27917315519009.16;30141576778346.12;27881555446042.434,false
202136,824.1476898193362,502,318,533.3979201241644,30112573222043.324;31741003800723.844;43762854643610.31;31588251381138.688,false
202137,902.4578125000005,501,311,1025.4051347747697,46958842006807.16;49567383736941.266;60058000682632.266;48652170078362.27,false
202138,823.3647949218755,502,313,1025.9107547850647,42775709194756.8;45366085156112.25;52617212444913.89;44589206982103.84,false
202139,918.39235534668,502,312,1025.853203846858,54673907740661.23;57231659180339.55;66284907040611.82;56477967358081.06,false
202140,908.3165405273439,503,312,1019.3478932611521,55384655606049.28;58144118497661.63;62364855511172.734;56868009674998.91,false
202141,903.6898376464844,502,308,1026.4939819384506,54166499271046.57;57468392620680.3;67367111374605.86;55997475553306.2,false
202142,950.604388427735,502,307,1021.1055195978137,53778977902514.85;56709263025146.055;63574385423560.94;55638868652878.67,false
202143,932.9947509765633,501,306,1016.38742695772,52381634522422.71;55525496416133.06;63268827346714.43;54132781469938.805,false
202144,938.3796813964843,502,309,1020.5774982833747,53081496745298.125;56386197033510.0;72083396269829.56;54717571673643.195,false
202145,912.4044860839848,502,308,1015.9813502735877,49491198005857.555;53644461705233.29;56398272371027.63;51428015178687.164,false
202146,922.3825561523438,502,314,1005.9881154412578,48750277269583.78;54790827418948.85;60367159252937.98;50396930268769.62,false
202147,949.4717773437501,504,314,993.2063911299908,52478915968490.22;55674485587177.48;78573991866983.67;54494395699537.484,false
202148,926.920544433594,503,312,988.1829289528262,48919461147329.92;51984041124966.69;63330974998446.555;50881608540603.37,false
202149,947.1200866699219,503,319,984.1383206276669,50572709541472.3;53529199722802.48;65436896728580.73;52556529264804.484,false
202150,888.8202117919923,504,307,952.0324481797629,49890741416306.76;52910772471329.734;56902720943359.164;51912252331489.875,false
202151,913.8443603515625,503,316,931.8645234178467,50186088634845.914;53490119083736.29;61133762409754.31;52284428562078.58,false
202152,928.8316406250001,503,317,949.2894668848387,48939335115525.45;52165761451758.55;60619526958027.43;50950730621181.74,false
202153,877.5162109375003,503,316,900.5962128531621,44934600646250.43;47370904911462.06;56408127813991.13;46727186243940.51,false
202154,889.7920043945313,503,315,912.5865755654779,48439837145245.016;51840276386530.586;60005467784869.35;50450582604615.8,false
202155,909.7000976562504,503,320,936.2594009091866,47241221883305.37;50603311488779.27;56253660565783.305;49240423643783.16,false
202156,923.6882812500006,503,320,945.9586175382921,44473615660438.69;47865663293387.516;57743487298899.18;46485782800558.53,false
202157,948.2567260742187,504,311,453.58579894995955,18392294309806.31;19384110603645.168;25417429900207.1;19546046331228.723,false
202158,894.5188354492194,503,318,932.6456337787897,47949635727197.11;51557092204271.305;56045368551813.125;49925555941054.98,false
202159,925.9199829101562,503,315,923.8817269848541,46539001172676.93;49910799086595.94;58912093031935.06;48596964670333.914,false
202160,1592.9526428222666,506,424,921.493300696397,46501869572353.39;50117925209117.19;54175039651105.63;48480547428845.54,false
202161,1501.1469482421878,602,423,780.0700340691515,38678870847921.16;41847192174885.055;47554642747371.02;40316588610389.53,false
202162,1494.249188232422,626,423,753.7004757000316,34864440372857.43;37939770936585.4;43144148616729.02;36401744692181.7,false
202178,1052.1201538085938,519,518,4735.674686435932,213896212177879.2;403337748767727.3;449133007786058.9;377738377542121.1,false
202179,1017.6618713378908,549,548,4829.766570227991,224565730479860.7;339417256421665.5;372515118540443.1;315789532984005.56,false
202180,1306.1145751953125,581,579,4756.149971399134,254308630916528.22;440864590304824.25;476972077047056.3;410651358642693.06,false
202181,1246.8344177246095,624,623,4475.736779341461,237627930994595.47;392239222787622.0;425556304326800.7;364667662503838.9,false
202182,1208.796960449219,593,591,4678.168690344011,249453958213847.47;398856152219273.06;439213338349880.94;371007803901774.75,false
202183,1111.8334289550783,568,567,4822.97114107416,248915985145454.3;383812393514673.2;420703005412066.8;358244084354146.8,false
202184,1064.3701599121096,570,568,4827.322559669381,242135741923528.22;364175506209969.7;404043184153837.56;339681592285909.06,false
202185,963.3608917236329,568,567,4827.529419796099,238635346167000.6;344693838369429.94;376647887624349.3;320998900118787.3,false
202186,917.5545654296875,563,562,4853.298793989802,232086940917311.66;335329396252006.56;368406454077441.4;312368162689892.56,false
202188,1093.987878417969,487,486,5206.2100583201145,218977773052352.22;457426631966952.8;499146490150706.9;427668253532702.7,false
202189,1161.5481689453127,509,508,5192.674978222916,246496487445082.28;387014607599230.44;430248475487671.56;359333886629641.9,false
202190,1197.446875,514,513,5220.6851325337975,248055501948676.3;383209507159355.2;420193571473018.56;355726077489355.6,false
202191,1096.9934692382815,509,508,5210.588704605048,246402155209684.5;384288373543186.4;397360745560615.94;356705313284135.6,false
202193,1206.7067382812502,493,492,5224.405098615797,242608868023228.7;390487337672618.0;421480449715785.3;361813501280678.8,false
202194,1022.5866210937502,497,495,4327.07722360151,210730661290319.2;268466271763880.66;294122374959428.3;246428739494104.44,false
202195,1219.2588989257813,523,522,5291.20501901114,251502183509711.06;387882039761164.56;424919955771870.94;358756134482884.6,false
202196,1310.690417480469,576,575,5255.724745504404,251788404688975.5;413322402810432.9;457557577417317.75;382771834635463.06,false
202197,1129.5737060546878,573,571,5238.026400761988,250014830980765.4;357639212489744.9;387517050751981.0;330178588364651.5,false
202198,1277.3242309570314,564,562,5299.44047430238,255595896016223.2;384873768395071.1;425898587120502.1;354533726107249.44,false
202199,1239.8056274414066,516,514,5286.49283412014,251293833980912.56;390070269496513.44;424449220343879.1;359177208890044.9,false
202200,1580.480078125,361,359,4605.671481781013,218495633588570.5;510982903259335.7;553964836025205.44;473973469698793.56,false
202201,1513.1404785156255,512,511,5003.417255836516,248939994353203.78;555295115507448.44;598613157823059.1;515321741785669.94,false
202202,1575.0132080078129,549,536,5650.074866729212,257459968268006.6;595166354289378.4;639966134471096.8;546282397875865.4,false
202203,1510.7047607421887,502,495,5720.54414066915,250915165093381.9;562337228620800.5;603142660415561.0;517681707589737.1,false
202204,1428.0714355468754,505,498,5764.620585359923,250830160676455.28;513717048689073.4;558716474000395.06;471740680951471.8,false
202205,1569.2865966796876,312,305,3969.246239283028,201527101090814.84;408322559768051.4;445306396390191.7;376398658540498.7,false
202206,1381.830224609375,457,449,5434.397620849445,242473470388632.22;508718193759305.94;551165332463264.44;467988258810992.25,false
202207,1373.1144042968751,477,464,5509.8431228768695,246301478157904.84;515611315672557.06;545595899113221.6;472330472609204.5,false
202208,1332.515734863282,513,496,5776.7398280030775,252849514100322.1;509534672153441.8;552562466413557.3;466986655810105.06,false
202209,1417.5757507324222,454,447,5354.82254997147,242041922247731.84;508137663065976.6;550392277921352.8;459365278677069.4,false
202979,1938.8767822265627,353,353,5341.1760805674,216078508436886.94;1131417381076087.5;1257669494577772.0;1103682820029992.2,false
202981,2146.6024169921884,471,465,5509.407008985478,249636593118770.1;834717778867310.6;949296911582863.1;804062241202102.5,false
202982,900.7279785156248,361,301,4782.212912160214,216348673208681.12;715560786509879.4;813163254762346.1;698349900088523.9,false
202983,702.4867553710938,318,261,4158.9542578038145,188653773924468.9;603167197198562.9;688265974545166.1;592560293724260.1,false
202984,1814.5940429687498,640,538,4703.146664834614,201140890892184.1;737478196203683.1;830739788741653.4;717104725600113.5,false
202985,1949.4514526367186,651,535,4625.122097443826,197976528138697.4;778848079312613.8;881703978262805.4;758335719509647.5,false
202986,2002.8440246582031,646,540,4652.067095276217,199361037338367.7;817565431985017.6;898204067592382.0;794842372643794.5,false
202987,1682.5868530273435,634,541,4728.450142550569,202914087913000.38;753750993016877.1;843924006753454.1;730918891548781.4,false
202988,1917.874926757813,648,535,4709.452441455599,198838479850248.9;840337961560283.6;933922271157447.5;818071084757925.8,false
203009,883.8672180175782,596,531,3051.9487313887507,176690343727102.16;333186748689046.25;375929158976817.6;330573766810548.7,false
203010,883.0802795410154,773,578,2444.260896175662,141661510640135.47;204502822596178.25;242234905903107.6;201643584606762.03,false
203011,1035.036376953125,583,545,2497.479237226952,165793950393490.6;162801691224414.9;190469746824029.16;162846718881730.25,false
203012,1408.617114257813,595,511,3343.5177394683456,235986874944503.47;257834946155700.5;300011976318460.6;254491621009765.84,false
203013,1254.6241455078127,595,515,1979.2090334020784,165417111979139.28;165162955849632.8;179773060007618.62;162501531513539.97,false
203014,1316.3688110351566,545,484,2054.2443538151847,143648678573330.62;143608389862016.62;152268296990463.28;142743999582939.7,false
203033,901.2514099121092,543,477,4132.141563220872,183523096785087.3;287728594790113.4;326317838538630.6;286209025980840.44,false
203034,699.115884399414,606,466,2906.7322563868097,139489330386103.33;233840436977840.53;263562408817125.78;233966002032992.4,false
203035,755.8721740722656,543,473,3939.7737321534955,161805896600499.88;392537319039592.2;442778821171722.5;390711070758694.1,false
203036,1039.799639892578,543,472,3822.0559242363993,223504561391753.06;230914630691219.06;262097930663793.25;227747551981797.0,false
203037,1024.4438354492186,544,474,3730.6707490257486,225564697659110.9;263716989331000.3;309135799854171.0;260938385628019.72,false
203038,1100.9864196777344,544,474,4875.683416366723,233260293918301.28;318752819695134.56;362372785530295.5;315308709564305.56,false
203039,1064.5022064208983,544,476,4815.597606667454,230798605475969.34;297654943369240.4;344872756161346.8;294407757350067.8,false
203040,1031.9853332519529,543,473,4795.18090408707,222356766780317.34;239907004776057.34;275771286366359.0;236441998089018.8,false
203041,978.063360595703,541,468,4188.122889504757,178312485891700.9;202219044055979.34;235928299250527.66;199855699749428.16,false
203042,1206.5525329589846,488,457,4508.133216279775,215077805535030.12;387079721299822.44;441195373973324.0;381457998322549.6,false
203055,1585.1567504882814,556,493,3558.3103274007344,220616804044949.0;474322112848872.75;527429806823640.6;456742260507224.6,false
203056,1481.4537963867188,593,472,3237.6355637914735,208952107670773.0;603264909655247.2;678050264881637.9;584366755613177.4,false
203057,,0,0,3190.1211515919263,222014580809206.66;559081404877292.94;645497782127849.1;539413987457722.2,false
203058,1119.9625244140625,220,216,3065.707425382766,194937067088781.72;347497518000786.3;377056666827214.94;333789419847951.8,false
203059,1974.6925231933596,602,551,3615.9966477830885,224593511693664.25;580883623298015.9;642637629405539.9;559267014811860.94,false
203060,1267.4928344726573,236,233,3196.795849007625,195442843369434.34;425627434817703.75;463511690340098.56;409100887652757.5,false
203062,2105.324951171875,511,511,4065.615562731442,257383866746898.5;707523249799523.2;778201097657195.0;674310015113551.0,false
203063,2221.5121215820313,508,508,3955.400806153071,254982906820682.03;761803595376711.5;827745280089169.1;732590527789549.1,false
203064,2240.812060546875,513,512,3891.4528053522126,255415221539886.72;691818360730719.6;773173169693956.8;664812801934983.5,false
203065,2444.091577148437,536,535,3757.8622660910623,273076039342917.84;746825277779070.8;832711357246592.0;718609757734235.1,false
203066,1691.5351318359374,585,540,3630.8391696014933,222613331640577.78;614198944229375.1;688808666196139.2;589057472841822.4,false
203067,1694.4461669921875,425,423,3914.4802550270083,245926132878125.12;799512916958543.1;875558922489530.8;764961178409739.8,false
203068,2039.47587890625,495,486,3445.3813133149965,252361456794052.75;549331713462332.56;613461010118913.9;520918355553080.0,false
203069,2056.7299316406247,586,552,3538.1069361081345,243802266925336.94;518013190633571.25;582181897957971.9;498712100584407.94,false
203070,2017.4636718750003,487,486,3612.8187851280773,262628333416225.4;627498343215952.8;702362503238663.5;601919502574625.1,false
203071,1994.2920288085936,585,550,3680.934263968552,241823278833057.12;549398298472239.06;596531134706706.2;526491634819024.9,false
203072,2068.285620117187,464,461,3623.6055748380077,259285125615668.4;638383416042644.0;718862345967960.4;610729717335143.8,false
203073,2210.25,481,481,3676.719938349339,261587159859843.56;639457677887072.1;719164639359892.9;612316879027600.2,false
203074,2281.435687255859,508,507,3766.806561335431,267678295391488.75;690072901327664.0;777128997112787.1;660887731509543.2,false
203075,1364.571710205078,344,343,3370.1122117580576,236371130205201.06;592404176595666.8;664150141708990.5;566059920757981.4,false
203077,2026.6764892578126,582,545,3733.075874249209,235717992208419.28;535992821289176.25;590582300745951.5;506847489444436.25,false
203078,1286.8661132812504,369,368,3379.033252981825,234785828301806.7;545250044108649.4;609053827150039.4;523072410172454.3,false
203080,2055.8751831054688,458,454,3606.3440540428014,260466499413583.97;574570495127982.2;618383004598256.5;542744474870534.3,false
203132,1458.2084045410156,564,518,5225.414264446451,193262485871190.75;738843460328163.1;826283933424155.2;700855650654847.0,false
203133,1012.7212280273441,639,516,3949.490822443576,163920009795501.38;530962311538471.06;558317166026332.56;504104639175119.3,false
203134,1130.1963378906253,639,515,3611.5714338522457,204940645196372.16;474981297605172.75;514253645177431.75;453201091050009.44,false
203135,1083.1641296386715,298,292,3891.831541047009,232621408699121.28;746527852275601.2;818016734932894.2;710133421027284.5,false
203136,1155.7337829589846,640,530,4486.338640186654,209526761162334.4;710463779048198.1;765181851387420.4;677912047280369.4,false
203137,1246.4576416015625,449,443,4975.581653106408,245849962589046.6;821438313063569.9;917346141303482.5;794543106797549.9,false
203138,1399.200177001953,640,528,4046.535953548097,191877905676014.9;793809727943697.8;876376306627398.1;758283915341309.9,false
203140,1490.713519287109,640,519,5741.5726632308715,202264176728829.84;1031746307718428.8;1126980298771954.5;986821244429092.1,false
203141,1223.925537109375,371,367,4256.87328368146,211974630766091.7;1135775987690481.8;1178624274811297.0;883335851251177.2,false
203142,2198.06513671875,551,538,4892.745977517249,223011379382502.2;1006936503712685.5;1081391888982340.2;855160600057246.0,false
203144,2199.552783203125,550,533,5171.8483056494515,226558606057789.53;1129277144159151.0;1200766868824890.8;932144674626552.8,false
203147,1434.3865234374998,641,528,3774.392569588758,191579410668034.66;651509747840996.2;715618711616824.1;589276057491853.8,false
203148,1167.3430419921879,320,314,3835.492428636495,210082016659313.34;1123135687512347.2;1182217749571510.0;864263507488153.1,false
203150,1510.2225097656249,641,533,3034.0516656594946,193673644532744.62;642343417971537.8;700492509909931.2;574547848874032.1,false
203152,2215.808203125,525,518,5714.64714570146,237043342048072.0;874196979066233.9;952928577793117.2;796976480652859.1,false
203167,1471.8827514648438,368,360,4984.697695848643,226907764955781.16;1412850481703724.5;1406405258042599.5;905762866155476.0,false
203173,1214.8016479492187,267,258,3674.2805617453255,242542242609458.28;661515671144432.9;729460899733720.6;637539990653975.4,false
203174,1151.7061828613282,270,266,3967.929726718161,240048181326465.06;832594981388749.8;891497385283885.2;797790994662905.0,false
203175,1193.685046386719,278,262,3800.5394509135285,249867246602727.38;725477271116422.5;800675015201488.2;697791663351643.9,false
203178,998.4861694335938,287,274,2226.798282778348,209212349977894.62;366914499885882.1;413752174564433.06;340460436048541.2,false
203179,1086.1795166015625,355,347,2568.6066194307114,223427663336519.7;758222000837989.2;817160811601941.8;686435361591512.4,false
203180,1121.1922119140627,339,331,2928.2417000314117,228998043180643.25;838353531522516.6;887097893316790.1;685027929037334.9,false
203181,,0,0,2809.8991632938955,217190646238065.12;705382725897017.9;741911781640832.6;560167003393475.56,false
203182,,0,0,2940.4087521769375,222744808208103.44;882076293342762.1;905417119347200.4;626290922834405.0,false
203183,1233.7405761718753,314,301,3137.2159289116107,248313443685097.3;673859731152712.2;718409396433875.5;629118906053361.9,false
203184,1464.8581787109383,357,349,3671.859285328358,277211170067669.75;767776438311855.9;844191578466102.2;696041515463869.9,false
203186,1253.2621215820313,290,280,3593.783494281121,261524642693603.12;993722110652634.8;1042391011162974.0;761189282204553.9,false
203187,1206.9815673828123,311,302,3814.4449769412913,240049815152284.75;745297594335639.0;816894379330824.2;707480359235053.9,false
203189,,0,0,3238.1953913102298,231197010400514.88;899250542540587.8;960563025744360.8;823259674688211.5,false
203190,1079.0802734375,284,276,2974.0609580733703,212273090498360.94;847225987624802.2;881708922609699.8;636504793655391.5,false
203191,1181.6283874511723,322,313,2626.967088289927,200361575785567.06;732417646833669.4;789399899722727.9;694006791277972.5,false
203192,,0,0,3668.771018298259,245652786988299.66;722246446324352.0;772732976120054.8;658928741392894.0,false
203199,478.73517761230454,569,482,109.81550305974359,5045459567853.555;5319634143140.994;4415527147888.811;4918935435237.467,false
203200,541.6087280273438,591,519,,;;;,false
203202,593.0902496337891,644,521,,;;;,false
203203,485.9625732421874,587,516,,;;;,false
203204,556.8478118896486,582,518,,;;;,false
203205,607.8244140625,617,521,,;;;,false
203285,1968.2021728515624,566,477,3656.552783632496,121737438860473.47;126111000207200.14;133054034126446.73;121838911919558.47,false
203287,2203.43076171875,567,492,3626.214763656887,138450185905380.12;141277386929102.72;157629826208249.47;138770567924615.02,false
203288,2773.976904296875,564,486,3639.348833342405,204928161604002.22;224132797911760.34;253800136506944.38;217174104241465.44,false
203290,2406.21435546875,565,513,6050.388241246532,226630222628304.8;436615063814670.06;498462755442865.0;426355211163648.4,false
203291,2929.20576171875,537,512,5962.248120939589,254820353433860.3;528440224016785.6;600536919245491.0;514488533241559.75,false
203292,2703.7623291015625,536,510,6092.085201248232,259151164546874.84;564884530005567.8;655468871090214.5;552426475415754.06,false
203293,2649.5556152343747,565,517,6082.6259352765055,228025755919007.5;529453395709131.5;622893406308967.6;516006184114067.06,false
203294,2394.1114501953125,566,528,5745.854015608285,246349926356929.7;386506266320321.0;435749216726059.6;375259322083988.4,false
203295,2345.944653320312,555,538,6793.285726577083,246731694162399.3;602291999978734.6;681569703325075.1;584452755517363.1,false
203296,2472.239819335937,541,524,5982.484700052034,253469803012681.47;404207067103357.56;464505055296572.1;392972900670564.75,false
203297,1450.9566894531263,559,544,5292.436880953005,197141449924045.38;234374371630388.1;263363126469674.1;226849094005590.16,false
203300,1686.9840087890625,566,533,6387.263736644385,224154684447768.9;301453354496635.1;355403360058427.9;291684599754271.4,false
203305,1343.3051269531247,563,522,3801.8141737895457,70386754829890.0;74292298661214.52;73101897255941.72;72471008703913.0,false
203306,1915.7402099609376,563,518,4026.5175471500056,132371676878360.66;135552375214355.52;160310529055568.06;134319879960550.2,false
203307,2074.7280883789062,563,502,3608.3403052664694,112102811821095.0;116396503861076.44;155229456404190.25;114723142834380.92,false
203308,2291.02265625,562,500,3484.6662098523816,206764325391583.94;233612585639873.3;268514993360136.6;229399493879857.9,false
203311,2146.377880859375,563,510,3695.8796475597105,170279926744131.78;176069406097543.34;206845889285672.94;171381643954940.28,false
203312,2393.3077392578125,562,500,3597.9280512639066,197594250144889.53;204801269185585.2;236125716905731.97;200214661144986.34,false
203313,2300.4914794921874,562,512,3423.618709708451,155414187600026.16;158243134463893.44;191908475064627.4;155828298874251.16,false
203314,2274.9774658203123,562,509,3339.5410010226205,146035169372611.28;149099083859792.03;169782345729515.38;146141423801979.5,false
203315,1558.0202270507812,506,478,3244.4252774734905,271181012504227.28;329928209616927.06;395028309692769.56;325126161692061.6,false
203316,1610.6143920898444,415,407,3384.7773128727226,246888572552113.1;352196642165018.94;413740385066478.2;345681773486651.8,false
203317,1614.0009399414062,370,359,3397.7285566890387,240587302072811.28;335945315208115.25;389051655167772.0;328467662297425.1,false
203318,2009.98388671875,557,511,3486.8335508746336,160084832554146.25;183060717972258.0;202304497647257.75;177990165877807.7,false
203319,2298.3730590820314,562,505,3487.624373526902,203527459329579.34;209838583746185.88;243585070735021.25;205543836720484.78,false
203320,2032.7567199707032,514,477,3753.720458538776,218810327372800.3;269150121318288.53;294324073601614.75;262463518799486.06,false
203321,2124.593041992188,564,493,3056.053321931914,163081216828799.03;171741907978495.97;191992153084676.97;167296818211215.0,false
203322,2431.0220458984377,562,492,2957.096794255875,180676801973865.75;186928462554435.72;233976719889434.94;181961552100258.38,false
203323,2364.5662109375003,564,488,2998.073651897763,163555664881644.8;170196506036090.3;198057512311876.06;165781203857594.56,false
203324,2395.5467285156255,563,480,3140.871501038648,174232598295967.22;182664556710790.66;220020063612017.66;178327703883578.28,false
203325,2401.8875122070312,564,485,3131.82717595482,176888665218789.97;185592582262685.84;222760010368964.97;181538907457258.72,false
203326,2412.212683105469,564,476,3143.01438234757,182352316728005.88;191073704761693.12;210411273653464.44;186101240369197.4,false
203327,2529.970947265625,563,484,3539.353552199777,209125047213752.8;220502263560075.25;256029868289411.16;216205522845072.03,false
203328,2642.6309326171877,575,498,3479.0676153159757,229921135203083.5;272614725432466.2;336100361716676.7;267355464271070.4,false
203329,2600.4130859375,574,482,3457.14204087179,215805504888030.28;229447678611748.62;292383618048541.8;224738473531438.3,false
203330,2479.809936523438,573,494,3565.9939975263846,198028145047845.8;208119290756936.97;231841595025957.47;203789684290634.75,false
203331,2406.0836425781254,574,496,3073.4754640131478,168790624066727.2;177160829194240.84;218428528509308.72;172988348253694.75,false
203332,2532.976440429688,560,486,4160.087538449974,202684486044689.03;287420511691835.6;340068446430029.6;280664494393915.06,false
203337,2105.7415161132812,680,662,3211.2089960313156,226109148473051.16;600393258697357.1;664201300870085.5;570020419782957.8,false
203338,,0,0,2244.060412814983,159912273149100.94;197171318059926.25;230249496845915.7;187910081517622.28,false
203339,2212.239294433594,518,517,3824.927412145227,264257178408616.84;704040257792744.8;778448924520397.9;664051361550668.0,false
203340,1101.2893676757812,264,264,2849.3993092924075,200326519257880.44;498641421800434.06;535085129677950.7;474840820074365.3,false
203341,1221.867736816406,318,315,3160.246117606685,226924266022882.84;594215524998589.8;660570507057576.4;564538324891950.9,false
203342,2169.9309082031255,682,642,3116.3394810127365,223019372050307.34;607391281420532.2;665592641398258.6;573244645563035.9,false
203343,2277.96533203125,682,641,3192.922673905465,223053826037560.4;666173957062000.5;747845873035891.8;630176028448138.1,false
203344,1891.2767944335938,572,569,3628.0093954066947,251203122991691.3;723643314567901.9;781802307314809.2;684648165617332.9,false
203345,2516.219030761719,676,640,3225.010116570147,231613062162652.03;707168939053847.5;776602983857448.6;660186990025888.8,false
203346,2042.3994140625,549,548,3700.884411190596,256648176427266.3;786083960094339.9;864030779065714.1;744586697248852.1,false
203347,1245.440832519531,674,639,1309.1446223343441,166464334292094.38;192974777315797.03;222844940684317.7;181034945309847.62,false
203348,1036.4293151855468,679,647,757.8654137952612,79167084247815.62;82340691639882.4;81244305236516.03;78533175952228.61,false
203349,1097.842022705078,672,640,297.58621419217184,24495684674416.633;25439817472108.535;21895482897092.766;25159569069960.516,false
203350,1079.6569702148438,667,644,314.6341502442194,26048122917140.094;27034014694967.055;18087478937503.38;25821601428687.85,false
203351,1091.6236389160158,660,642,303.30988535502036,25190835369157.168;25832758617898.36;31998169445628.555;25368717926741.78,false
203352,1124.853869628906,666,642,312.2010338984052,26400775165692.496;28297941085758.188;12356530107890.062;26477819088040.74,false
203353,1103.1666870117188,666,644,299.67310664648886,25380883481187.02;28004957010541.79;38380202865644.47;25628425984810.234,false
203354,1089.9847076416015,666,643,302.5233449778137,25335276744253.28;26111487058896.758;11361653811721.807;25167513856385.37,false
203355,1106.0782470703125,665,639,302.3965928175739,24908679968954.066;25373191455645.68;30772923199338.223;25326578359457.67,false
203356,1094.4571533203125,704,651,294.9682330207765,24238640191109.16;24990324663577.51;31135888865038.418;24476696014699.67,false
203357,1121.8127197265626,619,596,324.1216952708006,26304489378245.07;27498670910543.176;23498332787057.707;26519373296713.062,false
203358,1139.2773498535157,620,600,333.67461037449993,27486319942851.1;29502224727206.266;46739702146823.95;27233123017601.258,false
203359,1118.4607147216798,620,599,322.8232366330032,28663332741333.59;28158572581551.516;19308091571100.484;26893402065758.715,false
203360,1131.354260253906,623,594,332.2603915348963,28383511952425.867;29125344931095.133;36800619817521.88;27543790216071.29,false
203361,1138.0847778320315,620,595,323.4537786162784,30688268641838.715;28887684009329.176;16992181621941.252;28594420659996.883,false
203362,1135.0223937988283,620,594,320.5128511570099,33290708231410.97;28835562184498.77;37398480006472.37;28677529315589.164,false
203363,1142.1584533691407,620,602,336.7895026842455,31901874025276.12;30533803726499.77;36885165777174.35;29602343596810.836,false
203364,1114.1077880859375,621,593,319.79366373171945,32259985849099.445;30613483803067.535;43152366830388.63;29480831858893.07,false
203365,1134.866748046875,620,593,336.20376932608673,27710486005522.758;29321731941839.02;32533695245891.63;28088836708010.977,false
203366,1151.9688720703125,622,595,320.91001467270314,32692169126698.957;30693373578784.855;32356170800756.05;30092773373969.242,false
203367,1118.3070251464844,620,594,335.09376541432,30684768873322.5;30220528061893.227;31570012141404.94;29882651037829.715,false
203383,1315.8451782226564,535,484,1487.3154762592549,81480468681512.33;85540810361176.5;95086633001542.62;82486736858149.84,false
203384,1610.4196228027347,490,475,2262.267024933129,204553421044095.44;217737143687243.84;252345807613457.94;207975005042928.2,false
203385,1752.9141723632831,499,475,2714.268530951285,197308261885558.88;209859250677882.72;238405992891192.7;199957810997121.5,false
203386,1704.804852294922,490,466,3384.713344438153,212438878700601.1;312872784522434.5;355221526385433.56;298063442275632.25,false
203387,999.984716796876,427,426,4305.431221302305,235233736338379.84;309723103485007.0;352305005975091.2;293645769944923.4,false
203388,1986.137097167969,520,484,3209.203201236852,212760516829651.47;309700860035179.56;352761908865538.3;296001512586855.25,false
203389,1024.1627197265634,443,440,3611.879781445376,194023092698556.12;222811215368661.84;251647579512656.06;211682118099088.66,false
203390,1040.7033691406255,485,484,3621.734570464912,202136815872554.25;238924621930183.4;267817053942306.22;227644304221208.03,false
203391,1651.9404296875,497,487,3583.2547446905473,237198605313497.28;336398336749934.4;376277316776650.1;321756980068604.3,false
203392,1382.6372924804687,492,489,430.23569548607884,25024843041807.273;26476474394009.617;29384053174813.44;25790201616346.69,false
203393,719.3118988037111,490,490,322.8159742012401,14759222373090.19;15606034425821.76;12241797724351.012;15276405274556.697,false
203394,766.2560424804688,489,482,2375.8582738554383,133576347990764.31;140711147387187.5;161302253593793.1;133704628591585.95,false
203395,1535.4993041992202,495,482,1309.9040718649296,80233475834280.73;84574064545197.56;94804653605210.47;81110681285752.25,false
203396,1043.5166564941408,491,468,1534.195590318193,82266682731127.08;87537658746490.42;99383081419586.56;82977509205076.78,false
203397,1452.8781982421879,491,472,2732.187005893197,183785056188356.66;195182806001089.06;220240379794443.28;184991370943016.9,false
203398,1538.9173828125004,494,481,2021.3072970298347,194012126383364.2;200362128299780.34;227957378387252.03;191151141843844.3,false
203399,819.9418640136719,488,486,2028.4542133960902,155645919498066.3;160574468578589.9;183381573356206.56;153937147981183.84,false
203400,1449.1805786132823,563,495,1783.8496144723981,163472920587733.6;167486181087142.06;191913065505921.62;161189453659749.06,false
203401,1172.4690063476564,452,451,2078.853605601774,177461002785939.12;182607999256924.0;204244192012469.4;174832907717920.6,false
203402,1849.3966064453125,565,540,3681.843715370008,212211395683100.16;375280949598447.25;419114930279410.44;358689139652604.4,false
203403,1923.6899353027359,572,502,3676.107955190654,216053469999037.03;404712747493120.56;455247790062391.4;386975010625174.4,false
203407,1158.5691223144531,272,255,3780.744949789525,242871987571133.62;1115843416674491.8;1151192893157156.2;794076046894148.5,false
203409,1213.1823486328128,639,513,3334.9633086238055,198503161075104.22;628306760889152.1;695636590413690.6;598668986701073.2,false
203410,1996.1296997070312,513,494,4570.678630214102,248760240725922.25;1075798273638348.0;1189449415469059.0;1030117128597498.6,false
203411,1107.9323242187502,322,310,2876.3188730734587,212201100362928.8;686451333430876.5;756049534790398.2;660833108926640.0,false
203412,1146.2520263671886,325,313,3377.214842515093,218694386766897.72;928121568066063.6;993170481590238.8;834935451470358.2,false
203413,1256.0263183593754,311,302,2896.0451767282784,220176632817854.84;653788460065468.4;718952490611128.0;626356693859529.2,false
203414,1243.4237060546875,315,304,2793.060724750234,217679630398062.97;600674390155967.5;669100389371203.0;574316242914127.1,false
203415,1281.608666992188,335,327,3325.2876930400803,189163204842491.53;1324273735383904.8;1417676108933387.2;1120539137983813.1,false
203416,3403.953845214844,470,462,2961.457827187865,234205725959973.7;2122563723048700.0;2207268776431068.0;1732395329934830.2,false
203417,2952.7619140625,483,475,2717.1993105782412,221596202362148.06;2180713328481437.5;2238267697506337.0;1586765362622335.5,false
203418,3532.4930786132813,500,487,2943.6048228736677,238060100413409.06;2213093991626035.2;2266819011194100.5;1721546081714996.2,false
203419,3783.923095703124,494,482,4700.9052865671165,240863239554237.97;2469441347033283.0;2496088748991053.5;1770951261177175.8,false
203420,3533.4262207031256,510,494,4592.27024010623,233815387545000.34;2177187835614554.2;2242978176777435.5;1700948835289152.5,false
203421,1282.5063110351562,334,321,3472.713777590806,190583144329977.1;1266305536681086.8;1331974618226742.0;1032558024388243.9,false
203422,1364.197000122071,372,361,3715.380735259363,199623168455370.75;1583810077140455.0;1636795059907015.0;1287997393465628.0,false
203423,2586.625842285156,440,428,4510.424255647639,230442480979545.75;1642361007883303.5;1739553833825688.8;1553450319111258.8,false
203425,1299.140063476562,333,319,3471.4393302536505,192745829017143.56;1364063136871176.5;1421650710481391.2;1154834767415719.8,false
203426,1898.5039672851562,399,391,4026.7758182854186,208180375337448.34;1713739212364834.8;1780136610865823.0;1429831542751749.2,false
203427,1212.01318359375,301,291,3067.66134986508,168973682583884.56;1313704380435849.2;1333340145971145.2;930545004822522.5,false
203429,1217.2718383789068,493,410,3789.854090161887,174536045165453.66;1535937684885192.2;1563193275193910.0;1203969998381524.5,false
203430,1417.8801574707031,636,516,4522.720673990992,183949402850858.06;1495650278926284.2;1541511090902867.2;1177938445482426.0,false
203431,1542.4132385253906,644,531,3552.8206558466277,183083090298970.66;1611061982656565.0;1650856470446756.0;1233221342704050.5,false
203432,3459.8619628906254,489,478,5215.089168318316,242061876969859.78;2667495254911697.5;2667115481444876.5;1800768831994396.0,false
203433,1811.0510314941412,462,456,5659.355044772314,243293147207503.12;1245552381833315.2;1325861559451024.0;1168963992249695.8,false
203434,1772.9631225585945,585,503,3857.6019794321123,198842297579539.16;962090651281886.6;1025915157301574.5;872815436748942.1,false
203435,2064.563317871094,470,457,5531.517526601262,242629685834148.3;981634886176668.9;1063894431474396.2;922041768019049.4,false
203444,773.862725830078,561,560,,287380589057829.0;408528850526486.4;471151893560243.0;395472358546349.25,false
203445,862.7451873779296,630,602,7434.2795476273695,258619153037976.2;402123168070196.7;457777407693367.4;389947505686877.44,false
203446,856.7371124267577,630,607,7198.802975597692,254205593607277.4;379087238923012.9;436921884802507.5;366976458949871.3,false
203447,827.665460205078,627,601,7360.9669632159075,261745124508215.0;406314761754110.8;467682587802746.56;395398343890663.1,false
203448,1456.250854492187,701,607,6852.5736577550615,239540558051090.38;497817864343762.3;567869544160947.1;485979470324129.44,false
203449,1315.6446166992187,700,605,7411.334952578997,241445434643306.25;401184328850410.5;464624366688337.2;389054355775284.2,false
203450,1331.869784545898,700,603,7306.109861218691,237254880478276.2;401572763988043.7;460311898556295.3;389748103499086.75,false
203451,1361.0046874999998,700,604,7353.250148926592,240540961201763.5;398344692726654.4;448500150870259.25;387038077743758.1,false
203452,1405.8825744628903,700,603,7238.438999274524,240468653511629.7;384290069448533.5;440572121261922.8;372066457094249.06,false
203453,1272.7910400390622,635,602,7701.1472651413915,233362281094016.75;360749886349394.0;404623722270509.7;350234429171487.44,false
203454,1625.7383422851562,636,604,7419.702642382662,245148474668680.78;484295658161519.2;546598591587076.94;470281136880049.06,false
203455,1379.1939941406247,700,605,7162.6878362850375,236432261459319.5;413235385572088.7;479323189295654.8;401314035145262.2,false
203456,1373.149169921875,700,606,7091.999589434111,236230925898149.1;382167911149958.6;435465023310261.3;368186525136794.1,false
203457,1389.8831359863284,700,607,6960.013190613908,236890116064742.3;381676868421078.56;431175796271106.5;368057539654946.3,false
203458,1490.7846923828122,701,608,7174.235166343119,237997384022398.97;489554645159214.9;564466101300263.0;473799242771609.94,false
203459,1526.4971313476562,701,607,7092.6204858616775,237703424074338.03;504543173665454.7;566412876775958.2;486815619978322.5,false
203460,1134.4138916015625,395,382,4887.126833893423,232887970490799.3;418639887991242.3;472309590471578.4;405875810296357.2,false
203461,1220.0052856445309,700,596,6531.446131000326,233296938909188.94;388010334617993.4;428079238848985.5;373604838095678.7,false
203462,1377.036279296875,701,625,6847.798059828557,237568728559693.0;443126601286703.44;494144425431704.1;426649872971139.1,false
203467,1317.683349609375,376,374,4063.010988244758,270962030317828.4;577935972984961.0;638503657869295.8;549082772564644.6,false
203469,1895.2164062499999,592,591,4032.6761431996424,270195475974872.47;712433179452967.0;780773398983818.4;676682707571569.8,false
203470,1990.3531311035158,598,597,3987.399174427262,266963102674358.4;710873325606703.6;785005751235721.0;676699792466348.9,false
203471,2211.5185546875005,535,533,4744.105614715644,280421548509085.53;985101829386440.8;1079576115422788.1;942225883868681.5,false
203472,2152.9866699218746,666,664,3906.0534660300304,233327578456582.6;767439807004006.4;854226177676165.8;732805650692808.1,false
203473,2174.564501953125,657,655,3992.2448563162593,234619215147482.25;773772420940848.8;858095601405011.0;738683289904762.9,false
203474,2366.1911621093745,577,575,4534.20315480307,265180810686328.66;930243322077214.9;1014887532162462.2;890220639825522.4,false
203475,1483.216967773438,509,506,4950.808209035042,269162354366984.5;713778726390112.6;804778514053867.8;683035091756516.1,false
203476,2180.162255859375,653,651,4060.3270649526485,235131597621017.38;672593972263053.4;735275728763634.4;641239375722641.4,false
203477,1681.912353515625,577,575,4582.649042471198,229903690923132.6;565206056633722.6;621311185774437.1;539014137408464.0,false
203478,2079.482434082031,371,369,4387.235384237689,266034947897748.47;741765278581941.5;805367984983770.6;701771744670658.4,false
203479,2269.4589355468747,415,414,5186.14260910068,274698807504930.88;1039794845450091.1;1123555026619911.2;988210983933971.5,false
203480,2228.500244140625,393,392,5019.839449996075,273285305193304.4;996011278679257.1;1090528924128087.5;944417417939375.1,false
203481,2465.665502929687,511,510,5525.136036337966,283573524148316.3;1227161844698576.8;1335734071017870.0;1165423706915721.2,false
203482,2420.8935546875005,645,643,4369.613301229578,225128571787673.2;856684570100721.9;932868445148142.9;812444461882991.6,false
203483,1976.8294189453125,613,612,4332.483882310596,245151987633641.1;711040267734115.2;779603894918197.2;674636928141124.9,false
203484,1937.1332885742186,607,604,4367.3378201567175,246279969919787.1;695260346873389.9;764393842076062.5;660009048157221.1,false
203485,1988.886761474609,594,592,4466.471399296109,248705565482844.2;654081457635012.2;709583489353947.5;619477030451653.6,false
203486,2057.665881347656,594,592,4453.179201235304,246694901291177.8;654003758292588.4;701434856639303.1;621284349333905.2,false
203487,2182.269885253906,591,589,4743.75017714682,243985997477124.25;798156781214962.6;852368892329191.4;757311068763988.6,false
203488,2098.5783691406245,589,587,4227.9265362477145,241802802173562.78;627404375850224.0;683183639042404.0;595608772121941.9,false
203489,2275.9007324218746,590,588,4827.181896440629,245499720486832.66;758863961887580.8;825144811503667.6;719353824858114.5,false
203494,1227.6386169433595,626,597,335.1901656413206,32578663608286.363;34428188646068.164;34374106860241.223;32894820931289.96,false
203495,2052.968127441406,661,604,320.33952892153775,36263638689683.51;38393034202433.45;45007979989951.516;36870069881043.99,false
203496,1990.8009521484378,660,602,364.6384743405238,42466192172370.91;44857110130907.37;55886830960370.72;42913234359975.22,false
203497,2099.103271484375,595,589,406.08388586421734,47072235079082.805;49611648619289.04;52254757758530.484;47438269893397.26,false
203498,2113.002337646485,624,575,,45884662496891.26;48913725663391.13;53528375875302.95;46268102530885.945,false
203499,1205.8841430664063,545,535,444.0262096204055,36291618882124.664;38533593521361.01;38666298941041.67;36455683126572.82,false
203500,2136.5868774414093,633,577,378.57853569971985,43795498529730.29;46666331013208.8;50335109464494.5;44216297177183.36,false
203501,2100.023217773438,699,582,346.3207925904894,38089262878671.32;40502656810974.445;41305565569984.086;38580078881331.17,false
203502,2046.4533935546872,697,582,343.8062775188587,36726352976946.17;39011941016284.94;42857312767760.5;37164461100265.92,false
203503,2213.975531005859,632,586,355.315951565789,35992106539285.86;38391674652932.8;42273729868609.37;36479350704535.11,false
203504,2179.980297851562,535,534,451.8982147729207,54486526719232.76;57527758103301.164;61235969714093.45;54885430838774.98,false
203505,2179.08564453125,633,579,375.24241137273276,40322940643176.195;42969677218192.625;46099072150775.45;40789098250463.67,false
203506,1985.8805786132816,499,495,466.8790182291143,51897965700809.266;54906059664800.58;54346918771865.71;52366251640996.516,false
203507,1721.5194091796875,634,573,371.73467965038907,37864601796032.89;40327522467969.75;46163669690770.29;38447985994068.11,false
203508,1560.4564025878906,554,539,440.1860696311071,43387456526585.086;46176716328165.74;52812801451222.164;43749640369055.4,false
203509,2155.5027099609374,539,537,449.4497859922202,49961322872712.18;53315782591091.234;55073196671184.02;50509605471080.32,false
203510,1950.3113220214846,526,525,456.6371124030143,48399574161401.51;52359084770318.31;59080272328808.42;49026280652799.125,false
203512,1315.00927734375,325,324,357.79715812040195,38848185056624.836;41459024651545.945;50008019169953.64;39728642560449.1,false
203514,1739.3813781738286,520,519,459.5245682383757,54783231432188.02;58194265698005.02;65543645501605.33;55006774149490.72,false
203515,1929.4940063476563,536,535,450.4736448051726,48739426852010.86;52216367427596.88;57842650826697.0;49249658522752.305,false
203516,1946.3902099609377,536,533,451.1194066241569,45226938350025.8;48680278133094.73;50217675671529.625;45761691677600.91,false
203517,1928.9826232910164,552,540,477.8246246808509,46939137722311.6;50233512138472.64;53505983095209.13;47675284452632.26,false
203518,1620.252697753906,549,531,479.99297306829885,46924622125267.93;50150579949624.69;56594319051887.28;47355814707839.96,false
203519,1510.5285400390626,631,578,449.95519967609727,42257148425053.51;45423835437765.03;50270942038755.72;42863986643157.65,false
203520,1437.757250976562,343,341,775.1130679815035,92779098682422.12;98491463396666.38;109512568782641.6;92661837452749.53,false
203521,1784.3648193359377,557,545,656.4313897810284,72655425761426.47;77541269580460.89;87919725179715.89;72753216765991.33,false
203522,1926.5008544921875,552,548,662.9847418578091,75037592592526.34;79831545539752.31;88448180318669.55;75166613295646.84,false
203523,1946.3950073242188,559,546,717.1679964084398,82933515201810.27;88079730942686.45;93526314334154.23;83219345873146.14,false
203524,1607.49609375,409,407,658.3898635793147,77703768621552.34;82399498085334.67;101163370578345.25;78068371368365.47,false
203527,1169.6845092773438,562,522,6561.514396787614,214047085060843.7;237263191415206.1;280241876813146.28;236291733655187.8,false
203528,1104.56640625,543,532,6797.043389284597,214821851788134.84;233307370953035.22;269201811912675.34;233587146714300.66,false
203529,924.0178466796874,583,561,7469.554817312987,199807951217314.56;247300581286898.28;300115384282775.56;246313164155511.1,false
203530,945.6753601074219,551,544,8011.6146865402725,224648843375765.84;281006962456634.84;333087320555113.06;281077974573824.9,false
203531,1143.943359375,543,531,7170.864969793047,224269192982743.06;282982125593194.7;316795791697801.9;281524713269469.94,false
203532,1361.125158691406,560,541,7444.238622834412,249369774520894.2;330089828180949.4;400410686465184.6;328425203968383.25,false
203533,1302.649072265625,545,521,7929.340864671888,256865740426766.78;344844671410150.7;399123321218396.75;344262556021992.0,false
203534,1294.2344787597654,550,534,7310.290683560303,244951159939507.47;320598072253083.5;385147230796499.56;319979061522932.75,false
203535,1339.500732421875,543,518,7846.6010686865575,260021510462659.06;357351261179728.3;426211929975501.25;357266879274475.25,false
203536,1181.8336181640625,509,502,8731.872042696052,242473760785870.5;327322100656679.3;378031671100990.4;325502923338897.8,false
203537,1405.3753662109375,507,498,8322.22411781656,280108018473564.28;397722795657788.94;465377219573948.1;395744499462311.25,false
203538,907.4140686035163,509,504,7127.37647899975,245036443998206.56;291578247313213.75;343250401684583.4;290052200489614.2,false
203539,1298.3,526,511,8280.425270606615,252566288263370.78;332954828131986.75;393211721513494.0;330766304735144.0,false
203540,1332.087072753906,542,514,7835.964566037439,252237628703682.75;334424716600699.44;378881078194704.25;331193501758671.7,false
203541,1325.1070068359372,540,515,8061.106363125091,250444856345487.75;330827599020250.1;374020946836587.94;328382528179966.5,false
203542,1090.3002899169924,518,503,7907.9612370560235,262762001924276.44;353672139168394.7;407079665285818.44;350337051710779.25,false
203543,1217.636474609375,551,534,8122.247822692983,245160930784212.22;305289269108496.2;345182280502762.75;301637655732089.75,false
203544,1182.7702392578124,525,508,8272.955235069745,246783360052467.1;315485743974836.4;348113636359153.75;311795010853730.9,false
203545,1316.199328613281,543,511,8435.426138247549,251872215430267.2;305754295965027.6;369991502092747.3;300859287620300.0,false
203546,1310.2065673828124,541,517,8042.651138322172,257100320520093.1;362720377791634.6;423333728534416.9;357626425797331.44,false
203547,1190.6732910156247,701,560,5990.631242631712,200196320031378.62;310317544536470.0;374166645495621.56;305740607437289.6,false
203549,412.59990234375005,273,163,,1682932898616.8057;591570177089.4144;1678412754103.759;715519280864.8871,false
203550,1477.3699951171875,413,405,8206.678692712323,271429175862686.8;416712817399422.6;478467738453735.2;411066197573782.25,false
203551,425.76380767822263,296,199,,1002011172786.0724;1151131191525.6528;5449974677794.104;322503658305.64044,false
203552,1357.0644165039064,700,603,6301.612536637976,203778121201716.4;517001119997364.75;584980913170836.0;509317372236959.6,false
203553,1437.2407836914062,702,593,6215.698797963367,204874092380377.53;483494037777493.75;556662739809473.8;472892059945345.0,false
203554,431.7568923950196,292,168,,1380878007446.9868;-728958207995.994;-15251271555081.791;-139340004550.22928,false
203558,1577.4633178710938,368,367,372.0098289267575,44627293542041.01;45697716341069.875;47057636974266.29;44973506360163.38,false
203559,1655.1654846191414,564,545,387.39308406011514,36959240301130.695;38255074644925.54;55368948182034.77;37292357091508.57,false
203563,2193.5548828125,563,542,543.612109279218,52521276966829.77;54983501239901.8;65866499375173.73;52814212616529.22,false
203564,2204.7261352539062,554,540,540.4874080265002,52760605333496.63;55123152882526.09;64721379648427.95;53090177901050.86,false
203565,1362.4030822753907,632,609,582.9237677561097,46070084472298.7;47109948688975.15;52331974715650.14;45741876158518.336,false
203566,1810.9624999999999,641,618,551.6475701505724,48641481620746.7;50265183671672.875;57758451526352.22;49054787185018.74,false
203567,1845.6702697753904,638,614,562.7105745302762,49102004456046.23;50919310803958.69;75013348071939.47;49491317006678.14,false
203568,1783.2127502441404,646,613,556.4967145588413,50683627217813.61;52724711541032.26;61690258532373.46;51100933700339.8,false
203569,1853.5592773437502,650,616,552.857080007629,48540713872234.3;50360345449498.53;62017858521915.88;48817877506499.46,false
203570,1945.1985107421876,443,441,556.6549226141912,49262699347495.59;51476033530471.516;57487517571392.98;49443289780321.164,false
203571,1926.9106567382814,556,552,743.9849215931688,76817390975222.86;79577203855013.34;95110179433289.84;76165562751808.67,false
203572,1980.581396484375,519,518,913.7195040945326,109688012582269.48;113602555550342.48;137202406663996.33;108162490424584.5,false
203573,1815.8672119140626,639,607,870.797442880424,90057507086973.06;93370384151755.66;103996907973182.88;89537744070768.7,false
203574,1845.3021606445318,644,610,860.5154527083195,87971765531775.03;90978973860625.64;104772881211361.02;87468282199718.69,false
203575,1918.0726318359375,646,603,855.0601449572321,87291956192282.34;90341794312912.23;102209887135556.69;86713376072852.62,false
203576,1897.9758056640626,646,605,962.0708209505149,109687069808633.0;113511845872228.89;129350107559721.31;108438466871607.11,false
203577,1779.0386291503908,642,607,986.7112447177389,110748077956219.7;114669253565363.8;127444206687563.0;109568540663026.8,false
203578,1602.2002563476562,634,605,999.2666937697763,108157826838196.92;111754410511075.98;123032543382584.73;107050067494388.45,false
203579,1818.166564941406,653,605,963.5875542945686,111993551198372.8;116040272519873.44;134522528943873.23;110734894866783.75,false
203625,961.997329711914,276,258,2855.2813303558587,132883027118590.22;802975974343644.2;784734783887821.5;555404234289975.56,false
203626,960.3578369140629,309,306,3498.1805481329784,140726054503666.72;1574281160443785.2;1450645084749006.0;777289350494276.9,false
203628,1706.5865478515625,645,582,6046.100178936063,214959802901817.75;1448811529140948.5;1449005741970340.8;1082276287855424.4,false
203629,1797.663134765625,651,566,,194041860704235.8;1535093235582468.0;1550395591231207.8;1173518109338131.0,false
203631,844.5192565917969,303,299,3443.0602592566956,151691068749145.5;1600384263587697.2;1564990370990489.5;887561864610883.4,false
203633,833.2549255371093,274,262,2678.359269473461,134406739509356.78;979097248926362.1;980101537754360.1;629087943730113.9,false
203634,835.0642486572266,262,257,2497.308623697461,137630414172742.0;1064643320396086.2;1033629737724350.4;657659740830286.4,false
203635,833.7892272949221,281,274,2698.502188228345,133938652302348.73;987829361959128.2;973284006321842.5;641681467093358.9,false
203636,2158.9637817382813,552,544,7551.378590266445,253404370356496.66;1899668953169144.8;1931079147180932.0;1526294751374812.8,false
203639,951.6058898925785,267,265,3684.630486152809,197752425494605.88;2298718883756813.5;1928416288948506.2;891761295060281.2,false
203640,965.5999511718751,264,261,3053.291104747076,179521230521132.5;1309883131844919.2;1225726571197663.2;711120248500901.2,false
203642,1111.207360839844,361,355,3444.64217220889,209060490864535.06;1120583536784107.5;1169199715668349.8;930103385161682.6,false
203643,1426.7481323242191,390,387,5237.799101961528,246262437498948.22;1710078315905761.8;1749573698005747.2;1392092728840669.0,false
203644,1838.7523193359377,641,588,6034.789471612503,223411856242118.75;1740423250559081.2;1749413040350887.0;1331550961914566.5,false
203645,933.1685607910158,297,286,2747.501412242542,184311325815183.38;1114211403232984.9;1089727676640596.5;787566798152994.8,false
203646,1517.8744628906252,474,468,3468.0908650852953,230537954631463.4;819173411954341.4;881214664790598.5;758372147068911.8,false
203647,1182.1645568847657,298,285,3052.215818121518,217597773269063.66;674083149343513.5;749281996787695.6;645197716487353.0,false
203648,1011.3697692871095,700,553,2710.606782466895,198095769637056.62;700322007606136.6;739196005471825.9;667739193929150.1,false
203649,864.7382141113281,644,531,4698.933823101936,167032329456463.25;940264376114516.1;986297380603414.2;883394292379140.0,false
203650,1549.9234863281247,671,556,5918.23450355384,184699287896837.38;1206168595427055.5;1258380296215923.2;1125321086994048.2,false
203651,1859.9964599609375,443,433,5872.579941689828,227100364331380.5;1695936324078515.0;1701705141658128.0;1353934239411992.5,false
203652,2281.318115234375,468,463,6685.332579732261,240476916286027.03;2127556610629801.2;2075061125741046.8;1444768115093980.0,false
203653,954.1914794921875,289,284,2984.6509751345225,196444461982124.84;1283716130327726.5;1240648568855003.2;815405838179363.8,false
203654,1688.0366455078124,495,484,3547.1001429891044,236082931809982.3;945331634122638.4;974928018941107.1;814421693309798.0,false
203658,2283.0370483398438,660,658,4084.729695553044,237128591037786.62;795878871976269.1;880560811868638.8;760213242335146.5,false
203659,2435.2910156249995,605,604,4454.2190182144195,256408949110252.66;902735849117934.6;984791925010311.8;853868107876328.6,false
203660,2178.9873596191405,402,400,4820.84022984512,267057164941844.9;913469720448799.2;1002032310374916.0;860693094297512.5,false
203661,2354.574462890625,421,420,4423.347581504983,273861749577760.75;840840562169908.8;930712152900786.8;796103102670719.8,false
203663,2549.1071289062497,568,566,4757.854957236907,271452954648898.7;1009477289044920.8;1098819160079352.4;954208442044932.9,false
203664,2692.1301147460945,510,509,5032.939528809581,277880254286780.25;1169063621263208.8;1261702887530293.8;1102658801568975.4,false
203665,2531.1205078125,503,501,5058.223886023848,276556522608935.47;1057567047149109.4;1152260929474856.8;998021908659005.8,false
203666,2546.420971679687,567,566,4685.334411031332,268227408638375.4;910359103358359.2;991727938367117.2;856685053832999.2,false
203667,2469.5801025390624,599,598,4488.912365145643,254663236018225.3;964661181700119.6;1048957458393116.0;914535604450809.2,false
203668,2739.6409667968746,605,602,4459.1880178812125,252315478784148.22;1009994156787260.1;1080902733885014.1;954455489737734.2,false
203669,2897.0600830078124,517,515,6321.686668164177,275116030920641.9;1771731000173515.0;1855339627271687.2;1652274815277479.2,false
203670,2898.2542114257812,538,536,6111.495557494095,274195507486902.4;1593985229529878.2;1709271847999057.8;1502028053785485.5,false
203671,2725.7648193359373,509,508,5029.971892016486,284907087314218.56;1230867349216584.5;1334680618190032.0;1160019457296552.8,false
203672,2736.423803710938,527,525,4947.9129881839635,279896099654150.66;1258364320069986.0;1370901077671510.8;1182784438087450.2,false
203673,2649.0620849609377,618,616,4364.832900284617,252441301363343.84;977135788651450.0;1061363662634538.6;918696212285334.4,false
203697,1331.9386718750002,482,455,825.7913745757586,91539206938750.05;97808508065914.42;118906008275904.19;91920521974089.9,false
203698,1401.7196472167968,482,453,826.3608545148918,90348061267306.0;96545062425524.11;112420117829738.61;90970818160132.75,false
203699,1378.5321655273438,483,450,824.9101053175132,88684462658871.45;94927699776454.81;104365433334920.58;89254411668825.4,false
203700,1354.6071899414064,481,451,828.0734164717056,86951547794549.64;93264839152906.7;103155189367814.8;87610418957750.2,false
203701,1389.7452941894535,482,450,825.6929516985115,85267070679576.08;91075662320184.0;103660148216409.84;85874916435308.48,false
203702,1399.5866882324221,480,451,828.6212345296391,87186958522203.4;93696846645961.44;103351661308364.92;87880766635302.48,false
203703,1401.173291015625,482,453,820.2542114523023,86566949670158.97;92650647267299.78;105987564233838.42;87296663919165.23,false
203704,1012.8060913085938,588,445,669.2537369526998,68759850624557.65;72241349868303.7;84947951796241.23;68872475177405.01,false
203719,2149.7481445312505,537,491,5109.530173058555,211797214417988.56;1363662971341231.5;1464926989936412.0;1257834005518947.0,false
203720,2274.0941650390623,531,492,2956.2666249406175,214119172555119.78;642599521855108.4;722187623107690.9;605587218024138.1,false
203721,2371.6991455078132,377,374,3577.4609455140667,250452778438749.6;762544260568115.2;849796851739226.4;718031703440876.5,false
203722,2229.493981933594,518,487,3016.386095335771,219372806114431.53;605489528448672.6;673662616478806.6;567280014717185.4,false
203723,2437.9191284179688,544,484,2872.6628631226267,209935869245016.7;715167266930254.5;796452124708751.6;671308103799705.8,false
203724,2478.8279541015645,543,485,2881.391454710183,210419277578217.88;737258945319011.0;816943451021573.5;692387557859294.5,false
203725,2312.946911621094,540,488,2903.3349963282035,210803362075765.94;685890324137286.6;761020464953002.4;643946502250161.0,false
203726,2287.9097167968753,539,486,2906.1095607878465,211270145276129.0;658524939188280.0;730809644625645.1;618555640328205.0,false
203729,1534.5822387695312,602,566,2908.4731982543844,231367367094054.3;406934760396860.06;445901340388095.4;380870342057010.9,false
203730,1433.6131530761718,594,566,2951.774629905636,233212051303353.1;389769221749799.3;430481191718844.0;366178049715025.7,false
203731,1433.4509033203124,601,566,2910.300835058493,231587806277745.34;389732684212988.2;433983839543490.2;361276166421586.06,false
203732,1468.609521484375,580,568,3017.2939542795966,239781319611356.25;396448619560419.6;436022474879744.7;373343609262642.4,false
203733,1429.4544677734375,601,569,2916.323266615817,231739224862859.84;380240181837099.6;396028348241774.44;353427318998389.44,false
203734,1465.659094238282,575,566,3046.703390868377,240654135686624.7;412283627606679.2;451036440327555.7;381174336789580.56,false
203735,1490.2903076171874,602,573,2900.9976894953074,231060901720987.53;390213007241006.8;418243166615343.8;365440602262616.6,false
203736,1997.493829345703,518,491,2253.4245119270677,210756264200447.06;386056202290447.8;426170018138694.8;361280986611559.2,false
203737,2168.2361816406246,543,491,3251.873258173182,208171073836916.34;746746416760385.2;821122711668783.9;701208244965585.9,false
203738,2310.28857421875,545,492,3210.8715897365737,208353159084071.7;776284987235677.9;860620549497264.4;729791625828300.0,false
203739,2140.962109375,515,511,3421.0760387214978,215171539644658.7;678440967608633.2;719083313742450.6;631391776656604.2,false
203740,2164.891186523437,517,514,3322.780206184657,213893073511190.47;662741080441150.4;718559319722423.2;616414971464265.1,false
203741,2338.6539062499996,523,516,3285.021461933849,212426885715557.0;740661765297055.8;803006752131708.2;688989336500619.6,false
203742,2360.5011962890626,553,486,3188.4930725294785,206192766242908.84;808548361828090.9;914225685333005.6;767251139348923.4,false
203743,2456.2593383789062,554,480,3192.878652875766,206357363421864.12;853265465495707.5;939203938843822.1;800162966168793.2,false
203744,2420.851977539063,556,484,3184.700043998193,205293184955964.53;834420394262991.5;914110631529838.0;781273037233359.1,false
203745,2398.998779296875,556,481,3183.2767632923374,205376569603902.56;831727262218527.9;907851762670338.2;779681376840249.2,false
203746,2422.816381835938,558,482,3139.1120455336204,204575599194329.44;815113328024840.2;890787318642915.1;763832247240326.2,false
203747,2445.7846191406247,555,481,3150.1855825048915,205391760458626.1;823466609343349.8;899972872118459.5;770954032425948.4,false
203748,2441.0977172851562,556,482,3178.4007977485535,205338773790733.34;836711396677983.1;915236623616253.6;783472125102960.4,false
203749,2406.18212890625,553,481,3194.466199770209,206338537656547.03;831125454469019.5;913109807793010.4;777412802096479.8,false
203750,2451.5855957031254,553,478,3127.9552051603687,206520548922796.97;805039227878315.4;882718032361460.6;752068764716356.6,false
203751,2476.3477294921868,553,482,3199.0213378948897,206342285351819.12;855966446666721.1;935753315356518.2;799782014813276.4,false
203752,1808.793212890625,529,485,3345.5468695064787,212718042266218.22;811696286970150.1;890247450650745.4;759911841717278.0,false
203753,2271.8902099609377,558,477,3185.4495036672747,204845929720825.22;851766830978561.5;932739539893457.6;794636932339062.6,false
203754,2456.343994140625,555,483,3201.589673439931,205806249635845.34;839089332991575.4;919523285951883.0;784024173733997.5,false
203755,1991.5833740234375,549,483,3246.2966248607477,205475999598536.1;818026165978472.0;896705972621423.0;763379827863406.9,false
203758,1370.3736083984381,504,489,4494.339414533624,219172951830707.47;909524786319541.9;992080544695949.2;851246119046946.5,false
203759,2310.8952392578126,555,484,3149.021930429644,205716973383184.4;766348446575473.1;847757573897722.4;721688485811914.4,false
203760,2525.4611083984382,516,481,3446.851235901986,221373446114363.84;914758720333768.4;1001346696060586.8;857089329957403.6,false
203761,2400.069580078126,517,472,3441.404541446746,220781000727346.5;895566104279748.6;984992021268492.2;839908786450073.8,false
203762,2195.368878173828,508,503,3470.946282400735,217563160384040.28;668400570828560.8;736097994206032.4;624368151620655.2,false
203763,2217.9036865234375,510,500,3496.9985848531983,217418398913724.3;673702773440875.4;746791055682175.5;630669608841795.1,false
203764,2181.5047607421875,509,502,3465.782855412323,217704778686339.1;671823507518408.4;745043397152952.2;628889577380889.9,false
203765,2263.5869628906253,509,504,3242.8194824823495,214429516852599.28;662652422997892.4;732357647200294.1;620101283482620.1,false
203766,1636.8738525390627,508,504,3265.6917779479627,213418803623965.0;546721665125962.0;603946201590294.2;511864015255835.06,false
203767,1317.2301330566406,506,502,3272.506762859927,213341964017954.2;476201812514791.1;526714466010800.1;444185706176991.2,false
203768,1315.787353515625,506,502,3275.0676473263225,213703879912904.88;420388260738492.44;467398257265065.2;390981858284642.0,false
203769,1355.7578979492187,507,504,3270.6090857169056,214970071310298.56;430505883825822.75;476371050636704.8;401265714124077.3,false
203771,1995.0737854003903,516,492,4720.204619088758,216949816106818.62;1152955076084161.0;1241072178426359.2;1076732292404173.4,false
203772,2063.794274902344,508,502,3231.9333243125147,214005768086156.1;582855290362090.9;638927491334526.9;541930776191145.2,false
203773,2226.5829589843747,509,504,3247.361617307013,214362858120127.72;686291827952703.6;744878744581969.2;636379754447596.9,false
203774,2102.263671875,508,503,3231.572071082954,214007815410433.47;619374543246963.5;679667415309816.2;574440891442134.1,false
203775,2221.8669921875,509,504,3226.714450204681,214354408585195.12;672667513961455.1;735159022963940.0;623557822285721.8,false
203776,2039.0789306640625,509,505,3147.351601292528,213838039028490.44;609346467850764.4;669790085783967.8;564713068253455.1,false
203777,2217.325634765625,512,486,3222.7715148911725,214577233103444.72;726393082156989.2;793904985938929.1;673966793273165.9,false
203778,2425.3472167968766,513,504,3215.66631006502,215596198002405.78;801726054514977.1;875377788276036.5;744975165093917.2,false
203779,1573.6202148437499,481,473,3988.033321502572,256118366503457.5;643342783712533.0;708211668072595.9;591986926063197.2,false
203780,1303.7294311523438,470,466,2810.608259488772,241326961287451.97;297635866270947.2;328051173184686.06;272140970854975.1,false
203781,1302.593145751953,480,478,2836.9637851892116,245461992372575.88;305284047189997.8;340571995462359.44;279434162629349.28,false
203782,1237.1431884765625,497,471,2272.7445500897343,199862120656544.0;234460685474056.25;256672547720034.06;214632873507116.9,false
203783,1243.8469726562496,495,470,2278.442778444312,200872951567111.2;246765122490044.8;272521783352200.5;225380996069411.62,false
203784,1271.677978515625,497,465,2272.748182894273,202011745813886.75;255841049862264.1;280483158566223.97;233763688928730.9,false
203785,1950.069982910156,329,310,3478.00229666792,234619358605348.9;585141479097729.6;639666815296907.4;542306881208684.06,false
203788,845.9320343017586,498,466,,34936482896.07671;161693871324.98712;6747410401776.401;86899451379.80795,false
203789,860.1234924316407,499,466,,40240497774.74461;-985805686255.7958;-2383367878726.7163;181206307152.48624,false
203790,840.6982055664064,499,468,,34390393056.634125;-303124466457.10925;-1599259758617.7046;71248796617.28635,false
203791,810.2146301269534,499,470,,42713693116.204735;-238766853776.45016;1827836527934.1057;57350886997.8408,false
203792,822.6968994140625,499,470,,36669864585.40408;-447741001222.4213;232609175650.90555;71080272190.52045,false
203793,819.7985839843758,493,472,,32431623749.229874;-165291902249.78848;-2022188370517.3499;17752877933.424744,false
203794,820.2020874023441,499,473,,42797819500.14689;-484514892773.90906;1697555812050.5144;60078919486.05912,false
203795,807.0891632080081,500,468,,31456031282.52406;135393544516.45691;-1308085264370.2026;-46341112592.700714,false
203796,814.8404296874999,494,470,,39860405494.366806;-510829481107.10443;-1271213776366.6848;73626065446.26732,false
203797,804.1238189697273,498,471,,31486434340.88958;-50850257466.082664;-3252309193798.749;95466980743.34753,false
203798,840.8281494140626,495,473,,25934026707.41317;-171970188297.36877;-1396652551428.156;-77331856913.14655,false
203799,822.495446777344,495,471,,30911153745.10172;-398706669684.4705;4489988560102.715;-342954278.29185706,false
203800,821.8068756103521,494,475,,33307600481.519314;278565079895.2429;-175786133669.42093;-3972729496.5071645,false
203801,853.6382202148442,495,470,,37587894803.39453;-501389186346.29565;527863442725.00446;154726051260.38614,false
203802,858.9318847656257,496,469,,32191039298.903843;-563699443448.7655;-1672909076719.9878;-6927161214.704308,false
203803,834.0049011230471,497,466,,39996322521.463356;-179026853047.70203;751013397154.6785;164213069487.42267,false
203804,851.1414489746097,499,468,,31606245411.201015;-283399940444.44257;2576989884472.575;-35508959215.21511,false
203825,1304.6692443847655,366,363,8795.978015640718,287520941615955.3;641410792220081.0;694627225675158.9;611840810546323.6,false
203827,868.074508666992,638,595,7323.7704241211795,259270889398587.12;419079459427919.56;470373267970815.4;396359409786790.5,false
203828,954.7905944824217,653,606,7633.322282406427,255900655194083.3;445882616245629.94;514059219735312.2;432946020314207.1,false
203829,1230.3780334472654,690,598,7726.7153509390355,242670095285505.75;510891240629187.2;558132395687862.4;486071003438256.1,false
203830,1280.3437622070312,700,602,7196.5021141870375,239119826454664.12;499855742401538.8;592670455306474.4;483466541396259.3,false
203831,1397.3076049804688,700,599,6684.956373518963,237742404107952.62;491119116221715.06;543381593897754.75;467898394418346.44,false
203832,1165.4566467285156,700,599,6920.570497941516,239934394526782.22;478777978658365.6;532524739349660.9;456761491479755.1,false
203833,1587.9559936523438,297,296,7798.890854263053,282082688487359.75;563057907740682.4;629288051795630.0;533805147277935.2,false
203834,1405.5010009765624,701,604,6315.2928017884005,235106364160657.62;526765150860611.75;565310532109880.9;502487859079528.44,false
203835,1113.3010040283202,700,594,6022.308975336574,235035326486028.97;375004068836743.44;446987270796090.5;357761778265161.75,false
203836,1375.1741943359375,701,618,6663.521712807837,243965014198234.2;501260074039006.4;559264372147520.3;477952524187606.75,false
203837,1427.3121337890625,701,637,6920.783101204389,242753168360190.4;481235903671598.7;543576087525817.0;461376531538043.7,false
203838,1328.8834350585937,701,641,6106.989324220722,244483042108914.5;447205742742674.75;477748972197855.5;424640222697574.7,false
203839,1335.4468749999996,701,610,5296.248737529055,237688443609526.3;432475204554975.44;489106556042778.06;414462092255909.94,false
203865,1504.48837890625,490,488,4832.496614236119,259002427143912.8;599358438842860.6;670621675176190.8;559216092792608.0,false
203866,1380.3795898437506,400,399,4977.763978385819,274284661139896.62;692069648121659.4;776734206338003.4;647127326958232.0,false
203867,2191.2210937499995,689,678,4161.873660793375,248662616052582.66;799831110735791.1;918114220929624.1;752466088689840.1,false
203868,1726.0801391601562,390,389,4316.275795572708,271179155151331.34;672487306808728.4;756731735542740.0;628638940776995.2,false
203869,2267.8953857421875,388,387,4437.471061264608,273447662131822.94;794579117511054.2;868796630424373.1;743827071956849.8,false
203870,2205.9721435546876,693,676,5531.28429271862,246385620507665.44;1157155758466261.5;1272848653067066.8;1082892263376160.1,false
203871,2455.9064941406255,693,670,4219.161698951635,259067636908558.12;769463892328449.5;840175084613783.8;720291158586893.8,false
203872,2839.9001098632816,604,603,4579.289515709255,273259770962535.6;1113979453143868.6;1253398034166023.5;1053556917136565.4,false
203873,913.0270782470704,202,201,,3006115183.772997;-11262736067989.572;16094363645570.988;-764370289586.5845,false
203874,1989.4580688476562,319,318,3993.88232996169,253423887386948.72;916005422866766.8;1017902903551021.6;858942671726871.0,false
203876,2695.473828125,457,456,4589.853786547722,274938145652143.28;1148412562290272.8;1259486743586245.5;1072612956383130.1,false
203877,2092.8420288085954,353,351,4233.935526483423,256411677150802.34;854050801481269.9;899221709331299.4;789551179160084.9,false
203891,1650.4922241210938,846,822,2301.6849292140732,229607106639503.56;330279122830214.5;385676640023455.9;317879754466865.7,false
203892,1773.0551025390623,848,804,1963.0711593847793,229894561056296.94;317299219613512.7;375311292286214.75;302731683445048.44,false
203893,1715.6963867187496,847,821,2168.2761578702784,229389474003927.5;339370158127855.7;392918392081044.8;325069637826791.9,false
203894,691.0128784179686,277,276,1639.862635243482,116795623307572.64;181262743750112.7;207268559131176.78;174245246142741.72,false
203895,1300.4229492187499,425,424,1828.220938083495,163312012882180.94;198069054633753.1;234421482594094.06;191643881186981.84,false
203897,1319.6747802734374,565,562,2137.1786745547583,212509482891675.28;276875907528889.0;310106784481329.3;267392434645336.1,false
203899,1363.562780761719,706,702,2257.658830969404,219113738662396.72;272253430785064.94;334816800644674.2;262750954481030.25,false
203901,1339.7781982421875,657,655,2302.161313160502,210897800545208.2;276284016406882.3;279331857571247.78;258692828832875.4,false
203903,1561.2870239257813,847,832,2192.6176185190934,225504364728937.03;315558156493858.5;337580980758820.25;293957420715465.44,false
203904,1730.2393798828125,847,824,2012.0997875821702,228124662684729.62;319144294182914.2;361795415482957.44;296345186940544.6,false
203905,1767.7980041503904,848,824,2132.559930428258,228532623271986.8;340365597385149.2;382113955690025.94;319571390017241.6,false
203906,1278.467041015625,845,804,2112.968521977537,203738385987120.44;272975978887040.94;275813979106575.06;249195590497767.78,false
203907,1747.3665405273437,848,819,1980.377133906169,229101564102689.84;315156276630082.5;339292291144476.0;296706794409585.44,false
203931,2653.4638793945314,702,700,4980.739123220006,241455547634172.5;976005662921553.0;1081805055541066.2;924913882159822.4,false
203932,2879.8897705078125,702,698,5228.2933038812,241703882568695.16;1065445897717267.9;1190492219377002.0;1012652600264817.2,false
203933,2539.063122558594,702,697,4983.873964956557,241816706123497.47;1022646316184402.4;1117711351780684.5;965648904713541.6,false
203934,1591.9908203124999,494,489,3815.668869298909,254547351239793.62;709420112134053.0;775080596948697.2;668541066407729.0,false
203935,2470.1376342773438,698,693,4707.906590282114,243773295278327.1;981585621581538.4;1071465556201394.1;925142324168568.9,false
203936,2592.532604980469,696,691,4603.006017313313,244790351532213.66;947697992688933.9;1057653232980484.0;890634098625275.4,false
203937,2917.295007324219,696,692,4825.466479764914,243199351922870.3;993069786224200.5;1089994053908564.9;932926954326102.0,false
203938,2792.74814453125,695,688,4119.377851328056,235548323925309.4;896947722532673.9;956550164310199.1;840609902455097.4,false
203939,1841.82525024414,682,671,4733.7972919778385,245119583060285.8;792062539467227.6;890670291268564.0;743176072792908.6,false
203940,2602.921875,695,682,4714.383995972298,236977866641255.9;941517454986965.6;1042941388304097.9;887757401665507.1,false
203941,3000.697631835937,695,687,5413.859480493969,243036426693952.9;1044804306814175.2;1149460658744245.2;984130632634119.0,false
203942,2691.126220703125,695,674,5418.553325685288,242960870992592.16;956876295260005.4;1036405494312798.4;893268679324812.8,false
203943,2439.24755859375,688,676,6693.802105936807,245941008004012.97;887593800678463.1;990528366964744.5;832729491207550.6,false
203944,2933.2161865234375,686,674,6045.992042182925,247463476620965.6;939200776820442.1;1020726364694827.8;877847025247239.4,false
203945,2627.0050781249997,695,687,4244.836442661079,241365223538778.62;880566526595466.1;966828787554525.5;821779071903669.8,false
203946,2751.7232299804687,694,663,4977.098977786646,242265932708630.47;867149902800520.8;951041292879791.5;809533468197457.8,false
203947,2652.6505859375,686,672,5822.755046326556,248038466479194.12;1016427556570497.6;1135360205258124.8;951757434649025.0,false
203948,2526.714111328125,681,673,6298.454466991348,250157246557943.6;1008425994796916.6;1078267750966432.1;939192463427865.6,false
203949,2440.5958007812496,672,664,6744.196775305993,243493765259620.3;1057246423581450.0;1137987512919884.2;988337204206449.1,false
203950,3030.888427734375,695,693,5707.806737395585,234600304195776.72;1311672982608953.2;1422124016562611.0;1219683736746948.8,false
203952,2723.2735595703116,695,692,5340.164148331276,227688383607079.3;954241435857455.1;1034590473126896.2;890469230017280.5,false
203953,2778.5068359375,695,692,5335.408059443942,227534693111440.6;1006293424092407.6;1112022892471308.8;939262315084331.5,false
203954,2007.1499511718746,281,278,3640.277298700147,209151481177108.97;762982845839467.9;828974448967669.5;716407684937633.4,false
203955,2883.244140625,696,685,4526.889710769367,237732936917828.88;923259564041040.8;1024454724491678.1;862043659772088.4,false
203956,2857.4203125,696,685,4744.675489485146,222706158990593.62;919054366961617.0;1017806048063859.6;860682062566710.4,false
203957,2612.1929077148443,694,681,5409.010703750029,240080455657859.44;1027063449008240.9;1135487017222091.2;961065207444258.4,false
203958,2602.6609252929693,694,676,5555.98789103563,239142489528228.94;909947355773402.5;981899379270867.2;850375340988575.8,false
203959,2498.3559814453124,691,674,6983.695878998128,243497445659233.62;948290361753517.0;1008353336496800.1;877329424678472.8,false
203960,1947.8028930664063,694,686,6667.954432109668,249400745446999.88;1027029107196276.4;1143662692969460.5;961199044079556.2,false
203961,904.1990936279295,642,641,6242.978338115329,234997827135060.28;490887728729673.25;531148106806165.4;453634716984802.5,false
203962,1030.5384155273434,564,555,8853.605682756215,278739197712747.2;815772328026232.5;897905009601486.4;761244063304360.9,false
203986,1269.190905761719,511,510,7076.297983252434,254193102364241.75;1114953759398440.6;1227165250360661.8;1062249568272157.5,false
203987,1779.0729431152342,570,566,5908.995075512327,274673618429838.72;1073519496296238.1;1170263209674925.2;1019431141500774.9,false
203988,2082.6509765624996,627,624,6012.563225208357,258301199353568.9;1072295171691262.6;1164686917794441.8;1023316924619963.5,false
203989,1719.435168457031,620,618,6639.173712085261,259923079936021.06;1021506905988009.0;1088821707712639.5;971727700876920.5,false
203990,1810.7708923339846,406,404,5477.684982422298,249773332814436.1;950547445956970.2;1041944433009022.8;903514509532110.1,false
203991,1830.0345092773441,490,488,6530.001099392835,264938627687516.47;1065180177487377.8;1154280161716483.5;1015799363971976.4,false
203992,,0,0,6730.841816700247,259240881917750.56;1061651772508158.0;1159471745921459.2;1018614267229213.6,false
203993,1433.4037109375,603,601,6531.869919400913,262681740561536.2;889861275100981.1;944585457237271.5;841993091319420.4,false
203994,1884.487194824218,621,618,6695.926544933931,261108946471846.78;1125754575786995.5;1221268536848038.2;1069182914595853.4,false
203995,2169.1653991699222,632,629,6555.184575667347,257056680073361.62;1260837082820865.2;1361068114510114.8;1199294286149012.8,false
203996,1489.2597412109376,272,269,4261.545877139934,209844214598089.03;681652128725944.0;752703580722135.1;652153169130420.0,false
203997,1705.1672363281255,523,520,7140.1546326657235,265882184324016.4;962228457571232.6;1062846227843032.6;916928358076012.9,false
203998,2208.32080078125,623,622,6773.1360774201385,261443142906373.75;1239957616324332.0;1333856666611729.2;1175697423480105.0,false
203999,1786.4638183593752,621,619,6819.168442204657,261676497520262.4;1061685300164923.9;1175704517416069.2;1012201986196636.9,false
204000,2195.153619384765,624,622,6620.230249287532,261113508407543.53;1276692332515370.5;1355666065338078.0;1211084373507610.2,false
204001,1792.2804443359382,621,619,6821.215861043678,260877942544403.28;1089679042245177.9;1196073352046080.2;1034077046531331.2,false
204002,1715.525012207031,623,621,6818.820485515649,260048456557088.44;991688180325795.9;1084925678716699.8;944786560027154.2,false
204003,2057.884130859375,633,631,6665.195888556944,257376364389901.84;1130884931382053.0;1220085780055949.0;1074624551599158.0,false
204007,2087.7232727050778,602,600,7082.228386190883,269682709586629.78;1138388766303118.0;1230062035542076.8;1064403549287801.1,false
204008,1800.582464599609,642,634,6731.328562151904,257433403902942.62;1003081099768087.5;1080566202908671.4;936623898130060.5,false
204009,1927.3926513671875,601,600,7123.098938987586,273303470612595.56;1190902955177699.0;1280187884130094.5;1111786770983224.0,false
204010,1751.040783691406,573,571,7360.3000261610505,273955190897318.38;1160140571472739.2;1247914542178045.8;1083021482500061.6,false
204011,1939.0201110839841,582,580,7256.236836159555,272480905413512.2;1244551365150880.5;1339145461228911.5;1161200516057413.0,false
204015,857.87255859375,453,413,158.76291520001467,4937594220171.19;5072881470291.558;5883753525576.469;5104554197402.285,false
204016,822.3244323730468,455,409,259.40370731415476,12815588924624.738;12746634296762.875;15588682869030.305;13037913485524.82,false
204017,806.7920776367187,464,412,308.9282021050974,17925234286006.78;17810597792147.29;22530024870305.816;18267572970019.023,false
204018,1217.7672119140625,447,446,321.49397611119537,28069902785117.918;29803615043040.414;36017922369599.56;27973616045309.367,false
204019,702.2513061523438,449,409,321.1357272921544,17559596909135.312;17259280354913.76;17614568763123.938;17849354215569.613,false
204020,726.4956726074226,775,721,653.6145832742294,34820319226430.62;37290404241649.1;39794078351239.46;34544103890576.543,false
204023,1101.2028808593748,743,555,2015.259511250012,149242635839095.06;264937896930276.72;293535559707652.25;250298055675474.16,false
204024,756.719512939453,679,652,1754.8241828403236,114021608551319.4;123616493093559.94;137906285159424.03;115962942780863.44,false
204045,1552.0780029296875,553,552,5253.531058617173,254358095760981.97;944216929796071.1;1020252205396593.5;881109345838579.2,false
204046,1860.7209045410154,536,536,4538.1311794180265,259659034109908.84;749983652180939.1;811811950029549.6;698505136697798.5,false
204081,,412,0,3328.221573759878,215522915654656.94;741994816924484.1;799892938966598.5;687836232908405.1,false
204082,1672.774914550781,516,470,4700.10434633366,215008890045524.34;1051770903967014.1;1149814422629297.2;979288191052450.5,false
204083,1481.0476074218748,517,484,3519.0616736148163,211454430291355.5;631431784325252.5;707958251558744.9;592096291230238.5,false
204085,1471.9422363281249,517,488,3237.797643085239,209906632275367.97;585697590974030.1;645033635405345.9;541074495618799.8,false
204086,1501.6498291015628,518,489,3240.4474137242787,209711794403265.6;573673631730618.5;633967701301417.8;529354087454816.56,false
204087,1500.9809570312498,523,495,3209.621561050226,207824828416770.62;589558989592579.0;658781147851447.2;548025772652972.56,false
204088,1516.650714111328,518,481,3232.418405525759,209479599778132.44;579111463760245.1;613093100464779.9;537835797737615.8,false
204089,1606.8599365234375,529,482,3458.9350138382083,207795533393856.38;695790213271677.8;775382064550470.1;645661132484893.4,false
204090,1581.7630859375,520,482,3792.037883968184,210912993228012.97;686532973734207.4;749316610481467.9;635812690578246.6,false
204091,1657.7668701171874,534,482,4060.1501258221974,208079219331399.56;811612855709505.1;878069621372644.4;751816564772517.9,false
204092,1689.9809936523434,536,488,4048.561543467049,207690035817072.44;827195763143987.2;902105262116830.0;767184151588794.9,false
204093,1682.7368041992186,534,481,4056.72408373765,208849065262241.62;829344314572849.0;901849668427243.6;768280137663059.1,false
204094,1690.2008483886716,538,478,3995.084575963707,207220648939514.22;831512826357956.9;894956717669454.6;770536994364823.0,false
204095,1738.4115356445309,540,481,4180.853796548299,206598254715864.78;864957483578203.4;934694542829435.6;800945511226101.4,false
204107,916.4579345703122,281,273,2636.052562380356,181340633447137.97;274507463665505.06;304057399662577.3;264583810661988.7,false
204111,986.1997711181639,668,612,2869.205988068227,192149133392203.94;369601926401816.94;413359239423835.3;352739369657070.56,false
204112,1202.5509521484373,546,538,3501.6000157366548,235551549779683.12;491876551230226.0;544915144897422.44;468216085588518.25,false
204113,1162.6984802246093,548,543,3488.6063334357127,234855202730723.34;464821560046021.6;518784705937314.4;443131302406327.75,false
204114,1004.4319274902343,523,516,3652.6510504373896,246037361185107.1;425264505409181.06;481116223160677.6;406230151307450.6,false
204139,1609.4713989257812,686,549,4711.817273235929,210800393796613.03;1210627171213933.2;1296358444854422.5;1136623440365717.2,false
204140,2038.1102478027346,654,546,5157.222811396021,213092812985564.38;1339320318774695.8;1417715196082784.5;1244680460166269.5,false
204141,2050.758685302734,680,539,5026.361497356261,206477304511457.0;1732797889163289.5;1782610095482236.5;1389450843044431.2,false
204142,977.4774780273439,537,419,3253.9173316247347,176128968149719.53;970071795053545.2;1040154387068439.9;911845099992041.4,false
204143,1333.7976928710934,605,548,4908.104993108559,227784304941036.7;996769326095578.2;1075899133065008.9;931970506816251.6,false
204144,1396.4460327148436,602,568,5325.188061951249,236591826422650.16;1175826350599533.5;1247912832862149.2;1086081612289964.0,false
204145,1586.08447265625,497,495,6381.766292522074,264884496611132.94;1237367790070442.5;1328541503460192.5;1146529813908402.0,false
204156,1059.7925048828126,218,209,2326.545774414416,230731639156147.84;341785284073270.7;404032619440379.1;319700331897777.94,false
204157,1111.2170593261717,594,547,5754.0299895931175,258705921893961.56;598076176512466.2;647869707951394.6;551091599343026.4,false
204158,1157.038818359375,585,573,5821.957561358143,255404335873865.22;804623845857179.1;885179586579607.8;745507388032696.0,false
204162,1791.7125,686,666,3840.464493390073,242666687622162.5;348837548742303.9;385855779016314.3;322454066519654.44,false
204163,1942.5985107421875,642,639,3971.455671666191,248103318927560.6;441719655175258.7;501385357254126.0;409801119955618.06,false
204164,1992.9831298828126,646,644,4064.5994932138915,240317109106178.75;523033664976312.3;572972491992376.2;484474332140018.56,false
204165,2301.0713623046877,622,620,4801.199584639306,260583330778447.16;626824167556861.9;697406377488286.0;579408400346039.0,false
204166,2653.393664550781,686,668,5537.568002251574,263775766013110.72;1068270682361883.8;1147553187006810.8;1001777109813599.9,false
204167,1567.9070190429686,393,392,5147.037140710703,274911025086049.3;825393319471337.2;905955058208478.6;772198242812859.8,false
204168,2909.83154296875,678,668,5602.144620205381,266812821762552.97;1292600272120375.5;1406838585630149.5;1219607796015812.5,false
204170,2327.605737304688,328,328,4019.913825081533,264683244147385.56;743241412064223.1;815106711631339.2;695876140163298.4,false
204171,2581.94619140625,690,669,3914.503129461537,253621627872746.66;669133745876175.1;722765384101625.9;617631973160426.2,false
204172,1268.6475463867187,204,203,3064.744564445773,208482575450730.9;402180906030742.6;461820465532763.44;383002087973802.6,false
204173,2591.788500976564,371,369,4205.653405215743,272240528876888.03;844493859441415.4;938322034283863.9;786259563099383.2,false
204177,1525.4020996093755,234,233,3455.768213931343,235439757889594.06;681357262221821.8;716751575983408.6;630672568814459.1,false
204194,1213.4873046875005,615,614,2943.768507543144,200644620398135.53;427373697921772.6;472993951313005.44;396685625496615.75,false
204195,1243.3572692871094,346,345,4136.04088206427,221227758012733.0;651775433778888.5;718279745302371.2;607925444462405.8,false
204196,1500.0632568359374,430,429,3287.7342019114258,241577084289826.16;637965085429523.0;705679712831094.9;592696893463617.9,false
204197,1440.6312133789072,541,540,1189.0133229565017,62320987292245.21;68029993086869.22;75844076843091.16;63078587399235.195,false
204199,1611.503649902344,687,677,1015.9935210665843,57763063538896.38;62335278772489.45;71329300093793.28;58699725864811.8,false
204201,1635.4870727539062,687,675,852.9749509124514,50864439035395.57;55844506719095.46;61432347325548.8;52571975462860.92,false
204203,1830.9373291015627,571,570,937.0052929494256,56313295164080.195;61407449728935.695;70470492966368.39;56668122365193.375,false
204204,1486.743603515625,691,675,773.1636213042103,31302180360253.74;33941286370963.066;39701848024909.65;31661743428336.246,false
204205,1646.0855468749996,525,524,1019.8665569424951,60708071590703.4;69152460707137.71;72706472451105.02;64186922994902.914,false
204207,1740.9075317382812,605,603,886.408556462116,48874751792710.54;52991312027225.89;63572093353982.15;49962283655110.625,false
204208,1704.0249328613286,486,485,1077.9989445779395,63634967897349.44;69417238872371.38;72686183813797.84;64219796300761.35,false
204225,787.2949218749998,398,383,3110.2606371277243,149660201544538.62;164702990144778.4;192286797711860.3;156582292169883.06,false
204226,748.176025390625,397,381,2840.4528904524013,133793100440217.81;149411554229698.16;160139409147516.5;141208505124675.16,false
204227,1087.2056030273443,700,526,3240.8667304965034,180119468950272.9;194103682181013.0;235014683062939.2;191043691664452.47,false
204228,605.7035766601563,598,511,1073.481030755647,61019750777766.83;59763573371055.3;67717287647252.51;61893311997473.305,false
204229,1027.0704101562505,698,523,2750.3688983021952,200132979788486.75;217236377174387.84;235314773058534.2;211239827876061.72,false
204230,1139.8140686035158,700,530,2368.1315975857933,173960757960393.72;178781890110395.34;213000403682134.7;171516022279434.78,false
204231,1137.269842529297,700,520,2364.9799696531018,168027739616381.4;169519071273899.34;202656815719897.7;166147705209940.38,false
204232,1008.6017944335938,448,423,3611.0861828948287,246125416468893.34;292430022666834.06;331125973394158.6;280394456643354.2,false
204233,479.2395568847656,615,457,1870.8077982630173,76368190357393.2;73843148692668.25;117107944457494.27;76962230098910.48,false
204234,518.057418823242,600,466,2131.500924503478,100144546342095.72;112986270360217.83;136039549884598.34;110191021520765.1,false
204235,812.7836730957031,395,392,3640.060865576519,231629972837335.06;255184640557063.62;262963272870290.97;241825924187616.97,false
204236,798.9785888671873,396,392,3644.4393627234917,217577911443756.56;229392096674433.22;237239274023309.06;217059081626769.3,false
204237,813.0256561279296,396,392,3641.502110916051,228528936279352.84;244715237551225.97;270797523347797.84;235599306299964.75,false
204238,889.4749389648438,397,378,3624.0309382127093,235958471304392.7;264205274205423.56;289226771864460.4;253210945748838.1,false
204240,970.6693359374999,397,372,3620.4424882808717,233990278364437.88;262079731844612.62;298966780106035.25;253263535913666.8,false
204241,1029.3053192138668,398,371,3606.9361479701747,239664236368628.75;295854952707924.9;301487968434440.56;273381495391602.6,false
204242,985.279736328125,537,364,2664.2976803824954,178270051088534.94;221882386764279.06;240298533824284.53;206010132078285.75,false
204243,1127.7953369140623,547,371,2618.917578270439,184213171273728.25;258249650433317.53;316066530254780.44;245882784352338.94,false
204244,1139.347277832031,548,359,2604.993577414303,159535977515762.7;172395401360879.0;190764365382362.5;168037912844182.3,false
204245,1180.507824707031,552,365,2587.9959382436587,182446233089665.38;235212788685954.0;276757553903865.9;221743978608986.94,false
204246,994.0902252197264,552,353,2592.0607512365827,155114460463045.28;177650546429337.5;223352398587618.88;172347768197266.94,false
204247,1213.1217468261716,477,363,3022.1247791231626,190225881198392.47;240012025837058.16;292076246898689.44;229136756284337.66,false
204248,1137.5832397460936,532,362,2923.880266701248,175423091247389.97;213439137945921.06;280684977183851.38;204374652638629.66,false
204249,1153.6150787353513,536,360,2981.9072395607245,175167669500459.7;222086191852247.7;243425674575464.0;211070777003639.16,false
204250,1217.8854736328121,534,363,2776.60032286296,178409437109278.0;217228933469297.06;259447532860806.78;208332700958475.56,false
204251,1506.9341003417967,550,356,2762.0071811261414,179292577969594.8;270786826371946.1;295354551488036.3;251027631802119.34,false
204252,1375.4467285156245,551,369,2764.5258869345034,181368607283949.47;282948474975505.2;323238521187389.8;265473563905637.88,false
204253,1315.59814453125,483,371,3158.6131830125228,207215230680198.53;287936815254413.6;327644297518736.75;276689619409746.78,false
204254,1320.3523803710943,550,368,2761.6499846290612,179637629701669.97;284662001484293.2;287946240839193.3;264724582753653.12,false
204255,1135.7232666015625,543,369,2233.5541345040992,169675896070917.8;294018178107967.2;346995967679386.06;275199264036708.53,false
204256,1318.603198242188,547,371,2864.223346605181,178621227875167.1;260526085154126.12;291155383929719.56;241800603197744.4,false
204257,1289.603955078125,544,370,2541.1536223708918,181500407078296.88;277977962189886.94;254860156598933.03;257499472058175.3,false
204259,1054.4745300292968,490,482,1223.727122473284,70057857174948.46;77179985097138.6;65550618493583.164;71465701032379.52,false
204260,752.5416564941409,578,504,1054.2438633111185,65098983500605.836;71262012618431.0;72989158669305.16;64918199193701.12,false
204261,961.7958374023438,429,421,4995.992204401594,245996184907783.66;272365600154119.88;311522364266412.25;251366374899733.84,false
204266,985.7108398437499,605,520,1528.0738640007871,106283186324748.97;119663702279959.48;145088449720259.97;116488760611707.16,false
204267,990.5429626464843,604,524,1066.6669194811564,72460218930791.22;72946889294545.86;98476894055932.19;71949743514599.48,false
204268,1656.677917480469,608,521,787.8643895320046,44781207000727.13;45204171769608.39;47636736505916.75;46053508900880.32,false
204269,1087.5234741210934,603,518,790.2019539173239,42513030429587.58;49594293506604.445;36080998424371.29;43237723118822.08,false
204270,1054.9557250976563,652,519,623.5194892879101,35818617848897.34;41204433000914.12;52066932227208.266;36393497724740.47,false
204271,1021.8403381347664,595,521,683.3446496796533,37718839287200.96;37298333976506.95;42773140522427.945;38897854832757.16,false
204272,957.727221679688,593,516,597.1233901965004,31652083890350.957;28851250778215.727;35778253498831.945;32362346511298.26,false
204273,732.0043823242188,593,512,333.59084515016406,17147091269735.723;16993392853550.672;25557992879140.33;17332119895289.326,false
204275,800.6093017578125,593,519,597.8676433393312,24477841449117.516;26037114234061.55;19192309676652.832;24889853962937.977,false
204276,836.4822204589846,594,522,594.5996421810538,28968582418441.195;34309019162452.438;46461569957585.695;29427568781495.215,false
204277,888.724237060547,593,519,571.7086024328279,28801256920224.797;31462570505293.926;41597166864637.836;29566561413310.65,false
204278,892.1876220703125,594,521,571.7769660991096,31301585976151.5;30126488580746.94;61715040057878.44;30563299257503.582,false
204279,840.871310424805,592,516,576.0754889897745,24742691518164.918;25883732428974.332;33226281415857.004;25211092706679.64,false
204280,912.6311248779303,596,520,571.6343110243333,30576872777737.066;34378997036754.95;25815496976407.984;31092247929429.664,false
204281,945.0060272216795,596,521,573.6369121673449,32038979019780.285;38518462896611.71;13582449117474.879;33798189029985.3,false
204282,944.0526062011719,595,519,574.2848271035926,31742027721977.715;33838524888958.85;23322575690522.312;32177754291539.176,false
204307,1356.3653564453125,643,603,2726.4273424743665,190108015831926.0;210625156972069.7;241421636819905.44;203621184947847.3,false
204308,1394.7248474121093,644,597,1882.284569924771,176609453483439.6;182029405857915.1;212705206900801.72;174745266084719.0,false
204309,1683.736669921875,642,597,1884.62788270639,139500358001807.64;143734838166851.44;163932477299161.7;138007684092778.48,false
204310,1656.8247131347657,644,588,1879.1049157989362,129825997491636.58;133165421395603.9;154430864635788.84;128799681131016.72,false
204311,1713.0480224609378,643,589,1877.0334001380365,130418282331361.8;134843341168657.17;155513144791677.56;129325071311685.38,false
204312,1605.531024169922,644,591,1873.918246220099,147505977840862.4;150521678233539.16;177566592480361.4;145528744496385.53,false
204313,1751.4387756347655,644,592,1873.7854304641212,137452581749867.75;143166426426575.84;159714329973829.06;135855615977078.52,false
204314,1884.7045288085938,643,574,1878.6461351126127,127690609761535.25;132288025078558.03;153013431158366.47;126730497280722.58,false
204315,1851.9921875,643,598,1876.1855193212705,127425323515054.58;131683268817735.1;154329994116433.25;126472213158242.9,false
204316,1823.4084960937503,643,596,1874.445210965918,108003559657355.3;113469917265805.62;128887916211402.25;107865751681291.06,false
204317,1540.573315429688,645,602,1875.0109854624347,144430401352688.78;149490347057033.22;168946616366383.3;142528398474879.8,false
204318,1557.9489074707033,644,595,1694.474615237526,143674654024353.88;148055575222956.56;172086777573056.94;141226013138638.16,false
204319,1789.3118041992182,645,599,1869.198943416191,143788785905636.22;148554831648800.28;171162636142643.3;142019447961509.53,false
204320,1431.6588134765625,644,602,1873.3913234672978,144024816872830.22;149353408088766.78;172497048058395.8;142226788739730.28,false
204321,1362.8027465820312,644,594,1874.693537559212,149890369427061.5;155033064087354.12;169311471183180.28;147502724528099.56,false
204322,1258.9558837890622,645,600,1870.2052430845922,146244993248872.6;150920541304624.28;171179958588724.44;143926298172596.5,false
204323,1360.1794372558597,644,594,1870.555986369684,152764421950230.78;157296007414276.12;178764223091012.22;150233768485250.0,false
204324,1221.7257080078125,643,592,1872.018999884078,151660912576660.47;156005798314791.88;177648643596962.75;149079750838035.66,false
204343,1295.09921875,764,712,2972.1291890682,213244425716545.03;233980894845273.84;291304880172061.8;218285204875960.84,false
204344,1273.9931762695312,764,725,3497.610644403385,232493945810078.4;272452395165089.12;334026836450382.9;256465316811851.62,false
204345,1275.036553955078,794,713,3041.628506028396,202429777554725.3;216364170426113.94;266283992438684.22;203811816807280.38,false
204346,1261.6257995605467,744,713,3248.9837378496454,215994500322509.25;244625154075034.25;292244100767838.6;228885939942312.84,false
204347,1345.7577026367192,762,710,2789.8705268289013,193657029930427.3;215401425920225.0;254525532095104.47;199650620566070.34,false
204348,1379.4951171875,751,711,2820.9864318080736,195051896586178.56;215255146701203.4;248069070781454.22;198527510332225.06,false
204349,936.1635131835938,367,364,3068.0438226249003,160738039019081.78;180211109380502.7;192050618906879.22;167878406713086.66,false
204351,1303.7618896484378,726,710,3582.1029419409692,225575444491299.94;256686429668352.97;293413855666300.25;233650705798579.4,false
204352,1209.817919921875,367,365,2912.911746062117,189668339958096.4;230906497643886.66;269859918705515.56;221306205490566.44,false
204353,1443.6643005371093,552,549,3524.23748370001,222868953247518.03;259555951225631.34;310070509585548.0;239675982765412.5,false
204354,1430.02294921875,489,488,3293.101341233004,206345789964845.38;229377089583304.34;280650775626405.4;216850947150450.34,false
204355,1325.4109497070312,539,536,3652.2330147573807,206373956013027.03;236224074301473.22;236772461639909.22;215373490121722.3,false
204356,1384.7810424804684,623,621,3743.4149565722764,232796318690645.56;299911491025479.7;330997425906350.6;273471194767099.66,false
204357,1483.2737548828125,747,710,3006.680822754756,215542524244792.97;238064882275443.53;267737669896714.97;219064790303903.3,false
204358,1438.1583557128906,624,623,2793.3171759057755,181714149669729.6;198072869778633.9;229595960192589.28;182057270460285.5,false
204377,831.3821441650393,606,547,277.29685063892606,8724776031286.124;15114871539129.855;-3442696172228.7188;9107882948391.438,false
204378,860.724530029297,587,552,283.1562778082597,9789992663181.195;13422200642393.58;-5316031318394.4;10023231427984.871,false
204379,813.9384643554686,665,576,250.8403449072892,7862356577516.809;6291042220924.342;29374230323553.09;8058998272784.679,false
204380,844.3960571289062,587,553,281.8082141857443,10263816585026.498;10055053101244.535;6696943594884.903;10221655254000.395,false
204381,842.86279296875,583,559,287.2790394976232,10179777695781.285;7084330384598.2;5356905589512.199;10956041502686.281,false
204382,881.6056945800782,583,551,286.54734343225226,10430814802636.64;9841145190315.154;14328324962845.338;10500898612817.926,false
204384,782.7989807128909,520,518,320.6910538299722,10451071921104.715;10437363681732.96;26804557532703.54;10485449471335.11,false
204385,802.3730865478517,662,586,251.82978124718835,9071593317996.834;5733034909036.423;34692212521616.0;8608583264650.353,false
204386,848.9994659423828,586,556,283.2327645499442,10657378186353.346;10790645322454.107;11345961176338.672;10727852185984.896,false
204387,862.6300048828125,585,549,286.05275394581224,10954458332911.79;8619158805317.747;378044328233.6186;11528524936714.938,false
204388,850.1446655273439,587,561,284.7408349137146,11053076874326.055;15683873612954.55;-8336612656290.557;11497511116045.242,false
204389,853.8343292236328,584,553,285.9976447410297,10462552683992.314;14352665104865.014;19560073870152.98;10750091312481.85,false
204390,843.6427612304688,587,558,283.49433102167336,10994890113803.715;9389698624416.031;11701766511595.28;10952396157096.094,false
204391,861.2610015869141,584,555,285.183075556386,10852449172111.586;16643503010294.81;1607615143878.8096;11475665249914.691,false
204392,845.0216308593751,587,554,285.054505600558,10922016219338.732;12476122844751.992;37245967495536.62;11169754853430.018,false
204393,867.8573608398442,583,556,286.1212777061358,11058860974575.336;10500289903354.932;4435577684732.59;10662786531994.074,false
204413,631.8208374023438,545,475,2318.13950078176,107597605357441.58;404249889918513.75;439188608770264.0;384459356827895.94,false
204414,1376.7816894531247,707,653,4733.085545125847,200867735286889.4;780999944738855.6;853101048567231.4;737939890482363.1,false
204415,1537.3651123046875,671,608,4990.260983197258,212395328115918.03;812646489808459.8;887894936528782.0;767945735320729.2,false
204416,1371.8610595703126,644,593,5173.719249941267,221313434226291.38;736583825800522.9;803593155427535.1;693752472570502.5,false
204417,1517.5158569335936,655,600,5081.435046693613,218486545289121.7;824377744448361.9;898789125207462.0;779375089361881.9,false
204418,876.3077819824218,405,403,4889.543950349712,227326915110167.28;653688151920990.1;719395043491773.4;617121843367979.1,false
204419,1374.6243652343749,585,583,5187.887299235726,242510240674337.25;612921011034902.6;669059118348965.8;576257451311821.1,false
204420,758.9781616210937,367,365,4602.544714250712,206312907455233.28;540595653820335.0;588606064457017.5;508104278623637.94,false
204421,1301.1513061523438,579,577,5141.227395752278,237331987899287.1;582501485401177.2;642734125666186.2;546560741358816.2,false
204422,1010.040771484375,351,350,4450.292024608735,207032049489331.1;497233533061880.56;545342191984933.44;465692377077028.56,false
204423,845.7994995117184,401,400,4851.120848322468,219146711597416.44;509331051568634.75;556742942358494.3;476951654401083.75,false
204424,553.5801635742187,310,309,4014.3790536679535,185797556014235.53;543049544432579.4;589358861938269.1;509461480276563.8,false
204425,777.2564147949216,355,354,4653.994922722162,202352200848751.34;481572257306592.56;523262213604020.06;450241210980454.8,false
204426,787.8232543945309,353,352,4682.295423770186,201684091916736.47;473429516542233.5;514449476590760.75;439826249747233.1,false
204427,848.9154571533202,352,350,4656.989747550435,205032254737919.9;502469190145709.75;549754395957443.3;469853287379983.5,false
204428,985.4828369140623,350,349,4652.463590128917,213343835007855.28;618950539474114.2;665024891159415.5;572740999882900.1,false
204429,1161.1947509765625,511,510,5674.787551886002,251276211904250.97;667230079577393.1;715348223061311.4;608429648991106.0,false
204447,1214.8271240234374,689,595,5824.057511644093,214636072307074.66;328399069274166.1;374077796088147.7;309375911494069.06,false
204448,1416.1776611328123,692,611,5713.68728579104,213301586974697.28;317296917540445.94;349211826312907.75;298920202224196.44,false
204449,1443.736181640625,689,628,5771.181283440113,218593998880448.53;330036725500463.9;372268687161952.6;311892591551026.8,false
204453,1643.557763671875,690,498,3643.0980400411445,186123937764579.75;203443550905097.22;220194871268210.06;190877048833434.06,false
204454,1251.0770996093747,692,599,4536.192589901089,218674724936024.25;279672863750622.34;312068677036421.44;268097675741882.53,false
204455,1396.8663269042968,688,595,5962.236094627754,217847298540207.3;357566288555023.9;418738381597033.4;343674030366760.0,false
204456,913.4519287109374,702,633,5712.968733139076,210335107337388.12;328872417532290.3;374647954266684.56;310050780892138.8,false
204457,1133.8050689697266,688,621,5839.115810322159,216458429676753.53;339888833223853.44;385600280387761.3;316656717238589.4,false
204523,1189.8443359374999,625,519,886.5935494481311,90607006685566.56;98454837807918.77;110337149892785.2;90681507877725.39,false
204524,1212.686059570313,604,508,725.1247243929572,91257423824297.98;98146417541068.53;112901778279273.28;91008640370228.08,false
204525,1244.0133117675782,610,509,717.499909741872,88447892800294.89;95783129535047.5;103561914980801.11;88138947505244.77,false
204526,1253.1793823242192,614,507,710.6188896693221,85950999131675.73;93733335838473.84;99086570756749.27;85697318533855.22,false
204527,1445.8251586914066,561,502,779.6433506723907,90752110007038.16;97613221798352.56;108945514753368.42;90487993561104.67,false
204528,1271.7608154296872,614,506,710.166154759126,85054584278824.02;93036846573837.31;100695954428629.03;84952693867304.77,false
204529,1281.1828857421876,623,504,703.9965811109138,82597412391462.67;88787835988713.39;93976191487723.72;82455642349581.77,false
204530,1234.563696289063,622,509,701.3556025214718,82974845881374.75;89741631484070.23;99769651619913.42;82881198896312.98,false
204531,1409.2593505859377,589,508,745.3570760388119,78894830956342.98;85133521336645.58;95977544405773.4;78898046039462.16,false
204532,1321.763928222656,589,510,738.082973088125,81299480665719.69;88525721088208.72;93844790711915.2;81298434921872.89,false
204533,1337.8741821289068,590,505,736.2273822954593,81379162860940.33;88194338714610.84;93778463847949.03;81305635699659.81,false
204534,1315.3275390625004,594,508,735.3044871718798,82516069415510.34;89453560438407.12;97864989032969.72;82431260865816.4,false
204535,1392.9389282226566,586,507,742.1777564941319,83081529976007.5;90547034492862.17;97991545565744.03;82985855748141.2,false
204536,1328.67509765625,597,509,727.5908965353958,82239636622921.0;89345153598995.73;98237379478944.0;82193080555959.02,false
204537,1323.0037231445317,600,507,725.9471555258185,81510226882223.77;88501550213457.88;97333682582667.25;81541563713122.69,false
204538,1342.73515625,583,508,687.804408061019,64344892159694.46;70263135320088.73;73813039167108.52;64504362276020.89,false
204539,1307.1138916015625,597,505,726.0304335576071,81682644067344.72;88812408641892.95;100745923754952.83;81683013322706.5,false
204540,1332.8472167968755,537,508,810.963635794629,83924841188425.08;91002251926374.55;96584038425151.66;83934581661759.4,false
204560,1109.66015625,575,525,775.2277833502613,78400583653485.58;84279032699249.58;91321040261867.78;78625357799333.83,false
204561,1095.4639770507815,580,520,765.9255825356817,81049878989306.66;87178581073998.94;95603249090489.0;81253574482428.55,false
204562,1119.7388061523438,594,516,745.2164387079273,84224448109480.42;90069324832483.47;99798284517518.17;84123782421324.08,false
204563,1141.9684326171875,581,514,757.043718603807,82674649105652.6;88631138976298.22;99514790076229.27;82687087555480.69,false
204564,1175.8243408203125,550,512,803.4486651479684,80182733339387.05;85764235295640.75;96975605073064.62;80285209212427.73,false
204565,1193.0974609374998,547,512,804.3805232970662,79740630540812.39;86123776885427.19;88136557112860.1;79862429530771.25,false
204566,1229.861450195313,568,513,771.6022291464532,81047977449048.56;87656953956307.97;98295386041922.58;81098283780091.12,false
204567,1407.5598754882822,329,325,779.7820098260282,92698397650089.83;100290400863544.08;111481233591599.39;92654396759288.73,false
204568,1300.7236083984376,336,333,782.3960115244913,92734310980289.9;100185346128513.47;114782491981358.67;92750448517692.06,false
204569,1107.3693908691405,251,250,3397.6004966676483,213730807754211.78;593936647835508.4;647676412443408.9;550790448362150.6,false
204570,1245.2315673828123,295,294,3427.2482868659613,232007545689962.9;639713601471292.6;692628966558979.4;591262477513944.9,false
204571,1245.9642517089844,548,510,804.3883160014625,79231818188302.08;86198842386416.69;87645043719676.03;79268975212338.33,false
204572,1282.3398925781255,592,513,743.2902449056091,79794453480603.17;85723919973927.19;98550070953608.05;79888763241362.17,false
204574,1405.3495727539066,576,503,621.3225790009585,47869852229388.875;51086421754475.945;60829724710466.95;48463327377891.016,false
204575,1340.213793945312,595,502,740.0451578050233,75788330918571.89;81591705401003.92;93625219392689.23;75848408217137.98,false
204576,1278.0032958984375,599,506,734.7125531322215,76138307731665.89;82748643293049.73;89580543421781.48;76273282550343.19,false
204577,1317.2219360351567,591,505,746.2977467532295,77417922382099.14;84192804978781.4;92851491076041.03;77571288762237.47,false
204592,2342.1353759765625,621,526,4891.560413523976,228058370296591.72;1110025225894108.0;1200021188697181.8;1037549341301929.0,false
204593,2172.9440917968755,667,530,3935.413054674873,211676466074947.84;1072640639882449.6;1147243137457846.2;997956524091762.1,false
204594,2117.5846191406254,680,539,4635.0451881031195,208702792787971.3;1433523806222109.0;1489735150867149.8;1302717677217437.8,false
204595,1146.448648071289,598,551,5381.869023939102,235613307144729.88;1103081120082921.0;1195746468111585.2;1033472865164139.5,false
204596,1224.566839599609,602,560,5256.107184408799,234491413710036.72;1018299363123770.9;1073358130698791.9;946177138653076.9,false
204597,1024.061633300781,598,555,5684.473625794837,230680085920413.38;984123450738671.0;1062234181415809.0;919820762450732.8,false
204598,1664.7615112304684,605,541,5643.927434165122,230139032870395.88;1094876736872651.8;1173308617806031.5;1016250355265892.5,false
204599,,0,0,5383.969495160509,225068097393811.38;1323069885717407.8;1417749426696898.5;1233139250133496.2,false
204600,1788.1494628906248,627,537,5396.729686670131,224955845853821.53;1340268675306763.5;1428396250589866.5;1240596065756408.8,false
204601,2362.022045898437,458,452,6545.9039085893255,266269758397790.53;1872523455078098.0;1978456596575807.5;1734341342918151.5,false
204602,1940.214898681641,626,538,4709.056777231707,224547151683640.0;1063097167207470.9;1147237438063967.0;987130167861036.5,false
204604,1901.858807373048,606,531,5737.5715592331535,232078559805028.7;1263706920612756.0;1335671343808938.0;1161818552640530.2,false
204625,1331.2528106689451,752,675,1897.9614617711445,183286371551387.34;338857867990189.75;372795480825321.25;317520834204491.44,false
204626,1619.6864807128904,750,727,2555.6174552263524,199923304858141.4;444557597017846.1;503332151660743.9;421263951031207.1,false
204627,1422.7927124023436,752,711,2354.7665324430727,184365184360962.9;432446990043240.56;460415631764547.44;402397564346889.3,false
204628,1256.273968505859,566,565,3932.0466399096495,245157246489383.3;693124354040734.2;749190617503176.0;650737272257910.8,false
204641,1650.3348083496094,692,683,3961.134172189766,241582356970339.62;675316333562148.4;742654535505168.4;631373744012315.4,false
204642,1845.8865600585941,694,682,3941.5280890385106,243634277660343.44;784893258869272.2;861613436804434.5;733292262126227.4,false
204643,1253.0444580078124,533,507,757.2216943122412,83945953288178.38;90757933812260.66;108202923069199.69;83555956113906.44,false
204644,1398.6922607421877,549,503,536.3708445780222,62006836348910.445;66563164324251.29;75959411440461.17;61873917785698.02,false
204645,1270.805249023438,534,506,714.7778419414526,75187078216789.0;81333724642927.47;90064059067707.75;74807601245612.4,false
204646,1291.3462768554691,576,499,654.7764010206436,75213112063819.47;80822817661747.75;90794462863065.33;74817505945256.1,false
204647,1500.5625,328,320,1109.420994045215,142612309559488.22;152143305281617.1;168137003371744.84;140730057830088.16,false
204648,1280.696371459961,578,507,713.474922571663,82884098094277.81;89133450665904.14;101832364085122.31;82233474719447.34,false
204649,1322.0378051757814,573,501,722.4387459595372,82345150922384.75;89050411801532.53;92884671364410.02;81823926076049.88,false
204651,1503.4068603515627,369,368,897.6782275698614,108494765245518.44;117812983128032.33;127239864076379.98;107589059819460.94,false
204652,1391.9139892578135,301,299,770.0850613351859,93711446465340.3;101210453696316.48;109336551435288.6;93456878238236.62,false
204653,1358.6653991699218,572,506,656.9940592978784,75575152778807.9;82122951209022.52;86681761542777.58;75174596060814.6,false
204654,1360.4607482910155,572,506,661.0174062120501,74503950907775.22;80654229725617.64;92698473264378.25;74248833545347.03,false
204655,1407.4075256347655,576,501,658.5280875984646,73545433633953.3;79217032397374.9;95566488953959.75;73243325275305.39,false
204657,1380.6440063476568,575,507,655.6090015836631,75029519851593.9;81344858618137.08;92915676656397.34;74627048888619.36,false
204658,1439.1213867187505,554,501,682.8674664253513,76103751669171.84;82703597403543.27;93738015491475.14;75727557634880.27,false
204659,1375.9340576171876,568,511,664.8549200072993,74476254620229.08;80459209034003.45;97135596205890.86;74238666287336.73,false
204660,1458.8439941406255,562,505,665.6393485595163,73973704012700.27;80013594750241.86;88104218330739.86;73538886187356.0,false
204681,2100.8019165039063,692,684,3989.541179793231,242999083870001.97;877374808409744.5;940332431180715.6;829218247497019.2,false
204683,2213.1512695312495,695,683,3985.858086379306,239409540367444.5;928103293566091.5;1022906346784449.0;883027553934358.4,false
204684,1291.5663452148438,275,272,700.9066660081623,85036053976271.83;92932273561763.22;106732462208505.25;85967287754215.6,false
204685,1491.587115478516,532,498,418.72836205982566,43849680785162.02;52721375079459.15;28289952629827.996;44519785912720.23,false
204686,1200.5458984375,531,498,475.28094459893134,40976314467323.32;47516214795158.38;19817520142651.69;41070745464434.625,false
204687,1476.1631958007827,533,496,474.35555664871794,50528897246319.516;48186340292664.07;66863286239524.81;50329539290643.5,false
204688,1486.422387695313,533,494,472.66527761543557,50288005581519.55;49649354981174.625;72997803820460.6;51207170895317.31,false
204689,1482.3705566406254,533,493,594.6901344630726,64768860188265.24;74004671814578.34;46119809589155.4;65260524735455.22,false
204690,1479.3069702148441,534,487,587.888922405295,63776343360804.01;72560308801381.17;78402208566330.45;64959960511117.46,false
204691,1208.5386474609377,530,484,590.2331002376903,51342043382139.664;55001470696363.72;99592574684794.03;51082019711346.71,false
204692,1513.5935424804695,537,493,622.7142296031313,69917985845955.36;77420511002688.89;130806106271914.66;69780793597956.68,false
204693,1485.8544921875002,535,489,620.846286953262,69409481332872.05;76596572602488.6;78137527178746.69;69768431725332.266,false
204694,1502.33642578125,533,485,626.0261032244148,66004457084679.6;72363402372239.27;81222942372961.34;66450646354108.27,false
204695,1533.8444580078126,533,494,623.985223529433,67631094114948.06;74797728589528.36;82787908421822.62;67615583327666.75,false
204696,1519.670788574219,540,491,808.4009045327612,93492705915527.16;107561589283697.3;79924097072924.27;93395950981359.78,false
204697,1491.1515136718751,539,487,829.6913331491943,95106143220236.95;106359466105039.45;96051747920026.67;94488013749743.62,false
204698,1493.4433959960938,544,489,799.147980258459,91953597001480.47;91648773479015.22;126194748229155.11;91397581686813.64,false
204699,1341.8546997070314,548,492,792.1077430203076,96247056572786.75;110504234914829.78;76403761209136.17;96935831737337.61,false
204700,1499.4484497070314,533,488,723.6495351276468,79376514820408.88;80550316307463.81;108903385249521.17;79615333073888.92,false
204701,1504.5406372070315,539,492,716.2838665658146,80589304840948.73;86252933295591.2;107881189146472.97;81092512314349.4,false
204702,1514.6254394531252,540,486,718.6211990940322,79817164896541.92;78478160730883.92;125839357716879.69;78531694198178.14,false
204703,1516.9691833496095,542,485,712.106675777226,79928427190866.47;78262979187199.58;108464958645363.86;78526283784296.22,false
204840,2314.7933105468746,411,411,4697.512524628664,244901328562046.5;981199455274051.4;1051158861732564.4;931318168742666.4,false
204842,3345.5900390624993,743,712,5700.251157798747,279388012152500.72;1450482049829098.2;1538812252978997.5;1376639612600275.8,false
204844,3077.468994140625,629,628,6899.108813060133,275590994560503.4;1485980435983038.8;1575184566242504.0;1414960554511287.8,false
204845,2086.181341552735,566,565,5982.659762046337,269060622543037.0;1295764892117434.0;1380556710040712.5;1229719870045808.8,false
204846,2542.8947509765626,735,714,6812.904118371858,273036082244084.56;1493012815187874.5;1581025243769792.0;1421389049985200.0,false
204847,2928.3153076171875,564,563,6294.760171759183,269134377499473.97;1390008150714478.0;1468855447434672.8;1316025804742642.2,false
204848,1997.6293090820309,728,716,6844.019001048568,275417409007908.9;1273523459675434.8;1356970283048540.5;1207789956140609.8,false
204849,3104.8694824218746,738,710,6584.72650462465,273409567925864.28;1592343961061111.0;1674597746507893.2;1512649807740021.8,false
204850,2032.6284667968748,732,716,6891.843635764227,275754795777721.7;1360409054592917.2;1447735990369285.8;1293019675403279.8,false
204851,3396.9237670898438,716,713,7054.9573222050985,279733347166656.7;1476401125413900.8;1559380095156772.0;1402621524974922.0,false
204852,3609.6011352539062,602,601,6792.811123331178,273298567146419.38;1512258133258700.0;1596225458305376.0;1435423189924759.8,false
204853,3701.483154296875,726,718,6959.378996185515,278159749832889.75;1545448824842950.0;1630525072245466.5;1466221170833162.8,false
204854,2080.9488647460935,703,700,7196.126378662943,281444829795908.03;1193359498098269.0;1276678046387984.5;1136123884647527.5,false
204855,3586.2775878906245,703,702,7178.892231249054,282974801996370.44;1335089547478413.8;1421740322083914.2;1268881374771256.2,false
204856,2709.0822387695316,552,550,6417.464289419928,267617734295364.8;1539538567785657.2;1618828861627551.5;1452316967503478.0,false
204875,1244.6110321044923,224,220,3649.2284300536758,169386392115367.25;283338862383111.0;324912019219328.06;264914295393411.0,false
204877,1892.8015136718752,705,651,5328.31068045451,176423725599717.28;184185413710695.56;211486488577986.7;174396859031139.53,false
204878,2222.374548339844,668,633,6787.399014236349,245156936522580.03;432494232058296.0;476029420178543.0;397640598285381.25,false
204880,2358.4698120117187,640,637,7429.502970427283,266194536415909.53;573041069716100.1;630719916851282.0;530075954668428.8,false
204881,2365.6845703125005,643,639,7433.684725553313,264792224546246.06;536147728407557.3;582797037675947.9;498745740656199.56,false
204882,2341.3749511718747,625,620,7602.49753073692,272750793997312.97;711342984951873.1;784028005999455.0;662637666853771.4,false
204883,2051.0167236328125,658,633,7267.216998255298,252967787420229.75;366378696483075.25;401637111879521.9;338707577466594.9,false
204884,1829.1832031250003,665,622,7193.392014656331,236750858914020.75;343282584616121.06;382515606102849.3;319112913526461.9,false
204885,1817.4562255859378,625,618,7889.802826025935,268766275146464.9;427786434021100.0;456800294988006.8;395860603777026.8,false
204907,1093.6330810546874,696,691,2157.1239469244033,189506930482385.28;193452742021753.3;213901811335249.88;182875121975608.94,false
204908,1004.0035705566406,694,689,1685.382142159167,104532593652868.53;108578644090357.23;119262990891492.14;102215284882928.69,false
204909,1042.1876220703125,695,689,1828.9287859650146,130560942670206.42;134247782840574.22;146493541002737.9;127062061182598.94,false
204910,704.1374969482422,688,685,1822.5558098564009,123574875815852.94;128288147652605.52;143049824555406.47;120507500630101.1,false
204911,707.9438354492187,689,686,1821.436962915056,120045181427965.69;125180948358126.1;138535716441378.03;117225089452099.14,false
204912,1272.5362792968747,701,700,2230.1000783930704,225715764463943.66;233523099283532.72;261949632150713.12;220447812630519.72,false
204913,1072.1949584960937,697,692,2105.981004284125,181964668063215.16;187593743041377.03;211355589781795.97;175920585893316.56,false
204914,1127.7959350585934,696,691,2101.4436363978116,175601187284844.7;180940112664675.6;201186987979193.47;169962029563437.7,false
204916,1155.111080932617,694,678,2117.6978774866266,172169474748264.38;178308970443190.0;198436234403322.34;167731576353297.4,false
204917,1169.8899291992188,658,657,2230.864908116521,158474064880687.5;164437475014225.3;183714906057995.53;154273560952734.8,false
204918,1235.740771484375,695,678,2120.8402331866955,141653341333758.1;149449091695303.84;168506578349741.6;139862415390408.11,false
204919,1243.3419067382815,695,671,2119.9300497411878,182109774603327.12;189023298699853.34;212978160792074.72;176616347590109.84,false
204920,1204.8860229492193,696,671,2115.5773346633996,192711562187936.66;199029216059222.38;220607115793420.34;186305544091035.4,false
204921,1124.6284637451172,700,680,2107.1810235034077,208110283682879.25;214687735991661.78;241190001127822.9;200703927936030.56,false
204922,1129.6562072753904,699,684,2104.738393239614,214605483915395.4;220896257868107.25;246262446857122.75;206603152156088.22,false
204923,1185.7473999023441,695,680,2117.7823732561283,229976220700536.6;237362756695903.16;259714431609935.75;221289587516866.56,false
204924,1167.732299804688,696,679,2112.709509006096,212651628623684.16;219504404380080.34;248630961951774.03;205209359887351.66,false
204925,1117.70791015625,700,680,2098.2852920512073,211602936220499.72;218007224340663.47;241039583444445.9;204051258314299.0,false
204926,1192.260778808594,698,678,2106.863440730085,214487634483108.16;222334045667065.12;246262587096031.06;206728181388491.16,false
204927,786.3473907470702,692,683,2125.842045361066,152456929519442.38;159620347579275.0;172752885416637.78;148311886951696.7,false
204933,1139.384265136719,594,587,1667.1024087881767,84108199212661.86;89165206700812.28;99408713277459.6;81788942887252.6,false
204934,1182.0880310058594,596,581,1666.4942782160279,86581846355209.38;96958064242292.47;113307440030373.36;82877915395703.47,false
204935,1172.3282043457032,594,580,1673.8016907095293,89617474225466.97;103971653519978.78;95022146472055.8;88200629094454.36,false
204936,1314.6666809082028,510,497,4574.285365368963,215905131081885.03;861261584519229.4;903781858666704.8;809704611254865.6,false
204937,1607.2794799804692,514,490,2915.616562906612,207477245445783.03;422587694301402.3;464176801967110.9;393644683797489.6,false
204938,1655.8117797851562,514,482,3256.698116516538,210552105265678.06;521627319756765.0;554240167527683.44;487159201357048.8,false
204939,2200.5684082031253,517,487,3238.3992880778133,210547891609851.38;638341895221380.1;649970379757111.5;599673284223670.2,false
204940,1727.7376342773437,515,485,3249.3601895814686,210785896698155.75;523760023821396.0;556656152535074.7;487590203784743.75,false
204944,2443.2358886718753,385,383,4285.96593688319,258095780251681.28;1071264745802741.2;1171762849891779.5;1002844884592075.1,false
