shot,category,t_start,t_end,crowd,confidence,attrs
194602,1,70.4,70.4,False,1.0,"{""inversion_rho"":null,""inversion_channel"":29.0,""period_ms"":null}"
194602,1,516.2,516.2,False,1.0,"{""inversion_rho"":null,""inversion_channel"":17.5,""period_ms"":18.999993801116943}"
194602,1,529.8,529.8,False,1.0,"{""inversion_rho"":null,""inversion_channel"":17.5,""period_ms"":18.999993801116943}"
194602,1,548.8,548.8,False,1.0,"{""inversion_rho"":null,""inversion_channel"":16.5,""period_ms"":18.999993801116943}"
194602,1,567.9,567.9,False,1.0,"{""inversion_rho"":null,""inversion_channel"":18.5,""period_ms"":18.999993801116943}"
194602,1,601.7,601.7,False,0.375,"{""inversion_rho"":null,""inversion_channel"":19.0,""period_ms"":18.999993801116943}"
194602,1,620.8,620.8,False,1.0,"{""inversion_rho"":null,""inversion_channel"":19.5,""period_ms"":18.999993801116943}"
194602,1,637.7,637.7,False,1.0,"{""inversion_rho"":null,""inversion_channel"":18.5,""period_ms"":18.999993801116943}"
194602,1,654.7,654.7,False,0.5,"{""inversion_rho"":null,""inversion_channel"":20.5,""period_ms"":18.999993801116943}"
194602,1,706.4,706.4,False,1.0,"{""inversion_rho"":null,""inversion_channel"":21.5,""period_ms"":16.099989414215088}"
194602,1,724.9,724.9,False,1.0,"{""inversion_rho"":null,""inversion_channel"":21.5,""period_ms"":16.099989414215088}"
194602,1,742.1,742.1,False,1.0,"{""inversion_rho"":null,""inversion_channel"":22.5,""period_ms"":16.099989414215088}"
194602,1,759.9,759.9,False,1.0,"{""inversion_rho"":null,""inversion_channel"":22.5,""period_ms"":16.099989414215088}"
194602,1,776.8,776.8,False,1.0,"{""inversion_rho"":null,""inversion_channel"":24.5,""period_ms"":16.099989414215088}"
194602,1,793.7,793.7,False,1.0,"{""inversion_rho"":null,""inversion_channel"":23.5,""period_ms"":16.099989414215088}"
194602,1,809.1,809.1,False,1.0,"{""inversion_rho"":null,""inversion_channel"":25.5,""period_ms"":16.099989414215088}"
194602,1,824.5,824.5,False,0.5,"{""inversion_rho"":null,""inversion_channel"":27.5,""period_ms"":16.099989414215088}"
194602,1,842.0,842.0,False,0.625,"{""inversion_rho"":null,""inversion_channel"":26.5,""period_ms"":16.099989414215088}"
194602,1,858.1,858.1,False,1.0,"{""inversion_rho"":null,""inversion_channel"":27.5,""period_ms"":16.099989414215088}"
194602,1,873.1,873.1,False,0.25,"{""inversion_rho"":null,""inversion_channel"":25.0,""period_ms"":16.099989414215088}"
194602,1,888.9,888.9,False,0.75,"{""inversion_rho"":null,""inversion_channel"":27.5,""period_ms"":16.099989414215088}"
194602,1,897.9,897.9,False,0.25,"{""inversion_rho"":null,""inversion_channel"":27.5,""period_ms"":16.099989414215088}"
194602,1,903.2,903.2,False,1.0,"{""inversion_rho"":null,""inversion_channel"":25.5,""period_ms"":16.099989414215088}"
194602,1,926.6,926.6,False,1.0,"{""inversion_rho"":null,""inversion_channel"":27.5,""period_ms"":15.649974346160889}"
194602,1,943.2,943.2,False,1.0,"{""inversion_rho"":null,""inversion_channel"":26.5,""period_ms"":15.649974346160889}"
194602,1,959.5,959.5,False,1.0,"{""inversion_rho"":null,""inversion_channel"":27.0,""period_ms"":15.649974346160889}"
194602,1,975.1,975.1,False,1.0,"{""inversion_rho"":null,""inversion_channel"":26.5,""period_ms"":15.649974346160889}"
194602,1,990.4,990.4,False,0.875,"{""inversion_rho"":null,""inversion_channel"":27.5,""period_ms"":15.649974346160889}"
194602,1,999.3,999.3,False,1.0,"{""inversion_rho"":null,""inversion_channel"":25.5,""period_ms"":15.649974346160889}"
194602,1,1009.4,1009.4,False,0.375,"{""inversion_rho"":null,""inversion_channel"":20.5,""period_ms"":15.649974346160889}"
194602,1,1020.6,1020.6,False,1.0,"{""inversion_rho"":null,""inversion_channel"":28.0,""period_ms"":15.649974346160889}"
194602,1,1036.2999,1036.2999,False,1.0,"{""inversion_rho"":null,""inversion_channel"":27.5,""period_ms"":15.649974346160889}"
194602,1,1052.0,1052.0,False,1.0,"{""inversion_rho"":null,""inversion_channel"":27.5,""period_ms"":15.649974346160889}"
194602,1,1068.3,1068.3,False,1.0,"{""inversion_rho"":null,""inversion_channel"":27.5,""period_ms"":15.649974346160889}"
194602,1,1090.5,1090.5,False,1.0,"{""inversion_rho"":null,""inversion_channel"":26.0,""period_ms"":15.649974346160889}"
194602,1,1109.3,1109.3,False,1.0,"{""inversion_rho"":null,""inversion_channel"":25.5,""period_ms"":15.649974346160889}"
194602,1,1123.4,1123.4,False,0.625,"{""inversion_rho"":null,""inversion_channel"":24.5,""period_ms"":15.649974346160889}"
194602,1,1138.7,1138.7,False,1.0,"{""inversion_rho"":null,""inversion_channel"":26.5,""period_ms"":15.649974346160889}"
194602,1,1153.8,1153.8,False,1.0,"{""inversion_rho"":null,""inversion_channel"":25.5,""period_ms"":15.649974346160889}"
194602,1,1176.5,1176.5,False,1.0,"{""inversion_rho"":null,""inversion_channel"":27.5,""period_ms"":15.649974346160889}"
194602,1,1185.4,1185.4,False,0.25,"{""inversion_rho"":null,""inversion_channel"":20.5,""period_ms"":16.650021076202393}"
194602,1,1197.3,1197.3,False,1.0,"{""inversion_rho"":null,""inversion_channel"":27.5,""period_ms"":16.650021076202393}"
194602,1,1212.0,1212.0,False,0.625,"{""inversion_rho"":null,""inversion_channel"":27.5,""period_ms"":16.650021076202393}"
194602,1,1228.5,1228.5,False,1.0,"{""inversion_rho"":null,""inversion_channel"":27.5,""period_ms"":16.650021076202393}"
194602,1,1245.4,1245.4,False,1.0,"{""inversion_rho"":null,""inversion_channel"":27.5,""period_ms"":16.650021076202393}"
194602,1,1262.0,1262.0,False,1.0,"{""inversion_rho"":null,""inversion_channel"":25.5,""period_ms"":16.650021076202393}"
194602,1,1278.1,1278.1,False,0.75,"{""inversion_rho"":null,""inversion_channel"":25.5,""period_ms"":16.650021076202393}"
194602,1,1295.8,1295.8,False,1.0,"{""inversion_rho"":null,""inversion_channel"":26.5,""period_ms"":16.650021076202393}"
194602,1,1313.0,1313.0,False,1.0,"{""inversion_rho"":null,""inversion_channel"":27.5,""period_ms"":16.650021076202393}"
194602,1,1330.0,1330.0,False,1.0,"{""inversion_rho"":null,""inversion_channel"":26.5,""period_ms"":16.650021076202393}"
194602,1,1345.1,1345.1,False,1.0,"{""inversion_rho"":null,""inversion_channel"":27.5,""period_ms"":16.650021076202393}"
194602,1,1361.6,1361.6,False,1.0,"{""inversion_rho"":null,""inversion_channel"":27.0,""period_ms"":16.650021076202393}"
194602,1,1379.3,1379.3,False,1.0,"{""inversion_rho"":null,""inversion_channel"":27.5,""period_ms"":16.650021076202393}"
194602,1,1393.1,1393.1,False,1.0,"{""inversion_rho"":null,""inversion_channel"":26.5,""period_ms"":16.650021076202393}"
194602,1,1413.5,1413.5,False,0.5,"{""inversion_rho"":null,""inversion_channel"":28.0,""period_ms"":16.650021076202393}"
194602,1,1422.7,1422.7,False,1.0,"{""inversion_rho"":null,""inversion_channel"":25.5,""period_ms"":16.650021076202393}"
194602,1,1441.8,1441.8,False,0.625,"{""inversion_rho"":null,""inversion_channel"":27.5,""period_ms"":16.650021076202393}"
194602,1,1458.5,1458.5,False,0.75,"{""inversion_rho"":null,""inversion_channel"":27.5,""period_ms"":16.650021076202393}"
194602,1,1475.7,1475.7,False,1.0,"{""inversion_rho"":null,""inversion_channel"":27.5,""period_ms"":16.650021076202393}"
194602,1,1492.2,1492.2,False,0.875,"{""inversion_rho"":null,""inversion_channel"":27.5,""period_ms"":16.650021076202393}"
194602,1,1507.7,1507.7,False,0.375,"{""inversion_rho"":null,""inversion_channel"":27.5,""period_ms"":16.650021076202393}"
194602,1,1516.0,1516.0,False,1.0,"{""inversion_rho"":null,""inversion_channel"":25.5,""period_ms"":16.650021076202393}"
194602,1,1525.6,1525.6,False,0.25,"{""inversion_rho"":null,""inversion_channel"":20.5,""period_ms"":16.650021076202393}"
194602,1,1537.2,1537.2,False,1.0,"{""inversion_rho"":null,""inversion_channel"":26.5,""period_ms"":16.650021076202393}"
194602,1,1554.5,1554.5,False,1.0,"{""inversion_rho"":null,""inversion_channel"":26.5,""period_ms"":16.650021076202393}"
194602,1,1572.1,1572.1,False,1.0,"{""inversion_rho"":null,""inversion_channel"":27.5,""period_ms"":16.650021076202393}"
194602,1,1589.4001,1589.4001,False,1.0,"{""inversion_rho"":null,""inversion_channel"":25.5,""period_ms"":16.650021076202393}"
194602,1,1604.9,1604.9,False,1.0,"{""inversion_rho"":null,""inversion_channel"":26.5,""period_ms"":16.650021076202393}"
194602,1,1621.9,1621.9,False,1.0,"{""inversion_rho"":null,""inversion_channel"":26.5,""period_ms"":16.650021076202393}"
194602,1,1639.8,1639.8,False,1.0,"{""inversion_rho"":null,""inversion_channel"":26.5,""period_ms"":16.650021076202393}"
194602,1,1656.1,1656.1,False,1.0,"{""inversion_rho"":null,""inversion_channel"":28.5,""period_ms"":16.650021076202393}"
194602,1,1672.0999,1672.0999,False,1.0,"{""inversion_rho"":null,""inversion_channel"":27.5,""period_ms"":16.650021076202393}"
194602,1,1689.6,1689.6,False,1.0,"{""inversion_rho"":null,""inversion_channel"":27.5,""period_ms"":16.650021076202393}"
194602,1,1707.7,1707.7,False,1.0,"{""inversion_rho"":null,""inversion_channel"":24.5,""period_ms"":16.650021076202393}"
194602,1,1726.1,1726.1,False,1.0,"{""inversion_rho"":null,""inversion_channel"":26.5,""period_ms"":16.650021076202393}"
194602,1,1742.6,1742.6,False,1.0,"{""inversion_rho"":null,""inversion_channel"":25.5,""period_ms"":16.650021076202393}"
194602,1,1758.4,1758.4,False,1.0,"{""inversion_rho"":null,""inversion_channel"":27.5,""period_ms"":16.650021076202393}"
194602,1,1775.6,1775.6,False,1.0,"{""inversion_rho"":null,""inversion_channel"":27.5,""period_ms"":16.650021076202393}"
194602,1,1792.1,1792.1,False,0.25,"{""inversion_rho"":null,""inversion_channel"":27.5,""period_ms"":16.650021076202393}"
194602,1,1808.8,1808.8,False,1.0,"{""inversion_rho"":null,""inversion_channel"":25.5,""period_ms"":16.650021076202393}"
194602,1,1824.8,1824.8,False,1.0,"{""inversion_rho"":null,""inversion_channel"":27.5,""period_ms"":16.650021076202393}"
194602,1,1841.7,1841.7,False,1.0,"{""inversion_rho"":null,""inversion_channel"":27.5,""period_ms"":16.650021076202393}"
194602,1,1858.6,1858.6,False,1.0,"{""inversion_rho"":null,""inversion_channel"":26.5,""period_ms"":16.650021076202393}"
194602,1,1875.3,1875.3,False,1.0,"{""inversion_rho"":null,""inversion_channel"":26.5,""period_ms"":16.650021076202393}"
194602,1,1891.3,1891.3,False,0.75,"{""inversion_rho"":null,""inversion_channel"":27.5,""period_ms"":16.650021076202393}"
194602,1,1907.6,1907.6,False,1.0,"{""inversion_rho"":null,""inversion_channel"":25.5,""period_ms"":16.650021076202393}"
194602,1,1923.7,1923.7,False,0.875,"{""inversion_rho"":null,""inversion_channel"":26.5,""period_ms"":16.650021076202393}"
194602,1,1940.9,1940.9,False,1.0,"{""inversion_rho"":null,""inversion_channel"":25.5,""period_ms"":16.650021076202393}"
194602,1,1959.0,1959.0,False,1.0,"{""inversion_rho"":null,""inversion_channel"":25.5,""period_ms"":16.650021076202393}"
194602,1,1977.9,1977.9,False,1.0,"{""inversion_rho"":null,""inversion_channel"":25.5,""period_ms"":16.650021076202393}"
194602,1,1996.0999,1996.0999,False,1.0,"{""inversion_rho"":null,""inversion_channel"":26.5,""period_ms"":16.650021076202393}"
194602,1,2012.9001,2012.9001,False,1.0,"{""inversion_rho"":null,""inversion_channel"":27.5,""period_ms"":16.650021076202393}"
194602,1,2028.8999,2028.8999,False,0.5,"{""inversion_rho"":null,""inversion_channel"":25.5,""period_ms"":16.650021076202393}"
194602,1,2044.4,2044.4,False,0.875,"{""inversion_rho"":null,""inversion_channel"":27.5,""period_ms"":16.650021076202393}"
194602,1,2053.2999,2053.2999,False,1.0,"{""inversion_rho"":null,""inversion_channel"":26.5,""period_ms"":16.650021076202393}"
194602,1,2078.5999,2078.5999,False,1.0,"{""inversion_rho"":null,""inversion_channel"":27.0,""period_ms"":8.949995040893555}"
194602,1,2090.6,2090.6,False,1.0,"{""inversion_rho"":null,""inversion_channel"":23.0,""period_ms"":8.949995040893555}"
194602,1,2096.4999,2096.4999,False,1.0,"{""inversion_rho"":null,""inversion_channel"":27.5,""period_ms"":8.949995040893555}"
194602,1,2127.1,2127.1,False,0.625,"{""inversion_rho"":null,""inversion_channel"":25.5,""period_ms"":null}"
194602,1,2146.8,2146.8,False,0.25,"{""inversion_rho"":null,""inversion_channel"":18.5,""period_ms"":null}"
194602,1,2154.3,2154.3,False,0.25,"{""inversion_rho"":null,""inversion_channel"":9.5,""period_ms"":34.30008888244629}"
194602,1,2188.6001,2188.6001,False,0.375,"{""inversion_rho"":null,""inversion_channel"":14.0,""period_ms"":34.30008888244629}"
194602,1,2203.1,2203.1,False,0.875,"{""inversion_rho"":null,""inversion_channel"":15.5,""period_ms"":34.30008888244629}"
194602,1,2237.6001,2237.6001,False,0.5,"{""inversion_rho"":null,""inversion_channel"":20.0,""period_ms"":34.30008888244629}"
194602,1,2243.2001,2243.2001,False,0.625,"{""inversion_rho"":null,""inversion_channel"":27.5,""period_ms"":53.14993858337402}"
194602,1,2311.3,2311.3,False,0.25,"{""inversion_rho"":null,""inversion_channel"":24.5,""period_ms"":53.14993858337402}"
194602,1,2349.4999,2349.4999,False,0.25,"{""inversion_rho"":null,""inversion_channel"":9.5,""period_ms"":53.14993858337402}"
194602,1,2361.3999,2361.3999,False,0.5,"{""inversion_rho"":null,""inversion_channel"":11.5,""period_ms"":null}"
194602,1,2409.6999,2409.6999,False,1.0,"{""inversion_rho"":null,""inversion_channel"":26.5,""period_ms"":null}"
194602,1,2417.7001,2417.7001,False,1.0,"{""inversion_rho"":null,""inversion_channel"":25.5,""period_ms"":7.349967956542969}"
194602,1,2424.7,2424.7,False,1.0,"{""inversion_rho"":null,""inversion_channel"":24.5,""period_ms"":7.349967956542969}"
194602,1,2432.4,2432.4,False,0.25,"{""inversion_rho"":null,""inversion_channel"":21.5,""period_ms"":7.349967956542969}"
194602,1,2514.6,2514.6,False,0.5,"{""inversion_rho"":null,""inversion_channel"":19.0,""period_ms"":null}"
194602,1,2522.8,2522.8,False,1.0,"{""inversion_rho"":null,""inversion_channel"":8.5,""period_ms"":null}"
194602,1,2571.1999,2571.1999,False,0.375,"{""inversion_rho"":null,""inversion_channel"":19.5,""period_ms"":null}"
194602,1,2577.1,2577.1,False,0.375,"{""inversion_rho"":null,""inversion_channel"":13.5,""period_ms"":null}"
194602,1,2626.6,2626.6,False,1.0,"{""inversion_rho"":null,""inversion_channel"":21.5,""period_ms"":68.75002384185791}"
194602,1,2669.5001,2669.5001,False,0.25,"{""inversion_rho"":null,""inversion_channel"":16.5,""period_ms"":68.75002384185791}"
194602,1,2764.1001,2764.1001,False,0.625,"{""inversion_rho"":null,""inversion_channel"":8.5,""period_ms"":68.75002384185791}"
194602,1,2791.8,2791.8,False,0.375,"{""inversion_rho"":null,""inversion_channel"":23.5,""period_ms"":null}"
194602,1,2811.7001,2811.7001,False,0.375,"{""inversion_rho"":null,""inversion_channel"":5.0,""period_ms"":null}"
194602,1,516.2,654.7,True,1.0,"{""inversion_rho"":null,""inversion_channel"":18.5,""period_ms"":18.999993801116943}"
194602,1,706.4,903.2,True,1.0,"{""inversion_rho"":null,""inversion_channel"":25.25,""period_ms"":16.099989414215088}"
194602,1,926.6,1176.5,True,1.0,"{""inversion_rho"":null,""inversion_channel"":26.5,""period_ms"":15.649974346160889}"
194602,1,1185.4,2053.2999,True,1.0,"{""inversion_rho"":null,""inversion_channel"":26.5,""period_ms"":16.650021076202393}"
194602,1,2078.5999,2096.4999,True,1.0,"{""inversion_rho"":null,""inversion_channel"":27.0,""period_ms"":8.949995040893555}"
194602,1,2154.3,2237.6001,True,1.0,"{""inversion_rho"":null,""inversion_channel"":14.75,""period_ms"":34.30008888244629}"
194602,1,2243.2001,2349.4999,True,1.0,"{""inversion_rho"":null,""inversion_channel"":24.5,""period_ms"":53.14993858337402}"
194602,1,2417.7001,2432.4,True,1.0,"{""inversion_rho"":null,""inversion_channel"":24.5,""period_ms"":7.349967956542969}"
194602,1,2626.6,2764.1001,True,1.0,"{""inversion_rho"":null,""inversion_channel"":16.5,""period_ms"":68.75002384185791}"
194603,1,105.4,105.4,False,0.875,"{""inversion_rho"":null,""inversion_channel"":24.5,""period_ms"":27.34999731183052}"
194603,1,132.3,132.3,False,1.0,"{""inversion_rho"":null,""inversion_channel"":11.5,""period_ms"":27.34999731183052}"
194603,1,160.1,160.1,False,1.0,"{""inversion_rho"":null,""inversion_channel"":10.5,""period_ms"":27.34999731183052}"
194603,1,402.5,402.5,False,1.0,"{""inversion_rho"":null,""inversion_channel"":12.5,""period_ms"":null}"
194603,1,422.4,422.4,False,1.0,"{""inversion_rho"":null,""inversion_channel"":12.5,""period_ms"":null}"
194603,1,501.2,501.2,False,1.0,"{""inversion_rho"":null,""inversion_channel"":14.0,""period_ms"":17.300009727478027}"
194603,1,519.4,519.4,False,1.0,"{""inversion_rho"":null,""inversion_channel"":15.5,""period_ms"":17.300009727478027}"
194603,1,553.0,553.0,False,1.0,"{""inversion_rho"":null,""inversion_channel"":18.5,""period_ms"":17.300009727478027}"
194603,1,569.7,569.7,False,1.0,"{""inversion_rho"":null,""inversion_channel"":17.5,""period_ms"":17.300009727478027}"
194603,1,585.4,585.4,False,0.375,"{""inversion_rho"":null,""inversion_channel"":20.0,""period_ms"":17.300009727478027}"
194603,1,621.0,621.0,False,1.0,"{""inversion_rho"":null,""inversion_channel"":20.5,""period_ms"":17.300009727478027}"
194603,1,637.0,637.0,False,1.0,"{""inversion_rho"":null,""inversion_channel"":20.5,""period_ms"":17.300009727478027}"
194603,1,654.4,654.4,False,1.0,"{""inversion_rho"":null,""inversion_channel"":23.5,""period_ms"":17.300009727478027}"
194603,1,671.9,671.9,False,1.0,"{""inversion_rho"":null,""inversion_channel"":21.5,""period_ms"":17.300009727478027}"
194603,1,691.2,691.2,False,1.0,"{""inversion_rho"":null,""inversion_channel"":22.5,""period_ms"":17.300009727478027}"
194603,1,709.5,709.5,False,1.0,"{""inversion_rho"":null,""inversion_channel"":22.5,""period_ms"":17.300009727478027}"
194603,1,727.4,727.4,False,1.0,"{""inversion_rho"":null,""inversion_channel"":22.5,""period_ms"":17.300009727478027}"
194603,1,744.7,744.7,False,1.0,"{""inversion_rho"":null,""inversion_channel"":24.0,""period_ms"":17.300009727478027}"
194603,1,761.2,761.2,False,1.0,"{""inversion_rho"":null,""inversion_channel"":24.5,""period_ms"":17.300009727478027}"
194603,1,777.2,777.2,False,0.375,"{""inversion_rho"":null,""inversion_channel"":24.5,""period_ms"":17.300009727478027}"
194603,1,794.3,794.3,False,1.0,"{""inversion_rho"":null,""inversion_channel"":26.5,""period_ms"":17.300009727478027}"
194603,1,810.4,810.4,False,0.875,"{""inversion_rho"":null,""inversion_channel"":26.5,""period_ms"":17.300009727478027}"
194603,1,826.2,826.2,False,1.0,"{""inversion_rho"":null,""inversion_channel"":26.5,""period_ms"":17.300009727478027}"
194603,1,838.6,838.6,False,1.0,"{""inversion_rho"":null,""inversion_channel"":25.5,""period_ms"":17.300009727478027}"
194603,1,861.0,861.0,False,1.0,"{""inversion_rho"":null,""inversion_channel"":24.5,""period_ms"":17.300009727478027}"
194603,1,878.3,878.3,False,1.0,"{""inversion_rho"":null,""inversion_channel"":25.5,""period_ms"":17.300009727478027}"
194603,1,912.8,912.8,False,0.5,"{""inversion_rho"":null,""inversion_channel"":27.0,""period_ms"":17.300009727478027}"
194603,1,929.8,929.8,False,1.0,"{""inversion_rho"":null,""inversion_channel"":26.5,""period_ms"":17.300009727478027}"
194603,1,947.3,947.3,False,0.625,"{""inversion_rho"":null,""inversion_channel"":26.5,""period_ms"":17.300009727478027}"
194603,1,965.2,965.2,False,1.0,"{""inversion_rho"":null,""inversion_channel"":26.5,""period_ms"":17.300009727478027}"
194603,1,982.0,982.0,False,1.0,"{""inversion_rho"":null,""inversion_channel"":25.5,""period_ms"":17.300009727478027}"
194603,1,998.5,998.5,False,1.0,"{""inversion_rho"":null,""inversion_channel"":25.5,""period_ms"":17.300009727478027}"
194603,1,1014.9,1014.9,False,1.0,"{""inversion_rho"":null,""inversion_channel"":24.5,""period_ms"":17.300009727478027}"
194603,1,1038.0,1038.0,False,1.0,"{""inversion_rho"":null,""inversion_channel"":25.5,""period_ms"":17.300009727478027}"
194603,1,1064.5,1064.5,False,1.0,"{""inversion_rho"":null,""inversion_channel"":25.5,""period_ms"":17.300009727478027}"
194603,1,1089.8,1089.8,False,1.0,"{""inversion_rho"":null,""inversion_channel"":25.5,""period_ms"":17.300009727478027}"
194603,1,1109.9,1109.9,False,1.0,"{""inversion_rho"":null,""inversion_channel"":27.0,""period_ms"":17.300009727478027}"
194603,1,1126.7,1126.7,False,1.0,"{""inversion_rho"":null,""inversion_channel"":27.5,""period_ms"":17.300009727478027}"
194603,1,1142.7,1142.7,False,1.0,"{""inversion_rho"":null,""inversion_channel"":27.5,""period_ms"":17.300009727478027}"
194603,1,1159.2,1159.2,False,1.0,"{""inversion_rho"":null,""inversion_channel"":27.5,""period_ms"":17.300009727478027}"
194603,1,1174.3,1174.3,False,0.375,"{""inversion_rho"":null,""inversion_channel"":27.5,""period_ms"":17.300009727478027}"
194603,1,1184.2999,1184.2999,False,1.0,"{""inversion_rho"":null,""inversion_channel"":25.5,""period_ms"":17.300009727478027}"
194603,1,1204.9,1204.9,False,0.5,"{""inversion_rho"":null,""inversion_channel"":27.0,""period_ms"":17.300009727478027}"
194603,1,1222.2,1222.2,False,1.0,"{""inversion_rho"":null,""inversion_channel"":26.5,""period_ms"":17.300009727478027}"
194603,1,1244.3,1244.3,False,1.0,"{""inversion_rho"":null,""inversion_channel"":25.5,""period_ms"":17.300009727478027}"
194603,1,1264.2,1264.2,False,1.0,"{""inversion_rho"":null,""inversion_channel"":26.5,""period_ms"":17.300009727478027}"
194603,1,1282.5,1282.5,False,1.0,"{""inversion_rho"":null,""inversion_channel"":24.5,""period_ms"":17.300009727478027}"
194603,1,1300.2,1300.2,False,1.0,"{""inversion_rho"":null,""inversion_channel"":27.5,""period_ms"":17.300009727478027}"
194603,1,1317.8999,1317.8999,False,0.875,"{""inversion_rho"":null,""inversion_channel"":25.5,""period_ms"":17.300009727478027}"
194603,1,1335.0,1335.0,False,1.0,"{""inversion_rho"":null,""inversion_channel"":27.5,""period_ms"":17.300009727478027}"
194603,1,1352.7,1352.7,False,0.5,"{""inversion_rho"":null,""inversion_channel"":27.5,""period_ms"":17.300009727478027}"
194603,1,1387.9,1387.9,False,1.0,"{""inversion_rho"":null,""inversion_channel"":25.0,""period_ms"":17.300009727478027}"
194603,1,1405.9,1405.9,False,1.0,"{""inversion_rho"":null,""inversion_channel"":25.5,""period_ms"":17.300009727478027}"
194603,1,1423.4999,1423.4999,False,1.0,"{""inversion_rho"":null,""inversion_channel"":26.5,""period_ms"":17.300009727478027}"
194603,1,1441.7,1441.7,False,1.0,"{""inversion_rho"":null,""inversion_channel"":27.5,""period_ms"":17.300009727478027}"
194603,1,1458.6999,1458.6999,False,1.0,"{""inversion_rho"":null,""inversion_channel"":25.5,""period_ms"":17.300009727478027}"
194603,1,1474.7,1474.7,False,0.75,"{""inversion_rho"":null,""inversion_channel"":25.5,""period_ms"":17.300009727478027}"
194603,1,1491.0001,1491.0001,False,1.0,"{""inversion_rho"":null,""inversion_channel"":27.5,""period_ms"":17.300009727478027}"
194603,1,1508.4,1508.4,False,1.0,"{""inversion_rho"":null,""inversion_channel"":25.5,""period_ms"":17.300009727478027}"
194603,1,1525.9,1525.9,False,1.0,"{""inversion_rho"":null,""inversion_channel"":26.5,""period_ms"":17.300009727478027}"
194603,1,1542.7999,1542.7999,False,1.0,"{""inversion_rho"":null,""inversion_channel"":25.5,""period_ms"":17.300009727478027}"
194603,1,1559.0,1559.0,False,1.0,"{""inversion_rho"":null,""inversion_channel"":25.0,""period_ms"":17.300009727478027}"
194603,1,1576.6,1576.6,False,1.0,"{""inversion_rho"":null,""inversion_channel"":27.5,""period_ms"":17.300009727478027}"
194603,1,1593.2,1593.2,False,1.0,"{""inversion_rho"":null,""inversion_channel"":26.5,""period_ms"":17.300009727478027}"
194603,1,1609.5999,1609.5999,False,1.0,"{""inversion_rho"":null,""inversion_channel"":27.5,""period_ms"":17.300009727478027}"
194603,1,1627.2,1627.2,False,1.0,"{""inversion_rho"":null,""inversion_channel"":27.5,""period_ms"":17.300009727478027}"
194603,1,1643.1,1643.1,False,1.0,"{""inversion_rho"":null,""inversion_channel"":27.5,""period_ms"":17.300009727478027}"
194603,1,1659.9,1659.9,False,1.0,"{""inversion_rho"":null,""inversion_channel"":26.5,""period_ms"":17.300009727478027}"
194603,1,1675.6999,1675.6999,False,0.875,"{""inversion_rho"":null,""inversion_channel"":25.5,""period_ms"":17.300009727478027}"
194603,1,1691.7,1691.7,False,0.875,"{""inversion_rho"":null,""inversion_channel"":27.5,""period_ms"":17.300009727478027}"
194603,1,1708.1,1708.1,False,0.75,"{""inversion_rho"":null,""inversion_channel"":26.5,""period_ms"":17.300009727478027}"
194603,1,1724.4999,1724.4999,False,0.375,"{""inversion_rho"":null,""inversion_channel"":27.5,""period_ms"":17.300009727478027}"
194603,1,1742.4001,1742.4001,False,1.0,"{""inversion_rho"":null,""inversion_channel"":25.5,""period_ms"":17.300009727478027}"
194603,1,1758.9999,1758.9999,False,1.0,"{""inversion_rho"":null,""inversion_channel"":27.5,""period_ms"":17.300009727478027}"
194603,1,1775.6,1775.6,False,1.0,"{""inversion_rho"":null,""inversion_channel"":26.5,""period_ms"":17.300009727478027}"
194603,1,1791.8,1791.8,False,1.0,"{""inversion_rho"":null,""inversion_channel"":26.5,""period_ms"":17.300009727478027}"
194603,1,1809.2999,1809.2999,False,1.0,"{""inversion_rho"":null,""inversion_channel"":27.5,""period_ms"":17.300009727478027}"
194603,1,1821.1,1821.1,False,0.25,"{""inversion_rho"":null,""inversion_channel"":27.5,""period_ms"":17.300009727478027}"
194603,1,1841.0,1841.0,False,0.25,"{""inversion_rho"":null,""inversion_channel"":27.5,""period_ms"":17.300009727478027}"
194603,1,1848.7999,1848.7999,False,1.0,"{""inversion_rho"":null,""inversion_channel"":25.5,""period_ms"":16.649961471557617}"
194603,1,1857.9,1857.9,False,0.25,"{""inversion_rho"":null,""inversion_channel"":17.0,""period_ms"":16.649961471557617}"
194603,1,1868.1999,1868.1999,False,1.0,"{""inversion_rho"":null,""inversion_channel"":27.5,""period_ms"":16.649961471557617}"
194603,1,1884.1,1884.1,False,1.0,"{""inversion_rho"":null,""inversion_channel"":27.5,""period_ms"":16.649961471557617}"
194603,1,1901.7,1901.7,False,1.0,"{""inversion_rho"":null,""inversion_channel"":26.5,""period_ms"":16.649961471557617}"
194603,1,1919.6,1919.6,False,1.0,"{""inversion_rho"":null,""inversion_channel"":26.5,""period_ms"":16.649961471557617}"
194603,1,1937.7,1937.7,False,1.0,"{""inversion_rho"":null,""inversion_channel"":27.5,""period_ms"":16.649961471557617}"
194603,1,1954.6,1954.6,False,0.375,"{""inversion_rho"":null,""inversion_channel"":26.0,""period_ms"":16.649961471557617}"
194603,1,1978.7,1978.7,False,1.0,"{""inversion_rho"":null,""inversion_channel"":27.5,""period_ms"":16.649961471557617}"
194603,1,1999.6001,1999.6001,False,1.0,"{""inversion_rho"":null,""inversion_channel"":27.5,""period_ms"":16.649961471557617}"
194603,1,2013.5,2013.5,False,0.25,"{""inversion_rho"":null,""inversion_channel"":25.5,""period_ms"":16.649961471557617}"
194603,1,2028.3,2028.3,False,0.625,"{""inversion_rho"":null,""inversion_channel"":27.5,""period_ms"":16.649961471557617}"
194603,1,2045.3,2045.3,False,1.0,"{""inversion_rho"":null,""inversion_channel"":27.5,""period_ms"":16.649961471557617}"
194603,1,2061.3,2061.3,False,1.0,"{""inversion_rho"":null,""inversion_channel"":27.5,""period_ms"":16.649961471557617}"
194603,1,2078.2001,2078.2001,False,1.0,"{""inversion_rho"":null,""inversion_channel"":27.5,""period_ms"":16.649961471557617}"
194603,1,2094.8999,2094.8999,False,1.0,"{""inversion_rho"":null,""inversion_channel"":27.5,""period_ms"":16.649961471557617}"
194603,1,2111.5,2111.5,False,1.0,"{""inversion_rho"":null,""inversion_channel"":27.5,""period_ms"":16.649961471557617}"
194603,1,2128.9999,2128.9999,False,1.0,"{""inversion_rho"":null,""inversion_channel"":26.5,""period_ms"":16.649961471557617}"
194603,1,2146.6,2146.6,False,1.0,"{""inversion_rho"":null,""inversion_channel"":27.5,""period_ms"":16.649961471557617}"
194603,1,2163.1999,2163.1999,False,1.0,"{""inversion_rho"":null,""inversion_channel"":25.5,""period_ms"":16.649961471557617}"
194603,1,2179.6,2179.6,False,1.0,"{""inversion_rho"":null,""inversion_channel"":25.0,""period_ms"":16.649961471557617}"
194603,1,2194.9999,2194.9999,False,0.875,"{""inversion_rho"":null,""inversion_channel"":27.5,""period_ms"":16.649961471557617}"
194603,1,2211.0,2211.0,False,1.0,"{""inversion_rho"":null,""inversion_channel"":27.5,""period_ms"":16.649961471557617}"
194603,1,2228.4999,2228.4999,False,1.0,"{""inversion_rho"":null,""inversion_channel"":25.5,""period_ms"":16.649961471557617}"
194603,1,2245.8999,2245.8999,False,1.0,"{""inversion_rho"":null,""inversion_channel"":26.5,""period_ms"":16.649961471557617}"
194603,1,2262.5999,2262.5999,False,1.0,"{""inversion_rho"":null,""inversion_channel"":25.5,""period_ms"":16.649961471557617}"
194603,1,2278.1999,2278.1999,False,1.0,"{""inversion_rho"":null,""inversion_channel"":29.5,""period_ms"":16.649961471557617}"
194603,1,2291.8,2291.8,False,0.875,"{""inversion_rho"":null,""inversion_channel"":26.5,""period_ms"":16.649961471557617}"
194603,1,2304.6,2304.6,False,0.875,"{""inversion_rho"":null,""inversion_channel"":28.0,""period_ms"":16.649961471557617}"
194603,1,2363.8,2363.8,False,1.0,"{""inversion_rho"":null,""inversion_channel"":26.5,""period_ms"":15.700101852416992}"
194603,1,2377.5001,2377.5001,False,1.0,"{""inversion_rho"":null,""inversion_channel"":26.0,""period_ms"":15.700101852416992}"
194603,1,2390.6,2390.6,False,1.0,"{""inversion_rho"":null,""inversion_channel"":25.5,""period_ms"":15.700101852416992}"
194603,1,2410.5,2410.5,False,1.0,"{""inversion_rho"":null,""inversion_channel"":24.5,""period_ms"":15.700101852416992}"
194603,1,2431.9999,2431.9999,False,1.0,"{""inversion_rho"":null,""inversion_channel"":24.5,""period_ms"":15.700101852416992}"
194603,1,2466.0001,2466.0001,False,1.0,"{""inversion_rho"":null,""inversion_channel"":23.5,""period_ms"":15.700101852416992}"
194603,1,2488.8999,2488.8999,False,1.0,"{""inversion_rho"":null,""inversion_channel"":26.0,""period_ms"":15.700101852416992}"
194603,1,2514.6999,2514.6999,False,1.0,"{""inversion_rho"":null,""inversion_channel"":25.5,""period_ms"":15.700101852416992}"
194603,1,2532.3,2532.3,False,0.375,"{""inversion_rho"":null,""inversion_channel"":24.5,""period_ms"":15.700101852416992}"
194603,1,2545.7001,2545.7001,False,1.0,"{""inversion_rho"":null,""inversion_channel"":28.5,""period_ms"":15.700101852416992}"
194603,1,2560.4,2560.4,False,1.0,"{""inversion_rho"":null,""inversion_channel"":26.5,""period_ms"":15.700101852416992}"
194603,1,2574.8,2574.8,False,1.0,"{""inversion_rho"":null,""inversion_channel"":23.0,""period_ms"":15.700101852416992}"
194603,1,2588.1,2588.1,False,1.0,"{""inversion_rho"":null,""inversion_channel"":27.5,""period_ms"":15.700101852416992}"
194603,1,2603.8001,2603.8001,False,1.0,"{""inversion_rho"":null,""inversion_channel"":23.5,""period_ms"":15.700101852416992}"
194603,1,2618.9001,2618.9001,False,1.0,"{""inversion_rho"":null,""inversion_channel"":24.5,""period_ms"":15.700101852416992}"
194603,1,2633.8,2633.8,False,1.0,"{""inversion_rho"":null,""inversion_channel"":24.5,""period_ms"":15.700101852416992}"
194603,1,2650.8,2650.8,False,1.0,"{""inversion_rho"":null,""inversion_channel"":24.5,""period_ms"":15.700101852416992}"
194603,1,2667.7999,2667.7999,False,1.0,"{""inversion_rho"":null,""inversion_channel"":24.5,""period_ms"":15.700101852416992}"
194603,1,2723.0,2723.0,False,1.0,"{""inversion_rho"":null,""inversion_channel"":26.5,""period_ms"":16.000032424926758}"
194603,1,2737.2,2737.2,False,1.0,"{""inversion_rho"":null,""inversion_channel"":28.5,""period_ms"":16.000032424926758}"
194603,1,2752.0001,2752.0001,False,1.0,"{""inversion_rho"":null,""inversion_channel"":24.5,""period_ms"":16.000032424926758}"
194603,1,2767.6001,2767.6001,False,1.0,"{""inversion_rho"":null,""inversion_channel"":26.5,""period_ms"":16.000032424926758}"
194603,1,2780.9,2780.9,False,0.875,"{""inversion_rho"":null,""inversion_channel"":28.0,""period_ms"":16.000032424926758}"
194603,1,2792.5,2792.5,False,1.0,"{""inversion_rho"":null,""inversion_channel"":27.5,""period_ms"":16.000032424926758}"
194603,1,2818.1,2818.1,False,1.0,"{""inversion_rho"":null,""inversion_channel"":26.0,""period_ms"":16.000032424926758}"
194603,1,2843.1001,2843.1001,False,1.0,"{""inversion_rho"":null,""inversion_channel"":24.5,""period_ms"":16.000032424926758}"
194603,1,2862.4001,2862.4001,False,1.0,"{""inversion_rho"":null,""inversion_channel"":25.5,""period_ms"":16.000032424926758}"
194603,1,2882.9999,2882.9999,False,1.0,"{""inversion_rho"":null,""inversion_channel"":23.5,""period_ms"":16.000032424926758}"
194603,1,2914.0999,2914.0999,False,1.0,"{""inversion_rho"":null,""inversion_channel"":24.5,""period_ms"":16.000032424926758}"
194603,1,2938.2,2938.2,False,1.0,"{""inversion_rho"":null,""inversion_channel"":24.5,""period_ms"":16.000032424926758}"
194603,1,2956.3,2956.3,False,1.0,"{""inversion_rho"":null,""inversion_channel"":26.5,""period_ms"":16.000032424926758}"
194603,1,2972.8999,2972.8999,False,1.0,"{""inversion_rho"":null,""inversion_channel"":27.0,""period_ms"":16.000032424926758}"
194603,1,2988.1001,2988.1001,False,1.0,"{""inversion_rho"":null,""inversion_channel"":28.5,""period_ms"":16.000032424926758}"
194603,1,3004.1001,3004.1001,False,1.0,"{""inversion_rho"":null,""inversion_channel"":26.0,""period_ms"":16.000032424926758}"
194603,1,3019.1,3019.1,False,0.5,"{""inversion_rho"":null,""inversion_channel"":27.5,""period_ms"":16.000032424926758}"
194603,1,3031.6999,3031.6999,False,1.0,"{""inversion_rho"":null,""inversion_channel"":24.5,""period_ms"":16.000032424926758}"
194603,1,3073.1001,3073.1001,False,1.0,"{""inversion_rho"":null,""inversion_channel"":25.5,""period_ms"":20.149946212768555}"
194603,1,3099.9,3099.9,False,0.375,"{""inversion_rho"":null,""inversion_channel"":25.5,""period_ms"":20.149946212768555}"
194603,1,3115.0999,3115.0999,False,1.0,"{""inversion_rho"":null,""inversion_channel"":25.5,""period_ms"":20.149946212768555}"
194603,1,3140.1999,3140.1999,False,0.25,"{""inversion_rho"":null,""inversion_channel"":25.0,""period_ms"":20.149946212768555}"
194603,1,3152.2999,3152.2999,False,1.0,"{""inversion_rho"":null,""inversion_channel"":26.5,""period_ms"":20.149946212768555}"
194603,1,3182.8001,3182.8001,False,1.0,"{""inversion_rho"":null,""inversion_channel"":25.5,""period_ms"":17.499923706054688}"
194603,1,3213.5,3213.5,False,1.0,"{""inversion_rho"":null,""inversion_channel"":26.5,""period_ms"":17.499923706054688}"
194603,1,3236.5,3236.5,False,0.625,"{""inversion_rho"":null,""inversion_channel"":28.5,""period_ms"":17.499923706054688}"
194603,1,3253.7,3253.7,False,0.25,"{""inversion_rho"":null,""inversion_channel"":27.5,""period_ms"":17.499923706054688}"
194603,1,3266.9001,3266.9001,False,1.0,"{""inversion_rho"":null,""inversion_channel"":24.5,""period_ms"":17.499923706054688}"
194603,1,3297.9,3297.9,False,1.0,"{""inversion_rho"":null,""inversion_channel"":25.5,""period_ms"":17.499923706054688}"
194603,1,3319.4001,3319.4001,False,1.0,"{""inversion_rho"":null,""inversion_channel"":24.5,""period_ms"":17.499923706054688}"
194603,1,3336.2,3336.2,False,1.0,"{""inversion_rho"":null,""inversion_channel"":27.5,""period_ms"":17.499923706054688}"
194603,1,3353.8001,3353.8001,False,1.0,"{""inversion_rho"":null,""inversion_channel"":28.5,""period_ms"":17.499923706054688}"
194603,1,3371.0999,3371.0999,False,0.25,"{""inversion_rho"":null,""inversion_channel"":26.5,""period_ms"":17.499923706054688}"
194603,1,3388.2,3388.2,False,1.0,"{""inversion_rho"":null,""inversion_channel"":27.5,""period_ms"":17.499923706054688}"
194603,1,3404.7999,3404.7999,False,1.0,"{""inversion_rho"":null,""inversion_channel"":30.5,""period_ms"":17.499923706054688}"
194603,1,3420.9001,3420.9001,False,0.75,"{""inversion_rho"":null,""inversion_channel"":30.0,""period_ms"":17.499923706054688}"
194603,1,3431.2999,3431.2999,False,1.0,"{""inversion_rho"":null,""inversion_channel"":26.5,""period_ms"":17.499923706054688}"
194603,1,3442.8,3442.8,False,0.25,"{""inversion_rho"":null,""inversion_channel"":20.5,""period_ms"":17.499923706054688}"
194603,1,3453.5999,3453.5999,False,1.0,"{""inversion_rho"":null,""inversion_channel"":26.5,""period_ms"":17.499923706054688}"
194603,1,3470.0,3470.0,False,1.0,"{""inversion_rho"":null,""inversion_channel"":27.5,""period_ms"":17.499923706054688}"
194603,1,3486.3999,3486.3999,False,0.75,"{""inversion_rho"":null,""inversion_channel"":27.5,""period_ms"":17.499923706054688}"
194603,1,3503.3,3503.3,False,1.0,"{""inversion_rho"":null,""inversion_channel"":27.5,""period_ms"":17.499923706054688}"
194603,1,3520.7,3520.7,False,1.0,"{""inversion_rho"":null,""inversion_channel"":28.5,""period_ms"":17.499923706054688}"
194603,1,3538.1999,3538.1999,False,1.0,"{""inversion_rho"":null,""inversion_channel"":27.5,""period_ms"":17.499923706054688}"
194603,1,3556.2999,3556.2999,False,1.0,"{""inversion_rho"":null,""inversion_channel"":27.5,""period_ms"":17.499923706054688}"
194603,1,3572.5,3572.5,False,0.375,"{""inversion_rho"":null,""inversion_channel"":28.5,""period_ms"":17.499923706054688}"
194603,1,3581.8999,3581.8999,False,1.0,"{""inversion_rho"":null,""inversion_channel"":27.0,""period_ms"":17.499923706054688}"
194603,1,3603.8001,3603.8001,False,1.0,"{""inversion_rho"":null,""inversion_channel"":24.5,""period_ms"":17.499923706054688}"
194603,1,3619.6001,3619.6001,False,0.875,"{""inversion_rho"":null,""inversion_channel"":28.5,""period_ms"":17.499923706054688}"
194603,1,3636.2,3636.2,False,1.0,"{""inversion_rho"":null,""inversion_channel"":26.5,""period_ms"":17.499923706054688}"
194603,1,3652.9,3652.9,False,1.0,"{""inversion_rho"":null,""inversion_channel"":25.5,""period_ms"":17.499923706054688}"
194603,1,3670.5999,3670.5999,False,1.0,"{""inversion_rho"":null,""inversion_channel"":27.5,""period_ms"":17.499923706054688}"
194603,1,3688.4999,3688.4999,False,1.0,"{""inversion_rho"":null,""inversion_channel"":27.5,""period_ms"":17.499923706054688}"
194603,1,3705.3001,3705.3001,False,0.5,"{""inversion_rho"":null,""inversion_channel"":28.5,""period_ms"":17.499923706054688}"
194603,1,3715.4,3715.4,False,1.0,"{""inversion_rho"":null,""inversion_channel"":26.5,""period_ms"":17.499923706054688}"
194603,1,3738.5001,3738.5001,False,1.0,"{""inversion_rho"":null,""inversion_channel"":27.5,""period_ms"":17.499923706054688}"
194603,1,3773.0,3773.0,False,1.0,"{""inversion_rho"":null,""inversion_channel"":27.5,""period_ms"":17.499923706054688}"
194603,1,3791.5001,3791.5001,False,1.0,"{""inversion_rho"":null,""inversion_channel"":27.5,""period_ms"":17.499923706054688}"
194603,1,3809.2999,3809.2999,False,1.0,"{""inversion_rho"":null,""inversion_channel"":26.5,""period_ms"":17.499923706054688}"
194603,1,3827.4,3827.4,False,1.0,"{""inversion_rho"":null,""inversion_channel"":26.5,""period_ms"":17.499923706054688}"
194603,1,3844.8999,3844.8999,False,0.875,"{""inversion_rho"":null,""inversion_channel"":27.5,""period_ms"":17.499923706054688}"
194603,1,3862.2,3862.2,False,1.0,"{""inversion_rho"":null,""inversion_channel"":27.5,""period_ms"":17.499923706054688}"
194603,1,3879.2,3879.2,False,0.5,"{""inversion_rho"":null,""inversion_channel"":27.5,""period_ms"":17.499923706054688}"
194603,1,3890.5001,3890.5001,False,1.0,"{""inversion_rho"":null,""inversion_channel"":27.5,""period_ms"":17.499923706054688}"
194603,1,3914.2001,3914.2001,False,1.0,"{""inversion_rho"":null,""inversion_channel"":27.5,""period_ms"":17.499923706054688}"
194603,1,3932.6999,3932.6999,False,1.0,"{""inversion_rho"":null,""inversion_channel"":27.5,""period_ms"":17.499923706054688}"
194603,1,3949.1,3949.1,False,0.25,"{""inversion_rho"":null,""inversion_channel"":29.5,""period_ms"":17.499923706054688}"
194603,1,3958.3001,3958.3001,False,1.0,"{""inversion_rho"":null,""inversion_channel"":27.5,""period_ms"":17.499923706054688}"
194603,1,3979.7001,3979.7001,False,1.0,"{""inversion_rho"":null,""inversion_channel"":26.0,""period_ms"":17.499923706054688}"
194603,1,3996.3,3996.3,False,1.0,"{""inversion_rho"":null,""inversion_channel"":27.5,""period_ms"":17.499923706054688}"
194603,1,4014.6999,4014.6999,False,1.0,"{""inversion_rho"":null,""inversion_channel"":26.5,""period_ms"":17.499923706054688}"
194603,1,4032.4001,4032.4001,False,1.0,"{""inversion_rho"":null,""inversion_channel"":26.5,""period_ms"":17.499923706054688}"
194603,1,4049.6998,4049.6998,False,1.0,"{""inversion_rho"":null,""inversion_channel"":27.5,""period_ms"":17.499923706054688}"
194603,1,4067.8,4067.8,False,1.0,"{""inversion_rho"":null,""inversion_channel"":27.5,""period_ms"":17.499923706054688}"
194603,1,4086.8001,4086.8001,False,1.0,"{""inversion_rho"":null,""inversion_channel"":27.5,""period_ms"":17.499923706054688}"
194603,1,4105.5002,4105.5002,False,1.0,"{""inversion_rho"":null,""inversion_channel"":27.5,""period_ms"":17.499923706054688}"
194603,1,4123.4002,4123.4002,False,1.0,"{""inversion_rho"":null,""inversion_channel"":27.0,""period_ms"":17.499923706054688}"
194603,1,4141.3999,4141.3999,False,0.25,"{""inversion_rho"":null,""inversion_channel"":31.5,""period_ms"":17.499923706054688}"
194603,1,4159.2002,4159.2002,False,1.0,"{""inversion_rho"":null,""inversion_channel"":28.5,""period_ms"":17.499923706054688}"
194603,1,4177.3,4177.3,False,1.0,"{""inversion_rho"":null,""inversion_channel"":26.5,""period_ms"":17.499923706054688}"
194603,1,4195.0002,4195.0002,False,1.0,"{""inversion_rho"":null,""inversion_channel"":27.5,""period_ms"":17.499923706054688}"
194603,1,4207.3998,4207.3998,False,1.0,"{""inversion_rho"":null,""inversion_channel"":27.5,""period_ms"":17.499923706054688}"
194603,1,4232.1,4232.1,False,1.0,"{""inversion_rho"":null,""inversion_channel"":27.5,""period_ms"":17.499923706054688}"
194603,1,4250.8998,4250.8998,False,1.0,"{""inversion_rho"":null,""inversion_channel"":27.5,""period_ms"":17.499923706054688}"
194603,1,4269.8998,4269.8998,False,1.0,"{""inversion_rho"":null,""inversion_channel"":27.5,""period_ms"":17.499923706054688}"
194603,1,4286.9,4286.9,False,0.625,"{""inversion_rho"":null,""inversion_channel"":27.5,""period_ms"":17.499923706054688}"
194603,1,4297.1001,4297.1001,False,1.0,"{""inversion_rho"":null,""inversion_channel"":27.5,""period_ms"":17.499923706054688}"
194603,1,4318.3999,4318.3999,False,0.75,"{""inversion_rho"":null,""inversion_channel"":26.0,""period_ms"":17.499923706054688}"
194603,1,4334.3,4334.3,False,1.0,"{""inversion_rho"":null,""inversion_channel"":28.5,""period_ms"":17.499923706054688}"
194603,1,4353.7002,4353.7002,False,1.0,"{""inversion_rho"":null,""inversion_channel"":29.5,""period_ms"":17.499923706054688}"
194603,1,4371.0999,4371.0999,False,1.0,"{""inversion_rho"":null,""inversion_channel"":20.5,""period_ms"":17.499923706054688}"
194603,1,4376.8001,4376.8001,False,0.625,"{""inversion_rho"":null,""inversion_channel"":20.5,""period_ms"":5.899906158447266}"
194603,1,4382.8001,4382.8001,False,0.625,"{""inversion_rho"":null,""inversion_channel"":17.5,""period_ms"":5.899906158447266}"
194603,1,4388.2999,4388.2999,False,0.25,"{""inversion_rho"":null,""inversion_channel"":16.5,""period_ms"":5.899906158447266}"
194603,1,4394.1998,4394.1998,False,0.375,"{""inversion_rho"":null,""inversion_channel"":9.0,""period_ms"":5.899906158447266}"
194603,1,4424.6001,4424.6001,False,0.375,"{""inversion_rho"":null,""inversion_channel"":36.5,""period_ms"":null}"
194603,1,105.4,160.1,True,1.0,"{""inversion_rho"":null,""inversion_channel"":11.5,""period_ms"":27.34999731183052}"
194603,1,501.2,1841.0,True,1.0,"{""inversion_rho"":null,""inversion_channel"":26.0,""period_ms"":17.300009727478027}"
194603,1,1848.7999,2304.6,True,1.0,"{""inversion_rho"":null,""inversion_channel"":27.5,""period_ms"":16.649961471557617}"
194603,1,2363.8,2667.7999,True,1.0,"{""inversion_rho"":null,""inversion_channel"":24.5,""period_ms"":15.700101852416992}"
194603,1,2723.0,3031.6999,True,1.0,"{""inversion_rho"":null,""inversion_channel"":26.25,""period_ms"":16.000032424926758}"
194603,1,3073.1001,3152.2999,True,1.0,"{""inversion_rho"":null,""inversion_channel"":25.5,""period_ms"":20.149946212768555}"
194603,1,3182.8001,4371.0999,True,1.0,"{""inversion_rho"":null,""inversion_channel"":27.5,""period_ms"":17.499923706054688}"
194603,1,4376.8001,4394.1998,True,1.0,"{""inversion_rho"":null,""inversion_channel"":17.0,""period_ms"":5.899906158447266}"
194605,1,77.1,77.1,False,0.25,"{""inversion_rho"":null,""inversion_channel"":4.5,""period_ms"":null}"
194605,1,82.9,82.9,False,0.375,"{""inversion_rho"":null,""inversion_channel"":18.5,""period_ms"":null}"
194605,1,99.6,99.6,False,1.0,"{""inversion_rho"":null,""inversion_channel"":7.5,""period_ms"":null}"
194605,1,654.8,654.8,False,0.875,"{""inversion_rho"":null,""inversion_channel"":20.0,""period_ms"":16.899824142456055}"
194605,1,670.3,670.3,False,0.375,"{""inversion_rho"":null,""inversion_channel"":19.0,""period_ms"":16.899824142456055}"
194605,1,694.0,694.0,False,1.0,"{""inversion_rho"":null,""inversion_channel"":31.5,""period_ms"":16.899824142456055}"
194605,1,716.9,716.9,False,0.25,"{""inversion_rho"":null,""inversion_channel"":32.5,""period_ms"":16.899824142456055}"
194605,1,741.8,741.8,False,1.0,"{""inversion_rho"":null,""inversion_channel"":11.0,""period_ms"":16.899824142456055}"
194605,1,765.1,765.1,False,1.0,"{""inversion_rho"":null,""inversion_channel"":10.0,""period_ms"":16.899824142456055}"
194605,1,786.7,786.7,False,1.0,"{""inversion_rho"":null,""inversion_channel"":11.5,""period_ms"":16.899824142456055}"
194605,1,807.7,807.7,False,1.0,"{""inversion_rho"":null,""inversion_channel"":11.5,""period_ms"":16.899824142456055}"
194605,1,827.9,827.9,False,1.0,"{""inversion_rho"":null,""inversion_channel"":10.5,""period_ms"":16.899824142456055}"
194605,1,847.2,847.2,False,1.0,"{""inversion_rho"":null,""inversion_channel"":10.0,""period_ms"":16.899824142456055}"
194605,1,866.1,866.1,False,1.0,"{""inversion_rho"":null,""inversion_channel"":10.0,""period_ms"":16.899824142456055}"
194605,1,885.3,885.3,False,1.0,"{""inversion_rho"":null,""inversion_channel"":10.5,""period_ms"":16.899824142456055}"
194605,1,901.0,901.0,False,1.0,"{""inversion_rho"":null,""inversion_channel"":8.0,""period_ms"":16.899824142456055}"
194605,1,914.9,914.9,False,1.0,"{""inversion_rho"":null,""inversion_channel"":10.5,""period_ms"":16.899824142456055}"
194605,1,940.2,940.2,False,1.0,"{""inversion_rho"":null,""inversion_channel"":10.0,""period_ms"":16.899824142456055}"
194605,1,959.0,959.0,False,1.0,"{""inversion_rho"":null,""inversion_channel"":9.5,""period_ms"":16.899824142456055}"
194605,1,977.4,977.4,False,1.0,"{""inversion_rho"":null,""inversion_channel"":9.5,""period_ms"":16.899824142456055}"
194605,1,996.7,996.7,False,1.0,"{""inversion_rho"":null,""inversion_channel"":9.5,""period_ms"":16.899824142456055}"
194605,1,1016.4,1016.4,False,1.0,"{""inversion_rho"":null,""inversion_channel"":10.5,""period_ms"":16.899824142456055}"
194605,1,1035.5999,1035.5999,False,1.0,"{""inversion_rho"":null,""inversion_channel"":10.5,""period_ms"":16.899824142456055}"
194605,1,1055.5,1055.5,False,1.0,"{""inversion_rho"":null,""inversion_channel"":10.5,""period_ms"":16.899824142456055}"
194605,1,1075.2,1075.2,False,1.0,"{""inversion_rho"":null,""inversion_channel"":9.0,""period_ms"":16.899824142456055}"
194605,1,1094.2,1094.2,False,1.0,"{""inversion_rho"":null,""inversion_channel"":9.5,""period_ms"":16.899824142456055}"
194605,1,1113.3,1113.3,False,1.0,"{""inversion_rho"":null,""inversion_channel"":9.5,""period_ms"":16.899824142456055}"
194605,1,1132.1,1132.1,False,1.0,"{""inversion_rho"":null,""inversion_channel"":9.5,""period_ms"":16.899824142456055}"
194605,1,1150.5001,1150.5001,False,1.0,"{""inversion_rho"":null,""inversion_channel"":10.0,""period_ms"":16.899824142456055}"
194605,1,1167.9,1167.9,False,1.0,"{""inversion_rho"":null,""inversion_channel"":9.5,""period_ms"":16.899824142456055}"
194605,1,1186.1,1186.1,False,1.0,"{""inversion_rho"":null,""inversion_channel"":10.5,""period_ms"":16.899824142456055}"
194605,1,1203.9,1203.9,False,1.0,"{""inversion_rho"":null,""inversion_channel"":10.0,""period_ms"":16.899824142456055}"
194605,1,1222.7,1222.7,False,1.0,"{""inversion_rho"":null,""inversion_channel"":10.5,""period_ms"":16.899824142456055}"
194605,1,1240.4,1240.4,False,1.0,"{""inversion_rho"":null,""inversion_channel"":9.5,""period_ms"":16.899824142456055}"
194605,1,1257.5999,1257.5999,False,1.0,"{""inversion_rho"":null,""inversion_channel"":10.5,""period_ms"":16.899824142456055}"
194605,1,1276.6,1276.6,False,1.0,"{""inversion_rho"":null,""inversion_channel"":10.5,""period_ms"":16.899824142456055}"
194605,1,1294.3,1294.3,False,1.0,"{""inversion_rho"":null,""inversion_channel"":8.5,""period_ms"":16.899824142456055}"
194605,1,1313.4,1313.4,False,1.0,"{""inversion_rho"":null,""inversion_channel"":9.5,""period_ms"":16.899824142456055}"
194605,1,1332.6,1332.6,False,1.0,"{""inversion_rho"":null,""inversion_channel"":10.5,""period_ms"":16.899824142456055}"
194605,1,1351.9,1351.9,False,1.0,"{""inversion_rho"":null,""inversion_channel"":11.0,""period_ms"":16.899824142456055}"
194605,1,1370.3001,1370.3001,False,1.0,"{""inversion_rho"":null,""inversion_channel"":10.5,""period_ms"":16.899824142456055}"
194605,1,1389.4,1389.4,False,1.0,"{""inversion_rho"":null,""inversion_channel"":10.5,""period_ms"":16.899824142456055}"
194605,1,1408.2,1408.2,False,1.0,"{""inversion_rho"":null,""inversion_channel"":9.5,""period_ms"":16.899824142456055}"
194605,1,1425.6001,1425.6001,False,1.0,"{""inversion_rho"":null,""inversion_channel"":9.5,""period_ms"":16.899824142456055}"
194605,1,1443.1,1443.1,False,1.0,"{""inversion_rho"":null,""inversion_channel"":11.0,""period_ms"":16.899824142456055}"
194605,1,1459.3,1459.3,False,1.0,"{""inversion_rho"":null,""inversion_channel"":36.5,""period_ms"":16.899824142456055}"
194605,1,1475.5,1475.5,False,1.0,"{""inversion_rho"":null,""inversion_channel"":9.5,""period_ms"":16.899824142456055}"
194605,1,1491.4,1491.4,False,1.0,"{""inversion_rho"":null,""inversion_channel"":11.5,""period_ms"":16.899824142456055}"
194605,1,1508.0,1508.0,False,1.0,"{""inversion_rho"":null,""inversion_channel"":10.0,""period_ms"":16.899824142456055}"
194605,1,1525.7,1525.7,False,1.0,"{""inversion_rho"":null,""inversion_channel"":10.0,""period_ms"":16.899824142456055}"
194605,1,1543.0,1543.0,False,1.0,"{""inversion_rho"":null,""inversion_channel"":8.5,""period_ms"":16.899824142456055}"
194605,1,1560.5,1560.5,False,1.0,"{""inversion_rho"":null,""inversion_channel"":10.5,""period_ms"":16.899824142456055}"
194605,1,1577.6,1577.6,False,1.0,"{""inversion_rho"":null,""inversion_channel"":10.5,""period_ms"":16.899824142456055}"
194605,1,1593.5,1593.5,False,0.75,"{""inversion_rho"":null,""inversion_channel"":36.5,""period_ms"":16.899824142456055}"
194605,1,1610.5,1610.5,False,0.625,"{""inversion_rho"":null,""inversion_channel"":36.5,""period_ms"":16.899824142456055}"
194605,1,1626.7,1626.7,False,1.0,"{""inversion_rho"":null,""inversion_channel"":12.0,""period_ms"":16.899824142456055}"
194605,1,1642.0,1642.0,False,0.5,"{""inversion_rho"":null,""inversion_channel"":33.0,""period_ms"":16.899824142456055}"
194605,1,1657.5,1657.5,False,0.5,"{""inversion_rho"":null,""inversion_channel"":39.0,""period_ms"":16.899824142456055}"
194605,1,1673.4999,1673.4999,False,1.0,"{""inversion_rho"":null,""inversion_channel"":37.0,""period_ms"":16.899824142456055}"
194605,1,1690.4,1690.4,False,1.0,"{""inversion_rho"":null,""inversion_channel"":9.0,""period_ms"":16.899824142456055}"
194605,1,1707.8,1707.8,False,1.0,"{""inversion_rho"":null,""inversion_channel"":10.5,""period_ms"":16.899824142456055}"
194605,1,1724.1,1724.1,False,1.0,"{""inversion_rho"":null,""inversion_channel"":38.5,""period_ms"":16.899824142456055}"
194605,1,1740.3001,1740.3001,False,1.0,"{""inversion_rho"":null,""inversion_channel"":11.5,""period_ms"":16.899824142456055}"
194605,1,1756.6,1756.6,False,1.0,"{""inversion_rho"":null,""inversion_channel"":10.5,""period_ms"":16.899824142456055}"
194605,1,1773.1,1773.1,False,1.0,"{""inversion_rho"":null,""inversion_channel"":36.5,""period_ms"":16.899824142456055}"
194605,1,1789.7,1789.7,False,1.0,"{""inversion_rho"":null,""inversion_channel"":10.5,""period_ms"":16.899824142456055}"
194605,1,1806.3999,1806.3999,False,1.0,"{""inversion_rho"":null,""inversion_channel"":10.0,""period_ms"":16.899824142456055}"
194605,1,1823.8,1823.8,False,1.0,"{""inversion_rho"":null,""inversion_channel"":10.5,""period_ms"":16.899824142456055}"
194605,1,1840.8999,1840.8999,False,1.0,"{""inversion_rho"":null,""inversion_channel"":9.5,""period_ms"":16.899824142456055}"
194605,1,1857.6,1857.6,False,1.0,"{""inversion_rho"":null,""inversion_channel"":9.0,""period_ms"":16.899824142456055}"
194605,1,1873.9001,1873.9001,False,1.0,"{""inversion_rho"":null,""inversion_channel"":36.5,""period_ms"":16.899824142456055}"
194605,1,1883.8,1883.8,False,1.0,"{""inversion_rho"":null,""inversion_channel"":11.5,""period_ms"":16.899824142456055}"
194605,1,1904.7,1904.7,False,1.0,"{""inversion_rho"":null,""inversion_channel"":36.5,""period_ms"":16.899824142456055}"
194605,1,1920.0,1920.0,False,1.0,"{""inversion_rho"":null,""inversion_channel"":36.5,""period_ms"":16.899824142456055}"
194605,1,1937.3,1937.3,False,1.0,"{""inversion_rho"":null,""inversion_channel"":10.0,""period_ms"":16.899824142456055}"
194605,1,1954.3999,1954.3999,False,0.75,"{""inversion_rho"":null,""inversion_channel"":36.5,""period_ms"":16.899824142456055}"
194605,1,1971.4,1971.4,False,1.0,"{""inversion_rho"":null,""inversion_channel"":36.5,""period_ms"":16.899824142456055}"
194605,1,1980.7,1980.7,False,1.0,"{""inversion_rho"":null,""inversion_channel"":11.5,""period_ms"":16.899824142456055}"
194605,1,2002.8999,2002.8999,False,1.0,"{""inversion_rho"":null,""inversion_channel"":10.5,""period_ms"":16.899824142456055}"
194605,1,2019.0001,2019.0001,False,1.0,"{""inversion_rho"":null,""inversion_channel"":11.5,""period_ms"":16.899824142456055}"
194605,1,2033.9999,2033.9999,False,1.0,"{""inversion_rho"":null,""inversion_channel"":11.5,""period_ms"":16.899824142456055}"
194605,1,2049.5,2049.5,False,1.0,"{""inversion_rho"":null,""inversion_channel"":10.5,""period_ms"":16.899824142456055}"
194605,1,2063.2999,2063.2999,False,1.0,"{""inversion_rho"":null,""inversion_channel"":10.0,""period_ms"":16.899824142456055}"
194605,1,2074.1,2074.1,False,1.0,"{""inversion_rho"":null,""inversion_channel"":37.5,""period_ms"":16.899824142456055}"
194605,1,2082.5,2082.5,False,1.0,"{""inversion_rho"":null,""inversion_channel"":39.0,""period_ms"":16.899824142456055}"
194605,1,2090.3001,2090.3001,False,1.0,"{""inversion_rho"":null,""inversion_channel"":37.5,""period_ms"":16.899824142456055}"
194605,1,2097.8,2097.8,False,1.0,"{""inversion_rho"":null,""inversion_channel"":39.0,""period_ms"":16.899824142456055}"
194605,1,2104.1,2104.1,False,1.0,"{""inversion_rho"":null,""inversion_channel"":37.5,""period_ms"":16.899824142456055}"
194605,1,2109.4,2109.4,False,0.375,"{""inversion_rho"":null,""inversion_channel"":34.0,""period_ms"":16.899824142456055}"
194605,1,2114.5999,2114.5999,False,0.625,"{""inversion_rho"":null,""inversion_channel"":35.5,""period_ms"":16.899824142456055}"
194605,1,2123.5001,2123.5001,False,0.375,"{""inversion_rho"":null,""inversion_channel"":10.5,""period_ms"":16.899824142456055}"
194605,1,2132.6001,2132.6001,False,1.0,"{""inversion_rho"":null,""inversion_channel"":14.0,""period_ms"":16.899824142456055}"
194605,1,2138.4001,2138.4001,False,1.0,"{""inversion_rho"":null,""inversion_channel"":10.5,""period_ms"":16.899824142456055}"
194605,1,2144.5,2144.5,False,0.75,"{""inversion_rho"":null,""inversion_channel"":10.5,""period_ms"":16.899824142456055}"
194605,1,2151.3,2151.3,False,1.0,"{""inversion_rho"":null,""inversion_channel"":13.5,""period_ms"":16.899824142456055}"
194605,1,2157.9001,2157.9001,False,1.0,"{""inversion_rho"":null,""inversion_channel"":15.0,""period_ms"":16.899824142456055}"
194605,1,2164.2001,2164.2001,False,1.0,"{""inversion_rho"":null,""inversion_channel"":10.0,""period_ms"":16.899824142456055}"
194605,1,2171.0,2171.0,False,1.0,"{""inversion_rho"":null,""inversion_channel"":14.0,""period_ms"":16.899824142456055}"
194605,1,2178.2,2178.2,False,1.0,"{""inversion_rho"":null,""inversion_channel"":8.5,""period_ms"":16.899824142456055}"
194605,1,2187.9001,2187.9001,False,1.0,"{""inversion_rho"":null,""inversion_channel"":10.0,""period_ms"":16.899824142456055}"
194605,1,2196.1,2196.1,False,1.0,"{""inversion_rho"":null,""inversion_channel"":10.5,""period_ms"":16.899824142456055}"
194605,1,2203.2001,2203.2001,False,1.0,"{""inversion_rho"":null,""inversion_channel"":12.0,""period_ms"":16.899824142456055}"
194605,1,2210.9001,2210.9001,False,1.0,"{""inversion_rho"":null,""inversion_channel"":9.5,""period_ms"":16.899824142456055}"
194605,1,2220.4001,2220.4001,False,1.0,"{""inversion_rho"":null,""inversion_channel"":12.5,""period_ms"":16.899824142456055}"
194605,1,2231.3001,2231.3001,False,1.0,"{""inversion_rho"":null,""inversion_channel"":9.5,""period_ms"":16.899824142456055}"
194605,1,2240.6001,2240.6001,False,1.0,"{""inversion_rho"":null,""inversion_channel"":16.5,""period_ms"":16.899824142456055}"
194605,1,2251.6999,2251.6999,False,1.0,"{""inversion_rho"":null,""inversion_channel"":11.0,""period_ms"":16.899824142456055}"
194605,1,2264.9,2264.9,False,1.0,"{""inversion_rho"":null,""inversion_channel"":11.0,""period_ms"":16.899824142456055}"
194605,1,2278.3,2278.3,False,1.0,"{""inversion_rho"":null,""inversion_channel"":11.5,""period_ms"":16.899824142456055}"
194605,1,2290.4,2290.4,False,0.75,"{""inversion_rho"":null,""inversion_channel"":9.5,""period_ms"":16.899824142456055}"
194605,1,2303.4,2303.4,False,0.875,"{""inversion_rho"":null,""inversion_channel"":36.5,""period_ms"":16.899824142456055}"
194605,1,2311.8999,2311.8999,False,1.0,"{""inversion_rho"":null,""inversion_channel"":10.5,""period_ms"":16.899824142456055}"
194605,1,2329.0,2329.0,False,0.5,"{""inversion_rho"":null,""inversion_channel"":36.0,""period_ms"":16.899824142456055}"
194605,1,2344.8,2344.8,False,1.0,"{""inversion_rho"":null,""inversion_channel"":10.5,""period_ms"":16.899824142456055}"
194605,1,2359.4999,2359.4999,False,1.0,"{""inversion_rho"":null,""inversion_channel"":10.0,""period_ms"":16.899824142456055}"
194605,1,2374.1,2374.1,False,1.0,"{""inversion_rho"":null,""inversion_channel"":9.5,""period_ms"":16.899824142456055}"
194605,1,2388.0,2388.0,False,1.0,"{""inversion_rho"":null,""inversion_channel"":36.5,""period_ms"":16.899824142456055}"
194605,1,2397.8,2397.8,False,1.0,"{""inversion_rho"":null,""inversion_channel"":10.5,""period_ms"":16.899824142456055}"
194605,1,2415.8001,2415.8001,False,1.0,"{""inversion_rho"":null,""inversion_channel"":10.5,""period_ms"":16.899824142456055}"
194605,1,2428.4,2428.4,False,0.5,"{""inversion_rho"":null,""inversion_channel"":36.5,""period_ms"":16.899824142456055}"
194605,1,2442.3001,2442.3001,False,1.0,"{""inversion_rho"":null,""inversion_channel"":35.5,""period_ms"":16.899824142456055}"
194605,1,2457.0,2457.0,False,1.0,"{""inversion_rho"":null,""inversion_channel"":9.0,""period_ms"":16.899824142456055}"
194605,1,2472.5001,2472.5001,False,1.0,"{""inversion_rho"":null,""inversion_channel"":10.0,""period_ms"":16.899824142456055}"
194605,1,2489.3999,2489.3999,False,1.0,"{""inversion_rho"":null,""inversion_channel"":11.5,""period_ms"":16.899824142456055}"
194605,1,2502.7001,2502.7001,False,0.375,"{""inversion_rho"":null,""inversion_channel"":9.0,""period_ms"":16.899824142456055}"
194605,1,2515.7001,2515.7001,False,1.0,"{""inversion_rho"":null,""inversion_channel"":35.5,""period_ms"":16.899824142456055}"
194605,1,2529.2001,2529.2001,False,1.0,"{""inversion_rho"":null,""inversion_channel"":35.5,""period_ms"":16.899824142456055}"
194605,1,2539.7999,2539.7999,False,1.0,"{""inversion_rho"":null,""inversion_channel"":10.5,""period_ms"":16.899824142456055}"
194605,1,2558.1999,2558.1999,False,0.625,"{""inversion_rho"":null,""inversion_channel"":11.5,""period_ms"":16.899824142456055}"
194605,1,2572.7,2572.7,False,0.5,"{""inversion_rho"":null,""inversion_channel"":7.0,""period_ms"":16.899824142456055}"
194605,1,2586.4999,2586.4999,False,1.0,"{""inversion_rho"":null,""inversion_channel"":11.5,""period_ms"":16.899824142456055}"
194605,1,2611.3,2611.3,False,1.0,"{""inversion_rho"":null,""inversion_channel"":11.5,""period_ms"":16.899824142456055}"
194605,1,2625.9999,2625.9999,False,0.25,"{""inversion_rho"":null,""inversion_channel"":38.0,""period_ms"":16.899824142456055}"
194605,1,2640.0001,2640.0001,False,0.625,"{""inversion_rho"":null,""inversion_channel"":36.5,""period_ms"":16.899824142456055}"
194605,1,2651.5,2651.5,False,1.0,"{""inversion_rho"":null,""inversion_channel"":10.5,""period_ms"":16.899824142456055}"
194605,1,2670.0001,2670.0001,False,0.25,"{""inversion_rho"":null,""inversion_channel"":9.5,""period_ms"":16.899824142456055}"
194605,1,2680.5,2680.5,False,1.0,"{""inversion_rho"":null,""inversion_channel"":10.5,""period_ms"":16.899824142456055}"
194605,1,2699.3999,2699.3999,False,1.0,"{""inversion_rho"":null,""inversion_channel"":35.5,""period_ms"":16.899824142456055}"
194605,1,2713.3999,2713.3999,False,0.375,"{""inversion_rho"":null,""inversion_channel"":34.0,""period_ms"":16.899824142456055}"
194605,1,2732.5001,2732.5001,False,0.25,"{""inversion_rho"":null,""inversion_channel"":38.5,""period_ms"":16.899824142456055}"
194605,1,2742.8,2742.8,False,1.0,"{""inversion_rho"":null,""inversion_channel"":10.5,""period_ms"":16.899824142456055}"
194605,1,2763.2,2763.2,False,1.0,"{""inversion_rho"":null,""inversion_channel"":13.5,""period_ms"":16.899824142456055}"
194605,1,2778.1999,2778.1999,False,1.0,"{""inversion_rho"":null,""inversion_channel"":10.0,""period_ms"":16.899824142456055}"
194605,1,2793.0,2793.0,False,1.0,"{""inversion_rho"":null,""inversion_channel"":35.5,""period_ms"":16.899824142456055}"
194605,1,2808.5001,2808.5001,False,1.0,"{""inversion_rho"":null,""inversion_channel"":11.0,""period_ms"":16.899824142456055}"
194605,1,2831.6,2831.6,False,0.625,"{""inversion_rho"":null,""inversion_channel"":10.0,""period_ms"":16.899824142456055}"
194605,1,2850.4,2850.4,False,0.625,"{""inversion_rho"":null,""inversion_channel"":9.0,""period_ms"":16.899824142456055}"
194605,1,2864.7001,2864.7001,False,1.0,"{""inversion_rho"":null,""inversion_channel"":10.5,""period_ms"":16.899824142456055}"
194605,1,2887.5999,2887.5999,False,0.875,"{""inversion_rho"":null,""inversion_channel"":35.5,""period_ms"":16.899824142456055}"
194605,1,2906.8,2906.8,False,1.0,"{""inversion_rho"":null,""inversion_channel"":10.0,""period_ms"":16.899824142456055}"
194605,1,2933.3999,2933.3999,False,1.0,"{""inversion_rho"":null,""inversion_channel"":10.5,""period_ms"":16.899824142456055}"
194605,1,2955.1001,2955.1001,False,0.25,"{""inversion_rho"":null,""inversion_channel"":35.5,""period_ms"":16.899824142456055}"
194605,1,2972.4,2972.4,False,1.0,"{""inversion_rho"":null,""inversion_channel"":10.0,""period_ms"":16.899824142456055}"
194605,1,2987.4001,2987.4001,False,1.0,"{""inversion_rho"":null,""inversion_channel"":36.5,""period_ms"":16.899824142456055}"
194605,1,3003.0999,3003.0999,False,1.0,"{""inversion_rho"":null,""inversion_channel"":10.5,""period_ms"":16.899824142456055}"
194605,1,3037.2,3037.2,False,1.0,"{""inversion_rho"":null,""inversion_channel"":12.0,""period_ms"":16.899824142456055}"
194605,1,3060.3001,3060.3001,False,1.0,"{""inversion_rho"":null,""inversion_channel"":11.5,""period_ms"":16.899824142456055}"
194605,1,3077.5001,3077.5001,False,0.875,"{""inversion_rho"":null,""inversion_channel"":36.5,""period_ms"":16.899824142456055}"
194605,1,3092.0,3092.0,False,1.0,"{""inversion_rho"":null,""inversion_channel"":12.0,""period_ms"":16.899824142456055}"
194605,1,3116.3001,3116.3001,False,1.0,"{""inversion_rho"":null,""inversion_channel"":9.5,""period_ms"":16.899824142456055}"
194605,1,3129.6999,3129.6999,False,1.0,"{""inversion_rho"":null,""inversion_channel"":11.5,""period_ms"":16.899824142456055}"
194605,1,3153.8,3153.8,False,1.0,"{""inversion_rho"":null,""inversion_channel"":9.5,""period_ms"":16.899824142456055}"
194605,1,3170.8,3170.8,False,1.0,"{""inversion_rho"":null,""inversion_channel"":12.0,""period_ms"":16.899824142456055}"
194605,1,3198.6001,3198.6001,False,1.0,"{""inversion_rho"":null,""inversion_channel"":36.5,""period_ms"":16.899824142456055}"
194605,1,3216.7001,3216.7001,False,1.0,"{""inversion_rho"":null,""inversion_channel"":12.5,""period_ms"":16.899824142456055}"
194605,1,3243.0999,3243.0999,False,1.0,"{""inversion_rho"":null,""inversion_channel"":9.5,""period_ms"":16.899824142456055}"
194605,1,3261.4999,3261.4999,False,1.0,"{""inversion_rho"":null,""inversion_channel"":11.0,""period_ms"":16.899824142456055}"
194605,1,3278.0001,3278.0001,False,1.0,"{""inversion_rho"":null,""inversion_channel"":9.5,""period_ms"":16.899824142456055}"
194605,1,3295.1,3295.1,False,1.0,"{""inversion_rho"":null,""inversion_channel"":38.5,""period_ms"":16.899824142456055}"
194605,1,3313.4,3313.4,False,1.0,"{""inversion_rho"":null,""inversion_channel"":9.5,""period_ms"":16.899824142456055}"
194605,1,3330.3001,3330.3001,False,1.0,"{""inversion_rho"":null,""inversion_channel"":36.5,""period_ms"":16.899824142456055}"
194605,1,3347.6,3347.6,False,1.0,"{""inversion_rho"":null,""inversion_channel"":10.5,""period_ms"":16.899824142456055}"
194605,1,3364.9001,3364.9001,False,1.0,"{""inversion_rho"":null,""inversion_channel"":9.5,""period_ms"":16.899824142456055}"
194605,1,3382.7,3382.7,False,1.0,"{""inversion_rho"":null,""inversion_channel"":10.0,""period_ms"":16.899824142456055}"
194605,1,3399.6999,3399.6999,False,0.75,"{""inversion_rho"":null,""inversion_channel"":36.5,""period_ms"":16.899824142456055}"
194605,1,3416.3001,3416.3001,False,1.0,"{""inversion_rho"":null,""inversion_channel"":38.5,""period_ms"":16.899824142456055}"
194605,1,3430.3,3430.3,False,1.0,"{""inversion_rho"":null,""inversion_channel"":12.0,""period_ms"":16.899824142456055}"
194605,1,3454.7999,3454.7999,False,0.375,"{""inversion_rho"":null,""inversion_channel"":39.0,""period_ms"":16.899824142456055}"
194605,1,3472.5001,3472.5001,False,0.25,"{""inversion_rho"":null,""inversion_channel"":37.5,""period_ms"":16.899824142456055}"
194605,1,3490.9,3490.9,False,1.0,"{""inversion_rho"":null,""inversion_channel"":11.0,""period_ms"":16.899824142456055}"
194605,1,3506.7999,3506.7999,False,0.375,"{""inversion_rho"":null,""inversion_channel"":1.5,""period_ms"":16.899824142456055}"
194605,1,3523.9999,3523.9999,False,1.0,"{""inversion_rho"":null,""inversion_channel"":38.5,""period_ms"":16.899824142456055}"
194605,1,3537.4,3537.4,False,1.0,"{""inversion_rho"":null,""inversion_channel"":12.0,""period_ms"":16.899824142456055}"
194605,1,3562.7999,3562.7999,False,1.0,"{""inversion_rho"":null,""inversion_channel"":10.0,""period_ms"":16.899824142456055}"
194605,1,3583.2,3583.2,False,1.0,"{""inversion_rho"":null,""inversion_channel"":11.5,""period_ms"":16.899824142456055}"
194605,1,3601.5,3601.5,False,0.25,"{""inversion_rho"":null,""inversion_channel"":39.0,""period_ms"":16.899824142456055}"
194605,1,3619.9999,3619.9999,False,0.625,"{""inversion_rho"":null,""inversion_channel"":13.0,""period_ms"":16.899824142456055}"
194605,1,3635.7,3635.7,False,1.0,"{""inversion_rho"":null,""inversion_channel"":10.0,""period_ms"":16.899824142456055}"
194605,1,3652.4999,3652.4999,False,0.5,"{""inversion_rho"":null,""inversion_channel"":37.5,""period_ms"":16.899824142456055}"
194605,1,3664.7,3664.7,False,1.0,"{""inversion_rho"":null,""inversion_channel"":11.5,""period_ms"":16.899824142456055}"
194605,1,3687.2001,3687.2001,False,0.25,"{""inversion_rho"":null,""inversion_channel"":39.0,""period_ms"":16.899824142456055}"
194605,1,3694.5,3694.5,False,1.0,"{""inversion_rho"":null,""inversion_channel"":12.5,""period_ms"":20.49994468688965}"
194605,1,3715.6,3715.6,False,1.0,"{""inversion_rho"":null,""inversion_channel"":10.5,""period_ms"":20.49994468688965}"
194605,1,3737.7,3737.7,False,1.0,"{""inversion_rho"":null,""inversion_channel"":10.5,""period_ms"":20.49994468688965}"
194605,1,3759.8,3759.8,False,1.0,"{""inversion_rho"":null,""inversion_channel"":13.0,""period_ms"":20.49994468688965}"
194605,1,3784.9,3784.9,False,1.0,"{""inversion_rho"":null,""inversion_channel"":13.5,""period_ms"":20.49994468688965}"
194605,1,3805.3999,3805.3999,False,1.0,"{""inversion_rho"":null,""inversion_channel"":12.0,""period_ms"":20.49994468688965}"
194605,1,3815.7001,3815.7001,False,1.0,"{""inversion_rho"":null,""inversion_channel"":9.5,""period_ms"":20.49994468688965}"
194605,1,3821.3,3821.3,False,0.375,"{""inversion_rho"":null,""inversion_channel"":9.0,""period_ms"":20.49994468688965}"
194605,1,3826.7,3826.7,False,0.25,"{""inversion_rho"":null,""inversion_channel"":8.0,""period_ms"":20.49994468688965}"
194605,1,3832.0,3832.0,False,0.375,"{""inversion_rho"":null,""inversion_channel"":37.5,""period_ms"":20.49994468688965}"
194605,1,3842.2,3842.2,False,0.25,"{""inversion_rho"":null,""inversion_channel"":37.5,""period_ms"":20.49994468688965}"
194605,1,3864.5999,3864.5999,False,0.25,"{""inversion_rho"":null,""inversion_channel"":9.0,""period_ms"":20.49994468688965}"
194605,1,3869.9,3869.9,False,0.25,"{""inversion_rho"":null,""inversion_channel"":41.0,""period_ms"":5.200028419494629}"
194605,1,3875.0999,3875.0999,False,0.25,"{""inversion_rho"":null,""inversion_channel"":8.5,""period_ms"":5.200028419494629}"
194605,1,3880.3,3880.3,False,0.375,"{""inversion_rho"":null,""inversion_channel"":37.5,""period_ms"":5.200028419494629}"
194605,1,3897.5999,3897.5999,False,0.375,"{""inversion_rho"":null,""inversion_channel"":9.0,""period_ms"":7.400035858154297}"
194605,1,3905.2,3905.2,False,0.25,"{""inversion_rho"":null,""inversion_channel"":9.5,""period_ms"":7.400035858154297}"
194605,1,3912.4,3912.4,False,0.25,"{""inversion_rho"":null,""inversion_channel"":9.0,""period_ms"":7.400035858154297}"
194605,1,654.8,3687.2001,True,1.0,"{""inversion_rho"":null,""inversion_channel"":10.5,""period_ms"":16.899824142456055}"
194605,1,3694.5,3864.5999,True,1.0,"{""inversion_rho"":null,""inversion_channel"":11.25,""period_ms"":20.49994468688965}"
194605,1,3869.9,3880.3,True,1.0,"{""inversion_rho"":null,""inversion_channel"":37.5,""period_ms"":5.200028419494629}"
194605,1,3897.5999,3912.4,True,1.0,"{""inversion_rho"":null,""inversion_channel"":9.0,""period_ms"":7.400035858154297}"
194608,1,54.4,54.4,False,0.75,"{""inversion_rho"":null,""inversion_channel"":13.5,""period_ms"":null}"
194608,1,75.8,75.8,False,1.0,"{""inversion_rho"":null,""inversion_channel"":15.5,""period_ms"":null}"
194608,1,82.6,82.6,False,1.0,"{""inversion_rho"":null,""inversion_channel"":15.5,""period_ms"":null}"
194608,1,637.3,637.3,False,1.0,"{""inversion_rho"":null,""inversion_channel"":31.5,""period_ms"":14.600038528442383}"
194608,1,659.8,659.8,False,1.0,"{""inversion_rho"":null,""inversion_channel"":31.5,""period_ms"":14.600038528442383}"
194608,1,683.7,683.7,False,1.0,"{""inversion_rho"":null,""inversion_channel"":31.5,""period_ms"":14.600038528442383}"
194608,1,707.0,707.0,False,1.0,"{""inversion_rho"":null,""inversion_channel"":32.0,""period_ms"":14.600038528442383}"
194608,1,730.1,730.1,False,1.0,"{""inversion_rho"":null,""inversion_channel"":33.5,""period_ms"":14.600038528442383}"
194608,1,751.8,751.8,False,1.0,"{""inversion_rho"":null,""inversion_channel"":33.5,""period_ms"":14.600038528442383}"
194608,1,774.1,774.1,False,1.0,"{""inversion_rho"":null,""inversion_channel"":33.5,""period_ms"":14.600038528442383}"
194608,1,795.9,795.9,False,1.0,"{""inversion_rho"":null,""inversion_channel"":10.0,""period_ms"":14.600038528442383}"
194608,1,816.2,816.2,False,1.0,"{""inversion_rho"":null,""inversion_channel"":10.5,""period_ms"":14.600038528442383}"
194608,1,836.1,836.1,False,1.0,"{""inversion_rho"":null,""inversion_channel"":10.5,""period_ms"":14.600038528442383}"
194608,1,856.9,856.9,False,1.0,"{""inversion_rho"":null,""inversion_channel"":9.0,""period_ms"":14.600038528442383}"
194608,1,876.7,876.7,False,1.0,"{""inversion_rho"":null,""inversion_channel"":10.0,""period_ms"":14.600038528442383}"
194608,1,894.9,894.9,False,1.0,"{""inversion_rho"":null,""inversion_channel"":9.5,""period_ms"":14.600038528442383}"
194608,1,910.8,910.8,False,1.0,"{""inversion_rho"":null,""inversion_channel"":10.5,""period_ms"":14.600038528442383}"
194608,1,934.5,934.5,False,1.0,"{""inversion_rho"":null,""inversion_channel"":35.5,""period_ms"":14.600038528442383}"
194608,1,949.1,949.1,False,1.0,"{""inversion_rho"":null,""inversion_channel"":11.5,""period_ms"":14.600038528442383}"
194608,1,984.6,984.6,False,1.0,"{""inversion_rho"":null,""inversion_channel"":10.5,""period_ms"":14.600038528442383}"
194608,1,1007.5001,1007.5001,False,1.0,"{""inversion_rho"":null,""inversion_channel"":9.5,""period_ms"":14.600038528442383}"
194608,1,1025.3,1025.3,False,1.0,"{""inversion_rho"":null,""inversion_channel"":11.0,""period_ms"":14.600038528442383}"
194608,1,1044.1999,1044.1999,False,1.0,"{""inversion_rho"":null,""inversion_channel"":10.0,""period_ms"":14.600038528442383}"
194608,1,1062.7,1062.7,False,1.0,"{""inversion_rho"":null,""inversion_channel"":10.0,""period_ms"":14.600038528442383}"
194608,1,1082.4,1082.4,False,1.0,"{""inversion_rho"":null,""inversion_channel"":10.5,""period_ms"":14.600038528442383}"
194608,1,1101.1,1101.1,False,1.0,"{""inversion_rho"":null,""inversion_channel"":10.5,""period_ms"":14.600038528442383}"
194608,1,1119.8,1119.8,False,1.0,"{""inversion_rho"":null,""inversion_channel"":10.5,""period_ms"":14.600038528442383}"
194608,1,1138.1,1138.1,False,1.0,"{""inversion_rho"":null,""inversion_channel"":10.5,""period_ms"":14.600038528442383}"
194608,1,1155.7,1155.7,False,1.0,"{""inversion_rho"":null,""inversion_channel"":10.0,""period_ms"":14.600038528442383}"
194608,1,1173.8,1173.8,False,1.0,"{""inversion_rho"":null,""inversion_channel"":10.5,""period_ms"":14.600038528442383}"
194608,1,1191.3,1191.3,False,1.0,"{""inversion_rho"":null,""inversion_channel"":36.5,""period_ms"":14.600038528442383}"
194608,1,1209.2,1209.2,False,1.0,"{""inversion_rho"":null,""inversion_channel"":10.5,""period_ms"":14.600038528442383}"
194608,1,1226.9,1226.9,False,1.0,"{""inversion_rho"":null,""inversion_channel"":35.5,""period_ms"":14.600038528442383}"
194608,1,1244.6001,1244.6001,False,1.0,"{""inversion_rho"":null,""inversion_channel"":10.5,""period_ms"":14.600038528442383}"
194608,1,1261.6,1261.6,False,1.0,"{""inversion_rho"":null,""inversion_channel"":9.5,""period_ms"":14.600038528442383}"
194608,1,1279.4,1279.4,False,1.0,"{""inversion_rho"":null,""inversion_channel"":9.5,""period_ms"":14.600038528442383}"
194608,1,1296.6,1296.6,False,1.0,"{""inversion_rho"":null,""inversion_channel"":8.5,""period_ms"":14.600038528442383}"
194608,1,1312.8999,1312.8999,False,1.0,"{""inversion_rho"":null,""inversion_channel"":8.5,""period_ms"":14.600038528442383}"
194608,1,1330.5,1330.5,False,1.0,"{""inversion_rho"":null,""inversion_channel"":10.0,""period_ms"":14.600038528442383}"
194608,1,1348.0999,1348.0999,False,1.0,"{""inversion_rho"":null,""inversion_channel"":10.0,""period_ms"":14.600038528442383}"
194608,1,1364.9,1364.9,False,0.875,"{""inversion_rho"":null,""inversion_channel"":8.5,""period_ms"":14.600038528442383}"
194608,1,1382.0,1382.0,False,1.0,"{""inversion_rho"":null,""inversion_channel"":36.5,""period_ms"":14.600038528442383}"
194608,1,1396.1,1396.1,False,1.0,"{""inversion_rho"":null,""inversion_channel"":11.5,""period_ms"":14.600038528442383}"
194608,1,1420.5,1420.5,False,1.0,"{""inversion_rho"":null,""inversion_channel"":11.0,""period_ms"":14.600038528442383}"
194608,1,1437.0,1437.0,False,1.0,"{""inversion_rho"":null,""inversion_channel"":9.0,""period_ms"":14.600038528442383}"
194608,1,1459.3,1459.3,False,1.0,"{""inversion_rho"":null,""inversion_channel"":10.5,""period_ms"":14.600038528442383}"
194608,1,1487.3,1487.3,False,1.0,"{""inversion_rho"":null,""inversion_channel"":11.5,""period_ms"":14.600038528442383}"
194608,1,1510.4001,1510.4001,False,1.0,"{""inversion_rho"":null,""inversion_channel"":10.5,""period_ms"":14.600038528442383}"
194608,1,1527.2,1527.2,False,1.0,"{""inversion_rho"":null,""inversion_channel"":8.5,""period_ms"":14.600038528442383}"
194608,1,1543.7,1543.7,False,1.0,"{""inversion_rho"":null,""inversion_channel"":9.5,""period_ms"":14.600038528442383}"
194608,1,1562.8,1562.8,False,1.0,"{""inversion_rho"":null,""inversion_channel"":10.5,""period_ms"":14.600038528442383}"
194608,1,1580.7,1580.7,False,1.0,"{""inversion_rho"":null,""inversion_channel"":9.0,""period_ms"":14.600038528442383}"
194608,1,1598.5,1598.5,False,1.0,"{""inversion_rho"":null,""inversion_channel"":9.5,""period_ms"":14.600038528442383}"
194608,1,1615.9,1615.9,False,1.0,"{""inversion_rho"":null,""inversion_channel"":10.0,""period_ms"":14.600038528442383}"
194608,1,1632.4,1632.4,False,1.0,"{""inversion_rho"":null,""inversion_channel"":10.5,""period_ms"":14.600038528442383}"
194608,1,1648.1,1648.1,False,1.0,"{""inversion_rho"":null,""inversion_channel"":11.5,""period_ms"":14.600038528442383}"
194608,1,1663.6,1663.6,False,1.0,"{""inversion_rho"":null,""inversion_channel"":36.5,""period_ms"":14.600038528442383}"
194608,1,1680.3,1680.3,False,1.0,"{""inversion_rho"":null,""inversion_channel"":9.0,""period_ms"":14.600038528442383}"
194608,1,1697.1,1697.1,False,0.375,"{""inversion_rho"":null,""inversion_channel"":7.5,""period_ms"":14.600038528442383}"
194608,1,1714.6,1714.6,False,1.0,"{""inversion_rho"":null,""inversion_channel"":10.0,""period_ms"":14.600038528442383}"
194608,1,1730.9,1730.9,False,1.0,"{""inversion_rho"":null,""inversion_channel"":10.5,""period_ms"":14.600038528442383}"
194608,1,1747.3,1747.3,False,1.0,"{""inversion_rho"":null,""inversion_channel"":9.0,""period_ms"":14.600038528442383}"
194608,1,1764.2,1764.2,False,1.0,"{""inversion_rho"":null,""inversion_channel"":10.5,""period_ms"":14.600038528442383}"
194608,1,1780.3,1780.3,False,1.0,"{""inversion_rho"":null,""inversion_channel"":9.5,""period_ms"":14.600038528442383}"
194608,1,1796.4,1796.4,False,1.0,"{""inversion_rho"":null,""inversion_channel"":10.0,""period_ms"":14.600038528442383}"
194608,1,1812.6,1812.6,False,1.0,"{""inversion_rho"":null,""inversion_channel"":10.5,""period_ms"":14.600038528442383}"
194608,1,1828.4,1828.4,False,1.0,"{""inversion_rho"":null,""inversion_channel"":10.5,""period_ms"":14.600038528442383}"
194608,1,1843.1,1843.1,False,1.0,"{""inversion_rho"":null,""inversion_channel"":10.0,""period_ms"":14.600038528442383}"
194608,1,1858.7,1858.7,False,1.0,"{""inversion_rho"":null,""inversion_channel"":11.0,""period_ms"":14.600038528442383}"
194608,1,1874.0,1874.0,False,1.0,"{""inversion_rho"":null,""inversion_channel"":10.5,""period_ms"":14.600038528442383}"
194608,1,1888.5,1888.5,False,0.5,"{""inversion_rho"":null,""inversion_channel"":9.5,""period_ms"":14.600038528442383}"
194608,1,1896.1,1896.1,False,1.0,"{""inversion_rho"":null,""inversion_channel"":10.5,""period_ms"":14.600038528442383}"
194608,1,1914.3,1914.3,False,1.0,"{""inversion_rho"":null,""inversion_channel"":8.5,""period_ms"":14.600038528442383}"
194608,1,1929.1,1929.1,False,1.0,"{""inversion_rho"":null,""inversion_channel"":8.5,""period_ms"":14.600038528442383}"
194608,1,1944.2,1944.2,False,0.625,"{""inversion_rho"":null,""inversion_channel"":9.0,""period_ms"":14.600038528442383}"
194608,1,1959.5,1959.5,False,1.0,"{""inversion_rho"":null,""inversion_channel"":13.0,""period_ms"":14.600038528442383}"
194608,1,1973.4,1973.4,False,0.75,"{""inversion_rho"":null,""inversion_channel"":7.0,""period_ms"":14.600038528442383}"
194608,1,1989.5999,1989.5999,False,1.0,"{""inversion_rho"":null,""inversion_channel"":10.0,""period_ms"":14.600038528442383}"
194608,1,2004.2,2004.2,False,0.625,"{""inversion_rho"":null,""inversion_channel"":9.5,""period_ms"":14.600038528442383}"
194608,1,2017.9,2017.9,False,1.0,"{""inversion_rho"":null,""inversion_channel"":10.0,""period_ms"":14.600038528442383}"
194608,1,2030.8001,2030.8001,False,1.0,"{""inversion_rho"":null,""inversion_channel"":8.5,""period_ms"":14.600038528442383}"
194608,1,2036.9,2036.9,False,1.0,"{""inversion_rho"":null,""inversion_channel"":11.0,""period_ms"":14.600038528442383}"
194608,1,2049.9001,2049.9001,False,0.25,"{""inversion_rho"":null,""inversion_channel"":39.0,""period_ms"":14.600038528442383}"
194608,1,2063.4,2063.4,False,1.0,"{""inversion_rho"":null,""inversion_channel"":10.5,""period_ms"":14.600038528442383}"
194608,1,2071.3999,2071.3999,False,1.0,"{""inversion_rho"":null,""inversion_channel"":10.0,""period_ms"":14.600038528442383}"
194608,1,2078.7001,2078.7001,False,1.0,"{""inversion_rho"":null,""inversion_channel"":15.0,""period_ms"":14.600038528442383}"
194608,1,2085.3,2085.3,False,1.0,"{""inversion_rho"":null,""inversion_channel"":35.5,""period_ms"":14.600038528442383}"
194608,1,2090.8,2090.8,False,0.625,"{""inversion_rho"":null,""inversion_channel"":35.0,""period_ms"":14.600038528442383}"
194608,1,2096.0,2096.0,False,0.75,"{""inversion_rho"":null,""inversion_channel"":12.5,""period_ms"":14.600038528442383}"
194608,1,2104.3,2104.3,False,1.0,"{""inversion_rho"":null,""inversion_channel"":12.0,""period_ms"":14.600038528442383}"
194608,1,2111.5,2111.5,False,1.0,"{""inversion_rho"":null,""inversion_channel"":35.5,""period_ms"":14.600038528442383}"
194608,1,2117.3999,2117.3999,False,0.25,"{""inversion_rho"":null,""inversion_channel"":32.5,""period_ms"":14.600038528442383}"
194608,1,2126.3001,2126.3001,False,1.0,"{""inversion_rho"":null,""inversion_channel"":35.0,""period_ms"":14.600038528442383}"
194608,1,2134.1,2134.1,False,1.0,"{""inversion_rho"":null,""inversion_channel"":32.5,""period_ms"":14.600038528442383}"
194608,1,2141.7,2141.7,False,1.0,"{""inversion_rho"":null,""inversion_channel"":11.5,""period_ms"":14.600038528442383}"
194608,1,2156.6,2156.6,False,1.0,"{""inversion_rho"":null,""inversion_channel"":11.5,""period_ms"":14.600038528442383}"
194608,1,2163.0001,2163.0001,False,0.375,"{""inversion_rho"":null,""inversion_channel"":20.0,""period_ms"":14.600038528442383}"
194608,1,2169.4,2169.4,False,0.75,"{""inversion_rho"":null,""inversion_channel"":34.5,""period_ms"":14.600038528442383}"
194608,1,2178.6001,2178.6001,False,1.0,"{""inversion_rho"":null,""inversion_channel"":10.0,""period_ms"":14.600038528442383}"
194608,1,2188.9,2188.9,False,1.0,"{""inversion_rho"":null,""inversion_channel"":9.5,""period_ms"":14.600038528442383}"
194608,1,2198.9,2198.9,False,1.0,"{""inversion_rho"":null,""inversion_channel"":37.5,""period_ms"":14.600038528442383}"
194608,1,2207.7999,2207.7999,False,1.0,"{""inversion_rho"":null,""inversion_channel"":11.5,""period_ms"":14.600038528442383}"
194608,1,2215.5001,2215.5001,False,0.625,"{""inversion_rho"":null,""inversion_channel"":39.0,""period_ms"":14.600038528442383}"
194608,1,2223.0,2223.0,False,0.5,"{""inversion_rho"":null,""inversion_channel"":11.5,""period_ms"":14.600038528442383}"
194608,1,2231.1001,2231.1001,False,0.75,"{""inversion_rho"":null,""inversion_channel"":11.0,""period_ms"":14.600038528442383}"
194608,1,2241.3001,2241.3001,False,0.875,"{""inversion_rho"":null,""inversion_channel"":14.5,""period_ms"":14.600038528442383}"
194608,1,2251.8001,2251.8001,False,0.375,"{""inversion_rho"":null,""inversion_channel"":30.5,""period_ms"":14.600038528442383}"
194608,1,2265.1999,2265.1999,False,1.0,"{""inversion_rho"":null,""inversion_channel"":10.0,""period_ms"":14.600038528442383}"
194608,1,2276.3,2276.3,False,0.25,"{""inversion_rho"":null,""inversion_channel"":38.5,""period_ms"":14.600038528442383}"
194608,1,2282.5,2282.5,False,1.0,"{""inversion_rho"":null,""inversion_channel"":10.5,""period_ms"":14.600038528442383}"
194608,1,2296.2999,2296.2999,False,1.0,"{""inversion_rho"":null,""inversion_channel"":11.5,""period_ms"":14.600038528442383}"
194608,1,2306.5,2306.5,False,0.75,"{""inversion_rho"":null,""inversion_channel"":38.5,""period_ms"":14.600038528442383}"
194608,1,2317.1,2317.1,False,0.375,"{""inversion_rho"":null,""inversion_channel"":10.5,""period_ms"":14.600038528442383}"
194608,1,2326.7,2326.7,False,1.0,"{""inversion_rho"":null,""inversion_channel"":11.0,""period_ms"":14.600038528442383}"
194608,1,2345.0999,2345.0999,False,1.0,"{""inversion_rho"":null,""inversion_channel"":12.5,""period_ms"":14.600038528442383}"
194608,1,2356.6999,2356.6999,False,1.0,"{""inversion_rho"":null,""inversion_channel"":13.0,""period_ms"":14.600038528442383}"
194608,1,2366.8001,2366.8001,False,0.5,"{""inversion_rho"":null,""inversion_channel"":36.5,""period_ms"":14.600038528442383}"
194608,1,2374.8,2374.8,False,1.0,"{""inversion_rho"":null,""inversion_channel"":12.0,""period_ms"":14.600038528442383}"
194608,1,2389.2,2389.2,False,0.375,"{""inversion_rho"":null,""inversion_channel"":37.0,""period_ms"":14.600038528442383}"
194608,1,2401.5999,2401.5999,False,0.25,"{""inversion_rho"":null,""inversion_channel"":36.0,""period_ms"":14.600038528442383}"
194608,1,2412.9,2412.9,False,0.375,"{""inversion_rho"":null,""inversion_channel"":38.5,""period_ms"":14.600038528442383}"
194608,1,2425.6999,2425.6999,False,1.0,"{""inversion_rho"":null,""inversion_channel"":10.5,""period_ms"":14.600038528442383}"
194608,1,2437.3,2437.3,False,0.625,"{""inversion_rho"":null,""inversion_channel"":11.0,""period_ms"":14.600038528442383}"
194608,1,2449.3001,2449.3001,False,1.0,"{""inversion_rho"":null,""inversion_channel"":14.0,""period_ms"":14.600038528442383}"
194608,1,2461.2999,2461.2999,False,1.0,"{""inversion_rho"":null,""inversion_channel"":11.0,""period_ms"":14.600038528442383}"
194608,1,2473.7,2473.7,False,1.0,"{""inversion_rho"":null,""inversion_channel"":10.5,""period_ms"":14.600038528442383}"
194608,1,2484.4,2484.4,False,0.25,"{""inversion_rho"":null,""inversion_channel"":30.0,""period_ms"":14.600038528442383}"
194608,1,2496.4001,2496.4001,False,1.0,"{""inversion_rho"":null,""inversion_channel"":11.5,""period_ms"":14.600038528442383}"
194608,1,2512.3999,2512.3999,False,0.375,"{""inversion_rho"":null,""inversion_channel"":37.5,""period_ms"":14.600038528442383}"
194608,1,2525.5001,2525.5001,False,1.0,"{""inversion_rho"":null,""inversion_channel"":10.5,""period_ms"":14.600038528442383}"
194608,1,2545.3999,2545.3999,False,1.0,"{""inversion_rho"":null,""inversion_channel"":11.0,""period_ms"":14.600038528442383}"
194608,1,2560.6999,2560.6999,False,1.0,"{""inversion_rho"":null,""inversion_channel"":11.5,""period_ms"":14.600038528442383}"
194608,1,2574.8999,2574.8999,False,1.0,"{""inversion_rho"":null,""inversion_channel"":10.0,""period_ms"":14.600038528442383}"
194608,1,2588.3999,2588.3999,False,0.375,"{""inversion_rho"":null,""inversion_channel"":36.5,""period_ms"":14.600038528442383}"
194608,1,2601.5,2601.5,False,0.75,"{""inversion_rho"":null,""inversion_channel"":12.0,""period_ms"":14.600038528442383}"
194608,1,2611.7001,2611.7001,False,0.25,"{""inversion_rho"":null,""inversion_channel"":37.5,""period_ms"":14.600038528442383}"
194608,1,2625.7999,2625.7999,False,1.0,"{""inversion_rho"":null,""inversion_channel"":36.5,""period_ms"":14.600038528442383}"
194608,1,2637.3999,2637.3999,False,0.5,"{""inversion_rho"":null,""inversion_channel"":36.5,""period_ms"":14.600038528442383}"
194608,1,2651.0999,2651.0999,False,0.875,"{""inversion_rho"":null,""inversion_channel"":36.5,""period_ms"":14.600038528442383}"
194608,1,2662.6,2662.6,False,1.0,"{""inversion_rho"":null,""inversion_channel"":37.5,""period_ms"":14.600038528442383}"
194608,1,2674.7999,2674.7999,False,1.0,"{""inversion_rho"":null,""inversion_channel"":13.5,""period_ms"":14.600038528442383}"
194608,1,2686.1,2686.1,False,0.75,"{""inversion_rho"":null,""inversion_channel"":11.0,""period_ms"":14.600038528442383}"
194608,1,2696.3999,2696.3999,False,0.25,"{""inversion_rho"":null,""inversion_channel"":37.5,""period_ms"":14.600038528442383}"
194608,1,2709.3,2709.3,False,0.625,"{""inversion_rho"":null,""inversion_channel"":1.5,""period_ms"":14.600038528442383}"
194608,1,2720.7999,2720.7999,False,0.25,"{""inversion_rho"":null,""inversion_channel"":7.0,""period_ms"":14.600038528442383}"
194608,1,2733.5999,2733.5999,False,0.375,"{""inversion_rho"":null,""inversion_channel"":38.0,""period_ms"":14.600038528442383}"
194608,1,2746.0999,2746.0999,False,1.0,"{""inversion_rho"":null,""inversion_channel"":10.0,""period_ms"":14.600038528442383}"
194608,1,2757.2999,2757.2999,False,0.5,"{""inversion_rho"":null,""inversion_channel"":28.0,""period_ms"":14.600038528442383}"
194608,1,2769.0001,2769.0001,False,1.0,"{""inversion_rho"":null,""inversion_channel"":10.5,""period_ms"":14.600038528442383}"
194608,1,2780.9999,2780.9999,False,0.25,"{""inversion_rho"":null,""inversion_channel"":26.5,""period_ms"":14.600038528442383}"
194608,1,2795.3999,2795.3999,False,1.0,"{""inversion_rho"":null,""inversion_channel"":10.5,""period_ms"":14.600038528442383}"
194608,1,2808.3999,2808.3999,False,0.25,"{""inversion_rho"":null,""inversion_channel"":38.5,""period_ms"":14.600038528442383}"
194608,1,2821.3999,2821.3999,False,1.0,"{""inversion_rho"":null,""inversion_channel"":36.5,""period_ms"":14.600038528442383}"
194608,1,2833.2,2833.2,False,0.375,"{""inversion_rho"":null,""inversion_channel"":39.0,""period_ms"":14.600038528442383}"
194608,1,2846.2,2846.2,False,0.625,"{""inversion_rho"":null,""inversion_channel"":37.0,""period_ms"":14.600038528442383}"
194608,1,2861.9001,2861.9001,False,1.0,"{""inversion_rho"":null,""inversion_channel"":10.5,""period_ms"":14.600038528442383}"
194608,1,2872.7,2872.7,False,0.5,"{""inversion_rho"":null,""inversion_channel"":9.5,""period_ms"":14.600038528442383}"
194608,1,2882.9,2882.9,False,1.0,"{""inversion_rho"":null,""inversion_channel"":10.0,""period_ms"":14.600038528442383}"
194608,1,2897.2001,2897.2001,False,0.875,"{""inversion_rho"":null,""inversion_channel"":37.5,""period_ms"":14.600038528442383}"
194608,1,2908.7999,2908.7999,False,0.875,"{""inversion_rho"":null,""inversion_channel"":1.5,""period_ms"":14.600038528442383}"
194608,1,2916.6999,2916.6999,False,1.0,"{""inversion_rho"":null,""inversion_channel"":11.0,""period_ms"":14.600038528442383}"
194608,1,2932.2,2932.2,False,0.25,"{""inversion_rho"":null,""inversion_channel"":31.5,""period_ms"":14.600038528442383}"
194608,1,2946.7001,2946.7001,False,1.0,"{""inversion_rho"":null,""inversion_channel"":10.5,""period_ms"":14.600038528442383}"
194608,1,2958.4,2958.4,False,0.375,"{""inversion_rho"":null,""inversion_channel"":33.0,""period_ms"":14.600038528442383}"
194608,1,2970.5999,2970.5999,False,0.625,"{""inversion_rho"":null,""inversion_channel"":1.5,""period_ms"":14.600038528442383}"
194608,1,2981.6,2981.6,False,0.375,"{""inversion_rho"":null,""inversion_channel"":37.0,""period_ms"":14.600038528442383}"
194608,1,2991.2,2991.2,False,1.0,"{""inversion_rho"":null,""inversion_channel"":10.5,""period_ms"":14.600038528442383}"
194608,1,3005.1999,3005.1999,False,1.0,"{""inversion_rho"":null,""inversion_channel"":10.5,""period_ms"":14.600038528442383}"
194608,1,3016.7999,3016.7999,False,1.0,"{""inversion_rho"":null,""inversion_channel"":36.5,""period_ms"":14.600038528442383}"
194608,1,3028.6,3028.6,False,0.25,"{""inversion_rho"":null,""inversion_channel"":37.5,""period_ms"":14.600038528442383}"
194608,1,3042.0001,3042.0001,False,0.625,"{""inversion_rho"":null,""inversion_channel"":39.0,""period_ms"":14.600038528442383}"
194608,1,3055.2001,3055.2001,False,0.5,"{""inversion_rho"":null,""inversion_channel"":14.5,""period_ms"":14.600038528442383}"
194608,1,3067.4,3067.4,False,1.0,"{""inversion_rho"":null,""inversion_channel"":36.5,""period_ms"":14.600038528442383}"
194608,1,3079.6001,3079.6001,False,1.0,"{""inversion_rho"":null,""inversion_channel"":10.0,""period_ms"":14.600038528442383}"
194608,1,3092.2,3092.2,False,1.0,"{""inversion_rho"":null,""inversion_channel"":11.5,""period_ms"":14.600038528442383}"
194608,1,3103.6,3103.6,False,0.75,"{""inversion_rho"":null,""inversion_channel"":37.5,""period_ms"":14.600038528442383}"
194608,1,3117.8,3117.8,False,0.625,"{""inversion_rho"":null,""inversion_channel"":37.5,""period_ms"":14.600038528442383}"
194608,1,3130.8999,3130.8999,False,0.5,"{""inversion_rho"":null,""inversion_channel"":36.5,""period_ms"":14.600038528442383}"
194608,1,3147.5999,3147.5999,False,0.75,"{""inversion_rho"":null,""inversion_channel"":37.0,""period_ms"":14.600038528442383}"
194608,1,3162.6999,3162.6999,False,0.75,"{""inversion_rho"":null,""inversion_channel"":35.5,""period_ms"":14.600038528442383}"
194608,1,3178.2,3178.2,False,0.375,"{""inversion_rho"":null,""inversion_channel"":38.5,""period_ms"":14.600038528442383}"
194608,1,3193.5999,3193.5999,False,0.75,"{""inversion_rho"":null,""inversion_channel"":35.5,""period_ms"":14.600038528442383}"
194608,1,3210.0999,3210.0999,False,0.25,"{""inversion_rho"":null,""inversion_channel"":37.5,""period_ms"":14.600038528442383}"
194608,1,3225.8,3225.8,False,0.25,"{""inversion_rho"":null,""inversion_channel"":37.5,""period_ms"":14.600038528442383}"
194608,1,3241.2,3241.2,False,1.0,"{""inversion_rho"":null,""inversion_channel"":34.5,""period_ms"":14.600038528442383}"
194608,1,3256.7,3256.7,False,1.0,"{""inversion_rho"":null,""inversion_channel"":10.0,""period_ms"":14.600038528442383}"
194608,1,3272.5999,3272.5999,False,0.375,"{""inversion_rho"":null,""inversion_channel"":13.0,""period_ms"":14.600038528442383}"
194608,1,3288.3,3288.3,False,0.25,"{""inversion_rho"":null,""inversion_channel"":7.5,""period_ms"":14.600038528442383}"
194608,1,3304.3001,3304.3001,False,1.0,"{""inversion_rho"":null,""inversion_channel"":11.5,""period_ms"":14.600038528442383}"
194608,1,3320.1001,3320.1001,False,1.0,"{""inversion_rho"":null,""inversion_channel"":10.5,""period_ms"":14.600038528442383}"
194608,1,3334.7001,3334.7001,False,0.25,"{""inversion_rho"":null,""inversion_channel"":10.0,""period_ms"":14.600038528442383}"
194608,1,3350.8999,3350.8999,False,1.0,"{""inversion_rho"":null,""inversion_channel"":35.5,""period_ms"":14.600038528442383}"
194608,1,3365.9999,3365.9999,False,1.0,"{""inversion_rho"":null,""inversion_channel"":36.5,""period_ms"":14.600038528442383}"
194608,1,3378.5,3378.5,False,0.5,"{""inversion_rho"":null,""inversion_channel"":38.0,""period_ms"":14.600038528442383}"
194608,1,3404.4001,3404.4001,False,1.0,"{""inversion_rho"":null,""inversion_channel"":11.0,""period_ms"":14.600038528442383}"
194608,1,3423.3,3423.3,False,1.0,"{""inversion_rho"":null,""inversion_channel"":10.0,""period_ms"":14.600038528442383}"
194608,1,3442.5001,3442.5001,False,1.0,"{""inversion_rho"":null,""inversion_channel"":10.5,""period_ms"":14.600038528442383}"
194608,1,3463.9001,3463.9001,False,1.0,"{""inversion_rho"":null,""inversion_channel"":11.0,""period_ms"":14.600038528442383}"
194608,1,3484.9,3484.9,False,1.0,"{""inversion_rho"":null,""inversion_channel"":11.0,""period_ms"":14.600038528442383}"
194608,1,3510.0,3510.0,False,1.0,"{""inversion_rho"":null,""inversion_channel"":11.5,""period_ms"":14.600038528442383}"
194608,1,3533.0,3533.0,False,1.0,"{""inversion_rho"":null,""inversion_channel"":10.5,""period_ms"":14.600038528442383}"
194608,1,3552.0,3552.0,False,1.0,"{""inversion_rho"":null,""inversion_channel"":10.0,""period_ms"":14.600038528442383}"
194608,1,3572.0,3572.0,False,1.0,"{""inversion_rho"":null,""inversion_channel"":11.5,""period_ms"":14.600038528442383}"
194608,1,3589.5,3589.5,False,0.25,"{""inversion_rho"":null,""inversion_channel"":31.5,""period_ms"":14.600038528442383}"
194608,1,3596.8001,3596.8001,False,1.0,"{""inversion_rho"":null,""inversion_channel"":12.5,""period_ms"":14.600038528442383}"
194608,1,3623.1,3623.1,False,1.0,"{""inversion_rho"":null,""inversion_channel"":10.5,""period_ms"":20.89989185333252}"
194608,1,3644.5,3644.5,False,1.0,"{""inversion_rho"":null,""inversion_channel"":10.5,""period_ms"":20.89989185333252}"
194608,1,3663.0001,3663.0001,False,1.0,"{""inversion_rho"":null,""inversion_channel"":10.0,""period_ms"":20.89989185333252}"
194608,1,3684.0999,3684.0999,False,1.0,"{""inversion_rho"":null,""inversion_channel"":10.5,""period_ms"":20.89989185333252}"
194608,1,3704.7999,3704.7999,False,1.0,"{""inversion_rho"":null,""inversion_channel"":11.5,""period_ms"":20.89989185333252}"
194608,1,3721.9999,3721.9999,False,0.25,"{""inversion_rho"":null,""inversion_channel"":26.0,""period_ms"":20.89989185333252}"
194608,1,3744.2,3744.2,False,1.0,"{""inversion_rho"":null,""inversion_channel"":12.0,""period_ms"":20.89989185333252}"
194608,1,3929.6,3929.6,False,0.875,"{""inversion_rho"":null,""inversion_channel"":6.5,""period_ms"":null}"
194608,1,637.3,3596.8001,True,1.0,"{""inversion_rho"":null,""inversion_channel"":11.0,""period_ms"":14.600038528442383}"
194608,1,3623.1,3744.2,True,1.0,"{""inversion_rho"":null,""inversion_channel"":10.5,""period_ms"":20.89989185333252}"
194609,1,92.9,92.9,False,0.375,"{""inversion_rho"":null,""inversion_channel"":11.5,""period_ms"":null}"
194609,1,102.5,102.5,False,1.0,"{""inversion_rho"":null,""inversion_channel"":11.5,""period_ms"":null}"
194609,1,195.7,195.7,False,0.5,"{""inversion_rho"":null,""inversion_channel"":14.0,""period_ms"":null}"
194609,1,414.6,414.6,False,1.0,"{""inversion_rho"":null,""inversion_channel"":14.5,""period_ms"":null}"
194609,1,432.0,432.0,False,1.0,"{""inversion_rho"":null,""inversion_channel"":13.5,""period_ms"":18.099993467330933}"
194609,1,452.2,452.2,False,1.0,"{""inversion_rho"":null,""inversion_channel"":14.5,""period_ms"":18.099993467330933}"
194609,1,470.2,470.2,False,1.0,"{""inversion_rho"":null,""inversion_channel"":15.0,""period_ms"":18.099993467330933}"
194609,1,488.3,488.3,False,1.0,"{""inversion_rho"":null,""inversion_channel"":17.5,""period_ms"":18.099993467330933}"
194609,1,525.5,525.5,False,1.0,"{""inversion_rho"":null,""inversion_channel"":17.5,""period_ms"":18.099993467330933}"
194609,1,559.1,559.1,False,1.0,"{""inversion_rho"":null,""inversion_channel"":18.5,""period_ms"":18.099993467330933}"
194609,1,576.6,576.6,False,1.0,"{""inversion_rho"":null,""inversion_channel"":19.0,""period_ms"":18.099993467330933}"
194609,1,595.2,595.2,False,0.25,"{""inversion_rho"":null,""inversion_channel"":23.5,""period_ms"":18.099993467330933}"
194609,1,612.9,612.9,False,1.0,"{""inversion_rho"":null,""inversion_channel"":20.5,""period_ms"":18.099993467330933}"
194609,1,629.5,629.5,False,0.625,"{""inversion_rho"":null,""inversion_channel"":19.5,""period_ms"":18.099993467330933}"
194609,1,647.9,647.9,False,1.0,"{""inversion_rho"":null,""inversion_channel"":21.0,""period_ms"":18.099993467330933}"
194609,1,684.7,684.7,False,1.0,"{""inversion_rho"":null,""inversion_channel"":22.0,""period_ms"":18.099993467330933}"
194609,1,702.7,702.7,False,1.0,"{""inversion_rho"":null,""inversion_channel"":21.5,""period_ms"":18.099993467330933}"
194609,1,720.4,720.4,False,1.0,"{""inversion_rho"":null,""inversion_channel"":21.5,""period_ms"":18.099993467330933}"
194609,1,738.2,738.2,False,1.0,"{""inversion_rho"":null,""inversion_channel"":23.5,""period_ms"":18.099993467330933}"
194609,1,756.6,756.6,False,0.875,"{""inversion_rho"":null,""inversion_channel"":24.5,""period_ms"":18.099993467330933}"
194609,1,771.7,771.7,False,1.0,"{""inversion_rho"":null,""inversion_channel"":24.5,""period_ms"":18.099993467330933}"
194609,1,793.6,793.6,False,0.5,"{""inversion_rho"":null,""inversion_channel"":24.5,""period_ms"":18.099993467330933}"
194609,1,811.9,811.9,False,1.0,"{""inversion_rho"":null,""inversion_channel"":25.5,""period_ms"":18.099993467330933}"
194609,1,828.1,828.1,False,1.0,"{""inversion_rho"":null,""inversion_channel"":25.5,""period_ms"":18.099993467330933}"
194609,1,840.1,840.1,False,1.0,"{""inversion_rho"":null,""inversion_channel"":25.5,""period_ms"":18.099993467330933}"
194609,1,862.1,862.1,False,1.0,"{""inversion_rho"":null,""inversion_channel"":25.5,""period_ms"":18.099993467330933}"
194609,1,876.9,876.9,False,0.75,"{""inversion_rho"":null,""inversion_channel"":26.5,""period_ms"":18.099993467330933}"
194609,1,887.3,887.3,False,1.0,"{""inversion_rho"":null,""inversion_channel"":25.5,""period_ms"":18.099993467330933}"
194609,1,908.1,908.1,False,0.875,"{""inversion_rho"":null,""inversion_channel"":27.5,""period_ms"":18.099993467330933}"
194609,1,932.4,932.4,False,0.25,"{""inversion_rho"":null,""inversion_channel"":15.0,""period_ms"":18.099993467330933}"
194609,1,941.1,941.1,False,1.0,"{""inversion_rho"":null,""inversion_channel"":26.0,""period_ms"":16.499996185302734}"
194609,1,957.1,957.1,False,1.0,"{""inversion_rho"":null,""inversion_channel"":25.5,""period_ms"":16.499996185302734}"
194609,1,973.6,973.6,False,1.0,"{""inversion_rho"":null,""inversion_channel"":25.5,""period_ms"":16.499996185302734}"
194609,1,989.0,989.0,False,0.875,"{""inversion_rho"":null,""inversion_channel"":27.5,""period_ms"":16.499996185302734}"
194609,1,998.0,998.0,False,1.0,"{""inversion_rho"":null,""inversion_channel"":25.5,""period_ms"":16.499996185302734}"
194609,1,1009.6999,1009.6999,False,0.375,"{""inversion_rho"":null,""inversion_channel"":21.0,""period_ms"":16.499996185302734}"
194609,1,1017.7,1017.7,False,0.875,"{""inversion_rho"":null,""inversion_channel"":25.5,""period_ms"":16.499996185302734}"
194609,1,1034.0,1034.0,False,1.0,"{""inversion_rho"":null,""inversion_channel"":26.0,""period_ms"":16.499996185302734}"
194609,1,1051.0,1051.0,False,1.0,"{""inversion_rho"":null,""inversion_channel"":26.0,""period_ms"":16.499996185302734}"
194609,1,1068.0,1068.0,False,1.0,"{""inversion_rho"":null,""inversion_channel"":24.5,""period_ms"":16.499996185302734}"
194609,1,1083.5,1083.5,False,1.0,"{""inversion_rho"":null,""inversion_channel"":27.0,""period_ms"":16.499996185302734}"
194609,1,1097.4,1097.4,False,0.25,"{""inversion_rho"":null,""inversion_channel"":26.5,""period_ms"":16.499996185302734}"
194609,1,1105.4,1105.4,False,1.0,"{""inversion_rho"":null,""inversion_channel"":26.0,""period_ms"":16.499996185302734}"
194609,1,1124.3,1124.3,False,1.0,"{""inversion_rho"":null,""inversion_channel"":24.0,""period_ms"":16.499996185302734}"
194609,1,1139.3,1139.3,False,1.0,"{""inversion_rho"":null,""inversion_channel"":27.5,""period_ms"":16.499996185302734}"
194609,1,1159.4,1159.4,False,1.0,"{""inversion_rho"":null,""inversion_channel"":25.5,""period_ms"":16.499996185302734}"
194609,1,1178.8,1178.8,False,1.0,"{""inversion_rho"":null,""inversion_channel"":26.5,""period_ms"":16.499996185302734}"
194609,1,1196.4,1196.4,False,1.0,"{""inversion_rho"":null,""inversion_channel"":26.5,""period_ms"":16.499996185302734}"
194609,1,1213.4,1213.4,False,1.0,"{""inversion_rho"":null,""inversion_channel"":26.0,""period_ms"":16.499996185302734}"
194609,1,1230.2999,1230.2999,False,1.0,"{""inversion_rho"":null,""inversion_channel"":24.5,""period_ms"":16.499996185302734}"
194609,1,1246.7999,1246.7999,False,1.0,"{""inversion_rho"":null,""inversion_channel"":26.0,""period_ms"":16.499996185302734}"
194609,1,1264.6,1264.6,False,1.0,"{""inversion_rho"":null,""inversion_channel"":26.5,""period_ms"":16.499996185302734}"
194609,1,1280.2,1280.2,False,1.0,"{""inversion_rho"":null,""inversion_channel"":27.5,""period_ms"":16.499996185302734}"
194609,1,1296.4,1296.4,False,1.0,"{""inversion_rho"":null,""inversion_channel"":27.5,""period_ms"":16.499996185302734}"
194609,1,1312.0,1312.0,False,0.625,"{""inversion_rho"":null,""inversion_channel"":27.5,""period_ms"":16.499996185302734}"
194609,1,1321.2,1321.2,False,1.0,"{""inversion_rho"":null,""inversion_channel"":26.5,""period_ms"":16.499996185302734}"
194609,1,1341.5,1341.5,False,1.0,"{""inversion_rho"":null,""inversion_channel"":27.0,""period_ms"":16.499996185302734}"
194609,1,1358.0,1358.0,False,1.0,"{""inversion_rho"":null,""inversion_channel"":26.5,""period_ms"":16.499996185302734}"
194609,1,1375.7,1375.7,False,1.0,"{""inversion_rho"":null,""inversion_channel"":27.5,""period_ms"":16.499996185302734}"
194609,1,1392.1,1392.1,False,0.75,"{""inversion_rho"":null,""inversion_channel"":27.5,""period_ms"":16.499996185302734}"
194609,1,1401.6,1401.6,False,1.0,"{""inversion_rho"":null,""inversion_channel"":25.5,""period_ms"":16.499996185302734}"
194609,1,1420.9,1420.9,False,0.375,"{""inversion_rho"":null,""inversion_channel"":27.5,""period_ms"":16.499996185302734}"
194609,1,1437.3,1437.3,False,1.0,"{""inversion_rho"":null,""inversion_channel"":26.5,""period_ms"":16.499996185302734}"
194609,1,1454.2,1454.2,False,0.375,"{""inversion_rho"":null,""inversion_channel"":27.5,""period_ms"":16.499996185302734}"
194609,1,1470.8,1470.8,False,0.75,"{""inversion_rho"":null,""inversion_channel"":26.5,""period_ms"":16.499996185302734}"
194609,1,1480.2001,1480.2001,False,1.0,"{""inversion_rho"":null,""inversion_channel"":26.5,""period_ms"":16.499996185302734}"
194609,1,1499.2,1499.2,False,0.375,"{""inversion_rho"":null,""inversion_channel"":27.5,""period_ms"":16.499996185302734}"
194609,1,1515.8,1515.8,False,0.375,"{""inversion_rho"":null,""inversion_channel"":27.5,""period_ms"":16.499996185302734}"
194609,1,1532.4,1532.4,False,1.0,"{""inversion_rho"":null,""inversion_channel"":27.5,""period_ms"":16.499996185302734}"
194609,1,1549.1,1549.1,False,1.0,"{""inversion_rho"":null,""inversion_channel"":27.5,""period_ms"":16.499996185302734}"
194609,1,1565.7001,1565.7001,False,1.0,"{""inversion_rho"":null,""inversion_channel"":27.5,""period_ms"":16.499996185302734}"
194609,1,1583.5,1583.5,False,1.0,"{""inversion_rho"":null,""inversion_channel"":28.5,""period_ms"":16.499996185302734}"
194609,1,1600.9001,1600.9001,False,1.0,"{""inversion_rho"":null,""inversion_channel"":27.5,""period_ms"":16.499996185302734}"
194609,1,1616.7001,1616.7001,False,0.625,"{""inversion_rho"":null,""inversion_channel"":27.5,""period_ms"":16.499996185302734}"
194609,1,1631.2,1631.2,False,0.25,"{""inversion_rho"":null,""inversion_channel"":27.0,""period_ms"":16.499996185302734}"
194609,1,1638.2,1638.2,False,1.0,"{""inversion_rho"":null,""inversion_channel"":25.5,""period_ms"":16.499996185302734}"
194609,1,1657.8,1657.8,False,1.0,"{""inversion_rho"":null,""inversion_channel"":25.5,""period_ms"":16.250014305114746}"
194609,1,1673.4,1673.4,False,1.0,"{""inversion_rho"":null,""inversion_channel"":25.5,""period_ms"":16.250014305114746}"
194609,1,1689.2,1689.2,False,1.0,"{""inversion_rho"":null,""inversion_channel"":25.5,""period_ms"":16.250014305114746}"
194609,1,1706.2,1706.2,False,1.0,"{""inversion_rho"":null,""inversion_channel"":26.0,""period_ms"":16.250014305114746}"
194609,1,1723.0999,1723.0999,False,1.0,"{""inversion_rho"":null,""inversion_channel"":26.0,""period_ms"":16.250014305114746}"
194609,1,1737.2,1737.2,False,0.75,"{""inversion_rho"":null,""inversion_channel"":25.5,""period_ms"":16.250014305114746}"
194609,1,1754.6,1754.6,False,1.0,"{""inversion_rho"":null,""inversion_channel"":26.5,""period_ms"":16.250014305114746}"
194609,1,1770.3,1770.3,False,1.0,"{""inversion_rho"":null,""inversion_channel"":28.0,""period_ms"":16.250014305114746}"
194609,1,1785.7,1785.7,False,0.875,"{""inversion_rho"":null,""inversion_channel"":27.5,""period_ms"":16.250014305114746}"
194609,1,1802.3,1802.3,False,1.0,"{""inversion_rho"":null,""inversion_channel"":27.5,""period_ms"":16.250014305114746}"
194609,1,1813.9,1813.9,False,1.0,"{""inversion_rho"":null,""inversion_channel"":27.0,""period_ms"":16.250014305114746}"
194609,1,1835.2,1835.2,False,0.625,"{""inversion_rho"":null,""inversion_channel"":26.0,""period_ms"":16.250014305114746}"
194609,1,1851.6999,1851.6999,False,1.0,"{""inversion_rho"":null,""inversion_channel"":27.5,""period_ms"":16.250014305114746}"
194609,1,1868.7,1868.7,False,1.0,"{""inversion_rho"":null,""inversion_channel"":27.5,""period_ms"":16.250014305114746}"
194609,1,1885.4001,1885.4001,False,1.0,"{""inversion_rho"":null,""inversion_channel"":26.5,""period_ms"":16.250014305114746}"
194609,1,1903.1,1903.1,False,1.0,"{""inversion_rho"":null,""inversion_channel"":27.0,""period_ms"":16.250014305114746}"
194609,1,1918.3,1918.3,False,1.0,"{""inversion_rho"":null,""inversion_channel"":26.0,""period_ms"":16.250014305114746}"
194609,1,1933.5999,1933.5999,False,1.0,"{""inversion_rho"":null,""inversion_channel"":27.5,""period_ms"":16.250014305114746}"
194609,1,1951.0,1951.0,False,1.0,"{""inversion_rho"":null,""inversion_channel"":27.5,""period_ms"":16.250014305114746}"
194609,1,1968.5,1968.5,False,1.0,"{""inversion_rho"":null,""inversion_channel"":27.5,""period_ms"":16.250014305114746}"
194609,1,1983.9,1983.9,False,0.75,"{""inversion_rho"":null,""inversion_channel"":27.0,""period_ms"":16.250014305114746}"
194609,1,1999.8,1999.8,False,1.0,"{""inversion_rho"":null,""inversion_channel"":27.5,""period_ms"":16.250014305114746}"
194609,1,2015.7001,2015.7001,False,1.0,"{""inversion_rho"":null,""inversion_channel"":27.5,""period_ms"":16.250014305114746}"
194609,1,2032.3,2032.3,False,1.0,"{""inversion_rho"":null,""inversion_channel"":27.5,""period_ms"":16.250014305114746}"
194609,1,2049.0999,2049.0999,False,1.0,"{""inversion_rho"":null,""inversion_channel"":27.5,""period_ms"":16.250014305114746}"
194609,1,2065.1,2065.1,False,0.25,"{""inversion_rho"":null,""inversion_channel"":28.5,""period_ms"":16.250014305114746}"
194609,1,2081.7001,2081.7001,False,1.0,"{""inversion_rho"":null,""inversion_channel"":27.5,""period_ms"":16.250014305114746}"
194609,1,2097.7001,2097.7001,False,1.0,"{""inversion_rho"":null,""inversion_channel"":26.5,""period_ms"":16.250014305114746}"
194609,1,2113.1001,2113.1001,False,1.0,"{""inversion_rho"":null,""inversion_channel"":26.5,""period_ms"":16.250014305114746}"
194609,1,2127.3999,2127.3999,False,1.0,"{""inversion_rho"":null,""inversion_channel"":27.5,""period_ms"":16.250014305114746}"
194609,1,2155.9999,2155.9999,False,1.0,"{""inversion_rho"":null,""inversion_channel"":14.5,""period_ms"":16.250014305114746}"
194609,1,2166.1,2166.1,False,1.0,"{""inversion_rho"":null,""inversion_channel"":17.0,""period_ms"":12.30001449584961}"
194609,1,2173.3999,2173.3999,False,0.375,"{""inversion_rho"":null,""inversion_channel"":25.5,""period_ms"":12.30001449584961}"
194609,1,2189.6,2189.6,False,0.375,"{""inversion_rho"":null,""inversion_channel"":26.5,""period_ms"":12.30001449584961}"
194609,1,2207.7999,2207.7999,False,1.0,"{""inversion_rho"":null,""inversion_channel"":23.0,""period_ms"":12.30001449584961}"
194609,1,2217.0999,2217.0999,False,1.0,"{""inversion_rho"":null,""inversion_channel"":20.5,""period_ms"":12.30001449584961}"
194609,1,2224.4999,2224.4999,False,0.25,"{""inversion_rho"":null,""inversion_channel"":26.5,""period_ms"":12.30001449584961}"
194609,1,2230.4001,2230.4001,False,1.0,"{""inversion_rho"":null,""inversion_channel"":27.5,""period_ms"":12.30001449584961}"
194609,1,2243.0999,2243.0999,False,1.0,"{""inversion_rho"":null,""inversion_channel"":27.5,""period_ms"":12.30001449584961}"
194609,1,2268.5001,2268.5001,False,1.0,"{""inversion_rho"":null,""inversion_channel"":26.0,""period_ms"":12.30001449584961}"
194609,1,2281.6,2281.6,False,1.0,"{""inversion_rho"":null,""inversion_channel"":25.5,""period_ms"":12.30001449584961}"
194609,1,2303.9999,2303.9999,False,0.75,"{""inversion_rho"":null,""inversion_channel"":27.5,""period_ms"":12.30001449584961}"
194609,1,2316.0999,2316.0999,False,1.0,"{""inversion_rho"":null,""inversion_channel"":29.5,""period_ms"":12.30001449584961}"
194609,1,2328.3999,2328.3999,False,1.0,"{""inversion_rho"":null,""inversion_channel"":27.0,""period_ms"":12.30001449584961}"
194609,1,2341.5,2341.5,False,1.0,"{""inversion_rho"":null,""inversion_channel"":23.5,""period_ms"":12.30001449584961}"
194609,1,2349.2999,2349.2999,False,0.25,"{""inversion_rho"":null,""inversion_channel"":17.5,""period_ms"":12.30001449584961}"
194609,1,2354.7001,2354.7001,False,1.0,"{""inversion_rho"":null,""inversion_channel"":26.5,""period_ms"":12.30001449584961}"
194609,1,2383.5001,2383.5001,False,1.0,"{""inversion_rho"":null,""inversion_channel"":19.5,""period_ms"":13.049960136413574}"
194609,1,2395.1001,2395.1001,False,1.0,"{""inversion_rho"":null,""inversion_channel"":26.0,""period_ms"":13.049960136413574}"
194609,1,2407.3,2407.3,False,1.0,"{""inversion_rho"":null,""inversion_channel"":26.5,""period_ms"":13.049960136413574}"
194609,1,2426.8,2426.8,False,1.0,"{""inversion_rho"":null,""inversion_channel"":26.5,""period_ms"":13.049960136413574}"
194609,1,2441.4999,2441.4999,False,0.375,"{""inversion_rho"":null,""inversion_channel"":25.5,""period_ms"":13.049960136413574}"
194609,1,2455.3001,2455.3001,False,1.0,"{""inversion_rho"":null,""inversion_channel"":24.5,""period_ms"":13.049960136413574}"
194609,1,2467.2999,2467.2999,False,0.625,"{""inversion_rho"":null,""inversion_channel"":26.5,""period_ms"":13.049960136413574}"
194609,1,2481.6999,2481.6999,False,1.0,"{""inversion_rho"":null,""inversion_channel"":25.5,""period_ms"":13.049960136413574}"
194609,1,2493.5999,2493.5999,False,0.25,"{""inversion_rho"":null,""inversion_channel"":19.5,""period_ms"":13.049960136413574}"
194609,1,2506.5999,2506.5999,False,1.0,"{""inversion_rho"":null,""inversion_channel"":27.5,""period_ms"":13.049960136413574}"
194609,1,2519.1,2519.1,False,1.0,"{""inversion_rho"":null,""inversion_channel"":25.5,""period_ms"":13.049960136413574}"
194609,1,2530.2,2530.2,False,0.25,"{""inversion_rho"":null,""inversion_channel"":26.5,""period_ms"":13.049960136413574}"
194609,1,2543.2999,2543.2999,False,1.0,"{""inversion_rho"":null,""inversion_channel"":25.5,""period_ms"":13.049960136413574}"
194609,1,2565.1,2565.1,False,1.0,"{""inversion_rho"":null,""inversion_channel"":25.0,""period_ms"":13.049960136413574}"
194609,1,2594.7001,2594.7001,False,0.25,"{""inversion_rho"":null,""inversion_channel"":26.0,""period_ms"":13.049960136413574}"
194609,1,2604.7001,2604.7001,False,1.0,"{""inversion_rho"":null,""inversion_channel"":25.5,""period_ms"":12.50004768371582}"
194609,1,2620.8999,2620.8999,False,1.0,"{""inversion_rho"":null,""inversion_channel"":30.5,""period_ms"":12.50004768371582}"
194609,1,2633.4,2633.4,False,1.0,"{""inversion_rho"":null,""inversion_channel"":28.0,""period_ms"":12.50004768371582}"
194609,1,2644.9001,2644.9001,False,0.625,"{""inversion_rho"":null,""inversion_channel"":26.5,""period_ms"":12.50004768371582}"
194609,1,2657.3,2657.3,False,1.0,"{""inversion_rho"":null,""inversion_channel"":26.0,""period_ms"":12.50004768371582}"
194609,1,2670.3999,2670.3999,False,1.0,"{""inversion_rho"":null,""inversion_channel"":26.5,""period_ms"":12.50004768371582}"
194609,1,2682.4999,2682.4999,False,0.5,"{""inversion_rho"":null,""inversion_channel"":28.5,""period_ms"":12.50004768371582}"
194609,1,2696.1,2696.1,False,1.0,"{""inversion_rho"":null,""inversion_channel"":22.5,""period_ms"":12.50004768371582}"
194609,1,2708.6,2708.6,False,0.625,"{""inversion_rho"":null,""inversion_channel"":25.5,""period_ms"":12.50004768371582}"
194609,1,2734.9,2734.9,False,0.375,"{""inversion_rho"":null,""inversion_channel"":25.5,""period_ms"":12.50004768371582}"
194609,1,2746.5999,2746.5999,False,1.0,"{""inversion_rho"":null,""inversion_channel"":25.5,""period_ms"":12.50004768371582}"
194609,1,2759.5,2759.5,False,1.0,"{""inversion_rho"":null,""inversion_channel"":27.5,""period_ms"":12.50004768371582}"
194609,1,2772.5999,2772.5999,False,0.75,"{""inversion_rho"":null,""inversion_channel"":28.5,""period_ms"":12.50004768371582}"
194609,1,2785.1,2785.1,False,0.375,"{""inversion_rho"":null,""inversion_channel"":26.0,""period_ms"":12.50004768371582}"
194609,1,2834.1999,2834.1999,False,1.0,"{""inversion_rho"":null,""inversion_channel"":23.5,""period_ms"":18.149971961975098}"
194609,1,2849.9,2849.9,False,1.0,"{""inversion_rho"":null,""inversion_channel"":21.5,""period_ms"":18.149971961975098}"
194609,1,2865.6001,2865.6001,False,0.5,"{""inversion_rho"":null,""inversion_channel"":28.5,""period_ms"":18.149971961975098}"
194609,1,2881.5999,2881.5999,False,1.0,"{""inversion_rho"":null,""inversion_channel"":25.5,""period_ms"":18.149971961975098}"
194609,1,2897.0001,2897.0001,False,0.5,"{""inversion_rho"":null,""inversion_channel"":27.0,""period_ms"":18.149971961975098}"
194609,1,2927.9001,2927.9001,False,1.0,"{""inversion_rho"":null,""inversion_channel"":24.0,""period_ms"":18.149971961975098}"
194609,1,2951.4999,2951.4999,False,1.0,"{""inversion_rho"":null,""inversion_channel"":24.5,""period_ms"":18.149971961975098}"
194609,1,2967.7,2967.7,False,1.0,"{""inversion_rho"":null,""inversion_channel"":24.5,""period_ms"":18.149971961975098}"
194609,1,2983.4001,2983.4001,False,1.0,"{""inversion_rho"":null,""inversion_channel"":26.0,""period_ms"":18.149971961975098}"
194609,1,2997.7,2997.7,False,0.5,"{""inversion_rho"":null,""inversion_channel"":4.5,""period_ms"":18.149971961975098}"
194609,1,3012.3,3012.3,False,1.0,"{""inversion_rho"":null,""inversion_channel"":24.5,""period_ms"":18.149971961975098}"
194609,1,3035.0001,3035.0001,False,1.0,"{""inversion_rho"":null,""inversion_channel"":22.5,""period_ms"":18.149971961975098}"
194609,1,3063.0,3063.0,False,0.875,"{""inversion_rho"":null,""inversion_channel"":25.5,""period_ms"":18.149971961975098}"
194609,1,3076.9,3076.9,False,1.0,"{""inversion_rho"":null,""inversion_channel"":24.5,""period_ms"":18.149971961975098}"
194609,1,3099.4,3099.4,False,1.0,"{""inversion_rho"":null,""inversion_channel"":25.0,""period_ms"":18.149971961975098}"
194609,1,3121.7999,3121.7999,False,1.0,"{""inversion_rho"":null,""inversion_channel"":23.5,""period_ms"":18.149971961975098}"
194609,1,3142.4,3142.4,False,1.0,"{""inversion_rho"":null,""inversion_channel"":25.5,""period_ms"":18.149971961975098}"
194609,1,3159.9,3159.9,False,1.0,"{""inversion_rho"":null,""inversion_channel"":25.5,""period_ms"":18.149971961975098}"
194609,1,3180.3999,3180.3999,False,1.0,"{""inversion_rho"":null,""inversion_channel"":24.5,""period_ms"":18.149971961975098}"
194609,1,3200.4001,3200.4001,False,1.0,"{""inversion_rho"":null,""inversion_channel"":26.0,""period_ms"":18.149971961975098}"
194609,1,3217.5,3217.5,False,1.0,"{""inversion_rho"":null,""inversion_channel"":24.5,""period_ms"":18.149971961975098}"
194609,1,3237.4001,3237.4001,False,1.0,"{""inversion_rho"":null,""inversion_channel"":26.0,""period_ms"":18.149971961975098}"
194609,1,3253.9999,3253.9999,False,0.5,"{""inversion_rho"":null,""inversion_channel"":26.5,""period_ms"":18.149971961975098}"
194609,1,3265.5001,3265.5001,False,1.0,"{""inversion_rho"":null,""inversion_channel"":25.5,""period_ms"":18.149971961975098}"
194609,1,3288.1999,3288.1999,False,1.0,"{""inversion_rho"":null,""inversion_channel"":23.5,""period_ms"":18.149971961975098}"
194609,1,3310.3001,3310.3001,False,1.0,"{""inversion_rho"":null,""inversion_channel"":26.0,""period_ms"":18.149971961975098}"
194609,1,3337.1999,3337.1999,False,1.0,"{""inversion_rho"":null,""inversion_channel"":23.5,""period_ms"":18.149971961975098}"
194609,1,3363.4,3363.4,False,1.0,"{""inversion_rho"":null,""inversion_channel"":25.5,""period_ms"":18.149971961975098}"
194609,1,3385.6001,3385.6001,False,1.0,"{""inversion_rho"":null,""inversion_channel"":24.5,""period_ms"":18.149971961975098}"
194609,1,3404.5,3404.5,False,1.0,"{""inversion_rho"":null,""inversion_channel"":26.5,""period_ms"":18.149971961975098}"
194609,1,3422.1001,3422.1001,False,1.0,"{""inversion_rho"":null,""inversion_channel"":25.5,""period_ms"":18.149971961975098}"
194609,1,3440.8,3440.8,False,1.0,"{""inversion_rho"":null,""inversion_channel"":26.0,""period_ms"":18.149971961975098}"
194609,1,3458.4,3458.4,False,1.0,"{""inversion_rho"":null,""inversion_channel"":26.5,""period_ms"":18.149971961975098}"
194609,1,3474.0,3474.0,False,0.25,"{""inversion_rho"":null,""inversion_channel"":26.5,""period_ms"":18.149971961975098}"
194609,1,3480.9,3480.9,False,1.0,"{""inversion_rho"":null,""inversion_channel"":26.0,""period_ms"":18.149971961975098}"
194609,1,3502.1,3502.1,False,1.0,"{""inversion_rho"":null,""inversion_channel"":25.5,""period_ms"":10.849952697753906}"
194609,1,3516.4001,3516.4001,False,0.5,"{""inversion_rho"":null,""inversion_channel"":19.5,""period_ms"":10.849952697753906}"
194609,1,3523.7999,3523.7999,False,1.0,"{""inversion_rho"":null,""inversion_channel"":25.5,""period_ms"":10.849952697753906}"
194609,1,3544.8999,3544.8999,False,1.0,"{""inversion_rho"":null,""inversion_channel"":26.5,""period_ms"":11.900067329406738}"
194609,1,3561.6,3561.6,False,0.375,"{""inversion_rho"":null,""inversion_channel"":28.5,""period_ms"":11.900067329406738}"
194609,1,3568.7001,3568.7001,False,1.0,"{""inversion_rho"":null,""inversion_channel"":25.5,""period_ms"":11.900067329406738}"
194609,1,3589.6001,3589.6001,False,1.0,"{""inversion_rho"":null,""inversion_channel"":27.5,""period_ms"":null}"
194609,1,3604.7001,3604.7001,False,0.5,"{""inversion_rho"":null,""inversion_channel"":28.5,""period_ms"":null}"
194609,1,3610.6999,3610.6999,False,1.0,"{""inversion_rho"":null,""inversion_channel"":27.5,""period_ms"":15.94996452331543}"
194609,1,3631.3,3631.3,False,1.0,"{""inversion_rho"":null,""inversion_channel"":26.5,""period_ms"":15.94996452331543}"
194609,1,3653.1,3653.1,False,1.0,"{""inversion_rho"":null,""inversion_channel"":27.5,""period_ms"":15.94996452331543}"
194609,1,3675.2,3675.2,False,1.0,"{""inversion_rho"":null,""inversion_channel"":25.0,""period_ms"":15.94996452331543}"
194609,1,3693.8,3693.8,False,1.0,"{""inversion_rho"":null,""inversion_channel"":28.5,""period_ms"":15.94996452331543}"
194609,1,3710.5,3710.5,False,1.0,"{""inversion_rho"":null,""inversion_channel"":27.5,""period_ms"":15.94996452331543}"
194609,1,3725.3001,3725.3001,False,1.0,"{""inversion_rho"":null,""inversion_channel"":26.5,""period_ms"":15.94996452331543}"
194609,1,3740.5,3740.5,False,1.0,"{""inversion_rho"":null,""inversion_channel"":27.5,""period_ms"":15.94996452331543}"
194609,1,3755.5001,3755.5001,False,0.5,"{""inversion_rho"":null,""inversion_channel"":27.5,""period_ms"":15.94996452331543}"
194609,1,3768.8999,3768.8999,False,0.375,"{""inversion_rho"":null,""inversion_channel"":27.5,""period_ms"":15.94996452331543}"
194609,1,3775.8,3775.8,False,1.0,"{""inversion_rho"":null,""inversion_channel"":28.5,""period_ms"":15.94996452331543}"
194609,1,3799.5,3799.5,False,1.0,"{""inversion_rho"":null,""inversion_channel"":27.5,""period_ms"":11.800050735473633}"
194609,1,3815.3999,3815.3999,False,0.5,"{""inversion_rho"":null,""inversion_channel"":27.0,""period_ms"":11.800050735473633}"
194609,1,3823.1001,3823.1001,False,1.0,"{""inversion_rho"":null,""inversion_channel"":27.5,""period_ms"":11.800050735473633}"
194609,1,3846.0,3846.0,False,1.0,"{""inversion_rho"":null,""inversion_channel"":26.5,""period_ms"":22.4001407623291}"
194609,1,3868.4001,3868.4001,False,1.0,"{""inversion_rho"":null,""inversion_channel"":26.5,""period_ms"":22.4001407623291}"
194609,1,3885.0,3885.0,False,1.0,"{""inversion_rho"":null,""inversion_channel"":26.5,""period_ms"":22.4001407623291}"
194609,1,3912.6,3912.6,False,0.625,"{""inversion_rho"":null,""inversion_channel"":29.5,""period_ms"":22.4001407623291}"
194609,1,3918.2,3918.2,False,1.0,"{""inversion_rho"":null,""inversion_channel"":27.5,""period_ms"":15.500068664550781}"
194609,1,3933.7001,3933.7001,False,0.625,"{""inversion_rho"":null,""inversion_channel"":18.5,""period_ms"":15.500068664550781}"
194609,1,3940.0001,3940.0001,False,1.0,"{""inversion_rho"":null,""inversion_channel"":27.5,""period_ms"":15.500068664550781}"
194609,1,3955.6,3955.6,False,0.25,"{""inversion_rho"":null,""inversion_channel"":27.5,""period_ms"":15.500068664550781}"
194609,1,3962.4,3962.4,False,1.0,"{""inversion_rho"":null,""inversion_channel"":27.5,""period_ms"":15.500068664550781}"
194609,1,3978.4999,3978.4999,False,0.625,"{""inversion_rho"":null,""inversion_channel"":28.5,""period_ms"":15.500068664550781}"
194609,1,3984.2999,3984.2999,False,1.0,"{""inversion_rho"":null,""inversion_channel"":27.5,""period_ms"":7.6999664306640625}"
194609,1,3999.5999,3999.5999,False,0.75,"{""inversion_rho"":null,""inversion_channel"":29.0,""period_ms"":7.6999664306640625}"
194609,1,4007.2999,4007.2999,False,0.625,"{""inversion_rho"":null,""inversion_channel"":28.5,""period_ms"":7.6999664306640625}"
194609,1,4013.2999,4013.2999,False,1.0,"{""inversion_rho"":null,""inversion_channel"":28.5,""period_ms"":7.6999664306640625}"
194609,1,4039.5002,4039.5002,False,1.0,"{""inversion_rho"":null,""inversion_channel"":26.5,""period_ms"":21.699905395507812}"
194609,1,4056.9,4056.9,False,0.5,"{""inversion_rho"":null,""inversion_channel"":27.5,""period_ms"":21.699905395507812}"
194609,1,4082.9,4082.9,False,0.75,"{""inversion_rho"":null,""inversion_channel"":27.5,""period_ms"":21.699905395507812}"
194609,1,4091.8999,4091.8999,False,1.0,"{""inversion_rho"":null,""inversion_channel"":26.0,""period_ms"":6.899833679199219}"
194609,1,4108.6998,4108.6998,False,1.0,"{""inversion_rho"":null,""inversion_channel"":24.5,""period_ms"":6.899833679199219}"
194609,1,4118.0,4118.0,False,1.0,"{""inversion_rho"":null,""inversion_channel"":21.0,""period_ms"":6.899833679199219}"
194609,1,4125.5999,4125.5999,False,1.0,"{""inversion_rho"":null,""inversion_channel"":26.5,""period_ms"":6.899833679199219}"
194609,1,4131.4001,4131.4001,False,1.0,"{""inversion_rho"":null,""inversion_channel"":28.0,""period_ms"":6.899833679199219}"
194609,1,4137.5999,4137.5999,False,1.0,"{""inversion_rho"":null,""inversion_channel"":27.5,""period_ms"":6.899833679199219}"
194609,1,4143.0998,4143.0998,False,0.75,"{""inversion_rho"":null,""inversion_channel"":22.5,""period_ms"":6.899833679199219}"
194609,1,4157.8002,4157.8002,False,1.0,"{""inversion_rho"":null,""inversion_channel"":7.5,""period_ms"":null}"
194609,1,432.0,932.4,True,1.0,"{""inversion_rho"":null,""inversion_channel"":21.75,""period_ms"":18.099993467330933}"
194609,1,941.1,1638.2,True,1.0,"{""inversion_rho"":null,""inversion_channel"":26.5,""period_ms"":16.499996185302734}"
194609,1,1657.8,2155.9999,True,1.0,"{""inversion_rho"":null,""inversion_channel"":27.0,""period_ms"":16.250014305114746}"
194609,1,2166.1,2354.7001,True,1.0,"{""inversion_rho"":null,""inversion_channel"":26.25,""period_ms"":12.30001449584961}"
194609,1,2383.5001,2594.7001,True,1.0,"{""inversion_rho"":null,""inversion_channel"":25.5,""period_ms"":13.049960136413574}"
194609,1,2604.7001,2785.1,True,1.0,"{""inversion_rho"":null,""inversion_channel"":26.25,""period_ms"":12.50004768371582}"
194609,1,2834.1999,3480.9,True,1.0,"{""inversion_rho"":null,""inversion_channel"":25.5,""period_ms"":18.149971961975098}"
194609,1,3502.1,3523.7999,True,1.0,"{""inversion_rho"":null,""inversion_channel"":25.5,""period_ms"":10.849952697753906}"
194609,1,3544.8999,3568.7001,True,1.0,"{""inversion_rho"":null,""inversion_channel"":26.5,""period_ms"":11.900067329406738}"
194609,1,3610.6999,3775.8,True,1.0,"{""inversion_rho"":null,""inversion_channel"":27.5,""period_ms"":15.94996452331543}"
194609,1,3799.5,3823.1001,True,1.0,"{""inversion_rho"":null,""inversion_channel"":27.5,""period_ms"":11.800050735473633}"
194609,1,3846.0,3912.6,True,1.0,"{""inversion_rho"":null,""inversion_channel"":26.5,""period_ms"":22.4001407623291}"
194609,1,3918.2,3978.4999,True,1.0,"{""inversion_rho"":null,""inversion_channel"":27.5,""period_ms"":15.500068664550781}"
194609,1,3984.2999,4013.2999,True,1.0,"{""inversion_rho"":null,""inversion_channel"":28.5,""period_ms"":7.6999664306640625}"
194609,1,4039.5002,4082.9,True,1.0,"{""inversion_rho"":null,""inversion_channel"":27.5,""period_ms"":21.699905395507812}"
194609,1,4091.8999,4143.0998,True,1.0,"{""inversion_rho"":null,""inversion_channel"":26.0,""period_ms"":6.899833679199219}"
194837,1,6075.7999,6075.7999,False,1.0,"{""inversion_rho"":null,""inversion_channel"":21.0,""period_ms"":null}"
194843,1,128.8,128.8,False,0.75,"{""inversion_rho"":null,""inversion_channel"":26.5,""period_ms"":null}"
194843,1,1661.7,1661.7,False,1.0,"{""inversion_rho"":null,""inversion_channel"":40.5,""period_ms"":null}"
194843,1,1670.1,1670.1,False,1.0,"{""inversion_rho"":null,""inversion_channel"":33.5,""period_ms"":null}"
194843,1,1884.4,1884.4,False,1.0,"{""inversion_rho"":null,""inversion_channel"":14.5,""period_ms"":160.19994020462036}"
194843,1,2104.3999,2104.3999,False,0.375,"{""inversion_rho"":null,""inversion_channel"":40.0,""period_ms"":160.19994020462036}"
194843,1,2204.7999,2204.7999,False,0.625,"{""inversion_rho"":null,""inversion_channel"":40.5,""period_ms"":160.19994020462036}"
194843,1,1884.4,2204.7999,True,1.0,"{""inversion_rho"":null,""inversion_channel"":40.0,""period_ms"":160.19994020462036}"
194959,1,46.0,46.0,False,0.25,"{""inversion_rho"":null,""inversion_channel"":6.5,""period_ms"":null}"
194959,1,56.7,56.7,False,0.25,"{""inversion_rho"":null,""inversion_channel"":6.5,""period_ms"":null}"
194959,1,86.5,86.5,False,0.625,"{""inversion_rho"":null,""inversion_channel"":4.5,""period_ms"":null}"
194959,1,1914.1999,1914.1999,False,1.0,"{""inversion_rho"":null,""inversion_channel"":17.5,""period_ms"":18.600046634674072}"
194959,1,1939.7,1939.7,False,0.25,"{""inversion_rho"":null,""inversion_channel"":18.5,""period_ms"":18.600046634674072}"
194959,1,1951.4,1951.4,False,1.0,"{""inversion_rho"":null,""inversion_channel"":18.0,""period_ms"":18.600046634674072}"
194959,1,1983.9,1983.9,False,0.25,"{""inversion_rho"":null,""inversion_channel"":17.5,""period_ms"":8.39996337890625}"
194959,1,1989.2,1989.2,False,1.0,"{""inversion_rho"":null,""inversion_channel"":18.0,""period_ms"":8.39996337890625}"
194959,1,1998.4,1998.4,False,0.375,"{""inversion_rho"":null,""inversion_channel"":18.0,""period_ms"":8.39996337890625}"
194959,1,2006.7999,2006.7999,False,1.0,"{""inversion_rho"":null,""inversion_channel"":17.0,""period_ms"":8.39996337890625}"
194959,1,2034.6999,2034.6999,False,1.0,"{""inversion_rho"":null,""inversion_channel"":17.5,""period_ms"":16.499996185302734}"
194959,1,2043.9,2043.9,False,1.0,"{""inversion_rho"":null,""inversion_channel"":17.5,""period_ms"":16.499996185302734}"
194959,1,2060.4,2060.4,False,1.0,"{""inversion_rho"":null,""inversion_channel"":16.5,""period_ms"":16.499996185302734}"
194959,1,2088.3999,2088.3999,False,1.0,"{""inversion_rho"":null,""inversion_channel"":18.5,""period_ms"":16.499996185302734}"
194959,1,2094.3999,2094.3999,False,1.0,"{""inversion_rho"":null,""inversion_channel"":17.5,""period_ms"":19.00005340576172}"
194959,1,2109.6001,2109.6001,False,0.375,"{""inversion_rho"":null,""inversion_channel"":19.0,""period_ms"":19.00005340576172}"
194959,1,2131.9001,2131.9001,False,0.75,"{""inversion_rho"":null,""inversion_channel"":18.0,""period_ms"":19.00005340576172}"
194959,1,2156.8999,2156.8999,False,1.0,"{""inversion_rho"":null,""inversion_channel"":17.5,""period_ms"":19.00005340576172}"
194959,1,2171.7,2171.7,False,0.25,"{""inversion_rho"":null,""inversion_channel"":21.5,""period_ms"":19.00005340576172}"
194959,1,2190.7001,2190.7001,False,0.75,"{""inversion_rho"":null,""inversion_channel"":18.0,""period_ms"":19.00005340576172}"
194959,1,2201.2,2201.2,False,1.0,"{""inversion_rho"":null,""inversion_channel"":17.5,""period_ms"":19.00005340576172}"
194959,1,2225.4,2225.4,False,1.0,"{""inversion_rho"":null,""inversion_channel"":18.5,""period_ms"":19.00005340576172}"
194959,1,2232.6,2232.6,False,0.75,"{""inversion_rho"":null,""inversion_channel"":19.5,""period_ms"":9.750008583068848}"
194959,1,2243.0,2243.0,False,0.75,"{""inversion_rho"":null,""inversion_channel"":18.5,""period_ms"":9.750008583068848}"
194959,1,2252.1,2252.1,False,0.5,"{""inversion_rho"":null,""inversion_channel"":18.5,""period_ms"":9.750008583068848}"
194959,1,2285.2001,2285.2001,False,0.625,"{""inversion_rho"":null,""inversion_channel"":19.0,""period_ms"":14.149904251098633}"
194959,1,2300.2,2300.2,False,1.0,"{""inversion_rho"":null,""inversion_channel"":18.5,""period_ms"":14.149904251098633}"
194959,1,2313.4999,2313.4999,False,0.375,"{""inversion_rho"":null,""inversion_channel"":20.0,""period_ms"":14.149904251098633}"
194959,1,2328.8,2328.8,False,0.375,"{""inversion_rho"":null,""inversion_channel"":36.0,""period_ms"":14.149904251098633}"
194959,1,2336.0,2336.0,False,0.375,"{""inversion_rho"":null,""inversion_channel"":19.0,""period_ms"":14.149904251098633}"
194959,1,2343.2,2343.2,False,0.375,"{""inversion_rho"":null,""inversion_channel"":18.0,""period_ms"":14.149904251098633}"
194959,1,2355.7,2355.7,False,1.0,"{""inversion_rho"":null,""inversion_channel"":18.0,""period_ms"":14.149904251098633}"
194959,1,2380.0001,2380.0001,False,0.25,"{""inversion_rho"":null,""inversion_channel"":18.5,""period_ms"":14.149904251098633}"
194959,1,2391.0999,2391.0999,False,1.0,"{""inversion_rho"":null,""inversion_channel"":17.0,""period_ms"":14.149904251098633}"
194959,1,2411.7999,2411.7999,False,0.875,"{""inversion_rho"":null,""inversion_channel"":18.0,""period_ms"":14.149904251098633}"
194959,1,2439.1999,2439.1999,False,1.0,"{""inversion_rho"":null,""inversion_channel"":17.5,""period_ms"":14.149904251098633}"
194959,1,2449.5001,2449.5001,False,1.0,"{""inversion_rho"":null,""inversion_channel"":18.5,""period_ms"":22.59993553161621}"
194959,1,2463.7001,2463.7001,False,1.0,"{""inversion_rho"":null,""inversion_channel"":16.5,""period_ms"":22.59993553161621}"
194959,1,2494.7,2494.7,False,0.875,"{""inversion_rho"":null,""inversion_channel"":17.5,""period_ms"":22.59993553161621}"
194959,1,2500.0,2500.0,False,1.0,"{""inversion_rho"":null,""inversion_channel"":17.5,""period_ms"":9.799957275390625}"
194959,1,2509.8,2509.8,False,0.875,"{""inversion_rho"":null,""inversion_channel"":20.0,""period_ms"":9.799957275390625}"
194959,1,2526.4001,2526.4001,False,1.0,"{""inversion_rho"":null,""inversion_channel"":18.0,""period_ms"":9.799957275390625}"
194959,1,2533.9999,2533.9999,False,1.0,"{""inversion_rho"":null,""inversion_channel"":18.5,""period_ms"":9.799957275390625}"
194959,1,2563.8001,2563.8001,False,1.0,"{""inversion_rho"":null,""inversion_channel"":16.5,""period_ms"":null}"
194959,1,2603.1001,2603.1001,False,1.0,"{""inversion_rho"":null,""inversion_channel"":17.5,""period_ms"":null}"
194959,1,2611.9001,2611.9001,False,1.0,"{""inversion_rho"":null,""inversion_channel"":18.5,""period_ms"":12.899994850158691}"
194959,1,2627.0001,2627.0001,False,0.25,"{""inversion_rho"":null,""inversion_channel"":17.0,""period_ms"":12.899994850158691}"
194959,1,2637.7001,2637.7001,False,1.0,"{""inversion_rho"":null,""inversion_channel"":15.5,""period_ms"":12.899994850158691}"
194959,1,2680.7001,2680.7001,False,1.0,"{""inversion_rho"":null,""inversion_channel"":17.5,""period_ms"":32.89985656738281}"
194959,1,2692.6,2692.6,False,1.0,"{""inversion_rho"":null,""inversion_channel"":20.0,""period_ms"":32.89985656738281}"
194959,1,2708.8001,2708.8001,False,1.0,"{""inversion_rho"":null,""inversion_channel"":18.5,""period_ms"":32.89985656738281}"
194959,1,2741.6999,2741.6999,False,1.0,"{""inversion_rho"":null,""inversion_channel"":14.5,""period_ms"":32.89985656738281}"
194959,1,2788.3999,2788.3999,False,1.0,"{""inversion_rho"":null,""inversion_channel"":17.5,""period_ms"":32.89985656738281}"
194959,1,2838.2001,2838.2001,False,1.0,"{""inversion_rho"":null,""inversion_channel"":14.5,""period_ms"":32.89985656738281}"
194959,1,2845.5,2845.5,False,1.0,"{""inversion_rho"":null,""inversion_channel"":16.5,""period_ms"":20.799875259399414}"
194959,1,2895.6001,2895.6001,False,1.0,"{""inversion_rho"":null,""inversion_channel"":16.5,""period_ms"":20.799875259399414}"
194959,1,2916.4,2916.4,False,1.0,"{""inversion_rho"":null,""inversion_channel"":17.0,""period_ms"":20.799875259399414}"
194959,1,2927.9001,2927.9001,False,1.0,"{""inversion_rho"":null,""inversion_channel"":2.5,""period_ms"":20.799875259399414}"
194959,1,2964.0,2964.0,False,1.0,"{""inversion_rho"":null,""inversion_channel"":17.5,""period_ms"":10.999917984008789}"
194959,1,2972.5001,2972.5001,False,1.0,"{""inversion_rho"":null,""inversion_channel"":38.5,""period_ms"":10.999917984008789}"
194959,1,2987.9,2987.9,False,1.0,"{""inversion_rho"":null,""inversion_channel"":17.5,""period_ms"":10.999917984008789}"
194959,1,2998.8999,2998.8999,False,1.0,"{""inversion_rho"":null,""inversion_channel"":26.5,""period_ms"":10.999917984008789}"
194959,1,3035.2001,3035.2001,False,1.0,"{""inversion_rho"":null,""inversion_channel"":17.5,""period_ms"":26.599884033203125}"
194959,1,3067.1,3067.1,False,1.0,"{""inversion_rho"":null,""inversion_channel"":17.5,""period_ms"":26.599884033203125}"
194959,1,3112.6001,3112.6001,False,1.0,"{""inversion_rho"":null,""inversion_channel"":37.5,""period_ms"":26.599884033203125}"
194959,1,3136.3001,3136.3001,False,1.0,"{""inversion_rho"":null,""inversion_channel"":18.5,""period_ms"":26.599884033203125}"
194959,1,3173.1999,3173.1999,False,1.0,"{""inversion_rho"":null,""inversion_channel"":39.5,""period_ms"":26.599884033203125}"
194959,1,3198.8001,3198.8001,False,1.0,"{""inversion_rho"":null,""inversion_channel"":18.5,""period_ms"":26.599884033203125}"
194959,1,3213.7001,3213.7001,False,1.0,"{""inversion_rho"":null,""inversion_channel"":11.5,""period_ms"":26.599884033203125}"
194959,1,3240.2999,3240.2999,False,1.0,"{""inversion_rho"":null,""inversion_channel"":11.5,""period_ms"":26.599884033203125}"
194959,1,3280.6001,3280.6001,False,1.0,"{""inversion_rho"":null,""inversion_channel"":22.0,""period_ms"":26.599884033203125}"
194959,1,3313.9,3313.9,False,1.0,"{""inversion_rho"":null,""inversion_channel"":11.0,""period_ms"":26.599884033203125}"
194959,1,3329.9,3329.9,False,1.0,"{""inversion_rho"":null,""inversion_channel"":39.5,""period_ms"":26.599884033203125}"
194959,1,3338.0001,3338.0001,False,1.0,"{""inversion_rho"":null,""inversion_channel"":25.0,""period_ms"":26.599884033203125}"
194959,1,3361.5,3361.5,False,1.0,"{""inversion_rho"":null,""inversion_channel"":27.5,""period_ms"":null}"
194959,1,3370.5001,3370.5001,False,1.0,"{""inversion_rho"":null,""inversion_channel"":39.5,""period_ms"":null}"
194959,1,3420.7001,3420.7001,False,1.0,"{""inversion_rho"":null,""inversion_channel"":14.0,""period_ms"":31.599998474121094}"
194959,1,3432.6999,3432.6999,False,1.0,"{""inversion_rho"":null,""inversion_channel"":29.5,""period_ms"":31.599998474121094}"
194959,1,3452.8999,3452.8999,False,1.0,"{""inversion_rho"":null,""inversion_channel"":39.5,""period_ms"":31.599998474121094}"
194959,1,3503.3,3503.3,False,1.0,"{""inversion_rho"":null,""inversion_channel"":30.5,""period_ms"":31.599998474121094}"
194959,1,3534.9,3534.9,False,1.0,"{""inversion_rho"":null,""inversion_channel"":12.0,""period_ms"":31.599998474121094}"
194959,1,3573.7,3573.7,False,1.0,"{""inversion_rho"":null,""inversion_channel"":31.5,""period_ms"":31.599998474121094}"
194959,1,4031.1999,4031.1999,False,1.0,"{""inversion_rho"":null,""inversion_channel"":17.5,""period_ms"":6.800174713134766}"
194959,1,4042.5,4042.5,False,0.625,"{""inversion_rho"":null,""inversion_channel"":21.0,""period_ms"":6.800174713134766}"
194959,1,4049.0999,4049.0999,False,1.0,"{""inversion_rho"":null,""inversion_channel"":19.0,""period_ms"":6.800174713134766}"
194959,1,4055.9001,4055.9001,False,0.5,"{""inversion_rho"":null,""inversion_channel"":18.5,""period_ms"":6.800174713134766}"
194959,1,4127.1,4127.1,False,1.0,"{""inversion_rho"":null,""inversion_channel"":18.5,""period_ms"":39.25013542175293}"
194959,1,4154.6001,4154.6001,False,1.0,"{""inversion_rho"":null,""inversion_channel"":18.5,""period_ms"":39.25013542175293}"
194959,1,4177.1998,4177.1998,False,1.0,"{""inversion_rho"":null,""inversion_channel"":18.5,""period_ms"":39.25013542175293}"
194959,1,4228.2,4228.2,False,0.25,"{""inversion_rho"":null,""inversion_channel"":18.5,""period_ms"":39.25013542175293}"
194959,1,4320.6,4320.6,False,0.375,"{""inversion_rho"":null,""inversion_channel"":18.5,""period_ms"":39.25013542175293}"
194959,1,4343.1001,4343.1001,False,1.0,"{""inversion_rho"":null,""inversion_channel"":18.0,""period_ms"":28.19991111755371}"
194959,1,4373.6,4373.6,False,1.0,"{""inversion_rho"":null,""inversion_channel"":18.5,""period_ms"":28.19991111755371}"
194959,1,4388.9999,4388.9999,False,0.625,"{""inversion_rho"":null,""inversion_channel"":36.5,""period_ms"":28.19991111755371}"
194959,1,4414.8998,4414.8998,False,1.0,"{""inversion_rho"":null,""inversion_channel"":17.5,""period_ms"":28.19991111755371}"
194959,1,4450.9001,4450.9001,False,1.0,"{""inversion_rho"":null,""inversion_channel"":18.5,""period_ms"":28.19991111755371}"
194959,1,4457.6998,4457.6998,False,1.0,"{""inversion_rho"":null,""inversion_channel"":20.0,""period_ms"":31.350135803222656}"
194959,1,4493.0,4493.0,False,1.0,"{""inversion_rho"":null,""inversion_channel"":17.0,""period_ms"":31.350135803222656}"
194959,1,4530.0999,4530.0999,False,0.25,"{""inversion_rho"":null,""inversion_channel"":18.5,""period_ms"":31.350135803222656}"
194959,1,4552.8002,4552.8002,False,1.0,"{""inversion_rho"":null,""inversion_channel"":17.5,""period_ms"":31.350135803222656}"
194959,1,4589.0999,4589.0999,False,1.0,"{""inversion_rho"":null,""inversion_channel"":18.5,""period_ms"":31.350135803222656}"
194959,1,4616.4999,4616.4999,False,1.0,"{""inversion_rho"":null,""inversion_channel"":18.5,""period_ms"":31.350135803222656}"
194959,1,4632.0,4632.0,False,1.0,"{""inversion_rho"":null,""inversion_channel"":18.5,""period_ms"":31.350135803222656}"
194959,1,4703.4001,4703.4001,False,1.0,"{""inversion_rho"":null,""inversion_channel"":19.5,""period_ms"":18.100261688232422}"
194959,1,4774.3001,4774.3001,False,1.0,"{""inversion_rho"":null,""inversion_channel"":19.5,""period_ms"":18.100261688232422}"
194959,1,4841.8002,4841.8002,False,0.375,"{""inversion_rho"":null,""inversion_channel"":19.0,""period_ms"":18.100261688232422}"
194959,1,4909.6999,4909.6999,False,0.5,"{""inversion_rho"":null,""inversion_channel"":18.5,""period_ms"":18.100261688232422}"
194959,1,4978.7002,4978.7002,False,1.0,"{""inversion_rho"":null,""inversion_channel"":19.5,""period_ms"":18.100261688232422}"
194959,1,5041.9002,5041.9002,False,1.0,"{""inversion_rho"":null,""inversion_channel"":19.5,""period_ms"":18.100261688232422}"
194959,1,5094.2998,5094.2998,False,1.0,"{""inversion_rho"":null,""inversion_channel"":19.0,""period_ms"":18.100261688232422}"
194959,1,5132.4,5132.4,False,1.0,"{""inversion_rho"":null,""inversion_channel"":18.5,""period_ms"":18.100261688232422}"
194959,1,5156.7001,5156.7001,False,1.0,"{""inversion_rho"":null,""inversion_channel"":17.5,""period_ms"":18.100261688232422}"
194959,1,5178.2999,5178.2999,False,1.0,"{""inversion_rho"":null,""inversion_channel"":17.5,""period_ms"":18.100261688232422}"
194959,1,5214.3998,5214.3998,False,1.0,"{""inversion_rho"":null,""inversion_channel"":18.5,""period_ms"":18.100261688232422}"
194959,1,5232.9998,5232.9998,False,1.0,"{""inversion_rho"":null,""inversion_channel"":16.5,""period_ms"":18.100261688232422}"
194959,1,5249.5999,5249.5999,False,1.0,"{""inversion_rho"":null,""inversion_channel"":16.5,""period_ms"":18.100261688232422}"
194959,1,5276.3,5276.3,False,1.0,"{""inversion_rho"":null,""inversion_channel"":16.5,""period_ms"":18.100261688232422}"
194959,1,5293.3998,5293.3998,False,1.0,"{""inversion_rho"":null,""inversion_channel"":14.5,""period_ms"":18.100261688232422}"
194959,1,5310.8001,5310.8001,False,1.0,"{""inversion_rho"":null,""inversion_channel"":14.5,""period_ms"":18.100261688232422}"
194959,1,5329.5002,5329.5002,False,1.0,"{""inversion_rho"":null,""inversion_channel"":14.5,""period_ms"":18.100261688232422}"
194959,1,5346.6001,5346.6001,False,1.0,"{""inversion_rho"":null,""inversion_channel"":14.0,""period_ms"":18.100261688232422}"
194959,1,5362.8001,5362.8001,False,1.0,"{""inversion_rho"":null,""inversion_channel"":14.5,""period_ms"":18.100261688232422}"
194959,1,5389.8001,5389.8001,False,1.0,"{""inversion_rho"":null,""inversion_channel"":14.0,""period_ms"":18.100261688232422}"
194959,1,5408.0,5408.0,False,1.0,"{""inversion_rho"":null,""inversion_channel"":13.5,""period_ms"":18.100261688232422}"
194959,1,5423.2998,5423.2998,False,1.0,"{""inversion_rho"":null,""inversion_channel"":12.5,""period_ms"":18.100261688232422}"
194959,1,5441.4001,5441.4001,False,1.0,"{""inversion_rho"":null,""inversion_channel"":13.0,""period_ms"":18.100261688232422}"
194959,1,5460.1998,5460.1998,False,1.0,"{""inversion_rho"":null,""inversion_channel"":33.5,""period_ms"":18.100261688232422}"
194959,1,5478.3001,5478.3001,False,1.0,"{""inversion_rho"":null,""inversion_channel"":12.5,""period_ms"":18.100261688232422}"
194959,1,5494.8001,5494.8001,False,1.0,"{""inversion_rho"":null,""inversion_channel"":12.0,""period_ms"":18.100261688232422}"
194959,1,5514.5001,5514.5001,False,1.0,"{""inversion_rho"":null,""inversion_channel"":12.5,""period_ms"":18.100261688232422}"
194959,1,5528.9001,5528.9001,False,1.0,"{""inversion_rho"":null,""inversion_channel"":11.5,""period_ms"":18.100261688232422}"
194959,1,5542.6998,5542.6998,False,1.0,"{""inversion_rho"":null,""inversion_channel"":12.0,""period_ms"":18.100261688232422}"
194959,1,5566.0,5566.0,False,1.0,"{""inversion_rho"":null,""inversion_channel"":11.5,""period_ms"":18.100261688232422}"
194959,1,5582.5,5582.5,False,1.0,"{""inversion_rho"":null,""inversion_channel"":10.5,""period_ms"":18.100261688232422}"
194959,1,5598.3,5598.3,False,0.75,"{""inversion_rho"":null,""inversion_channel"":10.5,""period_ms"":18.100261688232422}"
194959,1,5616.0998,5616.0998,False,1.0,"{""inversion_rho"":null,""inversion_channel"":11.5,""period_ms"":18.100261688232422}"
194959,1,5633.1,5633.1,False,0.75,"{""inversion_rho"":null,""inversion_channel"":10.5,""period_ms"":18.100261688232422}"
194959,1,5650.7001,5650.7001,False,1.0,"{""inversion_rho"":null,""inversion_channel"":10.5,""period_ms"":18.100261688232422}"
194959,1,5667.6998,5667.6998,False,1.0,"{""inversion_rho"":null,""inversion_channel"":27.5,""period_ms"":18.100261688232422}"
194959,1,5685.2999,5685.2999,False,1.0,"{""inversion_rho"":null,""inversion_channel"":10.0,""period_ms"":18.100261688232422}"
194959,1,5702.6,5702.6,False,0.625,"{""inversion_rho"":null,""inversion_channel"":9.5,""period_ms"":18.100261688232422}"
194959,1,1914.1999,1951.4,True,1.0,"{""inversion_rho"":null,""inversion_channel"":18.0,""period_ms"":18.600046634674072}"
194959,1,1983.9,2006.7999,True,1.0,"{""inversion_rho"":null,""inversion_channel"":17.75,""period_ms"":8.39996337890625}"
194959,1,2034.6999,2088.3999,True,1.0,"{""inversion_rho"":null,""inversion_channel"":17.5,""period_ms"":16.499996185302734}"
194959,1,2094.3999,2225.4,True,1.0,"{""inversion_rho"":null,""inversion_channel"":18.0,""period_ms"":19.00005340576172}"
194959,1,2232.6,2252.1,True,1.0,"{""inversion_rho"":null,""inversion_channel"":18.5,""period_ms"":9.750008583068848}"
194959,1,2285.2001,2439.1999,True,1.0,"{""inversion_rho"":null,""inversion_channel"":18.5,""period_ms"":14.149904251098633}"
194959,1,2449.5001,2494.7,True,1.0,"{""inversion_rho"":null,""inversion_channel"":17.5,""period_ms"":22.59993553161621}"
194959,1,2500.0,2533.9999,True,1.0,"{""inversion_rho"":null,""inversion_channel"":18.25,""period_ms"":9.799957275390625}"
194959,1,2611.9001,2637.7001,True,1.0,"{""inversion_rho"":null,""inversion_channel"":17.0,""period_ms"":12.899994850158691}"
194959,1,2680.7001,2838.2001,True,1.0,"{""inversion_rho"":null,""inversion_channel"":17.5,""period_ms"":32.89985656738281}"
194959,1,2845.5,2927.9001,True,1.0,"{""inversion_rho"":null,""inversion_channel"":16.5,""period_ms"":20.799875259399414}"
194959,1,2964.0,2998.8999,True,1.0,"{""inversion_rho"":null,""inversion_channel"":22.0,""period_ms"":10.999917984008789}"
194959,1,3035.2001,3338.0001,True,1.0,"{""inversion_rho"":null,""inversion_channel"":18.5,""period_ms"":26.599884033203125}"
194959,1,3420.7001,3573.7,True,1.0,"{""inversion_rho"":null,""inversion_channel"":30.0,""period_ms"":31.599998474121094}"
194959,1,4031.1999,4055.9001,True,1.0,"{""inversion_rho"":null,""inversion_channel"":18.75,""period_ms"":6.800174713134766}"
194959,1,4127.1,4320.6,True,1.0,"{""inversion_rho"":null,""inversion_channel"":18.5,""period_ms"":39.25013542175293}"
194959,1,4343.1001,4450.9001,True,1.0,"{""inversion_rho"":null,""inversion_channel"":18.5,""period_ms"":28.19991111755371}"
194959,1,4457.6998,4632.0,True,1.0,"{""inversion_rho"":null,""inversion_channel"":18.5,""period_ms"":31.350135803222656}"
194959,1,4703.4001,5702.6,True,1.0,"{""inversion_rho"":null,""inversion_channel"":14.5,""period_ms"":18.100261688232422}"
195016,1,4340.4999,4340.4999,False,0.75,"{""inversion_rho"":null,""inversion_channel"":13.5,""period_ms"":null}"
195016,1,4353.7998,4353.7998,False,0.25,"{""inversion_rho"":null,""inversion_channel"":12.5,""period_ms"":null}"
195016,1,5210.8002,5210.8002,False,0.25,"{""inversion_rho"":null,""inversion_channel"":39.5,""period_ms"":null}"
195016,1,5233.2001,5233.2001,False,0.25,"{""inversion_rho"":null,""inversion_channel"":10.5,""period_ms"":null}"
195024,1,4607.6999,4607.6999,False,1.0,"{""inversion_rho"":null,""inversion_channel"":25.0,""period_ms"":null}"
195024,1,4620.5001,4620.5001,False,0.25,"{""inversion_rho"":null,""inversion_channel"":43.5,""period_ms"":null}"
195024,1,5509.3002,5509.3002,False,0.375,"{""inversion_rho"":null,""inversion_channel"":5.0,""period_ms"":14.449834823608398}"
195024,1,5529.3002,5529.3002,False,0.375,"{""inversion_rho"":null,""inversion_channel"":39.5,""period_ms"":14.449834823608398}"
195024,1,5538.1999,5538.1999,False,1.0,"{""inversion_rho"":null,""inversion_channel"":22.5,""period_ms"":14.449834823608398}"
195024,1,5584.4002,5584.4002,False,1.0,"{""inversion_rho"":null,""inversion_channel"":36.5,""period_ms"":8.899688720703125}"
195024,1,5597.0998,5597.0998,False,0.375,"{""inversion_rho"":null,""inversion_channel"":7.5,""period_ms"":8.899688720703125}"
195024,1,5604.8002,5604.8002,False,0.875,"{""inversion_rho"":null,""inversion_channel"":5.5,""period_ms"":8.899688720703125}"
195024,1,5613.6999,5613.6999,False,0.625,"{""inversion_rho"":null,""inversion_channel"":6.0,""period_ms"":8.899688720703125}"
195024,1,5673.9001,5673.9001,False,0.5,"{""inversion_rho"":null,""inversion_channel"":6.5,""period_ms"":8.899688720703125}"
195024,1,5684.1002,5684.1002,False,1.0,"{""inversion_rho"":null,""inversion_channel"":6.5,""period_ms"":8.899688720703125}"
195024,1,5692.9998,5692.9998,False,1.0,"{""inversion_rho"":null,""inversion_channel"":8.5,""period_ms"":8.899688720703125}"
195024,1,5698.5998,5698.5998,False,0.375,"{""inversion_rho"":null,""inversion_channel"":7.5,""period_ms"":8.899688720703125}"
195024,1,5509.3002,5538.1999,True,1.0,"{""inversion_rho"":null,""inversion_channel"":22.5,""period_ms"":14.449834823608398}"
195024,1,5584.4002,5613.6999,True,1.0,"{""inversion_rho"":null,""inversion_channel"":6.75,""period_ms"":8.899688720703125}"
195024,1,5673.9001,5698.5998,True,1.0,"{""inversion_rho"":null,""inversion_channel"":7.0,""period_ms"":8.899688720703125}"
195031,1,59.8,59.8,False,0.25,"{""inversion_rho"":null,""inversion_channel"":31.5,""period_ms"":null}"
195031,1,164.0,164.0,False,1.0,"{""inversion_rho"":null,""inversion_channel"":33.5,""period_ms"":null}"
195031,1,450.5,450.5,False,0.5,"{""inversion_rho"":null,""inversion_channel"":37.5,""period_ms"":null}"
195031,1,1038.2,1038.2,False,1.0,"{""inversion_rho"":null,""inversion_channel"":31.5,""period_ms"":null}"
195031,1,1460.3,1460.3,False,0.625,"{""inversion_rho"":null,""inversion_channel"":34.5,""period_ms"":null}"
195031,1,1766.4,1766.4,False,0.375,"{""inversion_rho"":null,""inversion_channel"":39.5,""period_ms"":74.75000619888306}"
195031,1,1834.6,1834.6,False,1.0,"{""inversion_rho"":null,""inversion_channel"":39.5,""period_ms"":74.75000619888306}"
195031,1,1915.9,1915.9,False,0.25,"{""inversion_rho"":null,""inversion_channel"":39.5,""period_ms"":74.75000619888306}"
195031,1,1921.5,1921.5,False,0.5,"{""inversion_rho"":null,""inversion_channel"":39.5,""period_ms"":57.70003795623779}"
195031,1,1963.4,1963.4,False,0.25,"{""inversion_rho"":null,""inversion_channel"":39.5,""period_ms"":57.70003795623779}"
195031,1,2036.9,2036.9,False,0.25,"{""inversion_rho"":null,""inversion_channel"":39.5,""period_ms"":57.70003795623779}"
195031,1,2049.0,2049.0,False,0.25,"{""inversion_rho"":null,""inversion_channel"":38.5,""period_ms"":111.8999719619751}"
195031,1,2187.0,2187.0,False,1.0,"{""inversion_rho"":null,""inversion_channel"":20.0,""period_ms"":111.8999719619751}"
195031,1,2272.8,2272.8,False,0.375,"{""inversion_rho"":null,""inversion_channel"":39.5,""period_ms"":111.8999719619751}"
195031,1,2291.6,2291.6,False,0.625,"{""inversion_rho"":null,""inversion_channel"":30.0,""period_ms"":null}"
195031,1,2298.8,2298.8,False,0.25,"{""inversion_rho"":null,""inversion_channel"":39.5,""period_ms"":null}"
195031,1,2330.3001,2330.3001,False,0.25,"{""inversion_rho"":null,""inversion_channel"":39.5,""period_ms"":null}"
195031,1,2352.6001,2352.6001,False,0.5,"{""inversion_rho"":null,""inversion_channel"":39.5,""period_ms"":null}"
195031,1,2361.1,2361.1,False,0.25,"{""inversion_rho"":null,""inversion_channel"":39.5,""period_ms"":24.15001392364502}"
195031,1,2399.6999,2399.6999,False,0.75,"{""inversion_rho"":null,""inversion_channel"":26.0,""period_ms"":24.15001392364502}"
195031,1,2428.7,2428.7,False,0.375,"{""inversion_rho"":null,""inversion_channel"":39.5,""period_ms"":24.15001392364502}"
195031,1,2448.0,2448.0,False,1.0,"{""inversion_rho"":null,""inversion_channel"":30.5,""period_ms"":24.15001392364502}"
195031,1,2463.5,2463.5,False,0.375,"{""inversion_rho"":null,""inversion_channel"":39.5,""period_ms"":24.15001392364502}"
195031,1,2507.8001,2507.8001,False,0.375,"{""inversion_rho"":null,""inversion_channel"":39.5,""period_ms"":null}"
195031,1,2516.9001,2516.9001,False,0.5,"{""inversion_rho"":null,""inversion_channel"":39.5,""period_ms"":null}"
195031,1,2543.4999,2543.4999,False,0.375,"{""inversion_rho"":null,""inversion_channel"":37.5,""period_ms"":10.450005531311035}"
195031,1,2557.6,2557.6,False,0.25,"{""inversion_rho"":null,""inversion_channel"":24.5,""period_ms"":10.450005531311035}"
195031,1,2564.4,2564.4,False,1.0,"{""inversion_rho"":null,""inversion_channel"":28.0,""period_ms"":10.450005531311035}"
195031,1,2631.7999,2631.7999,False,0.375,"{""inversion_rho"":null,""inversion_channel"":1.5,""period_ms"":null}"
195031,1,2654.9001,2654.9001,False,0.375,"{""inversion_rho"":null,""inversion_channel"":2.5,""period_ms"":null}"
195031,1,2662.1001,2662.1001,False,0.375,"{""inversion_rho"":null,""inversion_channel"":40.5,""period_ms"":16.499996185302734}"
195031,1,2682.6999,2682.6999,False,1.0,"{""inversion_rho"":null,""inversion_channel"":2.5,""period_ms"":16.499996185302734}"
195031,1,2700.5,2700.5,False,0.5,"{""inversion_rho"":null,""inversion_channel"":2.5,""period_ms"":16.499996185302734}"
195031,1,2714.9999,2714.9999,False,1.0,"{""inversion_rho"":null,""inversion_channel"":22.5,""period_ms"":16.499996185302734}"
195031,1,2726.9001,2726.9001,False,1.0,"{""inversion_rho"":null,""inversion_channel"":19.5,""period_ms"":16.499996185302734}"
195031,1,2741.1001,2741.1001,False,1.0,"{""inversion_rho"":null,""inversion_channel"":22.5,""period_ms"":16.499996185302734}"
195031,1,2762.3999,2762.3999,False,1.0,"{""inversion_rho"":null,""inversion_channel"":22.5,""period_ms"":16.499996185302734}"
195031,1,2777.4,2777.4,False,1.0,"{""inversion_rho"":null,""inversion_channel"":22.0,""period_ms"":16.499996185302734}"
195031,1,2786.0999,2786.0999,False,1.0,"{""inversion_rho"":null,""inversion_channel"":3.5,""period_ms"":16.499996185302734}"
195031,1,2802.3,2802.3,False,0.5,"{""inversion_rho"":null,""inversion_channel"":4.5,""period_ms"":16.499996185302734}"
195031,1,2810.3001,2810.3001,False,1.0,"{""inversion_rho"":null,""inversion_channel"":2.5,""period_ms"":16.499996185302734}"
195031,1,2827.4,2827.4,False,1.0,"{""inversion_rho"":null,""inversion_channel"":4.5,""period_ms"":16.499996185302734}"
195031,1,2854.1999,2854.1999,False,1.0,"{""inversion_rho"":null,""inversion_channel"":19.5,""period_ms"":16.499996185302734}"
195031,1,2865.6001,2865.6001,False,0.875,"{""inversion_rho"":null,""inversion_channel"":3.5,""period_ms"":16.499996185302734}"
195031,1,2873.4,2873.4,False,1.0,"{""inversion_rho"":null,""inversion_channel"":3.5,""period_ms"":16.499996185302734}"
195031,1,2890.1999,2890.1999,False,1.0,"{""inversion_rho"":null,""inversion_channel"":21.5,""period_ms"":16.499996185302734}"
195031,1,2910.0001,2910.0001,False,1.0,"{""inversion_rho"":null,""inversion_channel"":40.5,""period_ms"":16.499996185302734}"
195031,1,2928.2,2928.2,False,1.0,"{""inversion_rho"":null,""inversion_channel"":3.5,""period_ms"":16.499996185302734}"
195031,1,2952.6999,2952.6999,False,1.0,"{""inversion_rho"":null,""inversion_channel"":4.5,""period_ms"":16.499996185302734}"
195031,1,2957.9999,2957.9999,False,1.0,"{""inversion_rho"":null,""inversion_channel"":22.5,""period_ms"":null}"
195031,1,2975.6999,2975.6999,False,1.0,"{""inversion_rho"":null,""inversion_channel"":22.0,""period_ms"":null}"
195031,1,2982.1999,2982.1999,False,1.0,"{""inversion_rho"":null,""inversion_channel"":5.5,""period_ms"":10.400056838989258}"
195031,1,2988.6999,2988.6999,False,1.0,"{""inversion_rho"":null,""inversion_channel"":4.5,""period_ms"":10.400056838989258}"
195031,1,2999.1,2999.1,False,1.0,"{""inversion_rho"":null,""inversion_channel"":43.0,""period_ms"":10.400056838989258}"
195031,1,3017.9999,3017.9999,False,1.0,"{""inversion_rho"":null,""inversion_channel"":17.5,""period_ms"":10.400056838989258}"
195031,1,3028.0001,3028.0001,False,1.0,"{""inversion_rho"":null,""inversion_channel"":22.0,""period_ms"":10.400056838989258}"
195031,1,3050.6999,3050.6999,False,0.5,"{""inversion_rho"":null,""inversion_channel"":3.5,""period_ms"":10.400056838989258}"
195031,1,3058.1999,3058.1999,False,1.0,"{""inversion_rho"":null,""inversion_channel"":21.5,""period_ms"":17.750024795532227}"
195031,1,3070.6999,3070.6999,False,1.0,"{""inversion_rho"":null,""inversion_channel"":3.5,""period_ms"":17.750024795532227}"
195031,1,3091.3,3091.3,False,1.0,"{""inversion_rho"":null,""inversion_channel"":3.5,""period_ms"":17.750024795532227}"
195031,1,3101.5,3101.5,False,1.0,"{""inversion_rho"":null,""inversion_channel"":5.0,""period_ms"":17.750024795532227}"
195031,1,3117.1,3117.1,False,1.0,"{""inversion_rho"":null,""inversion_channel"":20.0,""period_ms"":17.750024795532227}"
195031,1,3134.7001,3134.7001,False,1.0,"{""inversion_rho"":null,""inversion_channel"":4.0,""period_ms"":17.750024795532227}"
195031,1,3152.6,3152.6,False,1.0,"{""inversion_rho"":null,""inversion_channel"":22.5,""period_ms"":17.750024795532227}"
195031,1,3176.1999,3176.1999,False,0.25,"{""inversion_rho"":null,""inversion_channel"":5.5,""period_ms"":17.750024795532227}"
195031,1,3196.3,3196.3,False,1.0,"{""inversion_rho"":null,""inversion_channel"":22.5,""period_ms"":17.750024795532227}"
195031,1,3246.9001,3246.9001,False,1.0,"{""inversion_rho"":null,""inversion_channel"":3.5,""period_ms"":15.050053596496582}"
195031,1,3270.6001,3270.6001,False,0.25,"{""inversion_rho"":null,""inversion_channel"":44.0,""period_ms"":15.050053596496582}"
195031,1,3281.4,3281.4,False,0.625,"{""inversion_rho"":null,""inversion_channel"":5.0,""period_ms"":15.050053596496582}"
195031,1,3295.3999,3295.3999,False,0.75,"{""inversion_rho"":null,""inversion_channel"":4.5,""period_ms"":15.050053596496582}"
195031,1,3305.3999,3305.3999,False,1.0,"{""inversion_rho"":null,""inversion_channel"":42.5,""period_ms"":15.050053596496582}"
195031,1,3318.5999,3318.5999,False,1.0,"{""inversion_rho"":null,""inversion_channel"":4.5,""period_ms"":15.050053596496582}"
195031,1,3333.1001,3333.1001,False,1.0,"{""inversion_rho"":null,""inversion_channel"":22.0,""period_ms"":15.050053596496582}"
195031,1,3353.1001,3353.1001,False,1.0,"{""inversion_rho"":null,""inversion_channel"":21.0,""period_ms"":15.050053596496582}"
195031,1,3368.7,3368.7,False,1.0,"{""inversion_rho"":null,""inversion_channel"":4.5,""period_ms"":15.050053596496582}"
195031,1,3376.6999,3376.6999,False,1.0,"{""inversion_rho"":null,""inversion_channel"":4.5,""period_ms"":15.050053596496582}"
195031,1,3394.2001,3394.2001,False,1.0,"{""inversion_rho"":null,""inversion_channel"":22.5,""period_ms"":15.050053596496582}"
195031,1,3415.2,3415.2,False,1.0,"{""inversion_rho"":null,""inversion_channel"":22.0,""period_ms"":15.050053596496582}"
195031,1,3428.7,3428.7,False,1.0,"{""inversion_rho"":null,""inversion_channel"":4.5,""period_ms"":15.050053596496582}"
195031,1,3439.1,3439.1,False,1.0,"{""inversion_rho"":null,""inversion_channel"":5.5,""period_ms"":15.050053596496582}"
195031,1,3462.8,3462.8,False,1.0,"{""inversion_rho"":null,""inversion_channel"":20.5,""period_ms"":15.050053596496582}"
195031,1,3488.5001,3488.5001,False,1.0,"{""inversion_rho"":null,""inversion_channel"":22.5,""period_ms"":15.050053596496582}"
195031,1,3517.4,3517.4,False,1.0,"{""inversion_rho"":null,""inversion_channel"":5.0,""period_ms"":15.050053596496582}"
195031,1,3524.6999,3524.6999,False,0.5,"{""inversion_rho"":null,""inversion_channel"":43.5,""period_ms"":6.500005722045898}"
195031,1,3533.7999,3533.7999,False,0.375,"{""inversion_rho"":null,""inversion_channel"":4.5,""period_ms"":6.500005722045898}"
195031,1,3539.7999,3539.7999,False,1.0,"{""inversion_rho"":null,""inversion_channel"":44.5,""period_ms"":6.500005722045898}"
195031,1,3544.8999,3544.8999,False,0.25,"{""inversion_rho"":null,""inversion_channel"":43.0,""period_ms"":6.500005722045898}"
195031,1,3551.8999,3551.8999,False,0.875,"{""inversion_rho"":null,""inversion_channel"":3.5,""period_ms"":6.500005722045898}"
195031,1,3580.1001,3580.1001,False,1.0,"{""inversion_rho"":null,""inversion_channel"":4.5,""period_ms"":27.499914169311523}"
195031,1,3602.9,3602.9,False,1.0,"{""inversion_rho"":null,""inversion_channel"":4.5,""period_ms"":27.499914169311523}"
195031,1,3635.0999,3635.0999,False,1.0,"{""inversion_rho"":null,""inversion_channel"":21.5,""period_ms"":27.499914169311523}"
195031,1,3641.9001,3641.9001,False,1.0,"{""inversion_rho"":null,""inversion_channel"":5.5,""period_ms"":15.699982643127441}"
195031,1,3658.2999,3658.2999,False,0.875,"{""inversion_rho"":null,""inversion_channel"":5.5,""period_ms"":15.699982643127441}"
195031,1,3673.3,3673.3,False,1.0,"{""inversion_rho"":null,""inversion_channel"":4.5,""period_ms"":15.699982643127441}"
195031,1,3683.1,3683.1,False,0.75,"{""inversion_rho"":null,""inversion_channel"":4.5,""period_ms"":15.699982643127441}"
195031,1,3704.6001,3704.6001,False,1.0,"{""inversion_rho"":null,""inversion_channel"":27.5,""period_ms"":15.699982643127441}"
195031,1,3713.1,3713.1,False,0.5,"{""inversion_rho"":null,""inversion_channel"":24.0,""period_ms"":7.6999664306640625}"
195031,1,3727.2,3727.2,False,1.0,"{""inversion_rho"":null,""inversion_channel"":5.5,""period_ms"":7.6999664306640625}"
195031,1,3734.9,3734.9,False,1.0,"{""inversion_rho"":null,""inversion_channel"":22.0,""period_ms"":7.6999664306640625}"
195031,1,3741.9,3741.9,False,1.0,"{""inversion_rho"":null,""inversion_channel"":23.5,""period_ms"":7.6999664306640625}"
195031,1,3776.2001,3776.2001,False,1.0,"{""inversion_rho"":null,""inversion_channel"":19.0,""period_ms"":15.69986343383789}"
195031,1,3792.0001,3792.0001,False,0.25,"{""inversion_rho"":null,""inversion_channel"":42.0,""period_ms"":15.69986343383789}"
195031,1,3807.6999,3807.6999,False,1.0,"{""inversion_rho"":null,""inversion_channel"":19.5,""period_ms"":15.69986343383789}"
195031,1,3817.8999,3817.8999,False,1.0,"{""inversion_rho"":null,""inversion_channel"":2.5,""period_ms"":15.69986343383789}"
195031,1,3856.3001,3856.3001,False,0.75,"{""inversion_rho"":null,""inversion_channel"":3.5,""period_ms"":30.699968338012695}"
195031,1,3878.2001,3878.2001,False,1.0,"{""inversion_rho"":null,""inversion_channel"":2.5,""period_ms"":30.699968338012695}"
195031,1,3917.7001,3917.7001,False,1.0,"{""inversion_rho"":null,""inversion_channel"":27.5,""period_ms"":30.699968338012695}"
195031,1,3932.6999,3932.6999,False,0.625,"{""inversion_rho"":null,""inversion_channel"":26.5,""period_ms"":13.400077819824219}"
195031,1,3940.5999,3940.5999,False,1.0,"{""inversion_rho"":null,""inversion_channel"":5.5,""period_ms"":13.400077819824219}"
195031,1,3949.8999,3949.8999,False,0.5,"{""inversion_rho"":null,""inversion_channel"":43.5,""period_ms"":13.400077819824219}"
195031,1,3965.6999,3965.6999,False,1.0,"{""inversion_rho"":null,""inversion_channel"":5.5,""period_ms"":13.400077819824219}"
195031,1,3976.2001,3976.2001,False,1.0,"{""inversion_rho"":null,""inversion_channel"":5.5,""period_ms"":13.400077819824219}"
195031,1,3989.2001,3989.2001,False,1.0,"{""inversion_rho"":null,""inversion_channel"":20.0,""period_ms"":13.400077819824219}"
195031,1,4005.4998,4005.4998,False,0.75,"{""inversion_rho"":null,""inversion_channel"":44.5,""period_ms"":13.400077819824219}"
195031,1,4015.1,4015.1,False,1.0,"{""inversion_rho"":null,""inversion_channel"":5.5,""period_ms"":13.400077819824219}"
195031,1,4025.6,4025.6,False,1.0,"{""inversion_rho"":null,""inversion_channel"":4.5,""period_ms"":13.400077819824219}"
195031,1,4035.9998,4035.9998,False,1.0,"{""inversion_rho"":null,""inversion_channel"":22.5,""period_ms"":13.400077819824219}"
195031,1,4053.5998,4053.5998,False,0.375,"{""inversion_rho"":null,""inversion_channel"":5.5,""period_ms"":13.400077819824219}"
195031,1,4071.4998,4071.4998,False,1.0,"{""inversion_rho"":null,""inversion_channel"":20.5,""period_ms"":13.400077819824219}"
195031,1,4097.3001,4097.3001,False,1.0,"{""inversion_rho"":null,""inversion_channel"":22.5,""period_ms"":13.400077819824219}"
195031,1,4113.6999,4113.6999,False,1.0,"{""inversion_rho"":null,""inversion_channel"":22.0,""period_ms"":13.400077819824219}"
195031,1,4131.4001,4131.4001,False,0.875,"{""inversion_rho"":null,""inversion_channel"":4.0,""period_ms"":13.400077819824219}"
195031,1,4145.7,4145.7,False,1.0,"{""inversion_rho"":null,""inversion_channel"":3.0,""period_ms"":13.400077819824219}"
195031,1,4155.0999,4155.0999,False,1.0,"{""inversion_rho"":null,""inversion_channel"":43.0,""period_ms"":13.400077819824219}"
195031,1,4164.8998,4164.8998,False,1.0,"{""inversion_rho"":null,""inversion_channel"":3.0,""period_ms"":13.400077819824219}"
195031,1,4178.7,4178.7,False,1.0,"{""inversion_rho"":null,""inversion_channel"":4.5,""period_ms"":13.400077819824219}"
195031,1,4214.6001,4214.6001,False,1.0,"{""inversion_rho"":null,""inversion_channel"":4.0,""period_ms"":9.70005989074707}"
195031,1,4224.2999,4224.2999,False,1.0,"{""inversion_rho"":null,""inversion_channel"":3.0,""period_ms"":9.70005989074707}"
195031,1,4234.0002,4234.0002,False,1.0,"{""inversion_rho"":null,""inversion_channel"":21.0,""period_ms"":9.70005989074707}"
195031,1,4248.8999,4248.8999,False,0.5,"{""inversion_rho"":null,""inversion_channel"":42.5,""period_ms"":9.70005989074707}"
195031,1,4256.7,4256.7,False,0.625,"{""inversion_rho"":null,""inversion_channel"":1.5,""period_ms"":9.70005989074707}"
195031,1,4296.0,4296.0,False,0.25,"{""inversion_rho"":null,""inversion_channel"":39.5,""period_ms"":null}"
195031,1,4375.5002,4375.5002,False,1.0,"{""inversion_rho"":null,""inversion_channel"":3.5,""period_ms"":null}"
195031,1,4404.6998,4404.6998,False,1.0,"{""inversion_rho"":null,""inversion_channel"":28.5,""period_ms"":9.699821472167969}"
195031,1,4418.0002,4418.0002,False,1.0,"{""inversion_rho"":null,""inversion_channel"":1.5,""period_ms"":9.699821472167969}"
195031,1,4427.7,4427.7,False,0.625,"{""inversion_rho"":null,""inversion_channel"":3.0,""period_ms"":9.699821472167969}"
195031,1,4434.9999,4434.9999,False,0.625,"{""inversion_rho"":null,""inversion_channel"":2.5,""period_ms"":9.699821472167969}"
195031,1,4458.7002,4458.7002,False,0.875,"{""inversion_rho"":null,""inversion_channel"":2.5,""period_ms"":18.399953842163086}"
195031,1,4473.3,4473.3,False,1.0,"{""inversion_rho"":null,""inversion_channel"":1.5,""period_ms"":18.399953842163086}"
195031,1,4483.9001,4483.9001,False,1.0,"{""inversion_rho"":null,""inversion_channel"":22.5,""period_ms"":18.399953842163086}"
195031,1,4502.6999,4502.6999,False,1.0,"{""inversion_rho"":null,""inversion_channel"":26.0,""period_ms"":18.399953842163086}"
195031,1,4520.7,4520.7,False,1.0,"{""inversion_rho"":null,""inversion_channel"":40.5,""period_ms"":18.399953842163086}"
195031,1,4544.6,4544.6,False,1.0,"{""inversion_rho"":null,""inversion_channel"":27.5,""period_ms"":18.399953842163086}"
195031,1,4571.7001,4571.7001,False,0.25,"{""inversion_rho"":null,""inversion_channel"":24.5,""period_ms"":18.399953842163086}"
195031,1,4581.9001,4581.9001,False,1.0,"{""inversion_rho"":null,""inversion_channel"":42.5,""period_ms"":null}"
195031,1,4589.3002,4589.3002,False,1.0,"{""inversion_rho"":null,""inversion_channel"":20.0,""period_ms"":null}"
195031,1,4614.2998,4614.2998,False,0.625,"{""inversion_rho"":null,""inversion_channel"":3.5,""period_ms"":13.700008392333984}"
195031,1,4649.7998,4649.7998,False,1.0,"{""inversion_rho"":null,""inversion_channel"":25.5,""period_ms"":13.700008392333984}"
195031,1,4664.7,4664.7,False,0.25,"{""inversion_rho"":null,""inversion_channel"":5.5,""period_ms"":13.700008392333984}"
195031,1,4683.7001,4683.7001,False,1.0,"{""inversion_rho"":null,""inversion_channel"":38.5,""period_ms"":13.700008392333984}"
195031,1,4697.0,4697.0,False,1.0,"{""inversion_rho"":null,""inversion_channel"":3.0,""period_ms"":13.700008392333984}"
195031,1,4709.4002,4709.4002,False,1.0,"{""inversion_rho"":null,""inversion_channel"":1.5,""period_ms"":13.700008392333984}"
195031,1,4723.1002,4723.1002,False,0.25,"{""inversion_rho"":null,""inversion_channel"":39.5,""period_ms"":13.700008392333984}"
195031,1,4734.6001,4734.6001,False,0.875,"{""inversion_rho"":null,""inversion_channel"":40.5,""period_ms"":13.700008392333984}"
195031,1,4767.0002,4767.0002,False,0.75,"{""inversion_rho"":null,""inversion_channel"":42.5,""period_ms"":16.34979248046875}"
195031,1,4781.0998,4781.0998,False,1.0,"{""inversion_rho"":null,""inversion_channel"":25.5,""period_ms"":16.34979248046875}"
195031,1,4806.6001,4806.6001,False,1.0,"{""inversion_rho"":null,""inversion_channel"":4.5,""period_ms"":16.34979248046875}"
195031,1,4825.2001,4825.2001,False,1.0,"{""inversion_rho"":null,""inversion_channel"":22.5,""period_ms"":16.34979248046875}"
195031,1,4834.7001,4834.7001,False,1.0,"{""inversion_rho"":null,""inversion_channel"":2.0,""period_ms"":16.34979248046875}"
195031,1,4858.6998,4858.6998,False,1.0,"{""inversion_rho"":null,""inversion_channel"":19.5,""period_ms"":9.30023193359375}"
195031,1,4881.5999,4881.5999,False,0.5,"{""inversion_rho"":null,""inversion_channel"":1.5,""period_ms"":9.30023193359375}"
195031,1,4890.9001,4890.9001,False,0.875,"{""inversion_rho"":null,""inversion_channel"":1.5,""period_ms"":9.30023193359375}"
195031,1,4899.4999,4899.4999,False,0.5,"{""inversion_rho"":null,""inversion_channel"":38.5,""period_ms"":9.30023193359375}"
195031,1,4921.9999,4921.9999,False,1.0,"{""inversion_rho"":null,""inversion_channel"":1.5,""period_ms"":17.199993133544922}"
195031,1,4952.0001,4952.0001,False,0.5,"{""inversion_rho"":null,""inversion_channel"":2.5,""period_ms"":17.199993133544922}"
195031,1,4969.2001,4969.2001,False,1.0,"{""inversion_rho"":null,""inversion_channel"":39.5,""period_ms"":17.199993133544922}"
195031,1,4981.5001,4981.5001,False,0.5,"{""inversion_rho"":null,""inversion_channel"":41.5,""period_ms"":17.199993133544922}"
195031,1,5023.6001,5023.6001,False,0.875,"{""inversion_rho"":null,""inversion_channel"":27.5,""period_ms"":null}"
195031,1,5066.1998,5066.1998,False,0.625,"{""inversion_rho"":null,""inversion_channel"":1.5,""period_ms"":null}"
195031,1,5074.5001,5074.5001,False,1.0,"{""inversion_rho"":null,""inversion_channel"":21.0,""period_ms"":23.450136184692383}"
195031,1,5088.8,5088.8,False,1.0,"{""inversion_rho"":null,""inversion_channel"":22.5,""period_ms"":23.450136184692383}"
195031,1,5108.3002,5108.3002,False,0.625,"{""inversion_rho"":null,""inversion_channel"":2.0,""period_ms"":23.450136184692383}"
195031,1,5135.7002,5135.7002,False,1.0,"{""inversion_rho"":null,""inversion_channel"":21.0,""period_ms"":23.450136184692383}"
195031,1,5181.2,5181.2,False,1.0,"{""inversion_rho"":null,""inversion_channel"":39.5,""period_ms"":23.450136184692383}"
195031,1,5209.0998,5209.0998,False,1.0,"{""inversion_rho"":null,""inversion_channel"":23.5,""period_ms"":23.450136184692383}"
195031,1,5228.4002,5228.4002,False,1.0,"{""inversion_rho"":null,""inversion_channel"":28.5,""period_ms"":23.450136184692383}"
195031,1,5302.0,5302.0,False,1.0,"{""inversion_rho"":null,""inversion_channel"":22.5,""period_ms"":null}"
195031,1,5313.0002,5313.0002,False,0.625,"{""inversion_rho"":null,""inversion_channel"":41.0,""period_ms"":null}"
195031,1,5349.1001,5349.1001,False,0.625,"{""inversion_rho"":null,""inversion_channel"":40.5,""period_ms"":13.599872589111328}"
195031,1,5360.4002,5360.4002,False,1.0,"{""inversion_rho"":null,""inversion_channel"":2.0,""period_ms"":13.599872589111328}"
195031,1,5383.6002,5383.6002,False,1.0,"{""inversion_rho"":null,""inversion_channel"":42.0,""period_ms"":13.599872589111328}"
195031,1,5393.1999,5393.1999,False,0.875,"{""inversion_rho"":null,""inversion_channel"":2.5,""period_ms"":13.599872589111328}"
195031,1,5407.5999,5407.5999,False,0.375,"{""inversion_rho"":null,""inversion_channel"":41.5,""period_ms"":13.599872589111328}"
195031,1,5421.1998,5421.1998,False,1.0,"{""inversion_rho"":null,""inversion_channel"":28.5,""period_ms"":13.599872589111328}"
195031,1,5476.1,5476.1,False,0.625,"{""inversion_rho"":null,""inversion_channel"":41.5,""period_ms"":17.749786376953125}"
195031,1,5486.4998,5486.4998,False,0.75,"{""inversion_rho"":null,""inversion_channel"":30.0,""period_ms"":17.749786376953125}"
195031,1,5509.6998,5509.6998,False,1.0,"{""inversion_rho"":null,""inversion_channel"":3.5,""period_ms"":17.749786376953125}"
195031,1,5529.3002,5529.3002,False,0.875,"{""inversion_rho"":null,""inversion_channel"":2.5,""period_ms"":17.749786376953125}"
195031,1,5547.8001,5547.8001,False,0.25,"{""inversion_rho"":null,""inversion_channel"":40.5,""period_ms"":17.749786376953125}"
195031,1,5567.5001,5567.5001,False,1.0,"{""inversion_rho"":null,""inversion_channel"":3.5,""period_ms"":17.749786376953125}"
195031,1,5584.4998,5584.4998,False,1.0,"{""inversion_rho"":null,""inversion_channel"":4.5,""period_ms"":17.749786376953125}"
195031,1,5596.3998,5596.3998,False,0.375,"{""inversion_rho"":null,""inversion_channel"":43.5,""period_ms"":17.749786376953125}"
195031,1,5603.3001,5603.3001,False,1.0,"{""inversion_rho"":null,""inversion_channel"":4.0,""period_ms"":17.749786376953125}"
195031,1,5642.4999,5642.4999,False,1.0,"{""inversion_rho"":null,""inversion_channel"":5.5,""period_ms"":21.900177001953125}"
195031,1,5666.9002,5666.9002,False,1.0,"{""inversion_rho"":null,""inversion_channel"":4.0,""period_ms"":21.900177001953125}"
195031,1,5682.2,5682.2,False,1.0,"{""inversion_rho"":null,""inversion_channel"":4.0,""period_ms"":21.900177001953125}"
195031,1,5704.1001,5704.1001,False,1.0,"{""inversion_rho"":null,""inversion_channel"":5.5,""period_ms"":21.900177001953125}"
195031,1,5792.2001,5792.2001,False,1.0,"{""inversion_rho"":null,""inversion_channel"":5.5,""period_ms"":16.449928283691406}"
195031,1,5808.4998,5808.4998,False,1.0,"{""inversion_rho"":null,""inversion_channel"":5.5,""period_ms"":16.449928283691406}"
195031,1,5825.0999,5825.0999,False,0.625,"{""inversion_rho"":null,""inversion_channel"":5.5,""period_ms"":16.449928283691406}"
195031,1,5831.6002,5831.6002,False,0.5,"{""inversion_rho"":null,""inversion_channel"":6.5,""period_ms"":null}"
195031,1,5863.9002,5863.9002,False,0.5,"{""inversion_rho"":null,""inversion_channel"":7.5,""period_ms"":null}"
195031,1,5873.1999,5873.1999,False,1.0,"{""inversion_rho"":null,""inversion_channel"":27.5,""period_ms"":10.799884796142578}"
195031,1,5883.6999,5883.6999,False,0.5,"{""inversion_rho"":null,""inversion_channel"":6.5,""period_ms"":10.799884796142578}"
195031,1,5894.1002,5894.1002,False,1.0,"{""inversion_rho"":null,""inversion_channel"":29.0,""period_ms"":10.799884796142578}"
195031,1,5905.2,5905.2,False,1.0,"{""inversion_rho"":null,""inversion_channel"":23.5,""period_ms"":10.799884796142578}"
195031,1,5917.7999,5917.7999,False,1.0,"{""inversion_rho"":null,""inversion_channel"":9.5,""period_ms"":10.799884796142578}"
195031,1,5981.9002,5981.9002,False,1.0,"{""inversion_rho"":null,""inversion_channel"":8.0,""period_ms"":17.44985580444336}"
195031,1,6014.8001,6014.8001,False,1.0,"{""inversion_rho"":null,""inversion_channel"":4.5,""period_ms"":17.44985580444336}"
195031,1,6030.4999,6030.4999,False,1.0,"{""inversion_rho"":null,""inversion_channel"":23.5,""period_ms"":17.44985580444336}"
195031,1,6049.6998,6049.6998,False,0.25,"{""inversion_rho"":null,""inversion_channel"":29.5,""period_ms"":17.44985580444336}"
195031,1,6059.5002,6059.5002,False,0.375,"{""inversion_rho"":null,""inversion_channel"":44.5,""period_ms"":17.44985580444336}"
195031,1,1766.4,1915.9,True,1.0,"{""inversion_rho"":null,""inversion_channel"":39.5,""period_ms"":74.75000619888306}"
195031,1,1921.5,2036.9,True,1.0,"{""inversion_rho"":null,""inversion_channel"":39.5,""period_ms"":57.70003795623779}"
195031,1,2049.0,2272.8,True,1.0,"{""inversion_rho"":null,""inversion_channel"":38.5,""period_ms"":111.8999719619751}"
195031,1,2361.1,2463.5,True,1.0,"{""inversion_rho"":null,""inversion_channel"":39.5,""period_ms"":24.15001392364502}"
195031,1,2543.4999,2564.4,True,1.0,"{""inversion_rho"":null,""inversion_channel"":28.0,""period_ms"":10.450005531311035}"
195031,1,2662.1001,2952.6999,True,1.0,"{""inversion_rho"":null,""inversion_channel"":4.5,""period_ms"":16.499996185302734}"
195031,1,2982.1999,3050.6999,True,1.0,"{""inversion_rho"":null,""inversion_channel"":11.5,""period_ms"":10.400056838989258}"
195031,1,3058.1999,3196.3,True,1.0,"{""inversion_rho"":null,""inversion_channel"":5.5,""period_ms"":17.750024795532227}"
195031,1,3246.9001,3517.4,True,1.0,"{""inversion_rho"":null,""inversion_channel"":5.5,""period_ms"":15.050053596496582}"
195031,1,3524.6999,3551.8999,True,1.0,"{""inversion_rho"":null,""inversion_channel"":43.0,""period_ms"":6.500005722045898}"
195031,1,3580.1001,3635.0999,True,1.0,"{""inversion_rho"":null,""inversion_channel"":4.5,""period_ms"":27.499914169311523}"
195031,1,3641.9001,3704.6001,True,1.0,"{""inversion_rho"":null,""inversion_channel"":5.5,""period_ms"":15.699982643127441}"
195031,1,3713.1,3741.9,True,1.0,"{""inversion_rho"":null,""inversion_channel"":22.75,""period_ms"":7.6999664306640625}"
195031,1,3776.2001,3817.8999,True,1.0,"{""inversion_rho"":null,""inversion_channel"":19.25,""period_ms"":15.69986343383789}"
195031,1,3856.3001,3917.7001,True,1.0,"{""inversion_rho"":null,""inversion_channel"":3.5,""period_ms"":30.699968338012695}"
195031,1,3932.6999,4178.7,True,1.0,"{""inversion_rho"":null,""inversion_channel"":5.5,""period_ms"":13.400077819824219}"
195031,1,4214.6001,4256.7,True,1.0,"{""inversion_rho"":null,""inversion_channel"":4.0,""period_ms"":9.70005989074707}"
195031,1,4404.6998,4434.9999,True,1.0,"{""inversion_rho"":null,""inversion_channel"":2.75,""period_ms"":9.699821472167969}"
195031,1,4458.7002,4571.7001,True,1.0,"{""inversion_rho"":null,""inversion_channel"":24.5,""period_ms"":18.399953842163086}"
195031,1,4614.2998,4734.6001,True,1.0,"{""inversion_rho"":null,""inversion_channel"":15.5,""period_ms"":13.700008392333984}"
195031,1,4767.0002,4834.7001,True,1.0,"{""inversion_rho"":null,""inversion_channel"":22.5,""period_ms"":16.34979248046875}"
195031,1,4858.6998,4899.4999,True,1.0,"{""inversion_rho"":null,""inversion_channel"":10.5,""period_ms"":9.30023193359375}"
195031,1,4921.9999,4981.5001,True,1.0,"{""inversion_rho"":null,""inversion_channel"":21.0,""period_ms"":17.199993133544922}"
195031,1,5074.5001,5228.4002,True,1.0,"{""inversion_rho"":null,""inversion_channel"":22.5,""period_ms"":23.450136184692383}"
195031,1,5349.1001,5421.1998,True,1.0,"{""inversion_rho"":null,""inversion_channel"":34.5,""period_ms"":13.599872589111328}"
195031,1,5476.1,5603.3001,True,1.0,"{""inversion_rho"":null,""inversion_channel"":4.5,""period_ms"":17.749786376953125}"
195031,1,5642.4999,5704.1001,True,1.0,"{""inversion_rho"":null,""inversion_channel"":4.75,""period_ms"":21.900177001953125}"
195031,1,5792.2001,5825.0999,True,1.0,"{""inversion_rho"":null,""inversion_channel"":5.5,""period_ms"":16.449928283691406}"
195031,1,5873.1999,5917.7999,True,1.0,"{""inversion_rho"":null,""inversion_channel"":23.5,""period_ms"":10.799884796142578}"
195031,1,5981.9002,6059.5002,True,1.0,"{""inversion_rho"":null,""inversion_channel"":23.5,""period_ms"":17.44985580444336}"
195040,1,87.3,87.3,False,0.5,"{""inversion_rho"":null,""inversion_channel"":38.5,""period_ms"":8.399996906518936}"
195040,1,96.7,96.7,False,0.875,"{""inversion_rho"":null,""inversion_channel"":39.5,""period_ms"":8.399996906518936}"
195040,1,104.1,104.1,False,0.625,"{""inversion_rho"":null,""inversion_channel"":31.5,""period_ms"":8.399996906518936}"
195040,1,87.3,104.1,True,1.0,"{""inversion_rho"":null,""inversion_channel"":38.5,""period_ms"":8.399996906518936}"
195062,1,5546.0,5546.0,False,1.0,"{""inversion_rho"":null,""inversion_channel"":23.5,""period_ms"":null}"
195062,1,5562.7999,5562.7999,False,1.0,"{""inversion_rho"":null,""inversion_channel"":3.0,""period_ms"":null}"
195066,1,4461.0,4461.0,False,1.0,"{""inversion_rho"":null,""inversion_channel"":27.5,""period_ms"":8.000373840332031}"
195066,1,4471.7999,4471.7999,False,1.0,"{""inversion_rho"":null,""inversion_channel"":23.0,""period_ms"":8.000373840332031}"
195066,1,4479.8002,4479.8002,False,0.625,"{""inversion_rho"":null,""inversion_channel"":7.5,""period_ms"":8.000373840332031}"
195066,1,4486.8002,4486.8002,False,1.0,"{""inversion_rho"":null,""inversion_channel"":8.5,""period_ms"":8.000373840332031}"
195066,1,4461.0,4486.8002,True,1.0,"{""inversion_rho"":null,""inversion_channel"":15.75,""period_ms"":8.000373840332031}"
195102,1,3527.8001,3527.8001,False,0.75,"{""inversion_rho"":null,""inversion_channel"":20.0,""period_ms"":null}"
195102,1,3553.6001,3553.6001,False,1.0,"{""inversion_rho"":null,""inversion_channel"":14.0,""period_ms"":null}"
195103,1,3948.2,3948.2,False,0.5,"{""inversion_rho"":null,""inversion_channel"":7.5,""period_ms"":null}"
195103,1,4671.8001,4671.8001,False,0.75,"{""inversion_rho"":null,""inversion_channel"":10.5,""period_ms"":8.549928665161133}"
195103,1,4680.2001,4680.2001,False,1.0,"{""inversion_rho"":null,""inversion_channel"":10.5,""period_ms"":8.549928665161133}"
195103,1,4688.9,4688.9,False,1.0,"{""inversion_rho"":null,""inversion_channel"":11.5,""period_ms"":8.549928665161133}"
195103,1,5424.9001,5424.9001,False,1.0,"{""inversion_rho"":null,""inversion_channel"":2.5,""period_ms"":null}"
195103,1,5458.7002,5458.7002,False,1.0,"{""inversion_rho"":null,""inversion_channel"":2.5,""period_ms"":null}"
195103,1,4671.8001,4688.9,True,1.0,"{""inversion_rho"":null,""inversion_channel"":10.5,""period_ms"":8.549928665161133}"
195107,1,4612.5998,4612.5998,False,1.0,"{""inversion_rho"":null,""inversion_channel"":10.5,""period_ms"":null}"
195107,1,4623.4999,4623.4999,False,1.0,"{""inversion_rho"":null,""inversion_channel"":10.5,""period_ms"":null}"
195107,1,4886.7998,4886.7998,False,1.0,"{""inversion_rho"":null,""inversion_channel"":9.5,""period_ms"":null}"
195107,1,5026.7,5026.7,False,0.75,"{""inversion_rho"":null,""inversion_channel"":10.5,""period_ms"":null}"
195107,1,5035.9998,5035.9998,False,1.0,"{""inversion_rho"":null,""inversion_channel"":11.5,""period_ms"":11.400222778320312}"
195107,1,5045.5999,5045.5999,False,1.0,"{""inversion_rho"":null,""inversion_channel"":5.0,""period_ms"":11.400222778320312}"
195107,1,5058.8002,5058.8002,False,1.0,"{""inversion_rho"":null,""inversion_channel"":8.0,""period_ms"":11.400222778320312}"
195107,1,5123.0001,5123.0001,False,0.5,"{""inversion_rho"":null,""inversion_channel"":8.0,""period_ms"":10.599613189697266}"
195107,1,5133.2002,5133.2002,False,1.0,"{""inversion_rho"":null,""inversion_channel"":3.5,""period_ms"":10.599613189697266}"
195107,1,5143.7998,5143.7998,False,0.5,"{""inversion_rho"":null,""inversion_channel"":4.0,""period_ms"":10.599613189697266}"
195107,1,5170.0001,5170.0001,False,1.0,"{""inversion_rho"":null,""inversion_channel"":4.0,""period_ms"":10.599613189697266}"
195107,1,5177.3,5177.3,False,0.5,"{""inversion_rho"":null,""inversion_channel"":7.5,""period_ms"":28.399944305419922}"
195107,1,5205.9002,5205.9002,False,0.75,"{""inversion_rho"":null,""inversion_channel"":6.5,""period_ms"":28.399944305419922}"
195107,1,5221.9,5221.9,False,1.0,"{""inversion_rho"":null,""inversion_channel"":3.5,""period_ms"":28.399944305419922}"
195107,1,5250.2999,5250.2999,False,1.0,"{""inversion_rho"":null,""inversion_channel"":8.0,""period_ms"":28.399944305419922}"
195107,1,5035.9998,5058.8002,True,1.0,"{""inversion_rho"":null,""inversion_channel"":8.0,""period_ms"":11.400222778320312}"
195107,1,5123.0001,5170.0001,True,1.0,"{""inversion_rho"":null,""inversion_channel"":4.0,""period_ms"":10.599613189697266}"
195107,1,5177.3,5250.2999,True,1.0,"{""inversion_rho"":null,""inversion_channel"":7.0,""period_ms"":28.399944305419922}"
195159,1,58.9,58.9,False,0.25,"{""inversion_rho"":null,""inversion_channel"":13.5,""period_ms"":null}"
195159,1,82.2,82.2,False,1.0,"{""inversion_rho"":null,""inversion_channel"":10.5,""period_ms"":null}"
195159,1,1843.6,1843.6,False,1.0,"{""inversion_rho"":null,""inversion_channel"":15.5,""period_ms"":11.94995641708374}"
195159,1,1854.6,1854.6,False,1.0,"{""inversion_rho"":null,""inversion_channel"":16.5,""period_ms"":11.94995641708374}"
195159,1,1867.4999,1867.4999,False,0.375,"{""inversion_rho"":null,""inversion_channel"":17.5,""period_ms"":11.94995641708374}"
195159,1,1960.2,1960.2,False,0.375,"{""inversion_rho"":null,""inversion_channel"":16.5,""period_ms"":null}"
195159,1,1976.5,1976.5,False,0.75,"{""inversion_rho"":null,""inversion_channel"":18.5,""period_ms"":null}"
195159,1,1843.6,1867.4999,True,1.0,"{""inversion_rho"":null,""inversion_channel"":16.5,""period_ms"":11.94995641708374}"
195169,1,54.1,54.1,False,0.5,"{""inversion_rho"":null,""inversion_channel"":7.5,""period_ms"":7.1999989449977875}"
195169,1,61.3,61.3,False,0.25,"{""inversion_rho"":null,""inversion_channel"":11.5,""period_ms"":7.1999989449977875}"
195169,1,77.4,77.4,False,0.375,"{""inversion_rho"":null,""inversion_channel"":13.5,""period_ms"":7.1999989449977875}"
195169,1,84.3,84.3,False,0.375,"{""inversion_rho"":null,""inversion_channel"":11.5,""period_ms"":7.1999989449977875}"
195169,1,1563.2,1563.2,False,0.875,"{""inversion_rho"":null,""inversion_channel"":16.5,""period_ms"":11.799991130828857}"
195169,1,1577.9999,1577.9999,False,1.0,"{""inversion_rho"":null,""inversion_channel"":16.5,""period_ms"":11.799991130828857}"
195169,1,1586.8,1586.8,False,0.75,"{""inversion_rho"":null,""inversion_channel"":16.5,""period_ms"":11.799991130828857}"
195169,1,1690.5,1690.5,False,1.0,"{""inversion_rho"":null,""inversion_channel"":14.5,""period_ms"":null}"
195169,1,1704.5,1704.5,False,1.0,"{""inversion_rho"":null,""inversion_channel"":14.5,""period_ms"":null}"
195169,1,1997.9,1997.9,False,0.375,"{""inversion_rho"":null,""inversion_channel"":13.0,""period_ms"":null}"
195169,1,2338.3999,2338.3999,False,1.0,"{""inversion_rho"":null,""inversion_channel"":20.5,""period_ms"":15.30003547668457}"
195169,1,2352.7,2352.7,False,0.25,"{""inversion_rho"":null,""inversion_channel"":40.0,""period_ms"":15.30003547668457}"
195169,1,2362.2999,2362.2999,False,0.5,"{""inversion_rho"":null,""inversion_channel"":19.5,""period_ms"":15.30003547668457}"
195169,1,2378.5999,2378.5999,False,0.625,"{""inversion_rho"":null,""inversion_channel"":19.5,""period_ms"":15.30003547668457}"
195169,1,2397.0001,2397.0001,False,0.875,"{""inversion_rho"":null,""inversion_channel"":19.5,""period_ms"":15.30003547668457}"
195169,1,2445.6999,2445.6999,False,0.875,"{""inversion_rho"":null,""inversion_channel"":19.5,""period_ms"":10.650038719177246}"
195169,1,2456.3,2456.3,False,1.0,"{""inversion_rho"":null,""inversion_channel"":18.5,""period_ms"":10.650038719177246}"
195169,1,2464.6001,2464.6001,False,0.25,"{""inversion_rho"":null,""inversion_channel"":17.0,""period_ms"":10.650038719177246}"
195169,1,2474.6001,2474.6001,False,1.0,"{""inversion_rho"":null,""inversion_channel"":20.5,""period_ms"":10.650038719177246}"
195169,1,2485.3001,2485.3001,False,1.0,"{""inversion_rho"":null,""inversion_channel"":16.5,""period_ms"":10.650038719177246}"
195169,1,2503.0999,2503.0999,False,0.25,"{""inversion_rho"":null,""inversion_channel"":13.5,""period_ms"":10.650038719177246}"
195169,1,2531.5001,2531.5001,False,0.375,"{""inversion_rho"":null,""inversion_channel"":29.5,""period_ms"":10.650038719177246}"
195169,1,2539.0,2539.0,False,0.375,"{""inversion_rho"":null,""inversion_channel"":21.5,""period_ms"":null}"
195169,1,54.1,84.3,True,1.0,"{""inversion_rho"":null,""inversion_channel"":11.5,""period_ms"":7.1999989449977875}"
195169,1,1563.2,1586.8,True,1.0,"{""inversion_rho"":null,""inversion_channel"":16.5,""period_ms"":11.799991130828857}"
195169,1,2338.3999,2397.0001,True,1.0,"{""inversion_rho"":null,""inversion_channel"":19.5,""period_ms"":15.30003547668457}"
195169,1,2445.6999,2531.5001,True,1.0,"{""inversion_rho"":null,""inversion_channel"":18.5,""period_ms"":10.650038719177246}"
195186,1,87.5,87.5,False,1.0,"{""inversion_rho"":null,""inversion_channel"":36.0,""period_ms"":null}"
195186,1,1599.4999,1599.4999,False,1.0,"{""inversion_rho"":null,""inversion_channel"":28.5,""period_ms"":null}"
195186,1,1849.4,1849.4,False,1.0,"{""inversion_rho"":null,""inversion_channel"":32.5,""period_ms"":null}"
195186,1,1895.4999,1895.4999,False,1.0,"{""inversion_rho"":null,""inversion_channel"":31.5,""period_ms"":25.250017642974854}"
195186,1,1917.4,1917.4,False,1.0,"{""inversion_rho"":null,""inversion_channel"":32.0,""period_ms"":25.250017642974854}"
195186,1,1937.6,1937.6,False,1.0,"{""inversion_rho"":null,""inversion_channel"":32.0,""period_ms"":25.250017642974854}"
195186,1,1966.2,1966.2,False,1.0,"{""inversion_rho"":null,""inversion_channel"":32.5,""period_ms"":25.250017642974854}"
195186,1,2016.5999,2016.5999,False,1.0,"{""inversion_rho"":null,""inversion_channel"":32.0,""period_ms"":25.250017642974854}"
195186,1,2034.4,2034.4,False,1.0,"{""inversion_rho"":null,""inversion_channel"":31.5,""period_ms"":null}"
195186,1,2079.9999,2079.9999,False,0.5,"{""inversion_rho"":null,""inversion_channel"":8.5,""period_ms"":null}"
195186,1,2098.0999,2098.0999,False,1.0,"{""inversion_rho"":null,""inversion_channel"":32.5,""period_ms"":null}"
195186,1,2109.0,2109.0,False,1.0,"{""inversion_rho"":null,""inversion_channel"":32.5,""period_ms"":null}"
195186,1,2152.6,2152.6,False,1.0,"{""inversion_rho"":null,""inversion_channel"":33.5,""period_ms"":null}"
195186,1,2163.5001,2163.5001,False,1.0,"{""inversion_rho"":null,""inversion_channel"":33.0,""period_ms"":null}"
195186,1,2209.3999,2209.3999,False,1.0,"{""inversion_rho"":null,""inversion_channel"":32.5,""period_ms"":19.60015296936035}"
195186,1,2229.7001,2229.7001,False,1.0,"{""inversion_rho"":null,""inversion_channel"":33.5,""period_ms"":19.60015296936035}"
195186,1,2275.8999,2275.8999,False,0.25,"{""inversion_rho"":null,""inversion_channel"":8.5,""period_ms"":19.60015296936035}"
195186,1,2294.8,2294.8,False,0.625,"{""inversion_rho"":null,""inversion_channel"":32.0,""period_ms"":19.60015296936035}"
195186,1,2305.5,2305.5,False,1.0,"{""inversion_rho"":null,""inversion_channel"":32.5,""period_ms"":19.60015296936035}"
195186,1,2344.1999,2344.1999,False,0.25,"{""inversion_rho"":null,""inversion_channel"":8.5,""period_ms"":29.850006103515625}"
195186,1,2365.0999,2365.0999,False,1.0,"{""inversion_rho"":null,""inversion_channel"":33.0,""period_ms"":29.850006103515625}"
195186,1,2403.8999,2403.8999,False,0.75,"{""inversion_rho"":null,""inversion_channel"":33.5,""period_ms"":29.850006103515625}"
195186,1,2414.0999,2414.0999,False,1.0,"{""inversion_rho"":null,""inversion_channel"":33.0,""period_ms"":null}"
195186,1,2454.9999,2454.9999,False,1.0,"{""inversion_rho"":null,""inversion_channel"":7.5,""period_ms"":null}"
195186,1,2466.2001,2466.2001,False,1.0,"{""inversion_rho"":null,""inversion_channel"":33.5,""period_ms"":36.299943923950195}"
195186,1,2505.5001,2505.5001,False,0.375,"{""inversion_rho"":null,""inversion_channel"":8.5,""period_ms"":36.299943923950195}"
195186,1,2536.9,2536.9,False,1.0,"{""inversion_rho"":null,""inversion_channel"":33.5,""period_ms"":36.299943923950195}"
195186,1,2573.2,2573.2,False,1.0,"{""inversion_rho"":null,""inversion_channel"":8.5,""period_ms"":36.299943923950195}"
195186,1,2581.1,2581.1,False,1.0,"{""inversion_rho"":null,""inversion_channel"":33.5,""period_ms"":17.800092697143555}"
195186,1,2598.9001,2598.9001,False,1.0,"{""inversion_rho"":null,""inversion_channel"":33.5,""period_ms"":17.800092697143555}"
195186,1,2636.4999,2636.4999,False,1.0,"{""inversion_rho"":null,""inversion_channel"":7.5,""period_ms"":17.800092697143555}"
195186,1,2653.3,2653.3,False,1.0,"{""inversion_rho"":null,""inversion_channel"":33.0,""period_ms"":17.800092697143555}"
195186,1,2700.3,2700.3,False,1.0,"{""inversion_rho"":null,""inversion_channel"":33.5,""period_ms"":28.750061988830566}"
195186,1,2720.4001,2720.4001,False,1.0,"{""inversion_rho"":null,""inversion_channel"":33.5,""period_ms"":28.750061988830566}"
195186,1,2757.8001,2757.8001,False,0.25,"{""inversion_rho"":null,""inversion_channel"":8.5,""period_ms"":28.750061988830566}"
195186,1,2773.0999,2773.0999,False,1.0,"{""inversion_rho"":null,""inversion_channel"":33.0,""period_ms"":28.750061988830566}"
195186,1,2809.2,2809.2,False,1.0,"{""inversion_rho"":null,""inversion_channel"":33.0,""period_ms"":28.750061988830566}"
195186,1,2830.6,2830.6,False,1.0,"{""inversion_rho"":null,""inversion_channel"":33.5,""period_ms"":28.750061988830566}"
195186,1,2869.8001,2869.8001,False,1.0,"{""inversion_rho"":null,""inversion_channel"":8.5,""period_ms"":28.750061988830566}"
195186,1,2875.0,2875.0,False,0.375,"{""inversion_rho"":null,""inversion_channel"":9.5,""period_ms"":null}"
195186,1,2887.1,2887.1,False,1.0,"{""inversion_rho"":null,""inversion_channel"":33.5,""period_ms"":null}"
195186,1,2923.1999,2923.1999,False,1.0,"{""inversion_rho"":null,""inversion_channel"":8.0,""period_ms"":22.099971771240234}"
195186,1,2936.8,2936.8,False,1.0,"{""inversion_rho"":null,""inversion_channel"":33.5,""period_ms"":22.099971771240234}"
195186,1,2958.9,2958.9,False,1.0,"{""inversion_rho"":null,""inversion_channel"":33.0,""period_ms"":22.099971771240234}"
195186,1,2996.2001,2996.2001,False,1.0,"{""inversion_rho"":null,""inversion_channel"":7.5,""period_ms"":22.099971771240234}"
195186,1,3010.6001,3010.6001,False,1.0,"{""inversion_rho"":null,""inversion_channel"":33.5,""period_ms"":34.30008888244629}"
195186,1,3044.8999,3044.8999,False,1.0,"{""inversion_rho"":null,""inversion_channel"":8.5,""period_ms"":34.30008888244629}"
195186,1,3066.7,3066.7,False,1.0,"{""inversion_rho"":null,""inversion_channel"":34.5,""period_ms"":34.30008888244629}"
195186,1,3101.3999,3101.3999,False,0.625,"{""inversion_rho"":null,""inversion_channel"":8.5,""period_ms"":34.30008888244629}"
195186,1,3139.2,3139.2,False,1.0,"{""inversion_rho"":null,""inversion_channel"":33.5,""period_ms"":34.30008888244629}"
195186,1,3173.5001,3173.5001,False,0.5,"{""inversion_rho"":null,""inversion_channel"":8.5,""period_ms"":34.30008888244629}"
195186,1,3211.9999,3211.9999,False,1.0,"{""inversion_rho"":null,""inversion_channel"":33.5,""period_ms"":34.30008888244629}"
195186,1,3234.1001,3234.1001,False,0.25,"{""inversion_rho"":null,""inversion_channel"":23.0,""period_ms"":34.30008888244629}"
195186,1,3259.1,3259.1,False,1.0,"{""inversion_rho"":null,""inversion_channel"":33.5,""period_ms"":34.30008888244629}"
195186,1,3298.3999,3298.3999,False,0.25,"{""inversion_rho"":null,""inversion_channel"":34.5,""period_ms"":34.30008888244629}"
195186,1,3303.6001,3303.6001,False,1.0,"{""inversion_rho"":null,""inversion_channel"":34.5,""period_ms"":20.650029182434082}"
195186,1,3339.7,3339.7,False,0.25,"{""inversion_rho"":null,""inversion_channel"":35.5,""period_ms"":20.650029182434082}"
195186,1,3354.1999,3354.1999,False,1.0,"{""inversion_rho"":null,""inversion_channel"":33.0,""period_ms"":20.650029182434082}"
195186,1,3368.5999,3368.5999,False,0.25,"{""inversion_rho"":null,""inversion_channel"":22.5,""period_ms"":20.650029182434082}"
195186,1,3395.4,3395.4,False,1.0,"{""inversion_rho"":null,""inversion_channel"":8.0,""period_ms"":20.650029182434082}"
195186,1,3405.8001,3405.8001,False,1.0,"{""inversion_rho"":null,""inversion_channel"":35.5,""period_ms"":19.249916076660156}"
195186,1,3448.4,3448.4,False,1.0,"{""inversion_rho"":null,""inversion_channel"":34.5,""period_ms"":19.249916076660156}"
195186,1,3494.1001,3494.1001,False,1.0,"{""inversion_rho"":null,""inversion_channel"":33.5,""period_ms"":19.249916076660156}"
195186,1,3526.7,3526.7,False,1.0,"{""inversion_rho"":null,""inversion_channel"":34.5,""period_ms"":19.249916076660156}"
195186,1,3550.8001,3550.8001,False,1.0,"{""inversion_rho"":null,""inversion_channel"":9.5,""period_ms"":19.249916076660156}"
195186,1,3573.6001,3573.6001,False,1.0,"{""inversion_rho"":null,""inversion_channel"":9.5,""period_ms"":19.249916076660156}"
195186,1,3603.9,3603.9,False,1.0,"{""inversion_rho"":null,""inversion_channel"":34.5,""period_ms"":19.249916076660156}"
195186,1,3629.4,3629.4,False,0.375,"{""inversion_rho"":null,""inversion_channel"":9.5,""period_ms"":19.249916076660156}"
195186,1,3649.1001,3649.1001,False,1.0,"{""inversion_rho"":null,""inversion_channel"":10.0,""period_ms"":19.249916076660156}"
195186,1,3666.8999,3666.8999,False,1.0,"{""inversion_rho"":null,""inversion_channel"":9.5,""period_ms"":19.249916076660156}"
195186,1,3686.0001,3686.0001,False,1.0,"{""inversion_rho"":null,""inversion_channel"":9.5,""period_ms"":19.249916076660156}"
195186,1,3705.2,3705.2,False,1.0,"{""inversion_rho"":null,""inversion_channel"":9.5,""period_ms"":19.249916076660156}"
195186,1,3724.0,3724.0,False,1.0,"{""inversion_rho"":null,""inversion_channel"":34.5,""period_ms"":19.249916076660156}"
195186,1,3742.3999,3742.3999,False,1.0,"{""inversion_rho"":null,""inversion_channel"":9.5,""period_ms"":19.249916076660156}"
195186,1,3760.9,3760.9,False,1.0,"{""inversion_rho"":null,""inversion_channel"":10.5,""period_ms"":19.249916076660156}"
195186,1,3779.5,3779.5,False,1.0,"{""inversion_rho"":null,""inversion_channel"":34.5,""period_ms"":19.249916076660156}"
195186,1,3798.0001,3798.0001,False,1.0,"{""inversion_rho"":null,""inversion_channel"":35.5,""period_ms"":19.249916076660156}"
195186,1,3816.9999,3816.9999,False,1.0,"{""inversion_rho"":null,""inversion_channel"":8.5,""period_ms"":19.249916076660156}"
195186,1,3835.5999,3835.5999,False,1.0,"{""inversion_rho"":null,""inversion_channel"":9.5,""period_ms"":19.249916076660156}"
195186,1,3855.5,3855.5,False,1.0,"{""inversion_rho"":null,""inversion_channel"":10.5,""period_ms"":19.249916076660156}"
195186,1,3874.5,3874.5,False,1.0,"{""inversion_rho"":null,""inversion_channel"":9.5,""period_ms"":19.249916076660156}"
195186,1,3894.5,3894.5,False,1.0,"{""inversion_rho"":null,""inversion_channel"":10.5,""period_ms"":19.249916076660156}"
195186,1,3913.8999,3913.8999,False,1.0,"{""inversion_rho"":null,""inversion_channel"":34.5,""period_ms"":19.249916076660156}"
195186,1,3933.1999,3933.1999,False,1.0,"{""inversion_rho"":null,""inversion_channel"":10.5,""period_ms"":19.249916076660156}"
195186,1,3952.3001,3952.3001,False,1.0,"{""inversion_rho"":null,""inversion_channel"":35.0,""period_ms"":19.249916076660156}"
195186,1,3984.8001,3984.8001,False,1.0,"{""inversion_rho"":null,""inversion_channel"":34.5,""period_ms"":19.249916076660156}"
195186,1,4012.7001,4012.7001,False,1.0,"{""inversion_rho"":null,""inversion_channel"":34.5,""period_ms"":19.249916076660156}"
195186,1,4046.1001,4046.1001,False,1.0,"{""inversion_rho"":null,""inversion_channel"":34.5,""period_ms"":19.249916076660156}"
195186,1,4086.2999,4086.2999,False,1.0,"{""inversion_rho"":null,""inversion_channel"":34.0,""period_ms"":19.249916076660156}"
195186,1,4112.8001,4112.8001,False,1.0,"{""inversion_rho"":null,""inversion_channel"":8.5,""period_ms"":19.249916076660156}"
195186,1,4131.0,4131.0,False,0.75,"{""inversion_rho"":null,""inversion_channel"":34.5,""period_ms"":19.249916076660156}"
195186,1,4161.3002,4161.3002,False,1.0,"{""inversion_rho"":null,""inversion_channel"":33.5,""period_ms"":19.249916076660156}"
195186,1,4194.5,4194.5,False,1.0,"{""inversion_rho"":null,""inversion_channel"":33.5,""period_ms"":19.249916076660156}"
195186,1,4216.8999,4216.8999,False,1.0,"{""inversion_rho"":null,""inversion_channel"":32.5,""period_ms"":19.249916076660156}"
195186,1,4245.2002,4245.2002,False,0.75,"{""inversion_rho"":null,""inversion_channel"":32.5,""period_ms"":19.249916076660156}"
195186,1,4269.7001,4269.7001,False,0.5,"{""inversion_rho"":null,""inversion_channel"":32.0,""period_ms"":19.249916076660156}"
195186,1,4297.6999,4297.6999,False,1.0,"{""inversion_rho"":null,""inversion_channel"":31.5,""period_ms"":19.249916076660156}"
195186,1,4322.8002,4322.8002,False,1.0,"{""inversion_rho"":null,""inversion_channel"":27.5,""period_ms"":19.249916076660156}"
195186,1,4339.3002,4339.3002,False,1.0,"{""inversion_rho"":null,""inversion_channel"":31.5,""period_ms"":19.249916076660156}"
195186,1,4356.5001,4356.5001,False,0.5,"{""inversion_rho"":null,""inversion_channel"":31.5,""period_ms"":19.249916076660156}"
195186,1,4380.0001,4380.0001,False,1.0,"{""inversion_rho"":null,""inversion_channel"":4.5,""period_ms"":19.249916076660156}"
195186,1,4396.1,4396.1,False,0.25,"{""inversion_rho"":null,""inversion_channel"":3.5,""period_ms"":19.249916076660156}"
195186,1,4416.2998,4416.2998,False,1.0,"{""inversion_rho"":null,""inversion_channel"":3.5,""period_ms"":19.249916076660156}"
195186,1,4433.0001,4433.0001,False,1.0,"{""inversion_rho"":null,""inversion_channel"":28.0,""period_ms"":19.249916076660156}"
195186,1,4450.3002,4450.3002,False,1.0,"{""inversion_rho"":null,""inversion_channel"":27.0,""period_ms"":19.249916076660156}"
195186,1,4467.9999,4467.9999,False,1.0,"{""inversion_rho"":null,""inversion_channel"":27.0,""period_ms"":19.249916076660156}"
195186,1,4485.7998,4485.7998,False,1.0,"{""inversion_rho"":null,""inversion_channel"":26.5,""period_ms"":19.249916076660156}"
195186,1,4503.3002,4503.3002,False,1.0,"{""inversion_rho"":null,""inversion_channel"":2.5,""period_ms"":19.249916076660156}"
195186,1,4519.8998,4519.8998,False,1.0,"{""inversion_rho"":null,""inversion_channel"":26.0,""period_ms"":19.249916076660156}"
195186,1,4536.2,4536.2,False,1.0,"{""inversion_rho"":null,""inversion_channel"":24.5,""period_ms"":19.249916076660156}"
195186,1,4551.7998,4551.7998,False,1.0,"{""inversion_rho"":null,""inversion_channel"":24.5,""period_ms"":19.249916076660156}"
195186,1,4568.5,4568.5,False,1.0,"{""inversion_rho"":null,""inversion_channel"":23.5,""period_ms"":19.249916076660156}"
195186,1,4585.3,4585.3,False,1.0,"{""inversion_rho"":null,""inversion_channel"":21.5,""period_ms"":19.249916076660156}"
195186,1,4601.2001,4601.2001,False,1.0,"{""inversion_rho"":null,""inversion_channel"":20.0,""period_ms"":19.249916076660156}"
195186,1,4634.3999,4634.3999,False,1.0,"{""inversion_rho"":null,""inversion_channel"":18.0,""period_ms"":19.249916076660156}"
195186,1,1895.4999,2016.5999,True,1.0,"{""inversion_rho"":null,""inversion_channel"":32.0,""period_ms"":25.250017642974854}"
195186,1,2209.3999,2305.5,True,1.0,"{""inversion_rho"":null,""inversion_channel"":32.5,""period_ms"":19.60015296936035}"
195186,1,2344.1999,2403.8999,True,1.0,"{""inversion_rho"":null,""inversion_channel"":33.0,""period_ms"":29.850006103515625}"
195186,1,2466.2001,2573.2,True,1.0,"{""inversion_rho"":null,""inversion_channel"":21.0,""period_ms"":36.299943923950195}"
195186,1,2581.1,2653.3,True,1.0,"{""inversion_rho"":null,""inversion_channel"":33.25,""period_ms"":17.800092697143555}"
195186,1,2700.3,2869.8001,True,1.0,"{""inversion_rho"":null,""inversion_channel"":33.0,""period_ms"":28.750061988830566}"
195186,1,2923.1999,2996.2001,True,1.0,"{""inversion_rho"":null,""inversion_channel"":20.5,""period_ms"":22.099971771240234}"
195186,1,3010.6001,3298.3999,True,1.0,"{""inversion_rho"":null,""inversion_channel"":33.5,""period_ms"":34.30008888244629}"
195186,1,3303.6001,3395.4,True,1.0,"{""inversion_rho"":null,""inversion_channel"":33.0,""period_ms"":20.650029182434082}"
195186,1,3405.8001,4634.3999,True,1.0,"{""inversion_rho"":null,""inversion_channel"":26.5,""period_ms"":19.249916076660156}"
195187,1,61.2,61.2,False,0.625,"{""inversion_rho"":null,""inversion_channel"":13.0,""period_ms"":null}"
195187,1,71.4,71.4,False,0.25,"{""inversion_rho"":null,""inversion_channel"":5.0,""period_ms"":null}"
195187,1,1786.6,1786.6,False,1.0,"{""inversion_rho"":null,""inversion_channel"":30.5,""period_ms"":31.200051307678223}"
195187,1,1844.1,1844.1,False,1.0,"{""inversion_rho"":null,""inversion_channel"":7.5,""period_ms"":31.200051307678223}"
195187,1,1890.4001,1890.4001,False,1.0,"{""inversion_rho"":null,""inversion_channel"":32.0,""period_ms"":31.200051307678223}"
195187,1,1910.9,1910.9,False,1.0,"{""inversion_rho"":null,""inversion_channel"":33.0,""period_ms"":31.200051307678223}"
195187,1,1942.1,1942.1,False,1.0,"{""inversion_rho"":null,""inversion_channel"":32.5,""period_ms"":31.200051307678223}"
195187,1,1957.2999,1957.2999,False,1.0,"{""inversion_rho"":null,""inversion_channel"":33.5,""period_ms"":31.200051307678223}"
195187,1,2013.7,2013.7,False,1.0,"{""inversion_rho"":null,""inversion_channel"":32.0,""period_ms"":33.049941062927246}"
195187,1,2034.3001,2034.3001,False,1.0,"{""inversion_rho"":null,""inversion_channel"":32.0,""period_ms"":33.049941062927246}"
195187,1,2079.7999,2079.7999,False,1.0,"{""inversion_rho"":null,""inversion_channel"":32.0,""period_ms"":33.049941062927246}"
195187,1,2087.1999,2087.1999,False,1.0,"{""inversion_rho"":null,""inversion_channel"":33.0,""period_ms"":35.450100898742676}"
195187,1,2116.3001,2116.3001,False,1.0,"{""inversion_rho"":null,""inversion_channel"":32.0,""period_ms"":35.450100898742676}"
195187,1,2160.5,2160.5,False,1.0,"{""inversion_rho"":null,""inversion_channel"":32.0,""period_ms"":35.450100898742676}"
195187,1,2179.4,2179.4,False,1.0,"{""inversion_rho"":null,""inversion_channel"":32.5,""period_ms"":35.450100898742676}"
195187,1,2221.2,2221.2,False,0.5,"{""inversion_rho"":null,""inversion_channel"":8.5,""period_ms"":35.450100898742676}"
195187,1,2245.5001,2245.5001,False,1.0,"{""inversion_rho"":null,""inversion_channel"":32.5,""period_ms"":35.450100898742676}"
195187,1,2292.5999,2292.5999,False,1.0,"{""inversion_rho"":null,""inversion_channel"":32.5,""period_ms"":35.450100898742676}"
195187,1,2310.4,2310.4,False,1.0,"{""inversion_rho"":null,""inversion_channel"":33.0,""period_ms"":9.750008583068848}"
195187,1,2321.1999,2321.1999,False,1.0,"{""inversion_rho"":null,""inversion_channel"":33.0,""period_ms"":9.750008583068848}"
195187,1,2329.9,2329.9,False,1.0,"{""inversion_rho"":null,""inversion_channel"":32.5,""period_ms"":9.750008583068848}"
195187,1,2370.8999,2370.8999,False,1.0,"{""inversion_rho"":null,""inversion_channel"":7.5,""period_ms"":null}"
195187,1,2383.4,2383.4,False,1.0,"{""inversion_rho"":null,""inversion_channel"":33.0,""period_ms"":null}"
195187,1,2415.1001,2415.1001,False,1.0,"{""inversion_rho"":null,""inversion_channel"":33.5,""period_ms"":13.199806213378906}"
195187,1,2421.7999,2421.7999,False,1.0,"{""inversion_rho"":null,""inversion_channel"":33.5,""period_ms"":13.199806213378906}"
195187,1,2438.1001,2438.1001,False,1.0,"{""inversion_rho"":null,""inversion_channel"":32.5,""period_ms"":13.199806213378906}"
195187,1,2451.2999,2451.2999,False,1.0,"{""inversion_rho"":null,""inversion_channel"":33.0,""period_ms"":13.199806213378906}"
195187,1,2491.6,2491.6,False,1.0,"{""inversion_rho"":null,""inversion_channel"":33.5,""period_ms"":29.150009155273438}"
195187,1,2514.4,2514.4,False,1.0,"{""inversion_rho"":null,""inversion_channel"":33.0,""period_ms"":29.150009155273438}"
195187,1,2549.9001,2549.9001,False,1.0,"{""inversion_rho"":null,""inversion_channel"":7.5,""period_ms"":29.150009155273438}"
195187,1,2562.5999,2562.5999,False,1.0,"{""inversion_rho"":null,""inversion_channel"":33.0,""period_ms"":null}"
195187,1,2594.5001,2594.5001,False,1.0,"{""inversion_rho"":null,""inversion_channel"":8.0,""period_ms"":null}"
195187,1,2600.8,2600.8,False,1.0,"{""inversion_rho"":null,""inversion_channel"":33.5,""period_ms"":null}"
195187,1,2631.0,2631.0,False,0.25,"{""inversion_rho"":null,""inversion_channel"":32.5,""period_ms"":null}"
195187,1,2639.6999,2639.6999,False,1.0,"{""inversion_rho"":null,""inversion_channel"":33.5,""period_ms"":38.700103759765625}"
195187,1,2679.3001,2679.3001,False,0.25,"{""inversion_rho"":null,""inversion_channel"":8.5,""period_ms"":38.700103759765625}"
195187,1,2701.2999,2701.2999,False,1.0,"{""inversion_rho"":null,""inversion_channel"":32.5,""period_ms"":38.700103759765625}"
195187,1,2740.0,2740.0,False,1.0,"{""inversion_rho"":null,""inversion_channel"":33.5,""period_ms"":38.700103759765625}"
195187,1,2752.1,2752.1,False,0.625,"{""inversion_rho"":null,""inversion_channel"":32.0,""period_ms"":null}"
195187,1,2761.3001,2761.3001,False,1.0,"{""inversion_rho"":null,""inversion_channel"":33.5,""period_ms"":null}"
195187,1,2799.3,2799.3,False,1.0,"{""inversion_rho"":null,""inversion_channel"":33.0,""period_ms"":16.650080680847168}"
195187,1,2816.8001,2816.8001,False,1.0,"{""inversion_rho"":null,""inversion_channel"":33.5,""period_ms"":16.650080680847168}"
195187,1,2852.2,2852.2,False,0.375,"{""inversion_rho"":null,""inversion_channel"":8.5,""period_ms"":16.650080680847168}"
195187,1,2868.0,2868.0,False,0.375,"{""inversion_rho"":null,""inversion_channel"":32.5,""period_ms"":16.650080680847168}"
195187,1,2877.0001,2877.0001,False,1.0,"{""inversion_rho"":null,""inversion_channel"":33.5,""period_ms"":16.650080680847168}"
195187,1,2917.7001,2917.7001,False,1.0,"{""inversion_rho"":null,""inversion_channel"":33.0,""period_ms"":11.449933052062988}"
195187,1,2931.2999,2931.2999,False,0.75,"{""inversion_rho"":null,""inversion_channel"":8.0,""period_ms"":11.449933052062988}"
195187,1,2940.5999,2940.5999,False,0.25,"{""inversion_rho"":null,""inversion_channel"":8.0,""period_ms"":11.449933052062988}"
195187,1,2982.6,2982.6,False,1.0,"{""inversion_rho"":null,""inversion_channel"":33.5,""period_ms"":34.50000286102295}"
195187,1,3004.2,3004.2,False,1.0,"{""inversion_rho"":null,""inversion_channel"":33.0,""period_ms"":34.50000286102295}"
195187,1,3040.1001,3040.1001,False,1.0,"{""inversion_rho"":null,""inversion_channel"":33.5,""period_ms"":34.50000286102295}"
195187,1,3075.5999,3075.5999,False,1.0,"{""inversion_rho"":null,""inversion_channel"":34.5,""period_ms"":34.50000286102295}"
195187,1,3109.1001,3109.1001,False,1.0,"{""inversion_rho"":null,""inversion_channel"":8.5,""period_ms"":34.50000286102295}"
195187,1,3117.6,3117.6,False,1.0,"{""inversion_rho"":null,""inversion_channel"":34.5,""period_ms"":25.300025939941406}"
195187,1,3153.5001,3153.5001,False,1.0,"{""inversion_rho"":null,""inversion_channel"":8.5,""period_ms"":25.300025939941406}"
195187,1,3168.2,3168.2,False,1.0,"{""inversion_rho"":null,""inversion_channel"":34.5,""period_ms"":25.300025939941406}"
195187,1,3213.5,3213.5,False,1.0,"{""inversion_rho"":null,""inversion_channel"":34.5,""period_ms"":19.549965858459473}"
195187,1,3240.0,3240.0,False,0.25,"{""inversion_rho"":null,""inversion_channel"":27.5,""period_ms"":19.549965858459473}"
195187,1,3254.4,3254.4,False,1.0,"{""inversion_rho"":null,""inversion_channel"":34.5,""period_ms"":19.549965858459473}"
195187,1,3279.0999,3279.0999,False,1.0,"{""inversion_rho"":null,""inversion_channel"":35.5,""period_ms"":19.549965858459473}"
195187,1,3292.3999,3292.3999,False,0.5,"{""inversion_rho"":null,""inversion_channel"":19.5,""period_ms"":19.549965858459473}"
195187,1,3336.8001,3336.8001,False,1.0,"{""inversion_rho"":null,""inversion_channel"":34.0,""period_ms"":5.899906158447266}"
195187,1,3343.2,3343.2,False,0.375,"{""inversion_rho"":null,""inversion_channel"":37.0,""period_ms"":5.899906158447266}"
195187,1,3348.5999,3348.5999,False,0.25,"{""inversion_rho"":null,""inversion_channel"":23.0,""period_ms"":5.899906158447266}"
195187,1,3374.3,3374.3,False,0.25,"{""inversion_rho"":null,""inversion_channel"":25.5,""period_ms"":null}"
195187,1,3383.5001,3383.5001,False,1.0,"{""inversion_rho"":null,""inversion_channel"":32.5,""period_ms"":null}"
195187,1,3426.7001,3426.7001,False,1.0,"{""inversion_rho"":null,""inversion_channel"":33.5,""period_ms"":null}"
195187,1,3434.0999,3434.0999,False,0.375,"{""inversion_rho"":null,""inversion_channel"":24.0,""period_ms"":null}"
195187,1,3468.6999,3468.6999,False,1.0,"{""inversion_rho"":null,""inversion_channel"":35.5,""period_ms"":null}"
195187,1,3478.6,3478.6,False,0.625,"{""inversion_rho"":null,""inversion_channel"":18.0,""period_ms"":null}"
195187,1,3504.1001,3504.1001,False,0.875,"{""inversion_rho"":null,""inversion_channel"":8.5,""period_ms"":20.49994468688965}"
195187,1,3532.3999,3532.3999,False,1.0,"{""inversion_rho"":null,""inversion_channel"":34.5,""period_ms"":20.49994468688965}"
195187,1,3568.7001,3568.7001,False,1.0,"{""inversion_rho"":null,""inversion_channel"":9.5,""period_ms"":20.49994468688965}"
195187,1,3589.9,3589.9,False,1.0,"{""inversion_rho"":null,""inversion_channel"":10.5,""period_ms"":20.49994468688965}"
195187,1,3624.2001,3624.2001,False,1.0,"{""inversion_rho"":null,""inversion_channel"":34.5,""period_ms"":20.49994468688965}"
195187,1,3651.2001,3651.2001,False,1.0,"{""inversion_rho"":null,""inversion_channel"":9.5,""period_ms"":20.49994468688965}"
195187,1,3672.1001,3672.1001,False,1.0,"{""inversion_rho"":null,""inversion_channel"":34.5,""period_ms"":20.49994468688965}"
195187,1,3691.9999,3691.9999,False,1.0,"{""inversion_rho"":null,""inversion_channel"":34.5,""period_ms"":20.49994468688965}"
195187,1,3711.1001,3711.1001,False,1.0,"{""inversion_rho"":null,""inversion_channel"":9.5,""period_ms"":20.49994468688965}"
195187,1,3730.0,3730.0,False,1.0,"{""inversion_rho"":null,""inversion_channel"":34.5,""period_ms"":20.49994468688965}"
195187,1,3748.5001,3748.5001,False,1.0,"{""inversion_rho"":null,""inversion_channel"":35.5,""period_ms"":20.49994468688965}"
195187,1,3767.6001,3767.6001,False,1.0,"{""inversion_rho"":null,""inversion_channel"":9.5,""period_ms"":20.49994468688965}"
195187,1,3781.6,3781.6,False,1.0,"{""inversion_rho"":null,""inversion_channel"":34.5,""period_ms"":20.49994468688965}"
195187,1,3808.3,3808.3,False,1.0,"{""inversion_rho"":null,""inversion_channel"":37.0,""period_ms"":20.49994468688965}"
195187,1,3828.8,3828.8,False,1.0,"{""inversion_rho"":null,""inversion_channel"":35.0,""period_ms"":20.49994468688965}"
195187,1,3849.0,3849.0,False,1.0,"{""inversion_rho"":null,""inversion_channel"":35.0,""period_ms"":20.49994468688965}"
195187,1,3870.1,3870.1,False,1.0,"{""inversion_rho"":null,""inversion_channel"":34.5,""period_ms"":20.49994468688965}"
195187,1,3892.1001,3892.1001,False,1.0,"{""inversion_rho"":null,""inversion_channel"":34.5,""period_ms"":20.49994468688965}"
195187,1,3911.2999,3911.2999,False,1.0,"{""inversion_rho"":null,""inversion_channel"":9.5,""period_ms"":20.49994468688965}"
195187,1,3930.8,3930.8,False,1.0,"{""inversion_rho"":null,""inversion_channel"":34.5,""period_ms"":20.49994468688965}"
195187,1,3950.5999,3950.5999,False,1.0,"{""inversion_rho"":null,""inversion_channel"":34.5,""period_ms"":20.49994468688965}"
195187,1,3970.3,3970.3,False,1.0,"{""inversion_rho"":null,""inversion_channel"":35.0,""period_ms"":20.49994468688965}"
195187,1,3990.2,3990.2,False,1.0,"{""inversion_rho"":null,""inversion_channel"":34.5,""period_ms"":20.49994468688965}"
195187,1,4009.5,4009.5,False,1.0,"{""inversion_rho"":null,""inversion_channel"":34.5,""period_ms"":20.49994468688965}"
195187,1,4029.5,4029.5,False,1.0,"{""inversion_rho"":null,""inversion_channel"":34.5,""period_ms"":20.49994468688965}"
195187,1,4050.0998,4050.0998,False,1.0,"{""inversion_rho"":null,""inversion_channel"":34.5,""period_ms"":20.49994468688965}"
195187,1,4072.0,4072.0,False,1.0,"{""inversion_rho"":null,""inversion_channel"":34.5,""period_ms"":20.49994468688965}"
195187,1,4093.4,4093.4,False,1.0,"{""inversion_rho"":null,""inversion_channel"":34.5,""period_ms"":20.49994468688965}"
195187,1,4113.9002,4113.9002,False,1.0,"{""inversion_rho"":null,""inversion_channel"":33.5,""period_ms"":20.49994468688965}"
195187,1,4133.5001,4133.5001,False,1.0,"{""inversion_rho"":null,""inversion_channel"":33.5,""period_ms"":20.49994468688965}"
195187,1,4165.2002,4165.2002,False,1.0,"{""inversion_rho"":null,""inversion_channel"":33.5,""period_ms"":20.49994468688965}"
195187,1,4202.6,4202.6,False,1.0,"{""inversion_rho"":null,""inversion_channel"":32.5,""period_ms"":20.49994468688965}"
195187,1,4226.2001,4226.2001,False,1.0,"{""inversion_rho"":null,""inversion_channel"":37.5,""period_ms"":20.49994468688965}"
195187,1,4238.8,4238.8,False,1.0,"{""inversion_rho"":null,""inversion_channel"":32.5,""period_ms"":20.49994468688965}"
195187,1,4275.8002,4275.8002,False,0.625,"{""inversion_rho"":null,""inversion_channel"":32.0,""period_ms"":17.199993133544922}"
195187,1,4302.1002,4302.1002,False,1.0,"{""inversion_rho"":null,""inversion_channel"":32.0,""period_ms"":17.199993133544922}"
195187,1,4320.0002,4320.0002,False,1.0,"{""inversion_rho"":null,""inversion_channel"":31.5,""period_ms"":17.199993133544922}"
195187,1,4335.0,4335.0,False,0.5,"{""inversion_rho"":null,""inversion_channel"":31.5,""period_ms"":17.199993133544922}"
195187,1,4357.9998,4357.9998,False,1.0,"{""inversion_rho"":null,""inversion_channel"":29.5,""period_ms"":17.199993133544922}"
195187,1,4377.1,4377.1,False,1.0,"{""inversion_rho"":null,""inversion_channel"":29.5,""period_ms"":17.199993133544922}"
195187,1,4394.7001,4394.7001,False,0.75,"{""inversion_rho"":null,""inversion_channel"":29.5,""period_ms"":17.199993133544922}"
195187,1,4411.9,4411.9,False,1.0,"{""inversion_rho"":null,""inversion_channel"":28.5,""period_ms"":17.199993133544922}"
195187,1,4429.9998,4429.9998,False,1.0,"{""inversion_rho"":null,""inversion_channel"":28.0,""period_ms"":17.199993133544922}"
195187,1,4447.0,4447.0,False,1.0,"{""inversion_rho"":null,""inversion_channel"":26.5,""period_ms"":17.199993133544922}"
195187,1,4463.2001,4463.2001,False,1.0,"{""inversion_rho"":null,""inversion_channel"":27.5,""period_ms"":17.199993133544922}"
195187,1,4482.3999,4482.3999,False,1.0,"{""inversion_rho"":null,""inversion_channel"":26.5,""period_ms"":17.199993133544922}"
195187,1,4504.6,4504.6,False,1.0,"{""inversion_rho"":null,""inversion_channel"":27.5,""period_ms"":17.199993133544922}"
195187,1,4522.5,4522.5,False,1.0,"{""inversion_rho"":null,""inversion_channel"":25.5,""period_ms"":17.199993133544922}"
195187,1,4539.3,4539.3,False,1.0,"{""inversion_rho"":null,""inversion_channel"":24.5,""period_ms"":17.199993133544922}"
195187,1,4554.6999,4554.6999,False,1.0,"{""inversion_rho"":null,""inversion_channel"":25.5,""period_ms"":17.199993133544922}"
195187,1,4570.0998,4570.0998,False,1.0,"{""inversion_rho"":null,""inversion_channel"":23.0,""period_ms"":17.199993133544922}"
195187,1,4586.5998,4586.5998,False,1.0,"{""inversion_rho"":null,""inversion_channel"":22.0,""period_ms"":17.199993133544922}"
195187,1,4602.7999,4602.7999,False,1.0,"{""inversion_rho"":null,""inversion_channel"":21.5,""period_ms"":17.199993133544922}"
195187,1,4619.9002,4619.9002,False,0.625,"{""inversion_rho"":null,""inversion_channel"":20.5,""period_ms"":17.199993133544922}"
195187,1,1786.6,1957.2999,True,1.0,"{""inversion_rho"":null,""inversion_channel"":32.25,""period_ms"":31.200051307678223}"
195187,1,2013.7,2079.7999,True,1.0,"{""inversion_rho"":null,""inversion_channel"":32.0,""period_ms"":33.049941062927246}"
195187,1,2087.1999,2292.5999,True,1.0,"{""inversion_rho"":null,""inversion_channel"":32.5,""period_ms"":35.450100898742676}"
195187,1,2310.4,2329.9,True,1.0,"{""inversion_rho"":null,""inversion_channel"":33.0,""period_ms"":9.750008583068848}"
195187,1,2415.1001,2451.2999,True,1.0,"{""inversion_rho"":null,""inversion_channel"":33.25,""period_ms"":13.199806213378906}"
195187,1,2491.6,2549.9001,True,1.0,"{""inversion_rho"":null,""inversion_channel"":33.0,""period_ms"":29.150009155273438}"
195187,1,2639.6999,2740.0,True,1.0,"{""inversion_rho"":null,""inversion_channel"":33.0,""period_ms"":38.700103759765625}"
195187,1,2799.3,2877.0001,True,1.0,"{""inversion_rho"":null,""inversion_channel"":33.0,""period_ms"":16.650080680847168}"
195187,1,2917.7001,2940.5999,True,1.0,"{""inversion_rho"":null,""inversion_channel"":8.0,""period_ms"":11.449933052062988}"
195187,1,2982.6,3109.1001,True,1.0,"{""inversion_rho"":null,""inversion_channel"":33.5,""period_ms"":34.50000286102295}"
195187,1,3117.6,3168.2,True,1.0,"{""inversion_rho"":null,""inversion_channel"":34.5,""period_ms"":25.300025939941406}"
195187,1,3213.5,3292.3999,True,1.0,"{""inversion_rho"":null,""inversion_channel"":34.5,""period_ms"":19.549965858459473}"
195187,1,3336.8001,3348.5999,True,1.0,"{""inversion_rho"":null,""inversion_channel"":34.0,""period_ms"":5.899906158447266}"
195187,1,3504.1001,4238.8,True,1.0,"{""inversion_rho"":null,""inversion_channel"":34.5,""period_ms"":20.49994468688965}"
195187,1,4275.8002,4619.9002,True,1.0,"{""inversion_rho"":null,""inversion_channel"":27.5,""period_ms"":17.199993133544922}"
195263,1,73.8,73.8,False,0.25,"{""inversion_rho"":null,""inversion_channel"":6.5,""period_ms"":null}"
195263,1,111.9,111.9,False,0.875,"{""inversion_rho"":null,""inversion_channel"":35.5,""period_ms"":null}"
195263,1,1436.7,1436.7,False,1.0,"{""inversion_rho"":null,""inversion_channel"":27.5,""period_ms"":52.049994468688965}"
195263,1,1492.8,1492.8,False,1.0,"{""inversion_rho"":null,""inversion_channel"":39.5,""period_ms"":52.049994468688965}"
195263,1,1545.6001,1545.6001,False,1.0,"{""inversion_rho"":null,""inversion_channel"":1.5,""period_ms"":52.049994468688965}"
195263,1,1596.9,1596.9,False,0.375,"{""inversion_rho"":null,""inversion_channel"":36.5,""period_ms"":52.049994468688965}"
195263,1,1625.1,1625.1,False,1.0,"{""inversion_rho"":null,""inversion_channel"":31.5,""period_ms"":52.049994468688965}"
195263,1,1681.0,1681.0,False,0.75,"{""inversion_rho"":null,""inversion_channel"":19.0,""period_ms"":52.049994468688965}"
195263,1,1727.1,1727.1,False,0.75,"{""inversion_rho"":null,""inversion_channel"":6.0,""period_ms"":52.049994468688965}"
195263,1,1743.8999,1743.8999,False,0.25,"{""inversion_rho"":null,""inversion_channel"":19.5,""period_ms"":9.450018405914307}"
195263,1,1754.5,1754.5,False,0.25,"{""inversion_rho"":null,""inversion_channel"":21.0,""period_ms"":9.450018405914307}"
195263,1,1762.8,1762.8,False,0.375,"{""inversion_rho"":null,""inversion_channel"":9.5,""period_ms"":9.450018405914307}"
195263,1,1777.0,1777.0,False,0.25,"{""inversion_rho"":null,""inversion_channel"":4.5,""period_ms"":9.450018405914307}"
195263,1,1784.7,1784.7,False,0.375,"{""inversion_rho"":null,""inversion_channel"":20.5,""period_ms"":9.450018405914307}"
195263,1,1940.8,1940.8,False,0.25,"{""inversion_rho"":null,""inversion_channel"":6.0,""period_ms"":18.950045108795166}"
195263,1,1952.1,1952.1,False,0.25,"{""inversion_rho"":null,""inversion_channel"":23.0,""period_ms"":18.950045108795166}"
195263,1,1977.1,1977.1,False,0.5,"{""inversion_rho"":null,""inversion_channel"":16.0,""period_ms"":18.950045108795166}"
195263,1,1992.9,1992.9,False,1.0,"{""inversion_rho"":null,""inversion_channel"":24.5,""period_ms"":18.950045108795166}"
195263,1,2015.0001,2015.0001,False,0.375,"{""inversion_rho"":null,""inversion_channel"":41.0,""period_ms"":18.950045108795166}"
195263,1,2099.2999,2099.2999,False,0.625,"{""inversion_rho"":null,""inversion_channel"":32.0,""period_ms"":null}"
195263,1,2106.8001,2106.8001,False,1.0,"{""inversion_rho"":null,""inversion_channel"":16.0,""period_ms"":null}"
195263,1,2153.1,2153.1,False,0.5,"{""inversion_rho"":null,""inversion_channel"":20.5,""period_ms"":null}"
195263,1,2705.3001,2705.3001,False,0.25,"{""inversion_rho"":null,""inversion_channel"":3.5,""period_ms"":null}"
195263,1,2758.8,2758.8,False,0.75,"{""inversion_rho"":null,""inversion_channel"":22.5,""period_ms"":null}"
195263,1,2764.4,2764.4,False,0.625,"{""inversion_rho"":null,""inversion_channel"":8.5,""period_ms"":null}"
195263,1,2775.5001,2775.5001,False,1.0,"{""inversion_rho"":null,""inversion_channel"":7.5,""period_ms"":null}"
195263,1,2805.3,2805.3,False,0.75,"{""inversion_rho"":null,""inversion_channel"":35.5,""period_ms"":null}"
195263,1,3107.7001,3107.7001,False,0.25,"{""inversion_rho"":null,""inversion_channel"":25.5,""period_ms"":14.799952507019043}"
195263,1,3126.4,3126.4,False,0.25,"{""inversion_rho"":null,""inversion_channel"":42.5,""period_ms"":14.799952507019043}"
195263,1,3137.3,3137.3,False,0.75,"{""inversion_rho"":null,""inversion_channel"":28.5,""period_ms"":14.799952507019043}"
195263,1,3179.8999,3179.8999,False,0.875,"{""inversion_rho"":null,""inversion_channel"":8.5,""period_ms"":12.10010051727295}"
195263,1,3193.5,3193.5,False,0.375,"{""inversion_rho"":null,""inversion_channel"":14.5,""period_ms"":12.10010051727295}"
195263,1,3212.6999,3212.6999,False,0.5,"{""inversion_rho"":null,""inversion_channel"":32.0,""period_ms"":12.10010051727295}"
195263,1,3223.3,3223.3,False,0.875,"{""inversion_rho"":null,""inversion_channel"":21.5,""period_ms"":12.10010051727295}"
195263,1,3229.1,3229.1,False,0.5,"{""inversion_rho"":null,""inversion_channel"":27.5,""period_ms"":12.10010051727295}"
195263,1,3237.4001,3237.4001,False,0.75,"{""inversion_rho"":null,""inversion_channel"":18.5,""period_ms"":12.10010051727295}"
195263,1,3255.1999,3255.1999,False,0.75,"{""inversion_rho"":null,""inversion_channel"":11.5,""period_ms"":12.10010051727295}"
195263,1,3442.5001,3442.5001,False,0.75,"{""inversion_rho"":null,""inversion_channel"":41.5,""period_ms"":12.04991340637207}"
195263,1,3456.6,3456.6,False,1.0,"{""inversion_rho"":null,""inversion_channel"":9.5,""period_ms"":12.04991340637207}"
195263,1,3466.1,3466.1,False,0.25,"{""inversion_rho"":null,""inversion_channel"":11.5,""period_ms"":12.04991340637207}"
195263,1,3476.5999,3476.5999,False,0.5,"{""inversion_rho"":null,""inversion_channel"":34.5,""period_ms"":12.04991340637207}"
195263,1,3495.8999,3495.8999,False,0.625,"{""inversion_rho"":null,""inversion_channel"":11.5,""period_ms"":12.04991340637207}"
195263,1,3504.6,3504.6,False,0.5,"{""inversion_rho"":null,""inversion_channel"":9.5,""period_ms"":12.04991340637207}"
195263,1,3511.8001,3511.8001,False,0.25,"{""inversion_rho"":null,""inversion_channel"":9.5,""period_ms"":12.04991340637207}"
195263,1,3525.3999,3525.3999,False,0.25,"{""inversion_rho"":null,""inversion_channel"":6.5,""period_ms"":12.04991340637207}"
195263,1,3549.9001,3549.9001,False,0.625,"{""inversion_rho"":null,""inversion_channel"":34.5,""period_ms"":12.04991340637207}"
195263,1,3556.6001,3556.6001,False,0.375,"{""inversion_rho"":null,""inversion_channel"":6.0,""period_ms"":null}"
195263,1,3563.0,3563.0,False,0.5,"{""inversion_rho"":null,""inversion_channel"":8.5,""period_ms"":null}"
195263,1,3579.9999,3579.9999,False,0.5,"{""inversion_rho"":null,""inversion_channel"":8.5,""period_ms"":9.200096130371094}"
195263,1,3589.2999,3589.2999,False,0.75,"{""inversion_rho"":null,""inversion_channel"":35.5,""period_ms"":9.200096130371094}"
195263,1,3598.5,3598.5,False,0.625,"{""inversion_rho"":null,""inversion_channel"":37.0,""period_ms"":9.200096130371094}"
195263,1,3603.9,3603.9,False,1.0,"{""inversion_rho"":null,""inversion_channel"":3.5,""period_ms"":9.200096130371094}"
195263,1,3627.8,3627.8,False,0.5,"{""inversion_rho"":null,""inversion_channel"":35.5,""period_ms"":27.300119400024414}"
195263,1,3645.9,3645.9,False,1.0,"{""inversion_rho"":null,""inversion_channel"":34.0,""period_ms"":27.300119400024414}"
195263,1,3663.3999,3663.3999,False,1.0,"{""inversion_rho"":null,""inversion_channel"":5.5,""period_ms"":27.300119400024414}"
195263,1,3690.7001,3690.7001,False,0.375,"{""inversion_rho"":null,""inversion_channel"":5.0,""period_ms"":27.300119400024414}"
195263,1,3739.9001,3739.9001,False,1.0,"{""inversion_rho"":null,""inversion_channel"":34.0,""period_ms"":27.300119400024414}"
195263,1,3787.2,3787.2,False,1.0,"{""inversion_rho"":null,""inversion_channel"":31.5,""period_ms"":27.300119400024414}"
195263,1,3797.2,3797.2,False,0.875,"{""inversion_rho"":null,""inversion_channel"":2.5,""period_ms"":8.00013542175293}"
195263,1,3805.2001,3805.2001,False,0.375,"{""inversion_rho"":null,""inversion_channel"":3.0,""period_ms"":8.00013542175293}"
195263,1,3821.3,3821.3,False,0.5,"{""inversion_rho"":null,""inversion_channel"":13.0,""period_ms"":8.00013542175293}"
195263,1,3831.1,3831.1,False,0.625,"{""inversion_rho"":null,""inversion_channel"":5.0,""period_ms"":8.00013542175293}"
195263,1,3836.4,3836.4,False,0.25,"{""inversion_rho"":null,""inversion_channel"":3.5,""period_ms"":8.00013542175293}"
195263,1,3842.7999,3842.7999,False,1.0,"{""inversion_rho"":null,""inversion_channel"":3.5,""period_ms"":8.00013542175293}"
195263,1,3870.5001,3870.5001,False,0.375,"{""inversion_rho"":null,""inversion_channel"":30.5,""period_ms"":null}"
195263,1,3947.5999,3947.5999,False,1.0,"{""inversion_rho"":null,""inversion_channel"":30.5,""period_ms"":null}"
195263,1,3960.7,3960.7,False,0.5,"{""inversion_rho"":null,""inversion_channel"":38.5,""period_ms"":26.500225067138672}"
195263,1,3988.1001,3988.1001,False,1.0,"{""inversion_rho"":null,""inversion_channel"":1.5,""period_ms"":26.500225067138672}"
195263,1,4031.8999,4031.8999,False,1.0,"{""inversion_rho"":null,""inversion_channel"":1.5,""period_ms"":26.500225067138672}"
195263,1,4058.4002,4058.4002,False,1.0,"{""inversion_rho"":null,""inversion_channel"":15.0,""period_ms"":26.500225067138672}"
195263,1,4083.6,4083.6,False,0.5,"{""inversion_rho"":null,""inversion_channel"":6.0,""period_ms"":26.500225067138672}"
195263,1,4098.5999,4098.5999,False,1.0,"{""inversion_rho"":null,""inversion_channel"":28.5,""period_ms"":26.500225067138672}"
195263,1,4169.1999,4169.1999,False,0.75,"{""inversion_rho"":null,""inversion_channel"":32.5,""period_ms"":null}"
195263,1,4363.5998,4363.5998,False,0.5,"{""inversion_rho"":null,""inversion_channel"":30.5,""period_ms"":null}"
195263,1,4387.8999,4387.8999,False,1.0,"{""inversion_rho"":null,""inversion_channel"":30.5,""period_ms"":null}"
195263,1,4669.3001,4669.3001,False,0.5,"{""inversion_rho"":null,""inversion_channel"":32.5,""period_ms"":null}"
195263,1,4875.4001,4875.4001,False,0.375,"{""inversion_rho"":null,""inversion_channel"":4.5,""period_ms"":null}"
195263,1,1436.7,1727.1,True,1.0,"{""inversion_rho"":null,""inversion_channel"":27.5,""period_ms"":52.049994468688965}"
195263,1,1743.8999,1784.7,True,1.0,"{""inversion_rho"":null,""inversion_channel"":19.5,""period_ms"":9.450018405914307}"
195263,1,1940.8,2015.0001,True,1.0,"{""inversion_rho"":null,""inversion_channel"":23.0,""period_ms"":18.950045108795166}"
195263,1,3107.7001,3137.3,True,1.0,"{""inversion_rho"":null,""inversion_channel"":28.5,""period_ms"":14.799952507019043}"
195263,1,3179.8999,3255.1999,True,1.0,"{""inversion_rho"":null,""inversion_channel"":18.5,""period_ms"":12.10010051727295}"
195263,1,3442.5001,3549.9001,True,1.0,"{""inversion_rho"":null,""inversion_channel"":11.5,""period_ms"":12.04991340637207}"
195263,1,3579.9999,3603.9,True,1.0,"{""inversion_rho"":null,""inversion_channel"":22.0,""period_ms"":9.200096130371094}"
195263,1,3627.8,3787.2,True,1.0,"{""inversion_rho"":null,""inversion_channel"":32.75,""period_ms"":27.300119400024414}"
195263,1,3797.2,3842.7999,True,1.0,"{""inversion_rho"":null,""inversion_channel"":3.5,""period_ms"":8.00013542175293}"
195263,1,3960.7,4098.5999,True,1.0,"{""inversion_rho"":null,""inversion_channel"":10.5,""period_ms"":26.500225067138672}"
195279,1,57.3,57.3,False,0.5,"{""inversion_rho"":null,""inversion_channel"":6.5,""period_ms"":7.899999618530273}"
195279,1,65.2,65.2,False,0.5,"{""inversion_rho"":null,""inversion_channel"":7.5,""period_ms"":7.899999618530273}"
195279,1,76.0,76.0,False,0.25,"{""inversion_rho"":null,""inversion_channel"":7.5,""period_ms"":7.899999618530273}"
195279,1,83.3,83.3,False,0.25,"{""inversion_rho"":null,""inversion_channel"":11.5,""period_ms"":7.899999618530273}"
195279,1,1592.5,1592.5,False,1.0,"{""inversion_rho"":null,""inversion_channel"":41.5,""period_ms"":null}"
195279,1,1601.0,1601.0,False,1.0,"{""inversion_rho"":null,""inversion_channel"":18.5,""period_ms"":null}"
195279,1,1624.8,1624.8,False,1.0,"{""inversion_rho"":null,""inversion_channel"":18.5,""period_ms"":11.599898338317871}"
195279,1,1651.9001,1651.9001,False,1.0,"{""inversion_rho"":null,""inversion_channel"":19.5,""period_ms"":11.599898338317871}"
195279,1,1663.5,1663.5,False,1.0,"{""inversion_rho"":null,""inversion_channel"":37.0,""period_ms"":11.599898338317871}"
195279,1,1670.4,1670.4,False,1.0,"{""inversion_rho"":null,""inversion_channel"":14.5,""period_ms"":11.599898338317871}"
195279,1,1710.7,1710.7,False,0.25,"{""inversion_rho"":null,""inversion_channel"":12.5,""period_ms"":100.39997100830078}"
195279,1,1818.0,1818.0,False,0.5,"{""inversion_rho"":null,""inversion_channel"":4.5,""period_ms"":100.39997100830078}"
195279,1,1878.9001,1878.9001,False,0.875,"{""inversion_rho"":null,""inversion_channel"":9.0,""period_ms"":100.39997100830078}"
195279,1,1927.5,1927.5,False,1.0,"{""inversion_rho"":null,""inversion_channel"":1.5,""period_ms"":100.39997100830078}"
195279,1,2027.9,2027.9,False,0.75,"{""inversion_rho"":null,""inversion_channel"":6.0,""period_ms"":100.39997100830078}"
195279,1,2137.8,2137.8,False,0.25,"{""inversion_rho"":null,""inversion_channel"":3.5,""period_ms"":100.39997100830078}"
195279,1,2795.5999,2795.5999,False,0.875,"{""inversion_rho"":null,""inversion_channel"":7.5,""period_ms"":null}"
195279,1,3023.7,3023.7,False,1.0,"{""inversion_rho"":null,""inversion_channel"":1.5,""period_ms"":null}"
195279,1,3781.4,3781.4,False,1.0,"{""inversion_rho"":null,""inversion_channel"":12.5,""period_ms"":10.34998893737793}"
195279,1,3792.7999,3792.7999,False,1.0,"{""inversion_rho"":null,""inversion_channel"":13.5,""period_ms"":10.34998893737793}"
195279,1,3802.0999,3802.0999,False,1.0,"{""inversion_rho"":null,""inversion_channel"":13.0,""period_ms"":10.34998893737793}"
195279,1,3855.6001,3855.6001,False,1.0,"{""inversion_rho"":null,""inversion_channel"":13.5,""period_ms"":10.299921035766602}"
195279,1,3868.2001,3868.2001,False,1.0,"{""inversion_rho"":null,""inversion_channel"":9.0,""period_ms"":10.299921035766602}"
195279,1,3879.4,3879.4,False,1.0,"{""inversion_rho"":null,""inversion_channel"":13.5,""period_ms"":10.299921035766602}"
195279,1,3888.7999,3888.7999,False,1.0,"{""inversion_rho"":null,""inversion_channel"":11.0,""period_ms"":10.299921035766602}"
195279,1,3897.8,3897.8,False,1.0,"{""inversion_rho"":null,""inversion_channel"":34.5,""period_ms"":10.299921035766602}"
195279,1,5010.7999,5010.7999,False,0.25,"{""inversion_rho"":null,""inversion_channel"":19.5,""period_ms"":null}"
195279,1,5498.4002,5498.4002,False,0.25,"{""inversion_rho"":null,""inversion_channel"":18.0,""period_ms"":null}"
195279,1,57.3,83.3,True,1.0,"{""inversion_rho"":null,""inversion_channel"":7.5,""period_ms"":7.899999618530273}"
195279,1,1624.8,1670.4,True,1.0,"{""inversion_rho"":null,""inversion_channel"":19.0,""period_ms"":11.599898338317871}"
195279,1,1710.7,2137.8,True,1.0,"{""inversion_rho"":null,""inversion_channel"":5.25,""period_ms"":100.39997100830078}"
195279,1,3781.4,3802.0999,True,1.0,"{""inversion_rho"":null,""inversion_channel"":13.0,""period_ms"":10.34998893737793}"
195279,1,3855.6001,3897.8,True,1.0,"{""inversion_rho"":null,""inversion_channel"":13.5,""period_ms"":10.299921035766602}"
195280,1,47.5,47.5,False,0.25,"{""inversion_rho"":null,""inversion_channel"":5.5,""period_ms"":6.599999964237213}"
195280,1,53.0,53.0,False,0.625,"{""inversion_rho"":null,""inversion_channel"":6.5,""period_ms"":6.599999964237213}"
195280,1,59.6,59.6,False,0.625,"{""inversion_rho"":null,""inversion_channel"":6.5,""period_ms"":6.599999964237213}"
195280,1,65.6,65.6,False,0.5,"{""inversion_rho"":null,""inversion_channel"":40.5,""period_ms"":6.599999964237213}"
195280,1,75.1,75.1,False,0.5,"{""inversion_rho"":null,""inversion_channel"":8.5,""period_ms"":6.599999964237213}"
195280,1,80.3,80.3,False,0.25,"{""inversion_rho"":null,""inversion_channel"":6.5,""period_ms"":6.599999964237213}"
195280,1,89.1,89.1,False,1.0,"{""inversion_rho"":null,""inversion_channel"":2.5,""period_ms"":6.599999964237213}"
195280,1,100.5,100.5,False,0.25,"{""inversion_rho"":null,""inversion_channel"":7.0,""period_ms"":6.599999964237213}"
195280,1,1608.4,1608.4,False,0.25,"{""inversion_rho"":null,""inversion_channel"":21.5,""period_ms"":null}"
195280,1,1628.2001,1628.2001,False,1.0,"{""inversion_rho"":null,""inversion_channel"":18.5,""period_ms"":null}"
195280,1,1635.5,1635.5,False,1.0,"{""inversion_rho"":null,""inversion_channel"":20.0,""period_ms"":11.300086975097656}"
195280,1,1646.5,1646.5,False,1.0,"{""inversion_rho"":null,""inversion_channel"":20.0,""period_ms"":11.300086975097656}"
195280,1,1660.7,1660.7,False,0.875,"{""inversion_rho"":null,""inversion_channel"":8.5,""period_ms"":11.300086975097656}"
195280,1,1672.0001,1672.0001,False,0.25,"{""inversion_rho"":null,""inversion_channel"":19.5,""period_ms"":11.300086975097656}"
195280,1,1849.0,1849.0,False,0.375,"{""inversion_rho"":null,""inversion_channel"":3.5,""period_ms"":24.60002899169922}"
195280,1,1870.1,1870.1,False,1.0,"{""inversion_rho"":null,""inversion_channel"":4.5,""period_ms"":24.60002899169922}"
195280,1,1898.2,1898.2,False,1.0,"{""inversion_rho"":null,""inversion_channel"":30.0,""period_ms"":24.60002899169922}"
195280,1,2105.2999,2105.2999,False,1.0,"{""inversion_rho"":null,""inversion_channel"":8.5,""period_ms"":null}"
195280,1,2115.7,2115.7,False,1.0,"{""inversion_rho"":null,""inversion_channel"":30.5,""period_ms"":null}"
195280,1,2179.8999,2179.8999,False,1.0,"{""inversion_rho"":null,""inversion_channel"":26.5,""period_ms"":6.000041961669922}"
195280,1,2185.9,2185.9,False,1.0,"{""inversion_rho"":null,""inversion_channel"":9.5,""period_ms"":6.000041961669922}"
195280,1,2191.9,2191.9,False,1.0,"{""inversion_rho"":null,""inversion_channel"":23.0,""period_ms"":6.000041961669922}"
195280,1,2426.8,2426.8,False,1.0,"{""inversion_rho"":null,""inversion_channel"":9.5,""period_ms"":null}"
195280,1,2437.7,2437.7,False,1.0,"{""inversion_rho"":null,""inversion_channel"":29.0,""period_ms"":null}"
195280,1,2501.6,2501.6,False,1.0,"{""inversion_rho"":null,""inversion_channel"":9.5,""period_ms"":null}"
195280,1,2513.4001,2513.4001,False,1.0,"{""inversion_rho"":null,""inversion_channel"":22.5,""period_ms"":null}"
195280,1,2568.5,2568.5,False,1.0,"{""inversion_rho"":null,""inversion_channel"":9.5,""period_ms"":null}"
195280,1,2574.5001,2574.5001,False,1.0,"{""inversion_rho"":null,""inversion_channel"":28.5,""period_ms"":null}"
195280,1,2630.1999,2630.1999,False,1.0,"{""inversion_rho"":null,""inversion_channel"":4.5,""period_ms"":null}"
195280,1,2766.3,2766.3,False,1.0,"{""inversion_rho"":null,""inversion_channel"":7.5,""period_ms"":null}"
195280,1,3154.5999,3154.5999,False,1.0,"{""inversion_rho"":null,""inversion_channel"":24.5,""period_ms"":null}"
195280,1,3253.5999,3253.5999,False,1.0,"{""inversion_rho"":null,""inversion_channel"":25.0,""period_ms"":null}"
195280,1,3262.3,3262.3,False,1.0,"{""inversion_rho"":null,""inversion_channel"":25.0,""period_ms"":null}"
195280,1,3704.2,3704.2,False,1.0,"{""inversion_rho"":null,""inversion_channel"":14.0,""period_ms"":13.900041580200195}"
195280,1,3716.3999,3716.3999,False,1.0,"{""inversion_rho"":null,""inversion_channel"":15.5,""period_ms"":13.900041580200195}"
195280,1,3732.0001,3732.0001,False,1.0,"{""inversion_rho"":null,""inversion_channel"":14.5,""period_ms"":13.900041580200195}"
195280,1,3807.4,3807.4,False,1.0,"{""inversion_rho"":null,""inversion_channel"":17.5,""period_ms"":35.30001640319824}"
195280,1,3836.7,3836.7,False,0.625,"{""inversion_rho"":null,""inversion_channel"":20.5,""period_ms"":35.30001640319824}"
195280,1,3878.0,3878.0,False,1.0,"{""inversion_rho"":null,""inversion_channel"":11.5,""period_ms"":35.30001640319824}"
195280,1,3887.0001,3887.0001,False,1.0,"{""inversion_rho"":null,""inversion_channel"":18.5,""period_ms"":28.599977493286133}"
195280,1,3900.3,3900.3,False,1.0,"{""inversion_rho"":null,""inversion_channel"":37.5,""period_ms"":28.599977493286133}"
195280,1,3926.3,3926.3,False,0.5,"{""inversion_rho"":null,""inversion_channel"":21.5,""period_ms"":28.599977493286133}"
195280,1,3987.0,3987.0,False,1.0,"{""inversion_rho"":null,""inversion_channel"":20.5,""period_ms"":28.599977493286133}"
195280,1,4018.1999,4018.1999,False,0.625,"{""inversion_rho"":null,""inversion_channel"":21.5,""period_ms"":28.599977493286133}"
195280,1,4176.7998,4176.7998,False,1.0,"{""inversion_rho"":null,""inversion_channel"":15.5,""period_ms"":null}"
195280,1,4192.8,4192.8,False,1.0,"{""inversion_rho"":null,""inversion_channel"":19.5,""period_ms"":null}"
195280,1,4266.7999,4266.7999,False,1.0,"{""inversion_rho"":null,""inversion_channel"":34.5,""period_ms"":null}"
195280,1,4295.8999,4295.8999,False,1.0,"{""inversion_rho"":null,""inversion_channel"":37.5,""period_ms"":null}"
195280,1,47.5,100.5,True,1.0,"{""inversion_rho"":null,""inversion_channel"":6.5,""period_ms"":6.599999964237213}"
195280,1,1635.5,1672.0001,True,1.0,"{""inversion_rho"":null,""inversion_channel"":19.75,""period_ms"":11.300086975097656}"
195280,1,1849.0,1898.2,True,1.0,"{""inversion_rho"":null,""inversion_channel"":4.5,""period_ms"":24.60002899169922}"
195280,1,2179.8999,2191.9,True,1.0,"{""inversion_rho"":null,""inversion_channel"":23.0,""period_ms"":6.000041961669922}"
195280,1,3704.2,3732.0001,True,1.0,"{""inversion_rho"":null,""inversion_channel"":14.5,""period_ms"":13.900041580200195}"
195280,1,3807.4,3878.0,True,1.0,"{""inversion_rho"":null,""inversion_channel"":17.5,""period_ms"":35.30001640319824}"
195280,1,3887.0001,4018.1999,True,1.0,"{""inversion_rho"":null,""inversion_channel"":21.5,""period_ms"":28.599977493286133}"
195281,1,49.0,49.0,False,0.25,"{""inversion_rho"":null,""inversion_channel"":9.0,""period_ms"":14.800004661083221}"
195281,1,57.6,57.6,False,0.25,"{""inversion_rho"":null,""inversion_channel"":6.5,""period_ms"":14.800004661083221}"
195281,1,75.2,75.2,False,1.0,"{""inversion_rho"":null,""inversion_channel"":1.5,""period_ms"":14.800004661083221}"
195281,1,90.0,90.0,False,0.5,"{""inversion_rho"":null,""inversion_channel"":37.0,""period_ms"":14.800004661083221}"
195281,1,1596.8,1596.8,False,1.0,"{""inversion_rho"":null,""inversion_channel"":17.5,""period_ms"":null}"
195281,1,1821.6,1821.6,False,0.625,"{""inversion_rho"":null,""inversion_channel"":25.5,""period_ms"":null}"
195281,1,2080.4,2080.4,False,1.0,"{""inversion_rho"":null,""inversion_channel"":3.5,""period_ms"":26.29995346069336}"
195281,1,2107.6,2107.6,False,0.625,"{""inversion_rho"":null,""inversion_channel"":5.5,""period_ms"":26.29995346069336}"
195281,1,2124.5999,2124.5999,False,1.0,"{""inversion_rho"":null,""inversion_channel"":4.5,""period_ms"":26.29995346069336}"
195281,1,2147.9001,2147.9001,False,1.0,"{""inversion_rho"":null,""inversion_channel"":10.5,""period_ms"":26.29995346069336}"
195281,1,2189.8999,2189.8999,False,0.75,"{""inversion_rho"":null,""inversion_channel"":12.5,""period_ms"":26.29995346069336}"
195281,1,2209.1999,2209.1999,False,1.0,"{""inversion_rho"":null,""inversion_channel"":9.5,""period_ms"":26.29995346069336}"
195281,1,2246.9001,2246.9001,False,1.0,"{""inversion_rho"":null,""inversion_channel"":3.5,""period_ms"":26.29995346069336}"
195281,1,2266.9001,2266.9001,False,1.0,"{""inversion_rho"":null,""inversion_channel"":12.5,""period_ms"":26.29995346069336}"
195281,1,2291.1,2291.1,False,1.0,"{""inversion_rho"":null,""inversion_channel"":13.5,""period_ms"":26.29995346069336}"
195281,1,2317.4,2317.4,False,1.0,"{""inversion_rho"":null,""inversion_channel"":13.5,""period_ms"":26.29995346069336}"
195281,1,2351.3999,2351.3999,False,1.0,"{""inversion_rho"":null,""inversion_channel"":12.5,""period_ms"":26.29995346069336}"
195281,1,2394.3,2394.3,False,1.0,"{""inversion_rho"":null,""inversion_channel"":13.5,""period_ms"":26.29995346069336}"
195281,1,2401.0,2401.0,False,0.25,"{""inversion_rho"":null,""inversion_channel"":14.5,""period_ms"":29.150009155273438}"
195281,1,2426.7001,2426.7001,False,1.0,"{""inversion_rho"":null,""inversion_channel"":13.5,""period_ms"":29.150009155273438}"
195281,1,2459.3,2459.3,False,1.0,"{""inversion_rho"":null,""inversion_channel"":12.5,""period_ms"":29.150009155273438}"
195281,1,2616.6,2616.6,False,1.0,"{""inversion_rho"":null,""inversion_channel"":13.5,""period_ms"":24.500012397766113}"
195281,1,2634.5999,2634.5999,False,0.875,"{""inversion_rho"":null,""inversion_channel"":12.5,""period_ms"":24.500012397766113}"
195281,1,2665.6001,2665.6001,False,1.0,"{""inversion_rho"":null,""inversion_channel"":11.5,""period_ms"":24.500012397766113}"
195281,1,2677.5999,2677.5999,False,0.5,"{""inversion_rho"":null,""inversion_channel"":12.5,""period_ms"":18.050074577331543}"
195281,1,2698.8001,2698.8001,False,1.0,"{""inversion_rho"":null,""inversion_channel"":13.5,""period_ms"":18.050074577331543}"
195281,1,2713.7001,2713.7001,False,1.0,"{""inversion_rho"":null,""inversion_channel"":13.5,""period_ms"":18.050074577331543}"
195281,1,2754.8001,2754.8001,False,1.0,"{""inversion_rho"":null,""inversion_channel"":13.0,""period_ms"":null}"
195281,1,2772.9001,2772.9001,False,1.0,"{""inversion_rho"":null,""inversion_channel"":12.5,""period_ms"":null}"
195281,1,4087.2002,4087.2002,False,1.0,"{""inversion_rho"":null,""inversion_channel"":7.5,""period_ms"":14.64986801147461}"
195281,1,4102.0002,4102.0002,False,1.0,"{""inversion_rho"":null,""inversion_channel"":9.0,""period_ms"":14.64986801147461}"
195281,1,4116.4999,4116.4999,False,1.0,"{""inversion_rho"":null,""inversion_channel"":9.5,""period_ms"":14.64986801147461}"
195281,1,4186.6002,4186.6002,False,1.0,"{""inversion_rho"":null,""inversion_channel"":11.5,""period_ms"":14.249801635742188}"
195281,1,4202.0998,4202.0998,False,1.0,"{""inversion_rho"":null,""inversion_channel"":9.5,""period_ms"":14.249801635742188}"
195281,1,4215.0998,4215.0998,False,1.0,"{""inversion_rho"":null,""inversion_channel"":9.5,""period_ms"":14.249801635742188}"
195281,1,4281.7998,4281.7998,False,1.0,"{""inversion_rho"":null,""inversion_channel"":10.5,""period_ms"":12.800216674804688}"
195281,1,4295.1999,4295.1999,False,1.0,"{""inversion_rho"":null,""inversion_channel"":10.5,""period_ms"":12.800216674804688}"
195281,1,4308.0001,4308.0001,False,1.0,"{""inversion_rho"":null,""inversion_channel"":10.5,""period_ms"":12.800216674804688}"
195281,1,4318.1,4318.1,False,1.0,"{""inversion_rho"":null,""inversion_channel"":9.5,""period_ms"":12.800216674804688}"
195281,1,4995.6999,4995.6999,False,1.0,"{""inversion_rho"":null,""inversion_channel"":13.5,""period_ms"":11.00015640258789}"
195281,1,5006.4001,5006.4001,False,1.0,"{""inversion_rho"":null,""inversion_channel"":13.5,""period_ms"":11.00015640258789}"
195281,1,5017.7002,5017.7002,False,1.0,"{""inversion_rho"":null,""inversion_channel"":12.5,""period_ms"":11.00015640258789}"
195281,1,49.0,90.0,True,1.0,"{""inversion_rho"":null,""inversion_channel"":7.75,""period_ms"":14.800004661083221}"
195281,1,2080.4,2394.3,True,1.0,"{""inversion_rho"":null,""inversion_channel"":11.5,""period_ms"":26.29995346069336}"
195281,1,2401.0,2459.3,True,1.0,"{""inversion_rho"":null,""inversion_channel"":13.5,""period_ms"":29.150009155273438}"
195281,1,2616.6,2665.6001,True,1.0,"{""inversion_rho"":null,""inversion_channel"":12.5,""period_ms"":24.500012397766113}"
195281,1,2677.5999,2713.7001,True,1.0,"{""inversion_rho"":null,""inversion_channel"":13.5,""period_ms"":18.050074577331543}"
195281,1,4087.2002,4116.4999,True,1.0,"{""inversion_rho"":null,""inversion_channel"":9.0,""period_ms"":14.64986801147461}"
195281,1,4186.6002,4215.0998,True,1.0,"{""inversion_rho"":null,""inversion_channel"":9.5,""period_ms"":14.249801635742188}"
195281,1,4281.7998,4318.1,True,1.0,"{""inversion_rho"":null,""inversion_channel"":10.5,""period_ms"":12.800216674804688}"
195281,1,4995.6999,5017.7002,True,1.0,"{""inversion_rho"":null,""inversion_channel"":13.5,""period_ms"":11.00015640258789}"
195282,1,52.7,52.7,False,0.375,"{""inversion_rho"":null,""inversion_channel"":5.5,""period_ms"":null}"
195282,1,58.5,58.5,False,0.5,"{""inversion_rho"":null,""inversion_channel"":6.5,""period_ms"":null}"
195282,1,74.8,74.8,False,0.5,"{""inversion_rho"":null,""inversion_channel"":9.5,""period_ms"":10.749999433755875}"
195282,1,89.8,89.8,False,1.0,"{""inversion_rho"":null,""inversion_channel"":2.5,""period_ms"":10.749999433755875}"
195282,1,96.3,96.3,False,0.375,"{""inversion_rho"":null,""inversion_channel"":10.5,""period_ms"":10.749999433755875}"
195282,1,1543.4,1543.4,False,0.5,"{""inversion_rho"":null,""inversion_channel"":23.5,""period_ms"":null}"
195282,1,1695.5,1695.5,False,1.0,"{""inversion_rho"":null,""inversion_channel"":12.5,""period_ms"":null}"
195282,1,1703.8,1703.8,False,1.0,"{""inversion_rho"":null,""inversion_channel"":8.5,""period_ms"":12.450039386749268}"
195282,1,1713.7001,1713.7001,False,1.0,"{""inversion_rho"":null,""inversion_channel"":14.5,""period_ms"":12.450039386749268}"
195282,1,1728.7,1728.7,False,1.0,"{""inversion_rho"":null,""inversion_channel"":33.0,""period_ms"":12.450039386749268}"
195282,1,1792.4,1792.4,False,0.375,"{""inversion_rho"":null,""inversion_channel"":4.5,""period_ms"":149.75005388259888}"
195282,1,1924.6,1924.6,False,0.625,"{""inversion_rho"":null,""inversion_channel"":5.0,""period_ms"":149.75005388259888}"
195282,1,2091.9001,2091.9001,False,1.0,"{""inversion_rho"":null,""inversion_channel"":24.5,""period_ms"":149.75005388259888}"
195282,1,2105.7,2105.7,False,0.875,"{""inversion_rho"":null,""inversion_channel"":1.5,""period_ms"":null}"
195282,1,2197.7,2197.7,False,0.625,"{""inversion_rho"":null,""inversion_channel"":3.5,""period_ms"":null}"
195282,1,2217.9999,2217.9999,False,1.0,"{""inversion_rho"":null,""inversion_channel"":7.5,""period_ms"":null}"
195282,1,2266.2001,2266.2001,False,1.0,"{""inversion_rho"":null,""inversion_channel"":6.5,""period_ms"":null}"
195282,1,2276.7,2276.7,False,1.0,"{""inversion_rho"":null,""inversion_channel"":25.5,""period_ms"":null}"
195282,1,2353.2,2353.2,False,1.0,"{""inversion_rho"":null,""inversion_channel"":8.5,""period_ms"":null}"
195282,1,2881.0999,2881.0999,False,1.0,"{""inversion_rho"":null,""inversion_channel"":25.5,""period_ms"":null}"
195282,1,2962.8,2962.8,False,0.625,"{""inversion_rho"":null,""inversion_channel"":9.5,""period_ms"":null}"
195282,1,2980.9,2980.9,False,1.0,"{""inversion_rho"":null,""inversion_channel"":36.5,""period_ms"":null}"
195282,1,2993.7,2993.7,False,0.5,"{""inversion_rho"":null,""inversion_channel"":8.5,""period_ms"":null}"
195282,1,74.8,96.3,True,1.0,"{""inversion_rho"":null,""inversion_channel"":9.5,""period_ms"":10.749999433755875}"
195282,1,1703.8,1728.7,True,1.0,"{""inversion_rho"":null,""inversion_channel"":14.5,""period_ms"":12.450039386749268}"
195282,1,1792.4,2091.9001,True,1.0,"{""inversion_rho"":null,""inversion_channel"":5.0,""period_ms"":149.75005388259888}"
195528,1,1411.6,1411.6,False,1.0,"{""inversion_rho"":null,""inversion_channel"":21.5,""period_ms"":66.6000247001648}"
195528,1,1475.8,1475.8,False,1.0,"{""inversion_rho"":null,""inversion_channel"":21.5,""period_ms"":66.6000247001648}"
195528,1,1536.2,1536.2,False,1.0,"{""inversion_rho"":null,""inversion_channel"":20.5,""period_ms"":66.6000247001648}"
195528,1,1605.2001,1605.2001,False,1.0,"{""inversion_rho"":null,""inversion_channel"":19.5,""period_ms"":66.6000247001648}"
195528,1,1687.2,1687.2,False,1.0,"{""inversion_rho"":null,""inversion_channel"":19.0,""period_ms"":66.6000247001648}"
195528,1,1710.5,1710.5,False,0.25,"{""inversion_rho"":null,""inversion_channel"":10.5,""period_ms"":10.500073432922363}"
195528,1,1754.3,1754.3,False,1.0,"{""inversion_rho"":null,""inversion_channel"":14.0,""period_ms"":10.500073432922363}"
195528,1,1772.3,1772.3,False,1.0,"{""inversion_rho"":null,""inversion_channel"":14.0,""period_ms"":10.500073432922363}"
195528,1,1781.6,1781.6,False,1.0,"{""inversion_rho"":null,""inversion_channel"":17.5,""period_ms"":10.500073432922363}"
195528,1,1802.7,1802.7,False,1.0,"{""inversion_rho"":null,""inversion_channel"":16.5,""period_ms"":10.500073432922363}"
195528,1,1819.2,1819.2,False,1.0,"{""inversion_rho"":null,""inversion_channel"":16.5,""period_ms"":10.500073432922363}"
195528,1,1856.9,1856.9,False,1.0,"{""inversion_rho"":null,""inversion_channel"":17.5,""period_ms"":10.500073432922363}"
195528,1,1874.3,1874.3,False,1.0,"{""inversion_rho"":null,""inversion_channel"":17.5,""period_ms"":10.500073432922363}"
195528,1,1881.5,1881.5,False,1.0,"{""inversion_rho"":null,""inversion_channel"":17.5,""period_ms"":10.500073432922363}"
195528,1,1887.4,1887.4,False,1.0,"{""inversion_rho"":null,""inversion_channel"":18.5,""period_ms"":10.500073432922363}"
195528,1,1897.6001,1897.6001,False,1.0,"{""inversion_rho"":null,""inversion_channel"":18.5,""period_ms"":10.500073432922363}"
195528,1,1911.2,1911.2,False,1.0,"{""inversion_rho"":null,""inversion_channel"":19.5,""period_ms"":10.500073432922363}"
195528,1,1925.8,1925.8,False,1.0,"{""inversion_rho"":null,""inversion_channel"":19.5,""period_ms"":10.500073432922363}"
195528,1,1936.4001,1936.4001,False,1.0,"{""inversion_rho"":null,""inversion_channel"":19.5,""period_ms"":10.500073432922363}"
195528,1,1948.1,1948.1,False,1.0,"{""inversion_rho"":null,""inversion_channel"":19.5,""period_ms"":10.500073432922363}"
195528,1,1958.5,1958.5,False,1.0,"{""inversion_rho"":null,""inversion_channel"":20.5,""period_ms"":10.500073432922363}"
195528,1,1971.7,1971.7,False,1.0,"{""inversion_rho"":null,""inversion_channel"":18.5,""period_ms"":10.500073432922363}"
195528,1,1981.3,1981.3,False,1.0,"{""inversion_rho"":null,""inversion_channel"":22.5,""period_ms"":10.500073432922363}"
195528,1,1987.3,1987.3,False,1.0,"{""inversion_rho"":null,""inversion_channel"":20.5,""period_ms"":10.500073432922363}"
195528,1,2001.1001,2001.1001,False,1.0,"{""inversion_rho"":null,""inversion_channel"":20.5,""period_ms"":10.500073432922363}"
195528,1,2018.3001,2018.3001,False,0.625,"{""inversion_rho"":null,""inversion_channel"":21.5,""period_ms"":10.500073432922363}"
195528,1,2028.5001,2028.5001,False,1.0,"{""inversion_rho"":null,""inversion_channel"":22.5,""period_ms"":10.500073432922363}"
195528,1,2038.1,2038.1,False,0.875,"{""inversion_rho"":null,""inversion_channel"":22.5,""period_ms"":10.500073432922363}"
195528,1,2046.0,2046.0,False,1.0,"{""inversion_rho"":null,""inversion_channel"":22.5,""period_ms"":10.500073432922363}"
195528,1,2055.3,2055.3,False,1.0,"{""inversion_rho"":null,""inversion_channel"":23.5,""period_ms"":10.500073432922363}"
195528,1,2067.3001,2067.3001,False,0.75,"{""inversion_rho"":null,""inversion_channel"":24.5,""period_ms"":10.500073432922363}"
195528,1,2076.2999,2076.2999,False,1.0,"{""inversion_rho"":null,""inversion_channel"":24.5,""period_ms"":10.500073432922363}"
195528,1,2087.5001,2087.5001,False,1.0,"{""inversion_rho"":null,""inversion_channel"":24.5,""period_ms"":10.500073432922363}"
195528,1,2100.1,2100.1,False,0.875,"{""inversion_rho"":null,""inversion_channel"":24.0,""period_ms"":10.500073432922363}"
195528,1,2106.9,2106.9,False,1.0,"{""inversion_rho"":null,""inversion_channel"":25.5,""period_ms"":10.500073432922363}"
195528,1,2118.0,2118.0,False,0.25,"{""inversion_rho"":null,""inversion_channel"":23.5,""period_ms"":10.500073432922363}"
195528,1,2127.3999,2127.3999,False,1.0,"{""inversion_rho"":null,""inversion_channel"":23.5,""period_ms"":10.500073432922363}"
195528,1,2136.6999,2136.6999,False,1.0,"{""inversion_rho"":null,""inversion_channel"":23.5,""period_ms"":10.500073432922363}"
195528,1,2145.9999,2145.9999,False,0.5,"{""inversion_rho"":null,""inversion_channel"":24.5,""period_ms"":10.500073432922363}"
195528,1,2158.5,2158.5,False,0.875,"{""inversion_rho"":null,""inversion_channel"":8.5,""period_ms"":10.500073432922363}"
195528,1,2167.3,2167.3,False,0.5,"{""inversion_rho"":null,""inversion_channel"":7.5,""period_ms"":10.500073432922363}"
195528,1,2174.2001,2174.2001,False,1.0,"{""inversion_rho"":null,""inversion_channel"":25.5,""period_ms"":10.500073432922363}"
195528,1,2185.4999,2185.4999,False,0.625,"{""inversion_rho"":null,""inversion_channel"":26.0,""period_ms"":10.500073432922363}"
195528,1,2197.9001,2197.9001,False,1.0,"{""inversion_rho"":null,""inversion_channel"":27.5,""period_ms"":10.500073432922363}"
195528,1,2207.9,2207.9,False,1.0,"{""inversion_rho"":null,""inversion_channel"":26.5,""period_ms"":10.500073432922363}"
195528,1,2219.0001,2219.0001,False,0.625,"{""inversion_rho"":null,""inversion_channel"":24.5,""period_ms"":10.500073432922363}"
195528,1,2229.8999,2229.8999,False,1.0,"{""inversion_rho"":null,""inversion_channel"":27.0,""period_ms"":10.500073432922363}"
195528,1,2240.9,2240.9,False,0.75,"{""inversion_rho"":null,""inversion_channel"":4.0,""period_ms"":10.500073432922363}"
195528,1,2253.7999,2253.7999,False,0.625,"{""inversion_rho"":null,""inversion_channel"":23.5,""period_ms"":10.500073432922363}"
195528,1,2262.5,2262.5,False,1.0,"{""inversion_rho"":null,""inversion_channel"":24.5,""period_ms"":10.500073432922363}"
195528,1,2275.5001,2275.5001,False,0.875,"{""inversion_rho"":null,""inversion_channel"":25.5,""period_ms"":10.500073432922363}"
195528,1,2285.2001,2285.2001,False,0.5,"{""inversion_rho"":null,""inversion_channel"":22.5,""period_ms"":10.500073432922363}"
195528,1,2294.8999,2294.8999,False,1.0,"{""inversion_rho"":null,""inversion_channel"":26.5,""period_ms"":10.500073432922363}"
195528,1,2307.4999,2307.4999,False,1.0,"{""inversion_rho"":null,""inversion_channel"":25.5,""period_ms"":10.500073432922363}"
195528,1,2324.1,2324.1,False,0.875,"{""inversion_rho"":null,""inversion_channel"":25.5,""period_ms"":10.500073432922363}"
195528,1,2331.8,2331.8,False,1.0,"{""inversion_rho"":null,""inversion_channel"":27.0,""period_ms"":10.500073432922363}"
195528,1,2337.4,2337.4,False,0.625,"{""inversion_rho"":null,""inversion_channel"":27.0,""period_ms"":10.500073432922363}"
195528,1,2344.6,2344.6,False,1.0,"{""inversion_rho"":null,""inversion_channel"":27.5,""period_ms"":10.500073432922363}"
195528,1,2357.8,2357.8,False,1.0,"{""inversion_rho"":null,""inversion_channel"":25.5,""period_ms"":10.500073432922363}"
195528,1,2367.6,2367.6,False,1.0,"{""inversion_rho"":null,""inversion_channel"":27.5,""period_ms"":10.500073432922363}"
195528,1,2377.1,2377.1,False,0.875,"{""inversion_rho"":null,""inversion_channel"":27.5,""period_ms"":10.500073432922363}"
195528,1,2389.9,2389.9,False,0.75,"{""inversion_rho"":null,""inversion_channel"":26.0,""period_ms"":10.500073432922363}"
195528,1,2398.6001,2398.6001,False,0.875,"{""inversion_rho"":null,""inversion_channel"":27.5,""period_ms"":10.500073432922363}"
195528,1,2406.6999,2406.6999,False,1.0,"{""inversion_rho"":null,""inversion_channel"":25.5,""period_ms"":10.500073432922363}"
195528,1,2431.4001,2431.4001,False,0.875,"{""inversion_rho"":null,""inversion_channel"":25.5,""period_ms"":10.799884796142578}"
195528,1,2454.9999,2454.9999,False,1.0,"{""inversion_rho"":null,""inversion_channel"":26.0,""period_ms"":10.799884796142578}"
195528,1,2469.8999,2469.8999,False,1.0,"{""inversion_rho"":null,""inversion_channel"":25.5,""period_ms"":10.799884796142578}"
195528,1,2483.4001,2483.4001,False,0.875,"{""inversion_rho"":null,""inversion_channel"":27.0,""period_ms"":10.799884796142578}"
195528,1,2493.3,2493.3,False,1.0,"{""inversion_rho"":null,""inversion_channel"":28.0,""period_ms"":10.799884796142578}"
195528,1,2505.0001,2505.0001,False,0.375,"{""inversion_rho"":null,""inversion_channel"":8.0,""period_ms"":10.799884796142578}"
195528,1,2517.8001,2517.8001,False,0.875,"{""inversion_rho"":null,""inversion_channel"":37.5,""period_ms"":10.799884796142578}"
195528,1,2527.1001,2527.1001,False,1.0,"{""inversion_rho"":null,""inversion_channel"":26.0,""period_ms"":10.799884796142578}"
195528,1,2538.8999,2538.8999,False,0.375,"{""inversion_rho"":null,""inversion_channel"":3.5,""period_ms"":10.799884796142578}"
195528,1,2550.6999,2550.6999,False,0.75,"{""inversion_rho"":null,""inversion_channel"":27.5,""period_ms"":10.799884796142578}"
195528,1,2558.7001,2558.7001,False,0.625,"{""inversion_rho"":null,""inversion_channel"":27.5,""period_ms"":10.799884796142578}"
195528,1,2568.8,2568.8,False,1.0,"{""inversion_rho"":null,""inversion_channel"":11.5,""period_ms"":10.799884796142578}"
195528,1,2575.0999,2575.0999,False,0.25,"{""inversion_rho"":null,""inversion_channel"":28.5,""period_ms"":10.799884796142578}"
195528,1,2580.6999,2580.6999,False,0.875,"{""inversion_rho"":null,""inversion_channel"":27.0,""period_ms"":10.799884796142578}"
195528,1,2592.0999,2592.0999,False,0.25,"{""inversion_rho"":null,""inversion_channel"":8.5,""period_ms"":10.799884796142578}"
195528,1,2605.4001,2605.4001,False,0.5,"{""inversion_rho"":null,""inversion_channel"":7.5,""period_ms"":10.799884796142578}"
195528,1,2621.7999,2621.7999,False,1.0,"{""inversion_rho"":null,""inversion_channel"":27.5,""period_ms"":10.799884796142578}"
195528,1,2641.5,2641.5,False,0.625,"{""inversion_rho"":null,""inversion_channel"":27.5,""period_ms"":10.799884796142578}"
195528,1,2655.4,2655.4,False,1.0,"{""inversion_rho"":null,""inversion_channel"":37.5,""period_ms"":10.799884796142578}"
195528,1,2665.8001,2665.8001,False,1.0,"{""inversion_rho"":null,""inversion_channel"":24.5,""period_ms"":10.799884796142578}"
195528,1,2672.9,2672.9,False,0.875,"{""inversion_rho"":null,""inversion_channel"":27.5,""period_ms"":10.799884796142578}"
195528,1,2682.3001,2682.3001,False,1.0,"{""inversion_rho"":null,""inversion_channel"":28.0,""period_ms"":10.799884796142578}"
195528,1,2698.7,2698.7,False,1.0,"{""inversion_rho"":null,""inversion_channel"":38.5,""period_ms"":10.799884796142578}"
195528,1,2712.6,2712.6,False,0.25,"{""inversion_rho"":null,""inversion_channel"":8.5,""period_ms"":10.799884796142578}"
195528,1,2720.5,2720.5,False,0.5,"{""inversion_rho"":null,""inversion_channel"":29.0,""period_ms"":10.799884796142578}"
195528,1,2731.1001,2731.1001,False,1.0,"{""inversion_rho"":null,""inversion_channel"":27.5,""period_ms"":10.799884796142578}"
195528,1,2741.9,2741.9,False,0.5,"{""inversion_rho"":null,""inversion_channel"":24.5,""period_ms"":10.799884796142578}"
195528,1,2751.3001,2751.3001,False,0.75,"{""inversion_rho"":null,""inversion_channel"":10.0,""period_ms"":10.799884796142578}"
195528,1,2766.4001,2766.4001,False,1.0,"{""inversion_rho"":null,""inversion_channel"":5.0,""period_ms"":10.799884796142578}"
195528,1,2772.9001,2772.9001,False,0.625,"{""inversion_rho"":null,""inversion_channel"":7.5,""period_ms"":10.799884796142578}"
195528,1,2782.2001,2782.2001,False,0.375,"{""inversion_rho"":null,""inversion_channel"":13.5,""period_ms"":10.799884796142578}"
195528,1,2787.9,2787.9,False,1.0,"{""inversion_rho"":null,""inversion_channel"":26.0,""period_ms"":10.799884796142578}"
195528,1,2811.7001,2811.7001,False,1.0,"{""inversion_rho"":null,""inversion_channel"":3.5,""period_ms"":20.299911499023438}"
195528,1,2827.6999,2827.6999,False,1.0,"{""inversion_rho"":null,""inversion_channel"":37.5,""period_ms"":20.299911499023438}"
195528,1,2852.2999,2852.2999,False,1.0,"{""inversion_rho"":null,""inversion_channel"":3.0,""period_ms"":20.299911499023438}"
195528,1,2860.8999,2860.8999,False,1.0,"{""inversion_rho"":null,""inversion_channel"":39.0,""period_ms"":21.600008010864258}"
195528,1,2874.0001,2874.0001,False,1.0,"{""inversion_rho"":null,""inversion_channel"":4.5,""period_ms"":21.600008010864258}"
195528,1,2901.2001,2901.2001,False,1.0,"{""inversion_rho"":null,""inversion_channel"":3.5,""period_ms"":21.600008010864258}"
195528,1,2934.5,2934.5,False,1.0,"{""inversion_rho"":null,""inversion_channel"":4.0,""period_ms"":21.600008010864258}"
195528,1,2950.5,2950.5,False,1.0,"{""inversion_rho"":null,""inversion_channel"":38.5,""period_ms"":21.600008010864258}"
195528,1,3079.0999,3079.0999,False,1.0,"{""inversion_rho"":null,""inversion_channel"":4.5,""period_ms"":null}"
195528,1,3141.7,3141.7,False,1.0,"{""inversion_rho"":null,""inversion_channel"":7.5,""period_ms"":null}"
195528,1,1411.6,1687.2,True,1.0,"{""inversion_rho"":null,""inversion_channel"":20.5,""period_ms"":66.6000247001648}"
195528,1,1710.5,2406.6999,True,1.0,"{""inversion_rho"":null,""inversion_channel"":23.5,""period_ms"":10.500073432922363}"
195528,1,2431.4001,2787.9,True,1.0,"{""inversion_rho"":null,""inversion_channel"":26.0,""period_ms"":10.799884796142578}"
195528,1,2811.7001,2852.2999,True,1.0,"{""inversion_rho"":null,""inversion_channel"":3.5,""period_ms"":20.299911499023438}"
195528,1,2860.8999,2950.5,True,1.0,"{""inversion_rho"":null,""inversion_channel"":4.5,""period_ms"":21.600008010864258}"
195626,1,53.9,53.9,False,1.0,"{""inversion_rho"":null,""inversion_channel"":9.5,""period_ms"":14.899998903274536}"
195626,1,63.0,63.0,False,1.0,"{""inversion_rho"":null,""inversion_channel"":2.5,""period_ms"":14.899998903274536}"
195626,1,77.9,77.9,False,0.5,"{""inversion_rho"":null,""inversion_channel"":36.5,""period_ms"":14.899998903274536}"
195626,1,108.0,108.0,False,1.0,"{""inversion_rho"":null,""inversion_channel"":36.5,""period_ms"":14.899998903274536}"
195626,1,1389.6,1389.6,False,1.0,"{""inversion_rho"":null,""inversion_channel"":4.0,""period_ms"":39.60001468658447}"
195626,1,1439.0,1439.0,False,1.0,"{""inversion_rho"":null,""inversion_channel"":6.5,""period_ms"":39.60001468658447}"
195626,1,1488.3,1488.3,False,1.0,"{""inversion_rho"":null,""inversion_channel"":7.0,""period_ms"":39.60001468658447}"
195626,1,1527.9,1527.9,False,1.0,"{""inversion_rho"":null,""inversion_channel"":38.0,""period_ms"":39.60001468658447}"
195626,1,1547.7,1547.7,False,1.0,"{""inversion_rho"":null,""inversion_channel"":37.5,""period_ms"":39.60001468658447}"
195626,1,1566.2,1566.2,False,1.0,"{""inversion_rho"":null,""inversion_channel"":17.5,""period_ms"":39.60001468658447}"
195626,1,1613.3,1613.3,False,1.0,"{""inversion_rho"":null,""inversion_channel"":14.0,""period_ms"":8.899986743927002}"
195626,1,1642.2,1642.2,False,1.0,"{""inversion_rho"":null,""inversion_channel"":17.5,""period_ms"":8.899986743927002}"
195626,1,1659.6,1659.6,False,1.0,"{""inversion_rho"":null,""inversion_channel"":37.5,""period_ms"":8.899986743927002}"
195626,1,1667.2,1667.2,False,1.0,"{""inversion_rho"":null,""inversion_channel"":20.5,""period_ms"":8.899986743927002}"
195626,1,1681.0,1681.0,False,1.0,"{""inversion_rho"":null,""inversion_channel"":20.5,""period_ms"":8.899986743927002}"
195626,1,1689.7,1689.7,False,1.0,"{""inversion_rho"":null,""inversion_channel"":20.5,""period_ms"":8.899986743927002}"
195626,1,1698.8,1698.8,False,1.0,"{""inversion_rho"":null,""inversion_channel"":19.5,""period_ms"":8.899986743927002}"
195626,1,1707.2001,1707.2001,False,1.0,"{""inversion_rho"":null,""inversion_channel"":39.5,""period_ms"":8.899986743927002}"
195626,1,1712.7,1712.7,False,0.875,"{""inversion_rho"":null,""inversion_channel"":31.0,""period_ms"":8.899986743927002}"
195626,1,1727.8,1727.8,False,1.0,"{""inversion_rho"":null,""inversion_channel"":37.5,""period_ms"":8.499979972839355}"
195626,1,1736.7001,1736.7001,False,1.0,"{""inversion_rho"":null,""inversion_channel"":20.5,""period_ms"":8.499979972839355}"
195626,1,1744.8,1744.8,False,1.0,"{""inversion_rho"":null,""inversion_channel"":21.0,""period_ms"":8.499979972839355}"
195626,1,1751.4,1751.4,False,1.0,"{""inversion_rho"":null,""inversion_channel"":19.5,""period_ms"":8.499979972839355}"
195626,1,1762.2,1762.2,False,0.5,"{""inversion_rho"":null,""inversion_channel"":21.5,""period_ms"":8.499979972839355}"
195626,1,1795.3,1795.3,False,1.0,"{""inversion_rho"":null,""inversion_channel"":16.5,""period_ms"":null}"
195626,1,5647.6002,5647.6002,False,1.0,"{""inversion_rho"":null,""inversion_channel"":31.5,""period_ms"":26.000022888183594}"
195626,1,5705.5001,5705.5001,False,1.0,"{""inversion_rho"":null,""inversion_channel"":31.5,""period_ms"":26.000022888183594}"
195626,1,5748.4002,5748.4002,False,1.0,"{""inversion_rho"":null,""inversion_channel"":31.5,""period_ms"":26.000022888183594}"
195626,1,5789.5002,5789.5002,False,1.0,"{""inversion_rho"":null,""inversion_channel"":30.0,""period_ms"":26.000022888183594}"
195626,1,5830.9002,5830.9002,False,1.0,"{""inversion_rho"":null,""inversion_channel"":29.0,""period_ms"":26.000022888183594}"
195626,1,5863.9002,5863.9002,False,1.0,"{""inversion_rho"":null,""inversion_channel"":11.5,""period_ms"":26.000022888183594}"
195626,1,5895.1998,5895.1998,False,1.0,"{""inversion_rho"":null,""inversion_channel"":9.5,""period_ms"":26.000022888183594}"
195626,1,5924.9001,5924.9001,False,1.0,"{""inversion_rho"":null,""inversion_channel"":27.5,""period_ms"":26.000022888183594}"
195626,1,5950.9001,5950.9001,False,0.25,"{""inversion_rho"":null,""inversion_channel"":28.0,""period_ms"":26.000022888183594}"
195626,1,5973.8998,5973.8998,False,1.0,"{""inversion_rho"":null,""inversion_channel"":27.5,""period_ms"":26.000022888183594}"
195626,1,5994.1001,5994.1001,False,1.0,"{""inversion_rho"":null,""inversion_channel"":25.5,""period_ms"":26.000022888183594}"
195626,1,6014.2002,6014.2002,False,1.0,"{""inversion_rho"":null,""inversion_channel"":26.5,""period_ms"":26.000022888183594}"
195626,1,6035.2998,6035.2998,False,1.0,"{""inversion_rho"":null,""inversion_channel"":24.5,""period_ms"":26.000022888183594}"
195626,1,6055.3002,6055.3002,False,1.0,"{""inversion_rho"":null,""inversion_channel"":22.5,""period_ms"":26.000022888183594}"
195626,1,6074.9002,6074.9002,False,0.5,"{""inversion_rho"":null,""inversion_channel"":25.0,""period_ms"":26.000022888183594}"
195626,1,6092.5002,6092.5002,False,1.0,"{""inversion_rho"":null,""inversion_channel"":22.0,""period_ms"":26.000022888183594}"
195626,1,53.9,108.0,True,1.0,"{""inversion_rho"":null,""inversion_channel"":23.0,""period_ms"":14.899998903274536}"
195626,1,1389.6,1566.2,True,1.0,"{""inversion_rho"":null,""inversion_channel"":12.25,""period_ms"":39.60001468658447}"
195626,1,1613.3,1712.7,True,1.0,"{""inversion_rho"":null,""inversion_channel"":20.5,""period_ms"":8.899986743927002}"
195626,1,1727.8,1762.2,True,1.0,"{""inversion_rho"":null,""inversion_channel"":21.0,""period_ms"":8.499979972839355}"
195626,1,5647.6002,6092.5002,True,1.0,"{""inversion_rho"":null,""inversion_channel"":27.0,""period_ms"":26.000022888183594}"
195637,1,48.2,48.2,False,1.0,"{""inversion_rho"":null,""inversion_channel"":7.5,""period_ms"":null}"
195637,1,55.2,55.2,False,1.0,"{""inversion_rho"":null,""inversion_channel"":7.5,""period_ms"":null}"
195637,1,73.7,73.7,False,1.0,"{""inversion_rho"":null,""inversion_channel"":5.0,""period_ms"":null}"
195637,1,98.0,98.0,False,1.0,"{""inversion_rho"":null,""inversion_channel"":6.5,""period_ms"":null}"
195637,1,1420.7,1420.7,False,1.0,"{""inversion_rho"":null,""inversion_channel"":3.5,""period_ms"":null}"
195637,1,1433.2,1433.2,False,1.0,"{""inversion_rho"":null,""inversion_channel"":3.5,""period_ms"":null}"
195637,1,1471.2,1471.2,False,1.0,"{""inversion_rho"":null,""inversion_channel"":4.5,""period_ms"":21.4499831199646}"
195637,1,1484.4,1484.4,False,1.0,"{""inversion_rho"":null,""inversion_channel"":9.0,""period_ms"":21.4499831199646}"
195637,1,1514.1,1514.1,False,1.0,"{""inversion_rho"":null,""inversion_channel"":10.0,""period_ms"":21.4499831199646}"
195637,1,1521.8,1521.8,False,1.0,"{""inversion_rho"":null,""inversion_channel"":11.5,""period_ms"":null}"
195637,1,1530.5001,1530.5001,False,1.0,"{""inversion_rho"":null,""inversion_channel"":11.5,""period_ms"":null}"
195637,1,1563.8,1563.8,False,1.0,"{""inversion_rho"":null,""inversion_channel"":10.0,""period_ms"":14.10001516342163}"
195637,1,1577.6,1577.6,False,1.0,"{""inversion_rho"":null,""inversion_channel"":11.0,""period_ms"":14.10001516342163}"
195637,1,1592.0,1592.0,False,1.0,"{""inversion_rho"":null,""inversion_channel"":36.5,""period_ms"":14.10001516342163}"
195637,1,1611.3,1611.3,False,1.0,"{""inversion_rho"":null,""inversion_channel"":17.0,""period_ms"":14.10001516342163}"
195637,1,1623.3,1623.3,False,1.0,"{""inversion_rho"":null,""inversion_channel"":16.5,""period_ms"":14.10001516342163}"
195637,1,1650.9,1650.9,False,1.0,"{""inversion_rho"":null,""inversion_channel"":17.0,""period_ms"":14.10001516342163}"
195637,1,1664.0,1664.0,False,1.0,"{""inversion_rho"":null,""inversion_channel"":17.5,""period_ms"":14.10001516342163}"
195637,1,1677.6,1677.6,False,1.0,"{""inversion_rho"":null,""inversion_channel"":17.5,""period_ms"":14.10001516342163}"
195637,1,1697.1999,1697.1999,False,1.0,"{""inversion_rho"":null,""inversion_channel"":17.5,""period_ms"":14.10001516342163}"
195637,1,1712.2999,1712.2999,False,1.0,"{""inversion_rho"":null,""inversion_channel"":18.0,""period_ms"":14.10001516342163}"
195637,1,1727.0,1727.0,False,1.0,"{""inversion_rho"":null,""inversion_channel"":17.5,""period_ms"":14.10001516342163}"
195637,1,1743.6,1743.6,False,1.0,"{""inversion_rho"":null,""inversion_channel"":3.5,""period_ms"":14.10001516342163}"
195637,1,1750.7,1750.7,False,1.0,"{""inversion_rho"":null,""inversion_channel"":17.0,""period_ms"":14.10001516342163}"
195637,1,1764.2,1764.2,False,0.75,"{""inversion_rho"":null,""inversion_channel"":22.5,""period_ms"":14.10001516342163}"
195637,1,1779.3,1779.3,False,0.875,"{""inversion_rho"":null,""inversion_channel"":21.0,""period_ms"":14.10001516342163}"
195637,1,1786.2999,1786.2999,False,1.0,"{""inversion_rho"":null,""inversion_channel"":4.5,""period_ms"":14.10001516342163}"
195637,1,1792.5,1792.5,False,1.0,"{""inversion_rho"":null,""inversion_channel"":19.0,""period_ms"":14.10001516342163}"
195637,1,1815.3,1815.3,False,0.75,"{""inversion_rho"":null,""inversion_channel"":25.5,""period_ms"":null}"
195637,1,1820.4,1820.4,False,1.0,"{""inversion_rho"":null,""inversion_channel"":20.5,""period_ms"":null}"
195637,1,1938.2,1938.2,False,1.0,"{""inversion_rho"":null,""inversion_channel"":18.0,""period_ms"":null}"
195637,1,1471.2,1514.1,True,1.0,"{""inversion_rho"":null,""inversion_channel"":9.0,""period_ms"":21.4499831199646}"
195637,1,1563.8,1792.5,True,1.0,"{""inversion_rho"":null,""inversion_channel"":17.5,""period_ms"":14.10001516342163}"
195642,1,54.2,54.2,False,0.625,"{""inversion_rho"":null,""inversion_channel"":8.5,""period_ms"":null}"
195642,1,63.4,63.4,False,1.0,"{""inversion_rho"":null,""inversion_channel"":8.5,""period_ms"":null}"
195642,1,89.2,89.2,False,1.0,"{""inversion_rho"":null,""inversion_channel"":7.5,""period_ms"":null}"
195642,1,109.5,109.5,False,1.0,"{""inversion_rho"":null,""inversion_channel"":37.5,""period_ms"":null}"
195642,1,1389.6,1389.6,False,1.0,"{""inversion_rho"":null,""inversion_channel"":2.5,""period_ms"":41.9999361038208}"
195642,1,1431.6,1431.6,False,1.0,"{""inversion_rho"":null,""inversion_channel"":38.5,""period_ms"":41.9999361038208}"
195642,1,1490.3001,1490.3001,False,1.0,"{""inversion_rho"":null,""inversion_channel"":9.5,""period_ms"":41.9999361038208}"
195642,1,1527.3,1527.3,False,1.0,"{""inversion_rho"":null,""inversion_channel"":14.5,""period_ms"":41.9999361038208}"
195642,1,1535.1,1535.1,False,1.0,"{""inversion_rho"":null,""inversion_channel"":14.0,""period_ms"":null}"
195642,1,1620.7,1620.7,False,1.0,"{""inversion_rho"":null,""inversion_channel"":20.0,""period_ms"":null}"
195642,1,1632.1,1632.1,False,1.0,"{""inversion_rho"":null,""inversion_channel"":23.0,""period_ms"":17.799973487854004}"
195642,1,1664.6,1664.6,False,1.0,"{""inversion_rho"":null,""inversion_channel"":37.5,""period_ms"":17.799973487854004}"
195642,1,1682.4,1682.4,False,1.0,"{""inversion_rho"":null,""inversion_channel"":37.5,""period_ms"":17.799973487854004}"
195642,1,1700.0,1700.0,False,1.0,"{""inversion_rho"":null,""inversion_channel"":38.0,""period_ms"":17.799973487854004}"
195642,1,1717.1,1717.1,False,1.0,"{""inversion_rho"":null,""inversion_channel"":36.5,""period_ms"":17.799973487854004}"
195642,1,1734.2,1734.2,False,1.0,"{""inversion_rho"":null,""inversion_channel"":22.5,""period_ms"":17.799973487854004}"
195642,1,1750.0,1750.0,False,1.0,"{""inversion_rho"":null,""inversion_channel"":20.5,""period_ms"":17.799973487854004}"
195642,1,1772.0,1772.0,False,1.0,"{""inversion_rho"":null,""inversion_channel"":20.5,""period_ms"":17.799973487854004}"
195642,1,1822.4,1822.4,False,1.0,"{""inversion_rho"":null,""inversion_channel"":22.5,""period_ms"":17.799973487854004}"
195642,1,1845.5,1845.5,False,1.0,"{""inversion_rho"":null,""inversion_channel"":21.5,""period_ms"":17.799973487854004}"
195642,1,5534.8001,5534.8001,False,0.75,"{""inversion_rho"":null,""inversion_channel"":13.5,""period_ms"":null}"
195642,1,5670.7001,5670.7001,False,1.0,"{""inversion_rho"":null,""inversion_channel"":19.0,""period_ms"":null}"
195642,1,5683.5999,5683.5999,False,1.0,"{""inversion_rho"":null,""inversion_channel"":23.5,""period_ms"":19.049882888793945}"
195642,1,5697.1998,5697.1998,False,1.0,"{""inversion_rho"":null,""inversion_channel"":11.5,""period_ms"":19.049882888793945}"
195642,1,5714.6001,5714.6001,False,0.875,"{""inversion_rho"":null,""inversion_channel"":22.0,""period_ms"":19.049882888793945}"
195642,1,5733.3999,5733.3999,False,1.0,"{""inversion_rho"":null,""inversion_channel"":22.5,""period_ms"":19.049882888793945}"
195642,1,5756.4001,5756.4001,False,1.0,"{""inversion_rho"":null,""inversion_channel"":23.5,""period_ms"":19.049882888793945}"
195642,1,5778.6002,5778.6002,False,0.5,"{""inversion_rho"":null,""inversion_channel"":5.5,""period_ms"":19.049882888793945}"
195642,1,5797.9002,5797.9002,False,1.0,"{""inversion_rho"":null,""inversion_channel"":22.0,""period_ms"":19.049882888793945}"
195642,1,5886.7002,5886.7002,False,1.0,"{""inversion_rho"":null,""inversion_channel"":27.5,""period_ms"":null}"
195642,1,5926.6,5926.6,False,1.0,"{""inversion_rho"":null,""inversion_channel"":25.5,""period_ms"":null}"
195642,1,1389.6,1527.3,True,1.0,"{""inversion_rho"":null,""inversion_channel"":12.0,""period_ms"":41.9999361038208}"
195642,1,1632.1,1845.5,True,1.0,"{""inversion_rho"":null,""inversion_channel"":22.75,""period_ms"":17.799973487854004}"
195642,1,5683.5999,5797.9002,True,1.0,"{""inversion_rho"":null,""inversion_channel"":22.0,""period_ms"":19.049882888793945}"
195645,1,63.8,63.8,False,1.0,"{""inversion_rho"":null,""inversion_channel"":5.0,""period_ms"":null}"
195645,1,86.5,86.5,False,1.0,"{""inversion_rho"":null,""inversion_channel"":5.5,""period_ms"":null}"
195645,1,1403.2,1403.2,False,1.0,"{""inversion_rho"":null,""inversion_channel"":5.5,""period_ms"":null}"
195645,1,1422.0001,1422.0001,False,1.0,"{""inversion_rho"":null,""inversion_channel"":6.5,""period_ms"":null}"
195645,1,1480.6,1480.6,False,1.0,"{""inversion_rho"":null,""inversion_channel"":9.5,""period_ms"":12.400031089782715}"
195645,1,1494.5,1494.5,False,1.0,"{""inversion_rho"":null,""inversion_channel"":6.5,""period_ms"":12.400031089782715}"
195645,1,1519.3,1519.3,False,1.0,"{""inversion_rho"":null,""inversion_channel"":10.5,""period_ms"":12.400031089782715}"
195645,1,1535.2,1535.2,False,1.0,"{""inversion_rho"":null,""inversion_channel"":11.5,""period_ms"":12.400031089782715}"
195645,1,1556.0,1556.0,False,1.0,"{""inversion_rho"":null,""inversion_channel"":14.5,""period_ms"":12.400031089782715}"
195645,1,1564.4,1564.4,False,1.0,"{""inversion_rho"":null,""inversion_channel"":14.5,""period_ms"":12.400031089782715}"
195645,1,1578.4,1578.4,False,1.0,"{""inversion_rho"":null,""inversion_channel"":13.5,""period_ms"":12.400031089782715}"
195645,1,1587.7,1587.7,False,1.0,"{""inversion_rho"":null,""inversion_channel"":36.5,""period_ms"":12.400031089782715}"
195645,1,1604.3,1604.3,False,1.0,"{""inversion_rho"":null,""inversion_channel"":19.5,""period_ms"":12.400031089782715}"
195645,1,1614.4,1614.4,False,1.0,"{""inversion_rho"":null,""inversion_channel"":19.5,""period_ms"":12.400031089782715}"
195645,1,1621.3,1621.3,False,1.0,"{""inversion_rho"":null,""inversion_channel"":19.5,""period_ms"":12.400031089782715}"
195645,1,1633.2,1633.2,False,1.0,"{""inversion_rho"":null,""inversion_channel"":19.5,""period_ms"":12.400031089782715}"
195645,1,1643.6,1643.6,False,1.0,"{""inversion_rho"":null,""inversion_channel"":19.5,""period_ms"":12.400031089782715}"
195645,1,1656.5,1656.5,False,1.0,"{""inversion_rho"":null,""inversion_channel"":18.5,""period_ms"":12.400031089782715}"
195645,1,1662.9,1662.9,False,1.0,"{""inversion_rho"":null,""inversion_channel"":3.0,""period_ms"":12.400031089782715}"
195645,1,1677.2,1677.2,False,1.0,"{""inversion_rho"":null,""inversion_channel"":21.5,""period_ms"":12.400031089782715}"
195645,1,1686.2,1686.2,False,1.0,"{""inversion_rho"":null,""inversion_channel"":3.5,""period_ms"":12.400031089782715}"
195645,1,1714.4001,1714.4001,False,1.0,"{""inversion_rho"":null,""inversion_channel"":33.5,""period_ms"":null}"
195645,1,1731.9,1731.9,False,1.0,"{""inversion_rho"":null,""inversion_channel"":25.0,""period_ms"":null}"
195645,1,1738.6,1738.6,False,1.0,"{""inversion_rho"":null,""inversion_channel"":6.5,""period_ms"":14.899969100952148}"
195645,1,1752.7,1752.7,False,0.625,"{""inversion_rho"":null,""inversion_channel"":27.5,""period_ms"":14.899969100952148}"
195645,1,1773.0,1773.0,False,1.0,"{""inversion_rho"":null,""inversion_channel"":37.5,""period_ms"":14.899969100952148}"
195645,1,1793.8,1793.8,False,1.0,"{""inversion_rho"":null,""inversion_channel"":20.5,""period_ms"":14.899969100952148}"
195645,1,1803.4,1803.4,False,1.0,"{""inversion_rho"":null,""inversion_channel"":18.0,""period_ms"":14.899969100952148}"
195645,1,1813.4,1813.4,False,1.0,"{""inversion_rho"":null,""inversion_channel"":38.0,""period_ms"":14.899969100952148}"
195645,1,1828.3,1828.3,False,0.375,"{""inversion_rho"":null,""inversion_channel"":24.5,""period_ms"":14.899969100952148}"
195645,1,1847.6,1847.6,False,1.0,"{""inversion_rho"":null,""inversion_channel"":16.5,""period_ms"":14.899969100952148}"
195645,1,1871.2,1871.2,False,1.0,"{""inversion_rho"":null,""inversion_channel"":27.0,""period_ms"":14.899969100952148}"
195645,1,1882.4,1882.4,False,1.0,"{""inversion_rho"":null,""inversion_channel"":27.5,""period_ms"":14.899969100952148}"
195645,1,5492.4002,5492.4002,False,0.25,"{""inversion_rho"":null,""inversion_channel"":10.5,""period_ms"":60.94980239868164}"
195645,1,5530.0999,5530.0999,False,0.25,"{""inversion_rho"":null,""inversion_channel"":10.0,""period_ms"":60.94980239868164}"
195645,1,5614.2998,5614.2998,False,0.5,"{""inversion_rho"":null,""inversion_channel"":5.5,""period_ms"":60.94980239868164}"
195645,1,1480.6,1686.2,True,1.0,"{""inversion_rho"":null,""inversion_channel"":14.5,""period_ms"":12.400031089782715}"
195645,1,1738.6,1882.4,True,1.0,"{""inversion_rho"":null,""inversion_channel"":25.75,""period_ms"":14.899969100952148}"
195645,1,5492.4002,5614.2998,True,1.0,"{""inversion_rho"":null,""inversion_channel"":10.0,""period_ms"":60.94980239868164}"
195646,1,52.4,52.4,False,1.0,"{""inversion_rho"":null,""inversion_channel"":7.5,""period_ms"":15.000000596046448}"
195646,1,61.1,61.1,False,1.0,"{""inversion_rho"":null,""inversion_channel"":7.5,""period_ms"":15.000000596046448}"
195646,1,76.1,76.1,False,1.0,"{""inversion_rho"":null,""inversion_channel"":5.5,""period_ms"":15.000000596046448}"
195646,1,101.4,101.4,False,1.0,"{""inversion_rho"":null,""inversion_channel"":7.5,""period_ms"":15.000000596046448}"
195646,1,1413.3,1413.3,False,1.0,"{""inversion_rho"":null,""inversion_channel"":7.5,""period_ms"":17.100095748901367}"
195646,1,1437.8999,1437.8999,False,1.0,"{""inversion_rho"":null,""inversion_channel"":8.0,""period_ms"":17.100095748901367}"
195646,1,1469.8,1469.8,False,1.0,"{""inversion_rho"":null,""inversion_channel"":9.0,""period_ms"":17.100095748901367}"
195646,1,1488.8,1488.8,False,1.0,"{""inversion_rho"":null,""inversion_channel"":9.0,""period_ms"":17.100095748901367}"
195646,1,1506.9,1506.9,False,1.0,"{""inversion_rho"":null,""inversion_channel"":8.5,""period_ms"":17.100095748901367}"
195646,1,1524.0,1524.0,False,1.0,"{""inversion_rho"":null,""inversion_channel"":11.0,""period_ms"":17.100095748901367}"
195646,1,1542.7999,1542.7999,False,1.0,"{""inversion_rho"":null,""inversion_channel"":12.0,""period_ms"":17.100095748901367}"
195646,1,1550.9,1550.9,False,1.0,"{""inversion_rho"":null,""inversion_channel"":13.5,""period_ms"":17.100095748901367}"
195646,1,1562.0,1562.0,False,1.0,"{""inversion_rho"":null,""inversion_channel"":10.0,""period_ms"":17.100095748901367}"
195646,1,1583.3,1583.3,False,1.0,"{""inversion_rho"":null,""inversion_channel"":19.5,""period_ms"":17.100095748901367}"
195646,1,1603.3,1603.3,False,1.0,"{""inversion_rho"":null,""inversion_channel"":21.5,""period_ms"":17.100095748901367}"
195646,1,1619.3,1619.3,False,1.0,"{""inversion_rho"":null,""inversion_channel"":32.5,""period_ms"":17.100095748901367}"
195646,1,1628.9999,1628.9999,False,1.0,"{""inversion_rho"":null,""inversion_channel"":19.5,""period_ms"":17.100095748901367}"
195646,1,1637.7,1637.7,False,1.0,"{""inversion_rho"":null,""inversion_channel"":31.5,""period_ms"":17.100095748901367}"
195646,1,1645.9,1645.9,False,1.0,"{""inversion_rho"":null,""inversion_channel"":21.5,""period_ms"":17.100095748901367}"
195646,1,1662.1,1662.1,False,1.0,"{""inversion_rho"":null,""inversion_channel"":37.5,""period_ms"":17.100095748901367}"
195646,1,1667.7999,1667.7999,False,1.0,"{""inversion_rho"":null,""inversion_channel"":22.5,""period_ms"":7.000088691711426}"
195646,1,1678.6,1678.6,False,1.0,"{""inversion_rho"":null,""inversion_channel"":37.5,""period_ms"":7.000088691711426}"
195646,1,1685.6,1685.6,False,0.25,"{""inversion_rho"":null,""inversion_channel"":23.5,""period_ms"":7.000088691711426}"
195646,1,1691.7,1691.7,False,1.0,"{""inversion_rho"":null,""inversion_channel"":37.0,""period_ms"":7.000088691711426}"
195646,1,1709.8,1709.8,False,1.0,"{""inversion_rho"":null,""inversion_channel"":37.0,""period_ms"":7.9999566078186035}"
195646,1,1719.3,1719.3,False,1.0,"{""inversion_rho"":null,""inversion_channel"":37.5,""period_ms"":7.9999566078186035}"
195646,1,1728.0,1728.0,False,1.0,"{""inversion_rho"":null,""inversion_channel"":21.0,""period_ms"":7.9999566078186035}"
195646,1,1735.2999,1735.2999,False,0.25,"{""inversion_rho"":null,""inversion_channel"":23.0,""period_ms"":7.9999566078186035}"
195646,1,1740.6,1740.6,False,0.375,"{""inversion_rho"":null,""inversion_channel"":5.5,""period_ms"":7.9999566078186035}"
195646,1,1758.6,1758.6,False,0.375,"{""inversion_rho"":null,""inversion_channel"":38.5,""period_ms"":6.2999725341796875}"
195646,1,1764.9,1764.9,False,0.75,"{""inversion_rho"":null,""inversion_channel"":21.5,""period_ms"":6.2999725341796875}"
195646,1,1777.0,1777.0,False,1.0,"{""inversion_rho"":null,""inversion_channel"":36.5,""period_ms"":6.2999725341796875}"
195646,1,1783.0,1783.0,False,1.0,"{""inversion_rho"":null,""inversion_channel"":3.5,""period_ms"":6.2999725341796875}"
195646,1,1800.9,1800.9,False,1.0,"{""inversion_rho"":null,""inversion_channel"":24.0,""period_ms"":15.30003547668457}"
195646,1,1816.8,1816.8,False,1.0,"{""inversion_rho"":null,""inversion_channel"":27.5,""period_ms"":15.30003547668457}"
195646,1,1839.8,1839.8,False,1.0,"{""inversion_rho"":null,""inversion_channel"":24.5,""period_ms"":15.30003547668457}"
195646,1,1861.2,1861.2,False,1.0,"{""inversion_rho"":null,""inversion_channel"":15.5,""period_ms"":15.30003547668457}"
195646,1,1871.0001,1871.0001,False,0.75,"{""inversion_rho"":null,""inversion_channel"":26.5,""period_ms"":15.30003547668457}"
195646,1,1884.8,1884.8,False,0.625,"{""inversion_rho"":null,""inversion_channel"":38.0,""period_ms"":15.30003547668457}"
195646,1,1900.1,1900.1,False,0.375,"{""inversion_rho"":null,""inversion_channel"":27.5,""period_ms"":15.30003547668457}"
195646,1,1908.3,1908.3,False,0.75,"{""inversion_rho"":null,""inversion_channel"":34.5,""period_ms"":15.30003547668457}"
195646,1,1940.0001,1940.0001,False,0.875,"{""inversion_rho"":null,""inversion_channel"":32.5,""period_ms"":52.250027656555176}"
195646,1,1970.1999,1970.1999,False,1.0,"{""inversion_rho"":null,""inversion_channel"":24.0,""period_ms"":52.250027656555176}"
195646,1,2044.5001,2044.5001,False,1.0,"{""inversion_rho"":null,""inversion_channel"":7.5,""period_ms"":52.250027656555176}"
195646,1,2050.4,2050.4,False,0.375,"{""inversion_rho"":null,""inversion_channel"":9.5,""period_ms"":null}"
195646,1,2081.8999,2081.8999,False,0.75,"{""inversion_rho"":null,""inversion_channel"":27.5,""period_ms"":null}"
195646,1,52.4,101.4,True,1.0,"{""inversion_rho"":null,""inversion_channel"":7.5,""period_ms"":15.000000596046448}"
195646,1,1413.3,1662.1,True,1.0,"{""inversion_rho"":null,""inversion_channel"":12.75,""period_ms"":17.100095748901367}"
195646,1,1667.7999,1691.7,True,1.0,"{""inversion_rho"":null,""inversion_channel"":30.25,""period_ms"":7.000088691711426}"
195646,1,1709.8,1740.6,True,1.0,"{""inversion_rho"":null,""inversion_channel"":23.0,""period_ms"":7.9999566078186035}"
195646,1,1758.6,1783.0,True,1.0,"{""inversion_rho"":null,""inversion_channel"":29.0,""period_ms"":6.2999725341796875}"
195646,1,1800.9,1908.3,True,1.0,"{""inversion_rho"":null,""inversion_channel"":27.0,""period_ms"":15.30003547668457}"
195646,1,1940.0001,2044.5001,True,1.0,"{""inversion_rho"":null,""inversion_channel"":24.0,""period_ms"":52.250027656555176}"
195649,1,87.2,87.2,False,0.5,"{""inversion_rho"":null,""inversion_channel"":8.5,""period_ms"":null}"
195649,1,92.2,92.2,False,1.0,"{""inversion_rho"":null,""inversion_channel"":32.5,""period_ms"":null}"
195649,1,113.8,113.8,False,1.0,"{""inversion_rho"":null,""inversion_channel"":11.5,""period_ms"":5.800001323223114}"
195649,1,119.1,119.1,False,0.25,"{""inversion_rho"":null,""inversion_channel"":18.5,""period_ms"":5.800001323223114}"
195649,1,124.9,124.9,False,1.0,"{""inversion_rho"":null,""inversion_channel"":10.0,""period_ms"":5.800001323223114}"
195649,1,133.0,133.0,False,1.0,"{""inversion_rho"":null,""inversion_channel"":5.5,""period_ms"":5.800001323223114}"
195649,1,174.2,174.2,False,1.0,"{""inversion_rho"":null,""inversion_channel"":13.5,""period_ms"":null}"
195649,1,206.2,206.2,False,0.875,"{""inversion_rho"":null,""inversion_channel"":21.5,""period_ms"":null}"
195649,1,215.0,215.0,False,1.0,"{""inversion_rho"":null,""inversion_channel"":20.5,""period_ms"":9.79999452829361}"
195649,1,222.3,222.3,False,0.375,"{""inversion_rho"":null,""inversion_channel"":31.5,""period_ms"":9.79999452829361}"
195649,1,234.6,234.6,False,0.625,"{""inversion_rho"":null,""inversion_channel"":21.5,""period_ms"":9.79999452829361}"
195649,1,306.4,306.4,False,1.0,"{""inversion_rho"":null,""inversion_channel"":33.5,""period_ms"":26.600003242492676}"
195649,1,333.0,333.0,False,1.0,"{""inversion_rho"":null,""inversion_channel"":33.5,""period_ms"":26.600003242492676}"
195649,1,367.0,367.0,False,1.0,"{""inversion_rho"":null,""inversion_channel"":33.5,""period_ms"":26.600003242492676}"
195649,1,381.4,381.4,False,1.0,"{""inversion_rho"":null,""inversion_channel"":17.5,""period_ms"":26.600003242492676}"
195649,1,1323.8,1323.8,False,1.0,"{""inversion_rho"":null,""inversion_channel"":32.5,""period_ms"":null}"
195649,1,1446.4999,1446.4999,False,1.0,"{""inversion_rho"":null,""inversion_channel"":11.5,""period_ms"":null}"
195649,1,1477.6,1477.6,False,1.0,"{""inversion_rho"":null,""inversion_channel"":8.5,""period_ms"":null}"
195649,1,1516.3,1516.3,False,1.0,"{""inversion_rho"":null,""inversion_channel"":4.5,""period_ms"":null}"
195649,1,1525.2,1525.2,False,0.625,"{""inversion_rho"":null,""inversion_channel"":6.5,""period_ms"":13.249993324279785}"
195649,1,1534.3,1534.3,False,0.5,"{""inversion_rho"":null,""inversion_channel"":32.0,""period_ms"":13.249993324279785}"
195649,1,1540.2,1540.2,False,0.25,"{""inversion_rho"":null,""inversion_channel"":17.5,""period_ms"":13.249993324279785}"
195649,1,1547.7999,1547.7999,False,1.0,"{""inversion_rho"":null,""inversion_channel"":33.0,""period_ms"":13.249993324279785}"
195649,1,1565.2,1565.2,False,1.0,"{""inversion_rho"":null,""inversion_channel"":7.5,""period_ms"":13.249993324279785}"
195649,1,1587.7,1587.7,False,1.0,"{""inversion_rho"":null,""inversion_channel"":6.5,""period_ms"":13.249993324279785}"
195649,1,1621.9,1621.9,False,1.0,"{""inversion_rho"":null,""inversion_channel"":10.0,""period_ms"":13.249993324279785}"
195649,1,1633.5,1633.5,False,1.0,"{""inversion_rho"":null,""inversion_channel"":34.5,""period_ms"":9.750008583068848}"
195649,1,1646.1999,1646.1999,False,1.0,"{""inversion_rho"":null,""inversion_channel"":38.5,""period_ms"":9.750008583068848}"
195649,1,1653.0,1653.0,False,1.0,"{""inversion_rho"":null,""inversion_channel"":23.0,""period_ms"":9.750008583068848}"
195649,1,1671.3001,1671.3001,False,1.0,"{""inversion_rho"":null,""inversion_channel"":20.5,""period_ms"":10.049998760223389}"
195649,1,1683.7,1683.7,False,0.875,"{""inversion_rho"":null,""inversion_channel"":20.5,""period_ms"":10.049998760223389}"
195649,1,1691.4001,1691.4001,False,0.75,"{""inversion_rho"":null,""inversion_channel"":29.5,""period_ms"":10.049998760223389}"
195649,1,1710.7,1710.7,False,1.0,"{""inversion_rho"":null,""inversion_channel"":37.5,""period_ms"":8.39996337890625}"
195649,1,1721.5,1721.5,False,1.0,"{""inversion_rho"":null,""inversion_channel"":38.5,""period_ms"":8.39996337890625}"
195649,1,1727.8,1727.8,False,1.0,"{""inversion_rho"":null,""inversion_channel"":15.5,""period_ms"":8.39996337890625}"
195649,1,1736.2,1736.2,False,1.0,"{""inversion_rho"":null,""inversion_channel"":19.5,""period_ms"":8.39996337890625}"
195649,1,1749.6001,1749.6001,False,1.0,"{""inversion_rho"":null,""inversion_channel"":18.5,""period_ms"":8.39996337890625}"
195649,1,1756.0,1756.0,False,0.625,"{""inversion_rho"":null,""inversion_channel"":26.5,""period_ms"":8.39996337890625}"
195649,1,1775.9,1775.9,False,1.0,"{""inversion_rho"":null,""inversion_channel"":37.5,""period_ms"":18.10002326965332}"
195649,1,1794.0,1794.0,False,1.0,"{""inversion_rho"":null,""inversion_channel"":37.5,""period_ms"":18.10002326965332}"
195649,1,1810.7001,1810.7001,False,1.0,"{""inversion_rho"":null,""inversion_channel"":33.0,""period_ms"":18.10002326965332}"
195649,1,1839.5,1839.5,False,0.5,"{""inversion_rho"":null,""inversion_channel"":19.5,""period_ms"":18.10002326965332}"
195649,1,1848.0999,1848.0999,False,0.625,"{""inversion_rho"":null,""inversion_channel"":37.5,""period_ms"":9.600043296813965}"
195649,1,1857.9,1857.9,False,1.0,"{""inversion_rho"":null,""inversion_channel"":34.5,""period_ms"":9.600043296813965}"
195649,1,1867.3,1867.3,False,0.625,"{""inversion_rho"":null,""inversion_channel"":8.5,""period_ms"":9.600043296813965}"
195649,1,1892.4,1892.4,False,0.625,"{""inversion_rho"":null,""inversion_channel"":37.0,""period_ms"":null}"
195649,1,1898.9,1898.9,False,1.0,"{""inversion_rho"":null,""inversion_channel"":38.0,""period_ms"":null}"
195649,1,1921.6,1921.6,False,1.0,"{""inversion_rho"":null,""inversion_channel"":38.5,""period_ms"":47.5500226020813}"
195649,1,1977.1,1977.1,False,0.375,"{""inversion_rho"":null,""inversion_channel"":16.5,""period_ms"":47.5500226020813}"
195649,1,2016.7,2016.7,False,1.0,"{""inversion_rho"":null,""inversion_channel"":19.5,""period_ms"":47.5500226020813}"
195649,1,2031.8,2031.8,False,0.25,"{""inversion_rho"":null,""inversion_channel"":10.5,""period_ms"":13.100028038024902}"
195649,1,2037.6999,2037.6999,False,1.0,"{""inversion_rho"":null,""inversion_channel"":15.0,""period_ms"":13.100028038024902}"
195649,1,2045.7001,2045.7001,False,0.25,"{""inversion_rho"":null,""inversion_channel"":38.0,""period_ms"":13.100028038024902}"
195649,1,2064.1,2064.1,False,0.625,"{""inversion_rho"":null,""inversion_channel"":22.0,""period_ms"":13.100028038024902}"
195649,1,2082.2999,2082.2999,False,1.0,"{""inversion_rho"":null,""inversion_channel"":38.0,""period_ms"":13.100028038024902}"
195649,1,5340.7001,5340.7001,False,0.25,"{""inversion_rho"":null,""inversion_channel"":19.5,""period_ms"":24.799823760986328}"
195649,1,5377.2998,5377.2998,False,1.0,"{""inversion_rho"":null,""inversion_channel"":19.5,""period_ms"":24.799823760986328}"
195649,1,5416.2002,5416.2002,False,0.625,"{""inversion_rho"":null,""inversion_channel"":19.5,""period_ms"":24.799823760986328}"
195649,1,5450.3999,5450.3999,False,0.625,"{""inversion_rho"":null,""inversion_channel"":19.5,""period_ms"":24.799823760986328}"
195649,1,5484.3001,5484.3001,False,1.0,"{""inversion_rho"":null,""inversion_channel"":18.5,""period_ms"":24.799823760986328}"
195649,1,5515.1,5515.1,False,1.0,"{""inversion_rho"":null,""inversion_channel"":18.5,""period_ms"":24.799823760986328}"
195649,1,5545.0001,5545.0001,False,1.0,"{""inversion_rho"":null,""inversion_channel"":18.5,""period_ms"":24.799823760986328}"
195649,1,5569.7999,5569.7999,False,1.0,"{""inversion_rho"":null,""inversion_channel"":17.5,""period_ms"":24.799823760986328}"
195649,1,5592.5002,5592.5002,False,1.0,"{""inversion_rho"":null,""inversion_channel"":18.0,""period_ms"":24.799823760986328}"
195649,1,5612.8998,5612.8998,False,1.0,"{""inversion_rho"":null,""inversion_channel"":17.5,""period_ms"":24.799823760986328}"
195649,1,5631.3,5631.3,False,1.0,"{""inversion_rho"":null,""inversion_channel"":17.5,""period_ms"":24.799823760986328}"
195649,1,5644.1002,5644.1002,False,1.0,"{""inversion_rho"":null,""inversion_channel"":17.5,""period_ms"":24.799823760986328}"
195649,1,5655.7002,5655.7002,False,1.0,"{""inversion_rho"":null,""inversion_channel"":19.5,""period_ms"":24.799823760986328}"
195649,1,5664.3,5664.3,False,0.375,"{""inversion_rho"":null,""inversion_channel"":39.5,""period_ms"":24.799823760986328}"
195649,1,113.8,133.0,True,1.0,"{""inversion_rho"":null,""inversion_channel"":10.75,""period_ms"":5.800001323223114}"
195649,1,215.0,234.6,True,1.0,"{""inversion_rho"":null,""inversion_channel"":21.5,""period_ms"":9.79999452829361}"
195649,1,306.4,381.4,True,1.0,"{""inversion_rho"":null,""inversion_channel"":33.5,""period_ms"":26.600003242492676}"
195649,1,1525.2,1621.9,True,1.0,"{""inversion_rho"":null,""inversion_channel"":10.0,""period_ms"":13.249993324279785}"
195649,1,1633.5,1653.0,True,1.0,"{""inversion_rho"":null,""inversion_channel"":34.5,""period_ms"":9.750008583068848}"
195649,1,1671.3001,1691.4001,True,1.0,"{""inversion_rho"":null,""inversion_channel"":20.5,""period_ms"":10.049998760223389}"
195649,1,1710.7,1756.0,True,1.0,"{""inversion_rho"":null,""inversion_channel"":23.0,""period_ms"":8.39996337890625}"
195649,1,1775.9,1839.5,True,1.0,"{""inversion_rho"":null,""inversion_channel"":35.25,""period_ms"":18.10002326965332}"
195649,1,1848.0999,1867.3,True,1.0,"{""inversion_rho"":null,""inversion_channel"":34.5,""period_ms"":9.600043296813965}"
195649,1,1921.6,2016.7,True,1.0,"{""inversion_rho"":null,""inversion_channel"":19.5,""period_ms"":47.5500226020813}"
195649,1,2031.8,2082.2999,True,1.0,"{""inversion_rho"":null,""inversion_channel"":22.0,""period_ms"":13.100028038024902}"
195649,1,5340.7001,5664.3,True,1.0,"{""inversion_rho"":null,""inversion_channel"":18.5,""period_ms"":24.799823760986328}"
195717,1,64.7,64.7,False,0.75,"{""inversion_rho"":null,""inversion_channel"":29.0,""period_ms"":null}"
195717,1,815.7,815.7,False,0.625,"{""inversion_rho"":null,""inversion_channel"":36.5,""period_ms"":23.40000867843628}"
195717,1,847.0,847.0,False,1.0,"{""inversion_rho"":null,""inversion_channel"":13.5,""period_ms"":23.40000867843628}"
195717,1,870.3,870.3,False,1.0,"{""inversion_rho"":null,""inversion_channel"":12.5,""period_ms"":23.40000867843628}"
195717,1,893.7,893.7,False,1.0,"{""inversion_rho"":null,""inversion_channel"":14.5,""period_ms"":23.40000867843628}"
195717,1,921.2,921.2,False,1.0,"{""inversion_rho"":null,""inversion_channel"":14.5,""period_ms"":23.40000867843628}"
195717,1,948.4,948.4,False,1.0,"{""inversion_rho"":null,""inversion_channel"":13.5,""period_ms"":23.40000867843628}"
195717,1,971.1,971.1,False,1.0,"{""inversion_rho"":null,""inversion_channel"":17.5,""period_ms"":23.40000867843628}"
195717,1,991.5,991.5,False,1.0,"{""inversion_rho"":null,""inversion_channel"":16.5,""period_ms"":23.40000867843628}"
195717,1,1090.5,1090.5,False,0.5,"{""inversion_rho"":null,""inversion_channel"":36.5,""period_ms"":null}"
195717,1,1168.6,1168.6,False,0.875,"{""inversion_rho"":null,""inversion_channel"":21.5,""period_ms"":null}"
195717,1,1195.0001,1195.0001,False,1.0,"{""inversion_rho"":null,""inversion_channel"":21.5,""period_ms"":27.250051498413086}"
195717,1,1224.3,1224.3,False,1.0,"{""inversion_rho"":null,""inversion_channel"":22.5,""period_ms"":27.250051498413086}"
195717,1,1254.3,1254.3,False,1.0,"{""inversion_rho"":null,""inversion_channel"":23.0,""period_ms"":27.250051498413086}"
195717,1,1281.6,1281.6,False,1.0,"{""inversion_rho"":null,""inversion_channel"":23.5,""period_ms"":27.250051498413086}"
195717,1,1308.0,1308.0,False,1.0,"{""inversion_rho"":null,""inversion_channel"":23.5,""period_ms"":27.250051498413086}"
195717,1,1340.8999,1340.8999,False,1.0,"{""inversion_rho"":null,""inversion_channel"":24.5,""period_ms"":27.250051498413086}"
195717,1,1368.1,1368.1,False,1.0,"{""inversion_rho"":null,""inversion_channel"":26.5,""period_ms"":27.250051498413086}"
195717,1,1390.7,1390.7,False,1.0,"{""inversion_rho"":null,""inversion_channel"":27.5,""period_ms"":27.250051498413086}"
195717,1,1427.6,1427.6,False,1.0,"{""inversion_rho"":null,""inversion_channel"":27.5,""period_ms"":27.250051498413086}"
195717,1,1447.5,1447.5,False,1.0,"{""inversion_rho"":null,""inversion_channel"":27.5,""period_ms"":27.250051498413086}"
195717,1,1482.3999,1482.3999,False,1.0,"{""inversion_rho"":null,""inversion_channel"":27.5,""period_ms"":27.250051498413086}"
195717,1,1497.3,1497.3,False,1.0,"{""inversion_rho"":null,""inversion_channel"":27.5,""period_ms"":27.250051498413086}"
195717,1,1529.7,1529.7,False,1.0,"{""inversion_rho"":null,""inversion_channel"":28.0,""period_ms"":27.250051498413086}"
195717,1,1554.4,1554.4,False,0.625,"{""inversion_rho"":null,""inversion_channel"":28.5,""period_ms"":27.250051498413086}"
195717,1,1566.8,1566.8,False,1.0,"{""inversion_rho"":null,""inversion_channel"":28.5,""period_ms"":27.250051498413086}"
195717,1,1609.5001,1609.5001,False,1.0,"{""inversion_rho"":null,""inversion_channel"":28.0,""period_ms"":29.800057411193848}"
195717,1,1641.3,1641.3,False,1.0,"{""inversion_rho"":null,""inversion_channel"":28.0,""period_ms"":29.800057411193848}"
195717,1,1663.4001,1663.4001,False,1.0,"{""inversion_rho"":null,""inversion_channel"":28.5,""period_ms"":29.800057411193848}"
195717,1,1684.2999,1684.2999,False,1.0,"{""inversion_rho"":null,""inversion_channel"":29.5,""period_ms"":29.800057411193848}"
195717,1,1700.9,1700.9,False,1.0,"{""inversion_rho"":null,""inversion_channel"":29.5,""period_ms"":29.800057411193848}"
195717,1,1730.7,1730.7,False,1.0,"{""inversion_rho"":null,""inversion_channel"":29.5,""period_ms"":29.800057411193848}"
195717,1,1742.7,1742.7,False,1.0,"{""inversion_rho"":null,""inversion_channel"":28.5,""period_ms"":29.800057411193848}"
195717,1,1770.2,1770.2,False,1.0,"{""inversion_rho"":null,""inversion_channel"":29.0,""period_ms"":29.800057411193848}"
195717,1,1790.5,1790.5,False,1.0,"{""inversion_rho"":null,""inversion_channel"":29.0,""period_ms"":29.800057411193848}"
195717,1,1829.3,1829.3,False,1.0,"{""inversion_rho"":null,""inversion_channel"":28.5,""period_ms"":29.800057411193848}"
195717,1,1868.6,1868.6,False,1.0,"{""inversion_rho"":null,""inversion_channel"":28.5,""period_ms"":29.800057411193848}"
195717,1,1899.4,1899.4,False,1.0,"{""inversion_rho"":null,""inversion_channel"":28.5,""period_ms"":29.800057411193848}"
195717,1,1967.3001,1967.3001,False,0.5,"{""inversion_rho"":null,""inversion_channel"":29.0,""period_ms"":29.800057411193848}"
195717,1,2118.9001,2118.9001,False,0.625,"{""inversion_rho"":null,""inversion_channel"":14.5,""period_ms"":29.800057411193848}"
195717,1,2135.5,2135.5,False,1.0,"{""inversion_rho"":null,""inversion_channel"":29.0,""period_ms"":null}"
195717,1,2193.3999,2193.3999,False,1.0,"{""inversion_rho"":null,""inversion_channel"":19.5,""period_ms"":null}"
195717,1,2210.7999,2210.7999,False,1.0,"{""inversion_rho"":null,""inversion_channel"":28.5,""period_ms"":38.3000373840332}"
195717,1,2273.5,2273.5,False,1.0,"{""inversion_rho"":null,""inversion_channel"":24.5,""period_ms"":38.3000373840332}"
195717,1,2311.8,2311.8,False,0.25,"{""inversion_rho"":null,""inversion_channel"":20.5,""period_ms"":38.3000373840332}"
195717,1,2341.0001,2341.0001,False,1.0,"{""inversion_rho"":null,""inversion_channel"":32.5,""period_ms"":38.3000373840332}"
195717,1,2351.5,2351.5,False,1.0,"{""inversion_rho"":null,""inversion_channel"":26.0,""period_ms"":null}"
195717,1,2392.2999,2392.2999,False,1.0,"{""inversion_rho"":null,""inversion_channel"":29.5,""period_ms"":null}"
195717,1,2405.8001,2405.8001,False,1.0,"{""inversion_rho"":null,""inversion_channel"":33.0,""period_ms"":27.949929237365723}"
195717,1,2428.1001,2428.1001,False,1.0,"{""inversion_rho"":null,""inversion_channel"":27.5,""period_ms"":27.949929237365723}"
195717,1,2461.7,2461.7,False,0.5,"{""inversion_rho"":null,""inversion_channel"":23.5,""period_ms"":27.949929237365723}"
195717,1,2472.1,2472.1,False,1.0,"{""inversion_rho"":null,""inversion_channel"":30.5,""period_ms"":32.34994411468506}"
195717,1,2504.4999,2504.4999,False,1.0,"{""inversion_rho"":null,""inversion_channel"":27.5,""period_ms"":32.34994411468506}"
195717,1,2536.7999,2536.7999,False,1.0,"{""inversion_rho"":null,""inversion_channel"":27.5,""period_ms"":32.34994411468506}"
195717,1,2548.0001,2548.0001,False,1.0,"{""inversion_rho"":null,""inversion_channel"":32.5,""period_ms"":23.2999324798584}"
195717,1,2574.1,2574.1,False,1.0,"{""inversion_rho"":null,""inversion_channel"":27.0,""period_ms"":23.2999324798584}"
195717,1,2591.3999,2591.3999,False,0.625,"{""inversion_rho"":null,""inversion_channel"":39.0,""period_ms"":23.2999324798584}"
195717,1,2611.8,2611.8,False,1.0,"{""inversion_rho"":null,""inversion_channel"":30.5,""period_ms"":23.2999324798584}"
195717,1,2635.0999,2635.0999,False,1.0,"{""inversion_rho"":null,""inversion_channel"":26.5,""period_ms"":23.2999324798584}"
195717,1,2671.6001,2671.6001,False,1.0,"{""inversion_rho"":null,""inversion_channel"":29.5,""period_ms"":23.2999324798584}"
195717,1,2683.1999,2683.1999,False,1.0,"{""inversion_rho"":null,""inversion_channel"":32.5,""period_ms"":19.100069999694824}"
195717,1,2706.8,2706.8,False,1.0,"{""inversion_rho"":null,""inversion_channel"":26.5,""period_ms"":19.100069999694824}"
195717,1,2734.6001,2734.6001,False,1.0,"{""inversion_rho"":null,""inversion_channel"":28.5,""period_ms"":19.100069999694824}"
195717,1,2748.6,2748.6,False,1.0,"{""inversion_rho"":null,""inversion_channel"":32.5,""period_ms"":19.100069999694824}"
195717,1,2763.2,2763.2,False,0.25,"{""inversion_rho"":null,""inversion_channel"":30.5,""period_ms"":19.100069999694824}"
195717,1,2774.9,2774.9,False,1.0,"{""inversion_rho"":null,""inversion_channel"":28.0,""period_ms"":19.100069999694824}"
195717,1,2804.1,2804.1,False,0.5,"{""inversion_rho"":null,""inversion_channel"":12.5,""period_ms"":19.100069999694824}"
195717,1,2809.7,2809.7,False,1.0,"{""inversion_rho"":null,""inversion_channel"":39.5,""period_ms"":22.39990234375}"
195717,1,2817.1,2817.1,False,1.0,"{""inversion_rho"":null,""inversion_channel"":32.5,""period_ms"":22.39990234375}"
195717,1,2834.8999,2834.8999,False,1.0,"{""inversion_rho"":null,""inversion_channel"":25.5,""period_ms"":22.39990234375}"
195717,1,2868.4001,2868.4001,False,1.0,"{""inversion_rho"":null,""inversion_channel"":26.5,""period_ms"":22.39990234375}"
195717,1,2885.4001,2885.4001,False,1.0,"{""inversion_rho"":null,""inversion_channel"":33.0,""period_ms"":22.39990234375}"
195717,1,2900.3999,2900.3999,False,1.0,"{""inversion_rho"":null,""inversion_channel"":26.0,""period_ms"":22.39990234375}"
195717,1,2924.7,2924.7,False,0.25,"{""inversion_rho"":null,""inversion_channel"":10.0,""period_ms"":22.39990234375}"
195717,1,2935.4,2935.4,False,1.0,"{""inversion_rho"":null,""inversion_channel"":27.5,""period_ms"":22.39990234375}"
195717,1,2955.2,2955.2,False,1.0,"{""inversion_rho"":null,""inversion_channel"":33.5,""period_ms"":22.39990234375}"
195717,1,2971.9999,2971.9999,False,1.0,"{""inversion_rho"":null,""inversion_channel"":26.0,""period_ms"":22.39990234375}"
195717,1,2997.4,2997.4,False,1.0,"{""inversion_rho"":null,""inversion_channel"":26.5,""period_ms"":22.39990234375}"
195717,1,3028.8,3028.8,False,0.875,"{""inversion_rho"":null,""inversion_channel"":33.5,""period_ms"":22.39990234375}"
195717,1,3070.8001,3070.8001,False,1.0,"{""inversion_rho"":null,""inversion_channel"":24.5,""period_ms"":22.39990234375}"
195717,1,3096.6001,3096.6001,False,1.0,"{""inversion_rho"":null,""inversion_channel"":25.5,""period_ms"":22.39990234375}"
195717,1,3119.0,3119.0,False,1.0,"{""inversion_rho"":null,""inversion_channel"":26.5,""period_ms"":22.39990234375}"
195717,1,3156.8,3156.8,False,1.0,"{""inversion_rho"":null,""inversion_channel"":25.5,""period_ms"":22.39990234375}"
195717,1,3165.1001,3165.1001,False,0.375,"{""inversion_rho"":null,""inversion_channel"":33.5,""period_ms"":27.899980545043945}"
195717,1,3187.9001,3187.9001,False,1.0,"{""inversion_rho"":null,""inversion_channel"":26.5,""period_ms"":27.899980545043945}"
195717,1,3220.9001,3220.9001,False,1.0,"{""inversion_rho"":null,""inversion_channel"":25.5,""period_ms"":27.899980545043945}"
195717,1,3230.9,3230.9,False,0.25,"{""inversion_rho"":null,""inversion_channel"":35.5,""period_ms"":null}"
195717,1,3240.2,3240.2,False,1.0,"{""inversion_rho"":null,""inversion_channel"":26.5,""period_ms"":null}"
195717,1,3270.1001,3270.1001,False,1.0,"{""inversion_rho"":null,""inversion_channel"":26.0,""period_ms"":27.399778366088867}"
195717,1,3297.4999,3297.4999,False,1.0,"{""inversion_rho"":null,""inversion_channel"":25.5,""period_ms"":27.399778366088867}"
195717,1,3332.5,3332.5,False,1.0,"{""inversion_rho"":null,""inversion_channel"":26.5,""period_ms"":27.399778366088867}"
195717,1,3356.6,3356.6,False,1.0,"{""inversion_rho"":null,""inversion_channel"":26.5,""period_ms"":27.399778366088867}"
195717,1,3363.4,3363.4,False,0.375,"{""inversion_rho"":null,""inversion_channel"":32.5,""period_ms"":20.49994468688965}"
195717,1,3389.6999,3389.6999,False,1.0,"{""inversion_rho"":null,""inversion_channel"":25.5,""period_ms"":20.49994468688965}"
195717,1,3419.1,3419.1,False,1.0,"{""inversion_rho"":null,""inversion_channel"":26.0,""period_ms"":20.49994468688965}"
195717,1,3433.8,3433.8,False,1.0,"{""inversion_rho"":null,""inversion_channel"":27.0,""period_ms"":20.49994468688965}"
195717,1,3440.8,3440.8,False,0.875,"{""inversion_rho"":null,""inversion_channel"":37.0,""period_ms"":20.49994468688965}"
195717,1,3473.9001,3473.9001,False,1.0,"{""inversion_rho"":null,""inversion_channel"":27.5,""period_ms"":29.09994125366211}"
195717,1,3505.1,3505.1,False,1.0,"{""inversion_rho"":null,""inversion_channel"":27.5,""period_ms"":29.09994125366211}"
195717,1,3532.1,3532.1,False,1.0,"{""inversion_rho"":null,""inversion_channel"":27.0,""period_ms"":29.09994125366211}"
195717,1,3558.1,3558.1,False,1.0,"{""inversion_rho"":null,""inversion_channel"":26.5,""period_ms"":29.09994125366211}"
195717,1,3591.3999,3591.3999,False,1.0,"{""inversion_rho"":null,""inversion_channel"":27.0,""period_ms"":29.09994125366211}"
195717,1,3602.2,3602.2,False,1.0,"{""inversion_rho"":null,""inversion_channel"":30.5,""period_ms"":21.600008010864258}"
195717,1,3623.8,3623.8,False,1.0,"{""inversion_rho"":null,""inversion_channel"":26.5,""period_ms"":21.600008010864258}"
195717,1,3638.4001,3638.4001,False,1.0,"{""inversion_rho"":null,""inversion_channel"":27.5,""period_ms"":21.600008010864258}"
195717,1,3659.4999,3659.4999,False,1.0,"{""inversion_rho"":null,""inversion_channel"":26.5,""period_ms"":21.600008010864258}"
195717,1,3685.6999,3685.6999,False,0.375,"{""inversion_rho"":null,""inversion_channel"":37.0,""period_ms"":21.600008010864258}"
195717,1,3698.2,3698.2,False,1.0,"{""inversion_rho"":null,""inversion_channel"":27.0,""period_ms"":21.600008010864258}"
195717,1,3722.1,3722.1,False,1.0,"{""inversion_rho"":null,""inversion_channel"":27.5,""period_ms"":21.600008010864258}"
195717,1,3744.9,3744.9,False,0.25,"{""inversion_rho"":null,""inversion_channel"":31.0,""period_ms"":21.600008010864258}"
195717,1,3753.0999,3753.0999,False,1.0,"{""inversion_rho"":null,""inversion_channel"":26.5,""period_ms"":null}"
195717,1,3788.3999,3788.3999,False,1.0,"{""inversion_rho"":null,""inversion_channel"":27.5,""period_ms"":null}"
195717,1,3798.1,3798.1,False,0.75,"{""inversion_rho"":null,""inversion_channel"":30.0,""period_ms"":23.90003204345703}"
195717,1,3819.6001,3819.6001,False,1.0,"{""inversion_rho"":null,""inversion_channel"":26.5,""period_ms"":23.90003204345703}"
195717,1,3841.0001,3841.0001,False,1.0,"{""inversion_rho"":null,""inversion_channel"":26.5,""period_ms"":23.90003204345703}"
195717,1,3870.5001,3870.5001,False,1.0,"{""inversion_rho"":null,""inversion_channel"":26.0,""period_ms"":23.90003204345703}"
195717,1,3895.6001,3895.6001,False,1.0,"{""inversion_rho"":null,""inversion_channel"":27.5,""period_ms"":23.90003204345703}"
195717,1,3919.5001,3919.5001,False,1.0,"{""inversion_rho"":null,""inversion_channel"":26.5,""period_ms"":23.90003204345703}"
195717,1,3926.5001,3926.5001,False,0.375,"{""inversion_rho"":null,""inversion_channel"":32.5,""period_ms"":23.90003204345703}"
195717,1,3955.2,3955.2,False,1.0,"{""inversion_rho"":null,""inversion_channel"":28.0,""period_ms"":23.90003204345703}"
195717,1,3979.1,3979.1,False,1.0,"{""inversion_rho"":null,""inversion_channel"":27.5,""period_ms"":23.90003204345703}"
195717,1,3999.9001,3999.9001,False,1.0,"{""inversion_rho"":null,""inversion_channel"":26.5,""period_ms"":23.90003204345703}"
195717,1,4032.3,4032.3,False,1.0,"{""inversion_rho"":null,""inversion_channel"":27.5,""period_ms"":23.90003204345703}"
195717,1,4061.2001,4061.2001,False,1.0,"{""inversion_rho"":null,""inversion_channel"":27.5,""period_ms"":23.90003204345703}"
195717,1,4078.5999,4078.5999,False,1.0,"{""inversion_rho"":null,""inversion_channel"":29.0,""period_ms"":23.90003204345703}"
195717,1,4094.1,4094.1,False,1.0,"{""inversion_rho"":null,""inversion_channel"":27.0,""period_ms"":23.90003204345703}"
195717,1,4135.0002,4135.0002,False,1.0,"{""inversion_rho"":null,""inversion_channel"":27.5,""period_ms"":25.299787521362305}"
195717,1,4159.5998,4159.5998,False,1.0,"{""inversion_rho"":null,""inversion_channel"":26.5,""period_ms"":25.299787521362305}"
195717,1,4185.5998,4185.5998,False,1.0,"{""inversion_rho"":null,""inversion_channel"":27.5,""period_ms"":25.299787521362305}"
195717,1,4199.3999,4199.3999,False,1.0,"{""inversion_rho"":null,""inversion_channel"":27.0,""period_ms"":25.299787521362305}"
195717,1,4232.2001,4232.2001,False,1.0,"{""inversion_rho"":null,""inversion_channel"":27.5,""period_ms"":25.299787521362305}"
195717,1,4242.8002,4242.8002,False,0.25,"{""inversion_rho"":null,""inversion_channel"":39.5,""period_ms"":25.100231170654297}"
195717,1,4259.8,4259.8,False,1.0,"{""inversion_rho"":null,""inversion_channel"":26.5,""period_ms"":25.100231170654297}"
195717,1,4280.6001,4280.6001,False,1.0,"{""inversion_rho"":null,""inversion_channel"":26.5,""period_ms"":25.100231170654297}"
195717,1,4297.5001,4297.5001,False,1.0,"{""inversion_rho"":null,""inversion_channel"":29.0,""period_ms"":25.100231170654297}"
195717,1,4330.5001,4330.5001,False,1.0,"{""inversion_rho"":null,""inversion_channel"":26.5,""period_ms"":25.100231170654297}"
195717,1,4357.1,4357.1,False,1.0,"{""inversion_rho"":null,""inversion_channel"":26.5,""period_ms"":25.100231170654297}"
195717,1,4389.9999,4389.9999,False,1.0,"{""inversion_rho"":null,""inversion_channel"":27.5,""period_ms"":25.100231170654297}"
195717,1,4412.0998,4412.0998,False,1.0,"{""inversion_rho"":null,""inversion_channel"":27.5,""period_ms"":25.100231170654297}"
195717,1,4431.0999,4431.0999,False,1.0,"{""inversion_rho"":null,""inversion_channel"":26.5,""period_ms"":25.100231170654297}"
195717,1,4456.2001,4456.2001,False,1.0,"{""inversion_rho"":null,""inversion_channel"":39.5,""period_ms"":25.100231170654297}"
195717,1,4479.3,4479.3,False,1.0,"{""inversion_rho"":null,""inversion_channel"":27.5,""period_ms"":25.100231170654297}"
195717,1,4512.1002,4512.1002,False,1.0,"{""inversion_rho"":null,""inversion_channel"":27.5,""period_ms"":25.100231170654297}"
195717,1,4537.9,4537.9,False,1.0,"{""inversion_rho"":null,""inversion_channel"":27.5,""period_ms"":25.100231170654297}"
195717,1,4550.3001,4550.3001,False,1.0,"{""inversion_rho"":null,""inversion_channel"":27.5,""period_ms"":25.100231170654297}"
195717,1,4580.8001,4580.8001,False,1.0,"{""inversion_rho"":null,""inversion_channel"":27.5,""period_ms"":25.100231170654297}"
195717,1,4612.8998,4612.8998,False,1.0,"{""inversion_rho"":null,""inversion_channel"":26.5,""period_ms"":25.100231170654297}"
195717,1,4635.7999,4635.7999,False,1.0,"{""inversion_rho"":null,""inversion_channel"":27.5,""period_ms"":25.100231170654297}"
195717,1,4668.4999,4668.4999,False,1.0,"{""inversion_rho"":null,""inversion_channel"":27.5,""period_ms"":25.100231170654297}"
195717,1,4678.7,4678.7,False,1.0,"{""inversion_rho"":null,""inversion_channel"":32.5,""period_ms"":null}"
195717,1,4710.8998,4710.8998,False,1.0,"{""inversion_rho"":null,""inversion_channel"":27.5,""period_ms"":null}"
195717,1,4722.6,4722.6,False,0.25,"{""inversion_rho"":null,""inversion_channel"":31.0,""period_ms"":null}"
195717,1,4732.6002,4732.6002,False,1.0,"{""inversion_rho"":null,""inversion_channel"":27.5,""period_ms"":null}"
195717,1,4757.8001,4757.8001,False,1.0,"{""inversion_rho"":null,""inversion_channel"":27.5,""period_ms"":11.749744415283203}"
195717,1,4792.5,4792.5,False,1.0,"{""inversion_rho"":null,""inversion_channel"":27.5,""period_ms"":11.749744415283203}"
195717,1,4819.3002,4819.3002,False,1.0,"{""inversion_rho"":null,""inversion_channel"":27.5,""period_ms"":11.749744415283203}"
195717,1,4832.3998,4832.3998,False,0.75,"{""inversion_rho"":null,""inversion_channel"":40.0,""period_ms"":11.749744415283203}"
195717,1,4838.9001,4838.9001,False,1.0,"{""inversion_rho"":null,""inversion_channel"":29.0,""period_ms"":11.749744415283203}"
195717,1,4849.2999,4849.2999,False,0.25,"{""inversion_rho"":null,""inversion_channel"":29.5,""period_ms"":11.749744415283203}"
195717,1,4854.7001,4854.7001,False,1.0,"{""inversion_rho"":null,""inversion_channel"":27.5,""period_ms"":11.749744415283203}"
195717,1,4879.7998,4879.7998,False,1.0,"{""inversion_rho"":null,""inversion_channel"":26.5,""period_ms"":null}"
195717,1,4910.6002,4910.6002,False,1.0,"{""inversion_rho"":null,""inversion_channel"":29.0,""period_ms"":null}"
195717,1,4922.2999,4922.2999,False,1.0,"{""inversion_rho"":null,""inversion_channel"":27.5,""period_ms"":15.299797058105469}"
195717,1,4946.1999,4946.1999,False,1.0,"{""inversion_rho"":null,""inversion_channel"":30.0,""period_ms"":15.299797058105469}"
195717,1,4956.2001,4956.2001,False,0.375,"{""inversion_rho"":null,""inversion_channel"":29.5,""period_ms"":15.299797058105469}"
195717,1,4971.4999,4971.4999,False,1.0,"{""inversion_rho"":null,""inversion_channel"":27.5,""period_ms"":15.299797058105469}"
195717,1,4988.2998,4988.2998,False,1.0,"{""inversion_rho"":null,""inversion_channel"":28.5,""period_ms"":15.299797058105469}"
195717,1,5003.3998,5003.3998,False,0.25,"{""inversion_rho"":null,""inversion_channel"":17.5,""period_ms"":15.299797058105469}"
195717,1,5017.9,5017.9,False,1.0,"{""inversion_rho"":null,""inversion_channel"":27.5,""period_ms"":15.299797058105469}"
195717,1,5038.6,5038.6,False,1.0,"{""inversion_rho"":null,""inversion_channel"":27.5,""period_ms"":15.299797058105469}"
195717,1,5064.4999,5064.4999,False,1.0,"{""inversion_rho"":null,""inversion_channel"":27.5,""period_ms"":15.299797058105469}"
195717,1,5076.7002,5076.7002,False,0.375,"{""inversion_rho"":null,""inversion_channel"":29.0,""period_ms"":15.299797058105469}"
195717,1,5113.4,5113.4,False,0.875,"{""inversion_rho"":null,""inversion_channel"":30.0,""period_ms"":16.000032424926758}"
195717,1,5129.3001,5129.3001,False,1.0,"{""inversion_rho"":null,""inversion_channel"":29.5,""period_ms"":16.000032424926758}"
195717,1,5145.4,5145.4,False,1.0,"{""inversion_rho"":null,""inversion_channel"":29.5,""period_ms"":16.000032424926758}"
195717,1,5186.2001,5186.2001,False,1.0,"{""inversion_rho"":null,""inversion_channel"":27.5,""period_ms"":24.699926376342773}"
195717,1,5208.9,5208.9,False,1.0,"{""inversion_rho"":null,""inversion_channel"":28.5,""period_ms"":24.699926376342773}"
195717,1,5240.3002,5240.3002,False,1.0,"{""inversion_rho"":null,""inversion_channel"":27.5,""period_ms"":24.699926376342773}"
195717,1,5267.0002,5267.0002,False,1.0,"{""inversion_rho"":null,""inversion_channel"":27.5,""period_ms"":24.699926376342773}"
195717,1,5284.5001,5284.5001,False,0.25,"{""inversion_rho"":null,""inversion_channel"":13.0,""period_ms"":24.699926376342773}"
195717,1,5331.6998,5331.6998,False,1.0,"{""inversion_rho"":null,""inversion_channel"":27.5,""period_ms"":15.10000228881836}"
195717,1,5356.4,5356.4,False,1.0,"{""inversion_rho"":null,""inversion_channel"":27.5,""period_ms"":15.10000228881836}"
195717,1,5369.2999,5369.2999,False,1.0,"{""inversion_rho"":null,""inversion_channel"":27.5,""period_ms"":15.10000228881836}"
195717,1,5386.6,5386.6,False,0.75,"{""inversion_rho"":null,""inversion_channel"":27.5,""period_ms"":15.10000228881836}"
195717,1,5396.8,5396.8,False,1.0,"{""inversion_rho"":null,""inversion_channel"":27.5,""period_ms"":15.10000228881836}"
195717,1,5445.0002,5445.0002,False,0.25,"{""inversion_rho"":null,""inversion_channel"":28.5,""period_ms"":145.2498435974121}"
195717,1,5595.0999,5595.0999,False,0.375,"{""inversion_rho"":null,""inversion_channel"":30.5,""period_ms"":145.2498435974121}"
195717,1,5735.4999,5735.4999,False,0.5,"{""inversion_rho"":null,""inversion_channel"":29.5,""period_ms"":145.2498435974121}"
195717,1,5742.8002,5742.8002,False,0.75,"{""inversion_rho"":null,""inversion_channel"":22.5,""period_ms"":null}"
195717,1,5754.7998,5754.7998,False,1.0,"{""inversion_rho"":null,""inversion_channel"":31.5,""period_ms"":null}"
195717,1,5879.0998,5879.0998,False,1.0,"{""inversion_rho"":null,""inversion_channel"":26.5,""period_ms"":null}"
195717,1,5907.7001,5907.7001,False,0.25,"{""inversion_rho"":null,""inversion_channel"":7.5,""period_ms"":null}"
195717,1,5913.7998,5913.7998,False,1.0,"{""inversion_rho"":null,""inversion_channel"":30.5,""period_ms"":null}"
195717,1,815.7,991.5,True,1.0,"{""inversion_rho"":null,""inversion_channel"":14.5,""period_ms"":23.40000867843628}"
195717,1,1195.0001,1566.8,True,1.0,"{""inversion_rho"":null,""inversion_channel"":27.5,""period_ms"":27.250051498413086}"
195717,1,1609.5001,2118.9001,True,1.0,"{""inversion_rho"":null,""inversion_channel"":28.5,""period_ms"":29.800057411193848}"
195717,1,2210.7999,2341.0001,True,1.0,"{""inversion_rho"":null,""inversion_channel"":26.5,""period_ms"":38.3000373840332}"
195717,1,2405.8001,2461.7,True,1.0,"{""inversion_rho"":null,""inversion_channel"":27.5,""period_ms"":27.949929237365723}"
195717,1,2472.1,2536.7999,True,1.0,"{""inversion_rho"":null,""inversion_channel"":27.5,""period_ms"":32.34994411468506}"
195717,1,2548.0001,2671.6001,True,1.0,"{""inversion_rho"":null,""inversion_channel"":30.0,""period_ms"":23.2999324798584}"
195717,1,2683.1999,2804.1,True,1.0,"{""inversion_rho"":null,""inversion_channel"":28.5,""period_ms"":19.100069999694824}"
195717,1,2809.7,3156.8,True,1.0,"{""inversion_rho"":null,""inversion_channel"":26.5,""period_ms"":22.39990234375}"
195717,1,3165.1001,3220.9001,True,1.0,"{""inversion_rho"":null,""inversion_channel"":26.5,""period_ms"":27.899980545043945}"
195717,1,3270.1001,3356.6,True,1.0,"{""inversion_rho"":null,""inversion_channel"":26.25,""period_ms"":27.399778366088867}"
195717,1,3363.4,3440.8,True,1.0,"{""inversion_rho"":null,""inversion_channel"":27.0,""period_ms"":20.49994468688965}"
195717,1,3473.9001,3591.3999,True,1.0,"{""inversion_rho"":null,""inversion_channel"":27.0,""period_ms"":29.09994125366211}"
195717,1,3602.2,3744.9,True,1.0,"{""inversion_rho"":null,""inversion_channel"":27.5,""period_ms"":21.600008010864258}"
195717,1,3798.1,3919.5001,True,1.0,"{""inversion_rho"":null,""inversion_channel"":26.5,""period_ms"":23.90003204345703}"
195717,1,3926.5001,4094.1,True,1.0,"{""inversion_rho"":null,""inversion_channel"":27.5,""period_ms"":23.90003204345703}"
195717,1,4135.0002,4232.2001,True,1.0,"{""inversion_rho"":null,""inversion_channel"":27.5,""period_ms"":25.299787521362305}"
195717,1,4242.8002,4668.4999,True,1.0,"{""inversion_rho"":null,""inversion_channel"":27.5,""period_ms"":25.100231170654297}"
195717,1,4757.8001,4854.7001,True,1.0,"{""inversion_rho"":null,""inversion_channel"":27.5,""period_ms"":11.749744415283203}"
195717,1,4922.2999,5076.7002,True,1.0,"{""inversion_rho"":null,""inversion_channel"":27.5,""period_ms"":15.299797058105469}"
195717,1,5113.4,5145.4,True,1.0,"{""inversion_rho"":null,""inversion_channel"":29.5,""period_ms"":16.000032424926758}"
195717,1,5186.2001,5284.5001,True,1.0,"{""inversion_rho"":null,""inversion_channel"":27.5,""period_ms"":24.699926376342773}"
195717,1,5331.6998,5396.8,True,1.0,"{""inversion_rho"":null,""inversion_channel"":27.5,""period_ms"":15.10000228881836}"
195717,1,5445.0002,5735.4999,True,1.0,"{""inversion_rho"":null,""inversion_channel"":29.5,""period_ms"":145.2498435974121}"
195736,1,1437.8,1437.8,False,1.0,"{""inversion_rho"":null,""inversion_channel"":21.5,""period_ms"":31.099975109100342}"
195736,1,1464.3,1464.3,False,1.0,"{""inversion_rho"":null,""inversion_channel"":22.5,""period_ms"":31.099975109100342}"
195736,1,1491.1,1491.1,False,1.0,"{""inversion_rho"":null,""inversion_channel"":20.5,""period_ms"":31.099975109100342}"
195736,1,1517.5,1517.5,False,1.0,"{""inversion_rho"":null,""inversion_channel"":21.0,""period_ms"":31.099975109100342}"
195736,1,1549.0,1549.0,False,1.0,"{""inversion_rho"":null,""inversion_channel"":21.5,""period_ms"":31.099975109100342}"
195736,1,1578.1,1578.1,False,1.0,"{""inversion_rho"":null,""inversion_channel"":21.0,""period_ms"":31.099975109100342}"
195736,1,1602.5,1602.5,False,1.0,"{""inversion_rho"":null,""inversion_channel"":20.5,""period_ms"":31.099975109100342}"
195736,1,1626.0,1626.0,False,1.0,"{""inversion_rho"":null,""inversion_channel"":20.5,""period_ms"":31.099975109100342}"
195736,1,1661.1,1661.1,False,1.0,"{""inversion_rho"":null,""inversion_channel"":20.5,""period_ms"":31.099975109100342}"
195736,1,1678.7,1678.7,False,1.0,"{""inversion_rho"":null,""inversion_channel"":20.5,""period_ms"":31.099975109100342}"
195736,1,1717.6,1717.6,False,1.0,"{""inversion_rho"":null,""inversion_channel"":20.5,""period_ms"":31.099975109100342}"
195736,1,1748.3,1748.3,False,1.0,"{""inversion_rho"":null,""inversion_channel"":19.5,""period_ms"":31.099975109100342}"
195736,1,1770.4999,1770.4999,False,1.0,"{""inversion_rho"":null,""inversion_channel"":20.0,""period_ms"":31.099975109100342}"
195736,1,1802.3,1802.3,False,1.0,"{""inversion_rho"":null,""inversion_channel"":19.5,""period_ms"":31.099975109100342}"
195736,1,1839.5,1839.5,False,1.0,"{""inversion_rho"":null,""inversion_channel"":19.5,""period_ms"":31.099975109100342}"
195736,1,1876.2,1876.2,False,1.0,"{""inversion_rho"":null,""inversion_channel"":18.5,""period_ms"":31.099975109100342}"
195736,1,1914.5,1914.5,False,1.0,"{""inversion_rho"":null,""inversion_channel"":18.5,""period_ms"":31.099975109100342}"
195736,1,1990.9,1990.9,False,1.0,"{""inversion_rho"":null,""inversion_channel"":15.5,""period_ms"":31.099975109100342}"
195736,1,2158.4001,2158.4001,False,1.0,"{""inversion_rho"":null,""inversion_channel"":20.5,""period_ms"":31.099975109100342}"
195736,1,2171.7999,2171.7999,False,0.375,"{""inversion_rho"":null,""inversion_channel"":21.0,""period_ms"":null}"
195736,1,2178.2999,2178.2999,False,0.25,"{""inversion_rho"":null,""inversion_channel"":22.5,""period_ms"":null}"
195736,1,2209.0001,2209.0001,False,1.0,"{""inversion_rho"":null,""inversion_channel"":25.5,""period_ms"":12.89987564086914}"
195736,1,2214.7999,2214.7999,False,1.0,"{""inversion_rho"":null,""inversion_channel"":24.5,""period_ms"":12.89987564086914}"
195736,1,2227.9,2227.9,False,0.25,"{""inversion_rho"":null,""inversion_channel"":25.5,""period_ms"":12.89987564086914}"
195736,1,2240.7999,2240.7999,False,0.875,"{""inversion_rho"":null,""inversion_channel"":27.5,""period_ms"":12.89987564086914}"
195736,1,2254.6999,2254.6999,False,0.875,"{""inversion_rho"":null,""inversion_channel"":26.5,""period_ms"":12.89987564086914}"
195736,1,2263.0999,2263.0999,False,0.25,"{""inversion_rho"":null,""inversion_channel"":27.5,""period_ms"":12.89987564086914}"
195736,1,2284.8001,2284.8001,False,1.0,"{""inversion_rho"":null,""inversion_channel"":30.5,""period_ms"":null}"
195736,1,2300.2999,2300.2999,False,1.0,"{""inversion_rho"":null,""inversion_channel"":27.5,""period_ms"":null}"
195736,1,2339.6001,2339.6001,False,1.0,"{""inversion_rho"":null,""inversion_channel"":30.0,""period_ms"":16.54994487762451}"
195736,1,2355.9999,2355.9999,False,0.5,"{""inversion_rho"":null,""inversion_channel"":26.5,""period_ms"":16.54994487762451}"
195736,1,2372.7,2372.7,False,0.875,"{""inversion_rho"":null,""inversion_channel"":30.5,""period_ms"":16.54994487762451}"
195736,1,2377.8,2377.8,False,0.375,"{""inversion_rho"":null,""inversion_channel"":31.5,""period_ms"":null}"
195736,1,2391.9001,2391.9001,False,1.0,"{""inversion_rho"":null,""inversion_channel"":31.5,""period_ms"":null}"
195736,1,2431.6001,2431.6001,False,1.0,"{""inversion_rho"":null,""inversion_channel"":30.5,""period_ms"":28.549909591674805}"
195736,1,2461.2,2461.2,False,1.0,"{""inversion_rho"":null,""inversion_channel"":31.5,""period_ms"":28.549909591674805}"
195736,1,2475.6999,2475.6999,False,1.0,"{""inversion_rho"":null,""inversion_channel"":29.0,""period_ms"":28.549909591674805}"
195736,1,2509.2001,2509.2001,False,1.0,"{""inversion_rho"":null,""inversion_channel"":30.5,""period_ms"":28.549909591674805}"
195736,1,2536.7,2536.7,False,1.0,"{""inversion_rho"":null,""inversion_channel"":31.0,""period_ms"":28.549909591674805}"
195736,1,2546.9,2546.9,False,1.0,"{""inversion_rho"":null,""inversion_channel"":32.5,""period_ms"":22.700071334838867}"
195736,1,2568.7001,2568.7001,False,1.0,"{""inversion_rho"":null,""inversion_channel"":32.5,""period_ms"":22.700071334838867}"
195736,1,2592.9,2592.9,False,1.0,"{""inversion_rho"":null,""inversion_channel"":31.5,""period_ms"":22.700071334838867}"
195736,1,2613.8999,2613.8999,False,1.0,"{""inversion_rho"":null,""inversion_channel"":31.5,""period_ms"":22.700071334838867}"
195736,1,2637.5,2637.5,False,0.5,"{""inversion_rho"":null,""inversion_channel"":36.0,""period_ms"":22.700071334838867}"
195736,1,2644.9001,2644.9001,False,0.625,"{""inversion_rho"":null,""inversion_channel"":27.5,""period_ms"":43.29991340637207}"
195736,1,2696.7001,2696.7001,False,1.0,"{""inversion_rho"":null,""inversion_channel"":31.5,""period_ms"":43.29991340637207}"
195736,1,2731.4999,2731.4999,False,1.0,"{""inversion_rho"":null,""inversion_channel"":34.0,""period_ms"":43.29991340637207}"
195736,1,2740.9999,2740.9999,False,0.375,"{""inversion_rho"":null,""inversion_channel"":33.0,""period_ms"":20.200133323669434}"
195736,1,2760.4001,2760.4001,False,1.0,"{""inversion_rho"":null,""inversion_channel"":33.5,""period_ms"":20.200133323669434}"
195736,1,2797.9,2797.9,False,1.0,"{""inversion_rho"":null,""inversion_channel"":33.0,""period_ms"":20.200133323669434}"
195736,1,2818.9001,2818.9001,False,0.375,"{""inversion_rho"":null,""inversion_channel"":35.5,""period_ms"":20.200133323669434}"
195736,1,2831.6,2831.6,False,1.0,"{""inversion_rho"":null,""inversion_channel"":33.5,""period_ms"":20.200133323669434}"
195736,1,2872.4,2872.4,False,1.0,"{""inversion_rho"":null,""inversion_channel"":32.0,""period_ms"":36.100149154663086}"
195736,1,2897.8,2897.8,False,0.375,"{""inversion_rho"":null,""inversion_channel"":36.5,""period_ms"":36.100149154663086}"
195736,1,2939.6999,2939.6999,False,1.0,"{""inversion_rho"":null,""inversion_channel"":40.0,""period_ms"":36.100149154663086}"
195736,1,2975.8,2975.8,False,1.0,"{""inversion_rho"":null,""inversion_channel"":32.0,""period_ms"":36.100149154663086}"
195736,1,3027.2,3027.2,False,1.0,"{""inversion_rho"":null,""inversion_channel"":33.0,""period_ms"":36.100149154663086}"
195736,1,3058.5999,3058.5999,False,0.5,"{""inversion_rho"":null,""inversion_channel"":36.5,""period_ms"":36.100149154663086}"
195736,1,3063.9999,3063.9999,False,0.25,"{""inversion_rho"":null,""inversion_channel"":38.5,""period_ms"":28.65004539489746}"
195736,1,3095.2001,3095.2001,False,1.0,"{""inversion_rho"":null,""inversion_channel"":33.0,""period_ms"":28.65004539489746}"
195736,1,3121.3,3121.3,False,0.25,"{""inversion_rho"":null,""inversion_channel"":33.5,""period_ms"":28.65004539489746}"
195736,1,3195.8001,3195.8001,False,1.0,"{""inversion_rho"":null,""inversion_channel"":33.0,""period_ms"":null}"
195736,1,3217.0999,3217.0999,False,0.25,"{""inversion_rho"":null,""inversion_channel"":36.5,""period_ms"":null}"
195736,1,3281.8,3281.8,False,0.625,"{""inversion_rho"":null,""inversion_channel"":36.5,""period_ms"":null}"
195736,1,1437.8,2158.4001,True,1.0,"{""inversion_rho"":null,""inversion_channel"":20.5,""period_ms"":31.099975109100342}"
195736,1,2209.0001,2263.0999,True,1.0,"{""inversion_rho"":null,""inversion_channel"":26.0,""period_ms"":12.89987564086914}"
195736,1,2339.6001,2372.7,True,1.0,"{""inversion_rho"":null,""inversion_channel"":30.0,""period_ms"":16.54994487762451}"
195736,1,2431.6001,2536.7,True,1.0,"{""inversion_rho"":null,""inversion_channel"":30.5,""period_ms"":28.549909591674805}"
195736,1,2546.9,2637.5,True,1.0,"{""inversion_rho"":null,""inversion_channel"":32.5,""period_ms"":22.700071334838867}"
195736,1,2644.9001,2731.4999,True,1.0,"{""inversion_rho"":null,""inversion_channel"":31.5,""period_ms"":43.29991340637207}"
195736,1,2740.9999,2831.6,True,1.0,"{""inversion_rho"":null,""inversion_channel"":33.5,""period_ms"":20.200133323669434}"
195736,1,2872.4,3058.5999,True,1.0,"{""inversion_rho"":null,""inversion_channel"":34.75,""period_ms"":36.100149154663086}"
195736,1,3063.9999,3121.3,True,1.0,"{""inversion_rho"":null,""inversion_channel"":33.5,""period_ms"":28.65004539489746}"
195786,1,31.2,31.2,False,0.25,"{""inversion_rho"":null,""inversion_channel"":8.5,""period_ms"":null}"
195786,1,63.8,63.8,False,1.0,"{""inversion_rho"":null,""inversion_channel"":27.0,""period_ms"":null}"
195786,1,665.6,665.6,False,1.0,"{""inversion_rho"":null,""inversion_channel"":34.0,""period_ms"":21.849989891052246}"
195786,1,689.2,689.2,False,1.0,"{""inversion_rho"":null,""inversion_channel"":34.5,""period_ms"":21.849989891052246}"
195786,1,714.0,714.0,False,1.0,"{""inversion_rho"":null,""inversion_channel"":34.5,""period_ms"":21.849989891052246}"
195786,1,738.4,738.4,False,1.0,"{""inversion_rho"":null,""inversion_channel"":36.5,""period_ms"":21.849989891052246}"
195786,1,761.6,761.6,False,1.0,"{""inversion_rho"":null,""inversion_channel"":17.5,""period_ms"":21.849989891052246}"
195786,1,789.6,789.6,False,1.0,"{""inversion_rho"":null,""inversion_channel"":16.5,""period_ms"":21.849989891052246}"
195786,1,812.5,812.5,False,0.625,"{""inversion_rho"":null,""inversion_channel"":15.0,""period_ms"":21.849989891052246}"
195786,1,832.1,832.1,False,1.0,"{""inversion_rho"":null,""inversion_channel"":14.5,""period_ms"":21.849989891052246}"
195786,1,866.4,866.4,False,1.0,"{""inversion_rho"":null,""inversion_channel"":16.5,""period_ms"":21.849989891052246}"
195786,1,897.8,897.8,False,1.0,"{""inversion_rho"":null,""inversion_channel"":15.5,""period_ms"":21.849989891052246}"
195786,1,918.6,918.6,False,1.0,"{""inversion_rho"":null,""inversion_channel"":18.0,""period_ms"":21.849989891052246}"
195786,1,935.0,935.0,False,1.0,"{""inversion_rho"":null,""inversion_channel"":14.0,""period_ms"":21.849989891052246}"
195786,1,947.3,947.3,False,1.0,"{""inversion_rho"":null,""inversion_channel"":14.5,""period_ms"":21.849989891052246}"
195786,1,962.4,962.4,False,1.0,"{""inversion_rho"":null,""inversion_channel"":15.5,""period_ms"":21.849989891052246}"
195786,1,980.7,980.7,False,1.0,"{""inversion_rho"":null,""inversion_channel"":16.5,""period_ms"":21.849989891052246}"
195786,1,997.0,997.0,False,1.0,"{""inversion_rho"":null,""inversion_channel"":14.5,""period_ms"":21.849989891052246}"
195786,1,1013.2,1013.2,False,1.0,"{""inversion_rho"":null,""inversion_channel"":14.5,""period_ms"":21.849989891052246}"
195786,1,1019.5,1019.5,False,1.0,"{""inversion_rho"":null,""inversion_channel"":35.5,""period_ms"":10.950028896331787}"
195786,1,1032.9,1032.9,False,1.0,"{""inversion_rho"":null,""inversion_channel"":15.5,""period_ms"":10.950028896331787}"
195786,1,1047.0999,1047.0999,False,1.0,"{""inversion_rho"":null,""inversion_channel"":14.5,""period_ms"":10.950028896331787}"
195786,1,1063.7,1063.7,False,1.0,"{""inversion_rho"":null,""inversion_channel"":16.5,""period_ms"":10.950028896331787}"
195786,1,1074.2,1074.2,False,1.0,"{""inversion_rho"":null,""inversion_channel"":11.5,""period_ms"":10.950028896331787}"
195786,1,1084.1,1084.1,False,1.0,"{""inversion_rho"":null,""inversion_channel"":14.5,""period_ms"":10.950028896331787}"
195786,1,1099.0,1099.0,False,1.0,"{""inversion_rho"":null,""inversion_channel"":16.5,""period_ms"":10.950028896331787}"
195786,1,1117.4999,1117.4999,False,1.0,"{""inversion_rho"":null,""inversion_channel"":14.5,""period_ms"":10.950028896331787}"
195786,1,1128.4,1128.4,False,1.0,"{""inversion_rho"":null,""inversion_channel"":13.5,""period_ms"":10.950028896331787}"
195786,1,1138.2999,1138.2999,False,1.0,"{""inversion_rho"":null,""inversion_channel"":17.0,""period_ms"":10.950028896331787}"
195786,1,1144.4,1144.4,False,1.0,"{""inversion_rho"":null,""inversion_channel"":12.0,""period_ms"":10.950028896331787}"
195786,1,1156.2999,1156.2999,False,1.0,"{""inversion_rho"":null,""inversion_channel"":15.5,""period_ms"":10.950028896331787}"
195786,1,1174.5,1174.5,False,1.0,"{""inversion_rho"":null,""inversion_channel"":14.5,""period_ms"":10.950028896331787}"
195786,1,1183.8,1183.8,False,1.0,"{""inversion_rho"":null,""inversion_channel"":13.0,""period_ms"":10.950028896331787}"
195786,1,1193.1,1193.1,False,1.0,"{""inversion_rho"":null,""inversion_channel"":15.5,""period_ms"":10.950028896331787}"
195786,1,1210.0,1210.0,False,1.0,"{""inversion_rho"":null,""inversion_channel"":16.5,""period_ms"":10.950028896331787}"
195786,1,1217.3001,1217.3001,False,0.5,"{""inversion_rho"":null,""inversion_channel"":34.5,""period_ms"":10.950028896331787}"
195786,1,1229.5001,1229.5001,False,1.0,"{""inversion_rho"":null,""inversion_channel"":15.5,""period_ms"":10.950028896331787}"
195786,1,1235.0,1235.0,False,0.375,"{""inversion_rho"":null,""inversion_channel"":33.5,""period_ms"":10.950028896331787}"
195786,1,1246.7999,1246.7999,False,1.0,"{""inversion_rho"":null,""inversion_channel"":15.5,""period_ms"":10.950028896331787}"
195786,1,1263.2,1263.2,False,1.0,"{""inversion_rho"":null,""inversion_channel"":15.5,""period_ms"":10.950028896331787}"
195786,1,1279.8001,1279.8001,False,1.0,"{""inversion_rho"":null,""inversion_channel"":13.5,""period_ms"":10.950028896331787}"
195786,1,1286.8,1286.8,False,1.0,"{""inversion_rho"":null,""inversion_channel"":13.5,""period_ms"":10.950028896331787}"
195786,1,1298.0,1298.0,False,1.0,"{""inversion_rho"":null,""inversion_channel"":14.5,""period_ms"":10.950028896331787}"
195786,1,1313.7,1313.7,False,1.0,"{""inversion_rho"":null,""inversion_channel"":14.0,""period_ms"":10.950028896331787}"
195786,1,1323.3,1323.3,False,1.0,"{""inversion_rho"":null,""inversion_channel"":13.5,""period_ms"":10.950028896331787}"
195786,1,1335.1001,1335.1001,False,1.0,"{""inversion_rho"":null,""inversion_channel"":14.5,""period_ms"":10.950028896331787}"
195786,1,1344.7,1344.7,False,1.0,"{""inversion_rho"":null,""inversion_channel"":13.5,""period_ms"":10.950028896331787}"
195786,1,1355.1,1355.1,False,1.0,"{""inversion_rho"":null,""inversion_channel"":13.5,""period_ms"":10.950028896331787}"
195786,1,1365.7,1365.7,False,1.0,"{""inversion_rho"":null,""inversion_channel"":14.0,""period_ms"":10.950028896331787}"
195786,1,1373.4,1373.4,False,1.0,"{""inversion_rho"":null,""inversion_channel"":14.0,""period_ms"":10.950028896331787}"
195786,1,1384.4,1384.4,False,1.0,"{""inversion_rho"":null,""inversion_channel"":14.5,""period_ms"":10.950028896331787}"
195786,1,1399.2,1399.2,False,1.0,"{""inversion_rho"":null,""inversion_channel"":14.5,""period_ms"":10.950028896331787}"
195786,1,1413.3,1413.3,False,1.0,"{""inversion_rho"":null,""inversion_channel"":14.5,""period_ms"":10.950028896331787}"
195786,1,1423.6,1423.6,False,1.0,"{""inversion_rho"":null,""inversion_channel"":14.0,""period_ms"":10.950028896331787}"
195786,1,1433.3,1433.3,False,1.0,"{""inversion_rho"":null,""inversion_channel"":14.0,""period_ms"":10.950028896331787}"
195786,1,1439.7,1439.7,False,1.0,"{""inversion_rho"":null,""inversion_channel"":13.0,""period_ms"":10.950028896331787}"
195786,1,1451.3,1451.3,False,1.0,"{""inversion_rho"":null,""inversion_channel"":14.5,""period_ms"":10.950028896331787}"
195786,1,1468.0001,1468.0001,False,1.0,"{""inversion_rho"":null,""inversion_channel"":15.5,""period_ms"":10.950028896331787}"
195786,1,1479.4,1479.4,False,1.0,"{""inversion_rho"":null,""inversion_channel"":21.5,""period_ms"":10.950028896331787}"
195786,1,1486.2,1486.2,False,0.375,"{""inversion_rho"":null,""inversion_channel"":11.0,""period_ms"":10.950028896331787}"
195786,1,1494.5,1494.5,False,1.0,"{""inversion_rho"":null,""inversion_channel"":14.0,""period_ms"":10.950028896331787}"
195786,1,1510.2,1510.2,False,1.0,"{""inversion_rho"":null,""inversion_channel"":15.0,""period_ms"":10.950028896331787}"
195786,1,1522.0,1522.0,False,0.625,"{""inversion_rho"":null,""inversion_channel"":35.5,""period_ms"":10.950028896331787}"
195786,1,1532.4,1532.4,False,1.0,"{""inversion_rho"":null,""inversion_channel"":14.0,""period_ms"":10.950028896331787}"
195786,1,1547.0001,1547.0001,False,1.0,"{""inversion_rho"":null,""inversion_channel"":14.5,""period_ms"":10.950028896331787}"
195786,1,1560.1,1560.1,False,1.0,"{""inversion_rho"":null,""inversion_channel"":14.5,""period_ms"":10.950028896331787}"
195786,1,1566.4001,1566.4001,False,0.25,"{""inversion_rho"":null,""inversion_channel"":13.5,""period_ms"":10.950028896331787}"
195786,1,1575.6,1575.6,False,1.0,"{""inversion_rho"":null,""inversion_channel"":17.5,""period_ms"":10.950028896331787}"
195786,1,1588.9,1588.9,False,1.0,"{""inversion_rho"":null,""inversion_channel"":13.5,""period_ms"":10.950028896331787}"
195786,1,1603.0,1603.0,False,1.0,"{""inversion_rho"":null,""inversion_channel"":14.0,""period_ms"":10.950028896331787}"
195786,1,1613.8999,1613.8999,False,1.0,"{""inversion_rho"":null,""inversion_channel"":15.5,""period_ms"":10.950028896331787}"
195786,1,1623.3,1623.3,False,1.0,"{""inversion_rho"":null,""inversion_channel"":15.0,""period_ms"":10.950028896331787}"
195786,1,1633.8,1633.8,False,1.0,"{""inversion_rho"":null,""inversion_channel"":14.5,""period_ms"":10.950028896331787}"
195786,1,1640.0,1640.0,False,1.0,"{""inversion_rho"":null,""inversion_channel"":39.5,""period_ms"":10.950028896331787}"
195786,1,1666.3001,1666.3001,False,1.0,"{""inversion_rho"":null,""inversion_channel"":15.5,""period_ms"":11.349976062774658}"
195786,1,1679.9999,1679.9999,False,1.0,"{""inversion_rho"":null,""inversion_channel"":14.0,""period_ms"":11.349976062774658}"
195786,1,1689.0,1689.0,False,1.0,"{""inversion_rho"":null,""inversion_channel"":15.5,""period_ms"":11.349976062774658}"
195786,1,1712.7,1712.7,False,1.0,"{""inversion_rho"":null,""inversion_channel"":15.5,""period_ms"":10.399937629699707}"
195786,1,1729.1,1729.1,False,1.0,"{""inversion_rho"":null,""inversion_channel"":15.5,""period_ms"":10.399937629699707}"
195786,1,1742.8,1742.8,False,1.0,"{""inversion_rho"":null,""inversion_channel"":14.5,""period_ms"":10.399937629699707}"
195786,1,1757.3,1757.3,False,1.0,"{""inversion_rho"":null,""inversion_channel"":14.5,""period_ms"":10.399937629699707}"
195786,1,1766.7,1766.7,False,1.0,"{""inversion_rho"":null,""inversion_channel"":13.5,""period_ms"":10.399937629699707}"
195786,1,1774.0999,1774.0999,False,1.0,"{""inversion_rho"":null,""inversion_channel"":13.0,""period_ms"":10.399937629699707}"
195786,1,1782.5,1782.5,False,1.0,"{""inversion_rho"":null,""inversion_channel"":13.5,""period_ms"":10.399937629699707}"
195786,1,1790.7,1790.7,False,1.0,"{""inversion_rho"":null,""inversion_channel"":13.5,""period_ms"":10.399937629699707}"
195786,1,1797.3,1797.3,False,1.0,"{""inversion_rho"":null,""inversion_channel"":14.0,""period_ms"":10.399937629699707}"
195786,1,1808.5001,1808.5001,False,1.0,"{""inversion_rho"":null,""inversion_channel"":16.5,""period_ms"":10.399937629699707}"
195786,1,1818.3,1818.3,False,1.0,"{""inversion_rho"":null,""inversion_channel"":14.0,""period_ms"":10.399937629699707}"
195786,1,1825.5,1825.5,False,1.0,"{""inversion_rho"":null,""inversion_channel"":13.0,""period_ms"":10.399937629699707}"
195786,1,1835.8999,1835.8999,False,1.0,"{""inversion_rho"":null,""inversion_channel"":14.5,""period_ms"":10.399937629699707}"
195786,1,1847.0,1847.0,False,1.0,"{""inversion_rho"":null,""inversion_channel"":15.0,""period_ms"":10.399937629699707}"
195786,1,1861.7001,1861.7001,False,1.0,"{""inversion_rho"":null,""inversion_channel"":15.5,""period_ms"":10.399937629699707}"
195786,1,1878.9999,1878.9999,False,1.0,"{""inversion_rho"":null,""inversion_channel"":14.5,""period_ms"":10.399937629699707}"
195786,1,1887.1,1887.1,False,1.0,"{""inversion_rho"":null,""inversion_channel"":13.5,""period_ms"":10.399937629699707}"
195786,1,1894.0001,1894.0001,False,1.0,"{""inversion_rho"":null,""inversion_channel"":13.0,""period_ms"":10.399937629699707}"
195786,1,1907.1,1907.1,False,1.0,"{""inversion_rho"":null,""inversion_channel"":15.5,""period_ms"":10.399937629699707}"
195786,1,1927.4,1927.4,False,1.0,"{""inversion_rho"":null,""inversion_channel"":14.5,""period_ms"":10.399937629699707}"
195786,1,1941.4001,1941.4001,False,1.0,"{""inversion_rho"":null,""inversion_channel"":14.0,""period_ms"":10.399937629699707}"
195786,1,1966.5,1966.5,False,1.0,"{""inversion_rho"":null,""inversion_channel"":15.5,""period_ms"":10.399937629699707}"
195786,1,1977.3999,1977.3999,False,1.0,"{""inversion_rho"":null,""inversion_channel"":14.5,""period_ms"":10.399937629699707}"
195786,1,1984.4,1984.4,False,1.0,"{""inversion_rho"":null,""inversion_channel"":12.5,""period_ms"":10.399937629699707}"
195786,1,1993.1,1993.1,False,1.0,"{""inversion_rho"":null,""inversion_channel"":30.0,""period_ms"":10.399937629699707}"
195786,1,2000.2,2000.2,False,1.0,"{""inversion_rho"":null,""inversion_channel"":15.5,""period_ms"":10.399937629699707}"
195786,1,2018.1999,2018.1999,False,1.0,"{""inversion_rho"":null,""inversion_channel"":15.5,""period_ms"":13.60011100769043}"
195786,1,2035.9001,2035.9001,False,1.0,"{""inversion_rho"":null,""inversion_channel"":15.5,""period_ms"":13.60011100769043}"
195786,1,2048.1999,2048.1999,False,1.0,"{""inversion_rho"":null,""inversion_channel"":15.0,""period_ms"":13.60011100769043}"
195786,1,2061.7001,2061.7001,False,1.0,"{""inversion_rho"":null,""inversion_channel"":15.5,""period_ms"":13.60011100769043}"
195786,1,2080.6,2080.6,False,1.0,"{""inversion_rho"":null,""inversion_channel"":16.5,""period_ms"":13.60011100769043}"
195786,1,2089.5,2089.5,False,1.0,"{""inversion_rho"":null,""inversion_channel"":13.5,""period_ms"":13.60011100769043}"
195786,1,2100.1999,2100.1999,False,1.0,"{""inversion_rho"":null,""inversion_channel"":14.5,""period_ms"":13.60011100769043}"
195786,1,2118.4001,2118.4001,False,1.0,"{""inversion_rho"":null,""inversion_channel"":17.5,""period_ms"":13.60011100769043}"
195786,1,2130.3999,2130.3999,False,0.75,"{""inversion_rho"":null,""inversion_channel"":12.5,""period_ms"":13.60011100769043}"
195786,1,2138.9,2138.9,False,0.25,"{""inversion_rho"":null,""inversion_channel"":31.5,""period_ms"":13.60011100769043}"
195786,1,2158.9999,2158.9999,False,1.0,"{""inversion_rho"":null,""inversion_channel"":15.5,""period_ms"":13.60011100769043}"
195786,1,2180.2001,2180.2001,False,1.0,"{""inversion_rho"":null,""inversion_channel"":15.5,""period_ms"":13.60011100769043}"
195786,1,2192.8,2192.8,False,1.0,"{""inversion_rho"":null,""inversion_channel"":14.5,""period_ms"":13.60011100769043}"
195786,1,2200.7999,2200.7999,False,0.25,"{""inversion_rho"":null,""inversion_channel"":43.5,""period_ms"":13.60011100769043}"
195786,1,2213.1,2213.1,False,1.0,"{""inversion_rho"":null,""inversion_channel"":14.5,""period_ms"":13.60011100769043}"
195786,1,2232.1,2232.1,False,1.0,"{""inversion_rho"":null,""inversion_channel"":16.5,""period_ms"":13.60011100769043}"
195786,1,2245.4,2245.4,False,0.75,"{""inversion_rho"":null,""inversion_channel"":35.5,""period_ms"":13.60011100769043}"
195786,1,2259.1,2259.1,False,1.0,"{""inversion_rho"":null,""inversion_channel"":16.5,""period_ms"":13.60011100769043}"
195786,1,2267.2,2267.2,False,1.0,"{""inversion_rho"":null,""inversion_channel"":35.5,""period_ms"":13.60011100769043}"
195786,1,2281.8,2281.8,False,1.0,"{""inversion_rho"":null,""inversion_channel"":15.5,""period_ms"":13.60011100769043}"
195786,1,2299.0,2299.0,False,1.0,"{""inversion_rho"":null,""inversion_channel"":15.5,""period_ms"":13.60011100769043}"
195786,1,2318.3,2318.3,False,1.0,"{""inversion_rho"":null,""inversion_channel"":17.5,""period_ms"":13.60011100769043}"
195786,1,2334.0001,2334.0001,False,1.0,"{""inversion_rho"":null,""inversion_channel"":13.5,""period_ms"":13.60011100769043}"
195786,1,2339.9999,2339.9999,False,1.0,"{""inversion_rho"":null,""inversion_channel"":15.5,""period_ms"":14.699935913085938}"
195786,1,2346.4,2346.4,False,1.0,"{""inversion_rho"":null,""inversion_channel"":15.0,""period_ms"":14.699935913085938}"
195786,1,2361.1,2361.1,False,1.0,"{""inversion_rho"":null,""inversion_channel"":15.5,""period_ms"":14.699935913085938}"
195786,1,2379.9,2379.9,False,1.0,"{""inversion_rho"":null,""inversion_channel"":15.5,""period_ms"":14.699935913085938}"
195786,1,2402.9,2402.9,False,1.0,"{""inversion_rho"":null,""inversion_channel"":15.5,""period_ms"":14.699935913085938}"
195786,1,2417.1,2417.1,False,1.0,"{""inversion_rho"":null,""inversion_channel"":13.5,""period_ms"":14.699935913085938}"
195786,1,2430.1,2430.1,False,1.0,"{""inversion_rho"":null,""inversion_channel"":14.5,""period_ms"":14.699935913085938}"
195786,1,2444.5,2444.5,False,1.0,"{""inversion_rho"":null,""inversion_channel"":14.5,""period_ms"":14.699935913085938}"
195786,1,2466.3,2466.3,False,1.0,"{""inversion_rho"":null,""inversion_channel"":17.5,""period_ms"":14.699935913085938}"
195786,1,2477.9,2477.9,False,1.0,"{""inversion_rho"":null,""inversion_channel"":16.0,""period_ms"":14.699935913085938}"
195786,1,2490.0999,2490.0999,False,1.0,"{""inversion_rho"":null,""inversion_channel"":15.5,""period_ms"":14.699935913085938}"
195786,1,2509.3,2509.3,False,0.375,"{""inversion_rho"":null,""inversion_channel"":17.5,""period_ms"":14.699935913085938}"
195786,1,2517.0,2517.0,False,1.0,"{""inversion_rho"":null,""inversion_channel"":18.5,""period_ms"":14.699935913085938}"
195786,1,2532.3999,2532.3999,False,1.0,"{""inversion_rho"":null,""inversion_channel"":15.5,""period_ms"":14.699935913085938}"
195786,1,2548.3999,2548.3999,False,1.0,"{""inversion_rho"":null,""inversion_channel"":14.5,""period_ms"":14.699935913085938}"
195786,1,2562.3,2562.3,False,1.0,"{""inversion_rho"":null,""inversion_channel"":16.5,""period_ms"":14.699935913085938}"
195786,1,2580.3001,2580.3001,False,1.0,"{""inversion_rho"":null,""inversion_channel"":15.5,""period_ms"":14.699935913085938}"
195786,1,2591.3999,2591.3999,False,1.0,"{""inversion_rho"":null,""inversion_channel"":14.0,""period_ms"":14.699935913085938}"
195786,1,2613.5001,2613.5001,False,1.0,"{""inversion_rho"":null,""inversion_channel"":16.5,""period_ms"":14.699935913085938}"
195786,1,2624.5,2624.5,False,1.0,"{""inversion_rho"":null,""inversion_channel"":34.5,""period_ms"":14.699935913085938}"
195786,1,2640.3999,2640.3999,False,1.0,"{""inversion_rho"":null,""inversion_channel"":16.5,""period_ms"":14.699935913085938}"
195786,1,2657.5999,2657.5999,False,1.0,"{""inversion_rho"":null,""inversion_channel"":15.5,""period_ms"":14.699935913085938}"
195786,1,2663.3999,2663.3999,False,1.0,"{""inversion_rho"":null,""inversion_channel"":35.0,""period_ms"":14.799952507019043}"
195786,1,2677.5,2677.5,False,1.0,"{""inversion_rho"":null,""inversion_channel"":17.0,""period_ms"":14.799952507019043}"
195786,1,2693.1,2693.1,False,1.0,"{""inversion_rho"":null,""inversion_channel"":15.5,""period_ms"":14.799952507019043}"
195786,1,2714.4001,2714.4001,False,1.0,"{""inversion_rho"":null,""inversion_channel"":16.5,""period_ms"":14.799952507019043}"
195786,1,2728.2,2728.2,False,1.0,"{""inversion_rho"":null,""inversion_channel"":15.5,""period_ms"":14.799952507019043}"
195786,1,2740.0,2740.0,False,1.0,"{""inversion_rho"":null,""inversion_channel"":15.5,""period_ms"":14.799952507019043}"
195786,1,2762.1,2762.1,False,1.0,"{""inversion_rho"":null,""inversion_channel"":16.5,""period_ms"":14.799952507019043}"
195786,1,2776.7,2776.7,False,1.0,"{""inversion_rho"":null,""inversion_channel"":13.5,""period_ms"":14.799952507019043}"
195786,1,2790.7,2790.7,False,1.0,"{""inversion_rho"":null,""inversion_channel"":16.5,""period_ms"":14.799952507019043}"
195786,1,2808.9001,2808.9001,False,1.0,"{""inversion_rho"":null,""inversion_channel"":16.5,""period_ms"":14.799952507019043}"
195786,1,2831.1,2831.1,False,1.0,"{""inversion_rho"":null,""inversion_channel"":17.0,""period_ms"":14.799952507019043}"
195786,1,2844.1,2844.1,False,1.0,"{""inversion_rho"":null,""inversion_channel"":14.0,""period_ms"":14.799952507019043}"
195786,1,2860.8999,2860.8999,False,1.0,"{""inversion_rho"":null,""inversion_channel"":14.5,""period_ms"":14.799952507019043}"
195786,1,2872.8001,2872.8001,False,0.25,"{""inversion_rho"":null,""inversion_channel"":34.5,""period_ms"":14.799952507019043}"
195786,1,2880.8,2880.8,False,1.0,"{""inversion_rho"":null,""inversion_channel"":14.0,""period_ms"":14.799952507019043}"
195786,1,2895.7,2895.7,False,1.0,"{""inversion_rho"":null,""inversion_channel"":16.5,""period_ms"":14.799952507019043}"
195786,1,2915.4999,2915.4999,False,1.0,"{""inversion_rho"":null,""inversion_channel"":17.0,""period_ms"":14.799952507019043}"
195786,1,2938.6001,2938.6001,False,1.0,"{""inversion_rho"":null,""inversion_channel"":15.5,""period_ms"":14.799952507019043}"
195786,1,2958.9,2958.9,False,1.0,"{""inversion_rho"":null,""inversion_channel"":16.5,""period_ms"":14.799952507019043}"
195786,1,2973.5999,2973.5999,False,0.375,"{""inversion_rho"":null,""inversion_channel"":32.5,""period_ms"":14.799952507019043}"
195786,1,2983.0999,2983.0999,False,1.0,"{""inversion_rho"":null,""inversion_channel"":13.0,""period_ms"":14.799952507019043}"
195786,1,3013.9999,3013.9999,False,1.0,"{""inversion_rho"":null,""inversion_channel"":16.5,""period_ms"":null}"
195786,1,3028.1,3028.1,False,0.375,"{""inversion_rho"":null,""inversion_channel"":34.5,""period_ms"":null}"
195786,1,3033.6001,3033.6001,False,1.0,"{""inversion_rho"":null,""inversion_channel"":15.5,""period_ms"":16.39997959136963}"
195786,1,3049.4001,3049.4001,False,1.0,"{""inversion_rho"":null,""inversion_channel"":14.5,""period_ms"":16.39997959136963}"
195786,1,3066.0999,3066.0999,False,1.0,"{""inversion_rho"":null,""inversion_channel"":15.5,""period_ms"":16.39997959136963}"
195786,1,3082.2999,3082.2999,False,1.0,"{""inversion_rho"":null,""inversion_channel"":14.0,""period_ms"":16.39997959136963}"
195786,1,3094.8999,3094.8999,False,1.0,"{""inversion_rho"":null,""inversion_channel"":14.5,""period_ms"":16.39997959136963}"
195786,1,3113.1999,3113.1999,False,1.0,"{""inversion_rho"":null,""inversion_channel"":16.5,""period_ms"":16.39997959136963}"
195786,1,3134.2001,3134.2001,False,1.0,"{""inversion_rho"":null,""inversion_channel"":15.5,""period_ms"":16.39997959136963}"
195786,1,3168.4,3168.4,False,0.375,"{""inversion_rho"":null,""inversion_channel"":29.5,""period_ms"":16.39997959136963}"
195786,1,3186.8999,3186.8999,False,1.0,"{""inversion_rho"":null,""inversion_channel"":16.5,""period_ms"":16.39997959136963}"
195786,1,3199.1,3199.1,False,0.25,"{""inversion_rho"":null,""inversion_channel"":34.5,""period_ms"":16.39997959136963}"
195786,1,3208.1001,3208.1001,False,1.0,"{""inversion_rho"":null,""inversion_channel"":37.5,""period_ms"":16.39997959136963}"
195786,1,3219.5001,3219.5001,False,1.0,"{""inversion_rho"":null,""inversion_channel"":16.5,""period_ms"":16.39997959136963}"
195786,1,3234.4999,3234.4999,False,1.0,"{""inversion_rho"":null,""inversion_channel"":16.5,""period_ms"":16.39997959136963}"
195786,1,3257.9,3257.9,False,1.0,"{""inversion_rho"":null,""inversion_channel"":17.5,""period_ms"":16.39997959136963}"
195786,1,3274.4999,3274.4999,False,1.0,"{""inversion_rho"":null,""inversion_channel"":33.5,""period_ms"":16.39997959136963}"
195786,1,3280.4999,3280.4999,False,0.5,"{""inversion_rho"":null,""inversion_channel"":29.5,""period_ms"":null}"
195786,1,3287.4,3287.4,False,1.0,"{""inversion_rho"":null,""inversion_channel"":17.0,""period_ms"":null}"
195786,1,3307.2,3307.2,False,0.25,"{""inversion_rho"":null,""inversion_channel"":16.5,""period_ms"":16.299962997436523}"
195786,1,3323.4999,3323.4999,False,1.0,"{""inversion_rho"":null,""inversion_channel"":36.5,""period_ms"":16.299962997436523}"
195786,1,3337.1999,3337.1999,False,1.0,"{""inversion_rho"":null,""inversion_channel"":16.0,""period_ms"":16.299962997436523}"
195786,1,3353.8001,3353.8001,False,0.625,"{""inversion_rho"":null,""inversion_channel"":16.5,""period_ms"":16.299962997436523}"
195786,1,3361.9001,3361.9001,False,1.0,"{""inversion_rho"":null,""inversion_channel"":17.0,""period_ms"":16.299962997436523}"
195786,1,3376.2,3376.2,False,1.0,"{""inversion_rho"":null,""inversion_channel"":16.0,""period_ms"":16.299962997436523}"
195786,1,3393.8999,3393.8999,False,1.0,"{""inversion_rho"":null,""inversion_channel"":16.5,""period_ms"":16.299962997436523}"
195786,1,3412.8001,3412.8001,False,1.0,"{""inversion_rho"":null,""inversion_channel"":21.0,""period_ms"":16.299962997436523}"
195786,1,3419.1999,3419.1999,False,1.0,"{""inversion_rho"":null,""inversion_channel"":16.5,""period_ms"":17.199993133544922}"
195786,1,3435.9,3435.9,False,1.0,"{""inversion_rho"":null,""inversion_channel"":14.5,""period_ms"":17.199993133544922}"
195786,1,3449.8999,3449.8999,False,1.0,"{""inversion_rho"":null,""inversion_channel"":16.5,""period_ms"":17.199993133544922}"
195786,1,3469.0001,3469.0001,False,1.0,"{""inversion_rho"":null,""inversion_channel"":17.5,""period_ms"":17.199993133544922}"
195786,1,3489.2001,3489.2001,False,1.0,"{""inversion_rho"":null,""inversion_channel"":15.5,""period_ms"":17.199993133544922}"
195786,1,3507.8001,3507.8001,False,1.0,"{""inversion_rho"":null,""inversion_channel"":17.5,""period_ms"":17.199993133544922}"
195786,1,3515.6,3515.6,False,1.0,"{""inversion_rho"":null,""inversion_channel"":36.0,""period_ms"":17.199993133544922}"
195786,1,3529.5999,3529.5999,False,1.0,"{""inversion_rho"":null,""inversion_channel"":17.5,""period_ms"":17.199993133544922}"
195786,1,3546.7999,3546.7999,False,1.0,"{""inversion_rho"":null,""inversion_channel"":16.5,""period_ms"":17.199993133544922}"
195786,1,3565.3,3565.3,False,1.0,"{""inversion_rho"":null,""inversion_channel"":15.5,""period_ms"":17.199993133544922}"
195786,1,3584.8999,3584.8999,False,1.0,"{""inversion_rho"":null,""inversion_channel"":16.5,""period_ms"":17.199993133544922}"
195786,1,3598.4001,3598.4001,False,1.0,"{""inversion_rho"":null,""inversion_channel"":14.5,""period_ms"":17.199993133544922}"
195786,1,3614.3999,3614.3999,False,1.0,"{""inversion_rho"":null,""inversion_channel"":17.5,""period_ms"":17.199993133544922}"
195786,1,3634.0001,3634.0001,False,1.0,"{""inversion_rho"":null,""inversion_channel"":16.5,""period_ms"":17.199993133544922}"
195786,1,3658.5,3658.5,False,1.0,"{""inversion_rho"":null,""inversion_channel"":16.5,""period_ms"":17.199993133544922}"
195786,1,3675.6999,3675.6999,False,0.75,"{""inversion_rho"":null,""inversion_channel"":35.0,""period_ms"":17.199993133544922}"
195786,1,3682.6999,3682.6999,False,1.0,"{""inversion_rho"":null,""inversion_channel"":16.0,""period_ms"":17.199993133544922}"
195786,1,3696.0001,3696.0001,False,1.0,"{""inversion_rho"":null,""inversion_channel"":15.5,""period_ms"":17.199993133544922}"
195786,1,3712.8,3712.8,False,1.0,"{""inversion_rho"":null,""inversion_channel"":17.5,""period_ms"":17.199993133544922}"
195786,1,3734.7,3734.7,False,1.0,"{""inversion_rho"":null,""inversion_channel"":16.5,""period_ms"":17.199993133544922}"
195786,1,3750.0,3750.0,False,1.0,"{""inversion_rho"":null,""inversion_channel"":15.5,""period_ms"":17.199993133544922}"
195786,1,3767.2999,3767.2999,False,1.0,"{""inversion_rho"":null,""inversion_channel"":16.5,""period_ms"":17.199993133544922}"
195786,1,3787.8001,3787.8001,False,1.0,"{""inversion_rho"":null,""inversion_channel"":16.5,""period_ms"":17.199993133544922}"
195786,1,3807.4999,3807.4999,False,1.0,"{""inversion_rho"":null,""inversion_channel"":16.5,""period_ms"":17.199993133544922}"
195786,1,3821.8,3821.8,False,0.375,"{""inversion_rho"":null,""inversion_channel"":21.0,""period_ms"":17.199993133544922}"
195786,1,3827.5001,3827.5001,False,1.0,"{""inversion_rho"":null,""inversion_channel"":16.5,""period_ms"":18.74995231628418}"
195786,1,3843.8001,3843.8001,False,1.0,"{""inversion_rho"":null,""inversion_channel"":16.0,""period_ms"":18.74995231628418}"
195786,1,3862.4001,3862.4001,False,1.0,"{""inversion_rho"":null,""inversion_channel"":17.5,""period_ms"":18.74995231628418}"
195786,1,3881.3,3881.3,False,1.0,"{""inversion_rho"":null,""inversion_channel"":15.5,""period_ms"":18.74995231628418}"
195786,1,3896.3001,3896.3001,False,1.0,"{""inversion_rho"":null,""inversion_channel"":16.5,""period_ms"":18.74995231628418}"
195786,1,3915.2,3915.2,False,1.0,"{""inversion_rho"":null,""inversion_channel"":15.5,""period_ms"":18.74995231628418}"
195786,1,3938.0,3938.0,False,1.0,"{""inversion_rho"":null,""inversion_channel"":16.5,""period_ms"":18.74995231628418}"
195786,1,3958.3001,3958.3001,False,1.0,"{""inversion_rho"":null,""inversion_channel"":32.5,""period_ms"":18.74995231628418}"
195786,1,3968.4999,3968.4999,False,1.0,"{""inversion_rho"":null,""inversion_channel"":17.5,""period_ms"":18.74995231628418}"
195786,1,3998.6,3998.6,False,1.0,"{""inversion_rho"":null,""inversion_channel"":16.5,""period_ms"":20.999908447265625}"
195786,1,4022.3999,4022.3999,False,1.0,"{""inversion_rho"":null,""inversion_channel"":16.5,""period_ms"":20.999908447265625}"
195786,1,4043.4999,4043.4999,False,1.0,"{""inversion_rho"":null,""inversion_channel"":14.5,""period_ms"":20.999908447265625}"
195786,1,4063.6001,4063.6001,False,1.0,"{""inversion_rho"":null,""inversion_channel"":17.0,""period_ms"":20.999908447265625}"
195786,1,4089.3002,4089.3002,False,1.0,"{""inversion_rho"":null,""inversion_channel"":16.5,""period_ms"":20.999908447265625}"
195786,1,4110.3001,4110.3001,False,1.0,"{""inversion_rho"":null,""inversion_channel"":14.5,""period_ms"":20.999908447265625}"
195786,1,4130.7998,4130.7998,False,1.0,"{""inversion_rho"":null,""inversion_channel"":16.5,""period_ms"":20.999908447265625}"
195786,1,4158.5002,4158.5002,False,1.0,"{""inversion_rho"":null,""inversion_channel"":16.5,""period_ms"":20.999908447265625}"
195786,1,4183.5999,4183.5999,False,1.0,"{""inversion_rho"":null,""inversion_channel"":15.5,""period_ms"":20.999908447265625}"
195786,1,4202.3001,4202.3001,False,1.0,"{""inversion_rho"":null,""inversion_channel"":15.5,""period_ms"":20.999908447265625}"
195786,1,4223.1998,4223.1998,False,1.0,"{""inversion_rho"":null,""inversion_channel"":14.5,""period_ms"":20.999908447265625}"
195786,1,4242.6,4242.6,False,1.0,"{""inversion_rho"":null,""inversion_channel"":32.5,""period_ms"":20.999908447265625}"
195786,1,4250.1998,4250.1998,False,1.0,"{""inversion_rho"":null,""inversion_channel"":17.0,""period_ms"":20.450115203857422}"
195786,1,4272.8,4272.8,False,1.0,"{""inversion_rho"":null,""inversion_channel"":5.5,""period_ms"":20.450115203857422}"
195786,1,4285.8,4285.8,False,1.0,"{""inversion_rho"":null,""inversion_channel"":17.5,""period_ms"":20.450115203857422}"
195786,1,4315.1002,4315.1002,False,1.0,"{""inversion_rho"":null,""inversion_channel"":16.5,""period_ms"":20.450115203857422}"
195786,1,4336.1001,4336.1001,False,1.0,"{""inversion_rho"":null,""inversion_channel"":16.5,""period_ms"":20.450115203857422}"
195786,1,4370.9998,4370.9998,False,1.0,"{""inversion_rho"":null,""inversion_channel"":17.5,""period_ms"":20.450115203857422}"
195786,1,4400.6,4400.6,False,1.0,"{""inversion_rho"":null,""inversion_channel"":16.5,""period_ms"":20.450115203857422}"
195786,1,4419.4999,4419.4999,False,1.0,"{""inversion_rho"":null,""inversion_channel"":14.0,""period_ms"":20.450115203857422}"
195786,1,4439.6,4439.6,False,1.0,"{""inversion_rho"":null,""inversion_channel"":16.5,""period_ms"":20.450115203857422}"
195786,1,4456.9001,4456.9001,False,1.0,"{""inversion_rho"":null,""inversion_channel"":34.0,""period_ms"":20.450115203857422}"
195786,1,4470.3999,4470.3999,False,1.0,"{""inversion_rho"":null,""inversion_channel"":16.5,""period_ms"":20.450115203857422}"
195786,1,4497.3998,4497.3998,False,1.0,"{""inversion_rho"":null,""inversion_channel"":14.5,""period_ms"":20.450115203857422}"
195786,1,4517.2,4517.2,False,1.0,"{""inversion_rho"":null,""inversion_channel"":16.0,""period_ms"":20.450115203857422}"
195786,1,4538.0001,4538.0001,False,1.0,"{""inversion_rho"":null,""inversion_channel"":14.5,""period_ms"":20.450115203857422}"
195786,1,4555.9001,4555.9001,False,1.0,"{""inversion_rho"":null,""inversion_channel"":36.5,""period_ms"":20.450115203857422}"
195786,1,4561.5001,4561.5001,False,1.0,"{""inversion_rho"":null,""inversion_channel"":16.5,""period_ms"":23.450136184692383}"
195786,1,4584.0001,4584.0001,False,1.0,"{""inversion_rho"":null,""inversion_channel"":14.5,""period_ms"":23.450136184692383}"
195786,1,4614.9998,4614.9998,False,1.0,"{""inversion_rho"":null,""inversion_channel"":16.5,""period_ms"":23.450136184692383}"
195786,1,4639.4,4639.4,False,1.0,"{""inversion_rho"":null,""inversion_channel"":14.5,""period_ms"":23.450136184692383}"
195786,1,4650.7001,4650.7001,False,1.0,"{""inversion_rho"":null,""inversion_channel"":14.5,""period_ms"":23.450136184692383}"
195786,1,4686.1,4686.1,False,1.0,"{""inversion_rho"":null,""inversion_channel"":17.0,""period_ms"":null}"
195786,1,665.6,1013.2,True,1.0,"{""inversion_rho"":null,""inversion_channel"":16.5,""period_ms"":21.849989891052246}"
195786,1,1019.5,1640.0,True,1.0,"{""inversion_rho"":null,""inversion_channel"":14.5,""period_ms"":10.950028896331787}"
195786,1,1666.3001,1689.0,True,1.0,"{""inversion_rho"":null,""inversion_channel"":15.5,""period_ms"":11.349976062774658}"
195786,1,1712.7,2000.2,True,1.0,"{""inversion_rho"":null,""inversion_channel"":14.5,""period_ms"":10.399937629699707}"
195786,1,2018.1999,2334.0001,True,1.0,"{""inversion_rho"":null,""inversion_channel"":15.5,""period_ms"":13.60011100769043}"
195786,1,2339.9999,2657.5999,True,1.0,"{""inversion_rho"":null,""inversion_channel"":15.5,""period_ms"":14.699935913085938}"
195786,1,2663.3999,2983.0999,True,1.0,"{""inversion_rho"":null,""inversion_channel"":16.5,""period_ms"":14.799952507019043}"
195786,1,3033.6001,3274.4999,True,1.0,"{""inversion_rho"":null,""inversion_channel"":16.5,""period_ms"":16.39997959136963}"
195786,1,3307.2,3412.8001,True,1.0,"{""inversion_rho"":null,""inversion_channel"":16.5,""period_ms"":16.299962997436523}"
195786,1,3419.1999,3821.8,True,1.0,"{""inversion_rho"":null,""inversion_channel"":16.5,""period_ms"":17.199993133544922}"
195786,1,3827.5001,3968.4999,True,1.0,"{""inversion_rho"":null,""inversion_channel"":16.5,""period_ms"":18.74995231628418}"
195786,1,3998.6,4242.6,True,1.0,"{""inversion_rho"":null,""inversion_channel"":16.5,""period_ms"":20.999908447265625}"
195786,1,4250.1998,4555.9001,True,1.0,"{""inversion_rho"":null,""inversion_channel"":16.5,""period_ms"":20.450115203857422}"
195786,1,4561.5001,4650.7001,True,1.0,"{""inversion_rho"":null,""inversion_channel"":14.5,""period_ms"":23.450136184692383}"
195836,1,84.6,84.6,False,0.375,"{""inversion_rho"":null,""inversion_channel"":4.5,""period_ms"":null}"
195836,1,117.8,117.8,False,0.875,"{""inversion_rho"":null,""inversion_channel"":10.0,""period_ms"":null}"
195836,1,5043.3998,5043.3998,False,0.375,"{""inversion_rho"":null,""inversion_channel"":6.5,""period_ms"":9.099960327148438}"
195836,1,5061.1,5061.1,False,0.5,"{""inversion_rho"":null,""inversion_channel"":29.0,""period_ms"":9.099960327148438}"
195836,1,5073.2999,5073.2999,False,1.0,"{""inversion_rho"":null,""inversion_channel"":25.5,""period_ms"":9.099960327148438}"
195836,1,5082.3998,5082.3998,False,0.875,"{""inversion_rho"":null,""inversion_channel"":27.5,""period_ms"":9.099960327148438}"
195836,1,5089.7999,5089.7999,False,0.5,"{""inversion_rho"":null,""inversion_channel"":26.5,""period_ms"":9.099960327148438}"
195836,1,5096.6001,5096.6001,False,0.75,"{""inversion_rho"":null,""inversion_channel"":27.5,""period_ms"":9.099960327148438}"
195836,1,5122.7002,5122.7002,False,0.75,"{""inversion_rho"":null,""inversion_channel"":29.5,""period_ms"":10.09988784790039}"
195836,1,5129.9,5129.9,False,0.625,"{""inversion_rho"":null,""inversion_channel"":31.0,""period_ms"":10.09988784790039}"
195836,1,5146.2002,5146.2002,False,0.25,"{""inversion_rho"":null,""inversion_channel"":40.0,""period_ms"":10.09988784790039}"
195836,1,5159.6999,5159.6999,False,1.0,"{""inversion_rho"":null,""inversion_channel"":28.0,""period_ms"":10.09988784790039}"
195836,1,5173.2001,5173.2001,False,0.75,"{""inversion_rho"":null,""inversion_channel"":41.5,""period_ms"":10.09988784790039}"
195836,1,5181.2,5181.2,False,0.5,"{""inversion_rho"":null,""inversion_channel"":29.0,""period_ms"":10.09988784790039}"
195836,1,5191.2999,5191.2999,False,1.0,"{""inversion_rho"":null,""inversion_channel"":11.5,""period_ms"":10.09988784790039}"
195836,1,5197.5999,5197.5999,False,0.25,"{""inversion_rho"":null,""inversion_channel"":29.0,""period_ms"":10.09988784790039}"
195836,1,5206.8,5206.8,False,1.0,"{""inversion_rho"":null,""inversion_channel"":13.5,""period_ms"":10.09988784790039}"
195836,1,5225.1,5225.1,False,0.25,"{""inversion_rho"":null,""inversion_channel"":13.5,""period_ms"":10.09988784790039}"
195836,1,5043.3998,5096.6001,True,1.0,"{""inversion_rho"":null,""inversion_channel"":27.0,""period_ms"":9.099960327148438}"
195836,1,5122.7002,5225.1,True,1.0,"{""inversion_rho"":null,""inversion_channel"":29.0,""period_ms"":10.09988784790039}"
195896,1,89.1,89.1,False,0.75,"{""inversion_rho"":null,""inversion_channel"":28.5,""period_ms"":null}"
195896,1,1081.1,1081.1,False,1.0,"{""inversion_rho"":null,""inversion_channel"":21.5,""period_ms"":25.649964809417725}"
195896,1,1123.9001,1123.9001,False,1.0,"{""inversion_rho"":null,""inversion_channel"":22.0,""period_ms"":25.649964809417725}"
195896,1,1147.4,1147.4,False,1.0,"{""inversion_rho"":null,""inversion_channel"":21.5,""period_ms"":25.649964809417725}"
195896,1,1172.4,1172.4,False,1.0,"{""inversion_rho"":null,""inversion_channel"":24.0,""period_ms"":25.649964809417725}"
195896,1,1193.4,1193.4,False,1.0,"{""inversion_rho"":null,""inversion_channel"":24.5,""period_ms"":25.649964809417725}"
195896,1,1217.0,1217.0,False,1.0,"{""inversion_rho"":null,""inversion_channel"":25.0,""period_ms"":25.649964809417725}"
195896,1,1244.6001,1244.6001,False,1.0,"{""inversion_rho"":null,""inversion_channel"":25.5,""period_ms"":25.649964809417725}"
195896,1,1270.1,1270.1,False,1.0,"{""inversion_rho"":null,""inversion_channel"":27.5,""period_ms"":25.649964809417725}"
195896,1,1292.2,1292.2,False,1.0,"{""inversion_rho"":null,""inversion_channel"":27.5,""period_ms"":25.649964809417725}"
195896,1,1318.0,1318.0,False,1.0,"{""inversion_rho"":null,""inversion_channel"":27.5,""period_ms"":25.649964809417725}"
195896,1,1347.6,1347.6,False,1.0,"{""inversion_rho"":null,""inversion_channel"":27.5,""period_ms"":25.649964809417725}"
195896,1,1414.8999,1414.8999,False,1.0,"{""inversion_rho"":null,""inversion_channel"":27.5,""period_ms"":25.649964809417725}"
195896,1,1571.4999,1571.4999,False,0.25,"{""inversion_rho"":null,""inversion_channel"":4.5,""period_ms"":25.649964809417725}"
195896,1,1679.5,1679.5,False,1.0,"{""inversion_rho"":null,""inversion_channel"":11.5,""period_ms"":25.649964809417725}"
195896,1,1729.1,1729.1,False,1.0,"{""inversion_rho"":null,""inversion_channel"":12.5,""period_ms"":25.649964809417725}"
195896,1,1754.5,1754.5,False,1.0,"{""inversion_rho"":null,""inversion_channel"":17.0,""period_ms"":25.649964809417725}"
195896,1,1767.6001,1767.6001,False,0.25,"{""inversion_rho"":null,""inversion_channel"":12.5,""period_ms"":25.649964809417725}"
195896,1,1790.5999,1790.5999,False,1.0,"{""inversion_rho"":null,""inversion_channel"":16.5,""period_ms"":25.649964809417725}"
195896,1,1820.7,1820.7,False,0.375,"{""inversion_rho"":null,""inversion_channel"":17.0,""period_ms"":25.649964809417725}"
195896,1,1828.1,1828.1,False,1.0,"{""inversion_rho"":null,""inversion_channel"":16.5,""period_ms"":9.299993515014648}"
195896,1,1838.4,1838.4,False,0.625,"{""inversion_rho"":null,""inversion_channel"":18.0,""period_ms"":9.299993515014648}"
195896,1,1846.7,1846.7,False,1.0,"{""inversion_rho"":null,""inversion_channel"":19.0,""period_ms"":9.299993515014648}"
195896,1,1880.3999,1880.3999,False,1.0,"{""inversion_rho"":null,""inversion_channel"":18.5,""period_ms"":17.65000820159912}"
195896,1,1891.3,1891.3,False,0.25,"{""inversion_rho"":null,""inversion_channel"":20.0,""period_ms"":17.65000820159912}"
195896,1,1915.7,1915.7,False,1.0,"{""inversion_rho"":null,""inversion_channel"":34.0,""period_ms"":17.65000820159912}"
195896,1,1922.2,1922.2,False,1.0,"{""inversion_rho"":null,""inversion_channel"":20.5,""period_ms"":null}"
195896,1,1935.2,1935.2,False,0.875,"{""inversion_rho"":null,""inversion_channel"":18.5,""period_ms"":null}"
195896,1,1976.6999,1976.6999,False,1.0,"{""inversion_rho"":null,""inversion_channel"":20.5,""period_ms"":29.050052165985107}"
195896,1,2000.5,2000.5,False,1.0,"{""inversion_rho"":null,""inversion_channel"":19.5,""period_ms"":29.050052165985107}"
195896,1,2034.8001,2034.8001,False,1.0,"{""inversion_rho"":null,""inversion_channel"":15.0,""period_ms"":29.050052165985107}"
195896,1,2039.9001,2039.9001,False,1.0,"{""inversion_rho"":null,""inversion_channel"":30.5,""period_ms"":20.599842071533203}"
195896,1,2060.4999,2060.4999,False,1.0,"{""inversion_rho"":null,""inversion_channel"":21.5,""period_ms"":20.599842071533203}"
195896,1,2094.8,2094.8,False,1.0,"{""inversion_rho"":null,""inversion_channel"":18.5,""period_ms"":20.599842071533203}"
195896,1,2109.4999,2109.4999,False,0.25,"{""inversion_rho"":null,""inversion_channel"":19.0,""period_ms"":20.599842071533203}"
195896,1,2115.2,2115.2,False,1.0,"{""inversion_rho"":null,""inversion_channel"":20.5,""period_ms"":8.349895477294922}"
195896,1,2122.9,2122.9,False,1.0,"{""inversion_rho"":null,""inversion_channel"":20.5,""period_ms"":8.349895477294922}"
195896,1,2132.2,2132.2,False,0.75,"{""inversion_rho"":null,""inversion_channel"":19.5,""period_ms"":8.349895477294922}"
195896,1,2137.5,2137.5,False,0.375,"{""inversion_rho"":null,""inversion_channel"":19.5,""period_ms"":8.349895477294922}"
195896,1,2145.0,2145.0,False,1.0,"{""inversion_rho"":null,""inversion_channel"":20.5,""period_ms"":8.349895477294922}"
195896,1,2157.9001,2157.9001,False,0.375,"{""inversion_rho"":null,""inversion_channel"":14.0,""period_ms"":8.349895477294922}"
195896,1,2166.8999,2166.8999,False,0.875,"{""inversion_rho"":null,""inversion_channel"":34.5,""period_ms"":8.349895477294922}"
195896,1,2211.2999,2211.2999,False,0.25,"{""inversion_rho"":null,""inversion_channel"":40.0,""period_ms"":null}"
195896,1,2397.0001,2397.0001,False,1.0,"{""inversion_rho"":null,""inversion_channel"":29.5,""period_ms"":null}"
195896,1,2421.6001,2421.6001,False,1.0,"{""inversion_rho"":null,""inversion_channel"":31.5,""period_ms"":null}"
195896,1,2465.6,2465.6,False,0.25,"{""inversion_rho"":null,""inversion_channel"":31.5,""period_ms"":null}"
195896,1,2471.6001,2471.6001,False,0.375,"{""inversion_rho"":null,""inversion_channel"":31.5,""period_ms"":27.60004997253418}"
195896,1,2507.6001,2507.6001,False,1.0,"{""inversion_rho"":null,""inversion_channel"":31.5,""period_ms"":27.60004997253418}"
195896,1,2555.3999,2555.3999,False,1.0,"{""inversion_rho"":null,""inversion_channel"":27.0,""period_ms"":27.60004997253418}"
195896,1,2589.0,2589.0,False,1.0,"{""inversion_rho"":null,""inversion_channel"":26.0,""period_ms"":27.60004997253418}"
195896,1,2613.6,2613.6,False,0.875,"{""inversion_rho"":null,""inversion_channel"":2.5,""period_ms"":27.60004997253418}"
195896,1,2641.2001,2641.2001,False,0.375,"{""inversion_rho"":null,""inversion_channel"":33.0,""period_ms"":27.60004997253418}"
195896,1,2656.6,2656.6,False,0.25,"{""inversion_rho"":null,""inversion_channel"":35.5,""period_ms"":27.60004997253418}"
195896,1,2663.1,2663.1,False,1.0,"{""inversion_rho"":null,""inversion_channel"":12.5,""period_ms"":27.60004997253418}"
195896,1,1081.1,1820.7,True,1.0,"{""inversion_rho"":null,""inversion_channel"":22.0,""period_ms"":25.649964809417725}"
195896,1,1828.1,1846.7,True,1.0,"{""inversion_rho"":null,""inversion_channel"":18.0,""period_ms"":9.299993515014648}"
195896,1,1880.3999,1915.7,True,1.0,"{""inversion_rho"":null,""inversion_channel"":20.0,""period_ms"":17.65000820159912}"
195896,1,1976.6999,2034.8001,True,1.0,"{""inversion_rho"":null,""inversion_channel"":19.5,""period_ms"":29.050052165985107}"
195896,1,2039.9001,2109.4999,True,1.0,"{""inversion_rho"":null,""inversion_channel"":20.25,""period_ms"":20.599842071533203}"
195896,1,2115.2,2166.8999,True,1.0,"{""inversion_rho"":null,""inversion_channel"":20.5,""period_ms"":8.349895477294922}"
195896,1,2471.6001,2663.1,True,1.0,"{""inversion_rho"":null,""inversion_channel"":29.25,""period_ms"":27.60004997253418}"
195910,1,85.9,85.9,False,0.25,"{""inversion_rho"":null,""inversion_channel"":40.5,""period_ms"":null}"
195910,1,1084.3,1084.3,False,1.0,"{""inversion_rho"":null,""inversion_channel"":21.0,""period_ms"":22.899985313415527}"
195910,1,1103.8001,1103.8001,False,1.0,"{""inversion_rho"":null,""inversion_channel"":22.5,""period_ms"":22.899985313415527}"
195910,1,1126.7,1126.7,False,1.0,"{""inversion_rho"":null,""inversion_channel"":22.5,""period_ms"":22.899985313415527}"
195910,1,1148.5,1148.5,False,0.625,"{""inversion_rho"":null,""inversion_channel"":23.0,""period_ms"":22.899985313415527}"
195910,1,1170.5,1170.5,False,1.0,"{""inversion_rho"":null,""inversion_channel"":23.5,""period_ms"":22.899985313415527}"
195910,1,1192.5,1192.5,False,1.0,"{""inversion_rho"":null,""inversion_channel"":24.0,""period_ms"":22.899985313415527}"
195910,1,1214.7,1214.7,False,1.0,"{""inversion_rho"":null,""inversion_channel"":24.0,""period_ms"":22.899985313415527}"
195910,1,1243.5,1243.5,False,1.0,"{""inversion_rho"":null,""inversion_channel"":24.5,""period_ms"":22.899985313415527}"
195910,1,1275.2,1275.2,False,1.0,"{""inversion_rho"":null,""inversion_channel"":26.5,""period_ms"":22.899985313415527}"
195910,1,1302.2,1302.2,False,1.0,"{""inversion_rho"":null,""inversion_channel"":27.5,""period_ms"":22.899985313415527}"
195910,1,1347.7,1347.7,False,1.0,"{""inversion_rho"":null,""inversion_channel"":27.5,""period_ms"":22.899985313415527}"
195910,1,1415.0,1415.0,False,1.0,"{""inversion_rho"":null,""inversion_channel"":27.5,""period_ms"":22.899985313415527}"
195910,1,1615.5,1615.5,False,1.0,"{""inversion_rho"":null,""inversion_channel"":8.5,""period_ms"":31.00001811981201}"
195910,1,1646.5,1646.5,False,1.0,"{""inversion_rho"":null,""inversion_channel"":9.5,""period_ms"":31.00001811981201}"
195910,1,1698.7,1698.7,False,1.0,"{""inversion_rho"":null,""inversion_channel"":10.5,""period_ms"":31.00001811981201}"
195910,1,1728.5,1728.5,False,1.0,"{""inversion_rho"":null,""inversion_channel"":11.5,""period_ms"":31.00001811981201}"
195910,1,1754.1,1754.1,False,1.0,"{""inversion_rho"":null,""inversion_channel"":14.5,""period_ms"":31.00001811981201}"
195910,1,1791.5,1791.5,False,0.25,"{""inversion_rho"":null,""inversion_channel"":13.5,""period_ms"":31.00001811981201}"
195910,1,1797.3,1797.3,False,1.0,"{""inversion_rho"":null,""inversion_channel"":14.0,""period_ms"":19.59991455078125}"
195910,1,1830.1001,1830.1001,False,1.0,"{""inversion_rho"":null,""inversion_channel"":15.0,""period_ms"":19.59991455078125}"
195910,1,1849.7,1849.7,False,0.625,"{""inversion_rho"":null,""inversion_channel"":13.5,""period_ms"":19.59991455078125}"
195910,1,1868.4,1868.4,False,1.0,"{""inversion_rho"":null,""inversion_channel"":15.5,""period_ms"":19.59991455078125}"
195910,1,1888.0,1888.0,False,1.0,"{""inversion_rho"":null,""inversion_channel"":34.0,""period_ms"":19.59991455078125}"
195910,1,1897.9,1897.9,False,1.0,"{""inversion_rho"":null,""inversion_channel"":18.5,""period_ms"":19.59991455078125}"
195910,1,1922.7,1922.7,False,0.25,"{""inversion_rho"":null,""inversion_channel"":17.0,""period_ms"":16.59989356994629}"
195910,1,1939.2999,1939.2999,False,1.0,"{""inversion_rho"":null,""inversion_channel"":19.0,""period_ms"":16.59989356994629}"
195910,1,1952.6,1952.6,False,1.0,"{""inversion_rho"":null,""inversion_channel"":18.5,""period_ms"":16.59989356994629}"
195910,1,1973.9,1973.9,False,1.0,"{""inversion_rho"":null,""inversion_channel"":19.5,""period_ms"":16.59989356994629}"
195910,1,1989.4,1989.4,False,1.0,"{""inversion_rho"":null,""inversion_channel"":20.0,""period_ms"":16.59989356994629}"
195910,1,2016.5999,2016.5999,False,1.0,"{""inversion_rho"":null,""inversion_channel"":34.5,""period_ms"":16.59989356994629}"
195910,1,2022.0001,2022.0001,False,1.0,"{""inversion_rho"":null,""inversion_channel"":22.5,""period_ms"":24.09982681274414}"
195910,1,2046.0999,2046.0999,False,0.375,"{""inversion_rho"":null,""inversion_channel"":21.5,""period_ms"":24.09982681274414}"
195910,1,2077.5001,2077.5001,False,1.0,"{""inversion_rho"":null,""inversion_channel"":22.0,""period_ms"":24.09982681274414}"
195910,1,2095.7999,2095.7999,False,0.25,"{""inversion_rho"":null,""inversion_channel"":21.5,""period_ms"":24.09982681274414}"
195910,1,2101.9001,2101.9001,False,0.5,"{""inversion_rho"":null,""inversion_channel"":21.5,""period_ms"":7.499933242797852}"
195910,1,2109.4999,2109.4999,False,1.0,"{""inversion_rho"":null,""inversion_channel"":21.0,""period_ms"":7.499933242797852}"
195910,1,2116.9,2116.9,False,1.0,"{""inversion_rho"":null,""inversion_channel"":23.5,""period_ms"":7.499933242797852}"
195910,1,2136.4,2136.4,False,1.0,"{""inversion_rho"":null,""inversion_channel"":34.5,""period_ms"":null}"
195910,1,2141.7999,2141.7999,False,0.25,"{""inversion_rho"":null,""inversion_channel"":13.5,""period_ms"":null}"
195910,1,2171.2999,2171.2999,False,1.0,"{""inversion_rho"":null,""inversion_channel"":24.0,""period_ms"":null}"
195910,1,2198.2,2198.2,False,0.375,"{""inversion_rho"":null,""inversion_channel"":24.5,""period_ms"":null}"
195910,1,2203.8,2203.8,False,1.0,"{""inversion_rho"":null,""inversion_channel"":24.5,""period_ms"":9.250044822692871}"
195910,1,2212.6,2212.6,False,0.5,"{""inversion_rho"":null,""inversion_channel"":23.0,""period_ms"":9.250044822692871}"
195910,1,2222.3001,2222.3001,False,1.0,"{""inversion_rho"":null,""inversion_channel"":24.5,""period_ms"":9.250044822692871}"
195910,1,2246.9001,2246.9001,False,1.0,"{""inversion_rho"":null,""inversion_channel"":24.5,""period_ms"":12.000083923339844}"
195910,1,2262.0001,2262.0001,False,1.0,"{""inversion_rho"":null,""inversion_channel"":22.0,""period_ms"":12.000083923339844}"
195910,1,2272.8,2272.8,False,1.0,"{""inversion_rho"":null,""inversion_channel"":26.0,""period_ms"":12.000083923339844}"
195910,1,2298.6,2298.6,False,1.0,"{""inversion_rho"":null,""inversion_channel"":38.5,""period_ms"":12.000083923339844}"
195910,1,2317.3001,2317.3001,False,1.0,"{""inversion_rho"":null,""inversion_channel"":24.5,""period_ms"":12.000083923339844}"
195910,1,2327.6999,2327.6999,False,1.0,"{""inversion_rho"":null,""inversion_channel"":24.5,""period_ms"":12.000083923339844}"
195910,1,2350.8999,2350.8999,False,1.0,"{""inversion_rho"":null,""inversion_channel"":25.5,""period_ms"":12.000083923339844}"
195910,1,2362.9,2362.9,False,0.5,"{""inversion_rho"":null,""inversion_channel"":23.5,""period_ms"":12.000083923339844}"
195910,1,2370.3001,2370.3001,False,1.0,"{""inversion_rho"":null,""inversion_channel"":39.5,""period_ms"":12.000083923339844}"
195910,1,2379.3001,2379.3001,False,1.0,"{""inversion_rho"":null,""inversion_channel"":25.5,""period_ms"":12.000083923339844}"
195910,1,2388.6001,2388.6001,False,0.875,"{""inversion_rho"":null,""inversion_channel"":22.5,""period_ms"":12.000083923339844}"
195910,1,2397.2001,2397.2001,False,1.0,"{""inversion_rho"":null,""inversion_channel"":34.5,""period_ms"":12.000083923339844}"
195910,1,2411.2999,2411.2999,False,1.0,"{""inversion_rho"":null,""inversion_channel"":27.5,""period_ms"":12.000083923339844}"
195910,1,2441.0999,2441.0999,False,1.0,"{""inversion_rho"":null,""inversion_channel"":25.5,""period_ms"":12.000083923339844}"
195910,1,2449.1999,2449.1999,False,1.0,"{""inversion_rho"":null,""inversion_channel"":26.5,""period_ms"":null}"
195910,1,2471.9999,2471.9999,False,0.375,"{""inversion_rho"":null,""inversion_channel"":28.5,""period_ms"":null}"
195910,1,2480.0999,2480.0999,False,1.0,"{""inversion_rho"":null,""inversion_channel"":27.5,""period_ms"":11.050105094909668}"
195910,1,2489.5,2489.5,False,0.875,"{""inversion_rho"":null,""inversion_channel"":27.5,""period_ms"":11.050105094909668}"
195910,1,2507.2,2507.2,False,1.0,"{""inversion_rho"":null,""inversion_channel"":17.0,""period_ms"":11.050105094909668}"
195910,1,2519.9001,2519.9001,False,1.0,"{""inversion_rho"":null,""inversion_channel"":27.5,""period_ms"":11.050105094909668}"
195910,1,2528.1999,2528.1999,False,1.0,"{""inversion_rho"":null,""inversion_channel"":27.5,""period_ms"":11.050105094909668}"
195910,1,2558.5999,2558.5999,False,1.0,"{""inversion_rho"":null,""inversion_channel"":27.5,""period_ms"":12.50004768371582}"
195910,1,2573.7,2573.7,False,1.0,"{""inversion_rho"":null,""inversion_channel"":28.5,""period_ms"":12.50004768371582}"
195910,1,2583.6,2583.6,False,1.0,"{""inversion_rho"":null,""inversion_channel"":29.0,""period_ms"":12.50004768371582}"
195910,1,2620.1,2620.1,False,1.0,"{""inversion_rho"":null,""inversion_channel"":29.5,""period_ms"":13.99993896484375}"
195910,1,2644.1,2644.1,False,1.0,"{""inversion_rho"":null,""inversion_channel"":34.5,""period_ms"":13.99993896484375}"
195910,1,2668.6001,2668.6001,False,1.0,"{""inversion_rho"":null,""inversion_channel"":37.0,""period_ms"":13.99993896484375}"
195910,1,2709.6,2709.6,False,1.0,"{""inversion_rho"":null,""inversion_channel"":29.0,""period_ms"":13.99993896484375}"
195910,1,2729.5001,2729.5001,False,1.0,"{""inversion_rho"":null,""inversion_channel"":28.0,""period_ms"":13.99993896484375}"
195910,1,2741.4,2741.4,False,0.625,"{""inversion_rho"":null,""inversion_channel"":13.5,""period_ms"":13.99993896484375}"
195910,1,2748.8999,2748.8999,False,0.375,"{""inversion_rho"":null,""inversion_channel"":12.5,""period_ms"":13.99993896484375}"
195910,1,2760.4001,2760.4001,False,1.0,"{""inversion_rho"":null,""inversion_channel"":39.5,""period_ms"":13.99993896484375}"
195910,1,2769.0001,2769.0001,False,1.0,"{""inversion_rho"":null,""inversion_channel"":13.5,""period_ms"":13.99993896484375}"
195910,1,2779.3,2779.3,False,0.625,"{""inversion_rho"":null,""inversion_channel"":28.5,""period_ms"":13.99993896484375}"
195910,1,2792.3,2792.3,False,1.0,"{""inversion_rho"":null,""inversion_channel"":39.5,""period_ms"":13.99993896484375}"
195910,1,2806.2999,2806.2999,False,1.0,"{""inversion_rho"":null,""inversion_channel"":21.5,""period_ms"":13.99993896484375}"
195910,1,2830.8001,2830.8001,False,1.0,"{""inversion_rho"":null,""inversion_channel"":37.0,""period_ms"":13.99993896484375}"
195910,1,2856.8001,2856.8001,False,1.0,"{""inversion_rho"":null,""inversion_channel"":36.5,""period_ms"":13.99993896484375}"
195910,1,2862.0999,2862.0999,False,0.75,"{""inversion_rho"":null,""inversion_channel"":36.5,""period_ms"":9.200096130371094}"
195910,1,2871.3,2871.3,False,1.0,"{""inversion_rho"":null,""inversion_channel"":39.5,""period_ms"":9.200096130371094}"
195910,1,2892.2999,2892.2999,False,1.0,"{""inversion_rho"":null,""inversion_channel"":34.5,""period_ms"":9.200096130371094}"
195910,1,2901.7999,2901.7999,False,1.0,"{""inversion_rho"":null,""inversion_channel"":38.5,""period_ms"":9.200096130371094}"
195910,1,2910.5999,2910.5999,False,1.0,"{""inversion_rho"":null,""inversion_channel"":39.5,""period_ms"":9.200096130371094}"
195910,1,2919.3001,2919.3001,False,1.0,"{""inversion_rho"":null,""inversion_channel"":39.5,""period_ms"":9.200096130371094}"
195910,1,2960.0,2960.0,False,1.0,"{""inversion_rho"":null,""inversion_channel"":39.5,""period_ms"":13.550162315368652}"
195910,1,2974.7,2974.7,False,1.0,"{""inversion_rho"":null,""inversion_channel"":28.0,""period_ms"":13.550162315368652}"
195910,1,2991.6999,2991.6999,False,1.0,"{""inversion_rho"":null,""inversion_channel"":34.0,""period_ms"":13.550162315368652}"
195910,1,3004.3001,3004.3001,False,1.0,"{""inversion_rho"":null,""inversion_channel"":27.5,""period_ms"":13.550162315368652}"
195910,1,3030.8001,3030.8001,False,1.0,"{""inversion_rho"":null,""inversion_channel"":37.5,""period_ms"":13.550162315368652}"
195910,1,3042.3999,3042.3999,False,1.0,"{""inversion_rho"":null,""inversion_channel"":37.5,""period_ms"":13.550162315368652}"
195910,1,3051.0001,3051.0001,False,0.375,"{""inversion_rho"":null,""inversion_channel"":12.5,""period_ms"":13.550162315368652}"
195910,1,3063.1001,3063.1001,False,1.0,"{""inversion_rho"":null,""inversion_channel"":11.5,""period_ms"":13.550162315368652}"
195910,1,3070.3001,3070.3001,False,1.0,"{""inversion_rho"":null,""inversion_channel"":39.5,""period_ms"":13.550162315368652}"
195910,1,3079.2999,3079.2999,False,1.0,"{""inversion_rho"":null,""inversion_channel"":39.5,""period_ms"":13.550162315368652}"
195910,1,3098.2001,3098.2001,False,1.0,"{""inversion_rho"":null,""inversion_channel"":34.5,""period_ms"":13.550162315368652}"
195910,1,3118.7999,3118.7999,False,0.25,"{""inversion_rho"":null,""inversion_channel"":25.5,""period_ms"":13.550162315368652}"
195910,1,3135.2999,3135.2999,False,1.0,"{""inversion_rho"":null,""inversion_channel"":24.5,""period_ms"":13.550162315368652}"
195910,1,3148.6001,3148.6001,False,1.0,"{""inversion_rho"":null,""inversion_channel"":39.5,""period_ms"":13.550162315368652}"
195910,1,3171.0,3171.0,False,1.0,"{""inversion_rho"":null,""inversion_channel"":37.5,""period_ms"":13.550162315368652}"
195910,1,3191.9999,3191.9999,False,1.0,"{""inversion_rho"":null,""inversion_channel"":39.5,""period_ms"":13.550162315368652}"
195910,1,3200.5,3200.5,False,1.0,"{""inversion_rho"":null,""inversion_channel"":28.5,""period_ms"":13.550162315368652}"
195910,1,3211.9,3211.9,False,1.0,"{""inversion_rho"":null,""inversion_channel"":27.5,""period_ms"":13.550162315368652}"
195910,1,3221.9999,3221.9999,False,1.0,"{""inversion_rho"":null,""inversion_channel"":39.5,""period_ms"":13.550162315368652}"
195910,1,3231.6,3231.6,False,1.0,"{""inversion_rho"":null,""inversion_channel"":37.5,""period_ms"":13.550162315368652}"
195910,1,3251.4999,3251.4999,False,1.0,"{""inversion_rho"":null,""inversion_channel"":39.5,""period_ms"":13.550162315368652}"
195910,1,3271.6999,3271.6999,False,1.0,"{""inversion_rho"":null,""inversion_channel"":13.5,""period_ms"":13.550162315368652}"
195910,1,3293.7,3293.7,False,1.0,"{""inversion_rho"":null,""inversion_channel"":13.5,""period_ms"":13.550162315368652}"
195910,1,3306.0999,3306.0999,False,1.0,"{""inversion_rho"":null,""inversion_channel"":27.5,""period_ms"":13.550162315368652}"
195910,1,3318.3999,3318.3999,False,1.0,"{""inversion_rho"":null,""inversion_channel"":41.5,""period_ms"":13.550162315368652}"
195910,1,3327.8999,3327.8999,False,1.0,"{""inversion_rho"":null,""inversion_channel"":34.5,""period_ms"":13.550162315368652}"
195910,1,3341.7001,3341.7001,False,1.0,"{""inversion_rho"":null,""inversion_channel"":37.0,""period_ms"":13.550162315368652}"
195910,1,3357.8999,3357.8999,False,1.0,"{""inversion_rho"":null,""inversion_channel"":39.5,""period_ms"":13.550162315368652}"
195910,1,3389.3001,3389.3001,False,1.0,"{""inversion_rho"":null,""inversion_channel"":39.5,""period_ms"":13.550162315368652}"
195910,1,3395.9999,3395.9999,False,1.0,"{""inversion_rho"":null,""inversion_channel"":37.0,""period_ms"":null}"
195910,1,3422.3001,3422.3001,False,1.0,"{""inversion_rho"":null,""inversion_channel"":39.5,""period_ms"":null}"
195910,1,3430.3,3430.3,False,0.25,"{""inversion_rho"":null,""inversion_channel"":34.0,""period_ms"":19.00005340576172}"
195910,1,3443.5,3443.5,False,1.0,"{""inversion_rho"":null,""inversion_channel"":26.5,""period_ms"":19.00005340576172}"
195910,1,3462.5001,3462.5001,False,1.0,"{""inversion_rho"":null,""inversion_channel"":36.5,""period_ms"":19.00005340576172}"
195910,1,3482.0001,3482.0001,False,1.0,"{""inversion_rho"":null,""inversion_channel"":37.0,""period_ms"":19.00005340576172}"
195910,1,3488.8999,3488.8999,False,1.0,"{""inversion_rho"":null,""inversion_channel"":39.5,""period_ms"":null}"
195910,1,3519.2001,3519.2001,False,1.0,"{""inversion_rho"":null,""inversion_channel"":29.0,""period_ms"":null}"
195910,1,3526.7999,3526.7999,False,0.375,"{""inversion_rho"":null,""inversion_channel"":14.5,""period_ms"":10.800004005432129}"
195910,1,3534.4,3534.4,False,1.0,"{""inversion_rho"":null,""inversion_channel"":27.5,""period_ms"":10.800004005432129}"
195910,1,3546.2,3546.2,False,0.5,"{""inversion_rho"":null,""inversion_channel"":9.5,""period_ms"":10.800004005432129}"
195910,1,3556.0,3556.0,False,0.625,"{""inversion_rho"":null,""inversion_channel"":25.5,""period_ms"":10.800004005432129}"
195910,1,3571.6,3571.6,False,1.0,"{""inversion_rho"":null,""inversion_channel"":39.5,""period_ms"":10.800004005432129}"
195910,1,3587.3001,3587.3001,False,0.375,"{""inversion_rho"":null,""inversion_channel"":14.5,""period_ms"":10.800004005432129}"
195910,1,3596.9999,3596.9999,False,1.0,"{""inversion_rho"":null,""inversion_channel"":41.5,""period_ms"":10.800004005432129}"
195910,1,3625.7999,3625.7999,False,1.0,"{""inversion_rho"":null,""inversion_channel"":39.5,""period_ms"":9.050130844116211}"
195910,1,3631.5999,3631.5999,False,1.0,"{""inversion_rho"":null,""inversion_channel"":29.0,""period_ms"":9.050130844116211}"
195910,1,3645.7,3645.7,False,1.0,"{""inversion_rho"":null,""inversion_channel"":34.5,""period_ms"":9.050130844116211}"
195910,1,3658.5,3658.5,False,0.375,"{""inversion_rho"":null,""inversion_channel"":37.5,""period_ms"":9.050130844116211}"
195910,1,3667.9001,3667.9001,False,1.0,"{""inversion_rho"":null,""inversion_channel"":37.0,""period_ms"":9.050130844116211}"
195910,1,3673.3999,3673.3999,False,1.0,"{""inversion_rho"":null,""inversion_channel"":37.5,""period_ms"":9.050130844116211}"
195910,1,3682.3001,3682.3001,False,1.0,"{""inversion_rho"":null,""inversion_channel"":38.5,""period_ms"":9.050130844116211}"
195910,1,3688.9,3688.9,False,1.0,"{""inversion_rho"":null,""inversion_channel"":36.5,""period_ms"":9.050130844116211}"
195910,1,3696.3999,3696.3999,False,0.625,"{""inversion_rho"":null,""inversion_channel"":36.5,""period_ms"":9.050130844116211}"
195910,1,3705.6,3705.6,False,1.0,"{""inversion_rho"":null,""inversion_channel"":36.5,""period_ms"":9.050130844116211}"
195910,1,3718.4,3718.4,False,1.0,"{""inversion_rho"":null,""inversion_channel"":27.5,""period_ms"":9.050130844116211}"
195910,1,3724.4999,3724.4999,False,0.875,"{""inversion_rho"":null,""inversion_channel"":29.0,""period_ms"":9.050130844116211}"
195910,1,3735.3001,3735.3001,False,0.875,"{""inversion_rho"":null,""inversion_channel"":37.0,""period_ms"":9.050130844116211}"
195910,1,3740.6001,3740.6001,False,1.0,"{""inversion_rho"":null,""inversion_channel"":39.5,""period_ms"":9.050130844116211}"
195910,1,3746.3,3746.3,False,0.25,"{""inversion_rho"":null,""inversion_channel"":29.5,""period_ms"":9.050130844116211}"
195910,1,3751.6,3751.6,False,0.375,"{""inversion_rho"":null,""inversion_channel"":9.5,""period_ms"":9.050130844116211}"
195910,1,3764.6,3764.6,False,1.0,"{""inversion_rho"":null,""inversion_channel"":37.5,""period_ms"":9.050130844116211}"
195910,1,3781.8,3781.8,False,1.0,"{""inversion_rho"":null,""inversion_channel"":25.5,""period_ms"":9.050130844116211}"
195910,1,3791.3001,3791.3001,False,1.0,"{""inversion_rho"":null,""inversion_channel"":27.5,""period_ms"":9.050130844116211}"
195910,1,3816.8001,3816.8001,False,1.0,"{""inversion_rho"":null,""inversion_channel"":28.0,""period_ms"":7.549881935119629}"
195910,1,3823.8001,3823.8001,False,1.0,"{""inversion_rho"":null,""inversion_channel"":29.0,""period_ms"":7.549881935119629}"
195910,1,3831.8999,3831.8999,False,1.0,"{""inversion_rho"":null,""inversion_channel"":39.5,""period_ms"":7.549881935119629}"
195910,1,3861.3999,3861.3999,False,0.875,"{""inversion_rho"":null,""inversion_channel"":34.5,""period_ms"":9.150028228759766}"
195910,1,3874.2001,3874.2001,False,1.0,"{""inversion_rho"":null,""inversion_channel"":23.5,""period_ms"":9.150028228759766}"
195910,1,3881.7999,3881.7999,False,0.25,"{""inversion_rho"":null,""inversion_channel"":26.5,""period_ms"":9.150028228759766}"
195910,1,3888.0,3888.0,False,0.25,"{""inversion_rho"":null,""inversion_channel"":37.5,""period_ms"":9.150028228759766}"
195910,1,3895.2,3895.2,False,1.0,"{""inversion_rho"":null,""inversion_channel"":25.5,""period_ms"":9.150028228759766}"
195910,1,3903.3999,3903.3999,False,1.0,"{""inversion_rho"":null,""inversion_channel"":37.5,""period_ms"":9.150028228759766}"
195910,1,3919.4,3919.4,False,1.0,"{""inversion_rho"":null,""inversion_channel"":28.0,""period_ms"":9.150028228759766}"
195910,1,3929.4,3929.4,False,1.0,"{""inversion_rho"":null,""inversion_channel"":28.5,""period_ms"":9.150028228759766}"
195910,1,3943.2001,3943.2001,False,1.0,"{""inversion_rho"":null,""inversion_channel"":39.5,""period_ms"":9.150028228759766}"
195910,1,3961.9999,3961.9999,False,1.0,"{""inversion_rho"":null,""inversion_channel"":29.5,""period_ms"":9.150028228759766}"
195910,1,3979.1999,3979.1999,False,1.0,"{""inversion_rho"":null,""inversion_channel"":39.5,""period_ms"":9.150028228759766}"
195910,1,3987.5,3987.5,False,1.0,"{""inversion_rho"":null,""inversion_channel"":29.5,""period_ms"":9.150028228759766}"
195910,1,3994.9999,3994.9999,False,1.0,"{""inversion_rho"":null,""inversion_channel"":34.5,""period_ms"":9.150028228759766}"
195910,1,4017.9,4017.9,False,1.0,"{""inversion_rho"":null,""inversion_channel"":39.5,""period_ms"":11.600017547607422}"
195910,1,4029.5,4029.5,False,1.0,"{""inversion_rho"":null,""inversion_channel"":38.0,""period_ms"":11.600017547607422}"
195910,1,4049.2001,4049.2001,False,1.0,"{""inversion_rho"":null,""inversion_channel"":40.0,""period_ms"":11.600017547607422}"
195910,1,4061.2001,4061.2001,False,1.0,"{""inversion_rho"":null,""inversion_channel"":39.5,""period_ms"":11.600017547607422}"
195910,1,4071.1002,4071.1002,False,1.0,"{""inversion_rho"":null,""inversion_channel"":14.5,""period_ms"":11.600017547607422}"
195910,1,4079.8998,4079.8998,False,1.0,"{""inversion_rho"":null,""inversion_channel"":12.5,""period_ms"":11.600017547607422}"
195910,1,4096.4999,4096.4999,False,1.0,"{""inversion_rho"":null,""inversion_channel"":41.5,""period_ms"":11.600017547607422}"
195910,1,4103.2,4103.2,False,1.0,"{""inversion_rho"":null,""inversion_channel"":34.5,""period_ms"":11.600017547607422}"
195910,1,4110.3001,4110.3001,False,1.0,"{""inversion_rho"":null,""inversion_channel"":27.5,""period_ms"":11.600017547607422}"
195910,1,4121.9001,4121.9001,False,1.0,"{""inversion_rho"":null,""inversion_channel"":26.0,""period_ms"":11.600017547607422}"
195910,1,4137.8999,4137.8999,False,1.0,"{""inversion_rho"":null,""inversion_channel"":39.5,""period_ms"":11.600017547607422}"
195910,1,4147.6998,4147.6998,False,0.25,"{""inversion_rho"":null,""inversion_channel"":27.5,""period_ms"":11.600017547607422}"
195910,1,4153.9998,4153.9998,False,1.0,"{""inversion_rho"":null,""inversion_channel"":39.5,""period_ms"":11.600017547607422}"
195910,1,4167.1,4167.1,False,1.0,"{""inversion_rho"":null,""inversion_channel"":28.0,""period_ms"":11.600017547607422}"
195910,1,4175.9,4175.9,False,1.0,"{""inversion_rho"":null,""inversion_channel"":37.5,""period_ms"":11.600017547607422}"
195910,1,4187.7999,4187.7999,False,1.0,"{""inversion_rho"":null,""inversion_channel"":39.5,""period_ms"":11.600017547607422}"
195910,1,4198.2002,4198.2002,False,1.0,"{""inversion_rho"":null,""inversion_channel"":28.5,""period_ms"":11.600017547607422}"
195910,1,4219.3999,4219.3999,False,1.0,"{""inversion_rho"":null,""inversion_channel"":27.5,""period_ms"":11.600017547607422}"
195910,1,4224.8998,4224.8998,False,1.0,"{""inversion_rho"":null,""inversion_channel"":27.5,""period_ms"":null}"
195910,1,4232.5001,4232.5001,False,0.5,"{""inversion_rho"":null,""inversion_channel"":28.0,""period_ms"":null}"
195910,1,4251.6999,4251.6999,False,1.0,"{""inversion_rho"":null,""inversion_channel"":25.5,""period_ms"":8.700370788574219}"
195910,1,4261.7998,4261.7998,False,1.0,"{""inversion_rho"":null,""inversion_channel"":25.5,""period_ms"":8.700370788574219}"
195910,1,4270.5002,4270.5002,False,0.25,"{""inversion_rho"":null,""inversion_channel"":13.5,""period_ms"":8.700370788574219}"
195910,1,4276.7,4276.7,False,1.0,"{""inversion_rho"":null,""inversion_channel"":39.5,""period_ms"":8.700370788574219}"
195910,1,4298.6999,4298.6999,False,1.0,"{""inversion_rho"":null,""inversion_channel"":39.5,""period_ms"":10.149955749511719}"
195910,1,4306.0002,4306.0002,False,0.375,"{""inversion_rho"":null,""inversion_channel"":36.5,""period_ms"":10.149955749511719}"
195910,1,4312.6001,4312.6001,False,1.0,"{""inversion_rho"":null,""inversion_channel"":28.5,""period_ms"":10.149955749511719}"
195910,1,4319.5,4319.5,False,1.0,"{""inversion_rho"":null,""inversion_channel"":36.5,""period_ms"":10.149955749511719}"
195910,1,4330.9002,4330.9002,False,1.0,"{""inversion_rho"":null,""inversion_channel"":29.0,""period_ms"":10.149955749511719}"
195910,1,4341.0001,4341.0001,False,0.875,"{""inversion_rho"":null,""inversion_channel"":15.5,""period_ms"":10.149955749511719}"
195910,1,4349.5998,4349.5998,False,1.0,"{""inversion_rho"":null,""inversion_channel"":28.5,""period_ms"":10.149955749511719}"
195910,1,4360.8999,4360.8999,False,1.0,"{""inversion_rho"":null,""inversion_channel"":27.5,""period_ms"":10.149955749511719}"
195910,1,4371.0999,4371.0999,False,1.0,"{""inversion_rho"":null,""inversion_channel"":39.5,""period_ms"":10.149955749511719}"
195910,1,4386.2,4386.2,False,0.625,"{""inversion_rho"":null,""inversion_channel"":28.5,""period_ms"":10.149955749511719}"
195910,1,4401.1002,4401.1002,False,1.0,"{""inversion_rho"":null,""inversion_channel"":39.5,""period_ms"":10.149955749511719}"
195910,1,4413.7001,4413.7001,False,1.0,"{""inversion_rho"":null,""inversion_channel"":14.0,""period_ms"":10.149955749511719}"
195910,1,4421.7,4421.7,False,1.0,"{""inversion_rho"":null,""inversion_channel"":28.0,""period_ms"":10.149955749511719}"
195910,1,4447.1998,4447.1998,False,1.0,"{""inversion_rho"":null,""inversion_channel"":29.5,""period_ms"":null}"
195910,1,4466.1002,4466.1002,False,1.0,"{""inversion_rho"":null,""inversion_channel"":29.5,""period_ms"":null}"
195910,1,4473.1002,4473.1002,False,1.0,"{""inversion_rho"":null,""inversion_channel"":34.5,""period_ms"":12.400150299072266}"
195910,1,4480.7,4480.7,False,1.0,"{""inversion_rho"":null,""inversion_channel"":28.0,""period_ms"":12.400150299072266}"
195910,1,4493.1002,4493.1002,False,1.0,"{""inversion_rho"":null,""inversion_channel"":27.0,""period_ms"":12.400150299072266}"
195910,1,4512.5999,4512.5999,False,1.0,"{""inversion_rho"":null,""inversion_channel"":27.5,""period_ms"":12.400150299072266}"
195910,1,4519.8998,4519.8998,False,1.0,"{""inversion_rho"":null,""inversion_channel"":28.5,""period_ms"":11.500120162963867}"
195910,1,4528.5001,4528.5001,False,1.0,"{""inversion_rho"":null,""inversion_channel"":25.5,""period_ms"":11.500120162963867}"
195910,1,4549.5,4549.5,False,1.0,"{""inversion_rho"":null,""inversion_channel"":27.5,""period_ms"":11.500120162963867}"
195910,1,4559.0,4559.0,False,0.25,"{""inversion_rho"":null,""inversion_channel"":38.5,""period_ms"":11.500120162963867}"
195910,1,4572.5002,4572.5002,False,1.0,"{""inversion_rho"":null,""inversion_channel"":29.0,""period_ms"":11.500120162963867}"
195910,1,4580.9002,4580.9002,False,1.0,"{""inversion_rho"":null,""inversion_channel"":39.5,""period_ms"":11.500120162963867}"
195910,1,4595.6998,4595.6998,False,1.0,"{""inversion_rho"":null,""inversion_channel"":34.5,""period_ms"":11.500120162963867}"
195910,1,4619.7,4619.7,False,1.0,"{""inversion_rho"":null,""inversion_channel"":40.0,""period_ms"":11.500120162963867}"
195910,1,4634.3002,4634.3002,False,0.5,"{""inversion_rho"":null,""inversion_channel"":9.5,""period_ms"":11.500120162963867}"
195910,1,4643.0998,4643.0998,False,1.0,"{""inversion_rho"":null,""inversion_channel"":25.5,""period_ms"":11.500120162963867}"
195910,1,4650.0001,4650.0001,False,1.0,"{""inversion_rho"":null,""inversion_channel"":36.5,""period_ms"":11.500120162963867}"
195910,1,4669.7998,4669.7998,False,0.25,"{""inversion_rho"":null,""inversion_channel"":13.5,""period_ms"":7.800102233886719}"
195910,1,4680.9001,4680.9001,False,1.0,"{""inversion_rho"":null,""inversion_channel"":11.0,""period_ms"":7.800102233886719}"
195910,1,4689.7001,4689.7001,False,1.0,"{""inversion_rho"":null,""inversion_channel"":39.5,""period_ms"":7.800102233886719}"
195910,1,4697.4001,4697.4001,False,1.0,"{""inversion_rho"":null,""inversion_channel"":29.5,""period_ms"":7.800102233886719}"
195910,1,4711.5002,4711.5002,False,0.75,"{""inversion_rho"":null,""inversion_channel"":27.5,""period_ms"":7.800102233886719}"
195910,1,4717.1998,4717.1998,False,0.875,"{""inversion_rho"":null,""inversion_channel"":27.5,""period_ms"":7.800102233886719}"
195910,1,4724.1998,4724.1998,False,1.0,"{""inversion_rho"":null,""inversion_channel"":25.5,""period_ms"":7.800102233886719}"
195910,1,4731.9999,4731.9999,False,1.0,"{""inversion_rho"":null,""inversion_channel"":38.0,""period_ms"":7.800102233886719}"
195910,1,4751.8001,4751.8001,False,0.25,"{""inversion_rho"":null,""inversion_channel"":28.5,""period_ms"":7.899761199951172}"
195910,1,4759.6002,4759.6002,False,1.0,"{""inversion_rho"":null,""inversion_channel"":39.5,""period_ms"":7.899761199951172}"
195910,1,4774.3001,4774.3001,False,1.0,"{""inversion_rho"":null,""inversion_channel"":29.0,""period_ms"":7.899761199951172}"
195910,1,4782.1999,4782.1999,False,1.0,"{""inversion_rho"":null,""inversion_channel"":37.0,""period_ms"":7.899761199951172}"
195910,1,4790.2002,4790.2002,False,1.0,"{""inversion_rho"":null,""inversion_channel"":34.5,""period_ms"":7.899761199951172}"
195910,1,4797.4,4797.4,False,1.0,"{""inversion_rho"":null,""inversion_channel"":28.5,""period_ms"":7.899761199951172}"
195910,1,4815.8002,4815.8002,False,1.0,"{""inversion_rho"":null,""inversion_channel"":38.0,""period_ms"":7.499933242797852}"
195910,1,4822.1998,4822.1998,False,0.5,"{""inversion_rho"":null,""inversion_channel"":28.5,""period_ms"":7.499933242797852}"
195910,1,4831.5001,4831.5001,False,0.25,"{""inversion_rho"":null,""inversion_channel"":27.0,""period_ms"":7.499933242797852}"
195910,1,4838.6998,4838.6998,False,1.0,"{""inversion_rho"":null,""inversion_channel"":27.5,""period_ms"":7.499933242797852}"
195910,1,4846.4999,4846.4999,False,1.0,"{""inversion_rho"":null,""inversion_channel"":39.5,""period_ms"":7.499933242797852}"
195910,1,4878.6998,4878.6998,False,1.0,"{""inversion_rho"":null,""inversion_channel"":37.5,""period_ms"":7.800102233886719}"
195910,1,4886.0002,4886.0002,False,1.0,"{""inversion_rho"":null,""inversion_channel"":29.5,""period_ms"":7.800102233886719}"
195910,1,4894.3,4894.3,False,1.0,"{""inversion_rho"":null,""inversion_channel"":39.5,""period_ms"":7.800102233886719}"
195910,1,4916.5001,4916.5001,False,1.0,"{""inversion_rho"":null,""inversion_channel"":39.5,""period_ms"":null}"
195910,1,4945.3001,4945.3001,False,1.0,"{""inversion_rho"":null,""inversion_channel"":39.5,""period_ms"":null}"
195910,1,4952.7001,4952.7001,False,1.0,"{""inversion_rho"":null,""inversion_channel"":29.0,""period_ms"":9.150028228759766}"
195910,1,4970.6001,4970.6001,False,1.0,"{""inversion_rho"":null,""inversion_channel"":29.5,""period_ms"":9.150028228759766}"
195910,1,4979.1999,4979.1999,False,1.0,"{""inversion_rho"":null,""inversion_channel"":29.5,""period_ms"":9.150028228759766}"
195910,1,4987.5998,4987.5998,False,1.0,"{""inversion_rho"":null,""inversion_channel"":39.5,""period_ms"":9.150028228759766}"
195910,1,4995.8,4995.8,False,1.0,"{""inversion_rho"":null,""inversion_channel"":34.5,""period_ms"":9.150028228759766}"
195910,1,5006.0,5006.0,False,1.0,"{""inversion_rho"":null,""inversion_channel"":26.5,""period_ms"":9.150028228759766}"
195910,1,5014.2999,5014.2999,False,0.25,"{""inversion_rho"":null,""inversion_channel"":27.5,""period_ms"":9.150028228759766}"
195910,1,5022.6998,5022.6998,False,1.0,"{""inversion_rho"":null,""inversion_channel"":27.5,""period_ms"":9.150028228759766}"
195910,1,5031.7001,5031.7001,False,1.0,"{""inversion_rho"":null,""inversion_channel"":25.5,""period_ms"":9.150028228759766}"
195910,1,5046.1001,5046.1001,False,1.0,"{""inversion_rho"":null,""inversion_channel"":37.0,""period_ms"":9.150028228759766}"
195910,1,5055.3999,5055.3999,False,1.0,"{""inversion_rho"":null,""inversion_channel"":37.0,""period_ms"":9.150028228759766}"
195910,1,5069.5,5069.5,False,1.0,"{""inversion_rho"":null,""inversion_channel"":27.5,""period_ms"":9.150028228759766}"
195910,1,5088.6998,5088.6998,False,1.0,"{""inversion_rho"":null,""inversion_channel"":39.5,""period_ms"":9.150028228759766}"
195910,1,5095.9001,5095.9001,False,0.375,"{""inversion_rho"":null,""inversion_channel"":33.5,""period_ms"":9.30023193359375}"
195910,1,5102.2,5102.2,False,0.875,"{""inversion_rho"":null,""inversion_channel"":34.5,""period_ms"":9.30023193359375}"
195910,1,5117.3,5117.3,False,0.25,"{""inversion_rho"":null,""inversion_channel"":28.5,""period_ms"":9.30023193359375}"
195910,1,5124.7001,5124.7001,False,1.0,"{""inversion_rho"":null,""inversion_channel"":39.5,""period_ms"":9.30023193359375}"
195910,1,5139.2999,5139.2999,False,1.0,"{""inversion_rho"":null,""inversion_channel"":27.0,""period_ms"":9.30023193359375}"
195910,1,5155.2,5155.2,False,1.0,"{""inversion_rho"":null,""inversion_channel"":40.0,""period_ms"":9.30023193359375}"
195910,1,5164.0,5164.0,False,1.0,"{""inversion_rho"":null,""inversion_channel"":28.0,""period_ms"":9.30023193359375}"
195910,1,5172.9999,5172.9999,False,1.0,"{""inversion_rho"":null,""inversion_channel"":37.0,""period_ms"":9.30023193359375}"
195910,1,5182.3001,5182.3001,False,1.0,"{""inversion_rho"":null,""inversion_channel"":36.5,""period_ms"":9.30023193359375}"
195910,1,5191.5998,5191.5998,False,1.0,"{""inversion_rho"":null,""inversion_channel"":37.0,""period_ms"":9.30023193359375}"
195910,1,5207.6001,5207.6001,False,1.0,"{""inversion_rho"":null,""inversion_channel"":34.5,""period_ms"":9.30023193359375}"
195910,1,5225.8,5225.8,False,1.0,"{""inversion_rho"":null,""inversion_channel"":36.5,""period_ms"":9.30023193359375}"
195910,1,5232.9001,5232.9001,False,1.0,"{""inversion_rho"":null,""inversion_channel"":37.5,""period_ms"":8.699893951416016}"
195910,1,5240.6001,5240.6001,False,1.0,"{""inversion_rho"":null,""inversion_channel"":37.0,""period_ms"":8.699893951416016}"
195910,1,5249.3,5249.3,False,1.0,"{""inversion_rho"":null,""inversion_channel"":27.5,""period_ms"":8.699893951416016}"
195910,1,5257.2999,5257.2999,False,0.625,"{""inversion_rho"":null,""inversion_channel"":29.5,""period_ms"":8.699893951416016}"
195910,1,5267.0999,5267.0999,False,1.0,"{""inversion_rho"":null,""inversion_channel"":29.5,""period_ms"":8.699893951416016}"
195910,1,5275.3,5275.3,False,1.0,"{""inversion_rho"":null,""inversion_channel"":10.5,""period_ms"":8.699893951416016}"
195910,1,5283.5999,5283.5999,False,1.0,"{""inversion_rho"":null,""inversion_channel"":39.0,""period_ms"":8.699893951416016}"
195910,1,5295.4001,5295.4001,False,1.0,"{""inversion_rho"":null,""inversion_channel"":39.5,""period_ms"":8.699893951416016}"
195910,1,5313.6001,5313.6001,False,1.0,"{""inversion_rho"":null,""inversion_channel"":34.5,""period_ms"":8.699893951416016}"
195910,1,5322.8998,5322.8998,False,1.0,"{""inversion_rho"":null,""inversion_channel"":25.5,""period_ms"":8.699893951416016}"
195910,1,5362.4001,5362.4001,False,1.0,"{""inversion_rho"":null,""inversion_channel"":39.5,""period_ms"":8.350133895874023}"
195910,1,5370.6002,5370.6002,False,1.0,"{""inversion_rho"":null,""inversion_channel"":28.0,""period_ms"":8.350133895874023}"
195910,1,5381.4001,5381.4001,False,1.0,"{""inversion_rho"":null,""inversion_channel"":28.0,""period_ms"":8.350133895874023}"
195910,1,5389.9002,5389.9002,False,0.5,"{""inversion_rho"":null,""inversion_channel"":23.5,""period_ms"":8.350133895874023}"
195910,1,5397.6002,5397.6002,False,0.25,"{""inversion_rho"":null,""inversion_channel"":12.0,""period_ms"":8.350133895874023}"
195910,1,5405.2,5405.2,False,1.0,"{""inversion_rho"":null,""inversion_channel"":31.5,""period_ms"":8.350133895874023}"
195910,1,5415.1001,5415.1001,False,1.0,"{""inversion_rho"":null,""inversion_channel"":39.5,""period_ms"":8.350133895874023}"
195910,1,5424.3999,5424.3999,False,1.0,"{""inversion_rho"":null,""inversion_channel"":40.0,""period_ms"":8.350133895874023}"
195910,1,5431.2,5431.2,False,0.875,"{""inversion_rho"":null,""inversion_channel"":27.5,""period_ms"":8.350133895874023}"
195910,1,5449.6002,5449.6002,False,1.0,"{""inversion_rho"":null,""inversion_channel"":37.5,""period_ms"":10.599613189697266}"
195910,1,5460.5999,5460.5999,False,1.0,"{""inversion_rho"":null,""inversion_channel"":37.0,""period_ms"":10.599613189697266}"
195910,1,5470.7999,5470.7999,False,1.0,"{""inversion_rho"":null,""inversion_channel"":38.0,""period_ms"":10.599613189697266}"
195910,1,5479.7001,5479.7001,False,1.0,"{""inversion_rho"":null,""inversion_channel"":28.0,""period_ms"":10.599613189697266}"
195910,1,5495.2002,5495.2002,False,1.0,"{""inversion_rho"":null,""inversion_channel"":38.5,""period_ms"":10.599613189697266}"
195910,1,5517.0002,5517.0002,False,1.0,"{""inversion_rho"":null,""inversion_channel"":39.5,""period_ms"":10.599613189697266}"
195910,1,5533.1998,5533.1998,False,1.0,"{""inversion_rho"":null,""inversion_channel"":39.5,""period_ms"":10.599613189697266}"
195910,1,5540.7,5540.7,False,1.0,"{""inversion_rho"":null,""inversion_channel"":27.0,""period_ms"":10.599613189697266}"
195910,1,5550.0002,5550.0002,False,1.0,"{""inversion_rho"":null,""inversion_channel"":39.5,""period_ms"":10.599613189697266}"
195910,1,5561.3999,5561.3999,False,1.0,"{""inversion_rho"":null,""inversion_channel"":27.5,""period_ms"":10.599613189697266}"
195910,1,5570.0002,5570.0002,False,1.0,"{""inversion_rho"":null,""inversion_channel"":38.0,""period_ms"":10.599613189697266}"
195910,1,5580.5998,5580.5998,False,1.0,"{""inversion_rho"":null,""inversion_channel"":39.0,""period_ms"":10.599613189697266}"
195910,1,5607.1,5607.1,False,1.0,"{""inversion_rho"":null,""inversion_channel"":28.0,""period_ms"":10.300159454345703}"
195910,1,5617.4002,5617.4002,False,1.0,"{""inversion_rho"":null,""inversion_channel"":38.0,""period_ms"":10.300159454345703}"
195910,1,5638.1001,5638.1001,False,0.5,"{""inversion_rho"":null,""inversion_channel"":29.0,""period_ms"":10.300159454345703}"
195910,1,5648.7002,5648.7002,False,1.0,"{""inversion_rho"":null,""inversion_channel"":39.5,""period_ms"":10.300159454345703}"
195910,1,5657.7001,5657.7001,False,1.0,"{""inversion_rho"":null,""inversion_channel"":27.5,""period_ms"":10.300159454345703}"
195910,1,5665.5998,5665.5998,False,1.0,"{""inversion_rho"":null,""inversion_channel"":39.5,""period_ms"":10.300159454345703}"
195910,1,5675.3998,5675.3998,False,1.0,"{""inversion_rho"":null,""inversion_channel"":25.5,""period_ms"":10.300159454345703}"
195910,1,5694.0999,5694.0999,False,1.0,"{""inversion_rho"":null,""inversion_channel"":39.5,""period_ms"":10.300159454345703}"
195910,1,5706.2998,5706.2998,False,0.5,"{""inversion_rho"":null,""inversion_channel"":27.5,""period_ms"":10.300159454345703}"
195910,1,5717.1001,5717.1001,False,1.0,"{""inversion_rho"":null,""inversion_channel"":41.5,""period_ms"":10.300159454345703}"
195910,1,5725.8,5725.8,False,1.0,"{""inversion_rho"":null,""inversion_channel"":39.5,""period_ms"":10.300159454345703}"
195910,1,5733.3999,5733.3999,False,1.0,"{""inversion_rho"":null,""inversion_channel"":29.0,""period_ms"":10.300159454345703}"
195910,1,5741.7002,5741.7002,False,1.0,"{""inversion_rho"":null,""inversion_channel"":39.5,""period_ms"":10.300159454345703}"
195910,1,5748.7001,5748.7001,False,1.0,"{""inversion_rho"":null,""inversion_channel"":28.5,""period_ms"":10.300159454345703}"
195910,1,5757.5002,5757.5002,False,1.0,"{""inversion_rho"":null,""inversion_channel"":27.5,""period_ms"":10.300159454345703}"
195910,1,5773.3998,5773.3998,False,1.0,"{""inversion_rho"":null,""inversion_channel"":26.5,""period_ms"":10.300159454345703}"
195910,1,5783.2999,5783.2999,False,0.5,"{""inversion_rho"":null,""inversion_channel"":11.0,""period_ms"":10.300159454345703}"
195910,1,5789.1002,5789.1002,False,1.0,"{""inversion_rho"":null,""inversion_channel"":27.0,""period_ms"":10.300159454345703}"
195910,1,5799.6998,5799.6998,False,1.0,"{""inversion_rho"":null,""inversion_channel"":38.0,""period_ms"":10.300159454345703}"
195910,1,5810.2999,5810.2999,False,1.0,"{""inversion_rho"":null,""inversion_channel"":39.5,""period_ms"":10.300159454345703}"
195910,1,5820.6,5820.6,False,1.0,"{""inversion_rho"":null,""inversion_channel"":14.5,""period_ms"":10.300159454345703}"
195910,1,5829.8001,5829.8001,False,0.375,"{""inversion_rho"":null,""inversion_channel"":27.5,""period_ms"":10.300159454345703}"
195910,1,5835.4998,5835.4998,False,1.0,"{""inversion_rho"":null,""inversion_channel"":29.5,""period_ms"":10.300159454345703}"
195910,1,5841.0001,5841.0001,False,1.0,"{""inversion_rho"":null,""inversion_channel"":34.5,""period_ms"":10.300159454345703}"
195910,1,5851.2998,5851.2998,False,1.0,"{""inversion_rho"":null,""inversion_channel"":27.5,""period_ms"":10.300159454345703}"
195910,1,5862.7,5862.7,False,1.0,"{""inversion_rho"":null,""inversion_channel"":38.0,""period_ms"":10.300159454345703}"
195910,1,5877.6999,5877.6999,False,1.0,"{""inversion_rho"":null,""inversion_channel"":39.5,""period_ms"":10.300159454345703}"
195910,1,5889.8001,5889.8001,False,0.625,"{""inversion_rho"":null,""inversion_channel"":27.0,""period_ms"":10.300159454345703}"
195910,1,5900.3,5900.3,False,1.0,"{""inversion_rho"":null,""inversion_channel"":27.0,""period_ms"":10.300159454345703}"
195910,1,5920.1002,5920.1002,False,1.0,"{""inversion_rho"":null,""inversion_channel"":38.0,""period_ms"":10.300159454345703}"
195910,1,5926.4002,5926.4002,False,0.375,"{""inversion_rho"":null,""inversion_channel"":35.5,""period_ms"":10.699748992919922}"
195910,1,5940.7001,5940.7001,False,1.0,"{""inversion_rho"":null,""inversion_channel"":28.5,""period_ms"":10.699748992919922}"
195910,1,5949.6999,5949.6999,False,1.0,"{""inversion_rho"":null,""inversion_channel"":12.5,""period_ms"":10.699748992919922}"
195910,1,5956.5001,5956.5001,False,1.0,"{""inversion_rho"":null,""inversion_channel"":34.5,""period_ms"":10.699748992919922}"
195910,1,5962.2002,5962.2002,False,1.0,"{""inversion_rho"":null,""inversion_channel"":27.5,""period_ms"":10.699748992919922}"
195910,1,5974.5998,5974.5998,False,1.0,"{""inversion_rho"":null,""inversion_channel"":25.5,""period_ms"":10.699748992919922}"
195910,1,5993.7,5993.7,False,0.5,"{""inversion_rho"":null,""inversion_channel"":12.5,""period_ms"":10.699748992919922}"
195910,1,5999.0001,5999.0001,False,1.0,"{""inversion_rho"":null,""inversion_channel"":39.5,""period_ms"":12.099742889404297}"
195910,1,6016.3002,6016.3002,False,1.0,"{""inversion_rho"":null,""inversion_channel"":39.5,""period_ms"":12.099742889404297}"
195910,1,6025.3,6025.3,False,1.0,"{""inversion_rho"":null,""inversion_channel"":38.0,""period_ms"":12.099742889404297}"
195910,1,6037.3998,6037.3998,False,0.875,"{""inversion_rho"":null,""inversion_channel"":37.5,""period_ms"":12.099742889404297}"
195910,1,6046.7,6046.7,False,1.0,"{""inversion_rho"":null,""inversion_channel"":39.5,""period_ms"":12.099742889404297}"
195910,1,6064.6,6064.6,False,1.0,"{""inversion_rho"":null,""inversion_channel"":35.0,""period_ms"":12.099742889404297}"
195910,1,6072.5002,6072.5002,False,0.25,"{""inversion_rho"":null,""inversion_channel"":28.5,""period_ms"":12.099742889404297}"
195910,1,6087.9998,6087.9998,False,1.0,"{""inversion_rho"":null,""inversion_channel"":39.5,""period_ms"":12.099742889404297}"
195910,1,6096.0999,6096.0999,False,1.0,"{""inversion_rho"":null,""inversion_channel"":37.5,""period_ms"":12.099742889404297}"
195910,1,6114.6002,6114.6002,False,0.375,"{""inversion_rho"":null,""inversion_channel"":25.5,""period_ms"":12.099742889404297}"
195910,1,6119.8001,6119.8001,False,1.0,"{""inversion_rho"":null,""inversion_channel"":39.5,""period_ms"":null}"
195910,1,6128.6998,6128.6998,False,0.25,"{""inversion_rho"":null,""inversion_channel"":15.5,""period_ms"":null}"
195910,1,1084.3,1415.0,True,1.0,"{""inversion_rho"":null,""inversion_channel"":24.0,""period_ms"":22.899985313415527}"
195910,1,1615.5,1791.5,True,1.0,"{""inversion_rho"":null,""inversion_channel"":11.0,""period_ms"":31.00001811981201}"
195910,1,1797.3,1897.9,True,1.0,"{""inversion_rho"":null,""inversion_channel"":15.25,""period_ms"":19.59991455078125}"
195910,1,1922.7,2016.5999,True,1.0,"{""inversion_rho"":null,""inversion_channel"":19.25,""period_ms"":16.59989356994629}"
195910,1,2022.0001,2095.7999,True,1.0,"{""inversion_rho"":null,""inversion_channel"":21.75,""period_ms"":24.09982681274414}"
195910,1,2101.9001,2116.9,True,1.0,"{""inversion_rho"":null,""inversion_channel"":21.5,""period_ms"":7.499933242797852}"
195910,1,2203.8,2222.3001,True,1.0,"{""inversion_rho"":null,""inversion_channel"":24.5,""period_ms"":9.250044822692871}"
195910,1,2246.9001,2441.0999,True,1.0,"{""inversion_rho"":null,""inversion_channel"":25.5,""period_ms"":12.000083923339844}"
195910,1,2480.0999,2528.1999,True,1.0,"{""inversion_rho"":null,""inversion_channel"":27.5,""period_ms"":11.050105094909668}"
195910,1,2558.5999,2583.6,True,1.0,"{""inversion_rho"":null,""inversion_channel"":28.5,""period_ms"":12.50004768371582}"
195910,1,2620.1,2856.8001,True,1.0,"{""inversion_rho"":null,""inversion_channel"":29.25,""period_ms"":13.99993896484375}"
195910,1,2862.0999,2919.3001,True,1.0,"{""inversion_rho"":null,""inversion_channel"":39.0,""period_ms"":9.200096130371094}"
195910,1,2960.0,3389.3001,True,1.0,"{""inversion_rho"":null,""inversion_channel"":37.0,""period_ms"":13.550162315368652}"
195910,1,3430.3,3482.0001,True,1.0,"{""inversion_rho"":null,""inversion_channel"":35.25,""period_ms"":19.00005340576172}"
195910,1,3526.7999,3596.9999,True,1.0,"{""inversion_rho"":null,""inversion_channel"":25.5,""period_ms"":10.800004005432129}"
195910,1,3625.7999,3791.3001,True,1.0,"{""inversion_rho"":null,""inversion_channel"":36.5,""period_ms"":9.050130844116211}"
195910,1,3816.8001,3831.8999,True,1.0,"{""inversion_rho"":null,""inversion_channel"":29.0,""period_ms"":7.549881935119629}"
195910,1,3861.3999,3994.9999,True,1.0,"{""inversion_rho"":null,""inversion_channel"":29.5,""period_ms"":9.150028228759766}"
195910,1,4017.9,4219.3999,True,1.0,"{""inversion_rho"":null,""inversion_channel"":36.0,""period_ms"":11.600017547607422}"
195910,1,4251.6999,4276.7,True,1.0,"{""inversion_rho"":null,""inversion_channel"":25.5,""period_ms"":8.700370788574219}"
195910,1,4298.6999,4421.7,True,1.0,"{""inversion_rho"":null,""inversion_channel"":28.5,""period_ms"":10.149955749511719}"
195910,1,4473.1002,4512.5999,True,1.0,"{""inversion_rho"":null,""inversion_channel"":27.75,""period_ms"":12.400150299072266}"
195910,1,4519.8998,4650.0001,True,1.0,"{""inversion_rho"":null,""inversion_channel"":29.0,""period_ms"":11.500120162963867}"
195910,1,4669.7998,4731.9999,True,1.0,"{""inversion_rho"":null,""inversion_channel"":27.5,""period_ms"":7.800102233886719}"
195910,1,4751.8001,4797.4,True,1.0,"{""inversion_rho"":null,""inversion_channel"":31.75,""period_ms"":7.899761199951172}"
195910,1,4815.8002,4846.4999,True,1.0,"{""inversion_rho"":null,""inversion_channel"":28.5,""period_ms"":7.499933242797852}"
195910,1,4878.6998,4894.3,True,1.0,"{""inversion_rho"":null,""inversion_channel"":37.5,""period_ms"":7.800102233886719}"
195910,1,4952.7001,5088.6998,True,1.0,"{""inversion_rho"":null,""inversion_channel"":29.5,""period_ms"":9.150028228759766}"
195910,1,5095.9001,5225.8,True,1.0,"{""inversion_rho"":null,""inversion_channel"":35.5,""period_ms"":9.30023193359375}"
195910,1,5232.9001,5322.8998,True,1.0,"{""inversion_rho"":null,""inversion_channel"":32.0,""period_ms"":8.699893951416016}"
195910,1,5362.4001,5431.2,True,1.0,"{""inversion_rho"":null,""inversion_channel"":28.0,""period_ms"":8.350133895874023}"
195910,1,5449.6002,5580.5998,True,1.0,"{""inversion_rho"":null,""inversion_channel"":38.0,""period_ms"":10.599613189697266}"
195910,1,5607.1,5920.1002,True,1.0,"{""inversion_rho"":null,""inversion_channel"":29.0,""period_ms"":10.300159454345703}"
195910,1,5926.4002,5993.7,True,1.0,"{""inversion_rho"":null,""inversion_channel"":27.5,""period_ms"":10.699748992919922}"
195910,1,5999.0001,6114.6002,True,1.0,"{""inversion_rho"":null,""inversion_channel"":37.75,""period_ms"":12.099742889404297}"
195952,1,43.6,43.6,False,0.625,"{""inversion_rho"":null,""inversion_channel"":17.5,""period_ms"":6.449999287724495}"
195952,1,50.0,50.0,False,1.0,"{""inversion_rho"":null,""inversion_channel"":10.5,""period_ms"":6.449999287724495}"
195952,1,55.9,55.9,False,1.0,"{""inversion_rho"":null,""inversion_channel"":10.5,""period_ms"":6.449999287724495}"
195952,1,62.4,62.4,False,1.0,"{""inversion_rho"":null,""inversion_channel"":10.5,""period_ms"":6.449999287724495}"
195952,1,73.5,73.5,False,0.875,"{""inversion_rho"":null,""inversion_channel"":11.5,""period_ms"":6.449999287724495}"
195952,1,105.2,105.2,False,1.0,"{""inversion_rho"":null,""inversion_channel"":14.0,""period_ms"":null}"
195952,1,1612.2,1612.2,False,1.0,"{""inversion_rho"":null,""inversion_channel"":30.5,""period_ms"":null}"
195952,1,1993.1999,1993.1999,False,1.0,"{""inversion_rho"":null,""inversion_channel"":23.5,""period_ms"":26.800096035003662}"
195952,1,2021.6,2021.6,False,1.0,"{""inversion_rho"":null,""inversion_channel"":37.0,""period_ms"":26.800096035003662}"
195952,1,2040.0,2040.0,False,1.0,"{""inversion_rho"":null,""inversion_channel"":23.5,""period_ms"":26.800096035003662}"
195952,1,2065.2001,2065.2001,False,1.0,"{""inversion_rho"":null,""inversion_channel"":37.5,""period_ms"":26.800096035003662}"
195952,1,2096.9999,2096.9999,False,1.0,"{""inversion_rho"":null,""inversion_channel"":24.5,""period_ms"":26.800096035003662}"
195952,1,2105.2001,2105.2001,False,1.0,"{""inversion_rho"":null,""inversion_channel"":39.5,""period_ms"":19.699931144714355}"
195952,1,2126.9,2126.9,False,1.0,"{""inversion_rho"":null,""inversion_channel"":42.5,""period_ms"":19.699931144714355}"
195952,1,2144.5999,2144.5999,False,1.0,"{""inversion_rho"":null,""inversion_channel"":25.5,""period_ms"":19.699931144714355}"
195952,1,2207.7999,2207.7999,False,1.0,"{""inversion_rho"":null,""inversion_channel"":27.5,""period_ms"":12.400150299072266}"
195952,1,2232.6,2232.6,False,1.0,"{""inversion_rho"":null,""inversion_channel"":27.5,""period_ms"":12.400150299072266}"
195952,1,2249.7001,2249.7001,False,1.0,"{""inversion_rho"":null,""inversion_channel"":27.5,""period_ms"":12.400150299072266}"
195952,1,2258.1999,2258.1999,False,1.0,"{""inversion_rho"":null,""inversion_channel"":37.5,""period_ms"":12.400150299072266}"
195952,1,2277.6999,2277.6999,False,1.0,"{""inversion_rho"":null,""inversion_channel"":27.5,""period_ms"":12.400150299072266}"
195952,1,2286.4001,2286.4001,False,1.0,"{""inversion_rho"":null,""inversion_channel"":27.5,""period_ms"":12.400150299072266}"
195952,1,2305.3999,2305.3999,False,0.5,"{""inversion_rho"":null,""inversion_channel"":28.0,""period_ms"":12.400150299072266}"
195952,1,2324.8,2324.8,False,1.0,"{""inversion_rho"":null,""inversion_channel"":39.5,""period_ms"":12.400150299072266}"
195952,1,2346.4999,2346.4999,False,0.375,"{""inversion_rho"":null,""inversion_channel"":31.5,""period_ms"":12.400150299072266}"
195952,1,2358.9001,2358.9001,False,1.0,"{""inversion_rho"":null,""inversion_channel"":30.5,""period_ms"":12.400150299072266}"
195952,1,2371.2001,2371.2001,False,0.375,"{""inversion_rho"":null,""inversion_channel"":38.0,""period_ms"":12.400150299072266}"
195952,1,2382.4,2382.4,False,1.0,"{""inversion_rho"":null,""inversion_channel"":30.5,""period_ms"":12.400150299072266}"
195952,1,2391.9001,2391.9001,False,0.75,"{""inversion_rho"":null,""inversion_channel"":37.5,""period_ms"":12.400150299072266}"
195952,1,2397.1,2397.1,False,1.0,"{""inversion_rho"":null,""inversion_channel"":30.5,""period_ms"":12.400150299072266}"
195952,1,2416.1,2416.1,False,0.25,"{""inversion_rho"":null,""inversion_channel"":10.0,""period_ms"":16.7999267578125}"
195952,1,2429.8,2429.8,False,0.25,"{""inversion_rho"":null,""inversion_channel"":17.5,""period_ms"":16.7999267578125}"
195952,1,2446.6,2446.6,False,1.0,"{""inversion_rho"":null,""inversion_channel"":31.5,""period_ms"":16.7999267578125}"
195952,1,2474.8001,2474.8001,False,1.0,"{""inversion_rho"":null,""inversion_channel"":31.5,""period_ms"":16.7999267578125}"
195952,1,2480.2001,2480.2001,False,1.0,"{""inversion_rho"":null,""inversion_channel"":31.5,""period_ms"":null}"
195952,1,2505.1,2505.1,False,1.0,"{""inversion_rho"":null,""inversion_channel"":37.5,""period_ms"":null}"
195952,1,2515.0001,2515.0001,False,0.25,"{""inversion_rho"":null,""inversion_channel"":36.5,""period_ms"":6.149888038635254}"
195952,1,2521.1999,2521.1999,False,0.875,"{""inversion_rho"":null,""inversion_channel"":13.5,""period_ms"":6.149888038635254}"
195952,1,2527.2999,2527.2999,False,1.0,"{""inversion_rho"":null,""inversion_channel"":31.5,""period_ms"":6.149888038635254}"
195952,1,2559.7999,2559.7999,False,1.0,"{""inversion_rho"":null,""inversion_channel"":38.5,""period_ms"":null}"
195952,1,2565.0001,2565.0001,False,1.0,"{""inversion_rho"":null,""inversion_channel"":44.5,""period_ms"":null}"
195952,1,2642.0,2642.0,False,1.0,"{""inversion_rho"":null,""inversion_channel"":31.5,""period_ms"":null}"
195952,1,2659.4,2659.4,False,0.5,"{""inversion_rho"":null,""inversion_channel"":36.5,""period_ms"":null}"
195952,1,2712.1,2712.1,False,1.0,"{""inversion_rho"":null,""inversion_channel"":27.0,""period_ms"":20.799994468688965}"
195952,1,2731.3001,2731.3001,False,0.25,"{""inversion_rho"":null,""inversion_channel"":29.5,""period_ms"":20.799994468688965}"
195952,1,2753.7,2753.7,False,0.375,"{""inversion_rho"":null,""inversion_channel"":29.5,""period_ms"":20.799994468688965}"
195952,1,3973.4001,3973.4001,False,0.375,"{""inversion_rho"":null,""inversion_channel"":30.5,""period_ms"":null}"
195952,1,4335.8998,4335.8998,False,0.25,"{""inversion_rho"":null,""inversion_channel"":39.5,""period_ms"":null}"
195952,1,4388.5999,4388.5999,False,0.25,"{""inversion_rho"":null,""inversion_channel"":32.5,""period_ms"":null}"
195952,1,4404.0999,4404.0999,False,0.5,"{""inversion_rho"":null,""inversion_channel"":34.5,""period_ms"":null}"
195952,1,4455.9002,4455.9002,False,0.25,"{""inversion_rho"":null,""inversion_channel"":16.5,""period_ms"":null}"
195952,1,4462.6999,4462.6999,False,0.25,"{""inversion_rho"":null,""inversion_channel"":28.0,""period_ms"":null}"
195952,1,4515.3999,4515.3999,False,0.25,"{""inversion_rho"":null,""inversion_channel"":22.0,""period_ms"":null}"
195952,1,43.6,73.5,True,1.0,"{""inversion_rho"":null,""inversion_channel"":10.5,""period_ms"":6.449999287724495}"
195952,1,1993.1999,2096.9999,True,1.0,"{""inversion_rho"":null,""inversion_channel"":24.5,""period_ms"":26.800096035003662}"
195952,1,2105.2001,2144.5999,True,1.0,"{""inversion_rho"":null,""inversion_channel"":39.5,""period_ms"":19.699931144714355}"
195952,1,2207.7999,2397.1,True,1.0,"{""inversion_rho"":null,""inversion_channel"":30.5,""period_ms"":12.400150299072266}"
195952,1,2416.1,2474.8001,True,1.0,"{""inversion_rho"":null,""inversion_channel"":24.5,""period_ms"":16.7999267578125}"
195952,1,2515.0001,2527.2999,True,1.0,"{""inversion_rho"":null,""inversion_channel"":31.5,""period_ms"":6.149888038635254}"
195952,1,2712.1,2753.7,True,1.0,"{""inversion_rho"":null,""inversion_channel"":29.5,""period_ms"":20.799994468688965}"
195956,1,90.2,90.2,False,0.875,"{""inversion_rho"":null,""inversion_channel"":39.5,""period_ms"":null}"
195956,1,2021.6,2021.6,False,1.0,"{""inversion_rho"":null,""inversion_channel"":20.0,""period_ms"":13.60011100769043}"
195956,1,2035.2001,2035.2001,False,1.0,"{""inversion_rho"":null,""inversion_channel"":22.5,""period_ms"":13.60011100769043}"
195956,1,2055.0001,2055.0001,False,1.0,"{""inversion_rho"":null,""inversion_channel"":39.5,""period_ms"":13.60011100769043}"
195956,1,2070.6,2070.6,False,1.0,"{""inversion_rho"":null,""inversion_channel"":21.5,""period_ms"":13.60011100769043}"
195956,1,2081.7001,2081.7001,False,0.75,"{""inversion_rho"":null,""inversion_channel"":23.5,""period_ms"":13.60011100769043}"
195956,1,2088.0001,2088.0001,False,0.875,"{""inversion_rho"":null,""inversion_channel"":21.5,""period_ms"":13.60011100769043}"
195956,1,2109.2999,2109.2999,False,1.0,"{""inversion_rho"":null,""inversion_channel"":24.5,""period_ms"":9.05001163482666}"
195956,1,2115.5,2115.5,False,0.875,"{""inversion_rho"":null,""inversion_channel"":42.5,""period_ms"":9.05001163482666}"
195956,1,2122.9999,2122.9999,False,1.0,"{""inversion_rho"":null,""inversion_channel"":25.5,""period_ms"":9.05001163482666}"
195956,1,2133.1,2133.1,False,1.0,"{""inversion_rho"":null,""inversion_channel"":25.5,""period_ms"":9.05001163482666}"
195956,1,2141.2001,2141.2001,False,0.75,"{""inversion_rho"":null,""inversion_channel"":25.5,""period_ms"":9.05001163482666}"
195956,1,2151.9001,2151.9001,False,1.0,"{""inversion_rho"":null,""inversion_channel"":26.5,""period_ms"":9.05001163482666}"
195956,1,2160.7001,2160.7001,False,0.875,"{""inversion_rho"":null,""inversion_channel"":25.5,""period_ms"":9.05001163482666}"
195956,1,2170.0001,2170.0001,False,1.0,"{""inversion_rho"":null,""inversion_channel"":1.5,""period_ms"":9.05001163482666}"
195956,1,2181.9999,2181.9999,False,1.0,"{""inversion_rho"":null,""inversion_channel"":27.5,""period_ms"":9.05001163482666}"
195956,1,2229.6,2229.6,False,0.5,"{""inversion_rho"":null,""inversion_channel"":28.5,""period_ms"":11.099934577941895}"
195956,1,2235.1,2235.1,False,1.0,"{""inversion_rho"":null,""inversion_channel"":39.5,""period_ms"":11.099934577941895}"
195956,1,2242.6,2242.6,False,0.375,"{""inversion_rho"":null,""inversion_channel"":39.5,""period_ms"":11.099934577941895}"
195956,1,2250.7,2250.7,False,1.0,"{""inversion_rho"":null,""inversion_channel"":29.5,""period_ms"":11.099934577941895}"
195956,1,2259.3,2259.3,False,0.375,"{""inversion_rho"":null,""inversion_channel"":3.5,""period_ms"":11.099934577941895}"
195956,1,2270.2,2270.2,False,1.0,"{""inversion_rho"":null,""inversion_channel"":29.5,""period_ms"":11.099934577941895}"
195956,1,2283.2,2283.2,False,0.5,"{""inversion_rho"":null,""inversion_channel"":36.5,""period_ms"":11.099934577941895}"
195956,1,2301.0001,2301.0001,False,1.0,"{""inversion_rho"":null,""inversion_channel"":39.5,""period_ms"":11.099934577941895}"
195956,1,2312.3,2312.3,False,0.25,"{""inversion_rho"":null,""inversion_channel"":27.5,""period_ms"":11.099934577941895}"
195956,1,2333.3001,2333.3001,False,1.0,"{""inversion_rho"":null,""inversion_channel"":39.5,""period_ms"":11.099934577941895}"
195956,1,2376.1001,2376.1001,False,1.0,"{""inversion_rho"":null,""inversion_channel"":39.5,""period_ms"":11.099934577941895}"
195956,1,2391.0,2391.0,False,1.0,"{""inversion_rho"":null,""inversion_channel"":32.5,""period_ms"":null}"
195956,1,2397.8,2397.8,False,1.0,"{""inversion_rho"":null,""inversion_channel"":40.0,""period_ms"":null}"
195956,1,2416.1999,2416.1999,False,0.25,"{""inversion_rho"":null,""inversion_channel"":19.0,""period_ms"":12.30001449584961}"
195956,1,2431.4001,2431.4001,False,0.75,"{""inversion_rho"":null,""inversion_channel"":33.5,""period_ms"":12.30001449584961}"
195956,1,2440.8,2440.8,False,0.25,"{""inversion_rho"":null,""inversion_channel"":38.0,""period_ms"":12.30001449584961}"
195956,1,2476.5,2476.5,False,0.25,"{""inversion_rho"":null,""inversion_channel"":38.5,""period_ms"":null}"
195956,1,2509.5999,2509.5999,False,0.5,"{""inversion_rho"":null,""inversion_channel"":39.5,""period_ms"":null}"
195956,1,4280.4999,4280.4999,False,0.375,"{""inversion_rho"":null,""inversion_channel"":29.0,""period_ms"":65.7501220703125}"
195956,1,4338.9001,4338.9001,False,0.375,"{""inversion_rho"":null,""inversion_channel"":36.0,""period_ms"":65.7501220703125}"
195956,1,4412.0002,4412.0002,False,0.25,"{""inversion_rho"":null,""inversion_channel"":19.5,""period_ms"":65.7501220703125}"
195956,1,4440.5999,4440.5999,False,0.25,"{""inversion_rho"":null,""inversion_channel"":24.5,""period_ms"":null}"
195956,1,4458.4999,4458.4999,False,0.625,"{""inversion_rho"":null,""inversion_channel"":32.5,""period_ms"":null}"
195956,1,2021.6,2088.0001,True,1.0,"{""inversion_rho"":null,""inversion_channel"":22.0,""period_ms"":13.60011100769043}"
195956,1,2109.2999,2181.9999,True,1.0,"{""inversion_rho"":null,""inversion_channel"":25.5,""period_ms"":9.05001163482666}"
195956,1,2229.6,2376.1001,True,1.0,"{""inversion_rho"":null,""inversion_channel"":36.5,""period_ms"":11.099934577941895}"
195956,1,2416.1999,2440.8,True,1.0,"{""inversion_rho"":null,""inversion_channel"":33.5,""period_ms"":12.30001449584961}"
195956,1,4280.4999,4412.0002,True,1.0,"{""inversion_rho"":null,""inversion_channel"":29.0,""period_ms"":65.7501220703125}"
195959,1,66.4,66.4,False,1.0,"{""inversion_rho"":null,""inversion_channel"":13.5,""period_ms"":null}"
195959,1,1729.9,1729.9,False,1.0,"{""inversion_rho"":null,""inversion_channel"":6.5,""period_ms"":null}"
195959,1,1778.1,1778.1,False,1.0,"{""inversion_rho"":null,""inversion_channel"":41.5,""period_ms"":null}"
195959,1,1795.7,1795.7,False,0.25,"{""inversion_rho"":null,""inversion_channel"":41.5,""period_ms"":null}"
195959,1,1832.4,1832.4,False,1.0,"{""inversion_rho"":null,""inversion_channel"":7.5,""period_ms"":null}"
195959,1,2041.8,2041.8,False,1.0,"{""inversion_rho"":null,""inversion_channel"":36.5,""period_ms"":null}"
195959,1,2053.2999,2053.2999,False,1.0,"{""inversion_rho"":null,""inversion_channel"":7.5,""period_ms"":null}"
195959,1,2115.9,2115.9,False,1.0,"{""inversion_rho"":null,""inversion_channel"":8.5,""period_ms"":null}"
195959,1,3270.8001,3270.8001,False,0.25,"{""inversion_rho"":null,""inversion_channel"":10.5,""period_ms"":11.399984359741211}"
195959,1,3284.8001,3284.8001,False,0.875,"{""inversion_rho"":null,""inversion_channel"":6.5,""period_ms"":11.399984359741211}"
195959,1,3293.6001,3293.6001,False,1.0,"{""inversion_rho"":null,""inversion_channel"":13.5,""period_ms"":11.399984359741211}"
195959,1,3581.3999,3581.3999,False,0.625,"{""inversion_rho"":null,""inversion_channel"":42.5,""period_ms"":10.850071907043457}"
195959,1,3589.9999,3589.9999,False,0.25,"{""inversion_rho"":null,""inversion_channel"":6.5,""period_ms"":10.850071907043457}"
195959,1,3603.1001,3603.1001,False,0.875,"{""inversion_rho"":null,""inversion_channel"":8.5,""period_ms"":10.850071907043457}"
195959,1,4908.7,4908.7,False,1.0,"{""inversion_rho"":null,""inversion_channel"":31.5,""period_ms"":13.80014419555664}"
195959,1,4924.3999,4924.3999,False,1.0,"{""inversion_rho"":null,""inversion_channel"":20.5,""period_ms"":13.80014419555664}"
195959,1,4938.7999,4938.7999,False,1.0,"{""inversion_rho"":null,""inversion_channel"":20.0,""period_ms"":13.80014419555664}"
195959,1,4952.6,4952.6,False,1.0,"{""inversion_rho"":null,""inversion_channel"":19.5,""period_ms"":13.80014419555664}"
195959,1,4966.1002,4966.1002,False,1.0,"{""inversion_rho"":null,""inversion_channel"":19.5,""period_ms"":13.80014419555664}"
195959,1,4978.7002,4978.7002,False,1.0,"{""inversion_rho"":null,""inversion_channel"":19.5,""period_ms"":13.80014419555664}"
195959,1,4991.2,4991.2,False,1.0,"{""inversion_rho"":null,""inversion_channel"":19.5,""period_ms"":13.80014419555664}"
195959,1,5014.9999,5014.9999,False,1.0,"{""inversion_rho"":null,""inversion_channel"":18.5,""period_ms"":13.80014419555664}"
195959,1,3270.8001,3293.6001,True,1.0,"{""inversion_rho"":null,""inversion_channel"":10.5,""period_ms"":11.399984359741211}"
195959,1,3581.3999,3603.1001,True,1.0,"{""inversion_rho"":null,""inversion_channel"":8.5,""period_ms"":10.850071907043457}"
195959,1,4908.7,5014.9999,True,1.0,"{""inversion_rho"":null,""inversion_channel"":19.5,""period_ms"":13.80014419555664}"
195989,1,65.7,65.7,False,0.25,"{""inversion_rho"":null,""inversion_channel"":7.5,""period_ms"":10.249998420476913}"
195989,1,72.8,72.8,False,0.25,"{""inversion_rho"":null,""inversion_channel"":3.5,""period_ms"":10.249998420476913}"
195989,1,84.2,84.2,False,0.625,"{""inversion_rho"":null,""inversion_channel"":3.5,""period_ms"":10.249998420476913}"
195989,1,96.9,96.9,False,1.0,"{""inversion_rho"":null,""inversion_channel"":4.5,""period_ms"":10.249998420476913}"
195989,1,106.0,106.0,False,0.875,"{""inversion_rho"":null,""inversion_channel"":2.5,""period_ms"":10.249998420476913}"
195989,1,112.5,112.5,False,0.25,"{""inversion_rho"":null,""inversion_channel"":23.5,""period_ms"":10.249998420476913}"
195989,1,119.3,119.3,False,1.0,"{""inversion_rho"":null,""inversion_channel"":27.5,""period_ms"":10.249998420476913}"
195989,1,132.3,132.3,False,0.625,"{""inversion_rho"":null,""inversion_channel"":4.5,""period_ms"":10.249998420476913}"
195989,1,157.4,157.4,False,0.875,"{""inversion_rho"":null,""inversion_channel"":38.5,""period_ms"":10.249998420476913}"
195989,1,1427.3,1427.3,False,0.625,"{""inversion_rho"":null,""inversion_channel"":4.5,""period_ms"":null}"
195989,1,1440.4,1440.4,False,1.0,"{""inversion_rho"":null,""inversion_channel"":1.5,""period_ms"":null}"
195989,1,1544.3,1544.3,False,0.375,"{""inversion_rho"":null,""inversion_channel"":6.0,""period_ms"":8.50003957748413}"
195989,1,1552.6,1552.6,False,0.875,"{""inversion_rho"":null,""inversion_channel"":2.5,""period_ms"":8.50003957748413}"
195989,1,1570.7999,1570.7999,False,0.375,"{""inversion_rho"":null,""inversion_channel"":17.5,""period_ms"":8.50003957748413}"
195989,1,1578.6999,1578.6999,False,1.0,"{""inversion_rho"":null,""inversion_channel"":17.5,""period_ms"":8.50003957748413}"
195989,1,1587.4,1587.4,False,0.875,"{""inversion_rho"":null,""inversion_channel"":16.5,""period_ms"":8.50003957748413}"
195989,1,1615.5,1615.5,False,1.0,"{""inversion_rho"":null,""inversion_channel"":5.5,""period_ms"":null}"
195989,1,1633.9999,1633.9999,False,1.0,"{""inversion_rho"":null,""inversion_channel"":18.5,""period_ms"":null}"
195989,1,1641.1999,1641.1999,False,1.0,"{""inversion_rho"":null,""inversion_channel"":5.5,""period_ms"":19.500017166137695}"
195989,1,1660.7,1660.7,False,0.75,"{""inversion_rho"":null,""inversion_channel"":18.0,""period_ms"":19.500017166137695}"
195989,1,1693.1,1693.1,False,1.0,"{""inversion_rho"":null,""inversion_channel"":19.5,""period_ms"":19.500017166137695}"
195989,1,1709.5,1709.5,False,1.0,"{""inversion_rho"":null,""inversion_channel"":21.0,""period_ms"":19.500017166137695}"
195989,1,1716.0,1716.0,False,0.375,"{""inversion_rho"":null,""inversion_channel"":19.5,""period_ms"":null}"
195989,1,1727.3,1727.3,False,1.0,"{""inversion_rho"":null,""inversion_channel"":19.0,""period_ms"":null}"
195989,1,1781.2001,1781.2001,False,0.25,"{""inversion_rho"":null,""inversion_channel"":18.0,""period_ms"":null}"
195989,1,1795.9,1795.9,False,1.0,"{""inversion_rho"":null,""inversion_channel"":20.5,""period_ms"":null}"
195989,1,1845.3,1845.3,False,0.625,"{""inversion_rho"":null,""inversion_channel"":19.5,""period_ms"":5.500078201293945}"
195989,1,1850.8,1850.8,False,0.875,"{""inversion_rho"":null,""inversion_channel"":18.5,""period_ms"":5.500078201293945}"
195989,1,1863.5,1863.5,False,0.75,"{""inversion_rho"":null,""inversion_channel"":5.5,""period_ms"":5.500078201293945}"
195989,1,1868.7,1868.7,False,0.25,"{""inversion_rho"":null,""inversion_channel"":19.5,""period_ms"":5.500078201293945}"
195989,1,3104.8,3104.8,False,1.0,"{""inversion_rho"":null,""inversion_channel"":15.5,""period_ms"":8.249998092651367}"
195989,1,3113.1999,3113.1999,False,1.0,"{""inversion_rho"":null,""inversion_channel"":15.5,""period_ms"":8.249998092651367}"
195989,1,3121.3,3121.3,False,0.375,"{""inversion_rho"":null,""inversion_channel"":14.5,""period_ms"":8.249998092651367}"
195989,1,3480.0,3480.0,False,0.75,"{""inversion_rho"":null,""inversion_channel"":13.5,""period_ms"":7.400035858154297}"
195989,1,3487.7,3487.7,False,0.375,"{""inversion_rho"":null,""inversion_channel"":16.5,""period_ms"":7.400035858154297}"
195989,1,3494.8001,3494.8001,False,0.5,"{""inversion_rho"":null,""inversion_channel"":14.5,""period_ms"":7.400035858154297}"
195989,1,3513.7999,3513.7999,False,0.5,"{""inversion_rho"":null,""inversion_channel"":14.5,""period_ms"":null}"
195989,1,4770.2999,4770.2999,False,0.375,"{""inversion_rho"":null,""inversion_channel"":18.5,""period_ms"":null}"
195989,1,4792.9001,4792.9001,False,0.625,"{""inversion_rho"":null,""inversion_channel"":30.5,""period_ms"":null}"
195989,1,4798.9998,4798.9998,False,0.625,"{""inversion_rho"":null,""inversion_channel"":17.5,""period_ms"":14.100074768066406}"
195989,1,4812.6001,4812.6001,False,0.625,"{""inversion_rho"":null,""inversion_channel"":31.0,""period_ms"":14.100074768066406}"
195989,1,4827.1999,4827.1999,False,0.625,"{""inversion_rho"":null,""inversion_channel"":20.5,""period_ms"":14.100074768066406}"
195989,1,4963.3002,4963.3002,False,0.375,"{""inversion_rho"":null,""inversion_channel"":31.5,""period_ms"":27.199983596801758}"
195989,1,4987.4001,4987.4001,False,0.625,"{""inversion_rho"":null,""inversion_channel"":20.5,""period_ms"":27.199983596801758}"
195989,1,5017.7002,5017.7002,False,0.875,"{""inversion_rho"":null,""inversion_channel"":14.5,""period_ms"":27.199983596801758}"
195989,1,5026.7,5026.7,False,1.0,"{""inversion_rho"":null,""inversion_channel"":31.5,""period_ms"":null}"
195989,1,65.7,157.4,True,1.0,"{""inversion_rho"":null,""inversion_channel"":4.5,""period_ms"":10.249998420476913}"
195989,1,1544.3,1587.4,True,1.0,"{""inversion_rho"":null,""inversion_channel"":16.5,""period_ms"":8.50003957748413}"
195989,1,1641.1999,1709.5,True,1.0,"{""inversion_rho"":null,""inversion_channel"":18.75,""period_ms"":19.500017166137695}"
195989,1,1845.3,1868.7,True,1.0,"{""inversion_rho"":null,""inversion_channel"":19.0,""period_ms"":5.500078201293945}"
195989,1,3104.8,3121.3,True,1.0,"{""inversion_rho"":null,""inversion_channel"":15.5,""period_ms"":8.249998092651367}"
195989,1,3480.0,3494.8001,True,1.0,"{""inversion_rho"":null,""inversion_channel"":14.5,""period_ms"":7.400035858154297}"
195989,1,4798.9998,4827.1999,True,1.0,"{""inversion_rho"":null,""inversion_channel"":20.5,""period_ms"":14.100074768066406}"
195989,1,4963.3002,5017.7002,True,1.0,"{""inversion_rho"":null,""inversion_channel"":20.5,""period_ms"":27.199983596801758}"
196020,1,53.0,53.0,False,0.625,"{""inversion_rho"":null,""inversion_channel"":5.5,""period_ms"":null}"
196020,1,71.7,71.7,False,0.5,"{""inversion_rho"":null,""inversion_channel"":12.5,""period_ms"":null}"
196020,1,1916.8,1916.8,False,1.0,"{""inversion_rho"":null,""inversion_channel"":5.0,""period_ms"":null}"
196020,1,1965.4,1965.4,False,1.0,"{""inversion_rho"":null,""inversion_channel"":1.5,""period_ms"":null}"
196020,1,1983.6,1983.6,False,1.0,"{""inversion_rho"":null,""inversion_channel"":1.5,""period_ms"":null}"
196020,1,2090.1,2090.1,False,1.0,"{""inversion_rho"":null,""inversion_channel"":4.5,""period_ms"":null}"
196020,1,2347.4,2347.4,False,1.0,"{""inversion_rho"":null,""inversion_channel"":4.5,""period_ms"":null}"
196020,1,2544.6,2544.6,False,1.0,"{""inversion_rho"":null,""inversion_channel"":6.5,""period_ms"":null}"
196020,1,2598.5999,2598.5999,False,1.0,"{""inversion_rho"":null,""inversion_channel"":5.5,""period_ms"":130.15007972717285}"
196020,1,2789.0999,2789.0999,False,1.0,"{""inversion_rho"":null,""inversion_channel"":5.5,""period_ms"":130.15007972717285}"
196020,1,2960.0,2960.0,False,1.0,"{""inversion_rho"":null,""inversion_channel"":17.5,""period_ms"":130.15007972717285}"
196020,1,3049.4001,3049.4001,False,1.0,"{""inversion_rho"":null,""inversion_channel"":4.5,""period_ms"":130.15007972717285}"
196020,1,3090.6999,3090.6999,False,1.0,"{""inversion_rho"":null,""inversion_channel"":21.0,""period_ms"":130.15007972717285}"
196020,1,3297.9,3297.9,False,1.0,"{""inversion_rho"":null,""inversion_channel"":17.5,""period_ms"":162.89997100830078}"
196020,1,3493.0999,3493.0999,False,1.0,"{""inversion_rho"":null,""inversion_channel"":17.5,""period_ms"":162.89997100830078}"
196020,1,3623.6999,3623.6999,False,1.0,"{""inversion_rho"":null,""inversion_channel"":5.5,""period_ms"":162.89997100830078}"
196020,1,3675.2,3675.2,False,1.0,"{""inversion_rho"":null,""inversion_channel"":17.5,""period_ms"":91.40002727508545}"
196020,1,3731.9,3731.9,False,1.0,"{""inversion_rho"":null,""inversion_channel"":13.0,""period_ms"":91.40002727508545}"
196020,1,3821.5001,3821.5001,False,1.0,"{""inversion_rho"":null,""inversion_channel"":17.5,""period_ms"":91.40002727508545}"
196020,1,3914.7,3914.7,False,0.625,"{""inversion_rho"":null,""inversion_channel"":4.5,""period_ms"":91.40002727508545}"
196020,1,4024.0998,4024.0998,False,1.0,"{""inversion_rho"":null,""inversion_channel"":4.0,""period_ms"":91.40002727508545}"
196020,1,4035.6998,4035.6998,False,1.0,"{""inversion_rho"":null,""inversion_channel"":17.0,""period_ms"":null}"
196020,1,4063.3998,4063.3998,False,1.0,"{""inversion_rho"":null,""inversion_channel"":13.0,""period_ms"":null}"
196020,1,4191.7,4191.7,False,1.0,"{""inversion_rho"":null,""inversion_channel"":4.5,""period_ms"":26.999950408935547}"
196020,1,4208.7998,4208.7998,False,1.0,"{""inversion_rho"":null,""inversion_channel"":17.5,""period_ms"":26.999950408935547}"
196020,1,4245.6999,4245.6999,False,1.0,"{""inversion_rho"":null,""inversion_channel"":11.0,""period_ms"":26.999950408935547}"
196020,1,4419.8999,4419.8999,False,1.0,"{""inversion_rho"":null,""inversion_channel"":5.5,""period_ms"":null}"
196020,1,4439.7998,4439.7998,False,1.0,"{""inversion_rho"":null,""inversion_channel"":17.0,""period_ms"":null}"
196020,1,4611.5999,4611.5999,False,0.375,"{""inversion_rho"":null,""inversion_channel"":18.0,""period_ms"":104.949951171875}"
196020,1,4724.8001,4724.8001,False,1.0,"{""inversion_rho"":null,""inversion_channel"":15.5,""period_ms"":104.949951171875}"
196020,1,4821.4998,4821.4998,False,1.0,"{""inversion_rho"":null,""inversion_channel"":4.5,""period_ms"":104.949951171875}"
196020,1,4837.2002,4837.2002,False,1.0,"{""inversion_rho"":null,""inversion_channel"":17.0,""period_ms"":73.1499195098877}"
196020,1,4870.9998,4870.9998,False,1.0,"{""inversion_rho"":null,""inversion_channel"":3.5,""period_ms"":73.1499195098877}"
196020,1,4939.4999,4939.4999,False,1.0,"{""inversion_rho"":null,""inversion_channel"":18.5,""period_ms"":73.1499195098877}"
196020,1,5020.4,5020.4,False,1.0,"{""inversion_rho"":null,""inversion_channel"":18.5,""period_ms"":73.1499195098877}"
196020,1,5098.1998,5098.1998,False,1.0,"{""inversion_rho"":null,""inversion_channel"":19.0,""period_ms"":73.1499195098877}"
196020,1,5176.1999,5176.1999,False,1.0,"{""inversion_rho"":null,""inversion_channel"":19.5,""period_ms"":73.1499195098877}"
196020,1,5221.0002,5221.0002,False,1.0,"{""inversion_rho"":null,""inversion_channel"":18.5,""period_ms"":73.1499195098877}"
196020,1,5348.1998,5348.1998,False,1.0,"{""inversion_rho"":null,""inversion_channel"":18.5,""period_ms"":null}"
196020,1,5477.0999,5477.0999,False,1.0,"{""inversion_rho"":null,""inversion_channel"":3.5,""period_ms"":null}"
196020,1,5487.1998,5487.1998,False,1.0,"{""inversion_rho"":null,""inversion_channel"":17.5,""period_ms"":53.89976501464844}"
196020,1,5559.8998,5559.8998,False,1.0,"{""inversion_rho"":null,""inversion_channel"":2.5,""period_ms"":53.89976501464844}"
196020,1,5616.0998,5616.0998,False,1.0,"{""inversion_rho"":null,""inversion_channel"":18.5,""period_ms"":53.89976501464844}"
196020,1,5661.0999,5661.0999,False,1.0,"{""inversion_rho"":null,""inversion_channel"":4.5,""period_ms"":53.89976501464844}"
196020,1,5701.3001,5701.3001,False,1.0,"{""inversion_rho"":null,""inversion_channel"":18.5,""period_ms"":53.89976501464844}"
196020,1,5755.1999,5755.1999,False,1.0,"{""inversion_rho"":null,""inversion_channel"":2.5,""period_ms"":53.89976501464844}"
196020,1,5779.6998,5779.6998,False,1.0,"{""inversion_rho"":null,""inversion_channel"":18.5,""period_ms"":53.89976501464844}"
196020,1,5837.5001,5837.5001,False,1.0,"{""inversion_rho"":null,""inversion_channel"":4.5,""period_ms"":53.89976501464844}"
196020,1,5855.5002,5855.5002,False,1.0,"{""inversion_rho"":null,""inversion_channel"":18.5,""period_ms"":65.64998626708984}"
196020,1,5916.9002,5916.9002,False,1.0,"{""inversion_rho"":null,""inversion_channel"":3.5,""period_ms"":65.64998626708984}"
196020,1,5986.8002,5986.8002,False,1.0,"{""inversion_rho"":null,""inversion_channel"":20.0,""period_ms"":65.64998626708984}"
196020,1,6006.1002,6006.1002,False,1.0,"{""inversion_rho"":null,""inversion_channel"":5.5,""period_ms"":47.09959030151367}"
196020,1,6053.1998,6053.1998,False,1.0,"{""inversion_rho"":null,""inversion_channel"":21.5,""period_ms"":47.09959030151367}"
196020,1,6101.9001,6101.9001,False,1.0,"{""inversion_rho"":null,""inversion_channel"":22.0,""period_ms"":47.09959030151367}"
196020,1,6130.4998,6130.4998,False,1.0,"{""inversion_rho"":null,""inversion_channel"":21.5,""period_ms"":47.09959030151367}"
196020,1,2598.5999,3090.6999,True,1.0,"{""inversion_rho"":null,""inversion_channel"":5.5,""period_ms"":130.15007972717285}"
196020,1,3297.9,3623.6999,True,1.0,"{""inversion_rho"":null,""inversion_channel"":17.5,""period_ms"":162.89997100830078}"
196020,1,3675.2,4024.0998,True,1.0,"{""inversion_rho"":null,""inversion_channel"":13.0,""period_ms"":91.40002727508545}"
196020,1,4191.7,4245.6999,True,1.0,"{""inversion_rho"":null,""inversion_channel"":11.0,""period_ms"":26.999950408935547}"
196020,1,4611.5999,4821.4998,True,1.0,"{""inversion_rho"":null,""inversion_channel"":15.5,""period_ms"":104.949951171875}"
196020,1,4837.2002,5221.0002,True,1.0,"{""inversion_rho"":null,""inversion_channel"":18.5,""period_ms"":73.1499195098877}"
196020,1,5487.1998,5837.5001,True,1.0,"{""inversion_rho"":null,""inversion_channel"":11.0,""period_ms"":53.89976501464844}"
196020,1,5855.5002,5986.8002,True,1.0,"{""inversion_rho"":null,""inversion_channel"":18.5,""period_ms"":65.64998626708984}"
196020,1,6006.1002,6130.4998,True,1.0,"{""inversion_rho"":null,""inversion_channel"":21.5,""period_ms"":47.09959030151367}"
196093,1,47.9,47.9,False,0.75,"{""inversion_rho"":null,""inversion_channel"":7.5,""period_ms"":22.79999852180481}"
196093,1,59.4,59.4,False,1.0,"{""inversion_rho"":null,""inversion_channel"":8.0,""period_ms"":22.79999852180481}"
196093,1,82.2,82.2,False,0.75,"{""inversion_rho"":null,""inversion_channel"":7.5,""period_ms"":22.79999852180481}"
196093,1,112.2,112.2,False,1.0,"{""inversion_rho"":null,""inversion_channel"":40.5,""period_ms"":22.79999852180481}"
196093,1,1458.9,1458.9,False,1.0,"{""inversion_rho"":null,""inversion_channel"":26.5,""period_ms"":13.100028038024902}"
196093,1,1472.3001,1472.3001,False,1.0,"{""inversion_rho"":null,""inversion_channel"":27.0,""period_ms"":13.100028038024902}"
196093,1,1486.3,1486.3,False,1.0,"{""inversion_rho"":null,""inversion_channel"":25.0,""period_ms"":13.100028038024902}"
196093,1,1499.5,1499.5,False,1.0,"{""inversion_rho"":null,""inversion_channel"":35.5,""period_ms"":13.100028038024902}"
196093,1,1523.3999,1523.3999,False,1.0,"{""inversion_rho"":null,""inversion_channel"":36.0,""period_ms"":13.100028038024902}"
196093,1,1537.6,1537.6,False,1.0,"{""inversion_rho"":null,""inversion_channel"":24.5,""period_ms"":13.100028038024902}"
196093,1,1552.0,1552.0,False,1.0,"{""inversion_rho"":null,""inversion_channel"":25.0,""period_ms"":13.100028038024902}"
196093,1,1565.0001,1565.0001,False,1.0,"{""inversion_rho"":null,""inversion_channel"":23.5,""period_ms"":13.100028038024902}"
196093,1,1577.1,1577.1,False,0.75,"{""inversion_rho"":null,""inversion_channel"":25.5,""period_ms"":13.100028038024902}"
196093,1,1589.6,1589.6,False,1.0,"{""inversion_rho"":null,""inversion_channel"":23.0,""period_ms"":13.100028038024902}"
196093,1,1602.1,1602.1,False,0.5,"{""inversion_rho"":null,""inversion_channel"":24.0,""period_ms"":13.100028038024902}"
196093,1,1620.6,1620.6,False,1.0,"{""inversion_rho"":null,""inversion_channel"":23.0,""period_ms"":13.100028038024902}"
196093,1,1635.0,1635.0,False,1.0,"{""inversion_rho"":null,""inversion_channel"":22.5,""period_ms"":13.100028038024902}"
196093,1,1647.1,1647.1,False,1.0,"{""inversion_rho"":null,""inversion_channel"":23.0,""period_ms"":13.100028038024902}"
196093,1,1656.8,1656.8,False,1.0,"{""inversion_rho"":null,""inversion_channel"":24.5,""period_ms"":13.100028038024902}"
196093,1,1672.7,1672.7,False,1.0,"{""inversion_rho"":null,""inversion_channel"":22.0,""period_ms"":13.100028038024902}"
196093,1,1682.4,1682.4,False,1.0,"{""inversion_rho"":null,""inversion_channel"":22.5,""period_ms"":13.100028038024902}"
196093,1,1694.2,1694.2,False,1.0,"{""inversion_rho"":null,""inversion_channel"":22.0,""period_ms"":13.100028038024902}"
196093,1,1704.3,1704.3,False,1.0,"{""inversion_rho"":null,""inversion_channel"":22.0,""period_ms"":13.100028038024902}"
196093,1,1744.9,1744.9,False,1.0,"{""inversion_rho"":null,""inversion_channel"":20.5,""period_ms"":7.00002908706665}"
196093,1,1751.7,1751.7,False,1.0,"{""inversion_rho"":null,""inversion_channel"":21.0,""period_ms"":7.00002908706665}"
196093,1,1758.9,1758.9,False,1.0,"{""inversion_rho"":null,""inversion_channel"":20.5,""period_ms"":7.00002908706665}"
196093,1,1783.8,1783.8,False,0.5,"{""inversion_rho"":null,""inversion_channel"":35.5,""period_ms"":null}"
196093,1,1824.3999,1824.3999,False,1.0,"{""inversion_rho"":null,""inversion_channel"":19.5,""period_ms"":null}"
196093,1,1831.9,1831.9,False,1.0,"{""inversion_rho"":null,""inversion_channel"":20.5,""period_ms"":45.20004987716675}"
196093,1,1910.9,1910.9,False,1.0,"{""inversion_rho"":null,""inversion_channel"":35.0,""period_ms"":45.20004987716675}"
196093,1,1958.1,1958.1,False,0.25,"{""inversion_rho"":null,""inversion_channel"":18.5,""period_ms"":45.20004987716675}"
196093,1,2001.3001,2001.3001,False,0.75,"{""inversion_rho"":null,""inversion_channel"":35.0,""period_ms"":45.20004987716675}"
196093,1,2031.6,2031.6,False,0.875,"{""inversion_rho"":null,""inversion_channel"":24.5,""period_ms"":45.20004987716675}"
196093,1,2125.6001,2125.6001,False,0.625,"{""inversion_rho"":null,""inversion_channel"":24.0,""period_ms"":null}"
196093,1,2150.3999,2150.3999,False,0.75,"{""inversion_rho"":null,""inversion_channel"":37.5,""period_ms"":null}"
196093,1,2224.0,2224.0,False,0.75,"{""inversion_rho"":null,""inversion_channel"":23.5,""period_ms"":null}"
196093,1,2327.3001,2327.3001,False,1.0,"{""inversion_rho"":null,""inversion_channel"":20.5,""period_ms"":null}"
196093,1,2334.1999,2334.1999,False,1.0,"{""inversion_rho"":null,""inversion_channel"":20.5,""period_ms"":8.100032806396484}"
196093,1,2342.2999,2342.2999,False,0.75,"{""inversion_rho"":null,""inversion_channel"":37.0,""period_ms"":8.100032806396484}"
196093,1,2347.4,2347.4,False,0.375,"{""inversion_rho"":null,""inversion_channel"":38.0,""period_ms"":8.100032806396484}"
196093,1,2359.4999,2359.4999,False,0.625,"{""inversion_rho"":null,""inversion_channel"":18.5,""period_ms"":8.100032806396484}"
196093,1,2429.1,2429.1,False,0.875,"{""inversion_rho"":null,""inversion_channel"":20.5,""period_ms"":null}"
196093,1,2434.7,2434.7,False,0.75,"{""inversion_rho"":null,""inversion_channel"":24.0,""period_ms"":null}"
196093,1,2461.8001,2461.8001,False,0.625,"{""inversion_rho"":null,""inversion_channel"":20.5,""period_ms"":null}"
196093,1,2520.4,2520.4,False,0.75,"{""inversion_rho"":null,""inversion_channel"":20.5,""period_ms"":null}"
196093,1,2537.4999,2537.4999,False,0.625,"{""inversion_rho"":null,""inversion_channel"":35.0,""period_ms"":null}"
196093,1,2544.4,2544.4,False,0.625,"{""inversion_rho"":null,""inversion_channel"":36.0,""period_ms"":null}"
196093,1,2625.7,2625.7,False,0.875,"{""inversion_rho"":null,""inversion_channel"":23.0,""period_ms"":5.149960517883301}"
196093,1,2630.8999,2630.8999,False,0.5,"{""inversion_rho"":null,""inversion_channel"":20.5,""period_ms"":5.149960517883301}"
196093,1,2635.9999,2635.9999,False,0.75,"{""inversion_rho"":null,""inversion_channel"":20.5,""period_ms"":5.149960517883301}"
196093,1,2664.0,2664.0,False,0.625,"{""inversion_rho"":null,""inversion_channel"":21.5,""period_ms"":null}"
196093,1,2838.5999,2838.5999,False,0.75,"{""inversion_rho"":null,""inversion_channel"":35.5,""period_ms"":null}"
196093,1,2859.4999,2859.4999,False,0.25,"{""inversion_rho"":null,""inversion_channel"":37.5,""period_ms"":null}"
196093,1,2915.0,2915.0,False,0.25,"{""inversion_rho"":null,""inversion_channel"":17.5,""period_ms"":null}"
196093,1,2920.3,2920.3,False,1.0,"{""inversion_rho"":null,""inversion_channel"":20.0,""period_ms"":null}"
196093,1,2933.1,2933.1,False,0.375,"{""inversion_rho"":null,""inversion_channel"":20.5,""period_ms"":null}"
196093,1,3029.7,3029.7,False,0.75,"{""inversion_rho"":null,""inversion_channel"":25.0,""period_ms"":5.699872970581055}"
196093,1,3035.3999,3035.3999,False,0.875,"{""inversion_rho"":null,""inversion_channel"":35.5,""period_ms"":5.699872970581055}"
196093,1,3041.3001,3041.3001,False,0.75,"{""inversion_rho"":null,""inversion_channel"":36.0,""period_ms"":5.699872970581055}"
196093,1,3046.7,3046.7,False,0.375,"{""inversion_rho"":null,""inversion_channel"":36.0,""period_ms"":5.699872970581055}"
196093,1,3121.5,3121.5,False,0.875,"{""inversion_rho"":null,""inversion_channel"":19.5,""period_ms"":null}"
196093,1,3127.1,3127.1,False,0.75,"{""inversion_rho"":null,""inversion_channel"":25.0,""period_ms"":null}"
196093,1,3141.5999,3141.5999,False,0.875,"{""inversion_rho"":null,""inversion_channel"":36.5,""period_ms"":null}"
196093,1,3218.6,3218.6,False,0.25,"{""inversion_rho"":null,""inversion_channel"":16.5,""period_ms"":null}"
196093,1,3232.5001,3232.5001,False,0.875,"{""inversion_rho"":null,""inversion_channel"":24.5,""period_ms"":5.499839782714844}"
196093,1,3237.6001,3237.6001,False,0.375,"{""inversion_rho"":null,""inversion_channel"":20.5,""period_ms"":5.499839782714844}"
196093,1,3249.9001,3249.9001,False,0.75,"{""inversion_rho"":null,""inversion_channel"":37.0,""period_ms"":5.499839782714844}"
196093,1,3255.3999,3255.3999,False,0.25,"{""inversion_rho"":null,""inversion_channel"":18.5,""period_ms"":5.499839782714844}"
196093,1,3326.6001,3326.6001,False,1.0,"{""inversion_rho"":null,""inversion_channel"":34.0,""period_ms"":null}"
196093,1,3332.4001,3332.4001,False,0.875,"{""inversion_rho"":null,""inversion_channel"":20.5,""period_ms"":null}"
196093,1,3355.2001,3355.2001,False,0.875,"{""inversion_rho"":null,""inversion_channel"":18.5,""period_ms"":85.00003814697266}"
196093,1,3440.2001,3440.2001,False,0.625,"{""inversion_rho"":null,""inversion_channel"":35.5,""period_ms"":85.00003814697266}"
196093,1,3605.0999,3605.0999,False,1.0,"{""inversion_rho"":null,""inversion_channel"":16.5,""period_ms"":85.00003814697266}"
196093,1,3698.0,3698.0,False,1.0,"{""inversion_rho"":null,""inversion_channel"":17.0,""period_ms"":85.00003814697266}"
196093,1,3778.7001,3778.7001,False,1.0,"{""inversion_rho"":null,""inversion_channel"":41.5,""period_ms"":85.00003814697266}"
196093,1,3826.1001,3826.1001,False,0.25,"{""inversion_rho"":null,""inversion_channel"":24.0,""period_ms"":85.00003814697266}"
196093,1,3834.8,3834.8,False,0.625,"{""inversion_rho"":null,""inversion_channel"":24.0,""period_ms"":null}"
196093,1,4047.8001,4047.8001,False,0.25,"{""inversion_rho"":null,""inversion_channel"":23.0,""period_ms"":null}"
196093,1,4104.8002,4104.8002,False,1.0,"{""inversion_rho"":null,""inversion_channel"":16.5,""period_ms"":54.599761962890625}"
196093,1,4159.4,4159.4,False,0.375,"{""inversion_rho"":null,""inversion_channel"":24.5,""period_ms"":54.599761962890625}"
196093,1,4200.0999,4200.0999,False,1.0,"{""inversion_rho"":null,""inversion_channel"":40.5,""period_ms"":54.599761962890625}"
196093,1,4268.3001,4268.3001,False,1.0,"{""inversion_rho"":null,""inversion_channel"":21.5,""period_ms"":54.599761962890625}"
196093,1,4277.5998,4277.5998,False,0.5,"{""inversion_rho"":null,""inversion_channel"":32.0,""period_ms"":null}"
196093,1,4282.8999,4282.8999,False,0.375,"{""inversion_rho"":null,""inversion_channel"":34.0,""period_ms"":null}"
196093,1,4322.5999,4322.5999,False,0.25,"{""inversion_rho"":null,""inversion_channel"":24.0,""period_ms"":null}"
196093,1,4330.9002,4330.9002,False,0.25,"{""inversion_rho"":null,""inversion_channel"":25.0,""period_ms"":null}"
196093,1,4418.0999,4418.0999,False,0.375,"{""inversion_rho"":null,""inversion_channel"":20.0,""period_ms"":null}"
196093,1,4425.0002,4425.0002,False,0.625,"{""inversion_rho"":null,""inversion_channel"":20.0,""period_ms"":null}"
196093,1,4547.5998,4547.5998,False,0.5,"{""inversion_rho"":null,""inversion_channel"":22.0,""period_ms"":null}"
196093,1,4561.1,4561.1,False,0.5,"{""inversion_rho"":null,""inversion_channel"":30.0,""period_ms"":null}"
196093,1,4624.8999,4624.8999,False,1.0,"{""inversion_rho"":null,""inversion_channel"":14.5,""period_ms"":null}"
196093,1,4701.4999,4701.4999,False,1.0,"{""inversion_rho"":null,""inversion_channel"":16.5,""period_ms"":null}"
196093,1,4731.6999,4731.6999,False,0.5,"{""inversion_rho"":null,""inversion_channel"":23.5,""period_ms"":16.550064086914062}"
196093,1,4751.8001,4751.8001,False,0.75,"{""inversion_rho"":null,""inversion_channel"":37.0,""period_ms"":16.550064086914062}"
196093,1,4768.0998,4768.0998,False,1.0,"{""inversion_rho"":null,""inversion_channel"":42.5,""period_ms"":16.550064086914062}"
196093,1,4784.9002,4784.9002,False,0.25,"{""inversion_rho"":null,""inversion_channel"":29.5,""period_ms"":16.550064086914062}"
196093,1,4815.8002,4815.8002,False,0.25,"{""inversion_rho"":null,""inversion_channel"":17.5,""period_ms"":16.550064086914062}"
196093,1,4829.2999,4829.2999,False,0.5,"{""inversion_rho"":null,""inversion_channel"":26.0,""period_ms"":16.550064086914062}"
196093,1,4838.6002,4838.6002,False,0.375,"{""inversion_rho"":null,""inversion_channel"":26.5,""period_ms"":16.550064086914062}"
196093,1,4913.6,4913.6,False,0.375,"{""inversion_rho"":null,""inversion_channel"":17.5,""period_ms"":null}"
196093,1,4945.4999,4945.4999,False,0.25,"{""inversion_rho"":null,""inversion_channel"":17.5,""period_ms"":null}"
196093,1,5043.3002,5043.3002,False,0.5,"{""inversion_rho"":null,""inversion_channel"":31.5,""period_ms"":69.99969482421875}"
196093,1,5113.2998,5113.2998,False,1.0,"{""inversion_rho"":null,""inversion_channel"":15.5,""period_ms"":69.99969482421875}"
196093,1,5211.5998,5211.5998,False,1.0,"{""inversion_rho"":null,""inversion_channel"":17.0,""period_ms"":69.99969482421875}"
196093,1,5271.9998,5271.9998,False,1.0,"{""inversion_rho"":null,""inversion_channel"":40.5,""period_ms"":69.99969482421875}"
196093,1,5288.7001,5288.7001,False,0.25,"{""inversion_rho"":null,""inversion_channel"":40.0,""period_ms"":8.39996337890625}"
196093,1,5305.5,5305.5,False,0.375,"{""inversion_rho"":null,""inversion_channel"":22.5,""period_ms"":8.39996337890625}"
196093,1,5313.9,5313.9,False,0.375,"{""inversion_rho"":null,""inversion_channel"":23.0,""period_ms"":8.39996337890625}"
196093,1,5319.5,5319.5,False,1.0,"{""inversion_rho"":null,""inversion_channel"":15.0,""period_ms"":8.39996337890625}"
196093,1,5340.0002,5340.0002,False,0.625,"{""inversion_rho"":null,""inversion_channel"":17.0,""period_ms"":null}"
196093,1,5346.3998,5346.3998,False,0.625,"{""inversion_rho"":null,""inversion_channel"":17.5,""period_ms"":null}"
196093,1,5364.8,5364.8,False,1.0,"{""inversion_rho"":null,""inversion_channel"":13.5,""period_ms"":12.599945068359375}"
196093,1,5379.4999,5379.4999,False,1.0,"{""inversion_rho"":null,""inversion_channel"":41.0,""period_ms"":12.599945068359375}"
196093,1,5385.6001,5385.6001,False,1.0,"{""inversion_rho"":null,""inversion_channel"":39.5,""period_ms"":12.599945068359375}"
196093,1,5391.0999,5391.0999,False,1.0,"{""inversion_rho"":null,""inversion_channel"":39.5,""period_ms"":12.599945068359375}"
196093,1,5396.1,5396.1,False,0.375,"{""inversion_rho"":null,""inversion_channel"":19.5,""period_ms"":12.599945068359375}"
196093,1,5401.1998,5401.1998,False,0.25,"{""inversion_rho"":null,""inversion_channel"":19.5,""period_ms"":12.599945068359375}"
196093,1,5406.3001,5406.3001,False,1.0,"{""inversion_rho"":null,""inversion_channel"":19.0,""period_ms"":12.599945068359375}"
196093,1,5418.9,5418.9,False,0.25,"{""inversion_rho"":null,""inversion_channel"":24.0,""period_ms"":12.599945068359375}"
196093,1,5448.5998,5448.5998,False,1.0,"{""inversion_rho"":null,""inversion_channel"":8.5,""period_ms"":12.599945068359375}"
196093,1,5464.7999,5464.7999,False,1.0,"{""inversion_rho"":null,""inversion_channel"":13.5,""period_ms"":12.599945068359375}"
196093,1,5480.8002,5480.8002,False,0.25,"{""inversion_rho"":null,""inversion_channel"":31.0,""period_ms"":12.599945068359375}"
196093,1,5491.9,5491.9,False,0.375,"{""inversion_rho"":null,""inversion_channel"":27.5,""period_ms"":12.599945068359375}"
196093,1,5505.6,5505.6,False,0.375,"{""inversion_rho"":null,""inversion_channel"":20.0,""period_ms"":12.599945068359375}"
196093,1,5537.7002,5537.7002,False,0.625,"{""inversion_rho"":null,""inversion_channel"":20.5,""period_ms"":12.599945068359375}"
196093,1,5546.9999,5546.9999,False,0.625,"{""inversion_rho"":null,""inversion_channel"":18.5,""period_ms"":null}"
196093,1,5563.7002,5563.7002,False,0.375,"{""inversion_rho"":null,""inversion_channel"":36.5,""period_ms"":null}"
196093,1,5570.3001,5570.3001,False,0.625,"{""inversion_rho"":null,""inversion_channel"":19.0,""period_ms"":12.349843978881836}"
196093,1,5579.2999,5579.2999,False,0.625,"{""inversion_rho"":null,""inversion_channel"":20.5,""period_ms"":12.349843978881836}"
196093,1,5594.9998,5594.9998,False,0.375,"{""inversion_rho"":null,""inversion_channel"":16.5,""period_ms"":12.349843978881836}"
196093,1,47.9,112.2,True,1.0,"{""inversion_rho"":null,""inversion_channel"":7.75,""period_ms"":22.79999852180481}"
196093,1,1458.9,1704.3,True,1.0,"{""inversion_rho"":null,""inversion_channel"":24.0,""period_ms"":13.100028038024902}"
196093,1,1744.9,1758.9,True,1.0,"{""inversion_rho"":null,""inversion_channel"":20.5,""period_ms"":7.00002908706665}"
196093,1,1831.9,2031.6,True,1.0,"{""inversion_rho"":null,""inversion_channel"":24.5,""period_ms"":45.20004987716675}"
196093,1,2334.1999,2359.4999,True,1.0,"{""inversion_rho"":null,""inversion_channel"":28.75,""period_ms"":8.100032806396484}"
196093,1,2625.7,2635.9999,True,1.0,"{""inversion_rho"":null,""inversion_channel"":20.5,""period_ms"":5.149960517883301}"
196093,1,3029.7,3046.7,True,1.0,"{""inversion_rho"":null,""inversion_channel"":35.75,""period_ms"":5.699872970581055}"
196093,1,3232.5001,3255.3999,True,1.0,"{""inversion_rho"":null,""inversion_channel"":22.5,""period_ms"":5.499839782714844}"
196093,1,3355.2001,3826.1001,True,1.0,"{""inversion_rho"":null,""inversion_channel"":21.25,""period_ms"":85.00003814697266}"
196093,1,4104.8002,4268.3001,True,1.0,"{""inversion_rho"":null,""inversion_channel"":23.0,""period_ms"":54.599761962890625}"
196093,1,4731.6999,4838.6002,True,1.0,"{""inversion_rho"":null,""inversion_channel"":26.5,""period_ms"":16.550064086914062}"
196093,1,5043.3002,5271.9998,True,1.0,"{""inversion_rho"":null,""inversion_channel"":24.25,""period_ms"":69.99969482421875}"
196093,1,5288.7001,5319.5,True,1.0,"{""inversion_rho"":null,""inversion_channel"":22.75,""period_ms"":8.39996337890625}"
196093,1,5364.8,5537.7002,True,1.0,"{""inversion_rho"":null,""inversion_channel"":20.25,""period_ms"":12.599945068359375}"
196093,1,5570.3001,5594.9998,True,1.0,"{""inversion_rho"":null,""inversion_channel"":19.0,""period_ms"":12.349843978881836}"
196096,1,47.6,47.6,False,0.25,"{""inversion_rho"":null,""inversion_channel"":7.5,""period_ms"":null}"
196096,1,1483.8001,1483.8001,False,1.0,"{""inversion_rho"":null,""inversion_channel"":26.0,""period_ms"":13.000011444091797}"
196096,1,1521.3,1521.3,False,1.0,"{""inversion_rho"":null,""inversion_channel"":25.0,""period_ms"":13.000011444091797}"
196096,1,1543.4999,1543.4999,False,1.0,"{""inversion_rho"":null,""inversion_channel"":25.0,""period_ms"":13.000011444091797}"
196096,1,1555.4,1555.4,False,1.0,"{""inversion_rho"":null,""inversion_channel"":37.0,""period_ms"":13.000011444091797}"
196096,1,1567.7,1567.7,False,0.875,"{""inversion_rho"":null,""inversion_channel"":27.5,""period_ms"":13.000011444091797}"
196096,1,1580.7,1580.7,False,1.0,"{""inversion_rho"":null,""inversion_channel"":25.0,""period_ms"":13.000011444091797}"
196096,1,1593.6,1593.6,False,1.0,"{""inversion_rho"":null,""inversion_channel"":24.5,""period_ms"":13.000011444091797}"
196096,1,1609.3,1609.3,False,1.0,"{""inversion_rho"":null,""inversion_channel"":24.5,""period_ms"":13.000011444091797}"
196096,1,1627.7,1627.7,False,1.0,"{""inversion_rho"":null,""inversion_channel"":24.0,""period_ms"":13.000011444091797}"
196096,1,1639.6,1639.6,False,1.0,"{""inversion_rho"":null,""inversion_channel"":22.5,""period_ms"":13.000011444091797}"
196096,1,1753.6,1753.6,False,1.0,"{""inversion_rho"":null,""inversion_channel"":21.0,""period_ms"":null}"
196096,1,1809.6,1809.6,False,1.0,"{""inversion_rho"":null,""inversion_channel"":20.0,""period_ms"":null}"
196096,1,1826.0,1826.0,False,1.0,"{""inversion_rho"":null,""inversion_channel"":19.5,""period_ms"":null}"
196096,1,1852.2,1852.2,False,1.0,"{""inversion_rho"":null,""inversion_channel"":19.5,""period_ms"":null}"
196096,1,1859.0,1859.0,False,0.875,"{""inversion_rho"":null,""inversion_channel"":20.5,""period_ms"":null}"
196096,1,1866.1,1866.1,False,1.0,"{""inversion_rho"":null,""inversion_channel"":20.0,""period_ms"":null}"
196096,1,1886.1001,1886.1001,False,1.0,"{""inversion_rho"":null,""inversion_channel"":19.0,""period_ms"":null}"
196096,1,1920.8,1920.8,False,1.0,"{""inversion_rho"":null,""inversion_channel"":18.5,""period_ms"":null}"
196096,1,1927.8001,1927.8001,False,1.0,"{""inversion_rho"":null,""inversion_channel"":19.5,""period_ms"":12.69984245300293}"
196096,1,1947.9001,1947.9001,False,1.0,"{""inversion_rho"":null,""inversion_channel"":18.5,""period_ms"":12.69984245300293}"
196096,1,1965.6,1965.6,False,1.0,"{""inversion_rho"":null,""inversion_channel"":18.5,""period_ms"":12.69984245300293}"
196096,1,1981.5,1981.5,False,1.0,"{""inversion_rho"":null,""inversion_channel"":18.5,""period_ms"":12.69984245300293}"
196096,1,1988.1999,1988.1999,False,1.0,"{""inversion_rho"":null,""inversion_channel"":18.5,""period_ms"":12.69984245300293}"
196096,1,1994.0,1994.0,False,1.0,"{""inversion_rho"":null,""inversion_channel"":19.0,""period_ms"":12.69984245300293}"
196096,1,2007.2,2007.2,False,1.0,"{""inversion_rho"":null,""inversion_channel"":18.5,""period_ms"":12.69984245300293}"
196096,1,2014.6,2014.6,False,1.0,"{""inversion_rho"":null,""inversion_channel"":18.5,""period_ms"":12.69984245300293}"
196096,1,2027.2999,2027.2999,False,1.0,"{""inversion_rho"":null,""inversion_channel"":18.5,""period_ms"":12.69984245300293}"
196096,1,2032.8,2032.8,False,1.0,"{""inversion_rho"":null,""inversion_channel"":18.5,""period_ms"":12.69984245300293}"
196096,1,2038.3,2038.3,False,1.0,"{""inversion_rho"":null,""inversion_channel"":18.5,""period_ms"":12.69984245300293}"
196096,1,2048.5001,2048.5001,False,1.0,"{""inversion_rho"":null,""inversion_channel"":18.5,""period_ms"":12.69984245300293}"
196096,1,2064.8,2064.8,False,1.0,"{""inversion_rho"":null,""inversion_channel"":20.0,""period_ms"":12.69984245300293}"
196096,1,2081.8,2081.8,False,1.0,"{""inversion_rho"":null,""inversion_channel"":20.0,""period_ms"":12.69984245300293}"
196096,1,2087.6,2087.6,False,0.5,"{""inversion_rho"":null,""inversion_channel"":20.5,""period_ms"":11.200189590454102}"
196096,1,2102.5,2102.5,False,1.0,"{""inversion_rho"":null,""inversion_channel"":34.0,""period_ms"":11.200189590454102}"
196096,1,2110.1999,2110.1999,False,0.875,"{""inversion_rho"":null,""inversion_channel"":24.0,""period_ms"":11.200189590454102}"
196096,1,2121.4001,2121.4001,False,0.75,"{""inversion_rho"":null,""inversion_channel"":25.0,""period_ms"":11.200189590454102}"
196096,1,2155.2999,2155.2999,False,0.375,"{""inversion_rho"":null,""inversion_channel"":27.5,""period_ms"":null}"
196096,1,2168.6001,2168.6001,False,0.5,"{""inversion_rho"":null,""inversion_channel"":35.5,""period_ms"":null}"
196096,1,2217.4001,2217.4001,False,0.625,"{""inversion_rho"":null,""inversion_channel"":21.5,""period_ms"":null}"
196096,1,2243.5999,2243.5999,False,1.0,"{""inversion_rho"":null,""inversion_channel"":21.5,""period_ms"":null}"
196096,1,2251.6,2251.6,False,0.75,"{""inversion_rho"":null,""inversion_channel"":41.5,""period_ms"":null}"
196096,1,2281.4,2281.4,False,1.0,"{""inversion_rho"":null,""inversion_channel"":41.5,""period_ms"":null}"
196096,1,2509.9001,2509.9001,False,0.25,"{""inversion_rho"":null,""inversion_channel"":34.0,""period_ms"":null}"
196096,1,2534.1001,2534.1001,False,0.625,"{""inversion_rho"":null,""inversion_channel"":17.5,""period_ms"":null}"
196096,1,2540.8001,2540.8001,False,0.625,"{""inversion_rho"":null,""inversion_channel"":17.0,""period_ms"":null}"
196096,1,2566.4001,2566.4001,False,1.0,"{""inversion_rho"":null,""inversion_channel"":19.5,""period_ms"":null}"
196096,1,2573.6001,2573.6001,False,1.0,"{""inversion_rho"":null,""inversion_channel"":20.0,""period_ms"":12.30001449584961}"
196096,1,2583.8001,2583.8001,False,0.625,"{""inversion_rho"":null,""inversion_channel"":23.0,""period_ms"":12.30001449584961}"
196096,1,2596.1001,2596.1001,False,0.625,"{""inversion_rho"":null,""inversion_channel"":24.5,""period_ms"":12.30001449584961}"
196096,1,2606.1001,2606.1001,False,0.375,"{""inversion_rho"":null,""inversion_channel"":37.5,""period_ms"":12.30001449584961}"
196096,1,2619.0,2619.0,False,0.375,"{""inversion_rho"":null,""inversion_channel"":24.0,""period_ms"":12.30001449584961}"
196096,1,2638.6001,2638.6001,False,0.25,"{""inversion_rho"":null,""inversion_channel"":20.5,""period_ms"":12.30001449584961}"
196096,1,2644.7999,2644.7999,False,0.375,"{""inversion_rho"":null,""inversion_channel"":36.0,""period_ms"":null}"
196096,1,2687.5,2687.5,False,0.5,"{""inversion_rho"":null,""inversion_channel"":37.5,""period_ms"":null}"
196096,1,2693.5,2693.5,False,0.25,"{""inversion_rho"":null,""inversion_channel"":37.5,""period_ms"":8.549928665161133}"
196096,1,2699.7001,2699.7001,False,0.25,"{""inversion_rho"":null,""inversion_channel"":37.5,""period_ms"":8.549928665161133}"
196096,1,2710.5999,2710.5999,False,0.25,"{""inversion_rho"":null,""inversion_channel"":39.5,""period_ms"":8.549928665161133}"
196096,1,2746.5,2746.5,False,1.0,"{""inversion_rho"":null,""inversion_channel"":27.0,""period_ms"":null}"
196096,1,2782.5999,2782.5999,False,1.0,"{""inversion_rho"":null,""inversion_channel"":41.5,""period_ms"":null}"
196096,1,3000.9999,3000.9999,False,0.75,"{""inversion_rho"":null,""inversion_channel"":20.5,""period_ms"":7.850050926208496}"
196096,1,3011.2,3011.2,False,0.5,"{""inversion_rho"":null,""inversion_channel"":20.0,""period_ms"":7.850050926208496}"
196096,1,3016.7,3016.7,False,0.625,"{""inversion_rho"":null,""inversion_channel"":23.5,""period_ms"":7.850050926208496}"
196096,1,3064.6999,3064.6999,False,1.0,"{""inversion_rho"":null,""inversion_channel"":20.0,""period_ms"":null}"
196096,1,3070.9,3070.9,False,1.0,"{""inversion_rho"":null,""inversion_channel"":23.0,""period_ms"":null}"
196096,1,3118.5999,3118.5999,False,0.5,"{""inversion_rho"":null,""inversion_channel"":34.0,""period_ms"":null}"
196096,1,3183.7001,3183.7001,False,0.25,"{""inversion_rho"":null,""inversion_channel"":20.0,""period_ms"":null}"
196096,1,3189.5001,3189.5001,False,0.25,"{""inversion_rho"":null,""inversion_channel"":37.5,""period_ms"":12.250065803527832}"
196096,1,3195.6999,3195.6999,False,0.25,"{""inversion_rho"":null,""inversion_channel"":27.5,""period_ms"":12.250065803527832}"
196096,1,3205.9,3205.9,False,0.375,"{""inversion_rho"":null,""inversion_channel"":37.5,""period_ms"":12.250065803527832}"
196096,1,3220.2001,3220.2001,False,0.5,"{""inversion_rho"":null,""inversion_channel"":36.5,""period_ms"":12.250065803527832}"
196096,1,3250.9999,3250.9999,False,1.0,"{""inversion_rho"":null,""inversion_channel"":18.5,""period_ms"":12.250065803527832}"
196096,1,3259.2001,3259.2001,False,0.75,"{""inversion_rho"":null,""inversion_channel"":21.5,""period_ms"":null}"
196096,1,3288.3,3288.3,False,0.625,"{""inversion_rho"":null,""inversion_channel"":41.5,""period_ms"":null}"
196096,1,3507.1001,3507.1001,False,0.875,"{""inversion_rho"":null,""inversion_channel"":26.0,""period_ms"":86.09998226165771}"
196096,1,3618.4001,3618.4001,False,1.0,"{""inversion_rho"":null,""inversion_channel"":20.5,""period_ms"":86.09998226165771}"
196096,1,3679.3001,3679.3001,False,0.875,"{""inversion_rho"":null,""inversion_channel"":32.5,""period_ms"":86.09998226165771}"
196096,1,3687.7999,3687.7999,False,0.25,"{""inversion_rho"":null,""inversion_channel"":29.0,""period_ms"":21.600008010864258}"
196096,1,3708.4,3708.4,False,0.25,"{""inversion_rho"":null,""inversion_channel"":27.5,""period_ms"":21.600008010864258}"
196096,1,3730.0,3730.0,False,0.75,"{""inversion_rho"":null,""inversion_channel"":27.5,""period_ms"":21.600008010864258}"
196096,1,3765.3,3765.3,False,1.0,"{""inversion_rho"":null,""inversion_channel"":24.5,""period_ms"":21.600008010864258}"
196096,1,3771.6,3771.6,False,0.5,"{""inversion_rho"":null,""inversion_channel"":28.5,""period_ms"":13.100028038024902}"
196096,1,3786.0,3786.0,False,1.0,"{""inversion_rho"":null,""inversion_channel"":21.5,""period_ms"":13.100028038024902}"
196096,1,3796.0999,3796.0999,False,1.0,"{""inversion_rho"":null,""inversion_channel"":40.0,""period_ms"":13.100028038024902}"
196096,1,3808.3,3808.3,False,1.0,"{""inversion_rho"":null,""inversion_channel"":39.5,""period_ms"":13.100028038024902}"
196096,1,3822.3,3822.3,False,0.875,"{""inversion_rho"":null,""inversion_channel"":26.0,""period_ms"":13.100028038024902}"
196096,1,4122.3998,4122.3998,False,0.5,"{""inversion_rho"":null,""inversion_channel"":35.5,""period_ms"":null}"
196096,1,4163.0998,4163.0998,False,0.375,"{""inversion_rho"":null,""inversion_channel"":31.5,""period_ms"":null}"
196096,1,4177.1998,4177.1998,False,0.75,"{""inversion_rho"":null,""inversion_channel"":23.5,""period_ms"":13.250112533569336}"
196096,1,4194.3002,4194.3002,False,0.625,"{""inversion_rho"":null,""inversion_channel"":21.5,""period_ms"":13.250112533569336}"
196096,1,4203.7001,4203.7001,False,0.5,"{""inversion_rho"":null,""inversion_channel"":19.5,""period_ms"":13.250112533569336}"
196096,1,4231.6999,4231.6999,False,0.75,"{""inversion_rho"":null,""inversion_channel"":27.5,""period_ms"":null}"
196096,1,4270.4,4270.4,False,1.0,"{""inversion_rho"":null,""inversion_channel"":21.5,""period_ms"":null}"
196096,1,4277.6999,4277.6999,False,0.5,"{""inversion_rho"":null,""inversion_channel"":14.5,""period_ms"":null}"
196096,1,4284.5998,4284.5998,False,1.0,"{""inversion_rho"":null,""inversion_channel"":20.5,""period_ms"":null}"
196096,1,4321.3,4321.3,False,1.0,"{""inversion_rho"":null,""inversion_channel"":22.5,""period_ms"":null}"
196096,1,4620.4,4620.4,False,0.875,"{""inversion_rho"":null,""inversion_channel"":41.5,""period_ms"":25.05016326904297}"
196096,1,4652.6999,4652.6999,False,0.375,"{""inversion_rho"":null,""inversion_channel"":33.0,""period_ms"":25.05016326904297}"
196096,1,4671.5999,4671.5999,False,0.5,"{""inversion_rho"":null,""inversion_channel"":31.5,""period_ms"":25.05016326904297}"
196096,1,4699.9002,4699.9002,False,0.25,"{""inversion_rho"":null,""inversion_channel"":41.5,""period_ms"":25.05016326904297}"
196096,1,4731.5001,4731.5001,False,1.0,"{""inversion_rho"":null,""inversion_channel"":29.0,""period_ms"":25.05016326904297}"
196096,1,4749.0001,4749.0001,False,0.375,"{""inversion_rho"":null,""inversion_channel"":34.5,""period_ms"":25.05016326904297}"
196096,1,4770.8001,4770.8001,False,1.0,"{""inversion_rho"":null,""inversion_channel"":21.5,""period_ms"":25.05016326904297}"
196096,1,4775.8002,4775.8002,False,0.625,"{""inversion_rho"":null,""inversion_channel"":14.5,""period_ms"":null}"
196096,1,4792.3002,4792.3002,False,1.0,"{""inversion_rho"":null,""inversion_channel"":27.0,""period_ms"":null}"
196096,1,5008.6999,5008.6999,False,0.375,"{""inversion_rho"":null,""inversion_channel"":31.5,""period_ms"":null}"
196096,1,5116.6,5116.6,False,0.875,"{""inversion_rho"":null,""inversion_channel"":24.0,""period_ms"":null}"
196096,1,5124.7001,5124.7001,False,0.5,"{""inversion_rho"":null,""inversion_channel"":24.0,""period_ms"":null}"
196096,1,5144.1998,5144.1998,False,0.375,"{""inversion_rho"":null,""inversion_channel"":25.5,""period_ms"":null}"
196096,1,5151.1998,5151.1998,False,0.25,"{""inversion_rho"":null,""inversion_channel"":32.0,""period_ms"":11.950016021728516}"
196096,1,5161.6998,5161.6998,False,0.375,"{""inversion_rho"":null,""inversion_channel"":28.0,""period_ms"":11.950016021728516}"
196096,1,5175.0998,5175.0998,False,0.625,"{""inversion_rho"":null,""inversion_channel"":33.0,""period_ms"":11.950016021728516}"
196096,1,5210.4998,5210.4998,False,0.875,"{""inversion_rho"":null,""inversion_channel"":27.5,""period_ms"":18.500328063964844}"
196096,1,5229.0001,5229.0001,False,0.5,"{""inversion_rho"":null,""inversion_channel"":28.0,""period_ms"":18.500328063964844}"
196096,1,5266.6001,5266.6001,False,1.0,"{""inversion_rho"":null,""inversion_channel"":21.0,""period_ms"":18.500328063964844}"
196096,1,5283.9999,5283.9999,False,1.0,"{""inversion_rho"":null,""inversion_channel"":21.5,""period_ms"":18.500328063964844}"
196096,1,5290.7,5290.7,False,1.0,"{""inversion_rho"":null,""inversion_channel"":18.5,""period_ms"":8.949995040893555}"
196096,1,5303.0,5303.0,False,1.0,"{""inversion_rho"":null,""inversion_channel"":20.5,""period_ms"":8.949995040893555}"
196096,1,5308.5999,5308.5999,False,1.0,"{""inversion_rho"":null,""inversion_channel"":41.5,""period_ms"":8.949995040893555}"
196096,1,5532.8999,5532.8999,False,1.0,"{""inversion_rho"":null,""inversion_channel"":14.5,""period_ms"":null}"
196096,1,5544.4999,5544.4999,False,1.0,"{""inversion_rho"":null,""inversion_channel"":39.5,""period_ms"":null}"
196096,1,5646.2002,5646.2002,False,0.75,"{""inversion_rho"":null,""inversion_channel"":5.5,""period_ms"":null}"
196096,1,1483.8001,1639.6,True,1.0,"{""inversion_rho"":null,""inversion_channel"":25.0,""period_ms"":13.000011444091797}"
196096,1,1927.8001,2081.8,True,1.0,"{""inversion_rho"":null,""inversion_channel"":18.5,""period_ms"":12.69984245300293}"
196096,1,2087.6,2121.4001,True,1.0,"{""inversion_rho"":null,""inversion_channel"":24.5,""period_ms"":11.200189590454102}"
196096,1,2573.6001,2638.6001,True,1.0,"{""inversion_rho"":null,""inversion_channel"":23.5,""period_ms"":12.30001449584961}"
196096,1,2693.5,2710.5999,True,1.0,"{""inversion_rho"":null,""inversion_channel"":37.5,""period_ms"":8.549928665161133}"
196096,1,3000.9999,3016.7,True,1.0,"{""inversion_rho"":null,""inversion_channel"":20.5,""period_ms"":7.850050926208496}"
196096,1,3189.5001,3250.9999,True,1.0,"{""inversion_rho"":null,""inversion_channel"":36.5,""period_ms"":12.250065803527832}"
196096,1,3507.1001,3679.3001,True,1.0,"{""inversion_rho"":null,""inversion_channel"":26.0,""period_ms"":86.09998226165771}"
196096,1,3687.7999,3765.3,True,1.0,"{""inversion_rho"":null,""inversion_channel"":27.5,""period_ms"":21.600008010864258}"
196096,1,3771.6,3822.3,True,1.0,"{""inversion_rho"":null,""inversion_channel"":28.5,""period_ms"":13.100028038024902}"
196096,1,4177.1998,4203.7001,True,1.0,"{""inversion_rho"":null,""inversion_channel"":21.5,""period_ms"":13.250112533569336}"
196096,1,4620.4,4770.8001,True,1.0,"{""inversion_rho"":null,""inversion_channel"":33.0,""period_ms"":25.05016326904297}"
196096,1,5151.1998,5175.0998,True,1.0,"{""inversion_rho"":null,""inversion_channel"":32.0,""period_ms"":11.950016021728516}"
196096,1,5210.4998,5283.9999,True,1.0,"{""inversion_rho"":null,""inversion_channel"":24.5,""period_ms"":18.500328063964844}"
196096,1,5290.7,5308.5999,True,1.0,"{""inversion_rho"":null,""inversion_channel"":20.5,""period_ms"":8.949995040893555}"
196099,1,1829.3999,1829.3999,False,1.0,"{""inversion_rho"":null,""inversion_channel"":18.5,""period_ms"":89.74999189376831}"
196099,1,1922.6,1922.6,False,0.5,"{""inversion_rho"":null,""inversion_channel"":34.0,""period_ms"":89.74999189376831}"
196099,1,2008.8999,2008.8999,False,1.0,"{""inversion_rho"":null,""inversion_channel"":17.5,""period_ms"":89.74999189376831}"
196099,1,2019.7001,2019.7001,False,1.0,"{""inversion_rho"":null,""inversion_channel"":17.5,""period_ms"":9.50002670288086}"
196099,1,2029.2001,2029.2001,False,1.0,"{""inversion_rho"":null,""inversion_channel"":17.5,""period_ms"":9.50002670288086}"
196099,1,2040.0,2040.0,False,0.875,"{""inversion_rho"":null,""inversion_channel"":40.0,""period_ms"":9.50002670288086}"
196099,1,2049.0,2049.0,False,0.5,"{""inversion_rho"":null,""inversion_channel"":41.5,""period_ms"":9.50002670288086}"
196099,1,2114.3,2114.3,False,0.25,"{""inversion_rho"":null,""inversion_channel"":17.5,""period_ms"":null}"
196099,1,2230.9,2230.9,False,0.375,"{""inversion_rho"":null,""inversion_channel"":26.5,""period_ms"":null}"
196099,1,2247.0,2247.0,False,0.25,"{""inversion_rho"":null,""inversion_channel"":27.5,""period_ms"":null}"
196099,1,2320.2,2320.2,False,0.375,"{""inversion_rho"":null,""inversion_channel"":24.0,""period_ms"":null}"
196099,1,2332.2999,2332.2999,False,0.25,"{""inversion_rho"":null,""inversion_channel"":26.0,""period_ms"":38.55001926422119}"
196099,1,2369.2,2369.2,False,0.625,"{""inversion_rho"":null,""inversion_channel"":18.0,""period_ms"":38.55001926422119}"
196099,1,2434.4001,2434.4001,False,0.25,"{""inversion_rho"":null,""inversion_channel"":26.5,""period_ms"":38.55001926422119}"
196099,1,2466.5999,2466.5999,False,0.375,"{""inversion_rho"":null,""inversion_channel"":41.5,""period_ms"":38.55001926422119}"
196099,1,2506.7999,2506.7999,False,0.375,"{""inversion_rho"":null,""inversion_channel"":17.5,""period_ms"":38.55001926422119}"
196099,1,2513.5,2513.5,False,1.0,"{""inversion_rho"":null,""inversion_channel"":16.5,""period_ms"":7.999897003173828}"
196099,1,2521.5001,2521.5001,False,1.0,"{""inversion_rho"":null,""inversion_channel"":16.5,""period_ms"":7.999897003173828}"
196099,1,2529.5,2529.5,False,1.0,"{""inversion_rho"":null,""inversion_channel"":19.0,""period_ms"":7.999897003173828}"
196099,1,2535.3,2535.3,False,0.625,"{""inversion_rho"":null,""inversion_channel"":25.0,""period_ms"":7.999897003173828}"
196099,1,2551.8,2551.8,False,0.375,"{""inversion_rho"":null,""inversion_channel"":29.5,""period_ms"":null}"
196099,1,2560.4999,2560.4999,False,0.625,"{""inversion_rho"":null,""inversion_channel"":17.5,""period_ms"":null}"
196099,1,2637.3999,2637.3999,False,0.25,"{""inversion_rho"":null,""inversion_channel"":27.5,""period_ms"":68.30000877380371}"
196099,1,2666.1,2666.1,False,0.375,"{""inversion_rho"":null,""inversion_channel"":40.5,""period_ms"":68.30000877380371}"
196099,1,2734.4,2734.4,False,0.375,"{""inversion_rho"":null,""inversion_channel"":24.0,""period_ms"":68.30000877380371}"
196099,1,2822.0999,2822.0999,False,0.375,"{""inversion_rho"":null,""inversion_channel"":35.0,""period_ms"":68.30000877380371}"
196099,1,2852.6001,2852.6001,False,0.375,"{""inversion_rho"":null,""inversion_channel"":27.5,""period_ms"":8.549928665161133}"
196099,1,2864.2001,2864.2001,False,0.625,"{""inversion_rho"":null,""inversion_channel"":41.0,""period_ms"":8.549928665161133}"
196099,1,2869.7,2869.7,False,1.0,"{""inversion_rho"":null,""inversion_channel"":42.5,""period_ms"":8.549928665161133}"
196099,1,2919.8999,2919.8999,False,0.625,"{""inversion_rho"":null,""inversion_channel"":19.5,""period_ms"":null}"
196099,1,2925.0,2925.0,False,0.375,"{""inversion_rho"":null,""inversion_channel"":38.0,""period_ms"":null}"
196099,1,2939.1,2939.1,False,0.375,"{""inversion_rho"":null,""inversion_channel"":25.5,""period_ms"":null}"
196099,1,3012.5999,3012.5999,False,1.0,"{""inversion_rho"":null,""inversion_channel"":16.5,""period_ms"":null}"
196099,1,3020.7,3020.7,False,1.0,"{""inversion_rho"":null,""inversion_channel"":16.5,""period_ms"":8.700132369995117}"
196099,1,3027.9,3027.9,False,1.0,"{""inversion_rho"":null,""inversion_channel"":38.0,""period_ms"":8.700132369995117}"
196099,1,3036.6001,3036.6001,False,0.875,"{""inversion_rho"":null,""inversion_channel"":25.0,""period_ms"":8.700132369995117}"
196099,1,3051.8,3051.8,False,0.5,"{""inversion_rho"":null,""inversion_channel"":17.0,""period_ms"":8.700132369995117}"
196099,1,3061.0001,3061.0001,False,0.625,"{""inversion_rho"":null,""inversion_channel"":41.5,""period_ms"":8.700132369995117}"
196099,1,3067.4,3067.4,False,0.5,"{""inversion_rho"":null,""inversion_channel"":27.5,""period_ms"":8.700132369995117}"
196099,1,3121.7,3121.7,False,0.625,"{""inversion_rho"":null,""inversion_channel"":19.0,""period_ms"":null}"
196099,1,3129.6999,3129.6999,False,0.25,"{""inversion_rho"":null,""inversion_channel"":26.0,""period_ms"":null}"
196099,1,3219.8999,3219.8999,False,0.25,"{""inversion_rho"":null,""inversion_channel"":15.5,""period_ms"":null}"
196099,1,3227.7999,3227.7999,False,0.375,"{""inversion_rho"":null,""inversion_channel"":38.5,""period_ms"":null}"
196099,1,3274.6,3274.6,False,0.625,"{""inversion_rho"":null,""inversion_channel"":36.5,""period_ms"":null}"
196099,1,3345.0999,3345.0999,False,0.875,"{""inversion_rho"":null,""inversion_channel"":22.5,""period_ms"":null}"
196099,1,3352.7999,3352.7999,False,0.625,"{""inversion_rho"":null,""inversion_channel"":34.5,""period_ms"":23.799896240234375}"
196099,1,3367.5001,3367.5001,False,0.5,"{""inversion_rho"":null,""inversion_channel"":30.5,""period_ms"":23.799896240234375}"
196099,1,3382.2999,3382.2999,False,0.375,"{""inversion_rho"":null,""inversion_channel"":27.5,""period_ms"":23.799896240234375}"
196099,1,3412.6,3412.6,False,1.0,"{""inversion_rho"":null,""inversion_channel"":14.5,""period_ms"":23.799896240234375}"
196099,1,3436.3999,3436.3999,False,0.25,"{""inversion_rho"":null,""inversion_channel"":36.5,""period_ms"":23.799896240234375}"
196099,1,3461.9,3461.9,False,1.0,"{""inversion_rho"":null,""inversion_channel"":27.5,""period_ms"":23.799896240234375}"
196099,1,3471.6001,3471.6001,False,0.5,"{""inversion_rho"":null,""inversion_channel"":26.0,""period_ms"":14.299988746643066}"
196099,1,3481.6999,3481.6999,False,0.5,"{""inversion_rho"":null,""inversion_channel"":23.5,""period_ms"":14.299988746643066}"
196099,1,3500.2,3500.2,False,0.375,"{""inversion_rho"":null,""inversion_channel"":31.5,""period_ms"":14.299988746643066}"
196099,1,3505.3,3505.3,False,0.5,"{""inversion_rho"":null,""inversion_channel"":27.5,""period_ms"":17.6999568939209}"
196099,1,3526.2001,3526.2001,False,1.0,"{""inversion_rho"":null,""inversion_channel"":14.5,""period_ms"":17.6999568939209}"
196099,1,3540.7,3540.7,False,1.0,"{""inversion_rho"":null,""inversion_channel"":38.5,""period_ms"":17.6999568939209}"
196099,1,3598.2001,3598.2001,False,0.375,"{""inversion_rho"":null,""inversion_channel"":16.5,""period_ms"":null}"
196099,1,3615.7999,3615.7999,False,0.625,"{""inversion_rho"":null,""inversion_channel"":35.0,""period_ms"":null}"
196099,1,3622.7,3622.7,False,0.25,"{""inversion_rho"":null,""inversion_channel"":23.0,""period_ms"":49.3999719619751}"
196099,1,3673.8,3673.8,False,0.375,"{""inversion_rho"":null,""inversion_channel"":18.5,""period_ms"":49.3999719619751}"
196099,1,3738.8999,3738.8999,False,0.25,"{""inversion_rho"":null,""inversion_channel"":26.0,""period_ms"":49.3999719619751}"
196099,1,3809.2,3809.2,False,1.0,"{""inversion_rho"":null,""inversion_channel"":32.0,""period_ms"":49.3999719619751}"
196099,1,3844.5001,3844.5001,False,0.625,"{""inversion_rho"":null,""inversion_channel"":24.0,""period_ms"":49.3999719619751}"
196099,1,3882.9,3882.9,False,0.25,"{""inversion_rho"":null,""inversion_channel"":36.0,""period_ms"":49.3999719619751}"
196099,1,3930.5999,3930.5999,False,1.0,"{""inversion_rho"":null,""inversion_channel"":37.5,""period_ms"":49.3999719619751}"
196099,1,3944.6001,3944.6001,False,0.25,"{""inversion_rho"":null,""inversion_channel"":32.0,""period_ms"":null}"
196099,1,4022.2998,4022.2998,False,1.0,"{""inversion_rho"":null,""inversion_channel"":14.5,""period_ms"":null}"
196099,1,4031.7001,4031.7001,False,1.0,"{""inversion_rho"":null,""inversion_channel"":37.5,""period_ms"":7.599830627441406}"
196099,1,4037.3001,4037.3001,False,0.5,"{""inversion_rho"":null,""inversion_channel"":25.0,""period_ms"":7.599830627441406}"
196099,1,4046.8998,4046.8998,False,0.375,"{""inversion_rho"":null,""inversion_channel"":40.0,""period_ms"":7.599830627441406}"
196099,1,4097.3001,4097.3001,False,0.625,"{""inversion_rho"":null,""inversion_channel"":17.5,""period_ms"":45.49980163574219}"
196099,1,4124.0001,4124.0001,False,1.0,"{""inversion_rho"":null,""inversion_channel"":24.5,""period_ms"":45.49980163574219}"
196099,1,4169.4999,4169.4999,False,0.375,"{""inversion_rho"":null,""inversion_channel"":41.5,""period_ms"":45.49980163574219}"
196099,1,4221.7002,4221.7002,False,0.375,"{""inversion_rho"":null,""inversion_channel"":24.0,""period_ms"":45.49980163574219}"
196099,1,4233.7999,4233.7999,False,0.375,"{""inversion_rho"":null,""inversion_channel"":27.5,""period_ms"":null}"
196099,1,4270.5998,4270.5998,False,0.25,"{""inversion_rho"":null,""inversion_channel"":22.5,""period_ms"":null}"
196099,1,4277.6999,4277.6999,False,0.625,"{""inversion_rho"":null,""inversion_channel"":36.5,""period_ms"":null}"
196099,1,4342.8998,4342.8998,False,1.0,"{""inversion_rho"":null,""inversion_channel"":23.0,""period_ms"":null}"
196099,1,4352.3002,4352.3002,False,0.75,"{""inversion_rho"":null,""inversion_channel"":26.5,""period_ms"":40.49992561340332}"
196099,1,4377.2001,4377.2001,False,0.375,"{""inversion_rho"":null,""inversion_channel"":31.5,""period_ms"":40.49992561340332}"
196099,1,4433.3,4433.3,False,1.0,"{""inversion_rho"":null,""inversion_channel"":36.0,""period_ms"":40.49992561340332}"
196099,1,4441.8001,4441.8001,False,0.75,"{""inversion_rho"":null,""inversion_channel"":29.5,""period_ms"":7.050037384033203}"
196099,1,4450.3002,4450.3002,False,1.0,"{""inversion_rho"":null,""inversion_channel"":34.5,""period_ms"":7.050037384033203}"
196099,1,4455.9002,4455.9002,False,0.375,"{""inversion_rho"":null,""inversion_channel"":30.5,""period_ms"":7.050037384033203}"
196099,1,4497.3001,4497.3001,False,1.0,"{""inversion_rho"":null,""inversion_channel"":35.0,""period_ms"":10.100364685058594}"
196099,1,4520.8998,4520.8998,False,1.0,"{""inversion_rho"":null,""inversion_channel"":14.5,""period_ms"":10.100364685058594}"
196099,1,4531.0001,4531.0001,False,1.0,"{""inversion_rho"":null,""inversion_channel"":23.5,""period_ms"":10.100364685058594}"
196099,1,4538.7001,4538.7001,False,0.5,"{""inversion_rho"":null,""inversion_channel"":25.5,""period_ms"":10.100364685058594}"
196099,1,4673.1,4673.1,False,0.5,"{""inversion_rho"":null,""inversion_channel"":42.5,""period_ms"":null}"
196099,1,4769.1002,4769.1002,False,1.0,"{""inversion_rho"":null,""inversion_channel"":12.5,""period_ms"":null}"
196099,1,4799.9001,4799.9001,False,1.0,"{""inversion_rho"":null,""inversion_channel"":40.0,""period_ms"":null}"
196099,1,4888.8998,4888.8998,False,1.0,"{""inversion_rho"":null,""inversion_channel"":9.5,""period_ms"":null}"
196099,1,1829.3999,2008.8999,True,1.0,"{""inversion_rho"":null,""inversion_channel"":18.5,""period_ms"":89.74999189376831}"
196099,1,2019.7001,2049.0,True,1.0,"{""inversion_rho"":null,""inversion_channel"":28.75,""period_ms"":9.50002670288086}"
196099,1,2332.2999,2506.7999,True,1.0,"{""inversion_rho"":null,""inversion_channel"":26.0,""period_ms"":38.55001926422119}"
196099,1,2513.5,2535.3,True,1.0,"{""inversion_rho"":null,""inversion_channel"":17.75,""period_ms"":7.999897003173828}"
196099,1,2637.3999,2822.0999,True,1.0,"{""inversion_rho"":null,""inversion_channel"":31.25,""period_ms"":68.30000877380371}"
196099,1,2852.6001,2869.7,True,1.0,"{""inversion_rho"":null,""inversion_channel"":41.0,""period_ms"":8.549928665161133}"
196099,1,3020.7,3067.4,True,1.0,"{""inversion_rho"":null,""inversion_channel"":26.25,""period_ms"":8.700132369995117}"
196099,1,3352.7999,3461.9,True,1.0,"{""inversion_rho"":null,""inversion_channel"":29.0,""period_ms"":23.799896240234375}"
196099,1,3471.6001,3500.2,True,1.0,"{""inversion_rho"":null,""inversion_channel"":26.0,""period_ms"":14.299988746643066}"
196099,1,3505.3,3540.7,True,1.0,"{""inversion_rho"":null,""inversion_channel"":27.5,""period_ms"":17.6999568939209}"
196099,1,3622.7,3930.5999,True,1.0,"{""inversion_rho"":null,""inversion_channel"":26.0,""period_ms"":49.3999719619751}"
196099,1,4031.7001,4046.8998,True,1.0,"{""inversion_rho"":null,""inversion_channel"":37.5,""period_ms"":7.599830627441406}"
196099,1,4097.3001,4221.7002,True,1.0,"{""inversion_rho"":null,""inversion_channel"":24.25,""period_ms"":45.49980163574219}"
196099,1,4352.3002,4433.3,True,1.0,"{""inversion_rho"":null,""inversion_channel"":31.5,""period_ms"":40.49992561340332}"
196099,1,4441.8001,4455.9002,True,1.0,"{""inversion_rho"":null,""inversion_channel"":30.5,""period_ms"":7.050037384033203}"
196099,1,4497.3001,4538.7001,True,1.0,"{""inversion_rho"":null,""inversion_channel"":24.5,""period_ms"":10.100364685058594}"
196101,1,51.4,51.4,False,0.625,"{""inversion_rho"":null,""inversion_channel"":8.5,""period_ms"":null}"
196101,1,111.0,111.0,False,1.0,"{""inversion_rho"":null,""inversion_channel"":40.5,""period_ms"":null}"
196101,1,1464.0,1464.0,False,1.0,"{""inversion_rho"":null,""inversion_channel"":25.0,""period_ms"":null}"
196101,1,1482.0,1482.0,False,1.0,"{""inversion_rho"":null,""inversion_channel"":24.5,""period_ms"":null}"
196101,1,2134.1,2134.1,False,0.375,"{""inversion_rho"":null,""inversion_channel"":41.5,""period_ms"":null}"
196101,1,2234.0,2234.0,False,0.25,"{""inversion_rho"":null,""inversion_channel"":16.0,""period_ms"":null}"
196101,1,2242.0001,2242.0001,False,0.25,"{""inversion_rho"":null,""inversion_channel"":15.5,""period_ms"":15.849947929382324}"
196101,1,2261.4999,2261.4999,False,0.25,"{""inversion_rho"":null,""inversion_channel"":16.5,""period_ms"":15.849947929382324}"
196101,1,2273.7,2273.7,False,0.375,"{""inversion_rho"":null,""inversion_channel"":34.5,""period_ms"":15.849947929382324}"
196101,1,2309.4001,2309.4001,False,0.625,"{""inversion_rho"":null,""inversion_channel"":24.5,""period_ms"":10.899901390075684}"
196101,1,2324.5001,2324.5001,False,0.25,"{""inversion_rho"":null,""inversion_channel"":24.5,""period_ms"":10.899901390075684}"
196101,1,2331.1999,2331.1999,False,0.25,"{""inversion_rho"":null,""inversion_channel"":24.5,""period_ms"":10.899901390075684}"
196101,1,2391.5,2391.5,False,0.25,"{""inversion_rho"":null,""inversion_channel"":41.5,""period_ms"":8.199930191040039}"
196101,1,2401.2001,2401.2001,False,0.5,"{""inversion_rho"":null,""inversion_channel"":39.5,""period_ms"":8.199930191040039}"
196101,1,2408.9,2408.9,False,0.375,"{""inversion_rho"":null,""inversion_channel"":40.0,""period_ms"":8.199930191040039}"
196101,1,2417.9001,2417.9001,False,0.5,"{""inversion_rho"":null,""inversion_channel"":40.0,""period_ms"":8.199930191040039}"
196101,1,2424.9001,2424.9001,False,1.0,"{""inversion_rho"":null,""inversion_channel"":40.5,""period_ms"":8.199930191040039}"
196101,1,2430.5,2430.5,False,1.0,"{""inversion_rho"":null,""inversion_channel"":40.5,""period_ms"":8.199930191040039}"
196101,1,2442.8,2442.8,False,1.0,"{""inversion_rho"":null,""inversion_channel"":39.0,""period_ms"":8.199930191040039}"
196101,1,2451.0,2451.0,False,1.0,"{""inversion_rho"":null,""inversion_channel"":18.0,""period_ms"":8.199930191040039}"
196101,1,2458.4999,2458.4999,False,0.875,"{""inversion_rho"":null,""inversion_channel"":41.5,""period_ms"":8.199930191040039}"
196101,1,2473.2001,2473.2001,False,0.875,"{""inversion_rho"":null,""inversion_channel"":40.5,""period_ms"":8.199930191040039}"
196101,1,2480.5,2480.5,False,0.75,"{""inversion_rho"":null,""inversion_channel"":41.5,""period_ms"":8.199930191040039}"
196101,1,2488.8,2488.8,False,0.75,"{""inversion_rho"":null,""inversion_channel"":26.0,""period_ms"":8.199930191040039}"
196101,1,2617.3999,2617.3999,False,0.5,"{""inversion_rho"":null,""inversion_channel"":17.5,""period_ms"":5.5999755859375}"
196101,1,2622.8001,2622.8001,False,0.625,"{""inversion_rho"":null,""inversion_channel"":42.0,""period_ms"":5.5999755859375}"
196101,1,2628.5999,2628.5999,False,0.875,"{""inversion_rho"":null,""inversion_channel"":40.5,""period_ms"":5.5999755859375}"
196101,1,2649.9,2649.9,False,0.5,"{""inversion_rho"":null,""inversion_channel"":27.5,""period_ms"":12.799978256225586}"
196101,1,2667.7001,2667.7001,False,0.625,"{""inversion_rho"":null,""inversion_channel"":25.0,""period_ms"":12.799978256225586}"
196101,1,2675.4999,2675.4999,False,0.5,"{""inversion_rho"":null,""inversion_channel"":24.5,""period_ms"":12.799978256225586}"
196101,1,2736.5,2736.5,False,0.25,"{""inversion_rho"":null,""inversion_channel"":16.5,""period_ms"":15.500068664550781}"
196101,1,2752.3,2752.3,False,0.25,"{""inversion_rho"":null,""inversion_channel"":16.5,""period_ms"":15.500068664550781}"
196101,1,2767.8001,2767.8001,False,0.625,"{""inversion_rho"":null,""inversion_channel"":38.5,""period_ms"":15.500068664550781}"
196101,1,2776.2001,2776.2001,False,0.25,"{""inversion_rho"":null,""inversion_channel"":19.5,""period_ms"":15.500068664550781}"
196101,1,2820.4,2820.4,False,0.5,"{""inversion_rho"":null,""inversion_channel"":25.5,""period_ms"":null}"
196101,1,2827.4,2827.4,False,0.375,"{""inversion_rho"":null,""inversion_channel"":36.5,""period_ms"":null}"
196101,1,2859.4,2859.4,False,0.375,"{""inversion_rho"":null,""inversion_channel"":24.0,""period_ms"":null}"
196101,1,2883.5001,2883.5001,False,0.25,"{""inversion_rho"":null,""inversion_channel"":37.5,""period_ms"":null}"
196101,1,2891.5,2891.5,False,0.375,"{""inversion_rho"":null,""inversion_channel"":41.5,""period_ms"":null}"
196101,1,2914.2001,2914.2001,False,0.375,"{""inversion_rho"":null,""inversion_channel"":40.5,""period_ms"":null}"
196101,1,2921.9,2921.9,False,0.25,"{""inversion_rho"":null,""inversion_channel"":14.0,""period_ms"":null}"
196101,1,2944.2,2944.2,False,1.0,"{""inversion_rho"":null,""inversion_channel"":17.5,""period_ms"":null}"
196101,1,2950.9001,2950.9001,False,1.0,"{""inversion_rho"":null,""inversion_channel"":20.5,""period_ms"":10.199904441833496}"
196101,1,2956.8,2956.8,False,1.0,"{""inversion_rho"":null,""inversion_channel"":18.5,""period_ms"":10.199904441833496}"
196101,1,2971.2999,2971.2999,False,1.0,"{""inversion_rho"":null,""inversion_channel"":41.5,""period_ms"":10.199904441833496}"
196101,1,2976.9001,2976.9001,False,1.0,"{""inversion_rho"":null,""inversion_channel"":20.0,""period_ms"":null}"
196101,1,2982.3999,2982.3999,False,0.625,"{""inversion_rho"":null,""inversion_channel"":18.5,""period_ms"":null}"
196101,1,2999.5,2999.5,False,1.0,"{""inversion_rho"":null,""inversion_channel"":27.5,""period_ms"":null}"
196101,1,3119.9,3119.9,False,0.75,"{""inversion_rho"":null,""inversion_channel"":41.0,""period_ms"":null}"
196101,1,3139.3001,3139.3001,False,1.0,"{""inversion_rho"":null,""inversion_channel"":28.0,""period_ms"":null}"
196101,1,3144.7001,3144.7001,False,0.625,"{""inversion_rho"":null,""inversion_channel"":21.5,""period_ms"":null}"
196101,1,3162.3001,3162.3001,False,0.25,"{""inversion_rho"":null,""inversion_channel"":24.5,""period_ms"":null}"
196101,1,3169.6999,3169.6999,False,0.25,"{""inversion_rho"":null,""inversion_channel"":24.5,""period_ms"":null}"
196101,1,3221.4,3221.4,False,0.25,"{""inversion_rho"":null,""inversion_channel"":16.5,""period_ms"":null}"
196101,1,3237.2999,3237.2999,False,0.5,"{""inversion_rho"":null,""inversion_channel"":16.5,""period_ms"":null}"
196101,1,3325.5999,3325.5999,False,1.0,"{""inversion_rho"":null,""inversion_channel"":14.5,""period_ms"":6.099939346313477}"
196101,1,3334.3,3334.3,False,0.75,"{""inversion_rho"":null,""inversion_channel"":31.0,""period_ms"":6.099939346313477}"
196101,1,3340.4,3340.4,False,0.625,"{""inversion_rho"":null,""inversion_channel"":19.5,""period_ms"":6.099939346313477}"
196101,1,3345.7,3345.7,False,0.5,"{""inversion_rho"":null,""inversion_channel"":26.5,""period_ms"":6.099939346313477}"
196101,1,3371.7999,3371.7999,False,0.25,"{""inversion_rho"":null,""inversion_channel"":24.5,""period_ms"":9.999990463256836}"
196101,1,3383.8,3383.8,False,0.625,"{""inversion_rho"":null,""inversion_channel"":29.5,""period_ms"":9.999990463256836}"
196101,1,3391.7999,3391.7999,False,0.25,"{""inversion_rho"":null,""inversion_channel"":31.5,""period_ms"":9.999990463256836}"
196101,1,3422.6999,3422.6999,False,0.375,"{""inversion_rho"":null,""inversion_channel"":31.5,""period_ms"":null}"
196101,1,3495.5001,3495.5001,False,0.5,"{""inversion_rho"":null,""inversion_channel"":34.5,""period_ms"":null}"
196101,1,3516.5,3516.5,False,1.0,"{""inversion_rho"":null,""inversion_channel"":40.5,""period_ms"":10.55002212524414}"
196101,1,3528.8,3528.8,False,0.5,"{""inversion_rho"":null,""inversion_channel"":30.5,""period_ms"":10.55002212524414}"
196101,1,3537.6,3537.6,False,1.0,"{""inversion_rho"":null,""inversion_channel"":30.0,""period_ms"":10.55002212524414}"
196101,1,3592.2999,3592.2999,False,1.0,"{""inversion_rho"":null,""inversion_channel"":12.5,""period_ms"":32.79995918273926}"
196101,1,3610.8,3610.8,False,0.25,"{""inversion_rho"":null,""inversion_channel"":16.5,""period_ms"":32.79995918273926}"
196101,1,3654.7999,3654.7999,False,0.375,"{""inversion_rho"":null,""inversion_channel"":40.5,""period_ms"":32.79995918273926}"
196101,1,3687.5999,3687.5999,False,1.0,"{""inversion_rho"":null,""inversion_channel"":25.0,""period_ms"":32.79995918273926}"
196101,1,3692.6,3692.6,False,0.5,"{""inversion_rho"":null,""inversion_channel"":24.0,""period_ms"":10.799884796142578}"
196101,1,3704.0999,3704.0999,False,0.5,"{""inversion_rho"":null,""inversion_channel"":24.5,""period_ms"":10.799884796142578}"
196101,1,3709.1,3709.1,False,0.5,"{""inversion_rho"":null,""inversion_channel"":20.0,""period_ms"":10.799884796142578}"
196101,1,3719.8999,3719.8999,False,1.0,"{""inversion_rho"":null,""inversion_channel"":24.5,""period_ms"":10.799884796142578}"
196101,1,3824.7001,3824.7001,False,1.0,"{""inversion_rho"":null,""inversion_channel"":36.5,""period_ms"":7.6999664306640625}"
196101,1,3832.4001,3832.4001,False,0.5,"{""inversion_rho"":null,""inversion_channel"":27.0,""period_ms"":7.6999664306640625}"
196101,1,3841.5999,3841.5999,False,0.5,"{""inversion_rho"":null,""inversion_channel"":33.0,""period_ms"":7.6999664306640625}"
196101,1,3847.1999,3847.1999,False,0.625,"{""inversion_rho"":null,""inversion_channel"":27.5,""period_ms"":7.6999664306640625}"
196101,1,3862.6001,3862.6001,False,0.25,"{""inversion_rho"":null,""inversion_channel"":24.0,""period_ms"":9.649991989135742}"
196101,1,3872.6001,3872.6001,False,0.25,"{""inversion_rho"":null,""inversion_channel"":33.5,""period_ms"":9.649991989135742}"
196101,1,3892.7,3892.7,False,0.25,"{""inversion_rho"":null,""inversion_channel"":32.5,""period_ms"":9.649991989135742}"
196101,1,3901.0999,3901.0999,False,0.375,"{""inversion_rho"":null,""inversion_channel"":32.5,""period_ms"":9.649991989135742}"
196101,1,3907.2001,3907.2001,False,0.5,"{""inversion_rho"":null,""inversion_channel"":23.5,""period_ms"":9.649991989135742}"
196101,1,3919.8999,3919.8999,False,0.5,"{""inversion_rho"":null,""inversion_channel"":37.5,""period_ms"":9.649991989135742}"
196101,1,3929.1999,3929.1999,False,0.375,"{""inversion_rho"":null,""inversion_channel"":24.5,""period_ms"":9.649991989135742}"
196101,1,3956.6,3956.6,False,1.0,"{""inversion_rho"":null,""inversion_channel"":29.5,""period_ms"":29.899954795837402}"
196101,1,3982.7001,3982.7001,False,0.375,"{""inversion_rho"":null,""inversion_channel"":30.5,""period_ms"":29.899954795837402}"
196101,1,4016.3999,4016.3999,False,1.0,"{""inversion_rho"":null,""inversion_channel"":25.5,""period_ms"":29.899954795837402}"
196101,1,4027.9002,4027.9002,False,0.25,"{""inversion_rho"":null,""inversion_channel"":31.0,""period_ms"":null}"
196101,1,4036.3002,4036.3002,False,0.625,"{""inversion_rho"":null,""inversion_channel"":40.0,""period_ms"":null}"
196101,1,4229.1999,4229.1999,False,1.0,"{""inversion_rho"":null,""inversion_channel"":17.5,""period_ms"":5.300045013427734}"
196101,1,4234.3998,4234.3998,False,0.5,"{""inversion_rho"":null,""inversion_channel"":25.5,""period_ms"":5.300045013427734}"
196101,1,4239.6998,4239.6998,False,0.5,"{""inversion_rho"":null,""inversion_channel"":27.5,""period_ms"":5.300045013427734}"
196101,1,4246.3002,4246.3002,False,0.625,"{""inversion_rho"":null,""inversion_channel"":13.5,""period_ms"":5.300045013427734}"
196101,1,4341.8002,4341.8002,False,1.0,"{""inversion_rho"":null,""inversion_channel"":15.5,""period_ms"":null}"
196101,1,4390.8,4390.8,False,1.0,"{""inversion_rho"":null,""inversion_channel"":25.5,""period_ms"":null}"
196101,1,4398.7999,4398.7999,False,0.375,"{""inversion_rho"":null,""inversion_channel"":24.5,""period_ms"":26.49974822998047}"
196101,1,4416.6002,4416.6002,False,0.375,"{""inversion_rho"":null,""inversion_channel"":23.0,""period_ms"":26.49974822998047}"
196101,1,4447.7,4447.7,False,0.25,"{""inversion_rho"":null,""inversion_channel"":26.0,""period_ms"":26.49974822998047}"
196101,1,4461.1001,4461.1001,False,1.0,"{""inversion_rho"":null,""inversion_channel"":13.5,""period_ms"":26.49974822998047}"
196101,1,4487.5998,4487.5998,False,1.0,"{""inversion_rho"":null,""inversion_channel"":29.0,""period_ms"":26.49974822998047}"
196101,1,4521.4,4521.4,False,1.0,"{""inversion_rho"":null,""inversion_channel"":25.5,""period_ms"":26.49974822998047}"
196101,1,4529.0999,4529.0999,False,0.375,"{""inversion_rho"":null,""inversion_channel"":19.0,""period_ms"":null}"
196101,1,4544.4999,4544.4999,False,0.875,"{""inversion_rho"":null,""inversion_channel"":41.5,""period_ms"":null}"
196101,1,4593.9999,4593.9999,False,0.25,"{""inversion_rho"":null,""inversion_channel"":24.0,""period_ms"":26.649951934814453}"
196101,1,4625.2999,4625.2999,False,0.375,"{""inversion_rho"":null,""inversion_channel"":40.0,""period_ms"":26.649951934814453}"
196101,1,4647.2998,4647.2998,False,0.375,"{""inversion_rho"":null,""inversion_channel"":40.5,""period_ms"":26.649951934814453}"
196101,1,4652.9999,4652.9999,False,1.0,"{""inversion_rho"":null,""inversion_channel"":40.5,""period_ms"":5.700111389160156}"
196101,1,4658.8998,4658.8998,False,1.0,"{""inversion_rho"":null,""inversion_channel"":16.5,""period_ms"":5.700111389160156}"
196101,1,4664.5999,4664.5999,False,0.625,"{""inversion_rho"":null,""inversion_channel"":20.0,""period_ms"":5.700111389160156}"
196101,1,4670.3,4670.3,False,0.375,"{""inversion_rho"":null,""inversion_channel"":40.0,""period_ms"":5.700111389160156}"
196101,1,4675.3001,4675.3001,False,0.375,"{""inversion_rho"":null,""inversion_channel"":25.5,""period_ms"":5.700111389160156}"
196101,1,4680.6002,4680.6002,False,0.75,"{""inversion_rho"":null,""inversion_channel"":19.5,""period_ms"":5.700111389160156}"
196101,1,4706.2998,4706.2998,False,0.375,"{""inversion_rho"":null,""inversion_channel"":41.0,""period_ms"":6.799936294555664}"
196101,1,4713.2001,4713.2001,False,0.75,"{""inversion_rho"":null,""inversion_channel"":38.0,""period_ms"":6.799936294555664}"
196101,1,4719.8,4719.8,False,0.25,"{""inversion_rho"":null,""inversion_channel"":22.0,""period_ms"":6.799936294555664}"
196101,1,4726.6002,4726.6002,False,0.375,"{""inversion_rho"":null,""inversion_channel"":17.5,""period_ms"":6.799936294555664}"
196101,1,4733.3999,4733.3999,False,0.25,"{""inversion_rho"":null,""inversion_channel"":22.5,""period_ms"":6.799936294555664}"
196101,1,2242.0001,2273.7,True,1.0,"{""inversion_rho"":null,""inversion_channel"":16.5,""period_ms"":15.849947929382324}"
196101,1,2309.4001,2331.1999,True,1.0,"{""inversion_rho"":null,""inversion_channel"":24.5,""period_ms"":10.899901390075684}"
196101,1,2391.5,2488.8,True,1.0,"{""inversion_rho"":null,""inversion_channel"":40.25,""period_ms"":8.199930191040039}"
196101,1,2617.3999,2628.5999,True,1.0,"{""inversion_rho"":null,""inversion_channel"":40.5,""period_ms"":5.5999755859375}"
196101,1,2649.9,2675.4999,True,1.0,"{""inversion_rho"":null,""inversion_channel"":25.0,""period_ms"":12.799978256225586}"
196101,1,2736.5,2776.2001,True,1.0,"{""inversion_rho"":null,""inversion_channel"":18.0,""period_ms"":15.500068664550781}"
196101,1,2950.9001,2971.2999,True,1.0,"{""inversion_rho"":null,""inversion_channel"":20.5,""period_ms"":10.199904441833496}"
196101,1,3325.5999,3345.7,True,1.0,"{""inversion_rho"":null,""inversion_channel"":23.0,""period_ms"":6.099939346313477}"
196101,1,3371.7999,3391.7999,True,1.0,"{""inversion_rho"":null,""inversion_channel"":29.5,""period_ms"":9.999990463256836}"
196101,1,3516.5,3537.6,True,1.0,"{""inversion_rho"":null,""inversion_channel"":30.5,""period_ms"":10.55002212524414}"
196101,1,3592.2999,3687.5999,True,1.0,"{""inversion_rho"":null,""inversion_channel"":20.75,""period_ms"":32.79995918273926}"
196101,1,3692.6,3719.8999,True,1.0,"{""inversion_rho"":null,""inversion_channel"":24.25,""period_ms"":10.799884796142578}"
196101,1,3824.7001,3847.1999,True,1.0,"{""inversion_rho"":null,""inversion_channel"":30.25,""period_ms"":7.6999664306640625}"
196101,1,3862.6001,3929.1999,True,1.0,"{""inversion_rho"":null,""inversion_channel"":32.5,""period_ms"":9.649991989135742}"
196101,1,3956.6,4016.3999,True,1.0,"{""inversion_rho"":null,""inversion_channel"":29.5,""period_ms"":29.899954795837402}"
196101,1,4229.1999,4246.3002,True,1.0,"{""inversion_rho"":null,""inversion_channel"":21.5,""period_ms"":5.300045013427734}"
196101,1,4398.7999,4521.4,True,1.0,"{""inversion_rho"":null,""inversion_channel"":25.0,""period_ms"":26.49974822998047}"
196101,1,4593.9999,4647.2998,True,1.0,"{""inversion_rho"":null,""inversion_channel"":40.0,""period_ms"":26.649951934814453}"
196101,1,4652.9999,4680.6002,True,1.0,"{""inversion_rho"":null,""inversion_channel"":22.75,""period_ms"":5.700111389160156}"
196101,1,4706.2998,4733.3999,True,1.0,"{""inversion_rho"":null,""inversion_channel"":22.5,""period_ms"":6.799936294555664}"
196146,1,61.6,61.6,False,0.375,"{""inversion_rho"":null,""inversion_channel"":4.5,""period_ms"":null}"
196146,1,69.5,69.5,False,0.75,"{""inversion_rho"":null,""inversion_channel"":12.5,""period_ms"":null}"
196146,1,2541.6999,2541.6999,False,0.25,"{""inversion_rho"":null,""inversion_channel"":6.0,""period_ms"":23.3001708984375}"
196146,1,2552.7999,2552.7999,False,1.0,"{""inversion_rho"":null,""inversion_channel"":2.5,""period_ms"":23.3001708984375}"
196146,1,2576.1001,2576.1001,False,1.0,"{""inversion_rho"":null,""inversion_channel"":2.5,""period_ms"":23.3001708984375}"
196146,1,2613.6999,2613.6999,False,1.0,"{""inversion_rho"":null,""inversion_channel"":2.5,""period_ms"":23.3001708984375}"
196146,1,2641.4001,2641.4001,False,0.75,"{""inversion_rho"":null,""inversion_channel"":2.5,""period_ms"":23.3001708984375}"
196146,1,2679.6999,2679.6999,False,0.25,"{""inversion_rho"":null,""inversion_channel"":39.5,""period_ms"":23.3001708984375}"
196146,1,2698.1001,2698.1001,False,1.0,"{""inversion_rho"":null,""inversion_channel"":2.5,""period_ms"":23.3001708984375}"
196146,1,2717.0999,2717.0999,False,1.0,"{""inversion_rho"":null,""inversion_channel"":2.5,""period_ms"":23.3001708984375}"
196146,1,2787.3001,2787.3001,False,1.0,"{""inversion_rho"":null,""inversion_channel"":16.5,""period_ms"":56.099891662597656}"
196146,1,2836.9999,2836.9999,False,1.0,"{""inversion_rho"":null,""inversion_channel"":2.5,""period_ms"":56.099891662597656}"
196146,1,2899.4999,2899.4999,False,1.0,"{""inversion_rho"":null,""inversion_channel"":33.0,""period_ms"":56.099891662597656}"
196146,1,2916.1999,2916.1999,False,1.0,"{""inversion_rho"":null,""inversion_channel"":1.5,""period_ms"":11.350035667419434}"
196146,1,2929.1999,2929.1999,False,1.0,"{""inversion_rho"":null,""inversion_channel"":2.5,""period_ms"":11.350035667419434}"
196146,1,2938.9,2938.9,False,1.0,"{""inversion_rho"":null,""inversion_channel"":2.5,""period_ms"":11.350035667419434}"
196146,1,2970.5999,2970.5999,False,0.25,"{""inversion_rho"":null,""inversion_channel"":7.0,""period_ms"":38.60020637512207}"
196146,1,3009.2001,3009.2001,False,1.0,"{""inversion_rho"":null,""inversion_channel"":1.5,""period_ms"":38.60020637512207}"
196146,1,3042.0001,3042.0001,False,0.375,"{""inversion_rho"":null,""inversion_channel"":23.5,""period_ms"":38.60020637512207}"
196146,1,3116.6999,3116.6999,False,0.25,"{""inversion_rho"":null,""inversion_channel"":6.5,""period_ms"":38.60020637512207}"
196146,1,3125.7,3125.7,False,1.0,"{""inversion_rho"":null,""inversion_channel"":2.5,""period_ms"":null}"
196146,1,3147.7001,3147.7001,False,0.25,"{""inversion_rho"":null,""inversion_channel"":18.5,""period_ms"":null}"
196146,1,3156.3001,3156.3001,False,1.0,"{""inversion_rho"":null,""inversion_channel"":22.0,""period_ms"":null}"
196146,1,3165.7,3165.7,False,0.25,"{""inversion_rho"":null,""inversion_channel"":7.0,""period_ms"":null}"
196146,1,3192.4,3192.4,False,1.0,"{""inversion_rho"":null,""inversion_channel"":1.5,""period_ms"":19.649982452392578}"
196146,1,3213.9001,3213.9001,False,1.0,"{""inversion_rho"":null,""inversion_channel"":4.5,""period_ms"":19.649982452392578}"
196146,1,3231.6999,3231.6999,False,0.25,"{""inversion_rho"":null,""inversion_channel"":7.0,""period_ms"":19.649982452392578}"
196146,1,3280.7,3280.7,False,1.0,"{""inversion_rho"":null,""inversion_channel"":19.0,""period_ms"":63.60006332397461}"
196146,1,3371.7,3371.7,False,1.0,"{""inversion_rho"":null,""inversion_channel"":33.5,""period_ms"":63.60006332397461}"
196146,1,3435.3001,3435.3001,False,1.0,"{""inversion_rho"":null,""inversion_channel"":38.5,""period_ms"":63.60006332397461}"
196146,1,3509.3,3509.3,False,1.0,"{""inversion_rho"":null,""inversion_channel"":34.5,""period_ms"":63.60006332397461}"
196146,1,3551.1999,3551.1999,False,1.0,"{""inversion_rho"":null,""inversion_channel"":34.5,""period_ms"":63.60006332397461}"
196146,1,3591.1,3591.1,False,1.0,"{""inversion_rho"":null,""inversion_channel"":35.0,""period_ms"":63.60006332397461}"
196146,1,3606.9,3606.9,False,1.0,"{""inversion_rho"":null,""inversion_channel"":12.0,""period_ms"":32.75001049041748}"
196146,1,3625.7,3625.7,False,1.0,"{""inversion_rho"":null,""inversion_channel"":36.5,""period_ms"":32.75001049041748}"
196146,1,3665.1001,3665.1001,False,1.0,"{""inversion_rho"":null,""inversion_channel"":21.5,""period_ms"":32.75001049041748}"
196146,1,3710.7999,3710.7999,False,1.0,"{""inversion_rho"":null,""inversion_channel"":24.0,""period_ms"":32.75001049041748}"
196146,1,3750.0999,3750.0999,False,1.0,"{""inversion_rho"":null,""inversion_channel"":33.5,""period_ms"":32.75001049041748}"
196146,1,3786.0,3786.0,False,1.0,"{""inversion_rho"":null,""inversion_channel"":32.0,""period_ms"":32.75001049041748}"
196146,1,3815.5999,3815.5999,False,1.0,"{""inversion_rho"":null,""inversion_channel"":30.5,""period_ms"":32.75001049041748}"
196146,1,3841.5999,3841.5999,False,1.0,"{""inversion_rho"":null,""inversion_channel"":30.0,""period_ms"":32.75001049041748}"
196146,1,3865.5,3865.5,False,1.0,"{""inversion_rho"":null,""inversion_channel"":28.0,""period_ms"":32.75001049041748}"
196146,1,2541.6999,2717.0999,True,1.0,"{""inversion_rho"":null,""inversion_channel"":2.5,""period_ms"":23.3001708984375}"
196146,1,2787.3001,2899.4999,True,1.0,"{""inversion_rho"":null,""inversion_channel"":16.5,""period_ms"":56.099891662597656}"
196146,1,2916.1999,2938.9,True,1.0,"{""inversion_rho"":null,""inversion_channel"":2.5,""period_ms"":11.350035667419434}"
196146,1,2970.5999,3116.6999,True,1.0,"{""inversion_rho"":null,""inversion_channel"":6.75,""period_ms"":38.60020637512207}"
196146,1,3192.4,3231.6999,True,1.0,"{""inversion_rho"":null,""inversion_channel"":4.5,""period_ms"":19.649982452392578}"
196146,1,3280.7,3591.1,True,1.0,"{""inversion_rho"":null,""inversion_channel"":34.5,""period_ms"":63.60006332397461}"
196146,1,3606.9,3865.5,True,1.0,"{""inversion_rho"":null,""inversion_channel"":30.0,""period_ms"":32.75001049041748}"
196154,1,34.6,34.6,False,0.5,"{""inversion_rho"":null,""inversion_channel"":37.5,""period_ms"":null}"
196154,1,66.3,66.3,False,0.875,"{""inversion_rho"":null,""inversion_channel"":2.5,""period_ms"":null}"
196154,1,74.5,74.5,False,1.0,"{""inversion_rho"":null,""inversion_channel"":2.5,""period_ms"":null}"
196154,1,94.0,94.0,False,1.0,"{""inversion_rho"":null,""inversion_channel"":2.5,""period_ms"":null}"
196154,1,2354.3,2354.3,False,1.0,"{""inversion_rho"":null,""inversion_channel"":2.5,""period_ms"":null}"
196154,1,2599.7,2599.7,False,1.0,"{""inversion_rho"":null,""inversion_channel"":1.5,""period_ms"":null}"
196154,1,2636.8999,2636.8999,False,0.625,"{""inversion_rho"":null,""inversion_channel"":2.5,""period_ms"":48.05004596710205}"
196154,1,2687.0,2687.0,False,0.5,"{""inversion_rho"":null,""inversion_channel"":2.5,""period_ms"":48.05004596710205}"
196154,1,2733.0,2733.0,False,0.75,"{""inversion_rho"":null,""inversion_channel"":1.5,""period_ms"":48.05004596710205}"
196154,1,2893.3001,2893.3001,False,1.0,"{""inversion_rho"":null,""inversion_channel"":10.0,""period_ms"":null}"
196154,1,3068.3,3068.3,False,1.0,"{""inversion_rho"":null,""inversion_channel"":15.5,""period_ms"":null}"
196154,1,3087.8999,3087.8999,False,1.0,"{""inversion_rho"":null,""inversion_channel"":1.5,""period_ms"":46.249985694885254}"
196154,1,3153.1,3153.1,False,1.0,"{""inversion_rho"":null,""inversion_channel"":1.5,""period_ms"":46.249985694885254}"
196154,1,3180.3999,3180.3999,False,0.75,"{""inversion_rho"":null,""inversion_channel"":1.5,""period_ms"":46.249985694885254}"
196154,1,3257.0,3257.0,False,1.0,"{""inversion_rho"":null,""inversion_channel"":1.5,""period_ms"":null}"
196154,1,3282.8,3282.8,False,1.0,"{""inversion_rho"":null,""inversion_channel"":34.5,""period_ms"":null}"
196154,1,3448.4999,3448.4999,False,1.0,"{""inversion_rho"":null,""inversion_channel"":1.5,""period_ms"":32.50002861022949}"
196154,1,3485.6999,3485.6999,False,1.0,"{""inversion_rho"":null,""inversion_channel"":36.0,""period_ms"":32.50002861022949}"
196154,1,3555.3999,3555.3999,False,1.0,"{""inversion_rho"":null,""inversion_channel"":34.5,""period_ms"":32.50002861022949}"
196154,1,3612.6001,3612.6001,False,1.0,"{""inversion_rho"":null,""inversion_channel"":36.5,""period_ms"":32.50002861022949}"
196154,1,3643.4,3643.4,False,1.0,"{""inversion_rho"":null,""inversion_channel"":17.5,""period_ms"":32.50002861022949}"
196154,1,3678.7,3678.7,False,1.0,"{""inversion_rho"":null,""inversion_channel"":35.0,""period_ms"":32.50002861022949}"
196154,1,3711.2,3711.2,False,0.5,"{""inversion_rho"":null,""inversion_channel"":13.5,""period_ms"":32.50002861022949}"
196154,1,3743.3,3743.3,False,0.625,"{""inversion_rho"":null,""inversion_channel"":13.5,""period_ms"":32.50002861022949}"
196154,1,3776.2001,3776.2001,False,0.75,"{""inversion_rho"":null,""inversion_channel"":14.0,""period_ms"":32.50002861022949}"
196154,1,3807.4,3807.4,False,1.0,"{""inversion_rho"":null,""inversion_channel"":31.5,""period_ms"":32.50002861022949}"
196154,1,3830.6,3830.6,False,1.0,"{""inversion_rho"":null,""inversion_channel"":14.0,""period_ms"":32.50002861022949}"
196154,1,3857.5001,3857.5001,False,1.0,"{""inversion_rho"":null,""inversion_channel"":28.5,""period_ms"":32.50002861022949}"
196154,1,2636.8999,2733.0,True,1.0,"{""inversion_rho"":null,""inversion_channel"":2.5,""period_ms"":48.05004596710205}"
196154,1,3087.8999,3180.3999,True,1.0,"{""inversion_rho"":null,""inversion_channel"":1.5,""period_ms"":46.249985694885254}"
196154,1,3448.4999,3857.5001,True,1.0,"{""inversion_rho"":null,""inversion_channel"":23.0,""period_ms"":32.50002861022949}"
196324,1,58.2,58.2,False,0.25,"{""inversion_rho"":null,""inversion_channel"":19.0,""period_ms"":null}"
196324,1,63.3,63.3,False,0.375,"{""inversion_rho"":null,""inversion_channel"":1.5,""period_ms"":null}"
196324,1,1583.6999,1583.6999,False,1.0,"{""inversion_rho"":null,""inversion_channel"":15.5,""period_ms"":null}"
196324,1,1953.5,1953.5,False,1.0,"{""inversion_rho"":null,""inversion_channel"":28.5,""period_ms"":15.30003547668457}"
196324,1,1969.7,1969.7,False,1.0,"{""inversion_rho"":null,""inversion_channel"":25.5,""period_ms"":15.30003547668457}"
196324,1,1983.4,1983.4,False,1.0,"{""inversion_rho"":null,""inversion_channel"":28.5,""period_ms"":15.30003547668457}"
196324,1,1997.3,1997.3,False,1.0,"{""inversion_rho"":null,""inversion_channel"":28.5,""period_ms"":15.30003547668457}"
196324,1,2012.9001,2012.9001,False,1.0,"{""inversion_rho"":null,""inversion_channel"":30.5,""period_ms"":15.30003547668457}"
196324,1,2022.1,2022.1,False,1.0,"{""inversion_rho"":null,""inversion_channel"":29.5,""period_ms"":15.30003547668457}"
196324,1,2035.7001,2035.7001,False,1.0,"{""inversion_rho"":null,""inversion_channel"":28.5,""period_ms"":15.30003547668457}"
196324,1,2049.4001,2049.4001,False,1.0,"{""inversion_rho"":null,""inversion_channel"":26.0,""period_ms"":15.30003547668457}"
196324,1,2068.0001,2068.0001,False,1.0,"{""inversion_rho"":null,""inversion_channel"":28.5,""period_ms"":15.30003547668457}"
196324,1,2084.3,2084.3,False,1.0,"{""inversion_rho"":null,""inversion_channel"":29.0,""period_ms"":15.30003547668457}"
196324,1,2100.3001,2100.3001,False,1.0,"{""inversion_rho"":null,""inversion_channel"":26.0,""period_ms"":15.30003547668457}"
196324,1,2114.0001,2114.0001,False,1.0,"{""inversion_rho"":null,""inversion_channel"":32.5,""period_ms"":15.30003547668457}"
196324,1,2129.2,2129.2,False,1.0,"{""inversion_rho"":null,""inversion_channel"":29.5,""period_ms"":15.30003547668457}"
196324,1,2146.5001,2146.5001,False,1.0,"{""inversion_rho"":null,""inversion_channel"":29.5,""period_ms"":15.30003547668457}"
196324,1,2163.5001,2163.5001,False,1.0,"{""inversion_rho"":null,""inversion_channel"":29.5,""period_ms"":15.30003547668457}"
196324,1,2184.9999,2184.9999,False,1.0,"{""inversion_rho"":null,""inversion_channel"":29.5,""period_ms"":15.30003547668457}"
196324,1,2207.4001,2207.4001,False,1.0,"{""inversion_rho"":null,""inversion_channel"":30.0,""period_ms"":15.30003547668457}"
196324,1,2228.4999,2228.4999,False,1.0,"{""inversion_rho"":null,""inversion_channel"":27.5,""period_ms"":15.30003547668457}"
196324,1,2246.9001,2246.9001,False,1.0,"{""inversion_rho"":null,""inversion_channel"":30.5,""period_ms"":15.30003547668457}"
196324,1,2265.6,2265.6,False,1.0,"{""inversion_rho"":null,""inversion_channel"":30.5,""period_ms"":15.30003547668457}"
196324,1,2284.3001,2284.3001,False,1.0,"{""inversion_rho"":null,""inversion_channel"":30.5,""period_ms"":15.30003547668457}"
196324,1,2299.0999,2299.0999,False,1.0,"{""inversion_rho"":null,""inversion_channel"":30.0,""period_ms"":15.30003547668457}"
196324,1,2310.4999,2310.4999,False,1.0,"{""inversion_rho"":null,""inversion_channel"":33.5,""period_ms"":15.30003547668457}"
196324,1,2330.6,2330.6,False,1.0,"{""inversion_rho"":null,""inversion_channel"":28.0,""period_ms"":15.30003547668457}"
196324,1,2351.7001,2351.7001,False,1.0,"{""inversion_rho"":null,""inversion_channel"":30.5,""period_ms"":15.30003547668457}"
196324,1,2375.0999,2375.0999,False,1.0,"{""inversion_rho"":null,""inversion_channel"":30.5,""period_ms"":15.30003547668457}"
196324,1,2399.9,2399.9,False,1.0,"{""inversion_rho"":null,""inversion_channel"":38.0,""period_ms"":15.30003547668457}"
196324,1,2420.5999,2420.5999,False,1.0,"{""inversion_rho"":null,""inversion_channel"":31.0,""period_ms"":15.30003547668457}"
196324,1,2429.8,2429.8,False,0.25,"{""inversion_rho"":null,""inversion_channel"":14.5,""period_ms"":15.30003547668457}"
196324,1,2443.8,2443.8,False,1.0,"{""inversion_rho"":null,""inversion_channel"":28.5,""period_ms"":15.30003547668457}"
196324,1,2464.2,2464.2,False,1.0,"{""inversion_rho"":null,""inversion_channel"":31.0,""period_ms"":15.30003547668457}"
196324,1,2481.4999,2481.4999,False,1.0,"{""inversion_rho"":null,""inversion_channel"":31.5,""period_ms"":15.30003547668457}"
196324,1,2496.7999,2496.7999,False,1.0,"{""inversion_rho"":null,""inversion_channel"":31.0,""period_ms"":15.30003547668457}"
196324,1,2511.4,2511.4,False,1.0,"{""inversion_rho"":null,""inversion_channel"":31.5,""period_ms"":15.30003547668457}"
196324,1,2523.7999,2523.7999,False,0.875,"{""inversion_rho"":null,""inversion_channel"":34.0,""period_ms"":15.30003547668457}"
196324,1,2530.7,2530.7,False,1.0,"{""inversion_rho"":null,""inversion_channel"":29.5,""period_ms"":15.30003547668457}"
196324,1,2540.7,2540.7,False,1.0,"{""inversion_rho"":null,""inversion_channel"":31.0,""period_ms"":15.30003547668457}"
196324,1,2554.5001,2554.5001,False,1.0,"{""inversion_rho"":null,""inversion_channel"":31.0,""period_ms"":15.30003547668457}"
196324,1,2569.2,2569.2,False,1.0,"{""inversion_rho"":null,""inversion_channel"":30.5,""period_ms"":15.30003547668457}"
196324,1,2588.0001,2588.0001,False,1.0,"{""inversion_rho"":null,""inversion_channel"":39.5,""period_ms"":15.30003547668457}"
196324,1,2601.9001,2601.9001,False,1.0,"{""inversion_rho"":null,""inversion_channel"":31.5,""period_ms"":15.30003547668457}"
196324,1,2618.5999,2618.5999,False,1.0,"{""inversion_rho"":null,""inversion_channel"":30.5,""period_ms"":15.30003547668457}"
196324,1,2631.7999,2631.7999,False,1.0,"{""inversion_rho"":null,""inversion_channel"":28.5,""period_ms"":15.30003547668457}"
196324,1,2644.5999,2644.5999,False,1.0,"{""inversion_rho"":null,""inversion_channel"":31.5,""period_ms"":15.30003547668457}"
196324,1,2656.3001,2656.3001,False,1.0,"{""inversion_rho"":null,""inversion_channel"":31.5,""period_ms"":15.30003547668457}"
196324,1,2670.5,2670.5,False,1.0,"{""inversion_rho"":null,""inversion_channel"":31.0,""period_ms"":15.30003547668457}"
196324,1,2682.6,2682.6,False,1.0,"{""inversion_rho"":null,""inversion_channel"":31.5,""period_ms"":15.30003547668457}"
196324,1,2695.3001,2695.3001,False,1.0,"{""inversion_rho"":null,""inversion_channel"":31.5,""period_ms"":15.30003547668457}"
196324,1,2709.3,2709.3,False,1.0,"{""inversion_rho"":null,""inversion_channel"":28.0,""period_ms"":15.30003547668457}"
196324,1,2721.7,2721.7,False,1.0,"{""inversion_rho"":null,""inversion_channel"":31.0,""period_ms"":15.30003547668457}"
196324,1,2731.3001,2731.3001,False,1.0,"{""inversion_rho"":null,""inversion_channel"":29.5,""period_ms"":15.30003547668457}"
196324,1,2744.2999,2744.2999,False,1.0,"{""inversion_rho"":null,""inversion_channel"":27.5,""period_ms"":15.30003547668457}"
196324,1,2758.8999,2758.8999,False,1.0,"{""inversion_rho"":null,""inversion_channel"":29.5,""period_ms"":15.30003547668457}"
196324,1,2778.7001,2778.7001,False,1.0,"{""inversion_rho"":null,""inversion_channel"":27.5,""period_ms"":15.30003547668457}"
196324,1,2796.5,2796.5,False,1.0,"{""inversion_rho"":null,""inversion_channel"":28.0,""period_ms"":15.30003547668457}"
196324,1,2815.9001,2815.9001,False,1.0,"{""inversion_rho"":null,""inversion_channel"":30.5,""period_ms"":15.30003547668457}"
196324,1,2832.7999,2832.7999,False,1.0,"{""inversion_rho"":null,""inversion_channel"":29.5,""period_ms"":15.30003547668457}"
196324,1,2849.9999,2849.9999,False,1.0,"{""inversion_rho"":null,""inversion_channel"":26.5,""period_ms"":15.30003547668457}"
196324,1,2865.9999,2865.9999,False,1.0,"{""inversion_rho"":null,""inversion_channel"":28.5,""period_ms"":15.30003547668457}"
196324,1,2884.0001,2884.0001,False,1.0,"{""inversion_rho"":null,""inversion_channel"":27.0,""period_ms"":15.30003547668457}"
196324,1,2889.3001,2889.3001,False,0.875,"{""inversion_rho"":null,""inversion_channel"":29.5,""period_ms"":19.249916076660156}"
196324,1,2894.5,2894.5,False,1.0,"{""inversion_rho"":null,""inversion_channel"":28.0,""period_ms"":19.249916076660156}"
196324,1,2904.7,2904.7,False,1.0,"{""inversion_rho"":null,""inversion_channel"":30.0,""period_ms"":19.249916076660156}"
196324,1,2919.8999,2919.8999,False,1.0,"{""inversion_rho"":null,""inversion_channel"":27.5,""period_ms"":19.249916076660156}"
196324,1,2944.2,2944.2,False,1.0,"{""inversion_rho"":null,""inversion_channel"":28.0,""period_ms"":19.249916076660156}"
196324,1,2964.6001,2964.6001,False,1.0,"{""inversion_rho"":null,""inversion_channel"":28.0,""period_ms"":19.249916076660156}"
196324,1,2984.1001,2984.1001,False,1.0,"{""inversion_rho"":null,""inversion_channel"":27.0,""period_ms"":19.249916076660156}"
196324,1,3003.2001,3003.2001,False,1.0,"{""inversion_rho"":null,""inversion_channel"":25.0,""period_ms"":19.249916076660156}"
196324,1,3022.5999,3022.5999,False,1.0,"{""inversion_rho"":null,""inversion_channel"":27.0,""period_ms"":19.249916076660156}"
196324,1,3030.0,3030.0,False,1.0,"{""inversion_rho"":null,""inversion_channel"":33.5,""period_ms"":null}"
196324,1,3035.3,3035.3,False,0.25,"{""inversion_rho"":null,""inversion_channel"":29.0,""period_ms"":null}"
196324,1,3054.1999,3054.1999,False,1.0,"{""inversion_rho"":null,""inversion_channel"":29.5,""period_ms"":35.19999980926514}"
196324,1,3090.6,3090.6,False,1.0,"{""inversion_rho"":null,""inversion_channel"":30.5,""period_ms"":35.19999980926514}"
196324,1,3124.5999,3124.5999,False,1.0,"{""inversion_rho"":null,""inversion_channel"":25.5,""period_ms"":35.19999980926514}"
196324,1,3134.3,3134.3,False,1.0,"{""inversion_rho"":null,""inversion_channel"":33.5,""period_ms"":null}"
196324,1,3139.6,3139.6,False,1.0,"{""inversion_rho"":null,""inversion_channel"":28.0,""period_ms"":null}"
196324,1,3172.2,3172.2,False,1.0,"{""inversion_rho"":null,""inversion_channel"":28.5,""period_ms"":null}"
196324,1,3209.8999,3209.8999,False,0.875,"{""inversion_rho"":null,""inversion_channel"":37.0,""period_ms"":null}"
196324,1,3214.9999,3214.9999,False,0.25,"{""inversion_rho"":null,""inversion_channel"":28.5,""period_ms"":null}"
196324,1,3220.2001,3220.2001,False,0.25,"{""inversion_rho"":null,""inversion_channel"":39.5,""period_ms"":null}"
196324,1,3242.3999,3242.3999,False,1.0,"{""inversion_rho"":null,""inversion_channel"":27.5,""period_ms"":7.200002670288086}"
196324,1,3248.6999,3248.6999,False,1.0,"{""inversion_rho"":null,""inversion_channel"":33.5,""period_ms"":7.200002670288086}"
196324,1,3256.7999,3256.7999,False,1.0,"{""inversion_rho"":null,""inversion_channel"":27.5,""period_ms"":7.200002670288086}"
196324,1,3285.5999,3285.5999,False,0.25,"{""inversion_rho"":null,""inversion_channel"":31.5,""period_ms"":null}"
196324,1,3351.3,3351.3,False,1.0,"{""inversion_rho"":null,""inversion_channel"":25.5,""period_ms"":null}"
196324,1,3365.7,3365.7,False,1.0,"{""inversion_rho"":null,""inversion_channel"":31.5,""period_ms"":null}"
196324,1,3371.0999,3371.0999,False,0.625,"{""inversion_rho"":null,""inversion_channel"":27.0,""period_ms"":null}"
196324,1,3444.7,3444.7,False,0.375,"{""inversion_rho"":null,""inversion_channel"":31.0,""period_ms"":null}"
196324,1,3450.5,3450.5,False,1.0,"{""inversion_rho"":null,""inversion_channel"":30.0,""period_ms"":null}"
196324,1,3467.0999,3467.0999,False,1.0,"{""inversion_rho"":null,""inversion_channel"":35.5,""period_ms"":null}"
196324,1,3473.5999,3473.5999,False,1.0,"{""inversion_rho"":null,""inversion_channel"":31.0,""period_ms"":null}"
196324,1,3538.8,3538.8,False,0.625,"{""inversion_rho"":null,""inversion_channel"":5.5,""period_ms"":30.20000457763672}"
196324,1,3569.0,3569.0,False,0.25,"{""inversion_rho"":null,""inversion_channel"":33.5,""period_ms"":30.20000457763672}"
196324,1,3593.6,3593.6,False,1.0,"{""inversion_rho"":null,""inversion_channel"":31.5,""period_ms"":30.20000457763672}"
196324,1,3653.3,3653.3,False,0.25,"{""inversion_rho"":null,""inversion_channel"":33.5,""period_ms"":30.20000457763672}"
196324,1,3671.0,3671.0,False,1.0,"{""inversion_rho"":null,""inversion_channel"":31.5,""period_ms"":64.74995613098145}"
196324,1,3734.2999,3734.2999,False,0.375,"{""inversion_rho"":null,""inversion_channel"":36.5,""period_ms"":64.74995613098145}"
196324,1,3800.4999,3800.4999,False,1.0,"{""inversion_rho"":null,""inversion_channel"":30.0,""period_ms"":64.74995613098145}"
196324,1,3813.2,3813.2,False,0.5,"{""inversion_rho"":null,""inversion_channel"":33.5,""period_ms"":null}"
196324,1,3822.0,3822.0,False,1.0,"{""inversion_rho"":null,""inversion_channel"":31.5,""period_ms"":null}"
196324,1,3886.4999,3886.4999,False,1.0,"{""inversion_rho"":null,""inversion_channel"":31.5,""period_ms"":30.900001525878906}"
196324,1,3930.7001,3930.7001,False,1.0,"{""inversion_rho"":null,""inversion_channel"":31.5,""period_ms"":30.900001525878906}"
196324,1,3961.6001,3961.6001,False,0.5,"{""inversion_rho"":null,""inversion_channel"":34.5,""period_ms"":30.900001525878906}"
196324,1,4016.0999,4016.0999,False,1.0,"{""inversion_rho"":null,""inversion_channel"":31.5,""period_ms"":30.900001525878906}"
196324,1,4039.0,4039.0,False,0.875,"{""inversion_rho"":null,""inversion_channel"":37.5,""period_ms"":30.900001525878906}"
196324,1,4049.2001,4049.2001,False,1.0,"{""inversion_rho"":null,""inversion_channel"":33.0,""period_ms"":30.900001525878906}"
196324,1,4108.9001,4108.9001,False,0.25,"{""inversion_rho"":null,""inversion_channel"":37.5,""period_ms"":null}"
196324,1,4154.5,4154.5,False,1.0,"{""inversion_rho"":null,""inversion_channel"":31.5,""period_ms"":null}"
196324,1,4166.9002,4166.9002,False,1.0,"{""inversion_rho"":null,""inversion_channel"":33.5,""period_ms"":null}"
196324,1,4172.5001,4172.5001,False,1.0,"{""inversion_rho"":null,""inversion_channel"":31.5,""period_ms"":null}"
196324,1,4189.8999,4189.8999,False,0.5,"{""inversion_rho"":null,""inversion_channel"":38.0,""period_ms"":41.899681091308594}"
196324,1,4244.8001,4244.8001,False,0.25,"{""inversion_rho"":null,""inversion_channel"":35.5,""period_ms"":41.899681091308594}"
196324,1,4286.6998,4286.6998,False,1.0,"{""inversion_rho"":null,""inversion_channel"":31.5,""period_ms"":41.899681091308594}"
196324,1,4313.7999,4313.7999,False,0.5,"{""inversion_rho"":null,""inversion_channel"":35.5,""period_ms"":41.899681091308594}"
196324,1,4318.9998,4318.9998,False,1.0,"{""inversion_rho"":null,""inversion_channel"":33.5,""period_ms"":null}"
196324,1,4370.8,4370.8,False,1.0,"{""inversion_rho"":null,""inversion_channel"":31.5,""period_ms"":null}"
196324,1,4390.8,4390.8,False,1.0,"{""inversion_rho"":null,""inversion_channel"":31.5,""period_ms"":null}"
196324,1,4453.8002,4453.8002,False,0.5,"{""inversion_rho"":null,""inversion_channel"":35.0,""period_ms"":null}"
196324,1,4460.1998,4460.1998,False,1.0,"{""inversion_rho"":null,""inversion_channel"":31.5,""period_ms"":58.7000846862793}"
196324,1,4520.5002,4520.5002,False,1.0,"{""inversion_rho"":null,""inversion_channel"":39.5,""period_ms"":58.7000846862793}"
196324,1,4553.7,4553.7,False,0.375,"{""inversion_rho"":null,""inversion_channel"":29.5,""period_ms"":58.7000846862793}"
196324,1,4612.4001,4612.4001,False,1.0,"{""inversion_rho"":null,""inversion_channel"":21.5,""period_ms"":58.7000846862793}"
196324,1,4625.1001,4625.1001,False,0.625,"{""inversion_rho"":null,""inversion_channel"":16.5,""period_ms"":43.849945068359375}"
196324,1,4673.1,4673.1,False,1.0,"{""inversion_rho"":null,""inversion_channel"":13.5,""period_ms"":43.849945068359375}"
196324,1,4723.3,4723.3,False,1.0,"{""inversion_rho"":null,""inversion_channel"":14.0,""period_ms"":43.849945068359375}"
196324,1,4763.0,4763.0,False,1.0,"{""inversion_rho"":null,""inversion_channel"":13.5,""period_ms"":43.849945068359375}"
196324,1,4780.7999,4780.7999,False,1.0,"{""inversion_rho"":null,""inversion_channel"":14.5,""period_ms"":43.849945068359375}"
196324,1,4829.0,4829.0,False,1.0,"{""inversion_rho"":null,""inversion_channel"":13.5,""period_ms"":50.00019073486328}"
196324,1,4866.2,4866.2,False,1.0,"{""inversion_rho"":null,""inversion_channel"":14.5,""period_ms"":50.00019073486328}"
196324,1,4919.4002,4919.4002,False,1.0,"{""inversion_rho"":null,""inversion_channel"":13.5,""period_ms"":50.00019073486328}"
196324,1,4951.6001,4951.6001,False,1.0,"{""inversion_rho"":null,""inversion_channel"":13.5,""period_ms"":50.00019073486328}"
196324,1,5010.7999,5010.7999,False,1.0,"{""inversion_rho"":null,""inversion_channel"":13.5,""period_ms"":50.00019073486328}"
196324,1,5061.3999,5061.3999,False,1.0,"{""inversion_rho"":null,""inversion_channel"":13.5,""period_ms"":50.00019073486328}"
196324,1,5111.4001,5111.4001,False,1.0,"{""inversion_rho"":null,""inversion_channel"":13.5,""period_ms"":50.00019073486328}"
196324,1,5161.5,5161.5,False,1.0,"{""inversion_rho"":null,""inversion_channel"":13.5,""period_ms"":50.00019073486328}"
196324,1,5210.3,5210.3,False,1.0,"{""inversion_rho"":null,""inversion_channel"":13.5,""period_ms"":50.00019073486328}"
196324,1,5258.2998,5258.2998,False,1.0,"{""inversion_rho"":null,""inversion_channel"":13.5,""period_ms"":50.00019073486328}"
196324,1,5305.6998,5305.6998,False,1.0,"{""inversion_rho"":null,""inversion_channel"":13.5,""period_ms"":50.00019073486328}"
196324,1,5355.7,5355.7,False,1.0,"{""inversion_rho"":null,""inversion_channel"":13.5,""period_ms"":50.00019073486328}"
196324,1,5407.0001,5407.0001,False,1.0,"{""inversion_rho"":null,""inversion_channel"":13.5,""period_ms"":50.00019073486328}"
196324,1,5456.6002,5456.6002,False,1.0,"{""inversion_rho"":null,""inversion_channel"":13.5,""period_ms"":50.00019073486328}"
196324,1,5506.8002,5506.8002,False,1.0,"{""inversion_rho"":null,""inversion_channel"":14.5,""period_ms"":50.00019073486328}"
196324,1,5542.2001,5542.2001,False,1.0,"{""inversion_rho"":null,""inversion_channel"":13.5,""period_ms"":50.00019073486328}"
196324,1,5554.1,5554.1,False,1.0,"{""inversion_rho"":null,""inversion_channel"":13.5,""period_ms"":14.999866485595703}"
196324,1,5571.3,5571.3,False,1.0,"{""inversion_rho"":null,""inversion_channel"":22.5,""period_ms"":14.999866485595703}"
196324,1,5586.2999,5586.2999,False,1.0,"{""inversion_rho"":null,""inversion_channel"":12.5,""period_ms"":14.999866485595703}"
196324,1,5595.0999,5595.0999,False,0.375,"{""inversion_rho"":null,""inversion_channel"":11.5,""period_ms"":14.999866485595703}"
196324,1,5619.7,5619.7,False,1.0,"{""inversion_rho"":null,""inversion_channel"":15.0,""period_ms"":null}"
196324,1,5629.0002,5629.0002,False,0.75,"{""inversion_rho"":null,""inversion_channel"":6.5,""period_ms"":null}"
196324,1,1953.5,2884.0001,True,1.0,"{""inversion_rho"":null,""inversion_channel"":29.75,""period_ms"":15.30003547668457}"
196324,1,2889.3001,3022.5999,True,1.0,"{""inversion_rho"":null,""inversion_channel"":28.0,""period_ms"":19.249916076660156}"
196324,1,3054.1999,3124.5999,True,1.0,"{""inversion_rho"":null,""inversion_channel"":29.5,""period_ms"":35.19999980926514}"
196324,1,3242.3999,3256.7999,True,1.0,"{""inversion_rho"":null,""inversion_channel"":27.5,""period_ms"":7.200002670288086}"
196324,1,3538.8,3653.3,True,1.0,"{""inversion_rho"":null,""inversion_channel"":32.5,""period_ms"":30.20000457763672}"
196324,1,3671.0,3800.4999,True,1.0,"{""inversion_rho"":null,""inversion_channel"":31.5,""period_ms"":64.74995613098145}"
196324,1,3886.4999,4049.2001,True,1.0,"{""inversion_rho"":null,""inversion_channel"":32.25,""period_ms"":30.900001525878906}"
196324,1,4189.8999,4313.7999,True,1.0,"{""inversion_rho"":null,""inversion_channel"":35.5,""period_ms"":41.899681091308594}"
196324,1,4460.1998,4612.4001,True,1.0,"{""inversion_rho"":null,""inversion_channel"":30.5,""period_ms"":58.7000846862793}"
196324,1,4625.1001,4780.7999,True,1.0,"{""inversion_rho"":null,""inversion_channel"":14.0,""period_ms"":43.849945068359375}"
196324,1,4829.0,5542.2001,True,1.0,"{""inversion_rho"":null,""inversion_channel"":13.5,""period_ms"":50.00019073486328}"
196324,1,5554.1,5595.0999,True,1.0,"{""inversion_rho"":null,""inversion_channel"":13.0,""period_ms"":14.999866485595703}"
196332,1,56.6,56.6,False,0.25,"{""inversion_rho"":null,""inversion_channel"":4.0,""period_ms"":null}"
196332,1,1829.3999,1829.3999,False,0.375,"{""inversion_rho"":null,""inversion_channel"":2.5,""period_ms"":26.949942111968994}"
196332,1,1848.0,1848.0,False,1.0,"{""inversion_rho"":null,""inversion_channel"":2.5,""period_ms"":26.949942111968994}"
196332,1,1870.7,1870.7,False,0.375,"{""inversion_rho"":null,""inversion_channel"":6.0,""period_ms"":26.949942111968994}"
196332,1,1904.0,1904.0,False,0.5,"{""inversion_rho"":null,""inversion_channel"":13.5,""period_ms"":26.949942111968994}"
196332,1,1935.2,1935.2,False,1.0,"{""inversion_rho"":null,""inversion_channel"":2.5,""period_ms"":26.949942111968994}"
196332,1,2092.6001,2092.6001,False,1.0,"{""inversion_rho"":null,""inversion_channel"":12.5,""period_ms"":null}"
196332,1,2124.5,2124.5,False,1.0,"{""inversion_rho"":null,""inversion_channel"":9.5,""period_ms"":null}"
196332,1,2359.6001,2359.6001,False,1.0,"{""inversion_rho"":null,""inversion_channel"":9.5,""period_ms"":142.84992218017578}"
196332,1,2525.8,2525.8,False,1.0,"{""inversion_rho"":null,""inversion_channel"":11.5,""period_ms"":142.84992218017578}"
196332,1,2645.2999,2645.2999,False,1.0,"{""inversion_rho"":null,""inversion_channel"":12.0,""period_ms"":142.84992218017578}"
196332,1,2671.5,2671.5,False,1.0,"{""inversion_rho"":null,""inversion_channel"":9.5,""period_ms"":83.69994163513184}"
196332,1,2755.1999,2755.1999,False,1.0,"{""inversion_rho"":null,""inversion_channel"":9.0,""period_ms"":83.69994163513184}"
196332,1,2905.4,2905.4,False,1.0,"{""inversion_rho"":null,""inversion_channel"":12.0,""period_ms"":83.69994163513184}"
196332,1,2973.7999,2973.7999,False,1.0,"{""inversion_rho"":null,""inversion_channel"":15.0,""period_ms"":83.69994163513184}"
196332,1,2994.6001,2994.6001,False,1.0,"{""inversion_rho"":null,""inversion_channel"":13.5,""period_ms"":null}"
196332,1,3134.1,3134.1,False,1.0,"{""inversion_rho"":null,""inversion_channel"":10.5,""period_ms"":null}"
196332,1,3153.1,3153.1,False,1.0,"{""inversion_rho"":null,""inversion_channel"":9.5,""period_ms"":88.54997158050537}"
196332,1,3251.6,3251.6,False,0.5,"{""inversion_rho"":null,""inversion_channel"":10.5,""period_ms"":88.54997158050537}"
196332,1,3330.2,3330.2,False,1.0,"{""inversion_rho"":null,""inversion_channel"":11.5,""period_ms"":88.54997158050537}"
196332,1,3346.7,3346.7,False,1.0,"{""inversion_rho"":null,""inversion_channel"":11.5,""period_ms"":36.20004653930664}"
196332,1,3392.2,3392.2,False,1.0,"{""inversion_rho"":null,""inversion_channel"":9.0,""period_ms"":36.20004653930664}"
196332,1,3419.1,3419.1,False,1.0,"{""inversion_rho"":null,""inversion_channel"":10.0,""period_ms"":36.20004653930664}"
196332,1,3491.6999,3491.6999,False,1.0,"{""inversion_rho"":null,""inversion_channel"":9.5,""period_ms"":46.500205993652344}"
196332,1,3514.3001,3514.3001,False,1.0,"{""inversion_rho"":null,""inversion_channel"":9.0,""period_ms"":46.500205993652344}"
196332,1,3567.4,3567.4,False,1.0,"{""inversion_rho"":null,""inversion_channel"":9.5,""period_ms"":46.500205993652344}"
196332,1,3638.0999,3638.0999,False,1.0,"{""inversion_rho"":null,""inversion_channel"":2.5,""period_ms"":46.500205993652344}"
196332,1,3684.6001,3684.6001,False,1.0,"{""inversion_rho"":null,""inversion_channel"":2.5,""period_ms"":46.500205993652344}"
196332,1,3722.8999,3722.8999,False,1.0,"{""inversion_rho"":null,""inversion_channel"":10.5,""period_ms"":46.500205993652344}"
196332,1,3738.1001,3738.1001,False,1.0,"{""inversion_rho"":null,""inversion_channel"":11.5,""period_ms"":36.99994087219238}"
196332,1,3769.1,3769.1,False,1.0,"{""inversion_rho"":null,""inversion_channel"":8.5,""period_ms"":36.99994087219238}"
196332,1,3806.0999,3806.0999,False,1.0,"{""inversion_rho"":null,""inversion_channel"":9.5,""period_ms"":36.99994087219238}"
196332,1,3869.1001,3869.1001,False,1.0,"{""inversion_rho"":null,""inversion_channel"":8.0,""period_ms"":36.99994087219238}"
196332,1,3883.5001,3883.5001,False,0.875,"{""inversion_rho"":null,""inversion_channel"":5.5,""period_ms"":35.20011901855469}"
196332,1,3955.4,3955.4,False,0.875,"{""inversion_rho"":null,""inversion_channel"":2.5,""period_ms"":35.20011901855469}"
196332,1,3990.6001,3990.6001,False,1.0,"{""inversion_rho"":null,""inversion_channel"":9.5,""period_ms"":35.20011901855469}"
196332,1,4007.0,4007.0,False,1.0,"{""inversion_rho"":null,""inversion_channel"":9.0,""period_ms"":35.20011901855469}"
196332,1,4064.3001,4064.3001,False,1.0,"{""inversion_rho"":null,""inversion_channel"":9.0,""period_ms"":null}"
196332,1,4087.5001,4087.5001,False,1.0,"{""inversion_rho"":null,""inversion_channel"":10.0,""period_ms"":null}"
196332,1,4220.3002,4220.3002,False,1.0,"{""inversion_rho"":null,""inversion_channel"":10.5,""period_ms"":12.199878692626953}"
196332,1,4233.3002,4233.3002,False,1.0,"{""inversion_rho"":null,""inversion_channel"":2.5,""period_ms"":12.199878692626953}"
196332,1,4244.7,4244.7,False,0.375,"{""inversion_rho"":null,""inversion_channel"":2.5,""period_ms"":12.199878692626953}"
196332,1,4296.8998,4296.8998,False,1.0,"{""inversion_rho"":null,""inversion_channel"":12.5,""period_ms"":null}"
196332,1,4374.4998,4374.4998,False,1.0,"{""inversion_rho"":null,""inversion_channel"":10.5,""period_ms"":null}"
196332,1,4390.5001,4390.5001,False,0.75,"{""inversion_rho"":null,""inversion_channel"":8.5,""period_ms"":84.59997177124023}"
196332,1,4445.7002,4445.7002,False,1.0,"{""inversion_rho"":null,""inversion_channel"":2.5,""period_ms"":84.59997177124023}"
196332,1,4559.7,4559.7,False,1.0,"{""inversion_rho"":null,""inversion_channel"":2.5,""period_ms"":84.59997177124023}"
196332,1,4588.1,4588.1,False,1.0,"{""inversion_rho"":null,""inversion_channel"":10.5,""period_ms"":null}"
196332,1,4694.3998,4694.3998,False,1.0,"{""inversion_rho"":null,""inversion_channel"":2.5,""period_ms"":null}"
196332,1,4706.6002,4706.6002,False,1.0,"{""inversion_rho"":null,""inversion_channel"":9.5,""period_ms"":25.34961700439453}"
196332,1,4732.2998,4732.2998,False,1.0,"{""inversion_rho"":null,""inversion_channel"":8.0,""period_ms"":25.34961700439453}"
196332,1,4768.6,4768.6,False,1.0,"{""inversion_rho"":null,""inversion_channel"":10.5,""period_ms"":25.34961700439453}"
196332,1,4789.8002,4789.8002,False,0.25,"{""inversion_rho"":null,""inversion_channel"":8.5,""period_ms"":25.34961700439453}"
196332,1,4814.7998,4814.7998,False,0.875,"{""inversion_rho"":null,""inversion_channel"":2.5,""period_ms"":25.34961700439453}"
196332,1,4910.6002,4910.6002,False,1.0,"{""inversion_rho"":null,""inversion_channel"":10.5,""period_ms"":52.899837493896484}"
196332,1,4948.9999,4948.9999,False,1.0,"{""inversion_rho"":null,""inversion_channel"":7.0,""period_ms"":52.899837493896484}"
196332,1,5025.4002,5025.4002,False,0.625,"{""inversion_rho"":null,""inversion_channel"":13.0,""period_ms"":52.899837493896484}"
196332,1,5057.0998,5057.0998,False,1.0,"{""inversion_rho"":null,""inversion_channel"":16.0,""period_ms"":52.899837493896484}"
196332,1,5124.4998,5124.4998,False,0.75,"{""inversion_rho"":null,""inversion_channel"":13.0,""period_ms"":52.899837493896484}"
196332,1,5130.6,5130.6,False,1.0,"{""inversion_rho"":null,""inversion_channel"":7.0,""period_ms"":9.24992561340332}"
196332,1,5143.7998,5143.7998,False,1.0,"{""inversion_rho"":null,""inversion_channel"":10.5,""period_ms"":9.24992561340332}"
196332,1,5149.0998,5149.0998,False,1.0,"{""inversion_rho"":null,""inversion_channel"":13.0,""period_ms"":9.24992561340332}"
196332,1,5206.3999,5206.3999,False,1.0,"{""inversion_rho"":null,""inversion_channel"":10.5,""period_ms"":null}"
196332,1,5298.1,5298.1,False,1.0,"{""inversion_rho"":null,""inversion_channel"":37.5,""period_ms"":null}"
196332,1,5315.0001,5315.0001,False,1.0,"{""inversion_rho"":null,""inversion_channel"":36.5,""period_ms"":null}"
196332,1,5328.7001,5328.7001,False,1.0,"{""inversion_rho"":null,""inversion_channel"":15.0,""period_ms"":null}"
196332,1,5390.6002,5390.6002,False,1.0,"{""inversion_rho"":null,""inversion_channel"":39.0,""period_ms"":22.300004959106445}"
196332,1,5417.7999,5417.7999,False,1.0,"{""inversion_rho"":null,""inversion_channel"":18.5,""period_ms"":22.300004959106445}"
196332,1,5435.2002,5435.2002,False,1.0,"{""inversion_rho"":null,""inversion_channel"":34.0,""period_ms"":22.300004959106445}"
196332,1,5483.9001,5483.9001,False,0.25,"{""inversion_rho"":null,""inversion_channel"":19.5,""period_ms"":12.400150299072266}"
196332,1,5492.8002,5492.8002,False,0.25,"{""inversion_rho"":null,""inversion_channel"":12.5,""period_ms"":12.400150299072266}"
196332,1,5508.8,5508.8,False,0.625,"{""inversion_rho"":null,""inversion_channel"":13.0,""period_ms"":12.400150299072266}"
196332,1,5521.2002,5521.2002,False,1.0,"{""inversion_rho"":null,""inversion_channel"":15.0,""period_ms"":12.400150299072266}"
196332,1,5580.5998,5580.5998,False,1.0,"{""inversion_rho"":null,""inversion_channel"":14.0,""period_ms"":null}"
196332,1,5609.2,5609.2,False,1.0,"{""inversion_rho"":null,""inversion_channel"":24.0,""period_ms"":null}"
196332,1,5617.1999,5617.1999,False,0.75,"{""inversion_rho"":null,""inversion_channel"":19.0,""period_ms"":null}"
196332,1,5623.0998,5623.0998,False,0.25,"{""inversion_rho"":null,""inversion_channel"":19.5,""period_ms"":null}"
196332,1,1829.3999,1935.2,True,1.0,"{""inversion_rho"":null,""inversion_channel"":2.5,""period_ms"":26.949942111968994}"
196332,1,2359.6001,2645.2999,True,1.0,"{""inversion_rho"":null,""inversion_channel"":11.5,""period_ms"":142.84992218017578}"
196332,1,2671.5,2973.7999,True,1.0,"{""inversion_rho"":null,""inversion_channel"":10.75,""period_ms"":83.69994163513184}"
196332,1,3153.1,3330.2,True,1.0,"{""inversion_rho"":null,""inversion_channel"":10.5,""period_ms"":88.54997158050537}"
196332,1,3346.7,3419.1,True,1.0,"{""inversion_rho"":null,""inversion_channel"":10.0,""period_ms"":36.20004653930664}"
196332,1,3491.6999,3722.8999,True,1.0,"{""inversion_rho"":null,""inversion_channel"":9.25,""period_ms"":46.500205993652344}"
196332,1,3738.1001,3869.1001,True,1.0,"{""inversion_rho"":null,""inversion_channel"":9.0,""period_ms"":36.99994087219238}"
196332,1,3883.5001,4007.0,True,1.0,"{""inversion_rho"":null,""inversion_channel"":7.25,""period_ms"":35.20011901855469}"
196332,1,4220.3002,4244.7,True,1.0,"{""inversion_rho"":null,""inversion_channel"":2.5,""period_ms"":12.199878692626953}"
196332,1,4390.5001,4559.7,True,1.0,"{""inversion_rho"":null,""inversion_channel"":2.5,""period_ms"":84.59997177124023}"
196332,1,4706.6002,4814.7998,True,1.0,"{""inversion_rho"":null,""inversion_channel"":8.5,""period_ms"":25.34961700439453}"
196332,1,4910.6002,5124.4998,True,1.0,"{""inversion_rho"":null,""inversion_channel"":13.0,""period_ms"":52.899837493896484}"
196332,1,5130.6,5149.0998,True,1.0,"{""inversion_rho"":null,""inversion_channel"":10.5,""period_ms"":9.24992561340332}"
196332,1,5390.6002,5435.2002,True,1.0,"{""inversion_rho"":null,""inversion_channel"":34.0,""period_ms"":22.300004959106445}"
196332,1,5483.9001,5521.2002,True,1.0,"{""inversion_rho"":null,""inversion_channel"":14.0,""period_ms"":12.400150299072266}"
196350,1,69.4,69.4,False,1.0,"{""inversion_rho"":null,""inversion_channel"":13.5,""period_ms"":11.300001293420792}"
196350,1,85.5,85.5,False,1.0,"{""inversion_rho"":null,""inversion_channel"":10.5,""period_ms"":11.300001293420792}"
196350,1,92.0,92.0,False,0.25,"{""inversion_rho"":null,""inversion_channel"":4.5,""period_ms"":11.300001293420792}"
196350,1,715.1,715.1,False,0.25,"{""inversion_rho"":null,""inversion_channel"":21.5,""period_ms"":null}"
196350,1,847.5,847.5,False,1.0,"{""inversion_rho"":null,""inversion_channel"":22.5,""period_ms"":null}"
196350,1,886.9,886.9,False,1.0,"{""inversion_rho"":null,""inversion_channel"":21.5,""period_ms"":15.200018882751465}"
196350,1,903.6,903.6,False,1.0,"{""inversion_rho"":null,""inversion_channel"":22.5,""period_ms"":15.200018882751465}"
196350,1,917.6,917.6,False,1.0,"{""inversion_rho"":null,""inversion_channel"":23.5,""period_ms"":15.200018882751465}"
196350,1,932.8,932.8,False,1.0,"{""inversion_rho"":null,""inversion_channel"":30.5,""period_ms"":15.200018882751465}"
196350,1,1171.6,1171.6,False,1.0,"{""inversion_rho"":null,""inversion_channel"":29.5,""period_ms"":null}"
196350,1,1334.0,1334.0,False,0.75,"{""inversion_rho"":null,""inversion_channel"":22.5,""period_ms"":null}"
196350,1,1348.0999,1348.0999,False,0.75,"{""inversion_rho"":null,""inversion_channel"":31.5,""period_ms"":13.999998569488525}"
196350,1,1361.6,1361.6,False,0.375,"{""inversion_rho"":null,""inversion_channel"":30.5,""period_ms"":13.999998569488525}"
196350,1,1376.0999,1376.0999,False,0.5,"{""inversion_rho"":null,""inversion_channel"":28.5,""period_ms"":13.999998569488525}"
196350,1,1395.7,1395.7,False,0.875,"{""inversion_rho"":null,""inversion_channel"":31.5,""period_ms"":13.999998569488525}"
196350,1,1406.1,1406.1,False,1.0,"{""inversion_rho"":null,""inversion_channel"":20.5,""period_ms"":13.999998569488525}"
196350,1,1446.6,1446.6,False,1.0,"{""inversion_rho"":null,""inversion_channel"":21.5,""period_ms"":null}"
196350,1,1650.4,1650.4,False,1.0,"{""inversion_rho"":null,""inversion_channel"":30.0,""period_ms"":null}"
196350,1,1670.0,1670.0,False,1.0,"{""inversion_rho"":null,""inversion_channel"":22.5,""period_ms"":null}"
196350,1,2161.9999,2161.9999,False,0.25,"{""inversion_rho"":null,""inversion_channel"":30.5,""period_ms"":null}"
196350,1,3253.4001,3253.4001,False,1.0,"{""inversion_rho"":null,""inversion_channel"":3.5,""period_ms"":null}"
196350,1,3383.1999,3383.1999,False,0.625,"{""inversion_rho"":null,""inversion_channel"":23.5,""period_ms"":null}"
196350,1,3404.5999,3404.5999,False,0.25,"{""inversion_rho"":null,""inversion_channel"":23.5,""period_ms"":129.80008125305176}"
196350,1,3534.4,3534.4,False,0.25,"{""inversion_rho"":null,""inversion_channel"":23.5,""period_ms"":129.80008125305176}"
196350,1,3592.2999,3592.2999,False,1.0,"{""inversion_rho"":null,""inversion_channel"":26.5,""period_ms"":129.80008125305176}"
196350,1,3730.9,3730.9,False,0.25,"{""inversion_rho"":null,""inversion_channel"":24.5,""period_ms"":129.80008125305176}"
196350,1,3742.5001,3742.5001,False,0.5,"{""inversion_rho"":null,""inversion_channel"":26.5,""period_ms"":null}"
196350,1,3836.2,3836.2,False,0.75,"{""inversion_rho"":null,""inversion_channel"":23.5,""period_ms"":null}"
196350,1,3865.9,3865.9,False,1.0,"{""inversion_rho"":null,""inversion_channel"":29.5,""period_ms"":null}"
196350,1,3891.2001,3891.2001,False,1.0,"{""inversion_rho"":null,""inversion_channel"":4.5,""period_ms"":null}"
196350,1,3898.7,3898.7,False,0.5,"{""inversion_rho"":null,""inversion_channel"":23.5,""period_ms"":null}"
196350,1,4004.4999,4004.4999,False,0.625,"{""inversion_rho"":null,""inversion_channel"":23.5,""period_ms"":null}"
196350,1,4044.4002,4044.4002,False,0.5,"{""inversion_rho"":null,""inversion_channel"":27.0,""period_ms"":null}"
196350,1,4068.6998,4068.6998,False,0.875,"{""inversion_rho"":null,""inversion_channel"":24.0,""period_ms"":null}"
196350,1,4215.0998,4215.0998,False,1.0,"{""inversion_rho"":null,""inversion_channel"":4.5,""period_ms"":null}"
196350,1,4365.9,4365.9,False,0.875,"{""inversion_rho"":null,""inversion_channel"":29.0,""period_ms"":null}"
196350,1,4404.2001,4404.2001,False,0.625,"{""inversion_rho"":null,""inversion_channel"":31.0,""period_ms"":null}"
196350,1,4553.0,4553.0,False,0.875,"{""inversion_rho"":null,""inversion_channel"":31.5,""period_ms"":null}"
196350,1,4582.3998,4582.3998,False,1.0,"{""inversion_rho"":null,""inversion_channel"":32.5,""period_ms"":85.20007133483887}"
196350,1,4667.6998,4667.6998,False,0.5,"{""inversion_rho"":null,""inversion_channel"":7.5,""period_ms"":85.20007133483887}"
196350,1,4752.8,4752.8,False,1.0,"{""inversion_rho"":null,""inversion_channel"":32.5,""period_ms"":85.20007133483887}"
196350,1,4764.6999,4764.6999,False,0.375,"{""inversion_rho"":null,""inversion_channel"":24.0,""period_ms"":null}"
196350,1,4846.9,4846.9,False,1.0,"{""inversion_rho"":null,""inversion_channel"":7.5,""period_ms"":null}"
196350,1,4857.8,4857.8,False,0.75,"{""inversion_rho"":null,""inversion_channel"":17.5,""period_ms"":null}"
196350,1,4869.0,4869.0,False,0.375,"{""inversion_rho"":null,""inversion_channel"":24.5,""period_ms"":null}"
196350,1,4969.8,4969.8,False,1.0,"{""inversion_rho"":null,""inversion_channel"":9.5,""period_ms"":21.74997329711914}"
196350,1,5016.6001,5016.6001,False,0.75,"{""inversion_rho"":null,""inversion_channel"":24.5,""period_ms"":21.74997329711914}"
196350,1,5044.6,5044.6,False,1.0,"{""inversion_rho"":null,""inversion_channel"":7.5,""period_ms"":21.74997329711914}"
196350,1,5057.0002,5057.0002,False,1.0,"{""inversion_rho"":null,""inversion_channel"":10.5,""period_ms"":21.74997329711914}"
196350,1,5087.5001,5087.5001,False,0.5,"{""inversion_rho"":null,""inversion_channel"":35.5,""period_ms"":21.74997329711914}"
196350,1,5103.0002,5103.0002,False,1.0,"{""inversion_rho"":null,""inversion_channel"":10.5,""period_ms"":21.74997329711914}"
196350,1,5117.6,5117.6,False,1.0,"{""inversion_rho"":null,""inversion_channel"":13.0,""period_ms"":21.74997329711914}"
196350,1,5154.3999,5154.3999,False,0.75,"{""inversion_rho"":null,""inversion_channel"":35.5,""period_ms"":5.300045013427734}"
196350,1,5159.6999,5159.6999,False,0.375,"{""inversion_rho"":null,""inversion_channel"":12.0,""period_ms"":5.300045013427734}"
196350,1,5165.0,5165.0,False,0.625,"{""inversion_rho"":null,""inversion_channel"":3.5,""period_ms"":5.300045013427734}"
196350,1,5179.6999,5179.6999,False,0.25,"{""inversion_rho"":null,""inversion_channel"":10.0,""period_ms"":7.400274276733398}"
196350,1,5185.8001,5185.8001,False,1.0,"{""inversion_rho"":null,""inversion_channel"":13.5,""period_ms"":7.400274276733398}"
196350,1,5197.8002,5197.8002,False,1.0,"{""inversion_rho"":null,""inversion_channel"":35.5,""period_ms"":7.400274276733398}"
196350,1,5204.4001,5204.4001,False,0.25,"{""inversion_rho"":null,""inversion_channel"":40.5,""period_ms"":7.400274276733398}"
196350,1,5211.5002,5211.5002,False,1.0,"{""inversion_rho"":null,""inversion_channel"":13.0,""period_ms"":7.400274276733398}"
196350,1,5222.7998,5222.7998,False,1.0,"{""inversion_rho"":null,""inversion_channel"":16.5,""period_ms"":7.400274276733398}"
196350,1,5227.9,5227.9,False,0.375,"{""inversion_rho"":null,""inversion_channel"":11.5,""period_ms"":7.400274276733398}"
196350,1,5235.4999,5235.4999,False,1.0,"{""inversion_rho"":null,""inversion_channel"":22.5,""period_ms"":7.400274276733398}"
196350,1,5244.8001,5244.8001,False,1.0,"{""inversion_rho"":null,""inversion_channel"":24.5,""period_ms"":7.400274276733398}"
196350,1,5249.8999,5249.8999,False,0.25,"{""inversion_rho"":null,""inversion_channel"":10.5,""period_ms"":7.400274276733398}"
196350,1,5260.5,5260.5,False,1.0,"{""inversion_rho"":null,""inversion_channel"":16.5,""period_ms"":7.400274276733398}"
196350,1,5267.3998,5267.3998,False,0.625,"{""inversion_rho"":null,""inversion_channel"":13.5,""period_ms"":7.400274276733398}"
196350,1,5274.7002,5274.7002,False,1.0,"{""inversion_rho"":null,""inversion_channel"":23.5,""period_ms"":7.400274276733398}"
196350,1,5281.0998,5281.0998,False,1.0,"{""inversion_rho"":null,""inversion_channel"":23.5,""period_ms"":7.400274276733398}"
196350,1,5286.3002,5286.3002,False,0.5,"{""inversion_rho"":null,""inversion_channel"":8.5,""period_ms"":7.400274276733398}"
196350,1,5292.9001,5292.9001,False,1.0,"{""inversion_rho"":null,""inversion_channel"":23.5,""period_ms"":7.400274276733398}"
196350,1,5298.6002,5298.6002,False,1.0,"{""inversion_rho"":null,""inversion_channel"":21.0,""period_ms"":7.400274276733398}"
196350,1,5305.5,5305.5,False,1.0,"{""inversion_rho"":null,""inversion_channel"":23.5,""period_ms"":7.400274276733398}"
196350,1,5312.3999,5312.3999,False,1.0,"{""inversion_rho"":null,""inversion_channel"":23.5,""period_ms"":7.400274276733398}"
196350,1,5325.3999,5325.3999,False,1.0,"{""inversion_rho"":null,""inversion_channel"":23.5,""period_ms"":7.400274276733398}"
196350,1,5339.6001,5339.6001,False,1.0,"{""inversion_rho"":null,""inversion_channel"":18.5,""period_ms"":7.400274276733398}"
196350,1,5345.7999,5345.7999,False,0.5,"{""inversion_rho"":null,""inversion_channel"":4.5,""period_ms"":7.400274276733398}"
196350,1,5354.1999,5354.1999,False,1.0,"{""inversion_rho"":null,""inversion_channel"":23.5,""period_ms"":7.400274276733398}"
196350,1,5362.5002,5362.5002,False,1.0,"{""inversion_rho"":null,""inversion_channel"":17.5,""period_ms"":7.400274276733398}"
196350,1,5375.9999,5375.9999,False,1.0,"{""inversion_rho"":null,""inversion_channel"":17.5,""period_ms"":7.400274276733398}"
196350,1,5388.2999,5388.2999,False,1.0,"{""inversion_rho"":null,""inversion_channel"":18.5,""period_ms"":7.400274276733398}"
196350,1,5398.7002,5398.7002,False,0.25,"{""inversion_rho"":null,""inversion_channel"":17.5,""period_ms"":7.400274276733398}"
196350,1,5408.8001,5408.8001,False,0.875,"{""inversion_rho"":null,""inversion_channel"":4.0,""period_ms"":7.400274276733398}"
196350,1,5415.1001,5415.1001,False,1.0,"{""inversion_rho"":null,""inversion_channel"":16.5,""period_ms"":7.400274276733398}"
196350,1,5428.4,5428.4,False,0.75,"{""inversion_rho"":null,""inversion_channel"":41.5,""period_ms"":7.400274276733398}"
196350,1,5435.9002,5435.9002,False,1.0,"{""inversion_rho"":null,""inversion_channel"":17.5,""period_ms"":7.400274276733398}"
196350,1,5455.5001,5455.5001,False,1.0,"{""inversion_rho"":null,""inversion_channel"":17.5,""period_ms"":8.39996337890625}"
196350,1,5468.5001,5468.5001,False,0.375,"{""inversion_rho"":null,""inversion_channel"":9.5,""period_ms"":8.39996337890625}"
196350,1,5477.7999,5477.7999,False,1.0,"{""inversion_rho"":null,""inversion_channel"":19.5,""period_ms"":8.39996337890625}"
196350,1,5487.4001,5487.4001,False,1.0,"{""inversion_rho"":null,""inversion_channel"":18.5,""period_ms"":8.39996337890625}"
196350,1,5494.5998,5494.5998,False,0.25,"{""inversion_rho"":null,""inversion_channel"":15.0,""period_ms"":8.39996337890625}"
196350,1,5499.8002,5499.8002,False,0.375,"{""inversion_rho"":null,""inversion_channel"":6.5,""period_ms"":8.39996337890625}"
196350,1,5508.2002,5508.2002,False,1.0,"{""inversion_rho"":null,""inversion_channel"":19.0,""period_ms"":8.39996337890625}"
196350,1,5518.7001,5518.7001,False,1.0,"{""inversion_rho"":null,""inversion_channel"":22.5,""period_ms"":8.39996337890625}"
196350,1,5527.6999,5527.6999,False,0.25,"{""inversion_rho"":null,""inversion_channel"":17.5,""period_ms"":8.39996337890625}"
196350,1,5538.0001,5538.0001,False,1.0,"{""inversion_rho"":null,""inversion_channel"":8.5,""period_ms"":8.39996337890625}"
196350,1,5546.2999,5546.2999,False,1.0,"{""inversion_rho"":null,""inversion_channel"":17.0,""period_ms"":8.39996337890625}"
196350,1,5553.8001,5553.8001,False,1.0,"{""inversion_rho"":null,""inversion_channel"":29.5,""period_ms"":8.39996337890625}"
196350,1,5561.9998,5561.9998,False,1.0,"{""inversion_rho"":null,""inversion_channel"":16.5,""period_ms"":8.39996337890625}"
196350,1,5574.3999,5574.3999,False,1.0,"{""inversion_rho"":null,""inversion_channel"":18.0,""period_ms"":8.39996337890625}"
196350,1,5580.9002,5580.9002,False,1.0,"{""inversion_rho"":null,""inversion_channel"":20.5,""period_ms"":8.39996337890625}"
196350,1,5587.9998,5587.9998,False,1.0,"{""inversion_rho"":null,""inversion_channel"":23.5,""period_ms"":8.39996337890625}"
196350,1,69.4,92.0,True,1.0,"{""inversion_rho"":null,""inversion_channel"":10.5,""period_ms"":11.300001293420792}"
196350,1,886.9,932.8,True,1.0,"{""inversion_rho"":null,""inversion_channel"":23.0,""period_ms"":15.200018882751465}"
196350,1,1348.0999,1406.1,True,1.0,"{""inversion_rho"":null,""inversion_channel"":30.5,""period_ms"":13.999998569488525}"
196350,1,3404.5999,3730.9,True,1.0,"{""inversion_rho"":null,""inversion_channel"":24.0,""period_ms"":129.80008125305176}"
196350,1,4582.3998,4752.8,True,1.0,"{""inversion_rho"":null,""inversion_channel"":32.5,""period_ms"":85.20007133483887}"
196350,1,4969.8,5117.6,True,1.0,"{""inversion_rho"":null,""inversion_channel"":10.5,""period_ms"":21.74997329711914}"
196350,1,5154.3999,5165.0,True,1.0,"{""inversion_rho"":null,""inversion_channel"":12.0,""period_ms"":5.300045013427734}"
196350,1,5179.6999,5435.9002,True,1.0,"{""inversion_rho"":null,""inversion_channel"":17.5,""period_ms"":7.400274276733398}"
196350,1,5455.5001,5587.9998,True,1.0,"{""inversion_rho"":null,""inversion_channel"":17.75,""period_ms"":8.39996337890625}"
196375,1,61.8,61.8,False,0.375,"{""inversion_rho"":null,""inversion_channel"":3.5,""period_ms"":13.4000014513731}"
196375,1,69.7,69.7,False,0.5,"{""inversion_rho"":null,""inversion_channel"":4.5,""period_ms"":13.4000014513731}"
196375,1,88.6,88.6,False,1.0,"{""inversion_rho"":null,""inversion_channel"":4.5,""period_ms"":13.4000014513731}"
196375,1,1572.3,1572.3,False,1.0,"{""inversion_rho"":null,""inversion_channel"":19.5,""period_ms"":84.30004119873047}"
196375,1,1689.4,1689.4,False,1.0,"{""inversion_rho"":null,""inversion_channel"":20.5,""period_ms"":84.30004119873047}"
196375,1,1780.9,1780.9,False,1.0,"{""inversion_rho"":null,""inversion_channel"":19.5,""period_ms"":84.30004119873047}"
196375,1,1858.0,1858.0,False,1.0,"{""inversion_rho"":null,""inversion_channel"":19.5,""period_ms"":84.30004119873047}"
196375,1,1924.4,1924.4,False,1.0,"{""inversion_rho"":null,""inversion_channel"":19.5,""period_ms"":84.30004119873047}"
196375,1,1944.5,1944.5,False,0.625,"{""inversion_rho"":null,""inversion_channel"":22.5,""period_ms"":52.00004577636719}"
196375,1,1985.5,1985.5,False,1.0,"{""inversion_rho"":null,""inversion_channel"":19.0,""period_ms"":52.00004577636719}"
196375,1,2048.5001,2048.5001,False,1.0,"{""inversion_rho"":null,""inversion_channel"":19.0,""period_ms"":52.00004577636719}"
196375,1,2069.2999,2069.2999,False,0.25,"{""inversion_rho"":null,""inversion_channel"":23.0,""period_ms"":56.40006065368652}"
196375,1,2110.6,2110.6,False,1.0,"{""inversion_rho"":null,""inversion_channel"":19.0,""period_ms"":56.40006065368652}"
196375,1,2182.1001,2182.1001,False,1.0,"{""inversion_rho"":null,""inversion_channel"":18.5,""period_ms"":56.40006065368652}"
196375,1,2204.4001,2204.4001,False,0.625,"{""inversion_rho"":null,""inversion_channel"":23.0,""period_ms"":65.60015678405762}"
196375,1,2248.8999,2248.8999,False,1.0,"{""inversion_rho"":null,""inversion_channel"":18.5,""period_ms"":65.60015678405762}"
196375,1,2314.5001,2314.5001,False,1.0,"{""inversion_rho"":null,""inversion_channel"":18.5,""period_ms"":65.60015678405762}"
196375,1,2389.3001,2389.3001,False,1.0,"{""inversion_rho"":null,""inversion_channel"":18.5,""period_ms"":65.60015678405762}"
196375,1,2411.7999,2411.7999,False,0.5,"{""inversion_rho"":null,""inversion_channel"":3.5,""period_ms"":30.20000457763672}"
196375,1,2431.6001,2431.6001,False,0.25,"{""inversion_rho"":null,""inversion_channel"":37.5,""period_ms"":30.20000457763672}"
196375,1,2472.1999,2472.1999,False,1.0,"{""inversion_rho"":null,""inversion_channel"":17.5,""period_ms"":30.20000457763672}"
196375,1,2481.6,2481.6,False,1.0,"{""inversion_rho"":null,""inversion_channel"":6.5,""period_ms"":50.80008506774902}"
196375,1,2517.9,2517.9,False,1.0,"{""inversion_rho"":null,""inversion_channel"":39.5,""period_ms"":50.80008506774902}"
196375,1,2556.9999,2556.9999,False,1.0,"{""inversion_rho"":null,""inversion_channel"":15.5,""period_ms"":50.80008506774902}"
196375,1,2607.8,2607.8,False,0.875,"{""inversion_rho"":null,""inversion_channel"":21.0,""period_ms"":50.80008506774902}"
196375,1,2705.9,2705.9,False,0.625,"{""inversion_rho"":null,""inversion_channel"":9.5,""period_ms"":50.80008506774902}"
196375,1,2761.2,2761.2,False,1.0,"{""inversion_rho"":null,""inversion_channel"":9.5,""period_ms"":50.80008506774902}"
196375,1,2774.8001,2774.8001,False,0.25,"{""inversion_rho"":null,""inversion_channel"":17.5,""period_ms"":null}"
196375,1,2839.2999,2839.2999,False,1.0,"{""inversion_rho"":null,""inversion_channel"":15.5,""period_ms"":null}"
196375,1,2852.6001,2852.6001,False,1.0,"{""inversion_rho"":null,""inversion_channel"":16.0,""period_ms"":16.60013198852539}"
196375,1,2877.7001,2877.7001,False,1.0,"{""inversion_rho"":null,""inversion_channel"":18.5,""period_ms"":16.60013198852539}"
196375,1,2888.5,2888.5,False,1.0,"{""inversion_rho"":null,""inversion_channel"":18.0,""period_ms"":16.60013198852539}"
196375,1,2905.1001,2905.1001,False,1.0,"{""inversion_rho"":null,""inversion_channel"":18.0,""period_ms"":16.60013198852539}"
196375,1,2910.9001,2910.9001,False,0.5,"{""inversion_rho"":null,""inversion_channel"":17.0,""period_ms"":null}"
196375,1,2918.2,2918.2,False,1.0,"{""inversion_rho"":null,""inversion_channel"":20.0,""period_ms"":null}"
196375,1,2963.5,2963.5,False,0.5,"{""inversion_rho"":null,""inversion_channel"":15.0,""period_ms"":22.799968719482422}"
196375,1,2977.7,2977.7,False,1.0,"{""inversion_rho"":null,""inversion_channel"":22.5,""period_ms"":22.799968719482422}"
196375,1,3009.1,3009.1,False,1.0,"{""inversion_rho"":null,""inversion_channel"":21.5,""period_ms"":22.799968719482422}"
196375,1,3016.5999,3016.5999,False,0.625,"{""inversion_rho"":null,""inversion_channel"":24.0,""period_ms"":6.350040435791016}"
196375,1,3021.6,3021.6,False,1.0,"{""inversion_rho"":null,""inversion_channel"":20.5,""period_ms"":6.350040435791016}"
196375,1,3029.3,3029.3,False,1.0,"{""inversion_rho"":null,""inversion_channel"":24.0,""period_ms"":6.350040435791016}"
196375,1,3077.6,3077.6,False,1.0,"{""inversion_rho"":null,""inversion_channel"":20.5,""period_ms"":63.54999542236328}"
196375,1,3122.2999,3122.2999,False,1.0,"{""inversion_rho"":null,""inversion_channel"":20.5,""period_ms"":63.54999542236328}"
196375,1,3204.7,3204.7,False,1.0,"{""inversion_rho"":null,""inversion_channel"":21.5,""period_ms"":63.54999542236328}"
196375,1,3229.0001,3229.0001,False,1.0,"{""inversion_rho"":null,""inversion_channel"":22.5,""period_ms"":null}"
196375,1,3236.8,3236.8,False,1.0,"{""inversion_rho"":null,""inversion_channel"":22.5,""period_ms"":null}"
196375,1,3257.9999,3257.9999,False,1.0,"{""inversion_rho"":null,""inversion_channel"":21.5,""period_ms"":49.049973487854004}"
196375,1,3295.7001,3295.7001,False,1.0,"{""inversion_rho"":null,""inversion_channel"":17.5,""period_ms"":49.049973487854004}"
196375,1,3321.5001,3321.5001,False,0.625,"{""inversion_rho"":null,""inversion_channel"":19.5,""period_ms"":49.049973487854004}"
196375,1,3341.5999,3341.5999,False,1.0,"{""inversion_rho"":null,""inversion_channel"":19.5,""period_ms"":49.049973487854004}"
196375,1,3377.5001,3377.5001,False,1.0,"{""inversion_rho"":null,""inversion_channel"":19.5,""period_ms"":49.049973487854004}"
196375,1,3428.7,3428.7,False,1.0,"{""inversion_rho"":null,""inversion_channel"":20.5,""period_ms"":49.049973487854004}"
196375,1,3492.0001,3492.0001,False,1.0,"{""inversion_rho"":null,""inversion_channel"":20.5,""period_ms"":49.049973487854004}"
196375,1,3554.3001,3554.3001,False,1.0,"{""inversion_rho"":null,""inversion_channel"":19.5,""period_ms"":49.049973487854004}"
196375,1,3608.7,3608.7,False,1.0,"{""inversion_rho"":null,""inversion_channel"":19.5,""period_ms"":49.049973487854004}"
196375,1,3655.6001,3655.6001,False,1.0,"{""inversion_rho"":null,""inversion_channel"":19.5,""period_ms"":49.049973487854004}"
196375,1,3711.9,3711.9,False,1.0,"{""inversion_rho"":null,""inversion_channel"":19.5,""period_ms"":49.049973487854004}"
196375,1,3773.5,3773.5,False,1.0,"{""inversion_rho"":null,""inversion_channel"":19.5,""period_ms"":49.049973487854004}"
196375,1,3826.7,3826.7,False,1.0,"{""inversion_rho"":null,""inversion_channel"":19.5,""period_ms"":49.049973487854004}"
196375,1,3872.9,3872.9,False,1.0,"{""inversion_rho"":null,""inversion_channel"":19.5,""period_ms"":49.049973487854004}"
196375,1,3919.4,3919.4,False,1.0,"{""inversion_rho"":null,""inversion_channel"":19.5,""period_ms"":49.049973487854004}"
196375,1,3962.5001,3962.5001,False,1.0,"{""inversion_rho"":null,""inversion_channel"":19.5,""period_ms"":49.049973487854004}"
196375,1,4007.9002,4007.9002,False,1.0,"{""inversion_rho"":null,""inversion_channel"":19.5,""period_ms"":49.049973487854004}"
196375,1,4065.4001,4065.4001,False,1.0,"{""inversion_rho"":null,""inversion_channel"":19.5,""period_ms"":49.049973487854004}"
196375,1,4124.5999,4124.5999,False,1.0,"{""inversion_rho"":null,""inversion_channel"":19.5,""period_ms"":49.049973487854004}"
196375,1,4143.7998,4143.7998,False,0.875,"{""inversion_rho"":null,""inversion_channel"":23.5,""period_ms"":69.1995620727539}"
196375,1,4181.2,4181.2,False,1.0,"{""inversion_rho"":null,""inversion_channel"":19.5,""period_ms"":69.1995620727539}"
196375,1,4242.7001,4242.7001,False,1.0,"{""inversion_rho"":null,""inversion_channel"":19.5,""period_ms"":69.1995620727539}"
196375,1,4302.8998,4302.8998,False,1.0,"{""inversion_rho"":null,""inversion_channel"":19.5,""period_ms"":69.1995620727539}"
196375,1,4368.8998,4368.8998,False,1.0,"{""inversion_rho"":null,""inversion_channel"":19.5,""period_ms"":69.1995620727539}"
196375,1,4433.8002,4433.8002,False,1.0,"{""inversion_rho"":null,""inversion_channel"":19.5,""period_ms"":69.1995620727539}"
196375,1,4494.9002,4494.9002,False,1.0,"{""inversion_rho"":null,""inversion_channel"":19.5,""period_ms"":69.1995620727539}"
196375,1,4564.0998,4564.0998,False,1.0,"{""inversion_rho"":null,""inversion_channel"":19.5,""period_ms"":69.1995620727539}"
196375,1,4637.7001,4637.7001,False,1.0,"{""inversion_rho"":null,""inversion_channel"":19.5,""period_ms"":69.1995620727539}"
196375,1,4708.9,4708.9,False,1.0,"{""inversion_rho"":null,""inversion_channel"":19.5,""period_ms"":69.1995620727539}"
196375,1,4777.9002,4777.9002,False,1.0,"{""inversion_rho"":null,""inversion_channel"":19.5,""period_ms"":69.1995620727539}"
196375,1,4854.4998,4854.4998,False,1.0,"{""inversion_rho"":null,""inversion_channel"":19.5,""period_ms"":69.1995620727539}"
196375,1,4929.9998,4929.9998,False,1.0,"{""inversion_rho"":null,""inversion_channel"":20.0,""period_ms"":69.1995620727539}"
196375,1,5002.3999,5002.3999,False,1.0,"{""inversion_rho"":null,""inversion_channel"":19.5,""period_ms"":69.1995620727539}"
196375,1,5079.0,5079.0,False,1.0,"{""inversion_rho"":null,""inversion_channel"":19.5,""period_ms"":69.1995620727539}"
196375,1,5142.4999,5142.4999,False,1.0,"{""inversion_rho"":null,""inversion_channel"":20.5,""period_ms"":69.1995620727539}"
196375,1,5191.5998,5191.5998,False,1.0,"{""inversion_rho"":null,""inversion_channel"":20.0,""period_ms"":69.1995620727539}"
196375,1,5244.5002,5244.5002,False,1.0,"{""inversion_rho"":null,""inversion_channel"":19.5,""period_ms"":69.1995620727539}"
196375,1,5304.6999,5304.6999,False,1.0,"{""inversion_rho"":null,""inversion_channel"":20.5,""period_ms"":69.1995620727539}"
196375,1,5379.3998,5379.3998,False,1.0,"{""inversion_rho"":null,""inversion_channel"":20.0,""period_ms"":69.1995620727539}"
196375,1,5455.1001,5455.1001,False,1.0,"{""inversion_rho"":null,""inversion_channel"":20.5,""period_ms"":69.1995620727539}"
196375,1,5533.0,5533.0,False,1.0,"{""inversion_rho"":null,""inversion_channel"":20.0,""period_ms"":69.1995620727539}"
196375,1,5615.3002,5615.3002,False,1.0,"{""inversion_rho"":null,""inversion_channel"":20.0,""period_ms"":69.1995620727539}"
196375,1,5696.8002,5696.8002,False,1.0,"{""inversion_rho"":null,""inversion_channel"":20.0,""period_ms"":69.1995620727539}"
196375,1,5723.7,5723.7,False,0.25,"{""inversion_rho"":null,""inversion_channel"":35.5,""period_ms"":46.900272369384766}"
196375,1,5771.5001,5771.5001,False,1.0,"{""inversion_rho"":null,""inversion_channel"":20.0,""period_ms"":46.900272369384766}"
196375,1,5848.5999,5848.5999,False,1.0,"{""inversion_rho"":null,""inversion_channel"":20.5,""period_ms"":46.900272369384766}"
196375,1,5915.9002,5915.9002,False,1.0,"{""inversion_rho"":null,""inversion_channel"":21.0,""period_ms"":46.900272369384766}"
196375,1,5968.2999,5968.2999,False,1.0,"{""inversion_rho"":null,""inversion_channel"":17.5,""period_ms"":46.900272369384766}"
196375,1,6015.2001,6015.2001,False,1.0,"{""inversion_rho"":null,""inversion_channel"":17.5,""period_ms"":46.900272369384766}"
196375,1,6046.5999,6046.5999,False,1.0,"{""inversion_rho"":null,""inversion_channel"":17.5,""period_ms"":46.900272369384766}"
196375,1,6073.2999,6073.2999,False,0.625,"{""inversion_rho"":null,""inversion_channel"":14.5,""period_ms"":46.900272369384766}"
196375,1,6102.7002,6102.7002,False,1.0,"{""inversion_rho"":null,""inversion_channel"":17.0,""period_ms"":46.900272369384766}"
196375,1,6127.6002,6127.6002,False,1.0,"{""inversion_rho"":null,""inversion_channel"":15.0,""period_ms"":46.900272369384766}"
196375,1,61.8,88.6,True,1.0,"{""inversion_rho"":null,""inversion_channel"":4.5,""period_ms"":13.4000014513731}"
196375,1,1572.3,1924.4,True,1.0,"{""inversion_rho"":null,""inversion_channel"":19.5,""period_ms"":84.30004119873047}"
196375,1,1944.5,2048.5001,True,1.0,"{""inversion_rho"":null,""inversion_channel"":19.0,""period_ms"":52.00004577636719}"
196375,1,2069.2999,2182.1001,True,1.0,"{""inversion_rho"":null,""inversion_channel"":19.0,""period_ms"":56.40006065368652}"
196375,1,2204.4001,2389.3001,True,1.0,"{""inversion_rho"":null,""inversion_channel"":18.5,""period_ms"":65.60015678405762}"
196375,1,2411.7999,2472.1999,True,1.0,"{""inversion_rho"":null,""inversion_channel"":17.5,""period_ms"":30.20000457763672}"
196375,1,2481.6,2761.2,True,1.0,"{""inversion_rho"":null,""inversion_channel"":12.5,""period_ms"":50.80008506774902}"
196375,1,2852.6001,2905.1001,True,1.0,"{""inversion_rho"":null,""inversion_channel"":18.0,""period_ms"":16.60013198852539}"
196375,1,2963.5,3009.1,True,1.0,"{""inversion_rho"":null,""inversion_channel"":21.5,""period_ms"":22.799968719482422}"
196375,1,3016.5999,3029.3,True,1.0,"{""inversion_rho"":null,""inversion_channel"":24.0,""period_ms"":6.350040435791016}"
196375,1,3077.6,3204.7,True,1.0,"{""inversion_rho"":null,""inversion_channel"":20.5,""period_ms"":63.54999542236328}"
196375,1,3257.9999,4124.5999,True,1.0,"{""inversion_rho"":null,""inversion_channel"":19.5,""period_ms"":49.049973487854004}"
196375,1,4143.7998,5696.8002,True,1.0,"{""inversion_rho"":null,""inversion_channel"":19.5,""period_ms"":69.1995620727539}"
196375,1,5723.7,6127.6002,True,1.0,"{""inversion_rho"":null,""inversion_channel"":17.5,""period_ms"":46.900272369384766}"
196405,1,63.5,63.5,False,0.25,"{""inversion_rho"":null,""inversion_channel"":3.5,""period_ms"":10.899998247623444}"
196405,1,78.4,78.4,False,0.75,"{""inversion_rho"":null,""inversion_channel"":3.0,""period_ms"":10.899998247623444}"
196405,1,85.3,85.3,False,0.75,"{""inversion_rho"":null,""inversion_channel"":14.0,""period_ms"":10.899998247623444}"
196405,1,1277.9,1277.9,False,1.0,"{""inversion_rho"":null,""inversion_channel"":21.5,""period_ms"":46.10002040863037}"
196405,1,1321.0,1321.0,False,1.0,"{""inversion_rho"":null,""inversion_channel"":21.5,""period_ms"":46.10002040863037}"
196405,1,1365.0,1365.0,False,1.0,"{""inversion_rho"":null,""inversion_channel"":20.5,""period_ms"":46.10002040863037}"
196405,1,1402.9,1402.9,False,1.0,"{""inversion_rho"":null,""inversion_channel"":20.5,""period_ms"":46.10002040863037}"
196405,1,1450.7,1450.7,False,1.0,"{""inversion_rho"":null,""inversion_channel"":19.5,""period_ms"":46.10002040863037}"
196405,1,1501.9,1501.9,False,1.0,"{""inversion_rho"":null,""inversion_channel"":19.5,""period_ms"":46.10002040863037}"
196405,1,1541.6,1541.6,False,1.0,"{""inversion_rho"":null,""inversion_channel"":18.5,""period_ms"":46.10002040863037}"
196405,1,1591.4,1591.4,False,1.0,"{""inversion_rho"":null,""inversion_channel"":18.5,""period_ms"":46.10002040863037}"
196405,1,1647.6001,1647.6001,False,1.0,"{""inversion_rho"":null,""inversion_channel"":17.5,""period_ms"":46.10002040863037}"
196405,1,1690.4,1690.4,False,1.0,"{""inversion_rho"":null,""inversion_channel"":16.5,""period_ms"":46.10002040863037}"
196405,1,1722.5,1722.5,False,1.0,"{""inversion_rho"":null,""inversion_channel"":17.5,""period_ms"":46.10002040863037}"
196405,1,1775.8,1775.8,False,1.0,"{""inversion_rho"":null,""inversion_channel"":16.5,""period_ms"":46.10002040863037}"
196405,1,1823.2,1823.2,False,1.0,"{""inversion_rho"":null,""inversion_channel"":17.0,""period_ms"":46.10002040863037}"
196405,1,1871.0001,1871.0001,False,1.0,"{""inversion_rho"":null,""inversion_channel"":16.5,""period_ms"":46.10002040863037}"
196405,1,1919.8999,1919.8999,False,1.0,"{""inversion_rho"":null,""inversion_channel"":16.5,""period_ms"":46.10002040863037}"
196405,1,1969.7,1969.7,False,1.0,"{""inversion_rho"":null,""inversion_channel"":16.5,""period_ms"":46.10002040863037}"
196405,1,2015.8,2015.8,False,1.0,"{""inversion_rho"":null,""inversion_channel"":14.5,""period_ms"":46.10002040863037}"
196405,1,2050.0,2050.0,False,1.0,"{""inversion_rho"":null,""inversion_channel"":14.5,""period_ms"":46.10002040863037}"
196405,1,2069.0999,2069.0999,False,1.0,"{""inversion_rho"":null,""inversion_channel"":19.0,""period_ms"":46.10002040863037}"
196405,1,2104.1,2104.1,False,1.0,"{""inversion_rho"":null,""inversion_channel"":14.5,""period_ms"":46.10002040863037}"
196405,1,2135.4001,2135.4001,False,1.0,"{""inversion_rho"":null,""inversion_channel"":14.5,""period_ms"":46.10002040863037}"
196405,1,2191.4999,2191.4999,False,1.0,"{""inversion_rho"":null,""inversion_channel"":14.5,""period_ms"":46.10002040863037}"
196405,1,2212.6999,2212.6999,False,1.0,"{""inversion_rho"":null,""inversion_channel"":14.5,""period_ms"":55.100202560424805}"
196405,1,2267.8001,2267.8001,False,1.0,"{""inversion_rho"":null,""inversion_channel"":13.5,""period_ms"":55.100202560424805}"
196405,1,2297.3001,2297.3001,False,1.0,"{""inversion_rho"":null,""inversion_channel"":14.5,""period_ms"":55.100202560424805}"
196405,1,2363.1999,2363.1999,False,1.0,"{""inversion_rho"":null,""inversion_channel"":13.5,""period_ms"":55.100202560424805}"
196405,1,2383.1,2383.1,False,1.0,"{""inversion_rho"":null,""inversion_channel"":13.5,""period_ms"":null}"
196405,1,2453.5,2453.5,False,1.0,"{""inversion_rho"":null,""inversion_channel"":13.5,""period_ms"":null}"
196405,1,2468.6,2468.6,False,1.0,"{""inversion_rho"":null,""inversion_channel"":14.5,""period_ms"":43.200016021728516}"
196405,1,2515.7001,2515.7001,False,1.0,"{""inversion_rho"":null,""inversion_channel"":14.5,""period_ms"":43.200016021728516}"
196405,1,2555.0001,2555.0001,False,1.0,"{""inversion_rho"":null,""inversion_channel"":14.5,""period_ms"":43.200016021728516}"
196405,1,2569.7,2569.7,False,0.875,"{""inversion_rho"":null,""inversion_channel"":22.0,""period_ms"":33.20002555847168}"
196405,1,2602.9999,2602.9999,False,1.0,"{""inversion_rho"":null,""inversion_channel"":14.5,""period_ms"":33.20002555847168}"
196405,1,2625.7999,2625.7999,False,1.0,"{""inversion_rho"":null,""inversion_channel"":15.5,""period_ms"":33.20002555847168}"
196405,1,2658.9999,2658.9999,False,1.0,"{""inversion_rho"":null,""inversion_channel"":14.5,""period_ms"":33.20002555847168}"
196405,1,2668.6001,2668.6001,False,1.0,"{""inversion_rho"":null,""inversion_channel"":14.5,""period_ms"":16.14999771118164}"
196405,1,2688.2,2688.2,False,1.0,"{""inversion_rho"":null,""inversion_channel"":14.5,""period_ms"":16.14999771118164}"
196405,1,2700.9001,2700.9001,False,1.0,"{""inversion_rho"":null,""inversion_channel"":16.5,""period_ms"":16.14999771118164}"
196405,1,2739.1,2739.1,False,1.0,"{""inversion_rho"":null,""inversion_channel"":14.5,""period_ms"":null}"
196405,1,2748.1999,2748.1999,False,1.0,"{""inversion_rho"":null,""inversion_channel"":16.5,""period_ms"":null}"
196405,1,2781.1,2781.1,False,1.0,"{""inversion_rho"":null,""inversion_channel"":14.5,""period_ms"":24.250030517578125}"
196405,1,2795.8,2795.8,False,1.0,"{""inversion_rho"":null,""inversion_channel"":16.5,""period_ms"":24.250030517578125}"
196405,1,2829.6001,2829.6001,False,1.0,"{""inversion_rho"":null,""inversion_channel"":15.5,""period_ms"":24.250030517578125}"
196405,1,2840.1999,2840.1999,False,1.0,"{""inversion_rho"":null,""inversion_channel"":16.5,""period_ms"":29.199838638305664}"
196405,1,2879.8001,2879.8001,False,1.0,"{""inversion_rho"":null,""inversion_channel"":15.5,""period_ms"":29.199838638305664}"
196405,1,2914.2001,2914.2001,False,1.0,"{""inversion_rho"":null,""inversion_channel"":14.5,""period_ms"":29.199838638305664}"
196405,1,2940.9001,2940.9001,False,1.0,"{""inversion_rho"":null,""inversion_channel"":16.5,""period_ms"":29.199838638305664}"
196405,1,2984.1001,2984.1001,False,1.0,"{""inversion_rho"":null,""inversion_channel"":14.5,""period_ms"":29.199838638305664}"
196405,1,3007.2,3007.2,False,1.0,"{""inversion_rho"":null,""inversion_channel"":14.5,""period_ms"":29.199838638305664}"
196405,1,3030.0,3030.0,False,1.0,"{""inversion_rho"":null,""inversion_channel"":16.5,""period_ms"":29.199838638305664}"
196405,1,3074.1,3074.1,False,1.0,"{""inversion_rho"":null,""inversion_channel"":17.5,""period_ms"":29.199838638305664}"
196405,1,3096.4,3096.4,False,1.0,"{""inversion_rho"":null,""inversion_channel"":17.5,""period_ms"":29.199838638305664}"
196405,1,3134.2001,3134.2001,False,1.0,"{""inversion_rho"":null,""inversion_channel"":17.5,""period_ms"":29.199838638305664}"
196405,1,3163.3999,3163.3999,False,1.0,"{""inversion_rho"":null,""inversion_channel"":40.5,""period_ms"":29.199838638305664}"
196405,1,3181.9,3181.9,False,1.0,"{""inversion_rho"":null,""inversion_channel"":17.5,""period_ms"":29.199838638305664}"
196405,1,3217.5,3217.5,False,1.0,"{""inversion_rho"":null,""inversion_channel"":17.5,""period_ms"":29.199838638305664}"
196405,1,3246.7999,3246.7999,False,1.0,"{""inversion_rho"":null,""inversion_channel"":17.5,""period_ms"":29.199838638305664}"
196405,1,3261.6999,3261.6999,False,1.0,"{""inversion_rho"":null,""inversion_channel"":15.5,""period_ms"":29.199838638305664}"
196405,1,3269.5,3269.5,False,1.0,"{""inversion_rho"":null,""inversion_channel"":17.5,""period_ms"":29.199838638305664}"
196405,1,3306.5,3306.5,False,1.0,"{""inversion_rho"":null,""inversion_channel"":18.0,""period_ms"":16.000032424926758}"
196405,1,3333.9,3333.9,False,1.0,"{""inversion_rho"":null,""inversion_channel"":17.0,""period_ms"":16.000032424926758}"
196405,1,3345.9001,3345.9001,False,1.0,"{""inversion_rho"":null,""inversion_channel"":18.0,""period_ms"":16.000032424926758}"
196405,1,3358.7,3358.7,False,0.5,"{""inversion_rho"":null,""inversion_channel"":32.5,""period_ms"":16.000032424926758}"
196405,1,3377.3999,3377.3999,False,1.0,"{""inversion_rho"":null,""inversion_channel"":17.5,""period_ms"":16.000032424926758}"
196405,1,3395.2,3395.2,False,1.0,"{""inversion_rho"":null,""inversion_channel"":17.5,""period_ms"":16.000032424926758}"
196405,1,3411.2,3411.2,False,0.25,"{""inversion_rho"":null,""inversion_channel"":31.0,""period_ms"":16.000032424926758}"
196405,1,3430.3,3430.3,False,1.0,"{""inversion_rho"":null,""inversion_channel"":17.5,""period_ms"":16.000032424926758}"
196405,1,3439.6999,3439.6999,False,1.0,"{""inversion_rho"":null,""inversion_channel"":17.5,""period_ms"":16.000032424926758}"
196405,1,3450.7,3450.7,False,0.25,"{""inversion_rho"":null,""inversion_channel"":30.5,""period_ms"":16.000032424926758}"
196405,1,3468.6999,3468.6999,False,0.875,"{""inversion_rho"":null,""inversion_channel"":16.5,""period_ms"":16.000032424926758}"
196405,1,3477.5,3477.5,False,1.0,"{""inversion_rho"":null,""inversion_channel"":17.5,""period_ms"":16.000032424926758}"
196405,1,3513.9,3513.9,False,1.0,"{""inversion_rho"":null,""inversion_channel"":17.5,""period_ms"":null}"
196405,1,3523.5,3523.5,False,0.25,"{""inversion_rho"":null,""inversion_channel"":31.0,""period_ms"":null}"
196405,1,3549.2001,3549.2001,False,1.0,"{""inversion_rho"":null,""inversion_channel"":17.5,""period_ms"":null}"
196405,1,3585.7,3585.7,False,1.0,"{""inversion_rho"":null,""inversion_channel"":18.5,""period_ms"":null}"
196405,1,3595.7999,3595.7999,False,0.375,"{""inversion_rho"":null,""inversion_channel"":30.5,""period_ms"":23.200035095214844}"
196405,1,3619.9,3619.9,False,1.0,"{""inversion_rho"":null,""inversion_channel"":18.0,""period_ms"":23.200035095214844}"
196405,1,3639.1001,3639.1001,False,1.0,"{""inversion_rho"":null,""inversion_channel"":18.5,""period_ms"":23.200035095214844}"
196405,1,3655.4,3655.4,False,0.375,"{""inversion_rho"":null,""inversion_channel"":30.0,""period_ms"":23.200035095214844}"
196405,1,3677.7,3677.7,False,1.0,"{""inversion_rho"":null,""inversion_channel"":17.5,""period_ms"":23.200035095214844}"
196405,1,3701.8001,3701.8001,False,1.0,"{""inversion_rho"":null,""inversion_channel"":17.5,""period_ms"":23.200035095214844}"
196405,1,3720.5,3720.5,False,0.375,"{""inversion_rho"":null,""inversion_channel"":30.5,""period_ms"":23.200035095214844}"
196405,1,3751.1001,3751.1001,False,1.0,"{""inversion_rho"":null,""inversion_channel"":18.5,""period_ms"":23.200035095214844}"
196405,1,3791.1,3791.1,False,1.0,"{""inversion_rho"":null,""inversion_channel"":18.0,""period_ms"":23.200035095214844}"
196405,1,3834.8,3834.8,False,1.0,"{""inversion_rho"":null,""inversion_channel"":16.5,""period_ms"":23.200035095214844}"
196405,1,3852.6001,3852.6001,False,1.0,"{""inversion_rho"":null,""inversion_channel"":18.5,""period_ms"":23.200035095214844}"
196405,1,3931.9999,3931.9999,False,1.0,"{""inversion_rho"":null,""inversion_channel"":18.5,""period_ms"":59.70001220703125}"
196405,1,3991.6999,3991.6999,False,1.0,"{""inversion_rho"":null,""inversion_channel"":18.5,""period_ms"":59.70001220703125}"
196405,1,4051.3,4051.3,False,1.0,"{""inversion_rho"":null,""inversion_channel"":16.5,""period_ms"":59.70001220703125}"
196405,1,4116.0998,4116.0998,False,1.0,"{""inversion_rho"":null,""inversion_channel"":14.5,""period_ms"":59.70001220703125}"
196405,1,4192.9998,4192.9998,False,1.0,"{""inversion_rho"":null,""inversion_channel"":13.5,""period_ms"":59.70001220703125}"
196405,1,4238.2002,4238.2002,False,1.0,"{""inversion_rho"":null,""inversion_channel"":12.5,""period_ms"":59.70001220703125}"
196405,1,4345.7999,4345.7999,False,0.25,"{""inversion_rho"":null,""inversion_channel"":38.5,""period_ms"":59.70001220703125}"
196405,1,4389.9999,4389.9999,False,0.625,"{""inversion_rho"":null,""inversion_channel"":12.5,""period_ms"":59.70001220703125}"
196405,1,4396.6999,4396.6999,False,0.25,"{""inversion_rho"":null,""inversion_channel"":4.0,""period_ms"":null}"
196405,1,4409.2002,4409.2002,False,1.0,"{""inversion_rho"":null,""inversion_channel"":13.5,""period_ms"":null}"
196405,1,4461.9002,4461.9002,False,1.0,"{""inversion_rho"":null,""inversion_channel"":17.5,""period_ms"":19.1497802734375}"
196405,1,4481.4,4481.4,False,1.0,"{""inversion_rho"":null,""inversion_channel"":18.5,""period_ms"":19.1497802734375}"
196405,1,4500.1998,4500.1998,False,0.5,"{""inversion_rho"":null,""inversion_channel"":20.5,""period_ms"":19.1497802734375}"
196405,1,4505.4002,4505.4002,False,1.0,"{""inversion_rho"":null,""inversion_channel"":20.5,""period_ms"":8.249998092651367}"
196405,1,4514.9999,4514.9999,False,1.0,"{""inversion_rho"":null,""inversion_channel"":20.5,""period_ms"":8.249998092651367}"
196405,1,4520.1001,4520.1001,False,0.625,"{""inversion_rho"":null,""inversion_channel"":20.5,""period_ms"":8.249998092651367}"
196405,1,4527.2999,4527.2999,False,0.375,"{""inversion_rho"":null,""inversion_channel"":21.0,""period_ms"":8.249998092651367}"
196405,1,4535.6002,4535.6002,False,0.875,"{""inversion_rho"":null,""inversion_channel"":21.5,""period_ms"":8.249998092651367}"
196405,1,4540.8001,4540.8001,False,1.0,"{""inversion_rho"":null,""inversion_channel"":21.5,""period_ms"":8.249998092651367}"
196405,1,4547.9002,4547.9002,False,1.0,"{""inversion_rho"":null,""inversion_channel"":19.5,""period_ms"":8.249998092651367}"
196405,1,4556.0999,4556.0999,False,1.0,"{""inversion_rho"":null,""inversion_channel"":22.5,""period_ms"":8.249998092651367}"
196405,1,4562.6001,4562.6001,False,1.0,"{""inversion_rho"":null,""inversion_channel"":23.0,""period_ms"":8.249998092651367}"
196405,1,4572.1002,4572.1002,False,1.0,"{""inversion_rho"":null,""inversion_channel"":22.0,""period_ms"":8.249998092651367}"
196405,1,4580.2999,4580.2999,False,0.625,"{""inversion_rho"":null,""inversion_channel"":25.5,""period_ms"":8.249998092651367}"
196405,1,4589.9,4589.9,False,1.0,"{""inversion_rho"":null,""inversion_channel"":27.5,""period_ms"":8.249998092651367}"
196405,1,4599.5002,4599.5002,False,1.0,"{""inversion_rho"":null,""inversion_channel"":24.5,""period_ms"":8.249998092651367}"
196405,1,4616.3998,4616.3998,False,1.0,"{""inversion_rho"":null,""inversion_channel"":24.5,""period_ms"":8.249998092651367}"
196405,1,4636.7998,4636.7998,False,1.0,"{""inversion_rho"":null,""inversion_channel"":23.0,""period_ms"":8.249998092651367}"
196405,1,4644.1002,4644.1002,False,0.25,"{""inversion_rho"":null,""inversion_channel"":23.5,""period_ms"":null}"
196405,1,4653.2001,4653.2001,False,1.0,"{""inversion_rho"":null,""inversion_channel"":26.5,""period_ms"":null}"
196405,1,4684.1002,4684.1002,False,1.0,"{""inversion_rho"":null,""inversion_channel"":25.0,""period_ms"":15.10000228881836}"
196405,1,4696.1999,4696.1999,False,1.0,"{""inversion_rho"":null,""inversion_channel"":29.5,""period_ms"":15.10000228881836}"
196405,1,4712.6999,4712.6999,False,1.0,"{""inversion_rho"":null,""inversion_channel"":29.0,""period_ms"":15.10000228881836}"
196405,1,4743.1998,4743.1998,False,0.25,"{""inversion_rho"":null,""inversion_channel"":26.5,""period_ms"":15.10000228881836}"
196405,1,4756.8998,4756.8998,False,1.0,"{""inversion_rho"":null,""inversion_channel"":26.5,""period_ms"":15.10000228881836}"
196405,1,4781.4002,4781.4002,False,1.0,"{""inversion_rho"":null,""inversion_channel"":38.0,""period_ms"":15.10000228881836}"
196405,1,4795.1002,4795.1002,False,1.0,"{""inversion_rho"":null,""inversion_channel"":27.5,""period_ms"":15.10000228881836}"
196405,1,4875.1998,4875.1998,False,1.0,"{""inversion_rho"":null,""inversion_channel"":31.5,""period_ms"":null}"
196405,1,4881.3,4881.3,False,1.0,"{""inversion_rho"":null,""inversion_channel"":25.5,""period_ms"":null}"
196405,1,4946.8999,4946.8999,False,1.0,"{""inversion_rho"":null,""inversion_channel"":27.5,""period_ms"":null}"
196405,1,4955.2999,4955.2999,False,1.0,"{""inversion_rho"":null,""inversion_channel"":31.5,""period_ms"":null}"
196405,1,5006.8002,5006.8002,False,1.0,"{""inversion_rho"":null,""inversion_channel"":30.5,""period_ms"":null}"
196405,1,5025.4998,5025.4998,False,1.0,"{""inversion_rho"":null,""inversion_channel"":30.5,""period_ms"":null}"
196405,1,5032.1999,5032.1999,False,1.0,"{""inversion_rho"":null,""inversion_channel"":32.5,""period_ms"":13.000011444091797}"
196405,1,5037.7998,5037.7998,False,1.0,"{""inversion_rho"":null,""inversion_channel"":28.0,""period_ms"":13.000011444091797}"
196405,1,5048.2001,5048.2001,False,1.0,"{""inversion_rho"":null,""inversion_channel"":29.5,""period_ms"":13.000011444091797}"
196405,1,5068.9998,5068.9998,False,0.25,"{""inversion_rho"":null,""inversion_channel"":31.5,""period_ms"":13.000011444091797}"
196405,1,5081.9998,5081.9998,False,1.0,"{""inversion_rho"":null,""inversion_channel"":27.5,""period_ms"":13.000011444091797}"
196405,1,5100.9002,5100.9002,False,1.0,"{""inversion_rho"":null,""inversion_channel"":20.5,""period_ms"":13.000011444091797}"
196405,1,5106.9999,5106.9999,False,1.0,"{""inversion_rho"":null,""inversion_channel"":21.0,""period_ms"":13.799667358398438}"
196405,1,5118.4001,5118.4001,False,1.0,"{""inversion_rho"":null,""inversion_channel"":13.5,""period_ms"":13.799667358398438}"
196405,1,5139.8001,5139.8001,False,1.0,"{""inversion_rho"":null,""inversion_channel"":14.5,""period_ms"":13.799667358398438}"
196405,1,5165.8001,5165.8001,False,1.0,"{""inversion_rho"":null,""inversion_channel"":13.5,""period_ms"":13.799667358398438}"
196405,1,5184.8001,5184.8001,False,1.0,"{""inversion_rho"":null,""inversion_channel"":13.5,""period_ms"":13.799667358398438}"
196405,1,5219.5001,5219.5001,False,1.0,"{""inversion_rho"":null,""inversion_channel"":13.0,""period_ms"":13.799667358398438}"
196405,1,5257.1001,5257.1001,False,1.0,"{""inversion_rho"":null,""inversion_channel"":11.5,""period_ms"":13.799667358398438}"
196405,1,5289.1002,5289.1002,False,1.0,"{""inversion_rho"":null,""inversion_channel"":11.5,""period_ms"":13.799667358398438}"
196405,1,5308.4998,5308.4998,False,1.0,"{""inversion_rho"":null,""inversion_channel"":11.5,""period_ms"":13.799667358398438}"
196405,1,5345.2001,5345.2001,False,1.0,"{""inversion_rho"":null,""inversion_channel"":11.5,""period_ms"":13.799667358398438}"
196405,1,5375.5999,5375.5999,False,1.0,"{""inversion_rho"":null,""inversion_channel"":11.5,""period_ms"":13.799667358398438}"
196405,1,5407.8002,5407.8002,False,1.0,"{""inversion_rho"":null,""inversion_channel"":10.5,""period_ms"":13.799667358398438}"
196405,1,5430.9001,5430.9001,False,1.0,"{""inversion_rho"":null,""inversion_channel"":9.5,""period_ms"":13.799667358398438}"
196405,1,5442.9998,5442.9998,False,1.0,"{""inversion_rho"":null,""inversion_channel"":10.5,""period_ms"":13.799667358398438}"
196405,1,5465.4002,5465.4002,False,1.0,"{""inversion_rho"":null,""inversion_channel"":10.5,""period_ms"":13.799667358398438}"
196405,1,5486.3,5486.3,False,1.0,"{""inversion_rho"":null,""inversion_channel"":10.5,""period_ms"":13.799667358398438}"
196405,1,5503.3998,5503.3998,False,1.0,"{""inversion_rho"":null,""inversion_channel"":9.5,""period_ms"":13.799667358398438}"
196405,1,5513.5002,5513.5002,False,1.0,"{""inversion_rho"":null,""inversion_channel"":10.5,""period_ms"":13.799667358398438}"
196405,1,5533.8998,5533.8998,False,1.0,"{""inversion_rho"":null,""inversion_channel"":34.0,""period_ms"":13.799667358398438}"
196405,1,5546.7,5546.7,False,1.0,"{""inversion_rho"":null,""inversion_channel"":9.5,""period_ms"":13.799667358398438}"
196405,1,5558.1999,5558.1999,False,1.0,"{""inversion_rho"":null,""inversion_channel"":33.5,""period_ms"":13.799667358398438}"
196405,1,5586.9002,5586.9002,False,1.0,"{""inversion_rho"":null,""inversion_channel"":32.5,""period_ms"":13.799667358398438}"
196405,1,5606.1001,5606.1001,False,0.75,"{""inversion_rho"":null,""inversion_channel"":10.5,""period_ms"":13.799667358398438}"
196405,1,5618.5002,5618.5002,False,1.0,"{""inversion_rho"":null,""inversion_channel"":31.5,""period_ms"":13.799667358398438}"
196405,1,5629.3998,5629.3998,False,1.0,"{""inversion_rho"":null,""inversion_channel"":31.5,""period_ms"":13.799667358398438}"
196405,1,5649.3001,5649.3001,False,1.0,"{""inversion_rho"":null,""inversion_channel"":31.5,""period_ms"":13.799667358398438}"
196405,1,5661.3002,5661.3002,False,1.0,"{""inversion_rho"":null,""inversion_channel"":9.5,""period_ms"":13.799667358398438}"
196405,1,5675.0998,5675.0998,False,1.0,"{""inversion_rho"":null,""inversion_channel"":10.5,""period_ms"":13.799667358398438}"
196405,1,5685.4,5685.4,False,1.0,"{""inversion_rho"":null,""inversion_channel"":9.5,""period_ms"":13.799667358398438}"
196405,1,5696.4002,5696.4002,False,1.0,"{""inversion_rho"":null,""inversion_channel"":10.5,""period_ms"":13.799667358398438}"
196405,1,5706.6002,5706.6002,False,1.0,"{""inversion_rho"":null,""inversion_channel"":15.0,""period_ms"":13.799667358398438}"
196405,1,5718.9999,5718.9999,False,1.0,"{""inversion_rho"":null,""inversion_channel"":10.0,""period_ms"":13.799667358398438}"
196405,1,5729.4998,5729.4998,False,1.0,"{""inversion_rho"":null,""inversion_channel"":28.0,""period_ms"":13.799667358398438}"
196405,1,5741.3998,5741.3998,False,1.0,"{""inversion_rho"":null,""inversion_channel"":28.0,""period_ms"":13.799667358398438}"
196405,1,5753.7999,5753.7999,False,1.0,"{""inversion_rho"":null,""inversion_channel"":25.0,""period_ms"":13.799667358398438}"
196405,1,5766.7999,5766.7999,False,1.0,"{""inversion_rho"":null,""inversion_channel"":23.5,""period_ms"":13.799667358398438}"
196405,1,5778.2998,5778.2998,False,0.75,"{""inversion_rho"":null,""inversion_channel"":26.0,""period_ms"":13.799667358398438}"
196405,1,5788.6,5788.6,False,0.5,"{""inversion_rho"":null,""inversion_channel"":22.5,""period_ms"":13.799667358398438}"
196405,1,63.5,85.3,True,1.0,"{""inversion_rho"":null,""inversion_channel"":3.5,""period_ms"":10.899998247623444}"
196405,1,1277.9,2191.4999,True,1.0,"{""inversion_rho"":null,""inversion_channel"":17.25,""period_ms"":46.10002040863037}"
196405,1,2212.6999,2363.1999,True,1.0,"{""inversion_rho"":null,""inversion_channel"":14.0,""period_ms"":55.100202560424805}"
196405,1,2468.6,2555.0001,True,1.0,"{""inversion_rho"":null,""inversion_channel"":14.5,""period_ms"":43.200016021728516}"
196405,1,2569.7,2658.9999,True,1.0,"{""inversion_rho"":null,""inversion_channel"":15.0,""period_ms"":33.20002555847168}"
196405,1,2668.6001,2700.9001,True,1.0,"{""inversion_rho"":null,""inversion_channel"":14.5,""period_ms"":16.14999771118164}"
196405,1,2781.1,2829.6001,True,1.0,"{""inversion_rho"":null,""inversion_channel"":15.5,""period_ms"":24.250030517578125}"
196405,1,2840.1999,3269.5,True,1.0,"{""inversion_rho"":null,""inversion_channel"":17.0,""period_ms"":29.199838638305664}"
196405,1,3306.5,3477.5,True,1.0,"{""inversion_rho"":null,""inversion_channel"":17.5,""period_ms"":16.000032424926758}"
196405,1,3595.7999,3852.6001,True,1.0,"{""inversion_rho"":null,""inversion_channel"":18.5,""period_ms"":23.200035095214844}"
196405,1,3931.9999,4389.9999,True,1.0,"{""inversion_rho"":null,""inversion_channel"":15.5,""period_ms"":59.70001220703125}"
196405,1,4461.9002,4500.1998,True,1.0,"{""inversion_rho"":null,""inversion_channel"":18.5,""period_ms"":19.1497802734375}"
196405,1,4505.4002,4636.7998,True,1.0,"{""inversion_rho"":null,""inversion_channel"":22.0,""period_ms"":8.249998092651367}"
196405,1,4684.1002,4795.1002,True,1.0,"{""inversion_rho"":null,""inversion_channel"":27.5,""period_ms"":15.10000228881836}"
196405,1,5032.1999,5100.9002,True,1.0,"{""inversion_rho"":null,""inversion_channel"":28.75,""period_ms"":13.000011444091797}"
196405,1,5106.9999,5788.6,True,1.0,"{""inversion_rho"":null,""inversion_channel"":12.25,""period_ms"":13.799667358398438}"
196451,1,69.1,69.1,False,0.625,"{""inversion_rho"":null,""inversion_channel"":4.5,""period_ms"":null}"
196451,1,86.2,86.2,False,1.0,"{""inversion_rho"":null,""inversion_channel"":5.5,""period_ms"":null}"
196451,1,1520.1,1520.1,False,1.0,"{""inversion_rho"":null,""inversion_channel"":20.0,""period_ms"":86.7999792098999}"
196451,1,1667.4,1667.4,False,1.0,"{""inversion_rho"":null,""inversion_channel"":20.0,""period_ms"":86.7999792098999}"
196451,1,1768.2,1768.2,False,1.0,"{""inversion_rho"":null,""inversion_channel"":20.5,""period_ms"":86.7999792098999}"
196451,1,1855.0,1855.0,False,1.0,"{""inversion_rho"":null,""inversion_channel"":19.5,""period_ms"":86.7999792098999}"
196451,1,1938.8,1938.8,False,1.0,"{""inversion_rho"":null,""inversion_channel"":19.5,""period_ms"":86.7999792098999}"
196451,1,2020.4,2020.4,False,1.0,"{""inversion_rho"":null,""inversion_channel"":19.5,""period_ms"":86.7999792098999}"
196451,1,2046.0,2046.0,False,1.0,"{""inversion_rho"":null,""inversion_channel"":22.0,""period_ms"":62.599897384643555}"
196451,1,2116.4,2116.4,False,1.0,"{""inversion_rho"":null,""inversion_channel"":19.0,""period_ms"":62.599897384643555}"
196451,1,2148.2,2148.2,False,0.875,"{""inversion_rho"":null,""inversion_channel"":23.5,""period_ms"":62.599897384643555}"
196451,1,2219.5001,2219.5001,False,1.0,"{""inversion_rho"":null,""inversion_channel"":18.5,""period_ms"":62.599897384643555}"
196451,1,2319.9,2319.9,False,1.0,"{""inversion_rho"":null,""inversion_channel"":18.5,""period_ms"":62.599897384643555}"
196451,1,2365.0,2365.0,False,0.375,"{""inversion_rho"":null,""inversion_channel"":24.5,""period_ms"":62.599897384643555}"
196451,1,2427.5999,2427.5999,False,1.0,"{""inversion_rho"":null,""inversion_channel"":2.5,""period_ms"":62.599897384643555}"
196451,1,2473.5999,2473.5999,False,0.5,"{""inversion_rho"":null,""inversion_channel"":4.5,""period_ms"":62.599897384643555}"
196451,1,2479.3999,2479.3999,False,1.0,"{""inversion_rho"":null,""inversion_channel"":14.5,""period_ms"":null}"
196451,1,2488.1999,2488.1999,False,1.0,"{""inversion_rho"":null,""inversion_channel"":5.5,""period_ms"":null}"
196451,1,2596.0,2596.0,False,1.0,"{""inversion_rho"":null,""inversion_channel"":5.5,""period_ms"":15.050053596496582}"
196451,1,2609.8001,2609.8001,False,0.25,"{""inversion_rho"":null,""inversion_channel"":6.0,""period_ms"":15.050053596496582}"
196451,1,2626.1001,2626.1001,False,1.0,"{""inversion_rho"":null,""inversion_channel"":17.0,""period_ms"":15.050053596496582}"
196451,1,2676.3999,2676.3999,False,0.375,"{""inversion_rho"":null,""inversion_channel"":3.5,""period_ms"":8.000016212463379}"
196451,1,2683.1,2683.1,False,0.625,"{""inversion_rho"":null,""inversion_channel"":12.5,""period_ms"":8.000016212463379}"
196451,1,2692.4,2692.4,False,1.0,"{""inversion_rho"":null,""inversion_channel"":15.5,""period_ms"":8.000016212463379}"
196451,1,2764.4999,2764.4999,False,1.0,"{""inversion_rho"":null,""inversion_channel"":19.0,""period_ms"":7.650017738342285}"
196451,1,2770.2999,2770.2999,False,1.0,"{""inversion_rho"":null,""inversion_channel"":8.0,""period_ms"":7.650017738342285}"
196451,1,2779.7,2779.7,False,1.0,"{""inversion_rho"":null,""inversion_channel"":20.5,""period_ms"":7.650017738342285}"
196451,1,2790.4,2790.4,False,0.5,"{""inversion_rho"":null,""inversion_channel"":20.5,""period_ms"":7.650017738342285}"
196451,1,2796.2999,2796.2999,False,1.0,"{""inversion_rho"":null,""inversion_channel"":21.5,""period_ms"":7.650017738342285}"
196451,1,2815.1,2815.1,False,1.0,"{""inversion_rho"":null,""inversion_channel"":21.5,""period_ms"":27.000069618225098}"
196451,1,2835.9001,2835.9001,False,1.0,"{""inversion_rho"":null,""inversion_channel"":22.5,""period_ms"":27.000069618225098}"
196451,1,2869.1001,2869.1001,False,1.0,"{""inversion_rho"":null,""inversion_channel"":19.5,""period_ms"":27.000069618225098}"
196451,1,2881.9001,2881.9001,False,0.25,"{""inversion_rho"":null,""inversion_channel"":22.5,""period_ms"":null}"
196451,1,2915.0,2915.0,False,1.0,"{""inversion_rho"":null,""inversion_channel"":20.5,""period_ms"":null}"
196451,1,2920.3999,2920.3999,False,1.0,"{""inversion_rho"":null,""inversion_channel"":36.0,""period_ms"":null}"
196451,1,2933.7001,2933.7001,False,1.0,"{""inversion_rho"":null,""inversion_channel"":3.5,""period_ms"":null}"
196451,1,2982.1,2982.1,False,0.625,"{""inversion_rho"":null,""inversion_channel"":22.5,""period_ms"":7.899999618530273}"
196451,1,2990.0999,2990.0999,False,1.0,"{""inversion_rho"":null,""inversion_channel"":23.5,""period_ms"":7.899999618530273}"
196451,1,2996.7,2996.7,False,1.0,"{""inversion_rho"":null,""inversion_channel"":22.5,""period_ms"":7.899999618530273}"
196451,1,3004.6,3004.6,False,1.0,"{""inversion_rho"":null,""inversion_channel"":19.5,""period_ms"":7.899999618530273}"
196451,1,3047.6999,3047.6999,False,1.0,"{""inversion_rho"":null,""inversion_channel"":28.5,""period_ms"":null}"
196451,1,3103.1001,3103.1001,False,1.0,"{""inversion_rho"":null,""inversion_channel"":22.0,""period_ms"":null}"
196451,1,3119.9999,3119.9999,False,1.0,"{""inversion_rho"":null,""inversion_channel"":23.5,""period_ms"":5.400180816650391}"
196451,1,3126.2,3126.2,False,1.0,"{""inversion_rho"":null,""inversion_channel"":23.5,""period_ms"":5.400180816650391}"
196451,1,3131.5999,3131.5999,False,1.0,"{""inversion_rho"":null,""inversion_channel"":23.5,""period_ms"":5.400180816650391}"
196451,1,3137.0001,3137.0001,False,0.5,"{""inversion_rho"":null,""inversion_channel"":23.5,""period_ms"":5.400180816650391}"
196451,1,3183.1,3183.1,False,1.0,"{""inversion_rho"":null,""inversion_channel"":23.0,""period_ms"":37.09995746612549}"
196451,1,3221.1001,3221.1001,False,1.0,"{""inversion_rho"":null,""inversion_channel"":18.0,""period_ms"":37.09995746612549}"
196451,1,3254.8001,3254.8001,False,1.0,"{""inversion_rho"":null,""inversion_channel"":18.5,""period_ms"":37.09995746612549}"
196451,1,3295.0001,3295.0001,False,1.0,"{""inversion_rho"":null,""inversion_channel"":20.5,""period_ms"":37.09995746612549}"
196451,1,3331.1999,3331.1999,False,1.0,"{""inversion_rho"":null,""inversion_channel"":20.5,""period_ms"":37.09995746612549}"
196451,1,3338.5999,3338.5999,False,1.0,"{""inversion_rho"":null,""inversion_channel"":19.5,""period_ms"":54.70013618469238}"
196451,1,3371.4001,3371.4001,False,1.0,"{""inversion_rho"":null,""inversion_channel"":20.5,""period_ms"":54.70013618469238}"
196451,1,3412.9,3412.9,False,1.0,"{""inversion_rho"":null,""inversion_channel"":20.5,""period_ms"":54.70013618469238}"
196451,1,3481.2,3481.2,False,1.0,"{""inversion_rho"":null,""inversion_channel"":21.5,""period_ms"":54.70013618469238}"
196451,1,3536.7,3536.7,False,1.0,"{""inversion_rho"":null,""inversion_channel"":21.5,""period_ms"":54.70013618469238}"
196451,1,3586.4999,3586.4999,False,1.0,"{""inversion_rho"":null,""inversion_channel"":21.0,""period_ms"":54.70013618469238}"
196451,1,3633.5001,3633.5001,False,1.0,"{""inversion_rho"":null,""inversion_channel"":20.5,""period_ms"":54.70013618469238}"
196451,1,3678.0,3678.0,False,1.0,"{""inversion_rho"":null,""inversion_channel"":20.5,""period_ms"":54.70013618469238}"
196451,1,3724.0,3724.0,False,1.0,"{""inversion_rho"":null,""inversion_channel"":20.5,""period_ms"":54.70013618469238}"
196451,1,3769.9001,3769.9001,False,1.0,"{""inversion_rho"":null,""inversion_channel"":20.5,""period_ms"":54.70013618469238}"
196451,1,3815.5999,3815.5999,False,1.0,"{""inversion_rho"":null,""inversion_channel"":20.5,""period_ms"":54.70013618469238}"
196451,1,3862.5,3862.5,False,1.0,"{""inversion_rho"":null,""inversion_channel"":20.5,""period_ms"":54.70013618469238}"
196451,1,3907.8,3907.8,False,1.0,"{""inversion_rho"":null,""inversion_channel"":20.5,""period_ms"":54.70013618469238}"
196451,1,3950.5,3950.5,False,1.0,"{""inversion_rho"":null,""inversion_channel"":20.5,""period_ms"":54.70013618469238}"
196451,1,3999.5999,3999.5999,False,1.0,"{""inversion_rho"":null,""inversion_channel"":20.5,""period_ms"":54.70013618469238}"
196451,1,4066.1001,4066.1001,False,1.0,"{""inversion_rho"":null,""inversion_channel"":19.5,""period_ms"":54.70013618469238}"
196451,1,4132.0,4132.0,False,1.0,"{""inversion_rho"":null,""inversion_channel"":20.0,""period_ms"":54.70013618469238}"
196451,1,4198.9999,4198.9999,False,1.0,"{""inversion_rho"":null,""inversion_channel"":20.5,""period_ms"":54.70013618469238}"
196451,1,4277.2002,4277.2002,False,1.0,"{""inversion_rho"":null,""inversion_channel"":19.5,""period_ms"":54.70013618469238}"
196451,1,4359.3998,4359.3998,False,1.0,"{""inversion_rho"":null,""inversion_channel"":19.5,""period_ms"":54.70013618469238}"
196451,1,4440.4001,4440.4001,False,1.0,"{""inversion_rho"":null,""inversion_channel"":20.0,""period_ms"":54.70013618469238}"
196451,1,4524.0002,4524.0002,False,1.0,"{""inversion_rho"":null,""inversion_channel"":20.0,""period_ms"":54.70013618469238}"
196451,1,4604.8999,4604.8999,False,1.0,"{""inversion_rho"":null,""inversion_channel"":19.5,""period_ms"":54.70013618469238}"
196451,1,4685.8001,4685.8001,False,1.0,"{""inversion_rho"":null,""inversion_channel"":20.5,""period_ms"":54.70013618469238}"
196451,1,4765.9998,4765.9998,False,1.0,"{""inversion_rho"":null,""inversion_channel"":20.5,""period_ms"":54.70013618469238}"
196451,1,4842.8998,4842.8998,False,1.0,"{""inversion_rho"":null,""inversion_channel"":20.5,""period_ms"":54.70013618469238}"
196451,1,4923.1,4923.1,False,1.0,"{""inversion_rho"":null,""inversion_channel"":20.5,""period_ms"":54.70013618469238}"
196451,1,5001.9999,5001.9999,False,1.0,"{""inversion_rho"":null,""inversion_channel"":20.5,""period_ms"":54.70013618469238}"
196451,1,5083.9,5083.9,False,1.0,"{""inversion_rho"":null,""inversion_channel"":20.5,""period_ms"":54.70013618469238}"
196451,1,5145.8998,5145.8998,False,1.0,"{""inversion_rho"":null,""inversion_channel"":21.0,""period_ms"":54.70013618469238}"
196451,1,5193.3999,5193.3999,False,1.0,"{""inversion_rho"":null,""inversion_channel"":20.0,""period_ms"":54.70013618469238}"
196451,1,5232.6002,5232.6002,False,1.0,"{""inversion_rho"":null,""inversion_channel"":20.5,""period_ms"":54.70013618469238}"
196451,1,5300.0998,5300.0998,False,1.0,"{""inversion_rho"":null,""inversion_channel"":21.0,""period_ms"":54.70013618469238}"
196451,1,5361.4998,5361.4998,False,1.0,"{""inversion_rho"":null,""inversion_channel"":21.5,""period_ms"":54.70013618469238}"
196451,1,5416.6999,5416.6999,False,1.0,"{""inversion_rho"":null,""inversion_channel"":20.0,""period_ms"":54.70013618469238}"
196451,1,5445.7002,5445.7002,False,1.0,"{""inversion_rho"":null,""inversion_channel"":21.5,""period_ms"":54.70013618469238}"
196451,1,5504.0002,5504.0002,False,1.0,"{""inversion_rho"":null,""inversion_channel"":21.5,""period_ms"":54.70013618469238}"
196451,1,5560.9999,5560.9999,False,1.0,"{""inversion_rho"":null,""inversion_channel"":20.5,""period_ms"":54.70013618469238}"
196451,1,5619.8001,5619.8001,False,1.0,"{""inversion_rho"":null,""inversion_channel"":21.5,""period_ms"":54.70013618469238}"
196451,1,5677.4001,5677.4001,False,1.0,"{""inversion_rho"":null,""inversion_channel"":21.0,""period_ms"":54.70013618469238}"
196451,1,5730.1002,5730.1002,False,1.0,"{""inversion_rho"":null,""inversion_channel"":21.0,""period_ms"":54.70013618469238}"
196451,1,5779.5,5779.5,False,1.0,"{""inversion_rho"":null,""inversion_channel"":21.0,""period_ms"":54.70013618469238}"
196451,1,5833.7002,5833.7002,False,1.0,"{""inversion_rho"":null,""inversion_channel"":21.0,""period_ms"":54.70013618469238}"
196451,1,5889.6999,5889.6999,False,1.0,"{""inversion_rho"":null,""inversion_channel"":21.5,""period_ms"":54.70013618469238}"
196451,1,5943.8,5943.8,False,1.0,"{""inversion_rho"":null,""inversion_channel"":20.0,""period_ms"":54.70013618469238}"
196451,1,5996.6002,5996.6002,False,1.0,"{""inversion_rho"":null,""inversion_channel"":19.5,""period_ms"":54.70013618469238}"
196451,1,6029.0999,6029.0999,False,1.0,"{""inversion_rho"":null,""inversion_channel"":19.0,""period_ms"":54.70013618469238}"
196451,1,6052.0,6052.0,False,1.0,"{""inversion_rho"":null,""inversion_channel"":18.5,""period_ms"":54.70013618469238}"
196451,1,6075.6998,6075.6998,False,1.0,"{""inversion_rho"":null,""inversion_channel"":18.0,""period_ms"":54.70013618469238}"
196451,1,6100.2998,6100.2998,False,0.625,"{""inversion_rho"":null,""inversion_channel"":21.0,""period_ms"":54.70013618469238}"
196451,1,6125.4001,6125.4001,False,1.0,"{""inversion_rho"":null,""inversion_channel"":17.5,""period_ms"":54.70013618469238}"
196451,1,1520.1,2020.4,True,1.0,"{""inversion_rho"":null,""inversion_channel"":19.75,""period_ms"":86.7999792098999}"
196451,1,2046.0,2473.5999,True,1.0,"{""inversion_rho"":null,""inversion_channel"":18.75,""period_ms"":62.599897384643555}"
196451,1,2596.0,2626.1001,True,1.0,"{""inversion_rho"":null,""inversion_channel"":6.0,""period_ms"":15.050053596496582}"
196451,1,2676.3999,2692.4,True,1.0,"{""inversion_rho"":null,""inversion_channel"":12.5,""period_ms"":8.000016212463379}"
196451,1,2764.4999,2796.2999,True,1.0,"{""inversion_rho"":null,""inversion_channel"":20.5,""period_ms"":7.650017738342285}"
196451,1,2815.1,2869.1001,True,1.0,"{""inversion_rho"":null,""inversion_channel"":21.5,""period_ms"":27.000069618225098}"
196451,1,2982.1,3004.6,True,1.0,"{""inversion_rho"":null,""inversion_channel"":22.5,""period_ms"":7.899999618530273}"
196451,1,3119.9999,3137.0001,True,1.0,"{""inversion_rho"":null,""inversion_channel"":23.5,""period_ms"":5.400180816650391}"
196451,1,3183.1,3331.1999,True,1.0,"{""inversion_rho"":null,""inversion_channel"":20.5,""period_ms"":37.09995746612549}"
196451,1,3338.5999,6125.4001,True,1.0,"{""inversion_rho"":null,""inversion_channel"":20.5,""period_ms"":54.70013618469238}"
196491,1,60.2,60.2,False,0.5,"{""inversion_rho"":null,""inversion_channel"":20.0,""period_ms"":null}"
196491,1,79.6,79.6,False,1.0,"{""inversion_rho"":null,""inversion_channel"":34.5,""period_ms"":null}"
196491,1,85.6,85.6,False,1.0,"{""inversion_rho"":null,""inversion_channel"":34.0,""period_ms"":null}"
196491,1,106.9,106.9,False,1.0,"{""inversion_rho"":null,""inversion_channel"":33.5,""period_ms"":null}"
196491,1,1302.7,1302.7,False,1.0,"{""inversion_rho"":null,""inversion_channel"":12.5,""period_ms"":46.80013656616211}"
196491,1,1340.7,1340.7,False,1.0,"{""inversion_rho"":null,""inversion_channel"":12.5,""period_ms"":46.80013656616211}"
196491,1,1371.5,1371.5,False,1.0,"{""inversion_rho"":null,""inversion_channel"":12.5,""period_ms"":46.80013656616211}"
196491,1,1400.9,1400.9,False,1.0,"{""inversion_rho"":null,""inversion_channel"":12.5,""period_ms"":46.80013656616211}"
196491,1,1429.9001,1429.9001,False,1.0,"{""inversion_rho"":null,""inversion_channel"":12.5,""period_ms"":46.80013656616211}"
196491,1,1459.3,1459.3,False,1.0,"{""inversion_rho"":null,""inversion_channel"":12.5,""period_ms"":46.80013656616211}"
196491,1,1488.3,1488.3,False,1.0,"{""inversion_rho"":null,""inversion_channel"":13.5,""period_ms"":46.80013656616211}"
196491,1,1513.4,1513.4,False,1.0,"{""inversion_rho"":null,""inversion_channel"":12.5,""period_ms"":46.80013656616211}"
196491,1,1531.0,1531.0,False,1.0,"{""inversion_rho"":null,""inversion_channel"":12.5,""period_ms"":46.80013656616211}"
196491,1,1563.1,1563.1,False,1.0,"{""inversion_rho"":null,""inversion_channel"":11.5,""period_ms"":46.80013656616211}"
196491,1,1594.6,1594.6,False,1.0,"{""inversion_rho"":null,""inversion_channel"":11.5,""period_ms"":46.80013656616211}"
196491,1,1659.1001,1659.1001,False,1.0,"{""inversion_rho"":null,""inversion_channel"":11.5,""period_ms"":46.80013656616211}"
196491,1,1712.8,1712.8,False,1.0,"{""inversion_rho"":null,""inversion_channel"":11.0,""period_ms"":46.80013656616211}"
196491,1,1762.0,1762.0,False,1.0,"{""inversion_rho"":null,""inversion_channel"":10.5,""period_ms"":46.80013656616211}"
196491,1,1814.7,1814.7,False,1.0,"{""inversion_rho"":null,""inversion_channel"":10.5,""period_ms"":46.80013656616211}"
196491,1,1869.7,1869.7,False,1.0,"{""inversion_rho"":null,""inversion_channel"":10.5,""period_ms"":46.80013656616211}"
196491,1,1925.8,1925.8,False,1.0,"{""inversion_rho"":null,""inversion_channel"":10.5,""period_ms"":46.80013656616211}"
196491,1,1972.7,1972.7,False,1.0,"{""inversion_rho"":null,""inversion_channel"":10.5,""period_ms"":46.80013656616211}"
196491,1,2026.0,2026.0,False,1.0,"{""inversion_rho"":null,""inversion_channel"":10.5,""period_ms"":46.80013656616211}"
196491,1,2084.3999,2084.3999,False,1.0,"{""inversion_rho"":null,""inversion_channel"":10.0,""period_ms"":46.80013656616211}"
196491,1,2142.9999,2142.9999,False,1.0,"{""inversion_rho"":null,""inversion_channel"":9.5,""period_ms"":46.80013656616211}"
196491,1,2203.3,2203.3,False,1.0,"{""inversion_rho"":null,""inversion_channel"":10.0,""period_ms"":46.80013656616211}"
196491,1,2254.4,2254.4,False,1.0,"{""inversion_rho"":null,""inversion_channel"":10.0,""period_ms"":46.80013656616211}"
196491,1,2306.9,2306.9,False,1.0,"{""inversion_rho"":null,""inversion_channel"":10.0,""period_ms"":46.80013656616211}"
196491,1,2352.6001,2352.6001,False,1.0,"{""inversion_rho"":null,""inversion_channel"":36.5,""period_ms"":46.80013656616211}"
196491,1,2395.1001,2395.1001,False,1.0,"{""inversion_rho"":null,""inversion_channel"":9.5,""period_ms"":46.80013656616211}"
196491,1,2442.1999,2442.1999,False,1.0,"{""inversion_rho"":null,""inversion_channel"":9.5,""period_ms"":46.80013656616211}"
196491,1,2461.4999,2461.4999,False,1.0,"{""inversion_rho"":null,""inversion_channel"":34.5,""period_ms"":46.80013656616211}"
196491,1,2485.6999,2485.6999,False,1.0,"{""inversion_rho"":null,""inversion_channel"":10.0,""period_ms"":46.80013656616211}"
196491,1,2532.5,2532.5,False,1.0,"{""inversion_rho"":null,""inversion_channel"":9.5,""period_ms"":46.80013656616211}"
196491,1,2546.2999,2546.2999,False,1.0,"{""inversion_rho"":null,""inversion_channel"":14.0,""period_ms"":null}"
196491,1,2572.0999,2572.0999,False,1.0,"{""inversion_rho"":null,""inversion_channel"":9.0,""period_ms"":null}"
196491,1,2642.6001,2642.6001,False,0.5,"{""inversion_rho"":null,""inversion_channel"":11.5,""period_ms"":null}"
196491,1,2658.4001,2658.4001,False,0.375,"{""inversion_rho"":null,""inversion_channel"":11.5,""period_ms"":null}"
196491,1,2664.2001,2664.2001,False,1.0,"{""inversion_rho"":null,""inversion_channel"":11.5,""period_ms"":6.999969482421875}"
196491,1,2671.2,2671.2,False,1.0,"{""inversion_rho"":null,""inversion_channel"":12.0,""period_ms"":6.999969482421875}"
196491,1,2678.2999,2678.2999,False,1.0,"{""inversion_rho"":null,""inversion_channel"":12.0,""period_ms"":6.999969482421875}"
196491,1,2684.2999,2684.2999,False,1.0,"{""inversion_rho"":null,""inversion_channel"":13.5,""period_ms"":6.999969482421875}"
196491,1,2708.4,2708.4,False,0.25,"{""inversion_rho"":null,""inversion_channel"":21.5,""period_ms"":7.200121879577637}"
196491,1,2720.7999,2720.7999,False,0.25,"{""inversion_rho"":null,""inversion_channel"":20.0,""period_ms"":7.200121879577637}"
196491,1,2731.4,2731.4,False,1.0,"{""inversion_rho"":null,""inversion_channel"":21.0,""period_ms"":7.200121879577637}"
196491,1,2740.0,2740.0,False,0.625,"{""inversion_rho"":null,""inversion_channel"":24.5,""period_ms"":7.200121879577637}"
196491,1,2746.4001,2746.4001,False,0.25,"{""inversion_rho"":null,""inversion_channel"":22.5,""period_ms"":7.200121879577637}"
196491,1,2752.8999,2752.8999,False,0.875,"{""inversion_rho"":null,""inversion_channel"":23.0,""period_ms"":7.200121879577637}"
196491,1,2759.9001,2759.9001,False,0.25,"{""inversion_rho"":null,""inversion_channel"":23.0,""period_ms"":7.200121879577637}"
196491,1,2770.0,2770.0,False,1.0,"{""inversion_rho"":null,""inversion_channel"":22.0,""period_ms"":7.200121879577637}"
196491,1,2775.1999,2775.1999,False,0.5,"{""inversion_rho"":null,""inversion_channel"":27.5,""period_ms"":7.200121879577637}"
196491,1,2780.6001,2780.6001,False,0.875,"{""inversion_rho"":null,""inversion_channel"":26.5,""period_ms"":7.200121879577637}"
196491,1,2788.0001,2788.0001,False,1.0,"{""inversion_rho"":null,""inversion_channel"":27.0,""period_ms"":7.200121879577637}"
196491,1,2814.5001,2814.5001,False,1.0,"{""inversion_rho"":null,""inversion_channel"":36.5,""period_ms"":null}"
196491,1,2838.5,2838.5,False,0.625,"{""inversion_rho"":null,""inversion_channel"":28.5,""period_ms"":null}"
196491,1,2846.9999,2846.9999,False,0.375,"{""inversion_rho"":null,""inversion_channel"":27.0,""period_ms"":null}"
196491,1,2853.6,2853.6,False,1.0,"{""inversion_rho"":null,""inversion_channel"":29.5,""period_ms"":null}"
196491,1,2873.1999,2873.1999,False,0.25,"{""inversion_rho"":null,""inversion_channel"":29.5,""period_ms"":null}"
196491,1,2893.8,2893.8,False,1.0,"{""inversion_rho"":null,""inversion_channel"":28.5,""period_ms"":null}"
196491,1,2899.6999,2899.6999,False,0.625,"{""inversion_rho"":null,""inversion_channel"":28.0,""period_ms"":25.099992752075195}"
196491,1,2914.7999,2914.7999,False,0.375,"{""inversion_rho"":null,""inversion_channel"":29.5,""period_ms"":25.099992752075195}"
196491,1,2949.8999,2949.8999,False,1.0,"{""inversion_rho"":null,""inversion_channel"":36.5,""period_ms"":25.099992752075195}"
196491,1,2956.3999,2956.3999,False,0.25,"{""inversion_rho"":null,""inversion_channel"":29.0,""period_ms"":11.100053787231445}"
196491,1,2964.0999,2964.0999,False,1.0,"{""inversion_rho"":null,""inversion_channel"":31.5,""period_ms"":11.100053787231445}"
196491,1,2975.1999,2975.1999,False,0.375,"{""inversion_rho"":null,""inversion_channel"":29.5,""period_ms"":11.100053787231445}"
196491,1,3002.3999,3002.3999,False,0.25,"{""inversion_rho"":null,""inversion_channel"":30.5,""period_ms"":11.100053787231445}"
196491,1,3009.5,3009.5,False,1.0,"{""inversion_rho"":null,""inversion_channel"":31.0,""period_ms"":7.499933242797852}"
196491,1,3015.1999,3015.1999,False,1.0,"{""inversion_rho"":null,""inversion_channel"":31.0,""period_ms"":7.499933242797852}"
196491,1,3021.1,3021.1,False,1.0,"{""inversion_rho"":null,""inversion_channel"":29.5,""period_ms"":7.499933242797852}"
196491,1,3028.3,3028.3,False,1.0,"{""inversion_rho"":null,""inversion_channel"":30.5,""period_ms"":7.499933242797852}"
196491,1,3035.8,3035.8,False,1.0,"{""inversion_rho"":null,""inversion_channel"":31.0,""period_ms"":7.499933242797852}"
196491,1,3045.2001,3045.2001,False,1.0,"{""inversion_rho"":null,""inversion_channel"":30.5,""period_ms"":7.499933242797852}"
196491,1,3060.1001,3060.1001,False,0.875,"{""inversion_rho"":null,""inversion_channel"":26.5,""period_ms"":7.499933242797852}"
196491,1,3067.6,3067.6,False,0.5,"{""inversion_rho"":null,""inversion_channel"":30.0,""period_ms"":7.499933242797852}"
196491,1,3077.3001,3077.3001,False,0.875,"{""inversion_rho"":null,""inversion_channel"":33.5,""period_ms"":7.499933242797852}"
196491,1,3085.4001,3085.4001,False,0.625,"{""inversion_rho"":null,""inversion_channel"":30.0,""period_ms"":7.499933242797852}"
196491,1,3091.0001,3091.0001,False,1.0,"{""inversion_rho"":null,""inversion_channel"":31.5,""period_ms"":7.499933242797852}"
196491,1,3099.4,3099.4,False,1.0,"{""inversion_rho"":null,""inversion_channel"":29.5,""period_ms"":7.499933242797852}"
196491,1,3105.7,3105.7,False,0.75,"{""inversion_rho"":null,""inversion_channel"":31.5,""period_ms"":7.499933242797852}"
196491,1,3122.1001,3122.1001,False,0.25,"{""inversion_rho"":null,""inversion_channel"":30.0,""period_ms"":8.049845695495605}"
196491,1,3131.3,3131.3,False,0.25,"{""inversion_rho"":null,""inversion_channel"":29.5,""period_ms"":8.049845695495605}"
196491,1,3137.3,3137.3,False,0.25,"{""inversion_rho"":null,""inversion_channel"":30.0,""period_ms"":8.049845695495605}"
196491,1,3142.8001,3142.8001,False,0.25,"{""inversion_rho"":null,""inversion_channel"":29.5,""period_ms"":8.049845695495605}"
196491,1,3149.8001,3149.8001,False,0.875,"{""inversion_rho"":null,""inversion_channel"":30.5,""period_ms"":8.049845695495605}"
196491,1,3157.3999,3157.3999,False,0.5,"{""inversion_rho"":null,""inversion_channel"":31.0,""period_ms"":8.049845695495605}"
196491,1,3167.2001,3167.2001,False,0.375,"{""inversion_rho"":null,""inversion_channel"":30.0,""period_ms"":8.049845695495605}"
196491,1,3176.1999,3176.1999,False,0.875,"{""inversion_rho"":null,""inversion_channel"":29.5,""period_ms"":8.049845695495605}"
196491,1,3181.6001,3181.6001,False,0.25,"{""inversion_rho"":null,""inversion_channel"":30.5,""period_ms"":8.049845695495605}"
196491,1,3187.2001,3187.2001,False,1.0,"{""inversion_rho"":null,""inversion_channel"":30.0,""period_ms"":8.049845695495605}"
196491,1,3198.7,3198.7,False,0.5,"{""inversion_rho"":null,""inversion_channel"":31.0,""period_ms"":8.049845695495605}"
196491,1,3204.7,3204.7,False,1.0,"{""inversion_rho"":null,""inversion_channel"":29.5,""period_ms"":8.049845695495605}"
196491,1,3214.9,3214.9,False,1.0,"{""inversion_rho"":null,""inversion_channel"":31.5,""period_ms"":8.049845695495605}"
196491,1,3222.8999,3222.8999,False,1.0,"{""inversion_rho"":null,""inversion_channel"":30.5,""period_ms"":8.049845695495605}"
196491,1,3232.8,3232.8,False,0.25,"{""inversion_rho"":null,""inversion_channel"":28.5,""period_ms"":8.049845695495605}"
196491,1,3240.7999,3240.7999,False,0.75,"{""inversion_rho"":null,""inversion_channel"":27.5,""period_ms"":8.049845695495605}"
196491,1,3247.4999,3247.4999,False,1.0,"{""inversion_rho"":null,""inversion_channel"":30.0,""period_ms"":8.049845695495605}"
196491,1,3259.2001,3259.2001,False,0.5,"{""inversion_rho"":null,""inversion_channel"":29.5,""period_ms"":8.049845695495605}"
196491,1,3267.2999,3267.2999,False,0.5,"{""inversion_rho"":null,""inversion_channel"":29.5,""period_ms"":8.049845695495605}"
196491,1,3275.3999,3275.3999,False,1.0,"{""inversion_rho"":null,""inversion_channel"":30.5,""period_ms"":8.049845695495605}"
196491,1,3286.5,3286.5,False,0.5,"{""inversion_rho"":null,""inversion_channel"":29.5,""period_ms"":8.049845695495605}"
196491,1,3296.6001,3296.6001,False,0.25,"{""inversion_rho"":null,""inversion_channel"":29.5,""period_ms"":8.049845695495605}"
196491,1,3301.8,3301.8,False,0.25,"{""inversion_rho"":null,""inversion_channel"":30.5,""period_ms"":8.049845695495605}"
196491,1,3316.6001,3316.6001,False,0.75,"{""inversion_rho"":null,""inversion_channel"":31.0,""period_ms"":16.099929809570312}"
196491,1,3333.1001,3333.1001,False,0.5,"{""inversion_rho"":null,""inversion_channel"":30.0,""period_ms"":16.099929809570312}"
196491,1,3344.1,3344.1,False,1.0,"{""inversion_rho"":null,""inversion_channel"":29.5,""period_ms"":16.099929809570312}"
196491,1,3360.1999,3360.1999,False,0.25,"{""inversion_rho"":null,""inversion_channel"":31.5,""period_ms"":16.099929809570312}"
196491,1,3365.5,3365.5,False,0.625,"{""inversion_rho"":null,""inversion_channel"":30.5,""period_ms"":6.600022315979004}"
196491,1,3372.9999,3372.9999,False,1.0,"{""inversion_rho"":null,""inversion_channel"":31.5,""period_ms"":6.600022315979004}"
196491,1,3378.7,3378.7,False,0.25,"{""inversion_rho"":null,""inversion_channel"":31.5,""period_ms"":6.600022315979004}"
196491,1,3399.1001,3399.1001,False,0.375,"{""inversion_rho"":null,""inversion_channel"":31.5,""period_ms"":8.100032806396484}"
196491,1,3404.7999,3404.7999,False,0.375,"{""inversion_rho"":null,""inversion_channel"":30.0,""period_ms"":8.100032806396484}"
196491,1,3411.0,3411.0,False,0.75,"{""inversion_rho"":null,""inversion_channel"":30.5,""period_ms"":8.100032806396484}"
196491,1,3421.2999,3421.2999,False,1.0,"{""inversion_rho"":null,""inversion_channel"":32.5,""period_ms"":8.100032806396484}"
196491,1,3429.8999,3429.8999,False,0.375,"{""inversion_rho"":null,""inversion_channel"":31.5,""period_ms"":8.100032806396484}"
196491,1,3435.4,3435.4,False,0.875,"{""inversion_rho"":null,""inversion_channel"":30.5,""period_ms"":8.100032806396484}"
196491,1,3442.4,3442.4,False,0.625,"{""inversion_rho"":null,""inversion_channel"":29.5,""period_ms"":8.100032806396484}"
196491,1,3450.5,3450.5,False,1.0,"{""inversion_rho"":null,""inversion_channel"":30.0,""period_ms"":8.100032806396484}"
196491,1,3456.1,3456.1,False,1.0,"{""inversion_rho"":null,""inversion_channel"":30.0,""period_ms"":8.100032806396484}"
196491,1,3461.6001,3461.6001,False,1.0,"{""inversion_rho"":null,""inversion_channel"":31.5,""period_ms"":8.100032806396484}"
196491,1,3474.2999,3474.2999,False,0.5,"{""inversion_rho"":null,""inversion_channel"":31.0,""period_ms"":8.100032806396484}"
196491,1,3484.1001,3484.1001,False,1.0,"{""inversion_rho"":null,""inversion_channel"":30.0,""period_ms"":8.100032806396484}"
196491,1,3490.5,3490.5,False,1.0,"{""inversion_rho"":null,""inversion_channel"":30.0,""period_ms"":8.100032806396484}"
196491,1,3497.7,3497.7,False,0.75,"{""inversion_rho"":null,""inversion_channel"":31.5,""period_ms"":8.100032806396484}"
196491,1,3509.7001,3509.7001,False,0.25,"{""inversion_rho"":null,""inversion_channel"":31.5,""period_ms"":8.100032806396484}"
196491,1,3518.3001,3518.3001,False,1.0,"{""inversion_rho"":null,""inversion_channel"":28.0,""period_ms"":8.100032806396484}"
196491,1,3523.9,3523.9,False,0.625,"{""inversion_rho"":null,""inversion_channel"":29.5,""period_ms"":8.100032806396484}"
196491,1,3532.3999,3532.3999,False,0.25,"{""inversion_rho"":null,""inversion_channel"":30.0,""period_ms"":8.100032806396484}"
196491,1,3540.9999,3540.9999,False,1.0,"{""inversion_rho"":null,""inversion_channel"":31.0,""period_ms"":8.100032806396484}"
196491,1,3546.7999,3546.7999,False,1.0,"{""inversion_rho"":null,""inversion_channel"":31.0,""period_ms"":8.100032806396484}"
196491,1,3552.2001,3552.2001,False,0.25,"{""inversion_rho"":null,""inversion_channel"":31.5,""period_ms"":8.100032806396484}"
196491,1,3560.6999,3560.6999,False,1.0,"{""inversion_rho"":null,""inversion_channel"":31.5,""period_ms"":8.100032806396484}"
196491,1,3569.7,3569.7,False,1.0,"{""inversion_rho"":null,""inversion_channel"":31.5,""period_ms"":8.100032806396484}"
196491,1,3584.0001,3584.0001,False,1.0,"{""inversion_rho"":null,""inversion_channel"":30.0,""period_ms"":8.100032806396484}"
196491,1,3591.1,3591.1,False,1.0,"{""inversion_rho"":null,""inversion_channel"":29.0,""period_ms"":8.100032806396484}"
196491,1,3596.2,3596.2,False,1.0,"{""inversion_rho"":null,""inversion_channel"":30.0,""period_ms"":8.100032806396484}"
196491,1,3602.4001,3602.4001,False,1.0,"{""inversion_rho"":null,""inversion_channel"":29.5,""period_ms"":8.100032806396484}"
196491,1,3612.7,3612.7,False,1.0,"{""inversion_rho"":null,""inversion_channel"":29.0,""period_ms"":8.100032806396484}"
196491,1,3623.3001,3623.3001,False,1.0,"{""inversion_rho"":null,""inversion_channel"":30.0,""period_ms"":8.100032806396484}"
196491,1,3630.7001,3630.7001,False,1.0,"{""inversion_rho"":null,""inversion_channel"":28.5,""period_ms"":8.100032806396484}"
196491,1,3638.2999,3638.2999,False,1.0,"{""inversion_rho"":null,""inversion_channel"":31.5,""period_ms"":8.100032806396484}"
196491,1,3648.9999,3648.9999,False,0.75,"{""inversion_rho"":null,""inversion_channel"":30.0,""period_ms"":8.100032806396484}"
196491,1,3657.9001,3657.9001,False,1.0,"{""inversion_rho"":null,""inversion_channel"":28.0,""period_ms"":8.100032806396484}"
196491,1,3668.8001,3668.8001,False,1.0,"{""inversion_rho"":null,""inversion_channel"":29.5,""period_ms"":8.100032806396484}"
196491,1,3679.6999,3679.6999,False,1.0,"{""inversion_rho"":null,""inversion_channel"":30.5,""period_ms"":8.100032806396484}"
196491,1,3685.6999,3685.6999,False,0.875,"{""inversion_rho"":null,""inversion_channel"":31.5,""period_ms"":8.100032806396484}"
196491,1,3691.0999,3691.0999,False,0.625,"{""inversion_rho"":null,""inversion_channel"":31.0,""period_ms"":8.100032806396484}"
196491,1,3698.1001,3698.1001,False,0.625,"{""inversion_rho"":null,""inversion_channel"":29.5,""period_ms"":8.100032806396484}"
196491,1,3708.3001,3708.3001,False,0.375,"{""inversion_rho"":null,""inversion_channel"":31.5,""period_ms"":8.100032806396484}"
196491,1,3714.7999,3714.7999,False,0.25,"{""inversion_rho"":null,""inversion_channel"":30.5,""period_ms"":8.100032806396484}"
196491,1,3724.2,3724.2,False,0.75,"{""inversion_rho"":null,""inversion_channel"":31.5,""period_ms"":8.100032806396484}"
196491,1,3729.8999,3729.8999,False,1.0,"{""inversion_rho"":null,""inversion_channel"":30.0,""period_ms"":8.100032806396484}"
196491,1,3743.9001,3743.9001,False,0.625,"{""inversion_rho"":null,""inversion_channel"":34.5,""period_ms"":8.100032806396484}"
196491,1,3753.5999,3753.5999,False,0.375,"{""inversion_rho"":null,""inversion_channel"":31.5,""period_ms"":8.100032806396484}"
196491,1,3762.1,3762.1,False,0.25,"{""inversion_rho"":null,""inversion_channel"":32.5,""period_ms"":8.100032806396484}"
196491,1,3774.6,3774.6,False,0.375,"{""inversion_rho"":null,""inversion_channel"":30.0,""period_ms"":8.100032806396484}"
196491,1,3780.1001,3780.1001,False,0.75,"{""inversion_rho"":null,""inversion_channel"":31.5,""period_ms"":8.100032806396484}"
196491,1,3786.7,3786.7,False,0.75,"{""inversion_rho"":null,""inversion_channel"":31.5,""period_ms"":8.100032806396484}"
196491,1,3792.7999,3792.7999,False,1.0,"{""inversion_rho"":null,""inversion_channel"":31.5,""period_ms"":8.100032806396484}"
196491,1,3801.6,3801.6,False,0.75,"{""inversion_rho"":null,""inversion_channel"":31.5,""period_ms"":8.100032806396484}"
196491,1,3807.9,3807.9,False,0.25,"{""inversion_rho"":null,""inversion_channel"":31.5,""period_ms"":8.100032806396484}"
196491,1,3813.2999,3813.2999,False,0.5,"{""inversion_rho"":null,""inversion_channel"":30.0,""period_ms"":8.100032806396484}"
196491,1,3819.4001,3819.4001,False,1.0,"{""inversion_rho"":null,""inversion_channel"":30.5,""period_ms"":8.100032806396484}"
196491,1,3826.2,3826.2,False,1.0,"{""inversion_rho"":null,""inversion_channel"":31.5,""period_ms"":8.100032806396484}"
196491,1,3832.6001,3832.6001,False,0.875,"{""inversion_rho"":null,""inversion_channel"":31.5,""period_ms"":8.100032806396484}"
196491,1,3839.4001,3839.4001,False,1.0,"{""inversion_rho"":null,""inversion_channel"":31.5,""period_ms"":8.100032806396484}"
196491,1,3848.3,3848.3,False,0.875,"{""inversion_rho"":null,""inversion_channel"":30.0,""period_ms"":8.100032806396484}"
196491,1,3855.2001,3855.2001,False,0.5,"{""inversion_rho"":null,""inversion_channel"":31.5,""period_ms"":8.100032806396484}"
196491,1,3864.0001,3864.0001,False,0.25,"{""inversion_rho"":null,""inversion_channel"":30.5,""period_ms"":8.100032806396484}"
196491,1,3870.3001,3870.3001,False,1.0,"{""inversion_rho"":null,""inversion_channel"":30.5,""period_ms"":8.100032806396484}"
196491,1,3878.7999,3878.7999,False,0.25,"{""inversion_rho"":null,""inversion_channel"":32.5,""period_ms"":8.100032806396484}"
196491,1,3885.0,3885.0,False,0.25,"{""inversion_rho"":null,""inversion_channel"":31.5,""period_ms"":8.100032806396484}"
196491,1,3898.4001,3898.4001,False,1.0,"{""inversion_rho"":null,""inversion_channel"":31.5,""period_ms"":8.100032806396484}"
196491,1,3906.1,3906.1,False,1.0,"{""inversion_rho"":null,""inversion_channel"":29.5,""period_ms"":8.100032806396484}"
196491,1,3913.3,3913.3,False,0.25,"{""inversion_rho"":null,""inversion_channel"":29.0,""period_ms"":8.100032806396484}"
196491,1,3918.6001,3918.6001,False,0.25,"{""inversion_rho"":null,""inversion_channel"":23.0,""period_ms"":8.100032806396484}"
196491,1,3930.1,3930.1,False,0.875,"{""inversion_rho"":null,""inversion_channel"":31.5,""period_ms"":8.100032806396484}"
196491,1,3935.8001,3935.8001,False,0.75,"{""inversion_rho"":null,""inversion_channel"":29.5,""period_ms"":8.100032806396484}"
196491,1,3943.8,3943.8,False,1.0,"{""inversion_rho"":null,""inversion_channel"":30.5,""period_ms"":8.100032806396484}"
196491,1,3952.1,3952.1,False,1.0,"{""inversion_rho"":null,""inversion_channel"":29.5,""period_ms"":8.100032806396484}"
196491,1,3957.9999,3957.9999,False,1.0,"{""inversion_rho"":null,""inversion_channel"":31.5,""period_ms"":8.100032806396484}"
196491,1,3965.6999,3965.6999,False,0.5,"{""inversion_rho"":null,""inversion_channel"":29.5,""period_ms"":8.100032806396484}"
196491,1,3971.9999,3971.9999,False,0.25,"{""inversion_rho"":null,""inversion_channel"":29.5,""period_ms"":8.100032806396484}"
196491,1,3982.3999,3982.3999,False,0.375,"{""inversion_rho"":null,""inversion_channel"":31.5,""period_ms"":8.100032806396484}"
196491,1,3990.0999,3990.0999,False,1.0,"{""inversion_rho"":null,""inversion_channel"":28.5,""period_ms"":8.100032806396484}"
196491,1,4002.3999,4002.3999,False,0.625,"{""inversion_rho"":null,""inversion_channel"":30.0,""period_ms"":8.100032806396484}"
196491,1,4012.8002,4012.8002,False,1.0,"{""inversion_rho"":null,""inversion_channel"":30.0,""period_ms"":8.100032806396484}"
196491,1,4022.6998,4022.6998,False,1.0,"{""inversion_rho"":null,""inversion_channel"":31.5,""period_ms"":8.100032806396484}"
196491,1,4029.0999,4029.0999,False,1.0,"{""inversion_rho"":null,""inversion_channel"":30.0,""period_ms"":8.100032806396484}"
196491,1,4039.1998,4039.1998,False,1.0,"{""inversion_rho"":null,""inversion_channel"":30.0,""period_ms"":8.100032806396484}"
196491,1,4047.5998,4047.5998,False,1.0,"{""inversion_rho"":null,""inversion_channel"":30.0,""period_ms"":8.100032806396484}"
196491,1,4057.7998,4057.7998,False,1.0,"{""inversion_rho"":null,""inversion_channel"":30.0,""period_ms"":8.100032806396484}"
196491,1,4065.8998,4065.8998,False,1.0,"{""inversion_rho"":null,""inversion_channel"":29.5,""period_ms"":8.100032806396484}"
196491,1,4071.8999,4071.8999,False,0.625,"{""inversion_rho"":null,""inversion_channel"":31.5,""period_ms"":8.100032806396484}"
196491,1,4079.5002,4079.5002,False,1.0,"{""inversion_rho"":null,""inversion_channel"":28.5,""period_ms"":8.100032806396484}"
196491,1,4084.6,4084.6,False,0.25,"{""inversion_rho"":null,""inversion_channel"":30.0,""period_ms"":8.100032806396484}"
196491,1,4090.0002,4090.0002,False,0.625,"{""inversion_rho"":null,""inversion_channel"":29.5,""period_ms"":8.100032806396484}"
196491,1,4097.4002,4097.4002,False,1.0,"{""inversion_rho"":null,""inversion_channel"":28.0,""period_ms"":8.100032806396484}"
196491,1,4106.8001,4106.8001,False,1.0,"{""inversion_rho"":null,""inversion_channel"":31.5,""period_ms"":8.100032806396484}"
196491,1,4117.1999,4117.1999,False,1.0,"{""inversion_rho"":null,""inversion_channel"":31.0,""period_ms"":8.100032806396484}"
196491,1,4132.1998,4132.1998,False,1.0,"{""inversion_rho"":null,""inversion_channel"":29.5,""period_ms"":8.100032806396484}"
196491,1,4138.8001,4138.8001,False,1.0,"{""inversion_rho"":null,""inversion_channel"":31.5,""period_ms"":8.100032806396484}"
196491,1,4147.9001,4147.9001,False,0.5,"{""inversion_rho"":null,""inversion_channel"":30.0,""period_ms"":8.100032806396484}"
196491,1,4158.2999,4158.2999,False,0.875,"{""inversion_rho"":null,""inversion_channel"":30.0,""period_ms"":8.100032806396484}"
196491,1,4168.2,4168.2,False,0.25,"{""inversion_rho"":null,""inversion_channel"":39.5,""period_ms"":8.100032806396484}"
196491,1,4173.6002,4173.6002,False,0.375,"{""inversion_rho"":null,""inversion_channel"":29.0,""period_ms"":8.100032806396484}"
196491,1,4179.9998,4179.9998,False,0.25,"{""inversion_rho"":null,""inversion_channel"":31.5,""period_ms"":8.100032806396484}"
196491,1,4185.1001,4185.1001,False,1.0,"{""inversion_rho"":null,""inversion_channel"":32.5,""period_ms"":8.100032806396484}"
196491,1,4193.1,4193.1,False,0.25,"{""inversion_rho"":null,""inversion_channel"":32.5,""period_ms"":8.100032806396484}"
196491,1,4201.6001,4201.6001,False,0.375,"{""inversion_rho"":null,""inversion_channel"":32.5,""period_ms"":8.100032806396484}"
196491,1,4207.2001,4207.2001,False,0.375,"{""inversion_rho"":null,""inversion_channel"":30.5,""period_ms"":8.100032806396484}"
196491,1,4213.2001,4213.2001,False,0.875,"{""inversion_rho"":null,""inversion_channel"":31.5,""period_ms"":8.100032806396484}"
196491,1,4219.2001,4219.2001,False,0.875,"{""inversion_rho"":null,""inversion_channel"":30.0,""period_ms"":8.100032806396484}"
196491,1,4229.3,4229.3,False,1.0,"{""inversion_rho"":null,""inversion_channel"":31.5,""period_ms"":8.100032806396484}"
196491,1,4237.4001,4237.4001,False,1.0,"{""inversion_rho"":null,""inversion_channel"":31.5,""period_ms"":8.100032806396484}"
196491,1,4244.9999,4244.9999,False,0.75,"{""inversion_rho"":null,""inversion_channel"":31.5,""period_ms"":8.100032806396484}"
196491,1,4255.3,4255.3,False,1.0,"{""inversion_rho"":null,""inversion_channel"":31.5,""period_ms"":8.100032806396484}"
196491,1,4262.4998,4262.4998,False,0.75,"{""inversion_rho"":null,""inversion_channel"":31.5,""period_ms"":8.100032806396484}"
196491,1,4269.4001,4269.4001,False,0.25,"{""inversion_rho"":null,""inversion_channel"":30.0,""period_ms"":8.100032806396484}"
196491,1,4283.1001,4283.1001,False,1.0,"{""inversion_rho"":null,""inversion_channel"":30.5,""period_ms"":8.100032806396484}"
196491,1,4289.7,4289.7,False,1.0,"{""inversion_rho"":null,""inversion_channel"":30.0,""period_ms"":8.100032806396484}"
196491,1,4299.3002,4299.3002,False,1.0,"{""inversion_rho"":null,""inversion_channel"":31.5,""period_ms"":8.100032806396484}"
196491,1,4304.5998,4304.5998,False,0.625,"{""inversion_rho"":null,""inversion_channel"":31.5,""period_ms"":8.100032806396484}"
196491,1,4314.8999,4314.8999,False,1.0,"{""inversion_rho"":null,""inversion_channel"":31.5,""period_ms"":8.100032806396484}"
196491,1,4327.0001,4327.0001,False,1.0,"{""inversion_rho"":null,""inversion_channel"":28.5,""period_ms"":8.100032806396484}"
196491,1,4337.9002,4337.9002,False,1.0,"{""inversion_rho"":null,""inversion_channel"":30.5,""period_ms"":8.100032806396484}"
196491,1,4344.3999,4344.3999,False,1.0,"{""inversion_rho"":null,""inversion_channel"":30.0,""period_ms"":8.100032806396484}"
196491,1,4356.2999,4356.2999,False,1.0,"{""inversion_rho"":null,""inversion_channel"":29.5,""period_ms"":8.100032806396484}"
196491,1,4365.3002,4365.3002,False,1.0,"{""inversion_rho"":null,""inversion_channel"":31.5,""period_ms"":8.100032806396484}"
196491,1,4373.6,4373.6,False,1.0,"{""inversion_rho"":null,""inversion_channel"":31.5,""period_ms"":8.100032806396484}"
196491,1,4379.4999,4379.4999,False,0.625,"{""inversion_rho"":null,""inversion_channel"":31.5,""period_ms"":8.100032806396484}"
196491,1,4387.3,4387.3,False,1.0,"{""inversion_rho"":null,""inversion_channel"":31.5,""period_ms"":8.100032806396484}"
196491,1,4393.8999,4393.8999,False,0.625,"{""inversion_rho"":null,""inversion_channel"":31.5,""period_ms"":8.100032806396484}"
196491,1,4399.7002,4399.7002,False,1.0,"{""inversion_rho"":null,""inversion_channel"":31.5,""period_ms"":8.100032806396484}"
196491,1,4408.8998,4408.8998,False,0.875,"{""inversion_rho"":null,""inversion_channel"":27.5,""period_ms"":8.100032806396484}"
196491,1,4418.0002,4418.0002,False,1.0,"{""inversion_rho"":null,""inversion_channel"":31.5,""period_ms"":8.100032806396484}"
196491,1,4425.2,4425.2,False,1.0,"{""inversion_rho"":null,""inversion_channel"":31.0,""period_ms"":8.100032806396484}"
196491,1,4430.8,4430.8,False,1.0,"{""inversion_rho"":null,""inversion_channel"":32.5,""period_ms"":8.100032806396484}"
196491,1,4436.1,4436.1,False,1.0,"{""inversion_rho"":null,""inversion_channel"":32.5,""period_ms"":8.100032806396484}"
196491,1,4443.1,4443.1,False,1.0,"{""inversion_rho"":null,""inversion_channel"":31.5,""period_ms"":8.100032806396484}"
196491,1,4453.1002,4453.1002,False,1.0,"{""inversion_rho"":null,""inversion_channel"":31.5,""period_ms"":8.100032806396484}"
196491,1,4463.5,4463.5,False,1.0,"{""inversion_rho"":null,""inversion_channel"":31.0,""period_ms"":8.100032806396484}"
196491,1,4472.7998,4472.7998,False,1.0,"{""inversion_rho"":null,""inversion_channel"":31.5,""period_ms"":8.100032806396484}"
196491,1,4479.8002,4479.8002,False,1.0,"{""inversion_rho"":null,""inversion_channel"":29.5,""period_ms"":8.100032806396484}"
196491,1,4485.0001,4485.0001,False,0.5,"{""inversion_rho"":null,""inversion_channel"":15.5,""period_ms"":8.100032806396484}"
196491,1,4492.6,4492.6,False,1.0,"{""inversion_rho"":null,""inversion_channel"":29.5,""period_ms"":8.100032806396484}"
196491,1,4497.7999,4497.7999,False,1.0,"{""inversion_rho"":null,""inversion_channel"":28.5,""period_ms"":8.100032806396484}"
196491,1,4503.9001,4503.9001,False,1.0,"{""inversion_rho"":null,""inversion_channel"":29.5,""period_ms"":8.100032806396484}"
196491,1,4513.7,4513.7,False,1.0,"{""inversion_rho"":null,""inversion_channel"":30.0,""period_ms"":8.100032806396484}"
196491,1,4519.4001,4519.4001,False,0.75,"{""inversion_rho"":null,""inversion_channel"":31.5,""period_ms"":8.100032806396484}"
196491,1,4527.5002,4527.5002,False,0.625,"{""inversion_rho"":null,""inversion_channel"":29.5,""period_ms"":8.100032806396484}"
196491,1,4538.8999,4538.8999,False,1.0,"{""inversion_rho"":null,""inversion_channel"":31.5,""period_ms"":8.100032806396484}"
196491,1,4553.5998,4553.5998,False,0.25,"{""inversion_rho"":null,""inversion_channel"":31.5,""period_ms"":8.100032806396484}"
196491,1,4560.6999,4560.6999,False,1.0,"{""inversion_rho"":null,""inversion_channel"":31.5,""period_ms"":8.100032806396484}"
196491,1,4569.7999,4569.7999,False,0.625,"{""inversion_rho"":null,""inversion_channel"":31.5,""period_ms"":8.100032806396484}"
196491,1,4577.7998,4577.7998,False,1.0,"{""inversion_rho"":null,""inversion_channel"":28.5,""period_ms"":8.100032806396484}"
196491,1,4584.0998,4584.0998,False,1.0,"{""inversion_rho"":null,""inversion_channel"":29.5,""period_ms"":8.100032806396484}"
196491,1,4590.4999,4590.4999,False,0.625,"{""inversion_rho"":null,""inversion_channel"":29.0,""period_ms"":8.100032806396484}"
196491,1,4597.1999,4597.1999,False,0.875,"{""inversion_rho"":null,""inversion_channel"":30.0,""period_ms"":8.100032806396484}"
196491,1,4610.4002,4610.4002,False,1.0,"{""inversion_rho"":null,""inversion_channel"":29.5,""period_ms"":8.100032806396484}"
196491,1,4620.4,4620.4,False,1.0,"{""inversion_rho"":null,""inversion_channel"":31.0,""period_ms"":8.100032806396484}"
196491,1,4625.7,4625.7,False,0.5,"{""inversion_rho"":null,""inversion_channel"":28.5,""period_ms"":8.100032806396484}"
196491,1,4634.9001,4634.9001,False,1.0,"{""inversion_rho"":null,""inversion_channel"":32.5,""period_ms"":8.100032806396484}"
196491,1,4645.8001,4645.8001,False,0.875,"{""inversion_rho"":null,""inversion_channel"":29.5,""period_ms"":8.100032806396484}"
196491,1,4656.0001,4656.0001,False,0.5,"{""inversion_rho"":null,""inversion_channel"":31.5,""period_ms"":8.100032806396484}"
196491,1,4666.9002,4666.9002,False,1.0,"{""inversion_rho"":null,""inversion_channel"":29.5,""period_ms"":8.100032806396484}"
196491,1,4672.5998,4672.5998,False,1.0,"{""inversion_rho"":null,""inversion_channel"":30.5,""period_ms"":8.100032806396484}"
196491,1,4686.1,4686.1,False,1.0,"{""inversion_rho"":null,""inversion_channel"":30.0,""period_ms"":8.100032806396484}"
196491,1,4697.5002,4697.5002,False,1.0,"{""inversion_rho"":null,""inversion_channel"":29.0,""period_ms"":8.100032806396484}"
196491,1,4704.8001,4704.8001,False,1.0,"{""inversion_rho"":null,""inversion_channel"":30.0,""period_ms"":8.100032806396484}"
196491,1,4713.8,4713.8,False,0.75,"{""inversion_rho"":null,""inversion_channel"":31.5,""period_ms"":8.100032806396484}"
196491,1,4728.3001,4728.3001,False,0.25,"{""inversion_rho"":null,""inversion_channel"":32.5,""period_ms"":8.100032806396484}"
196491,1,4734.4999,4734.4999,False,1.0,"{""inversion_rho"":null,""inversion_channel"":32.5,""period_ms"":8.100032806396484}"
196491,1,4745.9002,4745.9002,False,1.0,"{""inversion_rho"":null,""inversion_channel"":30.0,""period_ms"":8.100032806396484}"
196491,1,4756.3,4756.3,False,1.0,"{""inversion_rho"":null,""inversion_channel"":30.5,""period_ms"":8.100032806396484}"
196491,1,4767.9,4767.9,False,1.0,"{""inversion_rho"":null,""inversion_channel"":31.0,""period_ms"":8.100032806396484}"
196491,1,4778.9998,4778.9998,False,1.0,"{""inversion_rho"":null,""inversion_channel"":30.0,""period_ms"":8.100032806396484}"
196491,1,4790.5002,4790.5002,False,1.0,"{""inversion_rho"":null,""inversion_channel"":31.5,""period_ms"":8.100032806396484}"
196491,1,4799.7999,4799.7999,False,0.625,"{""inversion_rho"":null,""inversion_channel"":34.5,""period_ms"":8.100032806396484}"
196491,1,4809.0,4809.0,False,1.0,"{""inversion_rho"":null,""inversion_channel"":32.5,""period_ms"":8.100032806396484}"
196491,1,4822.4001,4822.4001,False,1.0,"{""inversion_rho"":null,""inversion_channel"":32.0,""period_ms"":8.100032806396484}"
196491,1,4828.0001,4828.0001,False,0.75,"{""inversion_rho"":null,""inversion_channel"":31.5,""period_ms"":8.100032806396484}"
196491,1,4836.8001,4836.8001,False,0.75,"{""inversion_rho"":null,""inversion_channel"":31.5,""period_ms"":8.100032806396484}"
196491,1,4848.8002,4848.8002,False,1.0,"{""inversion_rho"":null,""inversion_channel"":31.5,""period_ms"":8.100032806396484}"
196491,1,4860.3001,4860.3001,False,1.0,"{""inversion_rho"":null,""inversion_channel"":31.5,""period_ms"":8.100032806396484}"
196491,1,4871.6998,4871.6998,False,1.0,"{""inversion_rho"":null,""inversion_channel"":30.0,""period_ms"":8.100032806396484}"
196491,1,4883.2998,4883.2998,False,0.875,"{""inversion_rho"":null,""inversion_channel"":32.5,""period_ms"":8.100032806396484}"
196491,1,4891.3002,4891.3002,False,1.0,"{""inversion_rho"":null,""inversion_channel"":31.5,""period_ms"":8.100032806396484}"
196491,1,4897.6002,4897.6002,False,0.75,"{""inversion_rho"":null,""inversion_channel"":32.5,""period_ms"":8.100032806396484}"
196491,1,4907.1999,4907.1999,False,1.0,"{""inversion_rho"":null,""inversion_channel"":32.5,""period_ms"":8.100032806396484}"
196491,1,4915.2002,4915.2002,False,0.875,"{""inversion_rho"":null,""inversion_channel"":28.5,""period_ms"":8.100032806396484}"
196491,1,4932.7998,4932.7998,False,1.0,"{""inversion_rho"":null,""inversion_channel"":31.5,""period_ms"":8.100032806396484}"
196491,1,4943.6998,4943.6998,False,1.0,"{""inversion_rho"":null,""inversion_channel"":30.5,""period_ms"":8.100032806396484}"
196491,1,4952.3001,4952.3001,False,1.0,"{""inversion_rho"":null,""inversion_channel"":31.0,""period_ms"":8.100032806396484}"
196491,1,4965.7001,4965.7001,False,1.0,"{""inversion_rho"":null,""inversion_channel"":31.5,""period_ms"":8.100032806396484}"
196491,1,4977.7999,4977.7999,False,1.0,"{""inversion_rho"":null,""inversion_channel"":30.0,""period_ms"":8.100032806396484}"
196491,1,4985.7001,4985.7001,False,1.0,"{""inversion_rho"":null,""inversion_channel"":32.5,""period_ms"":8.100032806396484}"
196491,1,4991.4999,4991.4999,False,1.0,"{""inversion_rho"":null,""inversion_channel"":32.5,""period_ms"":8.100032806396484}"
196491,1,5008.4,5008.4,False,1.0,"{""inversion_rho"":null,""inversion_channel"":32.5,""period_ms"":11.399984359741211}"
196491,1,5021.2998,5021.2998,False,0.875,"{""inversion_rho"":null,""inversion_channel"":31.5,""period_ms"":11.399984359741211}"
196491,1,5028.9001,5028.9001,False,0.5,"{""inversion_rho"":null,""inversion_channel"":32.0,""period_ms"":11.399984359741211}"
196491,1,5042.6998,5042.6998,False,1.0,"{""inversion_rho"":null,""inversion_channel"":29.5,""period_ms"":11.399984359741211}"
196491,1,5056.5,5056.5,False,1.0,"{""inversion_rho"":null,""inversion_channel"":30.5,""period_ms"":11.399984359741211}"
196491,1,5066.4001,5066.4001,False,1.0,"{""inversion_rho"":null,""inversion_channel"":30.0,""period_ms"":11.399984359741211}"
196491,1,5074.9998,5074.9998,False,0.875,"{""inversion_rho"":null,""inversion_channel"":31.5,""period_ms"":11.399984359741211}"
196491,1,5089.0999,5089.0999,False,1.0,"{""inversion_rho"":null,""inversion_channel"":30.0,""period_ms"":11.399984359741211}"
196491,1,5103.3001,5103.3001,False,1.0,"{""inversion_rho"":null,""inversion_channel"":31.5,""period_ms"":11.399984359741211}"
196491,1,5116.3001,5116.3001,False,1.0,"{""inversion_rho"":null,""inversion_channel"":30.0,""period_ms"":11.399984359741211}"
196491,1,5135.7999,5135.7999,False,1.0,"{""inversion_rho"":null,""inversion_channel"":30.0,""period_ms"":11.399984359741211}"
196491,1,5144.1998,5144.1998,False,0.625,"{""inversion_rho"":null,""inversion_channel"":31.5,""period_ms"":11.399984359741211}"
196491,1,5153.2001,5153.2001,False,1.0,"{""inversion_rho"":null,""inversion_channel"":31.5,""period_ms"":11.399984359741211}"
196491,1,5160.2998,5160.2998,False,1.0,"{""inversion_rho"":null,""inversion_channel"":15.5,""period_ms"":11.399984359741211}"
196491,1,5168.9,5168.9,False,1.0,"{""inversion_rho"":null,""inversion_channel"":31.5,""period_ms"":11.399984359741211}"
196491,1,5204.4001,5204.4001,False,1.0,"{""inversion_rho"":null,""inversion_channel"":31.5,""period_ms"":null}"
196491,1,5211.2999,5211.2999,False,1.0,"{""inversion_rho"":null,""inversion_channel"":31.5,""period_ms"":null}"
196491,1,5236.4001,5236.4001,False,1.0,"{""inversion_rho"":null,""inversion_channel"":30.0,""period_ms"":10.900020599365234}"
196491,1,5252.1,5252.1,False,0.75,"{""inversion_rho"":null,""inversion_channel"":31.5,""period_ms"":10.900020599365234}"
196491,1,5263.0,5263.0,False,1.0,"{""inversion_rho"":null,""inversion_channel"":29.5,""period_ms"":10.900020599365234}"
196491,1,5269.8002,5269.8002,False,0.625,"{""inversion_rho"":null,""inversion_channel"":31.5,""period_ms"":10.900020599365234}"
196491,1,5292.3002,5292.3002,False,1.0,"{""inversion_rho"":null,""inversion_channel"":32.0,""period_ms"":15.200138092041016}"
196491,1,5315.1999,5315.1999,False,1.0,"{""inversion_rho"":null,""inversion_channel"":31.5,""period_ms"":15.200138092041016}"
196491,1,5330.4,5330.4,False,0.5,"{""inversion_rho"":null,""inversion_channel"":33.5,""period_ms"":15.200138092041016}"
196491,1,5340.1999,5340.1999,False,1.0,"{""inversion_rho"":null,""inversion_channel"":40.5,""period_ms"":15.200138092041016}"
196491,1,5367.6,5367.6,False,0.875,"{""inversion_rho"":null,""inversion_channel"":30.5,""period_ms"":16.399860382080078}"
196491,1,5389.5001,5389.5001,False,1.0,"{""inversion_rho"":null,""inversion_channel"":30.5,""period_ms"":16.399860382080078}"
196491,1,5408.7,5408.7,False,1.0,"{""inversion_rho"":null,""inversion_channel"":32.5,""period_ms"":16.399860382080078}"
196491,1,5425.0998,5425.0998,False,1.0,"{""inversion_rho"":null,""inversion_channel"":31.5,""period_ms"":16.399860382080078}"
196491,1,5438.0999,5438.0999,False,0.75,"{""inversion_rho"":null,""inversion_channel"":37.5,""period_ms"":16.399860382080078}"
196491,1,5444.6998,5444.6998,False,0.75,"{""inversion_rho"":null,""inversion_channel"":32.5,""period_ms"":16.399860382080078}"
196491,1,5480.4001,5480.4001,False,0.75,"{""inversion_rho"":null,""inversion_channel"":11.0,""period_ms"":28.100013732910156}"
196491,1,5500.8001,5500.8001,False,1.0,"{""inversion_rho"":null,""inversion_channel"":9.5,""period_ms"":28.100013732910156}"
196491,1,5528.9001,5528.9001,False,1.0,"{""inversion_rho"":null,""inversion_channel"":36.5,""period_ms"":28.100013732910156}"
196491,1,5556.7002,5556.7002,False,1.0,"{""inversion_rho"":null,""inversion_channel"":36.5,""period_ms"":28.100013732910156}"
196491,1,5589.7002,5589.7002,False,1.0,"{""inversion_rho"":null,""inversion_channel"":12.0,""period_ms"":28.100013732910156}"
196491,1,5629.3998,5629.3998,False,1.0,"{""inversion_rho"":null,""inversion_channel"":12.5,""period_ms"":28.100013732910156}"
196491,1,5662.0002,5662.0002,False,1.0,"{""inversion_rho"":null,""inversion_channel"":12.5,""period_ms"":28.100013732910156}"
196491,1,5700.5,5700.5,False,1.0,"{""inversion_rho"":null,""inversion_channel"":12.5,""period_ms"":28.100013732910156}"
196491,1,5734.7999,5734.7999,False,1.0,"{""inversion_rho"":null,""inversion_channel"":12.5,""period_ms"":28.100013732910156}"
196491,1,5770.8998,5770.8998,False,1.0,"{""inversion_rho"":null,""inversion_channel"":12.5,""period_ms"":28.100013732910156}"
196491,1,5805.3999,5805.3999,False,1.0,"{""inversion_rho"":null,""inversion_channel"":12.5,""period_ms"":28.100013732910156}"
196491,1,5837.1,5837.1,False,1.0,"{""inversion_rho"":null,""inversion_channel"":12.5,""period_ms"":28.100013732910156}"
196491,1,5867.8002,5867.8002,False,1.0,"{""inversion_rho"":null,""inversion_channel"":12.0,""period_ms"":28.100013732910156}"
196491,1,5899.7002,5899.7002,False,1.0,"{""inversion_rho"":null,""inversion_channel"":11.5,""period_ms"":28.100013732910156}"
196491,1,5929.4,5929.4,False,1.0,"{""inversion_rho"":null,""inversion_channel"":11.0,""period_ms"":28.100013732910156}"
196491,1,5958.0998,5958.0998,False,1.0,"{""inversion_rho"":null,""inversion_channel"":10.5,""period_ms"":28.100013732910156}"
196491,1,5982.6999,5982.6999,False,1.0,"{""inversion_rho"":null,""inversion_channel"":12.5,""period_ms"":28.100013732910156}"
196491,1,6002.6002,6002.6002,False,1.0,"{""inversion_rho"":null,""inversion_channel"":11.5,""period_ms"":28.100013732910156}"
196491,1,6019.8998,6019.8998,False,1.0,"{""inversion_rho"":null,""inversion_channel"":36.0,""period_ms"":28.100013732910156}"
196491,1,6034.9002,6034.9002,False,1.0,"{""inversion_rho"":null,""inversion_channel"":35.5,""period_ms"":28.100013732910156}"
196491,1,6049.3999,6049.3999,False,1.0,"{""inversion_rho"":null,""inversion_channel"":36.0,""period_ms"":28.100013732910156}"
196491,1,6064.4002,6064.4002,False,1.0,"{""inversion_rho"":null,""inversion_channel"":36.5,""period_ms"":28.100013732910156}"
196491,1,6079.0,6079.0,False,1.0,"{""inversion_rho"":null,""inversion_channel"":34.5,""period_ms"":28.100013732910156}"
196491,1,6093.5998,6093.5998,False,1.0,"{""inversion_rho"":null,""inversion_channel"":36.0,""period_ms"":28.100013732910156}"
196491,1,6109.4999,6109.4999,False,1.0,"{""inversion_rho"":null,""inversion_channel"":36.5,""period_ms"":28.100013732910156}"
196491,1,6124.4998,6124.4998,False,1.0,"{""inversion_rho"":null,""inversion_channel"":36.0,""period_ms"":28.100013732910156}"
196491,1,1302.7,2532.5,True,1.0,"{""inversion_rho"":null,""inversion_channel"":10.75,""period_ms"":46.80013656616211}"
196491,1,2664.2001,2684.2999,True,1.0,"{""inversion_rho"":null,""inversion_channel"":12.0,""period_ms"":6.999969482421875}"
196491,1,2708.4,2788.0001,True,1.0,"{""inversion_rho"":null,""inversion_channel"":23.0,""period_ms"":7.200121879577637}"
196491,1,2899.6999,2949.8999,True,1.0,"{""inversion_rho"":null,""inversion_channel"":29.5,""period_ms"":25.099992752075195}"
196491,1,2956.3999,3002.3999,True,1.0,"{""inversion_rho"":null,""inversion_channel"":30.0,""period_ms"":11.100053787231445}"
196491,1,3009.5,3105.7,True,1.0,"{""inversion_rho"":null,""inversion_channel"":30.5,""period_ms"":7.499933242797852}"
196491,1,3122.1001,3301.8,True,1.0,"{""inversion_rho"":null,""inversion_channel"":30.0,""period_ms"":8.049845695495605}"
196491,1,3316.6001,3360.1999,True,1.0,"{""inversion_rho"":null,""inversion_channel"":30.5,""period_ms"":16.099929809570312}"
196491,1,3365.5,3378.7,True,1.0,"{""inversion_rho"":null,""inversion_channel"":31.5,""period_ms"":6.600022315979004}"
196491,1,3399.1001,4991.4999,True,1.0,"{""inversion_rho"":null,""inversion_channel"":31.0,""period_ms"":8.100032806396484}"
196491,1,5008.4,5168.9,True,1.0,"{""inversion_rho"":null,""inversion_channel"":31.5,""period_ms"":11.399984359741211}"
196491,1,5236.4001,5269.8002,True,1.0,"{""inversion_rho"":null,""inversion_channel"":30.75,""period_ms"":10.900020599365234}"
196491,1,5292.3002,5340.1999,True,1.0,"{""inversion_rho"":null,""inversion_channel"":32.75,""period_ms"":15.200138092041016}"
196491,1,5367.6,5444.6998,True,1.0,"{""inversion_rho"":null,""inversion_channel"":32.0,""period_ms"":16.399860382080078}"
196491,1,5480.4001,6124.4998,True,1.0,"{""inversion_rho"":null,""inversion_channel"":12.5,""period_ms"":28.100013732910156}"
196494,1,59.3,59.3,False,1.0,"{""inversion_rho"":null,""inversion_channel"":13.0,""period_ms"":18.599998205900192}"
196494,1,77.9,77.9,False,0.75,"{""inversion_rho"":null,""inversion_channel"":36.5,""period_ms"":18.599998205900192}"
196494,1,96.1,96.1,False,0.75,"{""inversion_rho"":null,""inversion_channel"":34.5,""period_ms"":18.599998205900192}"
196494,1,120.8,120.8,False,0.5,"{""inversion_rho"":null,""inversion_channel"":38.0,""period_ms"":18.599998205900192}"
196494,1,1275.2,1275.2,False,1.0,"{""inversion_rho"":null,""inversion_channel"":12.5,""period_ms"":36.89992427825928}"
196494,1,1296.6,1296.6,False,1.0,"{""inversion_rho"":null,""inversion_channel"":34.5,""period_ms"":36.89992427825928}"
196494,1,1321.1,1321.1,False,1.0,"{""inversion_rho"":null,""inversion_channel"":12.5,""period_ms"":36.89992427825928}"
196494,1,1361.6,1361.6,False,1.0,"{""inversion_rho"":null,""inversion_channel"":12.5,""period_ms"":36.89992427825928}"
196494,1,1395.0,1395.0,False,1.0,"{""inversion_rho"":null,""inversion_channel"":12.5,""period_ms"":36.89992427825928}"
196494,1,1419.1,1419.1,False,1.0,"{""inversion_rho"":null,""inversion_channel"":12.0,""period_ms"":36.89992427825928}"
196494,1,1443.0,1443.0,False,1.0,"{""inversion_rho"":null,""inversion_channel"":12.5,""period_ms"":36.89992427825928}"
196494,1,1452.9999,1452.9999,False,0.625,"{""inversion_rho"":null,""inversion_channel"":22.0,""period_ms"":36.89992427825928}"
196494,1,1468.2,1468.2,False,1.0,"{""inversion_rho"":null,""inversion_channel"":11.5,""period_ms"":36.89992427825928}"
196494,1,1493.1999,1493.1999,False,1.0,"{""inversion_rho"":null,""inversion_channel"":12.5,""period_ms"":36.89992427825928}"
196494,1,1524.0999,1524.0999,False,1.0,"{""inversion_rho"":null,""inversion_channel"":11.5,""period_ms"":36.89992427825928}"
196494,1,1549.5,1549.5,False,1.0,"{""inversion_rho"":null,""inversion_channel"":12.5,""period_ms"":36.89992427825928}"
196494,1,1578.3,1578.3,False,1.0,"{""inversion_rho"":null,""inversion_channel"":12.0,""period_ms"":36.89992427825928}"
196494,1,1612.3,1612.3,False,1.0,"{""inversion_rho"":null,""inversion_channel"":11.5,""period_ms"":36.89992427825928}"
196494,1,1649.2,1649.2,False,1.0,"{""inversion_rho"":null,""inversion_channel"":10.5,""period_ms"":36.89992427825928}"
196494,1,1692.5,1692.5,False,1.0,"{""inversion_rho"":null,""inversion_channel"":10.5,""period_ms"":36.89992427825928}"
196494,1,1734.9,1734.9,False,1.0,"{""inversion_rho"":null,""inversion_channel"":10.5,""period_ms"":36.89992427825928}"
196494,1,1777.0,1777.0,False,1.0,"{""inversion_rho"":null,""inversion_channel"":10.5,""period_ms"":36.89992427825928}"
196494,1,1819.6,1819.6,False,1.0,"{""inversion_rho"":null,""inversion_channel"":36.5,""period_ms"":36.89992427825928}"
196494,1,1865.4,1865.4,False,1.0,"{""inversion_rho"":null,""inversion_channel"":36.5,""period_ms"":36.89992427825928}"
196494,1,1908.6,1908.6,False,0.875,"{""inversion_rho"":null,""inversion_channel"":10.5,""period_ms"":36.89992427825928}"
196494,1,1948.5,1948.5,False,0.75,"{""inversion_rho"":null,""inversion_channel"":10.0,""period_ms"":36.89992427825928}"
196494,1,1988.3,1988.3,False,0.375,"{""inversion_rho"":null,""inversion_channel"":12.0,""period_ms"":36.89992427825928}"
196494,1,2037.6999,2037.6999,False,1.0,"{""inversion_rho"":null,""inversion_channel"":9.5,""period_ms"":36.89992427825928}"
196494,1,2093.8001,2093.8001,False,1.0,"{""inversion_rho"":null,""inversion_channel"":10.5,""period_ms"":36.89992427825928}"
196494,1,2135.9,2135.9,False,1.0,"{""inversion_rho"":null,""inversion_channel"":10.5,""period_ms"":36.89992427825928}"
196494,1,2176.8999,2176.8999,False,1.0,"{""inversion_rho"":null,""inversion_channel"":10.5,""period_ms"":36.89992427825928}"
196494,1,2211.1001,2211.1001,False,1.0,"{""inversion_rho"":null,""inversion_channel"":36.5,""period_ms"":36.89992427825928}"
196494,1,2240.7999,2240.7999,False,1.0,"{""inversion_rho"":null,""inversion_channel"":10.5,""period_ms"":36.89992427825928}"
196494,1,2299.9001,2299.9001,False,1.0,"{""inversion_rho"":null,""inversion_channel"":10.5,""period_ms"":36.89992427825928}"
196494,1,2352.0,2352.0,False,1.0,"{""inversion_rho"":null,""inversion_channel"":10.5,""period_ms"":36.89992427825928}"
196494,1,2388.4001,2388.4001,False,1.0,"{""inversion_rho"":null,""inversion_channel"":36.5,""period_ms"":36.89992427825928}"
196494,1,2400.8,2400.8,False,1.0,"{""inversion_rho"":null,""inversion_channel"":10.5,""period_ms"":38.80000114440918}"
196494,1,2444.6001,2444.6001,False,1.0,"{""inversion_rho"":null,""inversion_channel"":10.5,""period_ms"":38.80000114440918}"
196494,1,2478.4,2478.4,False,0.25,"{""inversion_rho"":null,""inversion_channel"":36.0,""period_ms"":38.80000114440918}"
196494,1,2503.9999,2503.9999,False,1.0,"{""inversion_rho"":null,""inversion_channel"":10.5,""period_ms"":38.80000114440918}"
196494,1,2552.5999,2552.5999,False,1.0,"{""inversion_rho"":null,""inversion_channel"":11.5,""period_ms"":38.80000114440918}"
196494,1,2564.8,2564.8,False,0.5,"{""inversion_rho"":null,""inversion_channel"":23.5,""period_ms"":null}"
196494,1,2622.6001,2622.6001,False,0.25,"{""inversion_rho"":null,""inversion_channel"":19.5,""period_ms"":null}"
196494,1,2628.4001,2628.4001,False,0.25,"{""inversion_rho"":null,""inversion_channel"":20.0,""period_ms"":7.0999860763549805}"
196494,1,2636.6999,2636.6999,False,0.5,"{""inversion_rho"":null,""inversion_channel"":20.5,""period_ms"":7.0999860763549805}"
196494,1,2641.7999,2641.7999,False,1.0,"{""inversion_rho"":null,""inversion_channel"":20.5,""period_ms"":7.0999860763549805}"
196494,1,2647.7001,2647.7001,False,1.0,"{""inversion_rho"":null,""inversion_channel"":20.5,""period_ms"":7.0999860763549805}"
196494,1,2662.1001,2662.1001,False,0.375,"{""inversion_rho"":null,""inversion_channel"":20.0,""period_ms"":7.0999860763549805}"
196494,1,2667.3999,2667.3999,False,0.75,"{""inversion_rho"":null,""inversion_channel"":27.5,""period_ms"":6.1501264572143555}"
196494,1,2673.3,2673.3,False,1.0,"{""inversion_rho"":null,""inversion_channel"":28.5,""period_ms"":6.1501264572143555}"
196494,1,2678.9,2678.9,False,0.625,"{""inversion_rho"":null,""inversion_channel"":28.5,""period_ms"":6.1501264572143555}"
196494,1,2686.3999,2686.3999,False,0.25,"{""inversion_rho"":null,""inversion_channel"":20.5,""period_ms"":6.1501264572143555}"
196494,1,2693.1,2693.1,False,0.875,"{""inversion_rho"":null,""inversion_channel"":29.5,""period_ms"":6.1501264572143555}"
196494,1,2699.5001,2699.5001,False,1.0,"{""inversion_rho"":null,""inversion_channel"":29.5,""period_ms"":6.1501264572143555}"
196494,1,2706.0001,2706.0001,False,1.0,"{""inversion_rho"":null,""inversion_channel"":40.0,""period_ms"":6.1501264572143555}"
196494,1,2711.7,2711.7,False,0.5,"{""inversion_rho"":null,""inversion_channel"":30.5,""period_ms"":6.1501264572143555}"
196494,1,2717.2999,2717.2999,False,0.5,"{""inversion_rho"":null,""inversion_channel"":40.0,""period_ms"":6.1501264572143555}"
196494,1,2733.9001,2733.9001,False,1.0,"{""inversion_rho"":null,""inversion_channel"":37.5,""period_ms"":6.799936294555664}"
196494,1,2740.7,2740.7,False,1.0,"{""inversion_rho"":null,""inversion_channel"":40.0,""period_ms"":6.799936294555664}"
196494,1,2747.2999,2747.2999,False,0.25,"{""inversion_rho"":null,""inversion_channel"":40.0,""period_ms"":6.799936294555664}"
196494,1,2757.2999,2757.2999,False,0.625,"{""inversion_rho"":null,""inversion_channel"":24.5,""period_ms"":6.799936294555664}"
196494,1,2771.6,2771.6,False,0.75,"{""inversion_rho"":null,""inversion_channel"":30.0,""period_ms"":6.799936294555664}"
196494,1,2780.6001,2780.6001,False,1.0,"{""inversion_rho"":null,""inversion_channel"":29.5,""period_ms"":6.799936294555664}"
196494,1,2791.1,2791.1,False,0.25,"{""inversion_rho"":null,""inversion_channel"":40.0,""period_ms"":6.799936294555664}"
196494,1,2802.7,2802.7,False,1.0,"{""inversion_rho"":null,""inversion_channel"":30.5,""period_ms"":6.799936294555664}"
196494,1,2809.7999,2809.7999,False,1.0,"{""inversion_rho"":null,""inversion_channel"":32.5,""period_ms"":6.799936294555664}"
196494,1,2814.8999,2814.8999,False,1.0,"{""inversion_rho"":null,""inversion_channel"":37.5,""period_ms"":6.799936294555664}"
196494,1,2820.6999,2820.6999,False,0.625,"{""inversion_rho"":null,""inversion_channel"":31.0,""period_ms"":6.799936294555664}"
196494,1,2825.9001,2825.9001,False,0.75,"{""inversion_rho"":null,""inversion_channel"":33.5,""period_ms"":6.799936294555664}"
196494,1,2833.6,2833.6,False,0.75,"{""inversion_rho"":null,""inversion_channel"":33.5,""period_ms"":6.799936294555664}"
196494,1,2840.1999,2840.1999,False,0.625,"{""inversion_rho"":null,""inversion_channel"":32.0,""period_ms"":6.799936294555664}"
196494,1,2845.7,2845.7,False,1.0,"{""inversion_rho"":null,""inversion_channel"":33.5,""period_ms"":6.799936294555664}"
196494,1,2851.9001,2851.9001,False,1.0,"{""inversion_rho"":null,""inversion_channel"":30.0,""period_ms"":6.799936294555664}"
196494,1,2858.7,2858.7,False,1.0,"{""inversion_rho"":null,""inversion_channel"":33.0,""period_ms"":6.799936294555664}"
196494,1,2864.7001,2864.7001,False,1.0,"{""inversion_rho"":null,""inversion_channel"":32.0,""period_ms"":6.799936294555664}"
196494,1,2871.4001,2871.4001,False,0.75,"{""inversion_rho"":null,""inversion_channel"":36.5,""period_ms"":6.799936294555664}"
196494,1,2878.3,2878.3,False,1.0,"{""inversion_rho"":null,""inversion_channel"":33.5,""period_ms"":6.799936294555664}"
196494,1,2885.4001,2885.4001,False,0.75,"{""inversion_rho"":null,""inversion_channel"":33.0,""period_ms"":6.799936294555664}"
196494,1,2891.4001,2891.4001,False,0.375,"{""inversion_rho"":null,""inversion_channel"":20.5,""period_ms"":6.799936294555664}"
196494,1,2906.8999,2906.8999,False,1.0,"{""inversion_rho"":null,""inversion_channel"":33.5,""period_ms"":6.400108337402344}"
196494,1,2913.3,2913.3,False,0.875,"{""inversion_rho"":null,""inversion_channel"":33.5,""period_ms"":6.400108337402344}"
196494,1,2920.5,2920.5,False,0.375,"{""inversion_rho"":null,""inversion_channel"":33.5,""period_ms"":6.400108337402344}"
196494,1,2925.8001,2925.8001,False,0.25,"{""inversion_rho"":null,""inversion_channel"":33.5,""period_ms"":6.400108337402344}"
196494,1,2950.0999,2950.0999,False,1.0,"{""inversion_rho"":null,""inversion_channel"":34.5,""period_ms"":8.350014686584473}"
196494,1,2958.8001,2958.8001,False,0.625,"{""inversion_rho"":null,""inversion_channel"":32.5,""period_ms"":8.350014686584473}"
196494,1,2968.8001,2968.8001,False,1.0,"{""inversion_rho"":null,""inversion_channel"":33.5,""period_ms"":8.350014686584473}"
196494,1,2974.7,2974.7,False,0.375,"{""inversion_rho"":null,""inversion_channel"":33.5,""period_ms"":8.350014686584473}"
196494,1,2981.3001,2981.3001,False,0.375,"{""inversion_rho"":null,""inversion_channel"":14.5,""period_ms"":8.350014686584473}"
196494,1,2989.3,2989.3,False,0.5,"{""inversion_rho"":null,""inversion_channel"":34.5,""period_ms"":8.350014686584473}"
196494,1,2996.2001,2996.2001,False,0.25,"{""inversion_rho"":null,""inversion_channel"":34.5,""period_ms"":8.350014686584473}"
196494,1,3002.3999,3002.3999,False,0.25,"{""inversion_rho"":null,""inversion_channel"":35.0,""period_ms"":8.350014686584473}"
196494,1,3017.4999,3017.4999,False,0.625,"{""inversion_rho"":null,""inversion_channel"":40.5,""period_ms"":8.350014686584473}"
196494,1,3030.7,3030.7,False,1.0,"{""inversion_rho"":null,""inversion_channel"":32.5,""period_ms"":8.350014686584473}"
196494,1,3040.6001,3040.6001,False,0.25,"{""inversion_rho"":null,""inversion_channel"":34.5,""period_ms"":8.350014686584473}"
196494,1,3075.9001,3075.9001,False,0.5,"{""inversion_rho"":null,""inversion_channel"":33.5,""period_ms"":5.800008773803711}"
196494,1,3081.8999,3081.8999,False,0.875,"{""inversion_rho"":null,""inversion_channel"":33.5,""period_ms"":5.800008773803711}"
196494,1,3087.5001,3087.5001,False,1.0,"{""inversion_rho"":null,""inversion_channel"":32.5,""period_ms"":5.800008773803711}"
196494,1,3102.9999,3102.9999,False,0.375,"{""inversion_rho"":null,""inversion_channel"":32.5,""period_ms"":null}"
196494,1,3155.2,3155.2,False,0.25,"{""inversion_rho"":null,""inversion_channel"":34.5,""period_ms"":null}"
196494,1,3162.6999,3162.6999,False,0.5,"{""inversion_rho"":null,""inversion_channel"":32.0,""period_ms"":8.599996566772461}"
196494,1,3183.5999,3183.5999,False,0.25,"{""inversion_rho"":null,""inversion_channel"":35.5,""period_ms"":8.599996566772461}"
196494,1,3192.8,3192.8,False,0.25,"{""inversion_rho"":null,""inversion_channel"":33.5,""period_ms"":8.599996566772461}"
196494,1,3201.4,3201.4,False,0.375,"{""inversion_rho"":null,""inversion_channel"":31.0,""period_ms"":8.599996566772461}"
196494,1,3206.7001,3206.7001,False,0.625,"{""inversion_rho"":null,""inversion_channel"":31.5,""period_ms"":8.599996566772461}"
196494,1,3212.3001,3212.3001,False,0.375,"{""inversion_rho"":null,""inversion_channel"":40.0,""period_ms"":8.599996566772461}"
196494,1,3219.5001,3219.5001,False,0.25,"{""inversion_rho"":null,""inversion_channel"":2.5,""period_ms"":8.599996566772461}"
196494,1,3235.3001,3235.3001,False,0.375,"{""inversion_rho"":null,""inversion_channel"":35.5,""period_ms"":8.599996566772461}"
196494,1,3240.7999,3240.7999,False,0.25,"{""inversion_rho"":null,""inversion_channel"":16.5,""period_ms"":12.099981307983398}"
196494,1,3260.0,3260.0,False,0.375,"{""inversion_rho"":null,""inversion_channel"":32.5,""period_ms"":12.099981307983398}"
196494,1,3274.6999,3274.6999,False,0.375,"{""inversion_rho"":null,""inversion_channel"":22.5,""period_ms"":12.099981307983398}"
196494,1,3299.9001,3299.9001,False,0.25,"{""inversion_rho"":null,""inversion_channel"":33.0,""period_ms"":12.099981307983398}"
196494,1,3312.0,3312.0,False,0.5,"{""inversion_rho"":null,""inversion_channel"":32.5,""period_ms"":12.099981307983398}"
196494,1,3319.2,3319.2,False,0.375,"{""inversion_rho"":null,""inversion_channel"":39.5,""period_ms"":12.099981307983398}"
196494,1,3325.7999,3325.7999,False,0.625,"{""inversion_rho"":null,""inversion_channel"":33.5,""period_ms"":12.099981307983398}"
196494,1,3330.8001,3330.8001,False,1.0,"{""inversion_rho"":null,""inversion_channel"":34.5,""period_ms"":12.099981307983398}"
196494,1,3363.6,3363.6,False,1.0,"{""inversion_rho"":null,""inversion_channel"":39.5,""period_ms"":11.700153350830078}"
196494,1,3373.6,3373.6,False,0.25,"{""inversion_rho"":null,""inversion_channel"":16.5,""period_ms"":11.700153350830078}"
196494,1,3389.3001,3389.3001,False,0.75,"{""inversion_rho"":null,""inversion_channel"":34.5,""period_ms"":11.700153350830078}"
196494,1,3401.5999,3401.5999,False,1.0,"{""inversion_rho"":null,""inversion_channel"":30.5,""period_ms"":11.700153350830078}"
196494,1,3413.3,3413.3,False,0.375,"{""inversion_rho"":null,""inversion_channel"":40.0,""period_ms"":11.700153350830078}"
196494,1,3421.0999,3421.0999,False,0.25,"{""inversion_rho"":null,""inversion_channel"":34.0,""period_ms"":11.700153350830078}"
196494,1,3454.0,3454.0,False,0.5,"{""inversion_rho"":null,""inversion_channel"":32.0,""period_ms"":5.300045013427734}"
196494,1,3459.1,3459.1,False,1.0,"{""inversion_rho"":null,""inversion_channel"":31.0,""period_ms"":5.300045013427734}"
196494,1,3464.6001,3464.6001,False,1.0,"{""inversion_rho"":null,""inversion_channel"":33.5,""period_ms"":5.300045013427734}"
196494,1,3495.1,3495.1,False,1.0,"{""inversion_rho"":null,""inversion_channel"":33.5,""period_ms"":null}"
196494,1,3505.1999,3505.1999,False,1.0,"{""inversion_rho"":null,""inversion_channel"":33.5,""period_ms"":null}"
196494,1,3552.0999,3552.0999,False,0.375,"{""inversion_rho"":null,""inversion_channel"":30.5,""period_ms"":32.75001049041748}"
196494,1,3571.3,3571.3,False,1.0,"{""inversion_rho"":null,""inversion_channel"":34.5,""period_ms"":32.75001049041748}"
196494,1,3594.0001,3594.0001,False,0.5,"{""inversion_rho"":null,""inversion_channel"":37.0,""period_ms"":32.75001049041748}"
196494,1,3636.2,3636.2,False,0.5,"{""inversion_rho"":null,""inversion_channel"":32.0,""period_ms"":32.75001049041748}"
196494,1,3675.1001,3675.1001,False,0.375,"{""inversion_rho"":null,""inversion_channel"":33.5,""period_ms"":32.75001049041748}"
196494,1,3711.9,3711.9,False,0.25,"{""inversion_rho"":null,""inversion_channel"":34.5,""period_ms"":32.75001049041748}"
196494,1,3740.6001,3740.6001,False,0.25,"{""inversion_rho"":null,""inversion_channel"":33.5,""period_ms"":32.75001049041748}"
196494,1,3749.5,3749.5,False,0.375,"{""inversion_rho"":null,""inversion_channel"":33.5,""period_ms"":null}"
196494,1,3773.9999,3773.9999,False,0.25,"{""inversion_rho"":null,""inversion_channel"":31.5,""period_ms"":null}"
196494,1,3781.1999,3781.1999,False,0.625,"{""inversion_rho"":null,""inversion_channel"":33.0,""period_ms"":13.99993896484375}"
196494,1,3787.4,3787.4,False,0.375,"{""inversion_rho"":null,""inversion_channel"":34.5,""period_ms"":13.99993896484375}"
196494,1,3799.7,3799.7,False,0.25,"{""inversion_rho"":null,""inversion_channel"":30.5,""period_ms"":13.99993896484375}"
196494,1,3825.5,3825.5,False,0.875,"{""inversion_rho"":null,""inversion_channel"":32.5,""period_ms"":13.99993896484375}"
196494,1,3845.4001,3845.4001,False,0.375,"{""inversion_rho"":null,""inversion_channel"":40.0,""period_ms"":13.99993896484375}"
196494,1,3863.8999,3863.8999,False,0.5,"{""inversion_rho"":null,""inversion_channel"":34.0,""period_ms"":13.99993896484375}"
196494,1,3872.6001,3872.6001,False,0.75,"{""inversion_rho"":null,""inversion_channel"":32.5,""period_ms"":13.99993896484375}"
196494,1,3886.6,3886.6,False,0.5,"{""inversion_rho"":null,""inversion_channel"":32.0,""period_ms"":13.99993896484375}"
196494,1,3904.0,3904.0,False,0.5,"{""inversion_rho"":null,""inversion_channel"":34.0,""period_ms"":13.99993896484375}"
196494,1,3914.0999,3914.0999,False,0.25,"{""inversion_rho"":null,""inversion_channel"":32.5,""period_ms"":13.99993896484375}"
196494,1,3944.7999,3944.7999,False,0.375,"{""inversion_rho"":null,""inversion_channel"":33.5,""period_ms"":13.650059700012207}"
196494,1,3958.1001,3958.1001,False,0.25,"{""inversion_rho"":null,""inversion_channel"":32.5,""period_ms"":13.650059700012207}"
196494,1,3964.2,3964.2,False,0.375,"{""inversion_rho"":null,""inversion_channel"":32.5,""period_ms"":13.650059700012207}"
196494,1,3974.1001,3974.1001,False,0.875,"{""inversion_rho"":null,""inversion_channel"":31.5,""period_ms"":13.650059700012207}"
196494,1,3990.0999,3990.0999,False,0.375,"{""inversion_rho"":null,""inversion_channel"":33.5,""period_ms"":13.650059700012207}"
196494,1,4004.0998,4004.0998,False,0.625,"{""inversion_rho"":null,""inversion_channel"":32.5,""period_ms"":13.650059700012207}"
196494,1,4027.5002,4027.5002,False,0.375,"{""inversion_rho"":null,""inversion_channel"":29.0,""period_ms"":13.650059700012207}"
196494,1,4032.8999,4032.8999,False,0.375,"{""inversion_rho"":null,""inversion_channel"":31.5,""period_ms"":39.95013236999512}"
196494,1,4072.5002,4072.5002,False,0.5,"{""inversion_rho"":null,""inversion_channel"":33.0,""period_ms"":39.95013236999512}"
196494,1,4112.8001,4112.8001,False,0.5,"{""inversion_rho"":null,""inversion_channel"":31.5,""period_ms"":39.95013236999512}"
196494,1,4121.5,4121.5,False,0.625,"{""inversion_rho"":null,""inversion_channel"":31.5,""period_ms"":null}"
196494,1,4172.4,4172.4,False,0.375,"{""inversion_rho"":null,""inversion_channel"":33.5,""period_ms"":null}"
196494,1,4184.9999,4184.9999,False,0.25,"{""inversion_rho"":null,""inversion_channel"":31.5,""period_ms"":null}"
196494,1,4191.5998,4191.5998,False,0.375,"{""inversion_rho"":null,""inversion_channel"":31.5,""period_ms"":null}"
196494,1,4216.3,4216.3,False,0.625,"{""inversion_rho"":null,""inversion_channel"":31.5,""period_ms"":21.10004425048828}"
196494,1,4259.3002,4259.3002,False,1.0,"{""inversion_rho"":null,""inversion_channel"":31.5,""period_ms"":21.10004425048828}"
196494,1,4297.5998,4297.5998,False,0.375,"{""inversion_rho"":null,""inversion_channel"":35.5,""period_ms"":21.10004425048828}"
196494,1,4339.0002,4339.0002,False,0.75,"{""inversion_rho"":null,""inversion_channel"":33.0,""period_ms"":21.10004425048828}"
196494,1,4378.7999,4378.7999,False,0.625,"{""inversion_rho"":null,""inversion_channel"":32.5,""period_ms"":21.10004425048828}"
196494,1,4414.0,4414.0,False,0.5,"{""inversion_rho"":null,""inversion_channel"":31.5,""period_ms"":21.10004425048828}"
196494,1,4449.6999,4449.6999,False,0.375,"{""inversion_rho"":null,""inversion_channel"":29.0,""period_ms"":21.10004425048828}"
196494,1,4486.1999,4486.1999,False,0.625,"{""inversion_rho"":null,""inversion_channel"":29.5,""period_ms"":21.10004425048828}"
196494,1,4519.7001,4519.7001,False,0.625,"{""inversion_rho"":null,""inversion_channel"":27.5,""period_ms"":21.10004425048828}"
196494,1,4535.2001,4535.2001,False,0.25,"{""inversion_rho"":null,""inversion_channel"":29.5,""period_ms"":21.10004425048828}"
196494,1,4553.4,4553.4,False,1.0,"{""inversion_rho"":null,""inversion_channel"":32.0,""period_ms"":21.10004425048828}"
196494,1,4589.7002,4589.7002,False,1.0,"{""inversion_rho"":null,""inversion_channel"":32.0,""period_ms"":21.10004425048828}"
196494,1,4639.2999,4639.2999,False,1.0,"{""inversion_rho"":null,""inversion_channel"":32.0,""period_ms"":21.10004425048828}"
196494,1,4683.4002,4683.4002,False,1.0,"{""inversion_rho"":null,""inversion_channel"":31.5,""period_ms"":21.10004425048828}"
196494,1,4716.8999,4716.8999,False,1.0,"{""inversion_rho"":null,""inversion_channel"":27.5,""period_ms"":21.10004425048828}"
196494,1,4746.7999,4746.7999,False,0.75,"{""inversion_rho"":null,""inversion_channel"":30.5,""period_ms"":21.10004425048828}"
196494,1,4782.8002,4782.8002,False,1.0,"{""inversion_rho"":null,""inversion_channel"":27.5,""period_ms"":21.10004425048828}"
196494,1,4799.7999,4799.7999,False,0.375,"{""inversion_rho"":null,""inversion_channel"":30.5,""period_ms"":21.10004425048828}"
196494,1,4815.4001,4815.4001,False,1.0,"{""inversion_rho"":null,""inversion_channel"":27.5,""period_ms"":21.10004425048828}"
196494,1,4848.7,4848.7,False,1.0,"{""inversion_rho"":null,""inversion_channel"":27.0,""period_ms"":21.10004425048828}"
196494,1,4889.1001,4889.1001,False,1.0,"{""inversion_rho"":null,""inversion_channel"":27.5,""period_ms"":21.10004425048828}"
196494,1,4927.8998,4927.8998,False,1.0,"{""inversion_rho"":null,""inversion_channel"":27.5,""period_ms"":21.10004425048828}"
196494,1,4957.7999,4957.7999,False,0.625,"{""inversion_rho"":null,""inversion_channel"":26.5,""period_ms"":21.10004425048828}"
196494,1,4996.3002,4996.3002,False,1.0,"{""inversion_rho"":null,""inversion_channel"":27.5,""period_ms"":21.10004425048828}"
196494,1,5027.5998,5027.5998,False,1.0,"{""inversion_rho"":null,""inversion_channel"":25.5,""period_ms"":21.10004425048828}"
196494,1,5055.2001,5055.2001,False,0.75,"{""inversion_rho"":null,""inversion_channel"":25.5,""period_ms"":21.10004425048828}"
196494,1,5081.3999,5081.3999,False,0.5,"{""inversion_rho"":null,""inversion_channel"":31.0,""period_ms"":21.10004425048828}"
196494,1,5106.9002,5106.9002,False,1.0,"{""inversion_rho"":null,""inversion_channel"":29.5,""period_ms"":21.10004425048828}"
196494,1,5152.9999,5152.9999,False,0.625,"{""inversion_rho"":null,""inversion_channel"":33.5,""period_ms"":21.10004425048828}"
196494,1,5175.7998,5175.7998,False,0.375,"{""inversion_rho"":null,""inversion_channel"":28.0,""period_ms"":21.10004425048828}"
196494,1,5198.0,5198.0,False,0.5,"{""inversion_rho"":null,""inversion_channel"":27.5,""period_ms"":21.10004425048828}"
196494,1,5209.7998,5209.7998,False,0.25,"{""inversion_rho"":null,""inversion_channel"":26.0,""period_ms"":21.10004425048828}"
196494,1,5220.3002,5220.3002,False,0.625,"{""inversion_rho"":null,""inversion_channel"":27.5,""period_ms"":21.10004425048828}"
196494,1,5241.0002,5241.0002,False,0.625,"{""inversion_rho"":null,""inversion_channel"":27.5,""period_ms"":21.10004425048828}"
196494,1,5260.3002,5260.3002,False,0.5,"{""inversion_rho"":null,""inversion_channel"":24.5,""period_ms"":21.10004425048828}"
196494,1,5281.4002,5281.4002,False,0.375,"{""inversion_rho"":null,""inversion_channel"":28.5,""period_ms"":21.10004425048828}"
196494,1,5302.1998,5302.1998,False,0.875,"{""inversion_rho"":null,""inversion_channel"":27.5,""period_ms"":21.10004425048828}"
196494,1,5324.5001,5324.5001,False,0.375,"{""inversion_rho"":null,""inversion_channel"":27.5,""period_ms"":21.10004425048828}"
196494,1,5345.7999,5345.7999,False,0.875,"{""inversion_rho"":null,""inversion_channel"":27.5,""period_ms"":21.10004425048828}"
196494,1,5366.7998,5366.7998,False,1.0,"{""inversion_rho"":null,""inversion_channel"":27.5,""period_ms"":21.10004425048828}"
196494,1,5389.1001,5389.1001,False,0.625,"{""inversion_rho"":null,""inversion_channel"":28.0,""period_ms"":21.10004425048828}"
196494,1,5410.6998,5410.6998,False,0.75,"{""inversion_rho"":null,""inversion_channel"":28.5,""period_ms"":21.10004425048828}"
196494,1,5432.7002,5432.7002,False,0.375,"{""inversion_rho"":null,""inversion_channel"":27.5,""period_ms"":21.10004425048828}"
196494,1,5452.0998,5452.0998,False,0.25,"{""inversion_rho"":null,""inversion_channel"":21.5,""period_ms"":21.10004425048828}"
196494,1,5468.4,5468.4,False,0.25,"{""inversion_rho"":null,""inversion_channel"":23.5,""period_ms"":21.10004425048828}"
196494,1,5483.0999,5483.0999,False,0.5,"{""inversion_rho"":null,""inversion_channel"":27.5,""period_ms"":21.10004425048828}"
196494,1,5498.3001,5498.3001,False,0.375,"{""inversion_rho"":null,""inversion_channel"":31.0,""period_ms"":21.10004425048828}"
196494,1,5512.1999,5512.1999,False,0.5,"{""inversion_rho"":null,""inversion_channel"":33.5,""period_ms"":21.10004425048828}"
196494,1,5529.5,5529.5,False,0.875,"{""inversion_rho"":null,""inversion_channel"":27.5,""period_ms"":21.10004425048828}"
196494,1,5546.4001,5546.4001,False,1.0,"{""inversion_rho"":null,""inversion_channel"":23.5,""period_ms"":21.10004425048828}"
196494,1,5562.5,5562.5,False,1.0,"{""inversion_rho"":null,""inversion_channel"":20.5,""period_ms"":21.10004425048828}"
196494,1,5575.7999,5575.7999,False,1.0,"{""inversion_rho"":null,""inversion_channel"":33.0,""period_ms"":21.10004425048828}"
196494,1,5587.2002,5587.2002,False,1.0,"{""inversion_rho"":null,""inversion_channel"":33.5,""period_ms"":21.10004425048828}"
196494,1,5597.4002,5597.4002,False,0.25,"{""inversion_rho"":null,""inversion_channel"":27.5,""period_ms"":21.10004425048828}"
196494,1,5608.3002,5608.3002,False,1.0,"{""inversion_rho"":null,""inversion_channel"":32.5,""period_ms"":21.10004425048828}"
196494,1,5618.1002,5618.1002,False,0.25,"{""inversion_rho"":null,""inversion_channel"":33.0,""period_ms"":21.10004425048828}"
196494,1,5629.9,5629.9,False,1.0,"{""inversion_rho"":null,""inversion_channel"":31.5,""period_ms"":21.10004425048828}"
196494,1,5638.5999,5638.5999,False,0.5,"{""inversion_rho"":null,""inversion_channel"":29.5,""period_ms"":21.10004425048828}"
196494,1,5644.8998,5644.8998,False,1.0,"{""inversion_rho"":null,""inversion_channel"":32.5,""period_ms"":21.10004425048828}"
196494,1,5654.6998,5654.6998,False,1.0,"{""inversion_rho"":null,""inversion_channel"":33.5,""period_ms"":21.10004425048828}"
196494,1,5663.6,5663.6,False,1.0,"{""inversion_rho"":null,""inversion_channel"":33.5,""period_ms"":21.10004425048828}"
196494,1,5670.0001,5670.0001,False,0.25,"{""inversion_rho"":null,""inversion_channel"":31.5,""period_ms"":21.10004425048828}"
196494,1,5677.1998,5677.1998,False,0.375,"{""inversion_rho"":null,""inversion_channel"":25.5,""period_ms"":21.10004425048828}"
196494,1,5684.2999,5684.2999,False,0.25,"{""inversion_rho"":null,""inversion_channel"":38.0,""period_ms"":21.10004425048828}"
196494,1,5695.0998,5695.0998,False,0.375,"{""inversion_rho"":null,""inversion_channel"":24.5,""period_ms"":21.10004425048828}"
196494,1,5719.5001,5719.5001,False,0.25,"{""inversion_rho"":null,""inversion_channel"":16.0,""period_ms"":21.10004425048828}"
196494,1,59.3,120.8,True,1.0,"{""inversion_rho"":null,""inversion_channel"":35.5,""period_ms"":18.599998205900192}"
196494,1,1275.2,2388.4001,True,1.0,"{""inversion_rho"":null,""inversion_channel"":11.75,""period_ms"":36.89992427825928}"
196494,1,2400.8,2552.5999,True,1.0,"{""inversion_rho"":null,""inversion_channel"":10.5,""period_ms"":38.80000114440918}"
196494,1,2628.4001,2662.1001,True,1.0,"{""inversion_rho"":null,""inversion_channel"":20.5,""period_ms"":7.0999860763549805}"
196494,1,2667.3999,2717.2999,True,1.0,"{""inversion_rho"":null,""inversion_channel"":29.5,""period_ms"":6.1501264572143555}"
196494,1,2733.9001,2891.4001,True,1.0,"{""inversion_rho"":null,""inversion_channel"":33.0,""period_ms"":6.799936294555664}"
196494,1,2906.8999,2925.8001,True,1.0,"{""inversion_rho"":null,""inversion_channel"":33.5,""period_ms"":6.400108337402344}"
196494,1,2950.0999,3040.6001,True,1.0,"{""inversion_rho"":null,""inversion_channel"":34.5,""period_ms"":8.350014686584473}"
196494,1,3075.9001,3087.5001,True,1.0,"{""inversion_rho"":null,""inversion_channel"":33.5,""period_ms"":5.800008773803711}"
196494,1,3162.6999,3235.3001,True,1.0,"{""inversion_rho"":null,""inversion_channel"":32.75,""period_ms"":8.599996566772461}"
196494,1,3240.7999,3330.8001,True,1.0,"{""inversion_rho"":null,""inversion_channel"":32.75,""period_ms"":12.099981307983398}"
196494,1,3363.6,3421.0999,True,1.0,"{""inversion_rho"":null,""inversion_channel"":34.25,""period_ms"":11.700153350830078}"
196494,1,3454.0,3464.6001,True,1.0,"{""inversion_rho"":null,""inversion_channel"":32.0,""period_ms"":5.300045013427734}"
196494,1,3552.0999,3740.6001,True,1.0,"{""inversion_rho"":null,""inversion_channel"":33.5,""period_ms"":32.75001049041748}"
196494,1,3781.1999,3914.0999,True,1.0,"{""inversion_rho"":null,""inversion_channel"":32.75,""period_ms"":13.99993896484375}"
196494,1,3944.7999,4027.5002,True,1.0,"{""inversion_rho"":null,""inversion_channel"":32.5,""period_ms"":13.650059700012207}"
196494,1,4032.8999,4112.8001,True,1.0,"{""inversion_rho"":null,""inversion_channel"":31.5,""period_ms"":39.95013236999512}"
196494,1,4216.3,5719.5001,True,1.0,"{""inversion_rho"":null,""inversion_channel"":28.25,""period_ms"":21.10004425048828}"
196505,1,1502.6,1502.6,False,1.0,"{""inversion_rho"":null,""inversion_channel"":27.5,""period_ms"":37.89997100830078}"
196505,1,1528.2,1528.2,False,1.0,"{""inversion_rho"":null,""inversion_channel"":27.5,""period_ms"":37.89997100830078}"
196505,1,1554.9001,1554.9001,False,0.375,"{""inversion_rho"":null,""inversion_channel"":12.0,""period_ms"":37.89997100830078}"
196505,1,1584.4001,1584.4001,False,1.0,"{""inversion_rho"":null,""inversion_channel"":27.5,""period_ms"":37.89997100830078}"
196505,1,1607.7,1607.7,False,1.0,"{""inversion_rho"":null,""inversion_channel"":10.0,""period_ms"":37.89997100830078}"
196505,1,1632.4,1632.4,False,1.0,"{""inversion_rho"":null,""inversion_channel"":27.5,""period_ms"":37.89997100830078}"
196505,1,1686.2,1686.2,False,1.0,"{""inversion_rho"":null,""inversion_channel"":9.5,""period_ms"":37.89997100830078}"
196505,1,1741.6,1741.6,False,1.0,"{""inversion_rho"":null,""inversion_channel"":28.5,""period_ms"":37.89997100830078}"
196505,1,1795.3,1795.3,False,1.0,"{""inversion_rho"":null,""inversion_channel"":10.5,""period_ms"":37.89997100830078}"
196505,1,1833.2,1833.2,False,1.0,"{""inversion_rho"":null,""inversion_channel"":9.5,""period_ms"":37.89997100830078}"
196505,1,1858.3,1858.3,False,1.0,"{""inversion_rho"":null,""inversion_channel"":28.0,""period_ms"":37.89997100830078}"
196505,1,1890.9,1890.9,False,1.0,"{""inversion_rho"":null,""inversion_channel"":28.5,""period_ms"":37.89997100830078}"
196505,1,1914.7,1914.7,False,1.0,"{""inversion_rho"":null,""inversion_channel"":28.5,""period_ms"":37.89997100830078}"
196505,1,1954.0,1954.0,False,1.0,"{""inversion_rho"":null,""inversion_channel"":27.5,""period_ms"":37.89997100830078}"
196505,1,1977.2,1977.2,False,1.0,"{""inversion_rho"":null,""inversion_channel"":27.5,""period_ms"":37.89997100830078}"
196505,1,2022.1,2022.1,False,1.0,"{""inversion_rho"":null,""inversion_channel"":27.5,""period_ms"":37.89997100830078}"
196505,1,2059.0999,2059.0999,False,1.0,"{""inversion_rho"":null,""inversion_channel"":28.0,""period_ms"":37.89997100830078}"
196505,1,2081.8,2081.8,False,1.0,"{""inversion_rho"":null,""inversion_channel"":28.5,""period_ms"":37.89997100830078}"
196505,1,2125.6001,2125.6001,False,1.0,"{""inversion_rho"":null,""inversion_channel"":27.5,""period_ms"":37.89997100830078}"
196505,1,2146.6999,2146.6999,False,1.0,"{""inversion_rho"":null,""inversion_channel"":28.5,""period_ms"":37.89997100830078}"
196505,1,2188.4,2188.4,False,1.0,"{""inversion_rho"":null,""inversion_channel"":9.5,""period_ms"":37.89997100830078}"
196505,1,2211.9,2211.9,False,1.0,"{""inversion_rho"":null,""inversion_channel"":28.5,""period_ms"":37.89997100830078}"
196505,1,2265.1,2265.1,False,1.0,"{""inversion_rho"":null,""inversion_channel"":28.0,""period_ms"":37.89997100830078}"
196505,1,2320.3001,2320.3001,False,1.0,"{""inversion_rho"":null,""inversion_channel"":28.0,""period_ms"":37.89997100830078}"
196505,1,2379.1001,2379.1001,False,1.0,"{""inversion_rho"":null,""inversion_channel"":27.5,""period_ms"":37.89997100830078}"
196505,1,2434.7,2434.7,False,1.0,"{""inversion_rho"":null,""inversion_channel"":27.5,""period_ms"":37.89997100830078}"
196505,1,2489.3,2489.3,False,1.0,"{""inversion_rho"":null,""inversion_channel"":28.5,""period_ms"":37.89997100830078}"
196505,1,2543.2,2543.2,False,1.0,"{""inversion_rho"":null,""inversion_channel"":27.5,""period_ms"":37.89997100830078}"
196505,1,2695.9,2695.9,False,1.0,"{""inversion_rho"":null,""inversion_channel"":27.5,""period_ms"":null}"
196505,1,3070.4,3070.4,False,0.25,"{""inversion_rho"":null,""inversion_channel"":13.5,""period_ms"":42.999982833862305}"
196505,1,3100.8,3100.8,False,1.0,"{""inversion_rho"":null,""inversion_channel"":28.0,""period_ms"":42.999982833862305}"
196505,1,3143.8,3143.8,False,1.0,"{""inversion_rho"":null,""inversion_channel"":27.5,""period_ms"":42.999982833862305}"
196505,1,3193.2001,3193.2001,False,1.0,"{""inversion_rho"":null,""inversion_channel"":27.5,""period_ms"":42.999982833862305}"
196505,1,3236.0001,3236.0001,False,0.375,"{""inversion_rho"":null,""inversion_channel"":39.5,""period_ms"":42.999982833862305}"
196505,1,3319.9999,3319.9999,False,1.0,"{""inversion_rho"":null,""inversion_channel"":39.5,""period_ms"":42.999982833862305}"
196505,1,3343.4,3343.4,False,1.0,"{""inversion_rho"":null,""inversion_channel"":22.5,""period_ms"":null}"
196505,1,3411.9999,3411.9999,False,1.0,"{""inversion_rho"":null,""inversion_channel"":39.5,""period_ms"":null}"
196505,1,3423.8,3423.8,False,1.0,"{""inversion_rho"":null,""inversion_channel"":21.5,""period_ms"":30.299901962280273}"
196505,1,3440.9001,3440.9001,False,1.0,"{""inversion_rho"":null,""inversion_channel"":21.0,""period_ms"":30.299901962280273}"
196505,1,3463.7001,3463.7001,False,0.625,"{""inversion_rho"":null,""inversion_channel"":19.5,""period_ms"":30.299901962280273}"
196505,1,3499.9001,3499.9001,False,0.625,"{""inversion_rho"":null,""inversion_channel"":38.5,""period_ms"":30.299901962280273}"
196505,1,3530.2,3530.2,False,1.0,"{""inversion_rho"":null,""inversion_channel"":17.0,""period_ms"":30.299901962280273}"
196505,1,3572.4001,3572.4001,False,1.0,"{""inversion_rho"":null,""inversion_channel"":18.0,""period_ms"":30.299901962280273}"
196505,1,3587.1,3587.1,False,0.75,"{""inversion_rho"":null,""inversion_channel"":38.5,""period_ms"":28.8999080657959}"
196505,1,3609.9999,3609.9999,False,1.0,"{""inversion_rho"":null,""inversion_channel"":16.5,""period_ms"":28.8999080657959}"
196505,1,3651.4001,3651.4001,False,1.0,"{""inversion_rho"":null,""inversion_channel"":15.5,""period_ms"":28.8999080657959}"
196505,1,3674.0,3674.0,False,1.0,"{""inversion_rho"":null,""inversion_channel"":14.5,""period_ms"":28.8999080657959}"
196505,1,3702.8999,3702.8999,False,1.0,"{""inversion_rho"":null,""inversion_channel"":14.0,""period_ms"":28.8999080657959}"
196505,1,3744.2999,3744.2999,False,1.0,"{""inversion_rho"":null,""inversion_channel"":21.0,""period_ms"":28.8999080657959}"
196505,1,3754.6999,3754.6999,False,1.0,"{""inversion_rho"":null,""inversion_channel"":13.0,""period_ms"":25.750041007995605}"
196505,1,3784.8001,3784.8001,False,1.0,"{""inversion_rho"":null,""inversion_channel"":13.0,""period_ms"":25.750041007995605}"
196505,1,3806.2,3806.2,False,1.0,"{""inversion_rho"":null,""inversion_channel"":13.5,""period_ms"":25.750041007995605}"
196505,1,4035.5,4035.5,False,0.25,"{""inversion_rho"":null,""inversion_channel"":22.5,""period_ms"":null}"
196505,1,4268.7001,4268.7001,False,0.25,"{""inversion_rho"":null,""inversion_channel"":26.0,""period_ms"":null}"
196505,1,4276.1998,4276.1998,False,0.625,"{""inversion_rho"":null,""inversion_channel"":26.5,""period_ms"":null}"
196505,1,4337.2002,4337.2002,False,0.875,"{""inversion_rho"":null,""inversion_channel"":12.5,""period_ms"":null}"
196505,1,1502.6,2543.2,True,1.0,"{""inversion_rho"":null,""inversion_channel"":27.5,""period_ms"":37.89997100830078}"
196505,1,3070.4,3319.9999,True,1.0,"{""inversion_rho"":null,""inversion_channel"":27.75,""period_ms"":42.999982833862305}"
196505,1,3423.8,3572.4001,True,1.0,"{""inversion_rho"":null,""inversion_channel"":20.25,""period_ms"":30.299901962280273}"
196505,1,3587.1,3744.2999,True,1.0,"{""inversion_rho"":null,""inversion_channel"":16.0,""period_ms"":28.8999080657959}"
196505,1,3754.6999,3806.2,True,1.0,"{""inversion_rho"":null,""inversion_channel"":13.0,""period_ms"":25.750041007995605}"
196541,1,62.9,62.9,False,1.0,"{""inversion_rho"":null,""inversion_channel"":10.5,""period_ms"":12.10000365972519}"
196541,1,76.6,76.6,False,0.5,"{""inversion_rho"":null,""inversion_channel"":5.5,""period_ms"":12.10000365972519}"
196541,1,84.4,84.4,False,0.5,"{""inversion_rho"":null,""inversion_channel"":9.5,""period_ms"":12.10000365972519}"
196541,1,96.5,96.5,False,0.75,"{""inversion_rho"":null,""inversion_channel"":10.0,""period_ms"":12.10000365972519}"
196541,1,5274.7998,5274.7998,False,0.5,"{""inversion_rho"":null,""inversion_channel"":35.0,""period_ms"":36.8499755859375}"
196541,1,5295.8999,5295.8999,False,1.0,"{""inversion_rho"":null,""inversion_channel"":27.5,""period_ms"":36.8499755859375}"
196541,1,5348.4998,5348.4998,False,1.0,"{""inversion_rho"":null,""inversion_channel"":24.0,""period_ms"":36.8499755859375}"
196541,1,5362.9999,5362.9999,False,1.0,"{""inversion_rho"":null,""inversion_channel"":23.5,""period_ms"":14.300107955932617}"
196541,1,5377.6999,5377.6999,False,0.625,"{""inversion_rho"":null,""inversion_channel"":23.5,""period_ms"":14.300107955932617}"
196541,1,5391.6001,5391.6001,False,0.5,"{""inversion_rho"":null,""inversion_channel"":23.5,""period_ms"":14.300107955932617}"
196541,1,5490.9,5490.9,False,1.0,"{""inversion_rho"":null,""inversion_channel"":20.5,""period_ms"":11.499881744384766}"
196541,1,5502.9001,5502.9001,False,1.0,"{""inversion_rho"":null,""inversion_channel"":19.0,""period_ms"":11.499881744384766}"
196541,1,5513.8998,5513.8998,False,1.0,"{""inversion_rho"":null,""inversion_channel"":19.5,""period_ms"":11.499881744384766}"
196541,1,5566.9999,5566.9999,False,1.0,"{""inversion_rho"":null,""inversion_channel"":20.5,""period_ms"":10.399818420410156}"
196541,1,5577.3001,5577.3001,False,1.0,"{""inversion_rho"":null,""inversion_channel"":19.5,""period_ms"":10.399818420410156}"
196541,1,5587.6999,5587.6999,False,1.0,"{""inversion_rho"":null,""inversion_channel"":20.0,""period_ms"":10.399818420410156}"
196541,1,5598.8002,5598.8002,False,1.0,"{""inversion_rho"":null,""inversion_channel"":19.5,""period_ms"":10.399818420410156}"
196541,1,5609.6001,5609.6001,False,1.0,"{""inversion_rho"":null,""inversion_channel"":19.5,""period_ms"":10.399818420410156}"
196541,1,5620.1,5620.1,False,1.0,"{""inversion_rho"":null,""inversion_channel"":19.5,""period_ms"":10.399818420410156}"
196541,1,5630.4998,5630.4998,False,1.0,"{""inversion_rho"":null,""inversion_channel"":18.5,""period_ms"":10.399818420410156}"
196541,1,5640.6999,5640.6999,False,1.0,"{""inversion_rho"":null,""inversion_channel"":19.0,""period_ms"":10.399818420410156}"
196541,1,5650.7001,5650.7001,False,1.0,"{""inversion_rho"":null,""inversion_channel"":18.5,""period_ms"":10.399818420410156}"
196541,1,5660.5,5660.5,False,1.0,"{""inversion_rho"":null,""inversion_channel"":19.0,""period_ms"":10.399818420410156}"
196541,1,5671.1998,5671.1998,False,1.0,"{""inversion_rho"":null,""inversion_channel"":18.5,""period_ms"":10.399818420410156}"
196541,1,5746.3999,5746.3999,False,0.375,"{""inversion_rho"":null,""inversion_channel"":17.0,""period_ms"":9.30023193359375}"
196541,1,5755.7001,5755.7001,False,1.0,"{""inversion_rho"":null,""inversion_channel"":18.0,""period_ms"":9.30023193359375}"
196541,1,5765.6999,5765.6999,False,1.0,"{""inversion_rho"":null,""inversion_channel"":17.5,""period_ms"":9.30023193359375}"
196541,1,5774.6,5774.6,False,0.875,"{""inversion_rho"":null,""inversion_channel"":14.0,""period_ms"":9.30023193359375}"
196541,1,5872.0002,5872.0002,False,1.0,"{""inversion_rho"":null,""inversion_channel"":14.5,""period_ms"":8.500099182128906}"
196541,1,5880.7001,5880.7001,False,1.0,"{""inversion_rho"":null,""inversion_channel"":15.5,""period_ms"":8.500099182128906}"
196541,1,5889.2002,5889.2002,False,1.0,"{""inversion_rho"":null,""inversion_channel"":15.5,""period_ms"":8.500099182128906}"
196541,1,5897.9998,5897.9998,False,1.0,"{""inversion_rho"":null,""inversion_channel"":14.5,""period_ms"":8.500099182128906}"
196541,1,5906.0001,5906.0001,False,1.0,"{""inversion_rho"":null,""inversion_channel"":13.5,""period_ms"":8.500099182128906}"
196541,1,5912.7002,5912.7002,False,0.5,"{""inversion_rho"":null,""inversion_channel"":28.0,""period_ms"":8.500099182128906}"
196541,1,5920.8999,5920.8999,False,1.0,"{""inversion_rho"":null,""inversion_channel"":13.5,""period_ms"":8.500099182128906}"
196541,1,5934.5999,5934.5999,False,1.0,"{""inversion_rho"":null,""inversion_channel"":13.5,""period_ms"":8.500099182128906}"
196541,1,6020.1001,6020.1001,False,1.0,"{""inversion_rho"":null,""inversion_channel"":13.5,""period_ms"":6.400108337402344}"
196541,1,6027.9002,6027.9002,False,0.875,"{""inversion_rho"":null,""inversion_channel"":10.5,""period_ms"":6.400108337402344}"
196541,1,6034.2999,6034.2999,False,0.75,"{""inversion_rho"":null,""inversion_channel"":11.5,""period_ms"":6.400108337402344}"
196541,1,6047.1001,6047.1001,False,1.0,"{""inversion_rho"":null,""inversion_channel"":28.0,""period_ms"":6.400108337402344}"
196541,1,6053.2999,6053.2999,False,1.0,"{""inversion_rho"":null,""inversion_channel"":26.0,""period_ms"":6.400108337402344}"
196541,1,6059.7,6059.7,False,1.0,"{""inversion_rho"":null,""inversion_channel"":26.0,""period_ms"":6.400108337402344}"
196541,1,6066.1001,6066.1001,False,1.0,"{""inversion_rho"":null,""inversion_channel"":12.5,""period_ms"":6.400108337402344}"
196541,1,6072.3,6072.3,False,1.0,"{""inversion_rho"":null,""inversion_channel"":26.5,""period_ms"":6.400108337402344}"
196541,1,6085.3,6085.3,False,1.0,"{""inversion_rho"":null,""inversion_channel"":12.5,""period_ms"":6.400108337402344}"
196541,1,6097.8999,6097.8999,False,1.0,"{""inversion_rho"":null,""inversion_channel"":27.5,""period_ms"":6.400108337402344}"
196541,1,6109.7002,6109.7002,False,1.0,"{""inversion_rho"":null,""inversion_channel"":26.5,""period_ms"":6.400108337402344}"
196541,1,6115.6998,6115.6998,False,1.0,"{""inversion_rho"":null,""inversion_channel"":11.5,""period_ms"":6.400108337402344}"
196541,1,6122.0999,6122.0999,False,1.0,"{""inversion_rho"":null,""inversion_channel"":24.5,""period_ms"":6.400108337402344}"
196541,1,6129.6,6129.6,False,1.0,"{""inversion_rho"":null,""inversion_channel"":24.5,""period_ms"":6.400108337402344}"
196541,1,62.9,96.5,True,1.0,"{""inversion_rho"":null,""inversion_channel"":9.75,""period_ms"":12.10000365972519}"
196541,1,5274.7998,5348.4998,True,1.0,"{""inversion_rho"":null,""inversion_channel"":27.5,""period_ms"":36.8499755859375}"
196541,1,5362.9999,5391.6001,True,1.0,"{""inversion_rho"":null,""inversion_channel"":23.5,""period_ms"":14.300107955932617}"
196541,1,5490.9,5513.8998,True,1.0,"{""inversion_rho"":null,""inversion_channel"":19.5,""period_ms"":11.499881744384766}"
196541,1,5566.9999,5671.1998,True,1.0,"{""inversion_rho"":null,""inversion_channel"":19.5,""period_ms"":10.399818420410156}"
196541,1,5746.3999,5774.6,True,1.0,"{""inversion_rho"":null,""inversion_channel"":17.25,""period_ms"":9.30023193359375}"
196541,1,5872.0002,5934.5999,True,1.0,"{""inversion_rho"":null,""inversion_channel"":14.5,""period_ms"":8.500099182128906}"
196541,1,6020.1001,6129.6,True,1.0,"{""inversion_rho"":null,""inversion_channel"":24.5,""period_ms"":6.400108337402344}"
196577,1,76.3,76.3,False,0.75,"{""inversion_rho"":null,""inversion_channel"":30.5,""period_ms"":10.399997234344482}"
196577,1,90.8,90.8,False,0.875,"{""inversion_rho"":null,""inversion_channel"":37.5,""period_ms"":10.399997234344482}"
196577,1,97.1,97.1,False,0.25,"{""inversion_rho"":null,""inversion_channel"":39.5,""period_ms"":10.399997234344482}"
196577,1,1040.3,1040.3,False,1.0,"{""inversion_rho"":null,""inversion_channel"":20.5,""period_ms"":17.799973487854004}"
196577,1,1080.2,1080.2,False,1.0,"{""inversion_rho"":null,""inversion_channel"":20.5,""period_ms"":17.799973487854004}"
196577,1,1100.2001,1100.2001,False,1.0,"{""inversion_rho"":null,""inversion_channel"":22.5,""period_ms"":17.799973487854004}"
196577,1,1118.1999,1118.1999,False,1.0,"{""inversion_rho"":null,""inversion_channel"":21.5,""period_ms"":17.799973487854004}"
196577,1,1137.5999,1137.5999,False,1.0,"{""inversion_rho"":null,""inversion_channel"":22.0,""period_ms"":17.799973487854004}"
196577,1,1153.9,1153.9,False,1.0,"{""inversion_rho"":null,""inversion_channel"":22.0,""period_ms"":17.799973487854004}"
196577,1,1173.6,1173.6,False,1.0,"{""inversion_rho"":null,""inversion_channel"":23.5,""period_ms"":17.799973487854004}"
196577,1,1191.0,1191.0,False,1.0,"{""inversion_rho"":null,""inversion_channel"":24.0,""period_ms"":17.799973487854004}"
196577,1,1206.5001,1206.5001,False,1.0,"{""inversion_rho"":null,""inversion_channel"":23.5,""period_ms"":17.799973487854004}"
196577,1,1226.0,1226.0,False,1.0,"{""inversion_rho"":null,""inversion_channel"":24.5,""period_ms"":17.799973487854004}"
196577,1,1244.6001,1244.6001,False,1.0,"{""inversion_rho"":null,""inversion_channel"":25.0,""period_ms"":17.799973487854004}"
196577,1,1260.2,1260.2,False,1.0,"{""inversion_rho"":null,""inversion_channel"":25.0,""period_ms"":17.799973487854004}"
196577,1,1273.2,1273.2,False,1.0,"{""inversion_rho"":null,""inversion_channel"":27.5,""period_ms"":17.799973487854004}"
196577,1,1285.2,1285.2,False,1.0,"{""inversion_rho"":null,""inversion_channel"":25.5,""period_ms"":17.799973487854004}"
196577,1,1304.4,1304.4,False,1.0,"{""inversion_rho"":null,""inversion_channel"":25.5,""period_ms"":17.799973487854004}"
196577,1,1324.2,1324.2,False,1.0,"{""inversion_rho"":null,""inversion_channel"":27.5,""period_ms"":17.799973487854004}"
196577,1,1344.1,1344.1,False,1.0,"{""inversion_rho"":null,""inversion_channel"":27.5,""period_ms"":17.799973487854004}"
196577,1,1359.2,1359.2,False,1.0,"{""inversion_rho"":null,""inversion_channel"":27.5,""period_ms"":17.799973487854004}"
196577,1,1371.0001,1371.0001,False,1.0,"{""inversion_rho"":null,""inversion_channel"":27.5,""period_ms"":17.799973487854004}"
196577,1,1398.6,1398.6,False,1.0,"{""inversion_rho"":null,""inversion_channel"":27.5,""period_ms"":17.799973487854004}"
196577,1,1424.8,1424.8,False,1.0,"{""inversion_rho"":null,""inversion_channel"":27.5,""period_ms"":17.799973487854004}"
196577,1,1446.4999,1446.4999,False,1.0,"{""inversion_rho"":null,""inversion_channel"":28.5,""period_ms"":17.799973487854004}"
196577,1,1467.9,1467.9,False,1.0,"{""inversion_rho"":null,""inversion_channel"":29.0,""period_ms"":17.799973487854004}"
196577,1,1485.8,1485.8,False,1.0,"{""inversion_rho"":null,""inversion_channel"":29.0,""period_ms"":17.799973487854004}"
196577,1,1500.7,1500.7,False,1.0,"{""inversion_rho"":null,""inversion_channel"":30.0,""period_ms"":17.799973487854004}"
196577,1,1519.4,1519.4,False,1.0,"{""inversion_rho"":null,""inversion_channel"":28.5,""period_ms"":17.799973487854004}"
196577,1,1540.2,1540.2,False,1.0,"{""inversion_rho"":null,""inversion_channel"":29.5,""period_ms"":17.799973487854004}"
196577,1,1561.2,1561.2,False,1.0,"{""inversion_rho"":null,""inversion_channel"":29.5,""period_ms"":17.799973487854004}"
196577,1,1579.0,1579.0,False,1.0,"{""inversion_rho"":null,""inversion_channel"":29.5,""period_ms"":17.799973487854004}"
196577,1,1595.6,1595.6,False,1.0,"{""inversion_rho"":null,""inversion_channel"":30.5,""period_ms"":17.799973487854004}"
196577,1,1612.5,1612.5,False,1.0,"{""inversion_rho"":null,""inversion_channel"":29.5,""period_ms"":17.799973487854004}"
196577,1,1632.4,1632.4,False,1.0,"{""inversion_rho"":null,""inversion_channel"":30.5,""period_ms"":17.799973487854004}"
196577,1,1649.4,1649.4,False,1.0,"{""inversion_rho"":null,""inversion_channel"":31.0,""period_ms"":17.799973487854004}"
196577,1,1658.4001,1658.4001,False,1.0,"{""inversion_rho"":null,""inversion_channel"":29.5,""period_ms"":17.799973487854004}"
196577,1,1671.9,1671.9,False,0.375,"{""inversion_rho"":null,""inversion_channel"":9.5,""period_ms"":17.799973487854004}"
196577,1,1681.0,1681.0,False,1.0,"{""inversion_rho"":null,""inversion_channel"":30.5,""period_ms"":17.799973487854004}"
196577,1,1695.2,1695.2,False,1.0,"{""inversion_rho"":null,""inversion_channel"":31.0,""period_ms"":17.799973487854004}"
196577,1,1708.8,1708.8,False,1.0,"{""inversion_rho"":null,""inversion_channel"":30.5,""period_ms"":17.799973487854004}"
196577,1,1718.5,1718.5,False,1.0,"{""inversion_rho"":null,""inversion_channel"":29.5,""period_ms"":17.799973487854004}"
196577,1,1739.5999,1739.5999,False,1.0,"{""inversion_rho"":null,""inversion_channel"":29.5,""period_ms"":17.799973487854004}"
196577,1,1754.3,1754.3,False,1.0,"{""inversion_rho"":null,""inversion_channel"":31.5,""period_ms"":17.799973487854004}"
196577,1,1761.8001,1761.8001,False,1.0,"{""inversion_rho"":null,""inversion_channel"":29.5,""period_ms"":17.799973487854004}"
196577,1,1781.1,1781.1,False,1.0,"{""inversion_rho"":null,""inversion_channel"":30.5,""period_ms"":31.15004301071167}"
196577,1,1794.8,1794.8,False,1.0,"{""inversion_rho"":null,""inversion_channel"":29.5,""period_ms"":31.15004301071167}"
196577,1,1809.5,1809.5,False,1.0,"{""inversion_rho"":null,""inversion_channel"":30.5,""period_ms"":31.15004301071167}"
196577,1,1822.5,1822.5,False,1.0,"{""inversion_rho"":null,""inversion_channel"":29.5,""period_ms"":31.15004301071167}"
196577,1,1849.1,1849.1,False,1.0,"{""inversion_rho"":null,""inversion_channel"":29.5,""period_ms"":31.15004301071167}"
196577,1,1875.1,1875.1,False,1.0,"{""inversion_rho"":null,""inversion_channel"":29.5,""period_ms"":31.15004301071167}"
196577,1,1928.5001,1928.5001,False,1.0,"{""inversion_rho"":null,""inversion_channel"":29.5,""period_ms"":31.15004301071167}"
196577,1,1974.9,1974.9,False,1.0,"{""inversion_rho"":null,""inversion_channel"":28.5,""period_ms"":31.15004301071167}"
196577,1,1997.4999,1997.4999,False,1.0,"{""inversion_rho"":null,""inversion_channel"":28.5,""period_ms"":31.15004301071167}"
196577,1,2045.8,2045.8,False,1.0,"{""inversion_rho"":null,""inversion_channel"":29.5,""period_ms"":31.15004301071167}"
196577,1,2095.7999,2095.7999,False,1.0,"{""inversion_rho"":null,""inversion_channel"":31.5,""period_ms"":31.15004301071167}"
196577,1,2131.5,2131.5,False,1.0,"{""inversion_rho"":null,""inversion_channel"":7.5,""period_ms"":31.15004301071167}"
196577,1,2170.7001,2170.7001,False,1.0,"{""inversion_rho"":null,""inversion_channel"":11.0,""period_ms"":31.15004301071167}"
196577,1,2176.8,2176.8,False,1.0,"{""inversion_rho"":null,""inversion_channel"":30.5,""period_ms"":15.30003547668457}"
196577,1,2184.7,2184.7,False,1.0,"{""inversion_rho"":null,""inversion_channel"":16.5,""period_ms"":15.30003547668457}"
196577,1,2200.3,2200.3,False,0.5,"{""inversion_rho"":null,""inversion_channel"":17.5,""period_ms"":15.30003547668457}"
196577,1,2222.6,2222.6,False,1.0,"{""inversion_rho"":null,""inversion_channel"":19.5,""period_ms"":15.30003547668457}"
196577,1,2237.6001,2237.6001,False,1.0,"{""inversion_rho"":null,""inversion_channel"":19.5,""period_ms"":15.30003547668457}"
196577,1,2242.8,2242.8,False,0.625,"{""inversion_rho"":null,""inversion_channel"":20.5,""period_ms"":9.599924087524414}"
196577,1,2250.2,2250.2,False,1.0,"{""inversion_rho"":null,""inversion_channel"":28.0,""period_ms"":9.599924087524414}"
196577,1,2266.9001,2266.9001,False,1.0,"{""inversion_rho"":null,""inversion_channel"":21.5,""period_ms"":9.599924087524414}"
196577,1,2276.0999,2276.0999,False,1.0,"{""inversion_rho"":null,""inversion_channel"":22.5,""period_ms"":9.599924087524414}"
196577,1,2287.8001,2287.8001,False,1.0,"{""inversion_rho"":null,""inversion_channel"":24.5,""period_ms"":9.599924087524414}"
196577,1,2297.4,2297.4,False,1.0,"{""inversion_rho"":null,""inversion_channel"":24.5,""period_ms"":9.599924087524414}"
196577,1,2311.1999,2311.1999,False,0.75,"{""inversion_rho"":null,""inversion_channel"":23.0,""period_ms"":9.599924087524414}"
196577,1,2319.0,2319.0,False,0.625,"{""inversion_rho"":null,""inversion_channel"":40.5,""period_ms"":9.599924087524414}"
196577,1,2328.5999,2328.5999,False,0.875,"{""inversion_rho"":null,""inversion_channel"":26.5,""period_ms"":9.599924087524414}"
196577,1,2335.5999,2335.5999,False,0.375,"{""inversion_rho"":null,""inversion_channel"":28.0,""period_ms"":9.599924087524414}"
196577,1,2341.0001,2341.0001,False,0.375,"{""inversion_rho"":null,""inversion_channel"":5.0,""period_ms"":9.599924087524414}"
196577,1,2349.6001,2349.6001,False,0.5,"{""inversion_rho"":null,""inversion_channel"":38.0,""period_ms"":9.599924087524414}"
196577,1,2357.1,2357.1,False,1.0,"{""inversion_rho"":null,""inversion_channel"":23.0,""period_ms"":9.599924087524414}"
196577,1,2368.7,2368.7,False,0.625,"{""inversion_rho"":null,""inversion_channel"":21.5,""period_ms"":9.599924087524414}"
196577,1,2381.3,2381.3,False,1.0,"{""inversion_rho"":null,""inversion_channel"":39.5,""period_ms"":9.599924087524414}"
196577,1,2387.7001,2387.7001,False,1.0,"{""inversion_rho"":null,""inversion_channel"":27.5,""period_ms"":9.599924087524414}"
196577,1,2403.7001,2403.7001,False,1.0,"{""inversion_rho"":null,""inversion_channel"":23.0,""period_ms"":9.599924087524414}"
196577,1,2420.1,2420.1,False,0.75,"{""inversion_rho"":null,""inversion_channel"":8.0,""period_ms"":9.599924087524414}"
196577,1,2429.6,2429.6,False,0.25,"{""inversion_rho"":null,""inversion_channel"":8.5,""period_ms"":9.599924087524414}"
196577,1,2442.1,2442.1,False,1.0,"{""inversion_rho"":null,""inversion_channel"":37.0,""period_ms"":9.599924087524414}"
196577,1,2461.7,2461.7,False,1.0,"{""inversion_rho"":null,""inversion_channel"":37.5,""period_ms"":9.599924087524414}"
196577,1,2470.4001,2470.4001,False,1.0,"{""inversion_rho"":null,""inversion_channel"":38.0,""period_ms"":9.599924087524414}"
196577,1,2477.4001,2477.4001,False,1.0,"{""inversion_rho"":null,""inversion_channel"":23.0,""period_ms"":9.599924087524414}"
196577,1,2490.0,2490.0,False,1.0,"{""inversion_rho"":null,""inversion_channel"":9.0,""period_ms"":9.599924087524414}"
196577,1,2501.6999,2501.6999,False,0.375,"{""inversion_rho"":null,""inversion_channel"":23.0,""period_ms"":9.599924087524414}"
196577,1,2519.1,2519.1,False,0.875,"{""inversion_rho"":null,""inversion_channel"":9.0,""period_ms"":9.599924087524414}"
196577,1,2525.3999,2525.3999,False,0.5,"{""inversion_rho"":null,""inversion_channel"":37.5,""period_ms"":7.800102233886719}"
196577,1,2531.8999,2531.8999,False,0.25,"{""inversion_rho"":null,""inversion_channel"":23.0,""period_ms"":7.800102233886719}"
196577,1,2539.5,2539.5,False,1.0,"{""inversion_rho"":null,""inversion_channel"":34.5,""period_ms"":7.800102233886719}"
196577,1,2557.3001,2557.3001,False,0.5,"{""inversion_rho"":null,""inversion_channel"":37.5,""period_ms"":7.800102233886719}"
196577,1,2566.7,2566.7,False,0.25,"{""inversion_rho"":null,""inversion_channel"":37.5,""period_ms"":7.800102233886719}"
196577,1,2574.5001,2574.5001,False,0.5,"{""inversion_rho"":null,""inversion_channel"":25.5,""period_ms"":7.800102233886719}"
196577,1,2581.1999,2581.1999,False,0.75,"{""inversion_rho"":null,""inversion_channel"":24.0,""period_ms"":7.800102233886719}"
196577,1,2588.7001,2588.7001,False,1.0,"{""inversion_rho"":null,""inversion_channel"":37.0,""period_ms"":7.800102233886719}"
196577,1,2594.3999,2594.3999,False,0.375,"{""inversion_rho"":null,""inversion_channel"":43.0,""period_ms"":7.800102233886719}"
196577,1,2606.2,2606.2,False,0.875,"{""inversion_rho"":null,""inversion_channel"":23.0,""period_ms"":7.800102233886719}"
196577,1,2625.9999,2625.9999,False,1.0,"{""inversion_rho"":null,""inversion_channel"":18.0,""period_ms"":7.800102233886719}"
196577,1,2641.5999,2641.5999,False,0.875,"{""inversion_rho"":null,""inversion_channel"":9.0,""period_ms"":7.800102233886719}"
196577,1,2647.5999,2647.5999,False,1.0,"{""inversion_rho"":null,""inversion_channel"":18.5,""period_ms"":null}"
196577,1,2657.7001,2657.7001,False,0.25,"{""inversion_rho"":null,""inversion_channel"":34.0,""period_ms"":null}"
196577,1,2692.5001,2692.5001,False,1.0,"{""inversion_rho"":null,""inversion_channel"":38.5,""period_ms"":11.700153350830078}"
196577,1,2703.8,2703.8,False,1.0,"{""inversion_rho"":null,""inversion_channel"":40.0,""period_ms"":11.700153350830078}"
196577,1,2715.8,2715.8,False,1.0,"{""inversion_rho"":null,""inversion_channel"":23.0,""period_ms"":11.700153350830078}"
196577,1,2726.8,2726.8,False,0.625,"{""inversion_rho"":null,""inversion_channel"":39.5,""period_ms"":11.700153350830078}"
196577,1,2738.5001,2738.5001,False,0.625,"{""inversion_rho"":null,""inversion_channel"":21.0,""period_ms"":11.700153350830078}"
196577,1,2760.5,2760.5,False,1.0,"{""inversion_rho"":null,""inversion_channel"":39.0,""period_ms"":11.700153350830078}"
196577,1,2765.8,2765.8,False,0.375,"{""inversion_rho"":null,""inversion_channel"":37.5,""period_ms"":10.299921035766602}"
196577,1,2771.8,2771.8,False,0.375,"{""inversion_rho"":null,""inversion_channel"":23.0,""period_ms"":10.299921035766602}"
196577,1,2781.3001,2781.3001,False,0.625,"{""inversion_rho"":null,""inversion_channel"":9.0,""period_ms"":10.299921035766602}"
196577,1,2791.6,2791.6,False,1.0,"{""inversion_rho"":null,""inversion_channel"":34.5,""period_ms"":10.299921035766602}"
196577,1,2803.1001,2803.1001,False,0.625,"{""inversion_rho"":null,""inversion_channel"":37.0,""period_ms"":10.299921035766602}"
196577,1,2809.7999,2809.7999,False,0.5,"{""inversion_rho"":null,""inversion_channel"":36.5,""period_ms"":10.299921035766602}"
196577,1,2822.0,2822.0,False,0.875,"{""inversion_rho"":null,""inversion_channel"":21.5,""period_ms"":10.299921035766602}"
196577,1,2828.7001,2828.7001,False,1.0,"{""inversion_rho"":null,""inversion_channel"":23.5,""period_ms"":10.299921035766602}"
196577,1,2838.5,2838.5,False,0.625,"{""inversion_rho"":null,""inversion_channel"":8.5,""period_ms"":10.299921035766602}"
196577,1,2855.4001,2855.4001,False,0.25,"{""inversion_rho"":null,""inversion_channel"":7.0,""period_ms"":10.299921035766602}"
196577,1,2875.0999,2875.0999,False,0.875,"{""inversion_rho"":null,""inversion_channel"":23.0,""period_ms"":10.299921035766602}"
196577,1,2892.0,2892.0,False,0.25,"{""inversion_rho"":null,""inversion_channel"":8.5,""period_ms"":10.299921035766602}"
196577,1,2910.5,2910.5,False,0.25,"{""inversion_rho"":null,""inversion_channel"":36.5,""period_ms"":10.299921035766602}"
196577,1,2920.8,2920.8,False,0.375,"{""inversion_rho"":null,""inversion_channel"":6.5,""period_ms"":10.299921035766602}"
196577,1,2929.8999,2929.8999,False,0.875,"{""inversion_rho"":null,""inversion_channel"":7.5,""period_ms"":10.299921035766602}"
196577,1,2935.4,2935.4,False,0.5,"{""inversion_rho"":null,""inversion_channel"":7.5,""period_ms"":10.299921035766602}"
196577,1,2946.1,2946.1,False,0.5,"{""inversion_rho"":null,""inversion_channel"":20.5,""period_ms"":10.299921035766602}"
196577,1,2976.3999,2976.3999,False,0.75,"{""inversion_rho"":null,""inversion_channel"":7.5,""period_ms"":9.200096130371094}"
196577,1,2987.4001,2987.4001,False,0.375,"{""inversion_rho"":null,""inversion_channel"":27.5,""period_ms"":9.200096130371094}"
196577,1,2996.5999,2996.5999,False,1.0,"{""inversion_rho"":null,""inversion_channel"":27.5,""period_ms"":9.200096130371094}"
196577,1,3011.8001,3011.8001,False,1.0,"{""inversion_rho"":null,""inversion_channel"":27.5,""period_ms"":9.200096130371094}"
196577,1,3026.5999,3026.5999,False,1.0,"{""inversion_rho"":null,""inversion_channel"":8.5,""period_ms"":9.200096130371094}"
196577,1,3035.5999,3035.5999,False,0.5,"{""inversion_rho"":null,""inversion_channel"":5.0,""period_ms"":9.200096130371094}"
196577,1,3052.4001,3052.4001,False,0.75,"{""inversion_rho"":null,""inversion_channel"":8.0,""period_ms"":9.200096130371094}"
196577,1,3062.9001,3062.9001,False,0.75,"{""inversion_rho"":null,""inversion_channel"":39.5,""period_ms"":9.200096130371094}"
196577,1,3069.2999,3069.2999,False,0.375,"{""inversion_rho"":null,""inversion_channel"":21.5,""period_ms"":9.200096130371094}"
196577,1,3078.5,3078.5,False,0.625,"{""inversion_rho"":null,""inversion_channel"":27.5,""period_ms"":9.200096130371094}"
196577,1,3085.7,3085.7,False,0.5,"{""inversion_rho"":null,""inversion_channel"":27.5,""period_ms"":9.200096130371094}"
196577,1,3092.4001,3092.4001,False,1.0,"{""inversion_rho"":null,""inversion_channel"":34.5,""period_ms"":9.200096130371094}"
196577,1,3112.4001,3112.4001,False,0.5,"{""inversion_rho"":null,""inversion_channel"":21.5,""period_ms"":null}"
196577,1,3139.6999,3139.6999,False,1.0,"{""inversion_rho"":null,""inversion_channel"":22.5,""period_ms"":null}"
196577,1,3145.4999,3145.4999,False,0.25,"{""inversion_rho"":null,""inversion_channel"":7.0,""period_ms"":9.999990463256836}"
196577,1,3153.7001,3153.7001,False,1.0,"{""inversion_rho"":null,""inversion_channel"":9.0,""period_ms"":9.999990463256836}"
196577,1,3174.0,3174.0,False,0.25,"{""inversion_rho"":null,""inversion_channel"":21.5,""period_ms"":9.999990463256836}"
196577,1,3183.8,3183.8,False,0.25,"{""inversion_rho"":null,""inversion_channel"":22.5,""period_ms"":9.999990463256836}"
196577,1,3195.1001,3195.1001,False,0.875,"{""inversion_rho"":null,""inversion_channel"":24.5,""period_ms"":9.999990463256836}"
196577,1,3213.9001,3213.9001,False,1.0,"{""inversion_rho"":null,""inversion_channel"":8.0,""period_ms"":9.999990463256836}"
196577,1,3223.9001,3223.9001,False,0.625,"{""inversion_rho"":null,""inversion_channel"":7.0,""period_ms"":9.999990463256836}"
196577,1,3231.6999,3231.6999,False,0.75,"{""inversion_rho"":null,""inversion_channel"":6.5,""period_ms"":9.999990463256836}"
196577,1,3253.0999,3253.0999,False,0.5,"{""inversion_rho"":null,""inversion_channel"":5.5,""period_ms"":10.34998893737793}"
196577,1,3262.3,3262.3,False,1.0,"{""inversion_rho"":null,""inversion_channel"":34.5,""period_ms"":10.34998893737793}"
196577,1,3279.0999,3279.0999,False,1.0,"{""inversion_rho"":null,""inversion_channel"":21.5,""period_ms"":10.34998893737793}"
196577,1,3293.1001,3293.1001,False,1.0,"{""inversion_rho"":null,""inversion_channel"":39.5,""period_ms"":10.34998893737793}"
196577,1,3311.1999,3311.1999,False,1.0,"{""inversion_rho"":null,""inversion_channel"":25.5,""period_ms"":10.34998893737793}"
196577,1,3322.0999,3322.0999,False,0.75,"{""inversion_rho"":null,""inversion_channel"":37.5,""period_ms"":10.34998893737793}"
196577,1,3327.8,3327.8,False,0.25,"{""inversion_rho"":null,""inversion_channel"":23.5,""period_ms"":10.34998893737793}"
196577,1,3332.9999,3332.9999,False,0.625,"{""inversion_rho"":null,""inversion_channel"":25.5,""period_ms"":10.34998893737793}"
196577,1,3342.7999,3342.7999,False,0.875,"{""inversion_rho"":null,""inversion_channel"":6.5,""period_ms"":10.34998893737793}"
196577,1,3374.7001,3374.7001,False,0.875,"{""inversion_rho"":null,""inversion_channel"":8.5,""period_ms"":13.499975204467773}"
196577,1,3388.2,3388.2,False,0.875,"{""inversion_rho"":null,""inversion_channel"":8.0,""period_ms"":13.499975204467773}"
196577,1,3407.1,3407.1,False,0.375,"{""inversion_rho"":null,""inversion_channel"":19.5,""period_ms"":13.499975204467773}"
196577,1,3419.3001,3419.3001,False,0.875,"{""inversion_rho"":null,""inversion_channel"":7.5,""period_ms"":13.499975204467773}"
196577,1,3430.5999,3430.5999,False,0.5,"{""inversion_rho"":null,""inversion_channel"":7.0,""period_ms"":13.499975204467773}"
196577,1,3438.9999,3438.9999,False,1.0,"{""inversion_rho"":null,""inversion_channel"":34.5,""period_ms"":13.499975204467773}"
196577,1,3452.5001,3452.5001,False,0.375,"{""inversion_rho"":null,""inversion_channel"":18.0,""period_ms"":13.499975204467773}"
196577,1,3471.4999,3471.4999,False,1.0,"{""inversion_rho"":null,""inversion_channel"":21.5,""period_ms"":13.499975204467773}"
196577,1,3493.7999,3493.7999,False,0.25,"{""inversion_rho"":null,""inversion_channel"":25.5,""period_ms"":13.499975204467773}"
196577,1,3504.9,3504.9,False,0.625,"{""inversion_rho"":null,""inversion_channel"":25.5,""period_ms"":13.499975204467773}"
196577,1,3532.9001,3532.9001,False,0.875,"{""inversion_rho"":null,""inversion_channel"":7.5,""period_ms"":15.450000762939453}"
196577,1,3549.0,3549.0,False,0.75,"{""inversion_rho"":null,""inversion_channel"":8.0,""period_ms"":15.450000762939453}"
196577,1,3570.1001,3570.1001,False,0.625,"{""inversion_rho"":null,""inversion_channel"":6.0,""period_ms"":15.450000762939453}"
196577,1,3591.3999,3591.3999,False,0.25,"{""inversion_rho"":null,""inversion_channel"":6.0,""period_ms"":15.450000762939453}"
196577,1,3603.6999,3603.6999,False,1.0,"{""inversion_rho"":null,""inversion_channel"":34.5,""period_ms"":15.450000762939453}"
196577,1,3624.1,3624.1,False,0.875,"{""inversion_rho"":null,""inversion_channel"":37.0,""period_ms"":15.450000762939453}"
196577,1,3641.3,3641.3,False,1.0,"{""inversion_rho"":null,""inversion_channel"":24.5,""period_ms"":15.450000762939453}"
196577,1,3663.1,3663.1,False,0.875,"{""inversion_rho"":null,""inversion_channel"":25.5,""period_ms"":15.450000762939453}"
196577,1,3676.1,3676.1,False,0.75,"{""inversion_rho"":null,""inversion_channel"":39.5,""period_ms"":15.450000762939453}"
196577,1,3704.5,3704.5,False,0.25,"{""inversion_rho"":null,""inversion_channel"":6.0,""period_ms"":15.450000762939453}"
196577,1,3719.3,3719.3,False,1.0,"{""inversion_rho"":null,""inversion_channel"":7.5,""period_ms"":15.450000762939453}"
196577,1,3740.9,3740.9,False,0.875,"{""inversion_rho"":null,""inversion_channel"":25.5,""period_ms"":15.450000762939453}"
196577,1,3753.7,3753.7,False,1.0,"{""inversion_rho"":null,""inversion_channel"":19.5,""period_ms"":15.450000762939453}"
196577,1,3759.9001,3759.9001,False,0.875,"{""inversion_rho"":null,""inversion_channel"":3.5,""period_ms"":15.450000762939453}"
196577,1,3765.8,3765.8,False,0.625,"{""inversion_rho"":null,""inversion_channel"":25.5,""period_ms"":15.450000762939453}"
196577,1,3774.9,3774.9,False,0.5,"{""inversion_rho"":null,""inversion_channel"":18.5,""period_ms"":15.450000762939453}"
196577,1,3780.6001,3780.6001,False,0.5,"{""inversion_rho"":null,""inversion_channel"":28.5,""period_ms"":15.450000762939453}"
196577,1,3795.3,3795.3,False,1.0,"{""inversion_rho"":null,""inversion_channel"":37.0,""period_ms"":10.149955749511719}"
196577,1,3809.5,3809.5,False,0.875,"{""inversion_rho"":null,""inversion_channel"":19.5,""period_ms"":10.149955749511719}"
196577,1,3815.5999,3815.5999,False,1.0,"{""inversion_rho"":null,""inversion_channel"":21.5,""period_ms"":10.149955749511719}"
196577,1,3837.6999,3837.6999,False,0.875,"{""inversion_rho"":null,""inversion_channel"":25.5,""period_ms"":null}"
196577,1,3866.9,3866.9,False,1.0,"{""inversion_rho"":null,""inversion_channel"":6.0,""period_ms"":null}"
196577,1,3878.0,3878.0,False,0.25,"{""inversion_rho"":null,""inversion_channel"":34.5,""period_ms"":12.199878692626953}"
196577,1,3890.1999,3890.1999,False,0.5,"{""inversion_rho"":null,""inversion_channel"":22.5,""period_ms"":12.199878692626953}"
196577,1,3908.9,3908.9,False,1.0,"{""inversion_rho"":null,""inversion_channel"":37.5,""period_ms"":12.199878692626953}"
196577,1,3919.8,3919.8,False,0.25,"{""inversion_rho"":null,""inversion_channel"":25.5,""period_ms"":12.199878692626953}"
196577,1,3949.1,3949.1,False,1.0,"{""inversion_rho"":null,""inversion_channel"":34.5,""period_ms"":14.600038528442383}"
196577,1,3956.6,3956.6,False,1.0,"{""inversion_rho"":null,""inversion_channel"":18.5,""period_ms"":14.600038528442383}"
196577,1,3972.8,3972.8,False,1.0,"{""inversion_rho"":null,""inversion_channel"":37.0,""period_ms"":14.600038528442383}"
196577,1,3985.8,3985.8,False,0.5,"{""inversion_rho"":null,""inversion_channel"":24.5,""period_ms"":14.600038528442383}"
196577,1,4007.9002,4007.9002,False,0.75,"{""inversion_rho"":null,""inversion_channel"":7.0,""period_ms"":14.600038528442383}"
196577,1,4014.9002,4014.9002,False,1.0,"{""inversion_rho"":null,""inversion_channel"":25.5,""period_ms"":12.1002197265625}"
196577,1,4022.3999,4022.3999,False,1.0,"{""inversion_rho"":null,""inversion_channel"":44.0,""period_ms"":12.1002197265625}"
196577,1,4033.8001,4033.8001,False,0.5,"{""inversion_rho"":null,""inversion_channel"":19.0,""period_ms"":12.1002197265625}"
196577,1,4050.0998,4050.0998,False,0.375,"{""inversion_rho"":null,""inversion_channel"":25.5,""period_ms"":12.1002197265625}"
196577,1,4062.2001,4062.2001,False,0.5,"{""inversion_rho"":null,""inversion_channel"":20.0,""period_ms"":12.1002197265625}"
196577,1,4072.4001,4072.4001,False,0.75,"{""inversion_rho"":null,""inversion_channel"":25.5,""period_ms"":12.1002197265625}"
196577,1,4092.8001,4092.8001,False,0.75,"{""inversion_rho"":null,""inversion_channel"":25.5,""period_ms"":12.1002197265625}"
196577,1,4109.4999,4109.4999,False,0.25,"{""inversion_rho"":null,""inversion_channel"":24.5,""period_ms"":12.1002197265625}"
196577,1,4124.8002,4124.8002,False,0.625,"{""inversion_rho"":null,""inversion_channel"":17.5,""period_ms"":12.1002197265625}"
196577,1,4132.1001,4132.1001,False,0.5,"{""inversion_rho"":null,""inversion_channel"":29.5,""period_ms"":12.1002197265625}"
196577,1,4153.6002,4153.6002,False,0.5,"{""inversion_rho"":null,""inversion_channel"":23.5,""period_ms"":13.249874114990234}"
196577,1,4169.7001,4169.7001,False,0.375,"{""inversion_rho"":null,""inversion_channel"":24.5,""period_ms"":13.249874114990234}"
196577,1,4184.1002,4184.1002,False,0.75,"{""inversion_rho"":null,""inversion_channel"":19.0,""period_ms"":13.249874114990234}"
196577,1,4190.5999,4190.5999,False,0.5,"{""inversion_rho"":null,""inversion_channel"":20.5,""period_ms"":13.249874114990234}"
196577,1,4201.6001,4201.6001,False,1.0,"{""inversion_rho"":null,""inversion_channel"":5.0,""period_ms"":13.249874114990234}"
196577,1,4213.9001,4213.9001,False,0.625,"{""inversion_rho"":null,""inversion_channel"":6.0,""period_ms"":13.249874114990234}"
196577,1,4228.0998,4228.0998,False,0.25,"{""inversion_rho"":null,""inversion_channel"":19.5,""period_ms"":13.249874114990234}"
196577,1,4239.3999,4239.3999,False,1.0,"{""inversion_rho"":null,""inversion_channel"":25.5,""period_ms"":13.249874114990234}"
196577,1,4255.4002,4255.4002,False,0.25,"{""inversion_rho"":null,""inversion_channel"":20.0,""period_ms"":13.249874114990234}"
196577,1,4263.1001,4263.1001,False,1.0,"{""inversion_rho"":null,""inversion_channel"":25.5,""period_ms"":13.249874114990234}"
196577,1,4278.9998,4278.9998,False,1.0,"{""inversion_rho"":null,""inversion_channel"":34.5,""period_ms"":13.249874114990234}"
196577,1,4304.2998,4304.2998,False,0.875,"{""inversion_rho"":null,""inversion_channel"":31.0,""period_ms"":13.249874114990234}"
196577,1,4314.6,4314.6,False,0.375,"{""inversion_rho"":null,""inversion_channel"":22.0,""period_ms"":13.249874114990234}"
196577,1,4376.9999,4376.9999,False,0.625,"{""inversion_rho"":null,""inversion_channel"":6.5,""period_ms"":12.599945068359375}"
196577,1,4398.5,4398.5,False,0.75,"{""inversion_rho"":null,""inversion_channel"":7.0,""period_ms"":12.599945068359375}"
196577,1,4410.6998,4410.6998,False,0.875,"{""inversion_rho"":null,""inversion_channel"":6.5,""period_ms"":12.599945068359375}"
196577,1,4426.7001,4426.7001,False,0.5,"{""inversion_rho"":null,""inversion_channel"":38.5,""period_ms"":12.599945068359375}"
196577,1,4439.0998,4439.0998,False,1.0,"{""inversion_rho"":null,""inversion_channel"":39.5,""period_ms"":12.599945068359375}"
196577,1,4448.9002,4448.9002,False,1.0,"{""inversion_rho"":null,""inversion_channel"":34.5,""period_ms"":12.599945068359375}"
196577,1,4461.5002,4461.5002,False,0.75,"{""inversion_rho"":null,""inversion_channel"":18.5,""period_ms"":12.599945068359375}"
196577,1,4466.7001,4466.7001,False,0.25,"{""inversion_rho"":null,""inversion_channel"":20.5,""period_ms"":12.599945068359375}"
196577,1,4476.5,4476.5,False,0.375,"{""inversion_rho"":null,""inversion_channel"":24.5,""period_ms"":12.599945068359375}"
196577,1,4495.8,4495.8,False,1.0,"{""inversion_rho"":null,""inversion_channel"":25.5,""period_ms"":12.599945068359375}"
196577,1,4505.8999,4505.8999,False,0.875,"{""inversion_rho"":null,""inversion_channel"":25.5,""period_ms"":12.599945068359375}"
196577,1,4520.1998,4520.1998,False,1.0,"{""inversion_rho"":null,""inversion_channel"":19.5,""period_ms"":12.599945068359375}"
196577,1,4535.1,4535.1,False,0.375,"{""inversion_rho"":null,""inversion_channel"":6.5,""period_ms"":12.599945068359375}"
196577,1,4554.2002,4554.2002,False,1.0,"{""inversion_rho"":null,""inversion_channel"":6.5,""period_ms"":12.599945068359375}"
196577,1,4566.1998,4566.1998,False,0.75,"{""inversion_rho"":null,""inversion_channel"":7.5,""period_ms"":12.599945068359375}"
196577,1,4573.2999,4573.2999,False,0.375,"{""inversion_rho"":null,""inversion_channel"":4.5,""period_ms"":12.599945068359375}"
196577,1,4587.9998,4587.9998,False,0.5,"{""inversion_rho"":null,""inversion_channel"":6.0,""period_ms"":12.599945068359375}"
196577,1,4600.5001,4600.5001,False,0.625,"{""inversion_rho"":null,""inversion_channel"":25.0,""period_ms"":12.599945068359375}"
196577,1,4616.9,4616.9,False,0.75,"{""inversion_rho"":null,""inversion_channel"":22.0,""period_ms"":12.599945068359375}"
196577,1,4636.7002,4636.7002,False,0.375,"{""inversion_rho"":null,""inversion_channel"":20.5,""period_ms"":12.599945068359375}"
196577,1,4648.7999,4648.7999,False,0.5,"{""inversion_rho"":null,""inversion_channel"":18.5,""period_ms"":12.599945068359375}"
196577,1,4667.2001,4667.2001,False,0.375,"{""inversion_rho"":null,""inversion_channel"":21.5,""period_ms"":12.599945068359375}"
196577,1,4674.2001,4674.2001,False,1.0,"{""inversion_rho"":null,""inversion_channel"":37.5,""period_ms"":9.399890899658203}"
196577,1,4681.9,4681.9,False,1.0,"{""inversion_rho"":null,""inversion_channel"":41.5,""period_ms"":9.399890899658203}"
196577,1,4691.2999,4691.2999,False,0.875,"{""inversion_rho"":null,""inversion_channel"":25.5,""period_ms"":9.399890899658203}"
196577,1,4703.4001,4703.4001,False,0.875,"{""inversion_rho"":null,""inversion_channel"":25.5,""period_ms"":9.399890899658203}"
196577,1,4721.6001,4721.6001,False,0.75,"{""inversion_rho"":null,""inversion_channel"":14.0,""period_ms"":9.399890899658203}"
196577,1,4740.0999,4740.0999,False,0.25,"{""inversion_rho"":null,""inversion_channel"":6.5,""period_ms"":9.399890899658203}"
196577,1,4749.0001,4749.0001,False,0.875,"{""inversion_rho"":null,""inversion_channel"":6.0,""period_ms"":9.399890899658203}"
196577,1,4755.4002,4755.4002,False,0.5,"{""inversion_rho"":null,""inversion_channel"":28.0,""period_ms"":9.399890899658203}"
196577,1,4770.4,4770.4,False,1.0,"{""inversion_rho"":null,""inversion_channel"":39.5,""period_ms"":9.399890899658203}"
196577,1,4776.5999,4776.5999,False,1.0,"{""inversion_rho"":null,""inversion_channel"":6.0,""period_ms"":9.399890899658203}"
196577,1,4786.3998,4786.3998,False,0.875,"{""inversion_rho"":null,""inversion_channel"":7.0,""period_ms"":9.399890899658203}"
196577,1,4801.0001,4801.0001,False,1.0,"{""inversion_rho"":null,""inversion_channel"":34.5,""period_ms"":9.399890899658203}"
196577,1,4807.0998,4807.0998,False,0.375,"{""inversion_rho"":null,""inversion_channel"":3.5,""period_ms"":9.399890899658203}"
196577,1,4813.0999,4813.0999,False,0.875,"{""inversion_rho"":null,""inversion_channel"":30.0,""period_ms"":9.399890899658203}"
196577,1,4829.5002,4829.5002,False,1.0,"{""inversion_rho"":null,""inversion_channel"":37.0,""period_ms"":12.799739837646484}"
196577,1,4841.7001,4841.7001,False,0.5,"{""inversion_rho"":null,""inversion_channel"":25.5,""period_ms"":12.799739837646484}"
196577,1,4856.9002,4856.9002,False,1.0,"{""inversion_rho"":null,""inversion_channel"":37.5,""period_ms"":12.799739837646484}"
196577,1,4870.2998,4870.2998,False,1.0,"{""inversion_rho"":null,""inversion_channel"":39.5,""period_ms"":12.799739837646484}"
196577,1,4884.8,4884.8,False,0.75,"{""inversion_rho"":null,""inversion_channel"":26.5,""period_ms"":12.799739837646484}"
196577,1,4896.8,4896.8,False,0.5,"{""inversion_rho"":null,""inversion_channel"":27.5,""period_ms"":12.799739837646484}"
196577,1,4916.2002,4916.2002,False,1.0,"{""inversion_rho"":null,""inversion_channel"":37.5,""period_ms"":12.799739837646484}"
196577,1,4925.0002,4925.0002,False,0.75,"{""inversion_rho"":null,""inversion_channel"":21.0,""period_ms"":12.799739837646484}"
196577,1,4933.5999,4933.5999,False,1.0,"{""inversion_rho"":null,""inversion_channel"":5.5,""period_ms"":12.799739837646484}"
196577,1,4964.0002,4964.0002,False,1.0,"{""inversion_rho"":null,""inversion_channel"":34.5,""period_ms"":9.549856185913086}"
196577,1,4971.3001,4971.3001,False,0.5,"{""inversion_rho"":null,""inversion_channel"":19.0,""period_ms"":9.549856185913086}"
196577,1,4980.5999,4980.5999,False,1.0,"{""inversion_rho"":null,""inversion_channel"":19.5,""period_ms"":9.549856185913086}"
196577,1,4986.5999,4986.5999,False,0.625,"{""inversion_rho"":null,""inversion_channel"":25.5,""period_ms"":9.549856185913086}"
196577,1,4998.0001,4998.0001,False,1.0,"{""inversion_rho"":null,""inversion_channel"":38.5,""period_ms"":9.549856185913086}"
196577,1,5004.0998,5004.0998,False,0.625,"{""inversion_rho"":null,""inversion_channel"":21.0,""period_ms"":9.549856185913086}"
196577,1,5010.3998,5010.3998,False,1.0,"{""inversion_rho"":null,""inversion_channel"":20.5,""period_ms"":9.549856185913086}"
196577,1,5016.5,5016.5,False,0.875,"{""inversion_rho"":null,""inversion_channel"":26.5,""period_ms"":9.549856185913086}"
196577,1,5028.1,5028.1,False,1.0,"{""inversion_rho"":null,""inversion_channel"":39.5,""period_ms"":9.549856185913086}"
196577,1,5039.1002,5039.1002,False,0.5,"{""inversion_rho"":null,""inversion_channel"":4.5,""period_ms"":9.549856185913086}"
196577,1,5046.2999,5046.2999,False,0.875,"{""inversion_rho"":null,""inversion_channel"":7.5,""period_ms"":9.549856185913086}"
196577,1,5057.2,5057.2,False,0.5,"{""inversion_rho"":null,""inversion_channel"":7.5,""period_ms"":9.549856185913086}"
196577,1,5067.9998,5067.9998,False,0.625,"{""inversion_rho"":null,""inversion_channel"":8.0,""period_ms"":9.549856185913086}"
196577,1,5085.7,5085.7,False,0.5,"{""inversion_rho"":null,""inversion_channel"":6.5,""period_ms"":9.549856185913086}"
196577,1,5101.9001,5101.9001,False,1.0,"{""inversion_rho"":null,""inversion_channel"":27.5,""period_ms"":9.549856185913086}"
196577,1,5109.6001,5109.6001,False,0.625,"{""inversion_rho"":null,""inversion_channel"":15.0,""period_ms"":9.549856185913086}"
196577,1,5118.5002,5118.5002,False,0.875,"{""inversion_rho"":null,""inversion_channel"":27.5,""period_ms"":9.549856185913086}"
196577,1,5126.2999,5126.2999,False,1.0,"{""inversion_rho"":null,""inversion_channel"":24.5,""period_ms"":9.549856185913086}"
196577,1,5139.4,5139.4,False,1.0,"{""inversion_rho"":null,""inversion_channel"":35.0,""period_ms"":9.549856185913086}"
196577,1,5153.5001,5153.5001,False,0.625,"{""inversion_rho"":null,""inversion_channel"":37.0,""period_ms"":9.549856185913086}"
196577,1,5166.8,5166.8,False,1.0,"{""inversion_rho"":null,""inversion_channel"":36.5,""period_ms"":9.549856185913086}"
196577,1,5174.3999,5174.3999,False,0.25,"{""inversion_rho"":null,""inversion_channel"":25.5,""period_ms"":9.549856185913086}"
196577,1,5184.2999,5184.2999,False,0.875,"{""inversion_rho"":null,""inversion_channel"":37.0,""period_ms"":9.549856185913086}"
196577,1,5192.9998,5192.9998,False,0.75,"{""inversion_rho"":null,""inversion_channel"":27.5,""period_ms"":9.549856185913086}"
196577,1,5198.7,5198.7,False,0.375,"{""inversion_rho"":null,""inversion_channel"":20.5,""period_ms"":9.549856185913086}"
196577,1,5210.1002,5210.1002,False,0.875,"{""inversion_rho"":null,""inversion_channel"":27.5,""period_ms"":9.549856185913086}"
196577,1,5222.3001,5222.3001,False,1.0,"{""inversion_rho"":null,""inversion_channel"":27.5,""period_ms"":9.549856185913086}"
196577,1,5237.0,5237.0,False,1.0,"{""inversion_rho"":null,""inversion_channel"":27.5,""period_ms"":9.549856185913086}"
196577,1,5245.6002,5245.6002,False,0.75,"{""inversion_rho"":null,""inversion_channel"":21.5,""period_ms"":9.549856185913086}"
196577,1,5258.2998,5258.2998,False,0.375,"{""inversion_rho"":null,""inversion_channel"":5.0,""period_ms"":9.549856185913086}"
196577,1,5267.7999,5267.7999,False,0.25,"{""inversion_rho"":null,""inversion_channel"":22.5,""period_ms"":9.549856185913086}"
196577,1,5273.2,5273.2,False,1.0,"{""inversion_rho"":null,""inversion_channel"":27.5,""period_ms"":9.549856185913086}"
196577,1,5286.6998,5286.6998,False,0.875,"{""inversion_rho"":null,""inversion_channel"":8.0,""period_ms"":9.549856185913086}"
196577,1,5293.7999,5293.7999,False,1.0,"{""inversion_rho"":null,""inversion_channel"":34.5,""period_ms"":9.549856185913086}"
196577,1,5299.6998,5299.6998,False,0.75,"{""inversion_rho"":null,""inversion_channel"":20.5,""period_ms"":9.549856185913086}"
196577,1,5313.0999,5313.0999,False,0.5,"{""inversion_rho"":null,""inversion_channel"":4.5,""period_ms"":9.549856185913086}"
196577,1,5327.6,5327.6,False,0.875,"{""inversion_rho"":null,""inversion_channel"":25.5,""period_ms"":9.549856185913086}"
196577,1,5344.5001,5344.5001,False,0.5,"{""inversion_rho"":null,""inversion_channel"":8.5,""period_ms"":9.549856185913086}"
196577,1,5355.9999,5355.9999,False,0.5,"{""inversion_rho"":null,""inversion_channel"":27.5,""period_ms"":9.549856185913086}"
196577,1,5362.7,5362.7,False,0.5,"{""inversion_rho"":null,""inversion_channel"":22.5,""period_ms"":9.549856185913086}"
196577,1,5372.7002,5372.7002,False,1.0,"{""inversion_rho"":null,""inversion_channel"":7.5,""period_ms"":9.549856185913086}"
196577,1,5381.3,5381.3,False,1.0,"{""inversion_rho"":null,""inversion_channel"":27.5,""period_ms"":9.549856185913086}"
196577,1,5395.4,5395.4,False,0.25,"{""inversion_rho"":null,""inversion_channel"":20.5,""period_ms"":9.549856185913086}"
196577,1,5407.7001,5407.7001,False,0.25,"{""inversion_rho"":null,""inversion_channel"":7.0,""period_ms"":9.549856185913086}"
196577,1,5414.7,5414.7,False,1.0,"{""inversion_rho"":null,""inversion_channel"":27.5,""period_ms"":9.549856185913086}"
196577,1,5420.4001,5420.4001,False,0.625,"{""inversion_rho"":null,""inversion_channel"":9.0,""period_ms"":9.549856185913086}"
196577,1,5429.9998,5429.9998,False,0.625,"{""inversion_rho"":null,""inversion_channel"":27.5,""period_ms"":9.549856185913086}"
196577,1,5446.6,5446.6,False,0.625,"{""inversion_rho"":null,""inversion_channel"":27.5,""period_ms"":9.549856185913086}"
196577,1,5453.8002,5453.8002,False,0.625,"{""inversion_rho"":null,""inversion_channel"":7.5,""period_ms"":9.549856185913086}"
196577,1,5462.6002,5462.6002,False,0.5,"{""inversion_rho"":null,""inversion_channel"":39.5,""period_ms"":9.549856185913086}"
196577,1,5470.6998,5470.6998,False,0.625,"{""inversion_rho"":null,""inversion_channel"":37.5,""period_ms"":9.549856185913086}"
196577,1,5476.5,5476.5,False,1.0,"{""inversion_rho"":null,""inversion_channel"":39.5,""period_ms"":9.549856185913086}"
196577,1,5490.3998,5490.3998,False,0.5,"{""inversion_rho"":null,""inversion_channel"":36.5,""period_ms"":9.549856185913086}"
196577,1,5499.1002,5499.1002,False,0.5,"{""inversion_rho"":null,""inversion_channel"":39.5,""period_ms"":9.549856185913086}"
196577,1,5507.7,5507.7,False,0.75,"{""inversion_rho"":null,""inversion_channel"":7.5,""period_ms"":9.549856185913086}"
196577,1,5519.8998,5519.8998,False,0.25,"{""inversion_rho"":null,""inversion_channel"":25.0,""period_ms"":9.549856185913086}"
196577,1,5530.3001,5530.3001,False,1.0,"{""inversion_rho"":null,""inversion_channel"":27.5,""period_ms"":9.549856185913086}"
196577,1,5536.7999,5536.7999,False,0.75,"{""inversion_rho"":null,""inversion_channel"":27.5,""period_ms"":9.549856185913086}"
196577,1,5552.1998,5552.1998,False,1.0,"{""inversion_rho"":null,""inversion_channel"":27.5,""period_ms"":9.549856185913086}"
196577,1,5563.7002,5563.7002,False,0.875,"{""inversion_rho"":null,""inversion_channel"":26.5,""period_ms"":9.549856185913086}"
196577,1,5571.4002,5571.4002,False,0.75,"{""inversion_rho"":null,""inversion_channel"":8.5,""period_ms"":9.549856185913086}"
196577,1,5595.6001,5595.6001,False,0.875,"{""inversion_rho"":null,""inversion_channel"":27.5,""period_ms"":null}"
196577,1,5601.6002,5601.6002,False,0.375,"{""inversion_rho"":null,""inversion_channel"":23.5,""period_ms"":null}"
196577,1,5621.5,5621.5,False,0.875,"{""inversion_rho"":null,""inversion_channel"":18.5,""period_ms"":10.499954223632812}"
196577,1,5628.3998,5628.3998,False,1.0,"{""inversion_rho"":null,""inversion_channel"":22.0,""period_ms"":10.499954223632812}"
196577,1,5637.4998,5637.4998,False,1.0,"{""inversion_rho"":null,""inversion_channel"":37.0,""period_ms"":10.499954223632812}"
196577,1,5650.0001,5650.0001,False,0.625,"{""inversion_rho"":null,""inversion_channel"":25.5,""period_ms"":10.499954223632812}"
196577,1,5659.2002,5659.2002,False,0.375,"{""inversion_rho"":null,""inversion_channel"":25.5,""period_ms"":10.499954223632812}"
196577,1,5669.4999,5669.4999,False,1.0,"{""inversion_rho"":null,""inversion_channel"":8.0,""period_ms"":10.499954223632812}"
196577,1,5675.7998,5675.7998,False,1.0,"{""inversion_rho"":null,""inversion_channel"":26.5,""period_ms"":10.499954223632812}"
196577,1,5689.6,5689.6,False,0.625,"{""inversion_rho"":null,""inversion_channel"":20.5,""period_ms"":10.499954223632812}"
196577,1,5700.6001,5700.6001,False,0.25,"{""inversion_rho"":null,""inversion_channel"":22.5,""period_ms"":10.499954223632812}"
196577,1,5709.0001,5709.0001,False,1.0,"{""inversion_rho"":null,""inversion_channel"":7.0,""period_ms"":10.499954223632812}"
196577,1,5717.9999,5717.9999,False,0.375,"{""inversion_rho"":null,""inversion_channel"":27.5,""period_ms"":10.499954223632812}"
196577,1,5725.2998,5725.2998,False,1.0,"{""inversion_rho"":null,""inversion_channel"":27.5,""period_ms"":10.499954223632812}"
196577,1,5734.0999,5734.0999,False,0.75,"{""inversion_rho"":null,""inversion_channel"":19.5,""period_ms"":10.499954223632812}"
196577,1,5745.8,5745.8,False,0.5,"{""inversion_rho"":null,""inversion_channel"":8.0,""period_ms"":10.499954223632812}"
196577,1,5753.3998,5753.3998,False,0.75,"{""inversion_rho"":null,""inversion_channel"":19.0,""period_ms"":10.499954223632812}"
196577,1,5765.6999,5765.6999,False,1.0,"{""inversion_rho"":null,""inversion_channel"":37.5,""period_ms"":10.499954223632812}"
196577,1,5775.7001,5775.7001,False,1.0,"{""inversion_rho"":null,""inversion_channel"":36.5,""period_ms"":10.499954223632812}"
196577,1,5785.1,5785.1,False,1.0,"{""inversion_rho"":null,""inversion_channel"":37.0,""period_ms"":10.499954223632812}"
196577,1,5796.8001,5796.8001,False,0.875,"{""inversion_rho"":null,""inversion_channel"":22.5,""period_ms"":10.499954223632812}"
196577,1,5810.1001,5810.1001,False,1.0,"{""inversion_rho"":null,""inversion_channel"":7.0,""period_ms"":10.499954223632812}"
196577,1,5822.8998,5822.8998,False,1.0,"{""inversion_rho"":null,""inversion_channel"":7.5,""period_ms"":10.499954223632812}"
196577,1,5833.9,5833.9,False,1.0,"{""inversion_rho"":null,""inversion_channel"":27.5,""period_ms"":10.499954223632812}"
196577,1,5841.5999,5841.5999,False,0.875,"{""inversion_rho"":null,""inversion_channel"":27.5,""period_ms"":10.499954223632812}"
196577,1,5850.2998,5850.2998,False,1.0,"{""inversion_rho"":null,""inversion_channel"":7.0,""period_ms"":10.499954223632812}"
196577,1,5862.2999,5862.2999,False,0.75,"{""inversion_rho"":null,""inversion_channel"":5.5,""period_ms"":10.499954223632812}"
196577,1,5873.7001,5873.7001,False,1.0,"{""inversion_rho"":null,""inversion_channel"":8.5,""period_ms"":10.499954223632812}"
196577,1,5883.2002,5883.2002,False,1.0,"{""inversion_rho"":null,""inversion_channel"":27.5,""period_ms"":10.499954223632812}"
196577,1,5892.2,5892.2,False,0.875,"{""inversion_rho"":null,""inversion_channel"":7.0,""period_ms"":10.499954223632812}"
196577,1,5905.7999,5905.7999,False,1.0,"{""inversion_rho"":null,""inversion_channel"":37.5,""period_ms"":10.499954223632812}"
196577,1,5922.4,5922.4,False,0.75,"{""inversion_rho"":null,""inversion_channel"":19.5,""period_ms"":10.499954223632812}"
196577,1,5934.8001,5934.8001,False,1.0,"{""inversion_rho"":null,""inversion_channel"":21.0,""period_ms"":10.499954223632812}"
196577,1,5944.2,5944.2,False,0.5,"{""inversion_rho"":null,""inversion_channel"":27.0,""period_ms"":10.499954223632812}"
196577,1,5955.4,5955.4,False,1.0,"{""inversion_rho"":null,""inversion_channel"":24.5,""period_ms"":10.499954223632812}"
196577,1,5965.8999,5965.8999,False,0.75,"{""inversion_rho"":null,""inversion_channel"":8.0,""period_ms"":10.499954223632812}"
196577,1,5977.2,5977.2,False,0.5,"{""inversion_rho"":null,""inversion_channel"":13.5,""period_ms"":10.499954223632812}"
196577,1,5988.6999,5988.6999,False,0.875,"{""inversion_rho"":null,""inversion_channel"":27.5,""period_ms"":10.499954223632812}"
196577,1,6001.6999,6001.6999,False,1.0,"{""inversion_rho"":null,""inversion_channel"":4.5,""period_ms"":10.499954223632812}"
196577,1,6015.1,6015.1,False,1.0,"{""inversion_rho"":null,""inversion_channel"":24.5,""period_ms"":10.499954223632812}"
196577,1,6024.4999,6024.4999,False,1.0,"{""inversion_rho"":null,""inversion_channel"":8.0,""period_ms"":10.499954223632812}"
196577,1,6032.4998,6032.4998,False,0.375,"{""inversion_rho"":null,""inversion_channel"":2.5,""period_ms"":10.499954223632812}"
196577,1,6039.5999,6039.5999,False,0.5,"{""inversion_rho"":null,""inversion_channel"":27.5,""period_ms"":10.499954223632812}"
196577,1,6053.8001,6053.8001,False,1.0,"{""inversion_rho"":null,""inversion_channel"":18.5,""period_ms"":10.499954223632812}"
196577,1,6064.7998,6064.7998,False,1.0,"{""inversion_rho"":null,""inversion_channel"":25.5,""period_ms"":10.499954223632812}"
196577,1,6075.3999,6075.3999,False,1.0,"{""inversion_rho"":null,""inversion_channel"":39.5,""period_ms"":10.499954223632812}"
196577,1,6085.1998,6085.1998,False,0.375,"{""inversion_rho"":null,""inversion_channel"":27.5,""period_ms"":10.499954223632812}"
196577,1,6091.1999,6091.1999,False,1.0,"{""inversion_rho"":null,""inversion_channel"":27.5,""period_ms"":10.499954223632812}"
196577,1,6098.1002,6098.1002,False,1.0,"{""inversion_rho"":null,""inversion_channel"":27.5,""period_ms"":10.499954223632812}"
196577,1,6111.4001,6111.4001,False,0.875,"{""inversion_rho"":null,""inversion_channel"":6.5,""period_ms"":10.499954223632812}"
196577,1,6124.1999,6124.1999,False,0.875,"{""inversion_rho"":null,""inversion_channel"":7.5,""period_ms"":10.499954223632812}"
196577,1,6132.8001,6132.8001,False,0.75,"{""inversion_rho"":null,""inversion_channel"":7.5,""period_ms"":10.499954223632812}"
196577,1,76.3,97.1,True,1.0,"{""inversion_rho"":null,""inversion_channel"":37.5,""period_ms"":10.399997234344482}"
196577,1,1040.3,1761.8001,True,1.0,"{""inversion_rho"":null,""inversion_channel"":27.5,""period_ms"":17.799973487854004}"
196577,1,1781.1,2170.7001,True,1.0,"{""inversion_rho"":null,""inversion_channel"":29.5,""period_ms"":31.15004301071167}"
196577,1,2176.8,2237.6001,True,1.0,"{""inversion_rho"":null,""inversion_channel"":19.5,""period_ms"":15.30003547668457}"
196577,1,2242.8,2519.1,True,1.0,"{""inversion_rho"":null,""inversion_channel"":23.0,""period_ms"":9.599924087524414}"
196577,1,2525.3999,2641.5999,True,1.0,"{""inversion_rho"":null,""inversion_channel"":30.0,""period_ms"":7.800102233886719}"
196577,1,2692.5001,2760.5,True,1.0,"{""inversion_rho"":null,""inversion_channel"":38.75,""period_ms"":11.700153350830078}"
196577,1,2765.8,2946.1,True,1.0,"{""inversion_rho"":null,""inversion_channel"":21.5,""period_ms"":10.299921035766602}"
196577,1,2976.3999,3092.4001,True,1.0,"{""inversion_rho"":null,""inversion_channel"":27.5,""period_ms"":9.200096130371094}"
196577,1,3145.4999,3231.6999,True,1.0,"{""inversion_rho"":null,""inversion_channel"":8.5,""period_ms"":9.999990463256836}"
196577,1,3253.0999,3342.7999,True,1.0,"{""inversion_rho"":null,""inversion_channel"":25.5,""period_ms"":10.34998893737793}"
196577,1,3374.7001,3504.9,True,1.0,"{""inversion_rho"":null,""inversion_channel"":18.75,""period_ms"":13.499975204467773}"
196577,1,3532.9001,3780.6001,True,1.0,"{""inversion_rho"":null,""inversion_channel"":19.5,""period_ms"":15.450000762939453}"
196577,1,3795.3,3815.5999,True,1.0,"{""inversion_rho"":null,""inversion_channel"":21.5,""period_ms"":10.149955749511719}"
196577,1,3878.0,3919.8,True,1.0,"{""inversion_rho"":null,""inversion_channel"":30.0,""period_ms"":12.199878692626953}"
196577,1,3949.1,4007.9002,True,1.0,"{""inversion_rho"":null,""inversion_channel"":24.5,""period_ms"":14.600038528442383}"
196577,1,4014.9002,4132.1001,True,1.0,"{""inversion_rho"":null,""inversion_channel"":25.5,""period_ms"":12.1002197265625}"
196577,1,4153.6002,4314.6,True,1.0,"{""inversion_rho"":null,""inversion_channel"":22.0,""period_ms"":13.249874114990234}"
196577,1,4376.9999,4667.2001,True,1.0,"{""inversion_rho"":null,""inversion_channel"":20.0,""period_ms"":12.599945068359375}"
196577,1,4674.2001,4813.0999,True,1.0,"{""inversion_rho"":null,""inversion_channel"":25.5,""period_ms"":9.399890899658203}"
196577,1,4829.5002,4933.5999,True,1.0,"{""inversion_rho"":null,""inversion_channel"":27.5,""period_ms"":12.799739837646484}"
196577,1,4964.0002,5571.4002,True,1.0,"{""inversion_rho"":null,""inversion_channel"":25.5,""period_ms"":9.549856185913086}"
196577,1,5621.5,6132.8001,True,1.0,"{""inversion_rho"":null,""inversion_channel"":22.25,""period_ms"":10.499954223632812}"
196627,1,52.0,52.0,False,0.25,"{""inversion_rho"":null,""inversion_channel"":29.0,""period_ms"":null}"
196627,1,78.9,78.9,False,0.75,"{""inversion_rho"":null,""inversion_channel"":28.5,""period_ms"":null}"
196627,1,1048.8,1048.8,False,1.0,"{""inversion_rho"":null,""inversion_channel"":19.5,""period_ms"":17.00007915496826}"
196627,1,1065.2,1065.2,False,1.0,"{""inversion_rho"":null,""inversion_channel"":21.5,""period_ms"":17.00007915496826}"
196627,1,1078.4,1078.4,False,1.0,"{""inversion_rho"":null,""inversion_channel"":21.5,""period_ms"":17.00007915496826}"
196627,1,1089.7,1089.7,False,1.0,"{""inversion_rho"":null,""inversion_channel"":21.5,""period_ms"":17.00007915496826}"
196627,1,1105.9999,1105.9999,False,0.25,"{""inversion_rho"":null,""inversion_channel"":22.0,""period_ms"":17.00007915496826}"
196627,1,1129.4,1129.4,False,1.0,"{""inversion_rho"":null,""inversion_channel"":22.5,""period_ms"":17.00007915496826}"
196627,1,1145.7,1145.7,False,1.0,"{""inversion_rho"":null,""inversion_channel"":22.0,""period_ms"":17.00007915496826}"
196627,1,1161.0,1161.0,False,1.0,"{""inversion_rho"":null,""inversion_channel"":23.5,""period_ms"":17.00007915496826}"
196627,1,1175.2,1175.2,False,1.0,"{""inversion_rho"":null,""inversion_channel"":23.5,""period_ms"":17.00007915496826}"
196627,1,1188.0,1188.0,False,1.0,"{""inversion_rho"":null,""inversion_channel"":23.5,""period_ms"":17.00007915496826}"
196627,1,1205.0,1205.0,False,1.0,"{""inversion_rho"":null,""inversion_channel"":23.5,""period_ms"":17.00007915496826}"
196627,1,1227.9,1227.9,False,1.0,"{""inversion_rho"":null,""inversion_channel"":24.0,""period_ms"":17.00007915496826}"
196627,1,1249.9,1249.9,False,1.0,"{""inversion_rho"":null,""inversion_channel"":24.5,""period_ms"":17.00007915496826}"
196627,1,1266.8,1266.8,False,1.0,"{""inversion_rho"":null,""inversion_channel"":25.5,""period_ms"":17.00007915496826}"
196627,1,1284.4,1284.4,False,1.0,"{""inversion_rho"":null,""inversion_channel"":25.5,""period_ms"":17.00007915496826}"
196627,1,1303.5001,1303.5001,False,1.0,"{""inversion_rho"":null,""inversion_channel"":27.0,""period_ms"":17.00007915496826}"
196627,1,1324.6,1324.6,False,1.0,"{""inversion_rho"":null,""inversion_channel"":26.5,""period_ms"":17.00007915496826}"
196627,1,1344.4,1344.4,False,1.0,"{""inversion_rho"":null,""inversion_channel"":27.5,""period_ms"":17.00007915496826}"
196627,1,1360.9,1360.9,False,1.0,"{""inversion_rho"":null,""inversion_channel"":27.5,""period_ms"":17.00007915496826}"
196627,1,1376.0,1376.0,False,1.0,"{""inversion_rho"":null,""inversion_channel"":27.5,""period_ms"":17.00007915496826}"
196627,1,1399.9,1399.9,False,1.0,"{""inversion_rho"":null,""inversion_channel"":27.5,""period_ms"":17.00007915496826}"
196627,1,1424.4,1424.4,False,1.0,"{""inversion_rho"":null,""inversion_channel"":27.5,""period_ms"":17.00007915496826}"
196627,1,1445.4,1445.4,False,1.0,"{""inversion_rho"":null,""inversion_channel"":27.5,""period_ms"":17.00007915496826}"
196627,1,1462.9,1462.9,False,1.0,"{""inversion_rho"":null,""inversion_channel"":28.0,""period_ms"":17.00007915496826}"
196627,1,1477.8,1477.8,False,1.0,"{""inversion_rho"":null,""inversion_channel"":29.5,""period_ms"":17.00007915496826}"
196627,1,1493.6,1493.6,False,1.0,"{""inversion_rho"":null,""inversion_channel"":29.5,""period_ms"":17.00007915496826}"
196627,1,1509.9,1509.9,False,1.0,"{""inversion_rho"":null,""inversion_channel"":1.5,""period_ms"":17.00007915496826}"
196627,1,1520.3,1520.3,False,1.0,"{""inversion_rho"":null,""inversion_channel"":28.5,""period_ms"":17.00007915496826}"
196627,1,1544.6,1544.6,False,1.0,"{""inversion_rho"":null,""inversion_channel"":29.5,""period_ms"":17.00007915496826}"
196627,1,1556.7,1556.7,False,1.0,"{""inversion_rho"":null,""inversion_channel"":29.5,""period_ms"":17.00007915496826}"
196627,1,1577.8,1577.8,False,1.0,"{""inversion_rho"":null,""inversion_channel"":28.5,""period_ms"":17.00007915496826}"
196627,1,1595.8,1595.8,False,1.0,"{""inversion_rho"":null,""inversion_channel"":30.5,""period_ms"":17.00007915496826}"
196627,1,1614.1,1614.1,False,0.875,"{""inversion_rho"":null,""inversion_channel"":29.5,""period_ms"":17.00007915496826}"
196627,1,1633.7,1633.7,False,1.0,"{""inversion_rho"":null,""inversion_channel"":30.5,""period_ms"":17.00007915496826}"
196627,1,1650.9,1650.9,False,1.0,"{""inversion_rho"":null,""inversion_channel"":1.5,""period_ms"":17.00007915496826}"
196627,1,1661.9,1661.9,False,1.0,"{""inversion_rho"":null,""inversion_channel"":30.5,""period_ms"":17.00007915496826}"
196627,1,1682.2,1682.2,False,1.0,"{""inversion_rho"":null,""inversion_channel"":30.5,""period_ms"":17.00007915496826}"
196627,1,1697.1,1697.1,False,1.0,"{""inversion_rho"":null,""inversion_channel"":31.5,""period_ms"":17.00007915496826}"
196627,1,1712.9,1712.9,False,1.0,"{""inversion_rho"":null,""inversion_channel"":29.5,""period_ms"":17.00007915496826}"
196627,1,1732.2,1732.2,False,1.0,"{""inversion_rho"":null,""inversion_channel"":30.5,""period_ms"":17.00007915496826}"
196627,1,1751.3,1751.3,False,1.0,"{""inversion_rho"":null,""inversion_channel"":31.0,""period_ms"":17.00007915496826}"
196627,1,1759.6999,1759.6999,False,1.0,"{""inversion_rho"":null,""inversion_channel"":30.5,""period_ms"":17.00007915496826}"
196627,1,1781.4,1781.4,False,1.0,"{""inversion_rho"":null,""inversion_channel"":31.0,""period_ms"":15.900015830993652}"
196627,1,1796.0,1796.0,False,1.0,"{""inversion_rho"":null,""inversion_channel"":31.5,""period_ms"":15.900015830993652}"
196627,1,1811.8,1811.8,False,1.0,"{""inversion_rho"":null,""inversion_channel"":30.5,""period_ms"":15.900015830993652}"
196627,1,1832.7,1832.7,False,1.0,"{""inversion_rho"":null,""inversion_channel"":30.0,""period_ms"":15.900015830993652}"
196627,1,1851.3,1851.3,False,1.0,"{""inversion_rho"":null,""inversion_channel"":31.0,""period_ms"":15.900015830993652}"
196627,1,1867.2,1867.2,False,1.0,"{""inversion_rho"":null,""inversion_channel"":29.5,""period_ms"":15.900015830993652}"
196627,1,1915.9,1915.9,False,1.0,"{""inversion_rho"":null,""inversion_channel"":29.5,""period_ms"":15.900015830993652}"
196627,1,1935.4,1935.4,False,0.75,"{""inversion_rho"":null,""inversion_channel"":22.0,""period_ms"":15.900015830993652}"
196627,1,1951.3,1951.3,False,0.5,"{""inversion_rho"":null,""inversion_channel"":40.5,""period_ms"":15.900015830993652}"
196627,1,1960.6,1960.6,False,1.0,"{""inversion_rho"":null,""inversion_channel"":29.0,""period_ms"":15.900015830993652}"
196627,1,1993.4,1993.4,False,1.0,"{""inversion_rho"":null,""inversion_channel"":29.5,""period_ms"":null}"
196627,1,2037.1001,2037.1001,False,1.0,"{""inversion_rho"":null,""inversion_channel"":30.0,""period_ms"":null}"
196627,1,2051.8999,2051.8999,False,1.0,"{""inversion_rho"":null,""inversion_channel"":26.0,""period_ms"":35.20011901855469}"
196627,1,2079.4001,2079.4001,False,1.0,"{""inversion_rho"":null,""inversion_channel"":29.5,""period_ms"":35.20011901855469}"
196627,1,2130.3,2130.3,False,1.0,"{""inversion_rho"":null,""inversion_channel"":30.0,""period_ms"":35.20011901855469}"
196627,1,2175.6001,2175.6001,False,1.0,"{""inversion_rho"":null,""inversion_channel"":29.0,""period_ms"":35.20011901855469}"
196627,1,2228.6,2228.6,False,1.0,"{""inversion_rho"":null,""inversion_channel"":28.5,""period_ms"":35.20011901855469}"
196627,1,2252.1,2252.1,False,1.0,"{""inversion_rho"":null,""inversion_channel"":23.5,""period_ms"":35.20011901855469}"
196627,1,2295.0001,2295.0001,False,1.0,"{""inversion_rho"":null,""inversion_channel"":11.5,""period_ms"":35.20011901855469}"
196627,1,2312.5,2312.5,False,1.0,"{""inversion_rho"":null,""inversion_channel"":13.5,""period_ms"":35.20011901855469}"
196627,1,2339.5,2339.5,False,1.0,"{""inversion_rho"":null,""inversion_channel"":20.5,""period_ms"":35.20011901855469}"
196627,1,2348.0,2348.0,False,1.0,"{""inversion_rho"":null,""inversion_channel"":20.5,""period_ms"":7.999897003173828}"
196627,1,2356.2,2356.2,False,1.0,"{""inversion_rho"":null,""inversion_channel"":22.5,""period_ms"":7.999897003173828}"
196627,1,2363.8,2363.8,False,1.0,"{""inversion_rho"":null,""inversion_channel"":21.5,""period_ms"":7.999897003173828}"
196627,1,2372.0,2372.0,False,1.0,"{""inversion_rho"":null,""inversion_channel"":22.5,""period_ms"":7.999897003173828}"
196627,1,2377.3,2377.3,False,1.0,"{""inversion_rho"":null,""inversion_channel"":23.5,""period_ms"":7.999897003173828}"
196627,1,2383.5001,2383.5001,False,0.75,"{""inversion_rho"":null,""inversion_channel"":22.5,""period_ms"":7.999897003173828}"
196627,1,2388.9,2388.9,False,0.375,"{""inversion_rho"":null,""inversion_channel"":39.5,""period_ms"":7.999897003173828}"
196627,1,2395.9,2395.9,False,1.0,"{""inversion_rho"":null,""inversion_channel"":25.5,""period_ms"":7.999897003173828}"
196627,1,2405.9,2405.9,False,1.0,"{""inversion_rho"":null,""inversion_channel"":25.5,""period_ms"":7.999897003173828}"
196627,1,2412.3001,2412.3001,False,1.0,"{""inversion_rho"":null,""inversion_channel"":27.5,""period_ms"":7.999897003173828}"
196627,1,2418.9999,2418.9999,False,1.0,"{""inversion_rho"":null,""inversion_channel"":27.5,""period_ms"":7.999897003173828}"
196627,1,2429.8,2429.8,False,1.0,"{""inversion_rho"":null,""inversion_channel"":32.5,""period_ms"":7.999897003173828}"
196627,1,2437.3,2437.3,False,0.25,"{""inversion_rho"":null,""inversion_channel"":27.5,""period_ms"":7.999897003173828}"
196627,1,2450.0999,2450.0999,False,0.25,"{""inversion_rho"":null,""inversion_channel"":26.5,""period_ms"":7.999897003173828}"
196627,1,2459.3,2459.3,False,1.0,"{""inversion_rho"":null,""inversion_channel"":26.5,""period_ms"":7.999897003173828}"
196627,1,2467.2999,2467.2999,False,1.0,"{""inversion_rho"":null,""inversion_channel"":28.5,""period_ms"":7.999897003173828}"
196627,1,2475.4,2475.4,False,1.0,"{""inversion_rho"":null,""inversion_channel"":28.5,""period_ms"":7.999897003173828}"
196627,1,2487.0999,2487.0999,False,1.0,"{""inversion_rho"":null,""inversion_channel"":29.0,""period_ms"":7.999897003173828}"
196627,1,2499.1,2499.1,False,1.0,"{""inversion_rho"":null,""inversion_channel"":29.5,""period_ms"":7.999897003173828}"
196627,1,2514.1001,2514.1001,False,1.0,"{""inversion_rho"":null,""inversion_channel"":30.5,""period_ms"":7.999897003173828}"
196627,1,2520.9,2520.9,False,1.0,"{""inversion_rho"":null,""inversion_channel"":30.5,""period_ms"":7.999897003173828}"
196627,1,2528.1,2528.1,False,0.875,"{""inversion_rho"":null,""inversion_channel"":12.0,""period_ms"":7.999897003173828}"
196627,1,2535.0001,2535.0001,False,1.0,"{""inversion_rho"":null,""inversion_channel"":31.0,""period_ms"":7.999897003173828}"
196627,1,2540.6001,2540.6001,False,0.25,"{""inversion_rho"":null,""inversion_channel"":10.0,""period_ms"":7.999897003173828}"
196627,1,2549.0999,2549.0999,False,1.0,"{""inversion_rho"":null,""inversion_channel"":34.5,""period_ms"":7.999897003173828}"
196627,1,2557.6,2557.6,False,1.0,"{""inversion_rho"":null,""inversion_channel"":30.0,""period_ms"":7.999897003173828}"
196627,1,2566.0,2566.0,False,1.0,"{""inversion_rho"":null,""inversion_channel"":30.0,""period_ms"":7.999897003173828}"
196627,1,2572.9001,2572.9001,False,1.0,"{""inversion_rho"":null,""inversion_channel"":29.5,""period_ms"":7.999897003173828}"
196627,1,2582.7,2582.7,False,1.0,"{""inversion_rho"":null,""inversion_channel"":30.5,""period_ms"":7.999897003173828}"
196627,1,2590.1999,2590.1999,False,1.0,"{""inversion_rho"":null,""inversion_channel"":31.5,""period_ms"":7.999897003173828}"
196627,1,2598.5999,2598.5999,False,1.0,"{""inversion_rho"":null,""inversion_channel"":30.5,""period_ms"":7.999897003173828}"
196627,1,2610.6999,2610.6999,False,1.0,"{""inversion_rho"":null,""inversion_channel"":31.5,""period_ms"":7.999897003173828}"
196627,1,2622.2,2622.2,False,1.0,"{""inversion_rho"":null,""inversion_channel"":31.5,""period_ms"":7.999897003173828}"
196627,1,2628.7,2628.7,False,1.0,"{""inversion_rho"":null,""inversion_channel"":30.5,""period_ms"":7.999897003173828}"
196627,1,2635.2999,2635.2999,False,1.0,"{""inversion_rho"":null,""inversion_channel"":31.5,""period_ms"":7.999897003173828}"
196627,1,2643.5001,2643.5001,False,1.0,"{""inversion_rho"":null,""inversion_channel"":19.0,""period_ms"":7.999897003173828}"
196627,1,2653.5001,2653.5001,False,1.0,"{""inversion_rho"":null,""inversion_channel"":31.5,""period_ms"":7.999897003173828}"
196627,1,2661.7,2661.7,False,1.0,"{""inversion_rho"":null,""inversion_channel"":31.5,""period_ms"":7.999897003173828}"
196627,1,2671.6001,2671.6001,False,0.25,"{""inversion_rho"":null,""inversion_channel"":19.5,""period_ms"":7.999897003173828}"
196627,1,2676.8,2676.8,False,0.25,"{""inversion_rho"":null,""inversion_channel"":34.5,""period_ms"":7.999897003173828}"
196627,1,2682.8001,2682.8001,False,1.0,"{""inversion_rho"":null,""inversion_channel"":34.0,""period_ms"":7.999897003173828}"
196627,1,2693.5,2693.5,False,0.75,"{""inversion_rho"":null,""inversion_channel"":29.5,""period_ms"":7.999897003173828}"
196627,1,2706.0001,2706.0001,False,1.0,"{""inversion_rho"":null,""inversion_channel"":31.5,""period_ms"":7.999897003173828}"
196627,1,2717.2,2717.2,False,1.0,"{""inversion_rho"":null,""inversion_channel"":34.5,""period_ms"":7.999897003173828}"
196627,1,2726.7001,2726.7001,False,1.0,"{""inversion_rho"":null,""inversion_channel"":32.5,""period_ms"":7.999897003173828}"
196627,1,2737.2999,2737.2999,False,1.0,"{""inversion_rho"":null,""inversion_channel"":32.5,""period_ms"":7.999897003173828}"
196627,1,2749.3,2749.3,False,1.0,"{""inversion_rho"":null,""inversion_channel"":33.5,""period_ms"":7.999897003173828}"
196627,1,2758.8999,2758.8999,False,1.0,"{""inversion_rho"":null,""inversion_channel"":33.5,""period_ms"":7.999897003173828}"
196627,1,2767.9,2767.9,False,1.0,"{""inversion_rho"":null,""inversion_channel"":33.5,""period_ms"":7.999897003173828}"
196627,1,2774.6999,2774.6999,False,1.0,"{""inversion_rho"":null,""inversion_channel"":33.5,""period_ms"":7.999897003173828}"
196627,1,2781.6,2781.6,False,1.0,"{""inversion_rho"":null,""inversion_channel"":33.5,""period_ms"":7.999897003173828}"
196627,1,2788.0001,2788.0001,False,0.375,"{""inversion_rho"":null,""inversion_channel"":14.5,""period_ms"":7.999897003173828}"
196627,1,2793.2999,2793.2999,False,1.0,"{""inversion_rho"":null,""inversion_channel"":33.5,""period_ms"":7.999897003173828}"
196627,1,2799.5999,2799.5999,False,1.0,"{""inversion_rho"":null,""inversion_channel"":34.5,""period_ms"":7.999897003173828}"
196627,1,2808.3,2808.3,False,1.0,"{""inversion_rho"":null,""inversion_channel"":40.0,""period_ms"":7.999897003173828}"
196627,1,2818.0001,2818.0001,False,0.75,"{""inversion_rho"":null,""inversion_channel"":34.5,""period_ms"":7.999897003173828}"
196627,1,2829.7,2829.7,False,1.0,"{""inversion_rho"":null,""inversion_channel"":32.5,""period_ms"":7.999897003173828}"
196627,1,2836.0,2836.0,False,1.0,"{""inversion_rho"":null,""inversion_channel"":35.0,""period_ms"":7.999897003173828}"
196627,1,2845.4001,2845.4001,False,1.0,"{""inversion_rho"":null,""inversion_channel"":31.0,""period_ms"":7.999897003173828}"
196627,1,2859.0,2859.0,False,1.0,"{""inversion_rho"":null,""inversion_channel"":31.5,""period_ms"":7.999897003173828}"
196627,1,2869.6001,2869.6001,False,1.0,"{""inversion_rho"":null,""inversion_channel"":32.5,""period_ms"":7.999897003173828}"
196627,1,2876.1001,2876.1001,False,1.0,"{""inversion_rho"":null,""inversion_channel"":32.5,""period_ms"":7.999897003173828}"
196627,1,2881.5,2881.5,False,1.0,"{""inversion_rho"":null,""inversion_channel"":31.5,""period_ms"":7.999897003173828}"
196627,1,2888.0,2888.0,False,1.0,"{""inversion_rho"":null,""inversion_channel"":31.5,""period_ms"":7.999897003173828}"
196627,1,2893.8999,2893.8999,False,1.0,"{""inversion_rho"":null,""inversion_channel"":32.5,""period_ms"":7.999897003173828}"
196627,1,2899.1001,2899.1001,False,1.0,"{""inversion_rho"":null,""inversion_channel"":32.5,""period_ms"":7.999897003173828}"
196627,1,2904.5,2904.5,False,1.0,"{""inversion_rho"":null,""inversion_channel"":33.5,""period_ms"":7.999897003173828}"
196627,1,2912.9,2912.9,False,1.0,"{""inversion_rho"":null,""inversion_channel"":33.5,""period_ms"":7.999897003173828}"
196627,1,2919.5001,2919.5001,False,1.0,"{""inversion_rho"":null,""inversion_channel"":33.5,""period_ms"":7.999897003173828}"
196627,1,2930.8,2930.8,False,1.0,"{""inversion_rho"":null,""inversion_channel"":33.0,""period_ms"":7.999897003173828}"
196627,1,2936.1999,2936.1999,False,1.0,"{""inversion_rho"":null,""inversion_channel"":34.5,""period_ms"":7.999897003173828}"
196627,1,2941.2999,2941.2999,False,0.875,"{""inversion_rho"":null,""inversion_channel"":32.5,""period_ms"":7.999897003173828}"
196627,1,2948.0,2948.0,False,0.5,"{""inversion_rho"":null,""inversion_channel"":16.5,""period_ms"":7.999897003173828}"
196627,1,2959.8,2959.8,False,1.0,"{""inversion_rho"":null,""inversion_channel"":32.5,""period_ms"":7.999897003173828}"
196627,1,2965.5001,2965.5001,False,1.0,"{""inversion_rho"":null,""inversion_channel"":33.5,""period_ms"":7.999897003173828}"
196627,1,2974.1001,2974.1001,False,0.5,"{""inversion_rho"":null,""inversion_channel"":16.0,""period_ms"":7.999897003173828}"
196627,1,2980.0999,2980.0999,False,1.0,"{""inversion_rho"":null,""inversion_channel"":32.5,""period_ms"":7.999897003173828}"
196627,1,2987.9999,2987.9999,False,1.0,"{""inversion_rho"":null,""inversion_channel"":32.5,""period_ms"":7.999897003173828}"
196627,1,2994.9,2994.9,False,1.0,"{""inversion_rho"":null,""inversion_channel"":33.5,""period_ms"":7.999897003173828}"
196627,1,2999.9001,2999.9001,False,1.0,"{""inversion_rho"":null,""inversion_channel"":33.5,""period_ms"":7.999897003173828}"
196627,1,3020.0,3020.0,False,1.0,"{""inversion_rho"":null,""inversion_channel"":33.5,""period_ms"":5.99980354309082}"
196627,1,3026.2001,3026.2001,False,1.0,"{""inversion_rho"":null,""inversion_channel"":20.0,""period_ms"":5.99980354309082}"
196627,1,3032.7001,3032.7001,False,1.0,"{""inversion_rho"":null,""inversion_channel"":33.0,""period_ms"":5.99980354309082}"
196627,1,3038.1,3038.1,False,1.0,"{""inversion_rho"":null,""inversion_channel"":34.5,""period_ms"":5.99980354309082}"
196627,1,3043.7,3043.7,False,1.0,"{""inversion_rho"":null,""inversion_channel"":34.5,""period_ms"":5.99980354309082}"
196627,1,3054.6999,3054.6999,False,1.0,"{""inversion_rho"":null,""inversion_channel"":36.0,""period_ms"":5.99980354309082}"
196627,1,3060.1001,3060.1001,False,1.0,"{""inversion_rho"":null,""inversion_channel"":34.5,""period_ms"":5.99980354309082}"
196627,1,3066.0999,3066.0999,False,0.875,"{""inversion_rho"":null,""inversion_channel"":34.5,""period_ms"":5.99980354309082}"
196627,1,3084.5001,3084.5001,False,1.0,"{""inversion_rho"":null,""inversion_channel"":32.5,""period_ms"":null}"
196627,1,3090.1999,3090.1999,False,0.5,"{""inversion_rho"":null,""inversion_channel"":40.0,""period_ms"":null}"
196627,1,3124.1,3124.1,False,1.0,"{""inversion_rho"":null,""inversion_channel"":33.5,""period_ms"":23.10013771057129}"
196627,1,3147.2001,3147.2001,False,0.375,"{""inversion_rho"":null,""inversion_channel"":14.0,""period_ms"":23.10013771057129}"
196627,1,3170.5,3170.5,False,1.0,"{""inversion_rho"":null,""inversion_channel"":35.0,""period_ms"":23.10013771057129}"
196627,1,3183.8,3183.8,False,0.75,"{""inversion_rho"":null,""inversion_channel"":36.5,""period_ms"":23.10013771057129}"
196627,1,3188.9,3188.9,False,0.375,"{""inversion_rho"":null,""inversion_channel"":30.5,""period_ms"":41.94998741149902}"
196627,1,3232.8,3232.8,False,1.0,"{""inversion_rho"":null,""inversion_channel"":35.5,""period_ms"":41.94998741149902}"
196627,1,3272.8,3272.8,False,1.0,"{""inversion_rho"":null,""inversion_channel"":35.5,""period_ms"":41.94998741149902}"
196627,1,1048.8,1759.6999,True,1.0,"{""inversion_rho"":null,""inversion_channel"":27.5,""period_ms"":17.00007915496826}"
196627,1,1781.4,1867.2,True,1.0,"{""inversion_rho"":null,""inversion_channel"":30.75,""period_ms"":15.900015830993652}"
196627,1,1915.9,1960.6,True,1.0,"{""inversion_rho"":null,""inversion_channel"":29.25,""period_ms"":15.900015830993652}"
196627,1,2051.8999,2339.5,True,1.0,"{""inversion_rho"":null,""inversion_channel"":26.0,""period_ms"":35.20011901855469}"
196627,1,2348.0,2999.9001,True,1.0,"{""inversion_rho"":null,""inversion_channel"":31.5,""period_ms"":7.999897003173828}"
196627,1,3020.0,3066.0999,True,1.0,"{""inversion_rho"":null,""inversion_channel"":34.5,""period_ms"":5.99980354309082}"
196627,1,3124.1,3183.8,True,1.0,"{""inversion_rho"":null,""inversion_channel"":34.25,""period_ms"":23.10013771057129}"
196627,1,3188.9,3272.8,True,1.0,"{""inversion_rho"":null,""inversion_channel"":35.5,""period_ms"":41.94998741149902}"
196632,1,63.7,63.7,False,0.625,"{""inversion_rho"":null,""inversion_channel"":39.0,""period_ms"":null}"
196632,1,80.2,80.2,False,0.875,"{""inversion_rho"":null,""inversion_channel"":31.5,""period_ms"":null}"
196632,1,1046.6,1046.6,False,1.0,"{""inversion_rho"":null,""inversion_channel"":20.5,""period_ms"":17.799973487854004}"
196632,1,1062.3,1062.3,False,1.0,"{""inversion_rho"":null,""inversion_channel"":20.5,""period_ms"":17.799973487854004}"
196632,1,1075.0999,1075.0999,False,1.0,"{""inversion_rho"":null,""inversion_channel"":21.0,""period_ms"":17.799973487854004}"
196632,1,1090.0,1090.0,False,1.0,"{""inversion_rho"":null,""inversion_channel"":21.5,""period_ms"":17.799973487854004}"
196632,1,1111.9,1111.9,False,1.0,"{""inversion_rho"":null,""inversion_channel"":21.5,""period_ms"":17.799973487854004}"
196632,1,1133.5,1133.5,False,1.0,"{""inversion_rho"":null,""inversion_channel"":21.5,""period_ms"":17.799973487854004}"
196632,1,1155.2,1155.2,False,1.0,"{""inversion_rho"":null,""inversion_channel"":22.5,""period_ms"":17.799973487854004}"
196632,1,1173.0,1173.0,False,1.0,"{""inversion_rho"":null,""inversion_channel"":23.0,""period_ms"":17.799973487854004}"
196632,1,1190.8,1190.8,False,1.0,"{""inversion_rho"":null,""inversion_channel"":23.5,""period_ms"":17.799973487854004}"
196632,1,1206.4,1206.4,False,1.0,"{""inversion_rho"":null,""inversion_channel"":3.0,""period_ms"":17.799973487854004}"
196632,1,1218.1,1218.1,False,1.0,"{""inversion_rho"":null,""inversion_channel"":23.5,""period_ms"":17.799973487854004}"
196632,1,1241.1,1241.1,False,1.0,"{""inversion_rho"":null,""inversion_channel"":24.5,""period_ms"":17.799973487854004}"
196632,1,1256.5,1256.5,False,1.0,"{""inversion_rho"":null,""inversion_channel"":24.5,""period_ms"":17.799973487854004}"
196632,1,1268.7,1268.7,False,1.0,"{""inversion_rho"":null,""inversion_channel"":25.0,""period_ms"":17.799973487854004}"
196632,1,1294.8999,1294.8999,False,1.0,"{""inversion_rho"":null,""inversion_channel"":25.5,""period_ms"":17.799973487854004}"
196632,1,1315.8,1315.8,False,1.0,"{""inversion_rho"":null,""inversion_channel"":27.5,""period_ms"":17.799973487854004}"
196632,1,1333.6999,1333.6999,False,1.0,"{""inversion_rho"":null,""inversion_channel"":27.5,""period_ms"":17.799973487854004}"
196632,1,1366.6,1366.6,False,1.0,"{""inversion_rho"":null,""inversion_channel"":27.5,""period_ms"":17.799973487854004}"
196632,1,1386.8001,1386.8001,False,0.875,"{""inversion_rho"":null,""inversion_channel"":2.5,""period_ms"":17.799973487854004}"
196632,1,1401.9001,1401.9001,False,1.0,"{""inversion_rho"":null,""inversion_channel"":27.5,""period_ms"":17.799973487854004}"
196632,1,1429.4,1429.4,False,1.0,"{""inversion_rho"":null,""inversion_channel"":27.5,""period_ms"":17.799973487854004}"
196632,1,1447.7,1447.7,False,1.0,"{""inversion_rho"":null,""inversion_channel"":28.0,""period_ms"":17.799973487854004}"
196632,1,1460.8001,1460.8001,False,1.0,"{""inversion_rho"":null,""inversion_channel"":28.5,""period_ms"":17.799973487854004}"
196632,1,1483.2,1483.2,False,1.0,"{""inversion_rho"":null,""inversion_channel"":29.0,""period_ms"":17.799973487854004}"
196632,1,1501.5,1501.5,False,1.0,"{""inversion_rho"":null,""inversion_channel"":29.5,""period_ms"":17.799973487854004}"
196632,1,1522.5,1522.5,False,1.0,"{""inversion_rho"":null,""inversion_channel"":28.0,""period_ms"":17.799973487854004}"
196632,1,1543.3,1543.3,False,1.0,"{""inversion_rho"":null,""inversion_channel"":28.5,""period_ms"":17.799973487854004}"
196632,1,1559.1,1559.1,False,1.0,"{""inversion_rho"":null,""inversion_channel"":29.5,""period_ms"":17.799973487854004}"
196632,1,1573.2,1573.2,False,1.0,"{""inversion_rho"":null,""inversion_channel"":1.5,""period_ms"":17.799973487854004}"
196632,1,1581.8,1581.8,False,1.0,"{""inversion_rho"":null,""inversion_channel"":30.5,""period_ms"":17.799973487854004}"
196632,1,1600.7,1600.7,False,1.0,"{""inversion_rho"":null,""inversion_channel"":30.5,""period_ms"":17.799973487854004}"
196632,1,1616.7001,1616.7001,False,1.0,"{""inversion_rho"":null,""inversion_channel"":1.5,""period_ms"":17.799973487854004}"
196632,1,1627.5001,1627.5001,False,1.0,"{""inversion_rho"":null,""inversion_channel"":29.5,""period_ms"":17.799973487854004}"
196632,1,1648.5,1648.5,False,1.0,"{""inversion_rho"":null,""inversion_channel"":29.5,""period_ms"":17.799973487854004}"
196632,1,1663.8,1663.8,False,1.0,"{""inversion_rho"":null,""inversion_channel"":30.5,""period_ms"":17.799973487854004}"
196632,1,1678.4,1678.4,False,1.0,"{""inversion_rho"":null,""inversion_channel"":1.5,""period_ms"":17.799973487854004}"
196632,1,1687.5,1687.5,False,1.0,"{""inversion_rho"":null,""inversion_channel"":30.5,""period_ms"":17.799973487854004}"
196632,1,1705.7,1705.7,False,1.0,"{""inversion_rho"":null,""inversion_channel"":30.5,""period_ms"":17.799973487854004}"
196632,1,1722.9,1722.9,False,1.0,"{""inversion_rho"":null,""inversion_channel"":30.5,""period_ms"":17.799973487854004}"
196632,1,1740.6,1740.6,False,1.0,"{""inversion_rho"":null,""inversion_channel"":30.5,""period_ms"":17.799973487854004}"
196632,1,1757.5999,1757.5999,False,1.0,"{""inversion_rho"":null,""inversion_channel"":30.0,""period_ms"":17.799973487854004}"
196632,1,1773.0,1773.0,False,1.0,"{""inversion_rho"":null,""inversion_channel"":31.5,""period_ms"":17.799973487854004}"
196632,1,1787.2,1787.2,False,1.0,"{""inversion_rho"":null,""inversion_channel"":30.0,""period_ms"":17.799973487854004}"
196632,1,1802.3,1802.3,False,1.0,"{""inversion_rho"":null,""inversion_channel"":30.0,""period_ms"":17.799973487854004}"
196632,1,1821.2,1821.2,False,1.0,"{""inversion_rho"":null,""inversion_channel"":30.0,""period_ms"":17.799973487854004}"
196632,1,1843.7001,1843.7001,False,1.0,"{""inversion_rho"":null,""inversion_channel"":31.0,""period_ms"":17.799973487854004}"
196632,1,1868.1999,1868.1999,False,1.0,"{""inversion_rho"":null,""inversion_channel"":30.0,""period_ms"":17.799973487854004}"
196632,1,1895.7,1895.7,False,1.0,"{""inversion_rho"":null,""inversion_channel"":29.5,""period_ms"":17.799973487854004}"
196632,1,1945.7999,1945.7999,False,1.0,"{""inversion_rho"":null,""inversion_channel"":29.0,""period_ms"":17.799973487854004}"
196632,1,1964.4001,1964.4001,False,0.5,"{""inversion_rho"":null,""inversion_channel"":24.0,""period_ms"":45.50004005432129}"
196632,1,1994.4,1994.4,False,1.0,"{""inversion_rho"":null,""inversion_channel"":29.5,""period_ms"":45.50004005432129}"
196632,1,2013.2,2013.2,False,0.5,"{""inversion_rho"":null,""inversion_channel"":23.0,""period_ms"":45.50004005432129}"
196632,1,2036.5,2036.5,False,1.0,"{""inversion_rho"":null,""inversion_channel"":30.0,""period_ms"":45.50004005432129}"
196632,1,2070.6,2070.6,False,1.0,"{""inversion_rho"":null,""inversion_channel"":29.0,""period_ms"":45.50004005432129}"
196632,1,2116.1001,2116.1001,False,1.0,"{""inversion_rho"":null,""inversion_channel"":28.5,""period_ms"":45.50004005432129}"
196632,1,2174.4001,2174.4001,False,1.0,"{""inversion_rho"":null,""inversion_channel"":28.5,""period_ms"":45.50004005432129}"
196632,1,2229.8999,2229.8999,False,1.0,"{""inversion_rho"":null,""inversion_channel"":29.0,""period_ms"":45.50004005432129}"
196632,1,2282.9001,2282.9001,False,1.0,"{""inversion_rho"":null,""inversion_channel"":28.5,""period_ms"":45.50004005432129}"
196632,1,2348.4001,2348.4001,False,1.0,"{""inversion_rho"":null,""inversion_channel"":10.5,""period_ms"":45.50004005432129}"
196632,1,2363.1999,2363.1999,False,1.0,"{""inversion_rho"":null,""inversion_channel"":11.5,""period_ms"":15.30003547668457}"
196632,1,2371.5,2371.5,False,1.0,"{""inversion_rho"":null,""inversion_channel"":12.5,""period_ms"":15.30003547668457}"
196632,1,2378.7999,2378.7999,False,1.0,"{""inversion_rho"":null,""inversion_channel"":31.0,""period_ms"":15.30003547668457}"
196632,1,2394.1,2394.1,False,1.0,"{""inversion_rho"":null,""inversion_channel"":20.5,""period_ms"":15.30003547668457}"
196632,1,2413.5001,2413.5001,False,1.0,"{""inversion_rho"":null,""inversion_channel"":22.5,""period_ms"":15.30003547668457}"
196632,1,2433.1,2433.1,False,0.875,"{""inversion_rho"":null,""inversion_channel"":22.5,""period_ms"":15.30003547668457}"
196632,1,2438.8001,2438.8001,False,0.375,"{""inversion_rho"":null,""inversion_channel"":23.0,""period_ms"":7.599949836730957}"
196632,1,2454.2,2454.2,False,1.0,"{""inversion_rho"":null,""inversion_channel"":24.0,""period_ms"":7.599949836730957}"
196632,1,2460.9001,2460.9001,False,1.0,"{""inversion_rho"":null,""inversion_channel"":26.0,""period_ms"":7.599949836730957}"
196632,1,2467.4001,2467.4001,False,1.0,"{""inversion_rho"":null,""inversion_channel"":24.5,""period_ms"":7.599949836730957}"
196632,1,2472.5001,2472.5001,False,0.625,"{""inversion_rho"":null,""inversion_channel"":27.5,""period_ms"":7.599949836730957}"
196632,1,2479.8999,2479.8999,False,1.0,"{""inversion_rho"":null,""inversion_channel"":27.5,""period_ms"":7.599949836730957}"
196632,1,2490.2999,2490.2999,False,1.0,"{""inversion_rho"":null,""inversion_channel"":35.0,""period_ms"":7.599949836730957}"
196632,1,2499.7001,2499.7001,False,1.0,"{""inversion_rho"":null,""inversion_channel"":27.5,""period_ms"":7.599949836730957}"
196632,1,2508.1,2508.1,False,0.625,"{""inversion_rho"":null,""inversion_channel"":27.5,""period_ms"":7.599949836730957}"
196632,1,2513.9,2513.9,False,1.0,"{""inversion_rho"":null,""inversion_channel"":27.5,""period_ms"":7.599949836730957}"
196632,1,2528.0001,2528.0001,False,1.0,"{""inversion_rho"":null,""inversion_channel"":28.5,""period_ms"":7.599949836730957}"
196632,1,2536.2,2536.2,False,1.0,"{""inversion_rho"":null,""inversion_channel"":28.5,""period_ms"":7.599949836730957}"
196632,1,2543.2999,2543.2999,False,1.0,"{""inversion_rho"":null,""inversion_channel"":29.0,""period_ms"":7.599949836730957}"
196632,1,2556.0,2556.0,False,1.0,"{""inversion_rho"":null,""inversion_channel"":28.5,""period_ms"":7.599949836730957}"
196632,1,2563.8001,2563.8001,False,1.0,"{""inversion_rho"":null,""inversion_channel"":30.5,""period_ms"":7.599949836730957}"
196632,1,2569.7,2569.7,False,1.0,"{""inversion_rho"":null,""inversion_channel"":30.5,""period_ms"":7.599949836730957}"
196632,1,2576.2,2576.2,False,0.625,"{""inversion_rho"":null,""inversion_channel"":30.5,""period_ms"":7.599949836730957}"
196632,1,2598.7999,2598.7999,False,1.0,"{""inversion_rho"":null,""inversion_channel"":30.5,""period_ms"":7.300138473510742}"
196632,1,2608.5999,2608.5999,False,1.0,"{""inversion_rho"":null,""inversion_channel"":31.5,""period_ms"":7.300138473510742}"
196632,1,2614.5999,2614.5999,False,1.0,"{""inversion_rho"":null,""inversion_channel"":34.5,""period_ms"":7.300138473510742}"
196632,1,2621.9001,2621.9001,False,1.0,"{""inversion_rho"":null,""inversion_channel"":30.5,""period_ms"":7.300138473510742}"
196632,1,2628.9999,2628.9999,False,1.0,"{""inversion_rho"":null,""inversion_channel"":30.5,""period_ms"":7.300138473510742}"
196632,1,2639.6999,2639.6999,False,1.0,"{""inversion_rho"":null,""inversion_channel"":29.5,""period_ms"":7.300138473510742}"
196632,1,2645.0,2645.0,False,1.0,"{""inversion_rho"":null,""inversion_channel"":31.5,""period_ms"":7.300138473510742}"
196632,1,2651.7,2651.7,False,1.0,"{""inversion_rho"":null,""inversion_channel"":31.5,""period_ms"":7.300138473510742}"
196632,1,2658.2999,2658.2999,False,1.0,"{""inversion_rho"":null,""inversion_channel"":31.5,""period_ms"":7.300138473510742}"
196632,1,2668.2,2668.2,False,1.0,"{""inversion_rho"":null,""inversion_channel"":30.5,""period_ms"":7.300138473510742}"
196632,1,2675.8001,2675.8001,False,0.875,"{""inversion_rho"":null,""inversion_channel"":32.0,""period_ms"":7.300138473510742}"
196632,1,2681.4001,2681.4001,False,1.0,"{""inversion_rho"":null,""inversion_channel"":29.0,""period_ms"":7.300138473510742}"
196632,1,2692.4,2692.4,False,1.0,"{""inversion_rho"":null,""inversion_channel"":30.5,""period_ms"":7.300138473510742}"
196632,1,2698.4999,2698.4999,False,1.0,"{""inversion_rho"":null,""inversion_channel"":31.5,""period_ms"":7.300138473510742}"
196632,1,2706.0001,2706.0001,False,1.0,"{""inversion_rho"":null,""inversion_channel"":31.5,""period_ms"":7.300138473510742}"
196632,1,2715.1,2715.1,False,1.0,"{""inversion_rho"":null,""inversion_channel"":30.5,""period_ms"":7.300138473510742}"
196632,1,2741.1001,2741.1001,False,1.0,"{""inversion_rho"":null,""inversion_channel"":34.5,""period_ms"":7.300138473510742}"
196632,1,2749.5999,2749.5999,False,0.25,"{""inversion_rho"":null,""inversion_channel"":15.5,""period_ms"":7.300138473510742}"
196632,1,2760.9999,2760.9999,False,1.0,"{""inversion_rho"":null,""inversion_channel"":30.5,""period_ms"":7.300138473510742}"
196632,1,2771.4,2771.4,False,1.0,"{""inversion_rho"":null,""inversion_channel"":29.5,""period_ms"":7.300138473510742}"
196632,1,2779.2001,2779.2001,False,1.0,"{""inversion_rho"":null,""inversion_channel"":40.0,""period_ms"":7.300138473510742}"
196632,1,2785.1,2785.1,False,1.0,"{""inversion_rho"":null,""inversion_channel"":31.0,""period_ms"":7.300138473510742}"
196632,1,2795.5,2795.5,False,1.0,"{""inversion_rho"":null,""inversion_channel"":31.0,""period_ms"":7.300138473510742}"
196632,1,2801.1999,2801.1999,False,1.0,"{""inversion_rho"":null,""inversion_channel"":33.0,""period_ms"":7.300138473510742}"
196632,1,2809.2999,2809.2999,False,1.0,"{""inversion_rho"":null,""inversion_channel"":31.5,""period_ms"":7.300138473510742}"
196632,1,2818.0001,2818.0001,False,1.0,"{""inversion_rho"":null,""inversion_channel"":34.5,""period_ms"":7.300138473510742}"
196632,1,2823.6001,2823.6001,False,1.0,"{""inversion_rho"":null,""inversion_channel"":32.5,""period_ms"":7.300138473510742}"
196632,1,2830.2,2830.2,False,1.0,"{""inversion_rho"":null,""inversion_channel"":32.5,""period_ms"":7.300138473510742}"
196632,1,2839.5,2839.5,False,1.0,"{""inversion_rho"":null,""inversion_channel"":32.5,""period_ms"":7.300138473510742}"
196632,1,2845.7,2845.7,False,1.0,"{""inversion_rho"":null,""inversion_channel"":32.5,""period_ms"":7.300138473510742}"
196632,1,2858.2001,2858.2001,False,1.0,"{""inversion_rho"":null,""inversion_channel"":34.5,""period_ms"":7.300138473510742}"
196632,1,2867.3,2867.3,False,0.375,"{""inversion_rho"":null,""inversion_channel"":31.5,""period_ms"":7.300138473510742}"
196632,1,2880.1999,2880.1999,False,1.0,"{""inversion_rho"":null,""inversion_channel"":31.5,""period_ms"":7.300138473510742}"
196632,1,2886.2,2886.2,False,1.0,"{""inversion_rho"":null,""inversion_channel"":31.5,""period_ms"":7.300138473510742}"
196632,1,2895.9,2895.9,False,1.0,"{""inversion_rho"":null,""inversion_channel"":31.5,""period_ms"":7.300138473510742}"
196632,1,2902.6,2902.6,False,1.0,"{""inversion_rho"":null,""inversion_channel"":32.5,""period_ms"":7.300138473510742}"
196632,1,2911.2999,2911.2999,False,1.0,"{""inversion_rho"":null,""inversion_channel"":32.5,""period_ms"":7.300138473510742}"
196632,1,2918.0,2918.0,False,1.0,"{""inversion_rho"":null,""inversion_channel"":32.5,""period_ms"":7.300138473510742}"
196632,1,2924.7999,2924.7999,False,1.0,"{""inversion_rho"":null,""inversion_channel"":33.5,""period_ms"":7.300138473510742}"
196632,1,2936.0001,2936.0001,False,1.0,"{""inversion_rho"":null,""inversion_channel"":33.5,""period_ms"":7.300138473510742}"
196632,1,2941.2,2941.2,False,1.0,"{""inversion_rho"":null,""inversion_channel"":33.5,""period_ms"":7.300138473510742}"
196632,1,2947.7999,2947.7999,False,1.0,"{""inversion_rho"":null,""inversion_channel"":35.5,""period_ms"":7.300138473510742}"
196632,1,2958.6,2958.6,False,1.0,"{""inversion_rho"":null,""inversion_channel"":35.5,""period_ms"":7.300138473510742}"
196632,1,2965.3001,2965.3001,False,1.0,"{""inversion_rho"":null,""inversion_channel"":33.5,""period_ms"":7.300138473510742}"
196632,1,2971.9999,2971.9999,False,0.625,"{""inversion_rho"":null,""inversion_channel"":33.5,""period_ms"":7.300138473510742}"
196632,1,2979.0001,2979.0001,False,0.625,"{""inversion_rho"":null,""inversion_channel"":32.5,""period_ms"":7.300138473510742}"
196632,1,2987.5,2987.5,False,1.0,"{""inversion_rho"":null,""inversion_channel"":31.5,""period_ms"":7.300138473510742}"
196632,1,2994.4999,2994.4999,False,1.0,"{""inversion_rho"":null,""inversion_channel"":32.5,""period_ms"":7.300138473510742}"
196632,1,3003.7999,3003.7999,False,1.0,"{""inversion_rho"":null,""inversion_channel"":32.5,""period_ms"":7.300138473510742}"
196632,1,3009.5999,3009.5999,False,1.0,"{""inversion_rho"":null,""inversion_channel"":32.5,""period_ms"":7.300138473510742}"
196632,1,3015.0001,3015.0001,False,1.0,"{""inversion_rho"":null,""inversion_channel"":32.0,""period_ms"":7.300138473510742}"
196632,1,3021.5001,3021.5001,False,1.0,"{""inversion_rho"":null,""inversion_channel"":32.5,""period_ms"":7.300138473510742}"
196632,1,3031.6999,3031.6999,False,0.5,"{""inversion_rho"":null,""inversion_channel"":33.5,""period_ms"":7.300138473510742}"
196632,1,3038.1,3038.1,False,0.375,"{""inversion_rho"":null,""inversion_channel"":33.0,""period_ms"":7.300138473510742}"
196632,1,3045.7001,3045.7001,False,1.0,"{""inversion_rho"":null,""inversion_channel"":33.5,""period_ms"":7.300138473510742}"
196632,1,3066.7,3066.7,False,0.25,"{""inversion_rho"":null,""inversion_channel"":28.5,""period_ms"":6.800055503845215}"
196632,1,3072.5,3072.5,False,1.0,"{""inversion_rho"":null,""inversion_channel"":34.5,""period_ms"":6.800055503845215}"
196632,1,3080.6999,3080.6999,False,1.0,"{""inversion_rho"":null,""inversion_channel"":34.5,""period_ms"":6.800055503845215}"
196632,1,3085.9001,3085.9001,False,1.0,"{""inversion_rho"":null,""inversion_channel"":35.5,""period_ms"":6.800055503845215}"
196632,1,3094.8,3094.8,False,1.0,"{""inversion_rho"":null,""inversion_channel"":34.5,""period_ms"":6.800055503845215}"
196632,1,3108.3,3108.3,False,1.0,"{""inversion_rho"":null,""inversion_channel"":32.5,""period_ms"":6.800055503845215}"
196632,1,3116.4999,3116.4999,False,1.0,"{""inversion_rho"":null,""inversion_channel"":32.5,""period_ms"":6.800055503845215}"
196632,1,3121.7999,3121.7999,False,1.0,"{""inversion_rho"":null,""inversion_channel"":32.5,""period_ms"":6.800055503845215}"
196632,1,3128.4001,3128.4001,False,1.0,"{""inversion_rho"":null,""inversion_channel"":31.5,""period_ms"":6.800055503845215}"
196632,1,3133.6,3133.6,False,1.0,"{""inversion_rho"":null,""inversion_channel"":32.5,""period_ms"":6.800055503845215}"
196632,1,3140.6,3140.6,False,1.0,"{""inversion_rho"":null,""inversion_channel"":32.5,""period_ms"":6.800055503845215}"
196632,1,3160.5,3160.5,False,1.0,"{""inversion_rho"":null,""inversion_channel"":39.5,""period_ms"":10.599970817565918}"
196632,1,3173.3999,3173.3999,False,1.0,"{""inversion_rho"":null,""inversion_channel"":33.5,""period_ms"":10.599970817565918}"
196632,1,3181.7,3181.7,False,1.0,"{""inversion_rho"":null,""inversion_channel"":34.0,""period_ms"":10.599970817565918}"
196632,1,3187.9001,3187.9001,False,1.0,"{""inversion_rho"":null,""inversion_channel"":34.5,""period_ms"":10.599970817565918}"
196632,1,3203.2001,3203.2001,False,0.75,"{""inversion_rho"":null,""inversion_channel"":16.5,""period_ms"":10.599970817565918}"
196632,1,1046.6,1945.7999,True,1.0,"{""inversion_rho"":null,""inversion_channel"":28.0,""period_ms"":17.799973487854004}"
196632,1,1964.4001,2348.4001,True,1.0,"{""inversion_rho"":null,""inversion_channel"":28.5,""period_ms"":45.50004005432129}"
196632,1,2363.1999,2433.1,True,1.0,"{""inversion_rho"":null,""inversion_channel"":21.5,""period_ms"":15.30003547668457}"
196632,1,2438.8001,2576.2,True,1.0,"{""inversion_rho"":null,""inversion_channel"":27.5,""period_ms"":7.599949836730957}"
196632,1,2598.7999,2715.1,True,1.0,"{""inversion_rho"":null,""inversion_channel"":31.0,""period_ms"":7.300138473510742}"
196632,1,2741.1001,3045.7001,True,1.0,"{""inversion_rho"":null,""inversion_channel"":32.5,""period_ms"":7.300138473510742}"
196632,1,3066.7,3140.6,True,1.0,"{""inversion_rho"":null,""inversion_channel"":32.5,""period_ms"":6.800055503845215}"
196632,1,3160.5,3203.2001,True,1.0,"{""inversion_rho"":null,""inversion_channel"":34.0,""period_ms"":10.599970817565918}"
198672,1,75.4,75.4,False,0.375,"{""inversion_rho"":null,""inversion_channel"":8.5,""period_ms"":null}"
198672,1,88.6,88.6,False,1.0,"{""inversion_rho"":null,""inversion_channel"":7.5,""period_ms"":null}"
198672,1,1382.5001,1382.5001,False,1.0,"{""inversion_rho"":null,""inversion_channel"":23.0,""period_ms"":31.999945640563965}"
198672,1,1414.5,1414.5,False,1.0,"{""inversion_rho"":null,""inversion_channel"":23.0,""period_ms"":31.999945640563965}"
198672,1,1483.2,1483.2,False,1.0,"{""inversion_rho"":null,""inversion_channel"":22.5,""period_ms"":31.999945640563965}"
198672,1,1512.9,1512.9,False,1.0,"{""inversion_rho"":null,""inversion_channel"":22.0,""period_ms"":31.999945640563965}"
198672,1,1673.4,1673.4,False,0.875,"{""inversion_rho"":null,""inversion_channel"":21.0,""period_ms"":18.700003623962402}"
198672,1,1691.4001,1691.4001,False,1.0,"{""inversion_rho"":null,""inversion_channel"":20.5,""period_ms"":18.700003623962402}"
198672,1,1710.1001,1710.1001,False,1.0,"{""inversion_rho"":null,""inversion_channel"":20.5,""period_ms"":18.700003623962402}"
198672,1,1730.2999,1730.2999,False,1.0,"{""inversion_rho"":null,""inversion_channel"":21.5,""period_ms"":18.700003623962402}"
198672,1,1748.6,1748.6,False,1.0,"{""inversion_rho"":null,""inversion_channel"":20.5,""period_ms"":18.700003623962402}"
198672,1,1767.6001,1767.6001,False,1.0,"{""inversion_rho"":null,""inversion_channel"":20.5,""period_ms"":18.700003623962402}"
198672,1,1783.6,1783.6,False,1.0,"{""inversion_rho"":null,""inversion_channel"":20.5,""period_ms"":18.700003623962402}"
198672,1,1801.8,1801.8,False,1.0,"{""inversion_rho"":null,""inversion_channel"":19.5,""period_ms"":18.700003623962402}"
198672,1,1818.3,1818.3,False,1.0,"{""inversion_rho"":null,""inversion_channel"":20.5,""period_ms"":18.700003623962402}"
198672,1,1842.1,1842.1,False,1.0,"{""inversion_rho"":null,""inversion_channel"":20.0,""period_ms"":18.700003623962402}"
198672,1,1859.1,1859.1,False,1.0,"{""inversion_rho"":null,""inversion_channel"":20.5,""period_ms"":18.700003623962402}"
198672,1,1877.4,1877.4,False,1.0,"{""inversion_rho"":null,""inversion_channel"":20.5,""period_ms"":18.700003623962402}"
198672,1,1899.7,1899.7,False,1.0,"{""inversion_rho"":null,""inversion_channel"":20.0,""period_ms"":18.700003623962402}"
198672,1,1921.3001,1921.3001,False,1.0,"{""inversion_rho"":null,""inversion_channel"":20.0,""period_ms"":18.700003623962402}"
198672,1,1940.1,1940.1,False,0.75,"{""inversion_rho"":null,""inversion_channel"":21.0,""period_ms"":18.700003623962402}"
198672,1,1961.2,1961.2,False,1.0,"{""inversion_rho"":null,""inversion_channel"":19.5,""period_ms"":18.700003623962402}"
198672,1,1979.3,1979.3,False,1.0,"{""inversion_rho"":null,""inversion_channel"":21.0,""period_ms"":18.700003623962402}"
198672,1,1996.4,1996.4,False,1.0,"{""inversion_rho"":null,""inversion_channel"":22.0,""period_ms"":18.700003623962402}"
198672,1,2025.3,2025.3,False,1.0,"{""inversion_rho"":null,""inversion_channel"":18.5,""period_ms"":18.700003623962402}"
198672,1,2042.5,2042.5,False,1.0,"{""inversion_rho"":null,""inversion_channel"":19.5,""period_ms"":18.700003623962402}"
198672,1,2076.2,2076.2,False,1.0,"{""inversion_rho"":null,""inversion_channel"":18.5,""period_ms"":18.700003623962402}"
198672,1,2120.6999,2120.6999,False,1.0,"{""inversion_rho"":null,""inversion_channel"":19.0,""period_ms"":18.700003623962402}"
198672,1,2135.0999,2135.0999,False,1.0,"{""inversion_rho"":null,""inversion_channel"":19.5,""period_ms"":20.69997787475586}"
198672,1,2162.8001,2162.8001,False,1.0,"{""inversion_rho"":null,""inversion_channel"":18.5,""period_ms"":20.69997787475586}"
198672,1,2217.2,2217.2,False,1.0,"{""inversion_rho"":null,""inversion_channel"":20.5,""period_ms"":20.69997787475586}"
198672,1,2246.2001,2246.2001,False,1.0,"{""inversion_rho"":null,""inversion_channel"":19.0,""period_ms"":20.69997787475586}"
198672,1,2266.7,2266.7,False,1.0,"{""inversion_rho"":null,""inversion_channel"":20.5,""period_ms"":20.69997787475586}"
198672,1,2288.1,2288.1,False,1.0,"{""inversion_rho"":null,""inversion_channel"":20.0,""period_ms"":20.69997787475586}"
198672,1,2306.4001,2306.4001,False,1.0,"{""inversion_rho"":null,""inversion_channel"":18.5,""period_ms"":20.69997787475586}"
198672,1,2324.5001,2324.5001,False,1.0,"{""inversion_rho"":null,""inversion_channel"":18.5,""period_ms"":20.69997787475586}"
198672,1,2342.5,2342.5,False,1.0,"{""inversion_rho"":null,""inversion_channel"":19.5,""period_ms"":20.69997787475586}"
198672,1,2364.0001,2364.0001,False,1.0,"{""inversion_rho"":null,""inversion_channel"":20.5,""period_ms"":20.69997787475586}"
198672,1,2408.7,2408.7,False,1.0,"{""inversion_rho"":null,""inversion_channel"":20.5,""period_ms"":20.69997787475586}"
198672,1,2445.2,2445.2,False,1.0,"{""inversion_rho"":null,""inversion_channel"":20.5,""period_ms"":20.69997787475586}"
198672,1,2486.5999,2486.5999,False,1.0,"{""inversion_rho"":null,""inversion_channel"":20.5,""period_ms"":20.69997787475586}"
198672,1,2524.1001,2524.1001,False,1.0,"{""inversion_rho"":null,""inversion_channel"":20.5,""period_ms"":20.69997787475586}"
198672,1,2548.3,2548.3,False,1.0,"{""inversion_rho"":null,""inversion_channel"":18.5,""period_ms"":20.69997787475586}"
198672,1,2567.3001,2567.3001,False,1.0,"{""inversion_rho"":null,""inversion_channel"":18.5,""period_ms"":20.69997787475586}"
198672,1,2585.5,2585.5,False,1.0,"{""inversion_rho"":null,""inversion_channel"":20.5,""period_ms"":20.69997787475586}"
198672,1,2609.4999,2609.4999,False,1.0,"{""inversion_rho"":null,""inversion_channel"":19.5,""period_ms"":20.69997787475586}"
198672,1,2640.6,2640.6,False,1.0,"{""inversion_rho"":null,""inversion_channel"":20.0,""period_ms"":20.69997787475586}"
198672,1,2685.2,2685.2,False,1.0,"{""inversion_rho"":null,""inversion_channel"":19.5,""period_ms"":20.69997787475586}"
198672,1,2710.5,2710.5,False,1.0,"{""inversion_rho"":null,""inversion_channel"":20.0,""period_ms"":20.69997787475586}"
198672,1,2729.1999,2729.1999,False,1.0,"{""inversion_rho"":null,""inversion_channel"":19.5,""period_ms"":20.69997787475586}"
198672,1,2754.8001,2754.8001,False,1.0,"{""inversion_rho"":null,""inversion_channel"":20.5,""period_ms"":20.69997787475586}"
198672,1,2773.4001,2773.4001,False,0.625,"{""inversion_rho"":null,""inversion_channel"":20.0,""period_ms"":20.69997787475586}"
198672,1,2792.7001,2792.7001,False,1.0,"{""inversion_rho"":null,""inversion_channel"":21.0,""period_ms"":20.69997787475586}"
198672,1,2809.7999,2809.7999,False,1.0,"{""inversion_rho"":null,""inversion_channel"":19.0,""period_ms"":20.69997787475586}"
198672,1,2824.6,2824.6,False,1.0,"{""inversion_rho"":null,""inversion_channel"":20.5,""period_ms"":20.69997787475586}"
198672,1,2845.0,2845.0,False,1.0,"{""inversion_rho"":null,""inversion_channel"":20.5,""period_ms"":20.69997787475586}"
198672,1,2864.3,2864.3,False,1.0,"{""inversion_rho"":null,""inversion_channel"":20.0,""period_ms"":20.69997787475586}"
198672,1,2885.0999,2885.0999,False,1.0,"{""inversion_rho"":null,""inversion_channel"":19.5,""period_ms"":20.69997787475586}"
198672,1,2905.4999,2905.4999,False,1.0,"{""inversion_rho"":null,""inversion_channel"":20.5,""period_ms"":20.69997787475586}"
198672,1,2925.1001,2925.1001,False,0.875,"{""inversion_rho"":null,""inversion_channel"":20.0,""period_ms"":20.69997787475586}"
198672,1,2944.4001,2944.4001,False,1.0,"{""inversion_rho"":null,""inversion_channel"":19.5,""period_ms"":20.69997787475586}"
198672,1,2962.5001,2962.5001,False,1.0,"{""inversion_rho"":null,""inversion_channel"":20.0,""period_ms"":20.69997787475586}"
198672,1,2980.2001,2980.2001,False,1.0,"{""inversion_rho"":null,""inversion_channel"":20.0,""period_ms"":20.69997787475586}"
198672,1,3002.3,3002.3,False,1.0,"{""inversion_rho"":null,""inversion_channel"":20.0,""period_ms"":20.69997787475586}"
198672,1,3022.9001,3022.9001,False,1.0,"{""inversion_rho"":null,""inversion_channel"":20.0,""period_ms"":20.69997787475586}"
198672,1,3049.0,3049.0,False,1.0,"{""inversion_rho"":null,""inversion_channel"":20.5,""period_ms"":20.69997787475586}"
198672,1,3086.9,3086.9,False,1.0,"{""inversion_rho"":null,""inversion_channel"":20.5,""period_ms"":20.69997787475586}"
198672,1,3114.3,3114.3,False,0.5,"{""inversion_rho"":null,""inversion_channel"":20.5,""period_ms"":20.69997787475586}"
198672,1,3129.6,3129.6,False,0.5,"{""inversion_rho"":null,""inversion_channel"":20.5,""period_ms"":20.69997787475586}"
198672,1,3151.5,3151.5,False,1.0,"{""inversion_rho"":null,""inversion_channel"":18.5,""period_ms"":20.69997787475586}"
198672,1,3164.9001,3164.9001,False,1.0,"{""inversion_rho"":null,""inversion_channel"":20.5,""period_ms"":20.69997787475586}"
198672,1,3199.6,3199.6,False,1.0,"{""inversion_rho"":null,""inversion_channel"":20.5,""period_ms"":19.999980926513672}"
198672,1,3222.4,3222.4,False,1.0,"{""inversion_rho"":null,""inversion_channel"":20.5,""period_ms"":19.999980926513672}"
198672,1,3251.4,3251.4,False,1.0,"{""inversion_rho"":null,""inversion_channel"":19.5,""period_ms"":19.999980926513672}"
198672,1,3269.3999,3269.3999,False,1.0,"{""inversion_rho"":null,""inversion_channel"":20.0,""period_ms"":19.999980926513672}"
198672,1,3294.1999,3294.1999,False,1.0,"{""inversion_rho"":null,""inversion_channel"":20.5,""period_ms"":19.999980926513672}"
198672,1,3325.5999,3325.5999,False,1.0,"{""inversion_rho"":null,""inversion_channel"":19.5,""period_ms"":19.999980926513672}"
198672,1,3363.8999,3363.8999,False,1.0,"{""inversion_rho"":null,""inversion_channel"":20.5,""period_ms"":19.999980926513672}"
198672,1,3392.8001,3392.8001,False,1.0,"{""inversion_rho"":null,""inversion_channel"":21.0,""period_ms"":19.999980926513672}"
198672,1,3410.1,3410.1,False,1.0,"{""inversion_rho"":null,""inversion_channel"":19.0,""period_ms"":19.999980926513672}"
198672,1,3440.3999,3440.3999,False,1.0,"{""inversion_rho"":null,""inversion_channel"":20.5,""period_ms"":19.999980926513672}"
198672,1,3463.5999,3463.5999,False,1.0,"{""inversion_rho"":null,""inversion_channel"":20.5,""period_ms"":19.999980926513672}"
198672,1,3487.6001,3487.6001,False,1.0,"{""inversion_rho"":null,""inversion_channel"":20.0,""period_ms"":19.999980926513672}"
198672,1,3525.7001,3525.7001,False,1.0,"{""inversion_rho"":null,""inversion_channel"":20.0,""period_ms"":19.999980926513672}"
198672,1,3551.3,3551.3,False,1.0,"{""inversion_rho"":null,""inversion_channel"":21.5,""period_ms"":19.999980926513672}"
198672,1,3575.0,3575.0,False,1.0,"{""inversion_rho"":null,""inversion_channel"":20.5,""period_ms"":19.999980926513672}"
198672,1,3619.4,3619.4,False,1.0,"{""inversion_rho"":null,""inversion_channel"":20.5,""period_ms"":19.999980926513672}"
198672,1,3649.6,3649.6,False,1.0,"{""inversion_rho"":null,""inversion_channel"":18.5,""period_ms"":19.999980926513672}"
198672,1,3662.4,3662.4,False,1.0,"{""inversion_rho"":null,""inversion_channel"":19.5,""period_ms"":19.999980926513672}"
198672,1,3679.3001,3679.3001,False,0.875,"{""inversion_rho"":null,""inversion_channel"":20.0,""period_ms"":19.999980926513672}"
198672,1,3696.3,3696.3,False,1.0,"{""inversion_rho"":null,""inversion_channel"":22.0,""period_ms"":19.999980926513672}"
198672,1,3714.2,3714.2,False,1.0,"{""inversion_rho"":null,""inversion_channel"":20.5,""period_ms"":19.999980926513672}"
198672,1,3732.7001,3732.7001,False,1.0,"{""inversion_rho"":null,""inversion_channel"":20.0,""period_ms"":19.999980926513672}"
198672,1,3757.6001,3757.6001,False,1.0,"{""inversion_rho"":null,""inversion_channel"":21.5,""period_ms"":19.999980926513672}"
198672,1,3774.4999,3774.4999,False,1.0,"{""inversion_rho"":null,""inversion_channel"":19.5,""period_ms"":19.999980926513672}"
198672,1,3806.4001,3806.4001,False,1.0,"{""inversion_rho"":null,""inversion_channel"":20.5,""period_ms"":19.999980926513672}"
198672,1,3841.7001,3841.7001,False,1.0,"{""inversion_rho"":null,""inversion_channel"":20.5,""period_ms"":19.999980926513672}"
198672,1,3890.1999,3890.1999,False,1.0,"{""inversion_rho"":null,""inversion_channel"":20.5,""period_ms"":19.999980926513672}"
198672,1,3931.2999,3931.2999,False,1.0,"{""inversion_rho"":null,""inversion_channel"":20.5,""period_ms"":19.999980926513672}"
198672,1,3970.0,3970.0,False,1.0,"{""inversion_rho"":null,""inversion_channel"":20.5,""period_ms"":19.999980926513672}"
198672,1,3998.3001,3998.3001,False,1.0,"{""inversion_rho"":null,""inversion_channel"":21.0,""period_ms"":19.999980926513672}"
198672,1,4015.2998,4015.2998,False,1.0,"{""inversion_rho"":null,""inversion_channel"":19.5,""period_ms"":19.999980926513672}"
198672,1,4029.9001,4029.9001,False,1.0,"{""inversion_rho"":null,""inversion_channel"":19.5,""period_ms"":19.999980926513672}"
198672,1,4046.4001,4046.4001,False,1.0,"{""inversion_rho"":null,""inversion_channel"":18.5,""period_ms"":19.999980926513672}"
198672,1,4063.3001,4063.3001,False,1.0,"{""inversion_rho"":null,""inversion_channel"":20.0,""period_ms"":19.999980926513672}"
198672,1,4083.0002,4083.0002,False,0.75,"{""inversion_rho"":null,""inversion_channel"":20.0,""period_ms"":19.999980926513672}"
198672,1,4100.1,4100.1,False,1.0,"{""inversion_rho"":null,""inversion_channel"":20.0,""period_ms"":19.999980926513672}"
198672,1,4122.6001,4122.6001,False,1.0,"{""inversion_rho"":null,""inversion_channel"":20.5,""period_ms"":19.999980926513672}"
198672,1,4149.4002,4149.4002,False,1.0,"{""inversion_rho"":null,""inversion_channel"":19.0,""period_ms"":19.999980926513672}"
198672,1,4167.7999,4167.7999,False,1.0,"{""inversion_rho"":null,""inversion_channel"":19.5,""period_ms"":19.999980926513672}"
198672,1,4185.4,4185.4,False,1.0,"{""inversion_rho"":null,""inversion_channel"":21.0,""period_ms"":19.999980926513672}"
198672,1,4205.5998,4205.5998,False,1.0,"{""inversion_rho"":null,""inversion_channel"":18.5,""period_ms"":19.999980926513672}"
198672,1,4223.1998,4223.1998,False,1.0,"{""inversion_rho"":null,""inversion_channel"":21.0,""period_ms"":19.999980926513672}"
198672,1,4243.4001,4243.4001,False,1.0,"{""inversion_rho"":null,""inversion_channel"":19.5,""period_ms"":19.999980926513672}"
198672,1,4262.4998,4262.4998,False,1.0,"{""inversion_rho"":null,""inversion_channel"":20.0,""period_ms"":19.999980926513672}"
198672,1,4284.8001,4284.8001,False,1.0,"{""inversion_rho"":null,""inversion_channel"":18.5,""period_ms"":19.999980926513672}"
198672,1,4303.8998,4303.8998,False,0.75,"{""inversion_rho"":null,""inversion_channel"":20.0,""period_ms"":19.999980926513672}"
198672,1,4326.7002,4326.7002,False,1.0,"{""inversion_rho"":null,""inversion_channel"":20.5,""period_ms"":19.999980926513672}"
198672,1,4352.3998,4352.3998,False,1.0,"{""inversion_rho"":null,""inversion_channel"":19.5,""period_ms"":19.999980926513672}"
198672,1,4369.9002,4369.9002,False,1.0,"{""inversion_rho"":null,""inversion_channel"":19.0,""period_ms"":19.999980926513672}"
198672,1,4385.2,4385.2,False,0.375,"{""inversion_rho"":null,""inversion_channel"":21.5,""period_ms"":19.999980926513672}"
198672,1,4402.2999,4402.2999,False,0.875,"{""inversion_rho"":null,""inversion_channel"":20.5,""period_ms"":19.999980926513672}"
198672,1,4419.6,4419.6,False,1.0,"{""inversion_rho"":null,""inversion_channel"":21.0,""period_ms"":19.999980926513672}"
198672,1,4441.1998,4441.1998,False,1.0,"{""inversion_rho"":null,""inversion_channel"":20.5,""period_ms"":19.999980926513672}"
198672,1,4466.5999,4466.5999,False,0.75,"{""inversion_rho"":null,""inversion_channel"":21.0,""period_ms"":19.999980926513672}"
198672,1,4486.4998,4486.4998,False,1.0,"{""inversion_rho"":null,""inversion_channel"":19.5,""period_ms"":19.999980926513672}"
198672,1,4503.0999,4503.0999,False,1.0,"{""inversion_rho"":null,""inversion_channel"":19.5,""period_ms"":19.999980926513672}"
198672,1,4523.0999,4523.0999,False,1.0,"{""inversion_rho"":null,""inversion_channel"":20.0,""period_ms"":19.999980926513672}"
198672,1,4539.8002,4539.8002,False,1.0,"{""inversion_rho"":null,""inversion_channel"":22.0,""period_ms"":19.999980926513672}"
198672,1,4564.7001,4564.7001,False,1.0,"{""inversion_rho"":null,""inversion_channel"":20.5,""period_ms"":19.999980926513672}"
198672,1,4591.5999,4591.5999,False,1.0,"{""inversion_rho"":null,""inversion_channel"":21.0,""period_ms"":19.999980926513672}"
198672,1,4610.3001,4610.3001,False,1.0,"{""inversion_rho"":null,""inversion_channel"":20.5,""period_ms"":19.999980926513672}"
198672,1,4638.2999,4638.2999,False,1.0,"{""inversion_rho"":null,""inversion_channel"":19.5,""period_ms"":19.999980926513672}"
198672,1,4680.2001,4680.2001,False,1.0,"{""inversion_rho"":null,""inversion_channel"":21.0,""period_ms"":19.999980926513672}"
198672,1,4697.8002,4697.8002,False,1.0,"{""inversion_rho"":null,""inversion_channel"":20.0,""period_ms"":19.999980926513672}"
198672,1,4717.8001,4717.8001,False,1.0,"{""inversion_rho"":null,""inversion_channel"":19.5,""period_ms"":19.999980926513672}"
198672,1,4734.7002,4734.7002,False,1.0,"{""inversion_rho"":null,""inversion_channel"":20.0,""period_ms"":19.999980926513672}"
198672,1,4753.3002,4753.3002,False,1.0,"{""inversion_rho"":null,""inversion_channel"":21.0,""period_ms"":19.999980926513672}"
198672,1,4772.9998,4772.9998,False,1.0,"{""inversion_rho"":null,""inversion_channel"":20.5,""period_ms"":19.999980926513672}"
198672,1,4800.9,4800.9,False,1.0,"{""inversion_rho"":null,""inversion_channel"":20.0,""period_ms"":19.999980926513672}"
198672,1,4819.3002,4819.3002,False,1.0,"{""inversion_rho"":null,""inversion_channel"":20.5,""period_ms"":19.999980926513672}"
198672,1,4844.2998,4844.2998,False,1.0,"{""inversion_rho"":null,""inversion_channel"":20.5,""period_ms"":19.999980926513672}"
198672,1,4872.3998,4872.3998,False,1.0,"{""inversion_rho"":null,""inversion_channel"":19.5,""period_ms"":19.999980926513672}"
198672,1,4890.6999,4890.6999,False,1.0,"{""inversion_rho"":null,""inversion_channel"":19.0,""period_ms"":19.999980926513672}"
198672,1,4905.0999,4905.0999,False,1.0,"{""inversion_rho"":null,""inversion_channel"":20.5,""period_ms"":19.999980926513672}"
198672,1,4922.5998,4922.5998,False,1.0,"{""inversion_rho"":null,""inversion_channel"":20.5,""period_ms"":19.999980926513672}"
198672,1,4963.9001,4963.9001,False,1.0,"{""inversion_rho"":null,""inversion_channel"":20.5,""period_ms"":19.999980926513672}"
198672,1,4991.0002,4991.0002,False,1.0,"{""inversion_rho"":null,""inversion_channel"":19.5,""period_ms"":19.999980926513672}"
198672,1,5007.5002,5007.5002,False,0.375,"{""inversion_rho"":null,""inversion_channel"":20.5,""period_ms"":19.999980926513672}"
198672,1,5023.9,5023.9,False,1.0,"{""inversion_rho"":null,""inversion_channel"":21.0,""period_ms"":19.999980926513672}"
198672,1,5038.8999,5038.8999,False,1.0,"{""inversion_rho"":null,""inversion_channel"":20.0,""period_ms"":19.999980926513672}"
198672,1,5066.5998,5066.5998,False,1.0,"{""inversion_rho"":null,""inversion_channel"":20.5,""period_ms"":19.999980926513672}"
198672,1,5094.9001,5094.9001,False,1.0,"{""inversion_rho"":null,""inversion_channel"":17.5,""period_ms"":19.999980926513672}"
198672,1,5113.1001,5113.1001,False,1.0,"{""inversion_rho"":null,""inversion_channel"":20.5,""period_ms"":19.999980926513672}"
198672,1,5131.1002,5131.1002,False,1.0,"{""inversion_rho"":null,""inversion_channel"":16.5,""period_ms"":19.999980926513672}"
198672,1,5171.5002,5171.5002,False,1.0,"{""inversion_rho"":null,""inversion_channel"":38.5,""period_ms"":19.999980926513672}"
198672,1,5212.9998,5212.9998,False,1.0,"{""inversion_rho"":null,""inversion_channel"":14.5,""period_ms"":19.999980926513672}"
198672,1,5235.1999,5235.1999,False,1.0,"{""inversion_rho"":null,""inversion_channel"":16.0,""period_ms"":19.999980926513672}"
198672,1,5250.5999,5250.5999,False,1.0,"{""inversion_rho"":null,""inversion_channel"":15.5,""period_ms"":19.999980926513672}"
198672,1,5284.8001,5284.8001,False,1.0,"{""inversion_rho"":null,""inversion_channel"":15.5,""period_ms"":19.999980926513672}"
198672,1,5307.4002,5307.4002,False,1.0,"{""inversion_rho"":null,""inversion_channel"":14.5,""period_ms"":19.999980926513672}"
198672,1,5326.3001,5326.3001,False,1.0,"{""inversion_rho"":null,""inversion_channel"":13.5,""period_ms"":19.999980926513672}"
198672,1,5342.5999,5342.5999,False,1.0,"{""inversion_rho"":null,""inversion_channel"":15.0,""period_ms"":19.999980926513672}"
198672,1,5360.8999,5360.8999,False,1.0,"{""inversion_rho"":null,""inversion_channel"":12.5,""period_ms"":19.999980926513672}"
198672,1,5381.1002,5381.1002,False,1.0,"{""inversion_rho"":null,""inversion_channel"":11.5,""period_ms"":19.999980926513672}"
198672,1,5401.1998,5401.1998,False,1.0,"{""inversion_rho"":null,""inversion_channel"":12.5,""period_ms"":19.999980926513672}"
198672,1,5419.8999,5419.8999,False,1.0,"{""inversion_rho"":null,""inversion_channel"":11.0,""period_ms"":19.999980926513672}"
198672,1,5432.7002,5432.7002,False,0.875,"{""inversion_rho"":null,""inversion_channel"":34.5,""period_ms"":19.999980926513672}"
198672,1,5445.7002,5445.7002,False,1.0,"{""inversion_rho"":null,""inversion_channel"":10.5,""period_ms"":19.999980926513672}"
198672,1,5481.9999,5481.9999,False,1.0,"{""inversion_rho"":null,""inversion_channel"":33.5,""period_ms"":28.999805450439453}"
198672,1,5511.7002,5511.7002,False,1.0,"{""inversion_rho"":null,""inversion_channel"":32.5,""period_ms"":28.999805450439453}"
198672,1,5540.7,5540.7,False,1.0,"{""inversion_rho"":null,""inversion_channel"":31.5,""period_ms"":28.999805450439453}"
198672,1,5570.4002,5570.4002,False,1.0,"{""inversion_rho"":null,""inversion_channel"":31.5,""period_ms"":28.999805450439453}"
198672,1,5600.4,5600.4,False,1.0,"{""inversion_rho"":null,""inversion_channel"":31.5,""period_ms"":28.999805450439453}"
198672,1,5627.2001,5627.2001,False,1.0,"{""inversion_rho"":null,""inversion_channel"":31.0,""period_ms"":28.999805450439453}"
198672,1,5656.1999,5656.1999,False,1.0,"{""inversion_rho"":null,""inversion_channel"":29.5,""period_ms"":28.999805450439453}"
198672,1,5683.1002,5683.1002,False,1.0,"{""inversion_rho"":null,""inversion_channel"":28.5,""period_ms"":28.999805450439453}"
198672,1,1382.5001,1512.9,True,1.0,"{""inversion_rho"":null,""inversion_channel"":22.75,""period_ms"":31.999945640563965}"
198672,1,1673.4,2120.6999,True,1.0,"{""inversion_rho"":null,""inversion_channel"":20.5,""period_ms"":18.700003623962402}"
198672,1,2135.0999,3164.9001,True,1.0,"{""inversion_rho"":null,""inversion_channel"":20.0,""period_ms"":20.69997787475586}"
198672,1,3199.6,5445.7002,True,1.0,"{""inversion_rho"":null,""inversion_channel"":20.0,""period_ms"":19.999980926513672}"
198672,1,5481.9999,5683.1002,True,1.0,"{""inversion_rho"":null,""inversion_channel"":31.5,""period_ms"":28.999805450439453}"
198806,1,55.9,55.9,False,0.5,"{""inversion_rho"":null,""inversion_channel"":3.5,""period_ms"":null}"
198806,1,64.1,64.1,False,0.5,"{""inversion_rho"":null,""inversion_channel"":7.5,""period_ms"":null}"
198806,1,104.5,104.5,False,1.0,"{""inversion_rho"":null,""inversion_channel"":3.5,""period_ms"":null}"
198806,1,1101.9,1101.9,False,1.0,"{""inversion_rho"":null,""inversion_channel"":15.5,""period_ms"":83.40001106262207}"
198806,1,1179.2001,1179.2001,False,1.0,"{""inversion_rho"":null,""inversion_channel"":13.5,""period_ms"":83.40001106262207}"
198806,1,1254.2,1254.2,False,1.0,"{""inversion_rho"":null,""inversion_channel"":32.0,""period_ms"":83.40001106262207}"
198806,1,1339.3,1339.3,False,0.25,"{""inversion_rho"":null,""inversion_channel"":31.5,""period_ms"":83.40001106262207}"
198806,1,1440.0001,1440.0001,False,1.0,"{""inversion_rho"":null,""inversion_channel"":32.0,""period_ms"":83.40001106262207}"
198806,1,1534.8001,1534.8001,False,0.625,"{""inversion_rho"":null,""inversion_channel"":11.0,""period_ms"":83.40001106262207}"
198806,1,1577.0,1577.0,False,1.0,"{""inversion_rho"":null,""inversion_channel"":33.5,""period_ms"":83.40001106262207}"
198806,1,1660.4,1660.4,False,0.5,"{""inversion_rho"":null,""inversion_channel"":30.5,""period_ms"":83.40001106262207}"
198806,1,1682.3,1682.3,False,1.0,"{""inversion_rho"":null,""inversion_channel"":32.5,""period_ms"":null}"
198806,1,1736.1,1736.1,False,1.0,"{""inversion_rho"":null,""inversion_channel"":8.5,""period_ms"":null}"
198806,1,1747.6,1747.6,False,0.5,"{""inversion_rho"":null,""inversion_channel"":11.0,""period_ms"":14.600038528442383}"
198806,1,1762.2,1762.2,False,1.0,"{""inversion_rho"":null,""inversion_channel"":14.5,""period_ms"":14.600038528442383}"
198806,1,1772.0,1772.0,False,0.25,"{""inversion_rho"":null,""inversion_channel"":14.5,""period_ms"":14.600038528442383}"
198806,1,1792.7999,1792.7999,False,0.625,"{""inversion_rho"":null,""inversion_channel"":23.5,""period_ms"":14.600038528442383}"
198806,1,1800.4,1800.4,False,1.0,"{""inversion_rho"":null,""inversion_channel"":31.5,""period_ms"":null}"
198806,1,1822.3,1822.3,False,1.0,"{""inversion_rho"":null,""inversion_channel"":13.5,""period_ms"":null}"
198806,1,1827.9001,1827.9001,False,0.25,"{""inversion_rho"":null,""inversion_channel"":16.5,""period_ms"":6.199955940246582}"
198806,1,1836.2,1836.2,False,0.375,"{""inversion_rho"":null,""inversion_channel"":15.5,""period_ms"":6.199955940246582}"
198806,1,1842.4,1842.4,False,0.375,"{""inversion_rho"":null,""inversion_channel"":16.5,""period_ms"":6.199955940246582}"
198806,1,1847.5,1847.5,False,0.75,"{""inversion_rho"":null,""inversion_channel"":15.5,""period_ms"":6.199955940246582}"
198806,1,1871.0999,1871.0999,False,0.75,"{""inversion_rho"":null,""inversion_channel"":14.5,""period_ms"":null}"
198806,1,1889.5,1889.5,False,1.0,"{""inversion_rho"":null,""inversion_channel"":13.5,""period_ms"":null}"
198806,1,1895.2,1895.2,False,1.0,"{""inversion_rho"":null,""inversion_channel"":12.5,""period_ms"":null}"
198806,1,1902.1,1902.1,False,1.0,"{""inversion_rho"":null,""inversion_channel"":12.5,""period_ms"":null}"
198806,1,1934.5,1934.5,False,1.0,"{""inversion_rho"":null,""inversion_channel"":11.5,""period_ms"":null}"
198806,1,2025.1999,2025.1999,False,0.25,"{""inversion_rho"":null,""inversion_channel"":9.5,""period_ms"":null}"
198806,1,2034.4999,2034.4999,False,0.375,"{""inversion_rho"":null,""inversion_channel"":18.5,""period_ms"":null}"
198806,1,2041.6999,2041.6999,False,1.0,"{""inversion_rho"":null,""inversion_channel"":11.5,""period_ms"":null}"
198806,1,2107.6,2107.6,False,0.875,"{""inversion_rho"":null,""inversion_channel"":11.5,""period_ms"":null}"
198806,1,2117.1,2117.1,False,1.0,"{""inversion_rho"":null,""inversion_channel"":31.5,""period_ms"":null}"
198806,1,2146.5001,2146.5001,False,1.0,"{""inversion_rho"":null,""inversion_channel"":27.5,""period_ms"":null}"
198806,1,2193.9001,2193.9001,False,0.5,"{""inversion_rho"":null,""inversion_channel"":12.5,""period_ms"":null}"
198806,1,2200.2001,2200.2001,False,0.875,"{""inversion_rho"":null,""inversion_channel"":11.5,""period_ms"":8.549928665161133}"
198806,1,2206.5001,2206.5001,False,1.0,"{""inversion_rho"":null,""inversion_channel"":11.5,""period_ms"":8.549928665161133}"
198806,1,2215.6,2215.6,False,1.0,"{""inversion_rho"":null,""inversion_channel"":27.5,""period_ms"":8.549928665161133}"
198806,1,2223.5999,2223.5999,False,1.0,"{""inversion_rho"":null,""inversion_channel"":12.5,""period_ms"":8.549928665161133}"
198806,1,2241.8001,2241.8001,False,0.625,"{""inversion_rho"":null,""inversion_channel"":9.5,""period_ms"":8.549928665161133}"
198806,1,2313.7,2313.7,False,0.5,"{""inversion_rho"":null,""inversion_channel"":9.5,""period_ms"":null}"
198806,1,2319.9,2319.9,False,0.375,"{""inversion_rho"":null,""inversion_channel"":10.5,""period_ms"":null}"
198806,1,3362.2,3362.2,False,1.0,"{""inversion_rho"":null,""inversion_channel"":30.5,""period_ms"":22.500038146972656}"
198806,1,3384.9001,3384.9001,False,1.0,"{""inversion_rho"":null,""inversion_channel"":30.0,""period_ms"":22.500038146972656}"
198806,1,3410.3,3410.3,False,1.0,"{""inversion_rho"":null,""inversion_channel"":30.0,""period_ms"":22.500038146972656}"
198806,1,3432.3001,3432.3001,False,1.0,"{""inversion_rho"":null,""inversion_channel"":29.5,""period_ms"":22.500038146972656}"
198806,1,3444.7999,3444.7999,False,1.0,"{""inversion_rho"":null,""inversion_channel"":30.5,""period_ms"":22.500038146972656}"
198806,1,3467.0999,3467.0999,False,1.0,"{""inversion_rho"":null,""inversion_channel"":29.5,""period_ms"":22.500038146972656}"
198806,1,3491.3001,3491.3001,False,1.0,"{""inversion_rho"":null,""inversion_channel"":29.5,""period_ms"":22.500038146972656}"
198806,1,3497.0,3497.0,False,0.875,"{""inversion_rho"":null,""inversion_channel"":6.5,""period_ms"":10.299921035766602}"
198806,1,3514.9,3514.9,False,1.0,"{""inversion_rho"":null,""inversion_channel"":28.5,""period_ms"":10.299921035766602}"
198806,1,3525.1999,3525.1999,False,0.875,"{""inversion_rho"":null,""inversion_channel"":5.0,""period_ms"":10.299921035766602}"
198806,1,3530.9999,3530.9999,False,0.25,"{""inversion_rho"":null,""inversion_channel"":15.5,""period_ms"":10.299921035766602}"
198806,1,3541.3001,3541.3001,False,1.0,"{""inversion_rho"":null,""inversion_channel"":29.5,""period_ms"":10.299921035766602}"
198806,1,3552.7999,3552.7999,False,1.0,"{""inversion_rho"":null,""inversion_channel"":30.0,""period_ms"":10.299921035766602}"
198806,1,3558.3,3558.3,False,0.75,"{""inversion_rho"":null,""inversion_channel"":10.5,""period_ms"":10.299921035766602}"
198806,1,3567.8999,3567.8999,False,1.0,"{""inversion_rho"":null,""inversion_channel"":26.5,""period_ms"":10.299921035766602}"
198806,1,3581.5001,3581.5001,False,1.0,"{""inversion_rho"":null,""inversion_channel"":29.0,""period_ms"":10.299921035766602}"
198806,1,3591.0001,3591.0001,False,1.0,"{""inversion_rho"":null,""inversion_channel"":29.5,""period_ms"":10.299921035766602}"
198806,1,3607.7001,3607.7001,False,1.0,"{""inversion_rho"":null,""inversion_channel"":29.5,""period_ms"":10.299921035766602}"
198806,1,3614.3999,3614.3999,False,1.0,"{""inversion_rho"":null,""inversion_channel"":29.5,""period_ms"":10.299921035766602}"
198806,1,3625.2,3625.2,False,1.0,"{""inversion_rho"":null,""inversion_channel"":29.5,""period_ms"":10.299921035766602}"
198806,1,3631.5,3631.5,False,1.0,"{""inversion_rho"":null,""inversion_channel"":29.5,""period_ms"":10.299921035766602}"
198806,1,3648.4001,3648.4001,False,1.0,"{""inversion_rho"":null,""inversion_channel"":27.5,""period_ms"":8.149981498718262}"
198806,1,3658.2,3658.2,False,0.75,"{""inversion_rho"":null,""inversion_channel"":27.5,""period_ms"":8.149981498718262}"
198806,1,3664.7,3664.7,False,1.0,"{""inversion_rho"":null,""inversion_channel"":29.5,""period_ms"":8.149981498718262}"
198806,1,3682.8001,3682.8001,False,1.0,"{""inversion_rho"":null,""inversion_channel"":27.5,""period_ms"":10.799884796142578}"
198806,1,3693.5999,3693.5999,False,1.0,"{""inversion_rho"":null,""inversion_channel"":28.5,""period_ms"":10.799884796142578}"
198806,1,3709.7001,3709.7001,False,0.25,"{""inversion_rho"":null,""inversion_channel"":23.5,""period_ms"":10.799884796142578}"
198806,1,3721.9,3721.9,False,1.0,"{""inversion_rho"":null,""inversion_channel"":26.0,""period_ms"":10.799884796142578}"
198806,1,3731.6,3731.6,False,1.0,"{""inversion_rho"":null,""inversion_channel"":28.5,""period_ms"":10.799884796142578}"
198806,1,3736.8,3736.8,False,1.0,"{""inversion_rho"":null,""inversion_channel"":29.5,""period_ms"":10.799884796142578}"
198806,1,3757.6001,3757.6001,False,1.0,"{""inversion_rho"":null,""inversion_channel"":36.5,""period_ms"":7.499933242797852}"
198806,1,3765.1,3765.1,False,0.875,"{""inversion_rho"":null,""inversion_channel"":27.5,""period_ms"":7.499933242797852}"
198806,1,3774.8001,3774.8001,False,1.0,"{""inversion_rho"":null,""inversion_channel"":27.5,""period_ms"":7.499933242797852}"
198806,1,3781.1,3781.1,False,1.0,"{""inversion_rho"":null,""inversion_channel"":27.0,""period_ms"":7.499933242797852}"
198806,1,3798.8999,3798.8999,False,1.0,"{""inversion_rho"":null,""inversion_channel"":27.5,""period_ms"":8.100032806396484}"
198806,1,3809.9999,3809.9999,False,0.875,"{""inversion_rho"":null,""inversion_channel"":27.0,""period_ms"":8.100032806396484}"
198806,1,3815.1,3815.1,False,1.0,"{""inversion_rho"":null,""inversion_channel"":26.0,""period_ms"":8.100032806396484}"
198806,1,3828.0001,3828.0001,False,1.0,"{""inversion_rho"":null,""inversion_channel"":26.0,""period_ms"":8.800029754638672}"
198806,1,3840.8,3840.8,False,1.0,"{""inversion_rho"":null,""inversion_channel"":25.0,""period_ms"":8.800029754638672}"
198806,1,3849.6001,3849.6001,False,1.0,"{""inversion_rho"":null,""inversion_channel"":25.0,""period_ms"":8.800029754638672}"
198806,1,3855.2001,3855.2001,False,1.0,"{""inversion_rho"":null,""inversion_channel"":26.0,""period_ms"":8.800029754638672}"
198806,1,3873.4,3873.4,False,1.0,"{""inversion_rho"":null,""inversion_channel"":25.5,""period_ms"":11.049985885620117}"
198806,1,3888.2,3888.2,False,0.75,"{""inversion_rho"":null,""inversion_channel"":25.5,""period_ms"":11.049985885620117}"
198806,1,3895.4999,3895.4999,False,1.0,"{""inversion_rho"":null,""inversion_channel"":25.5,""period_ms"":11.049985885620117}"
198806,1,3917.7999,3917.7999,False,0.25,"{""inversion_rho"":null,""inversion_channel"":25.5,""period_ms"":17.70007610321045}"
198806,1,3930.8,3930.8,False,1.0,"{""inversion_rho"":null,""inversion_channel"":16.0,""period_ms"":17.70007610321045}"
198806,1,3953.2001,3953.2001,False,0.375,"{""inversion_rho"":null,""inversion_channel"":14.5,""period_ms"":17.70007610321045}"
198806,1,4064.8999,4064.8999,False,1.0,"{""inversion_rho"":null,""inversion_channel"":17.5,""period_ms"":25.499820709228516}"
198806,1,4086.5002,4086.5002,False,0.25,"{""inversion_rho"":null,""inversion_channel"":22.5,""period_ms"":25.499820709228516}"
198806,1,4101.3999,4101.3999,False,0.875,"{""inversion_rho"":null,""inversion_channel"":10.5,""period_ms"":25.499820709228516}"
198806,1,4133.8,4133.8,False,1.0,"{""inversion_rho"":null,""inversion_channel"":13.0,""period_ms"":25.499820709228516}"
198806,1,4159.2999,4159.2999,False,1.0,"{""inversion_rho"":null,""inversion_channel"":23.5,""period_ms"":25.499820709228516}"
198806,1,4185.6999,4185.6999,False,1.0,"{""inversion_rho"":null,""inversion_channel"":12.5,""period_ms"":25.499820709228516}"
198806,1,4213.3002,4213.3002,False,1.0,"{""inversion_rho"":null,""inversion_channel"":12.5,""period_ms"":25.499820709228516}"
198806,1,4241.3001,4241.3001,False,1.0,"{""inversion_rho"":null,""inversion_channel"":23.5,""period_ms"":25.499820709228516}"
198806,1,4266.7999,4266.7999,False,1.0,"{""inversion_rho"":null,""inversion_channel"":28.5,""period_ms"":25.499820709228516}"
198806,1,4278.2001,4278.2001,False,0.375,"{""inversion_rho"":null,""inversion_channel"":23.5,""period_ms"":25.499820709228516}"
198806,1,4289.5002,4289.5002,False,0.375,"{""inversion_rho"":null,""inversion_channel"":21.5,""period_ms"":25.499820709228516}"
198806,1,4295.1002,4295.1002,False,1.0,"{""inversion_rho"":null,""inversion_channel"":15.5,""period_ms"":25.499820709228516}"
198806,1,4317.9998,4317.9998,False,1.0,"{""inversion_rho"":null,""inversion_channel"":31.5,""period_ms"":22.750139236450195}"
198806,1,4345.6998,4345.6998,False,1.0,"{""inversion_rho"":null,""inversion_channel"":31.5,""period_ms"":22.750139236450195}"
198806,1,4367.4002,4367.4002,False,0.625,"{""inversion_rho"":null,""inversion_channel"":28.5,""period_ms"":22.750139236450195}"
198806,1,4394.3,4394.3,False,1.0,"{""inversion_rho"":null,""inversion_channel"":28.5,""period_ms"":22.750139236450195}"
198806,1,4420.3,4420.3,False,1.0,"{""inversion_rho"":null,""inversion_channel"":23.5,""period_ms"":22.750139236450195}"
198806,1,4440.7001,4440.7001,False,0.75,"{""inversion_rho"":null,""inversion_channel"":23.5,""period_ms"":22.750139236450195}"
198806,1,4464.5,4464.5,False,1.0,"{""inversion_rho"":null,""inversion_channel"":23.5,""period_ms"":22.750139236450195}"
198806,1,4480.9999,4480.9999,False,0.375,"{""inversion_rho"":null,""inversion_channel"":23.5,""period_ms"":22.750139236450195}"
198806,1,4489.8,4489.8,False,1.0,"{""inversion_rho"":null,""inversion_channel"":28.5,""period_ms"":22.750139236450195}"
198806,1,4513.1998,4513.1998,False,1.0,"{""inversion_rho"":null,""inversion_channel"":27.5,""period_ms"":20.44987678527832}"
198806,1,4529.3999,4529.3999,False,0.25,"{""inversion_rho"":null,""inversion_channel"":33.0,""period_ms"":20.44987678527832}"
198806,1,4544.3001,4544.3001,False,0.25,"{""inversion_rho"":null,""inversion_channel"":21.5,""period_ms"":20.44987678527832}"
198806,1,4568.9998,4568.9998,False,0.25,"{""inversion_rho"":null,""inversion_channel"":7.5,""period_ms"":20.44987678527832}"
198806,1,4596.3001,4596.3001,False,0.25,"{""inversion_rho"":null,""inversion_channel"":5.5,""period_ms"":20.44987678527832}"
198806,1,5259.3999,5259.3999,False,0.375,"{""inversion_rho"":null,""inversion_channel"":23.5,""period_ms"":null}"
198806,1,1101.9,1660.4,True,1.0,"{""inversion_rho"":null,""inversion_channel"":31.0,""period_ms"":83.40001106262207}"
198806,1,1747.6,1792.7999,True,1.0,"{""inversion_rho"":null,""inversion_channel"":14.5,""period_ms"":14.600038528442383}"
198806,1,1827.9001,1847.5,True,1.0,"{""inversion_rho"":null,""inversion_channel"":16.0,""period_ms"":6.199955940246582}"
198806,1,2200.2001,2241.8001,True,1.0,"{""inversion_rho"":null,""inversion_channel"":11.5,""period_ms"":8.549928665161133}"
198806,1,3362.2,3491.3001,True,1.0,"{""inversion_rho"":null,""inversion_channel"":30.0,""period_ms"":22.500038146972656}"
198806,1,3497.0,3631.5,True,1.0,"{""inversion_rho"":null,""inversion_channel"":29.25,""period_ms"":10.299921035766602}"
198806,1,3648.4001,3664.7,True,1.0,"{""inversion_rho"":null,""inversion_channel"":27.5,""period_ms"":8.149981498718262}"
198806,1,3682.8001,3736.8,True,1.0,"{""inversion_rho"":null,""inversion_channel"":28.0,""period_ms"":10.799884796142578}"
198806,1,3757.6001,3781.1,True,1.0,"{""inversion_rho"":null,""inversion_channel"":27.5,""period_ms"":7.499933242797852}"
198806,1,3798.8999,3815.1,True,1.0,"{""inversion_rho"":null,""inversion_channel"":27.0,""period_ms"":8.100032806396484}"
198806,1,3828.0001,3855.2001,True,1.0,"{""inversion_rho"":null,""inversion_channel"":25.5,""period_ms"":8.800029754638672}"
198806,1,3873.4,3895.4999,True,1.0,"{""inversion_rho"":null,""inversion_channel"":25.5,""period_ms"":11.049985885620117}"
198806,1,3917.7999,3953.2001,True,1.0,"{""inversion_rho"":null,""inversion_channel"":16.0,""period_ms"":17.70007610321045}"
198806,1,4064.8999,4295.1002,True,1.0,"{""inversion_rho"":null,""inversion_channel"":19.5,""period_ms"":25.499820709228516}"
198806,1,4317.9998,4489.8,True,1.0,"{""inversion_rho"":null,""inversion_channel"":28.5,""period_ms"":22.750139236450195}"
198806,1,4513.1998,4596.3001,True,1.0,"{""inversion_rho"":null,""inversion_channel"":21.5,""period_ms"":20.44987678527832}"
198899,1,6122.2,6122.2,False,0.5,"{""inversion_rho"":null,""inversion_channel"":40.5,""period_ms"":null}"
198955,1,54.3,54.3,False,0.5,"{""inversion_rho"":null,""inversion_channel"":39.5,""period_ms"":19.600002095103264}"
198955,1,67.1,67.1,False,1.0,"{""inversion_rho"":null,""inversion_channel"":2.5,""period_ms"":19.600002095103264}"
198955,1,93.5,93.5,False,1.0,"{""inversion_rho"":null,""inversion_channel"":3.0,""period_ms"":19.600002095103264}"
198955,1,1821.9,1821.9,False,1.0,"{""inversion_rho"":null,""inversion_channel"":9.5,""period_ms"":null}"
198955,1,1926.5,1926.5,False,1.0,"{""inversion_rho"":null,""inversion_channel"":10.0,""period_ms"":null}"
198955,1,1940.3,1940.3,False,1.0,"{""inversion_rho"":null,""inversion_channel"":10.5,""period_ms"":91.69995784759521}"
198955,1,2027.6,2027.6,False,1.0,"{""inversion_rho"":null,""inversion_channel"":8.0,""period_ms"":91.69995784759521}"
198955,1,2123.6999,2123.6999,False,1.0,"{""inversion_rho"":null,""inversion_channel"":9.0,""period_ms"":91.69995784759521}"
198955,1,2157.1,2157.1,False,1.0,"{""inversion_rho"":null,""inversion_channel"":8.5,""period_ms"":88.00005912780762}"
198955,1,2215.5001,2215.5001,False,1.0,"{""inversion_rho"":null,""inversion_channel"":9.5,""period_ms"":88.00005912780762}"
198955,1,2285.1,2285.1,False,0.75,"{""inversion_rho"":null,""inversion_channel"":6.5,""period_ms"":88.00005912780762}"
198955,1,2373.1,2373.1,False,0.75,"{""inversion_rho"":null,""inversion_channel"":11.5,""period_ms"":88.00005912780762}"
198955,1,2524.8001,2524.8001,False,1.0,"{""inversion_rho"":null,""inversion_channel"":8.5,""period_ms"":88.00005912780762}"
198955,1,2630.6,2630.6,False,0.875,"{""inversion_rho"":null,""inversion_channel"":8.5,""period_ms"":88.00005912780762}"
198955,1,2639.1001,2639.1001,False,0.375,"{""inversion_rho"":null,""inversion_channel"":5.0,""period_ms"":37.89997100830078}"
198955,1,2678.0,2678.0,False,0.875,"{""inversion_rho"":null,""inversion_channel"":8.0,""period_ms"":37.89997100830078}"
198955,1,2714.9,2714.9,False,1.0,"{""inversion_rho"":null,""inversion_channel"":9.0,""period_ms"":37.89997100830078}"
198955,1,2723.7999,2723.7999,False,0.5,"{""inversion_rho"":null,""inversion_channel"":4.0,""period_ms"":39.49999809265137}"
198955,1,2788.3999,2788.3999,False,0.625,"{""inversion_rho"":null,""inversion_channel"":1.5,""period_ms"":39.49999809265137}"
198955,1,2828.5,2828.5,False,0.25,"{""inversion_rho"":null,""inversion_channel"":3.0,""period_ms"":39.49999809265137}"
198955,1,2891.0999,2891.0999,False,0.75,"{""inversion_rho"":null,""inversion_channel"":5.5,""period_ms"":39.49999809265137}"
198955,1,2921.7999,2921.7999,False,0.25,"{""inversion_rho"":null,""inversion_channel"":4.0,""period_ms"":39.49999809265137}"
198955,1,2961.2999,2961.2999,False,0.375,"{""inversion_rho"":null,""inversion_channel"":25.0,""period_ms"":39.49999809265137}"
198955,1,2979.3,2979.3,False,0.875,"{""inversion_rho"":null,""inversion_channel"":5.5,""period_ms"":39.49999809265137}"
198955,1,2992.8999,2992.8999,False,0.375,"{""inversion_rho"":null,""inversion_channel"":5.0,""period_ms"":39.49999809265137}"
198955,1,3056.2999,3056.2999,False,0.375,"{""inversion_rho"":null,""inversion_channel"":7.5,""period_ms"":18.599987030029297}"
198955,1,3074.8999,3074.8999,False,0.375,"{""inversion_rho"":null,""inversion_channel"":5.0,""period_ms"":18.599987030029297}"
198955,1,3102.5,3102.5,False,1.0,"{""inversion_rho"":null,""inversion_channel"":25.0,""period_ms"":18.599987030029297}"
198955,1,3118.7999,3118.7999,False,0.375,"{""inversion_rho"":null,""inversion_channel"":4.5,""period_ms"":18.599987030029297}"
198955,1,3124.5,3124.5,False,0.625,"{""inversion_rho"":null,""inversion_channel"":8.5,""period_ms"":18.800020217895508}"
198955,1,3135.5,3135.5,False,0.25,"{""inversion_rho"":null,""inversion_channel"":25.0,""period_ms"":18.800020217895508}"
198955,1,3162.1001,3162.1001,False,0.75,"{""inversion_rho"":null,""inversion_channel"":8.5,""period_ms"":18.800020217895508}"
198955,1,3171.0,3171.0,False,0.75,"{""inversion_rho"":null,""inversion_channel"":8.5,""period_ms"":20.750045776367188}"
198955,1,3186.0001,3186.0001,False,0.875,"{""inversion_rho"":null,""inversion_channel"":5.0,""period_ms"":20.750045776367188}"
198955,1,3212.5001,3212.5001,False,0.625,"{""inversion_rho"":null,""inversion_channel"":9.0,""period_ms"":20.750045776367188}"
198955,1,3220.7,3220.7,False,0.375,"{""inversion_rho"":null,""inversion_channel"":8.5,""period_ms"":9.50002670288086}"
198955,1,3230.7,3230.7,False,0.25,"{""inversion_rho"":null,""inversion_channel"":7.5,""period_ms"":9.50002670288086}"
198955,1,3240.0,3240.0,False,1.0,"{""inversion_rho"":null,""inversion_channel"":25.0,""period_ms"":9.50002670288086}"
198955,1,3249.5,3249.5,False,0.25,"{""inversion_rho"":null,""inversion_channel"":5.5,""period_ms"":9.50002670288086}"
198955,1,3274.6,3274.6,False,0.625,"{""inversion_rho"":null,""inversion_channel"":9.5,""period_ms"":13.34989070892334}"
198955,1,3284.6999,3284.6999,False,0.5,"{""inversion_rho"":null,""inversion_channel"":25.0,""period_ms"":13.34989070892334}"
198955,1,3292.7001,3292.7001,False,1.0,"{""inversion_rho"":null,""inversion_channel"":5.5,""period_ms"":13.34989070892334}"
198955,1,3309.2999,3309.2999,False,0.625,"{""inversion_rho"":null,""inversion_channel"":2.5,""period_ms"":13.34989070892334}"
198955,1,3342.9,3342.9,False,0.25,"{""inversion_rho"":null,""inversion_channel"":4.5,""period_ms"":13.34989070892334}"
198955,1,3348.9001,3348.9001,False,0.375,"{""inversion_rho"":null,""inversion_channel"":8.5,""period_ms"":9.70005989074707}"
198955,1,3360.8999,3360.8999,False,0.375,"{""inversion_rho"":null,""inversion_channel"":8.5,""period_ms"":9.70005989074707}"
198955,1,3369.7,3369.7,False,0.25,"{""inversion_rho"":null,""inversion_channel"":8.5,""period_ms"":9.70005989074707}"
198955,1,3380.1,3380.1,False,0.25,"{""inversion_rho"":null,""inversion_channel"":24.5,""period_ms"":9.70005989074707}"
198955,1,3392.0,3392.0,False,1.0,"{""inversion_rho"":null,""inversion_channel"":25.5,""period_ms"":9.70005989074707}"
198955,1,3401.7,3401.7,False,1.0,"{""inversion_rho"":null,""inversion_channel"":4.5,""period_ms"":9.70005989074707}"
198955,1,3409.6,3409.6,False,0.25,"{""inversion_rho"":null,""inversion_channel"":2.5,""period_ms"":9.70005989074707}"
198955,1,3417.7999,3417.7999,False,0.375,"{""inversion_rho"":null,""inversion_channel"":8.0,""period_ms"":9.70005989074707}"
198955,1,3450.5999,3450.5999,False,0.625,"{""inversion_rho"":null,""inversion_channel"":7.0,""period_ms"":8.949995040893555}"
198955,1,3457.6001,3457.6001,False,0.75,"{""inversion_rho"":null,""inversion_channel"":25.0,""period_ms"":8.949995040893555}"
198955,1,3468.4999,3468.4999,False,1.0,"{""inversion_rho"":null,""inversion_channel"":8.5,""period_ms"":8.949995040893555}"
198955,1,3481.3001,3481.3001,False,0.375,"{""inversion_rho"":null,""inversion_channel"":1.5,""period_ms"":8.949995040893555}"
198955,1,3487.5,3487.5,False,0.25,"{""inversion_rho"":null,""inversion_channel"":24.5,""period_ms"":8.949995040893555}"
198955,1,3505.5001,3505.5001,False,0.25,"{""inversion_rho"":null,""inversion_channel"":41.5,""period_ms"":8.949995040893555}"
198955,1,3512.9001,3512.9001,False,1.0,"{""inversion_rho"":null,""inversion_channel"":4.5,""period_ms"":8.949995040893555}"
198955,1,3523.4001,3523.4001,False,0.75,"{""inversion_rho"":null,""inversion_channel"":6.5,""period_ms"":8.949995040893555}"
198955,1,3613.1999,3613.1999,False,1.0,"{""inversion_rho"":null,""inversion_channel"":4.5,""period_ms"":43.250083923339844}"
198955,1,3668.7,3668.7,False,0.25,"{""inversion_rho"":null,""inversion_channel"":4.5,""period_ms"":43.250083923339844}"
198955,1,3699.7001,3699.7001,False,1.0,"{""inversion_rho"":null,""inversion_channel"":1.5,""period_ms"":43.250083923339844}"
198955,1,3704.7999,3704.7999,False,0.25,"{""inversion_rho"":null,""inversion_channel"":3.5,""period_ms"":null}"
198955,1,3718.6,3718.6,False,0.75,"{""inversion_rho"":null,""inversion_channel"":4.5,""period_ms"":null}"
198955,1,3812.5,3812.5,False,0.25,"{""inversion_rho"":null,""inversion_channel"":3.0,""period_ms"":null}"
198955,1,3827.4,3827.4,False,0.625,"{""inversion_rho"":null,""inversion_channel"":5.0,""period_ms"":null}"
198955,1,4029.0999,4029.0999,False,0.5,"{""inversion_rho"":null,""inversion_channel"":1.5,""period_ms"":null}"
198955,1,4128.3998,4128.3998,False,1.0,"{""inversion_rho"":null,""inversion_channel"":6.5,""period_ms"":null}"
198955,1,4419.6,4419.6,False,0.625,"{""inversion_rho"":null,""inversion_channel"":2.5,""period_ms"":null}"
198955,1,4735.7001,4735.7001,False,0.375,"{""inversion_rho"":null,""inversion_channel"":3.5,""period_ms"":null}"
198955,1,4835.0,4835.0,False,0.375,"{""inversion_rho"":null,""inversion_channel"":2.5,""period_ms"":null}"
198955,1,4841.5999,4841.5999,False,0.625,"{""inversion_rho"":null,""inversion_channel"":5.0,""period_ms"":null}"
198955,1,4937.6001,4937.6001,False,0.625,"{""inversion_rho"":null,""inversion_channel"":1.5,""period_ms"":null}"
198955,1,6080.6999,6080.6999,False,0.5,"{""inversion_rho"":null,""inversion_channel"":2.0,""period_ms"":null}"
198955,1,6131.1998,6131.1998,False,0.625,"{""inversion_rho"":null,""inversion_channel"":1.5,""period_ms"":null}"
198955,1,54.3,93.5,True,1.0,"{""inversion_rho"":null,""inversion_channel"":3.0,""period_ms"":19.600002095103264}"
198955,1,1940.3,2123.6999,True,1.0,"{""inversion_rho"":null,""inversion_channel"":9.0,""period_ms"":91.69995784759521}"
198955,1,2157.1,2630.6,True,1.0,"{""inversion_rho"":null,""inversion_channel"":8.5,""period_ms"":88.00005912780762}"
198955,1,2639.1001,2714.9,True,1.0,"{""inversion_rho"":null,""inversion_channel"":8.0,""period_ms"":37.89997100830078}"
198955,1,2723.7999,2992.8999,True,1.0,"{""inversion_rho"":null,""inversion_channel"":4.5,""period_ms"":39.49999809265137}"
198955,1,3056.2999,3118.7999,True,1.0,"{""inversion_rho"":null,""inversion_channel"":6.25,""period_ms"":18.599987030029297}"
198955,1,3124.5,3162.1001,True,1.0,"{""inversion_rho"":null,""inversion_channel"":8.5,""period_ms"":18.800020217895508}"
198955,1,3171.0,3212.5001,True,1.0,"{""inversion_rho"":null,""inversion_channel"":8.5,""period_ms"":20.750045776367188}"
198955,1,3220.7,3249.5,True,1.0,"{""inversion_rho"":null,""inversion_channel"":8.0,""period_ms"":9.50002670288086}"
198955,1,3274.6,3342.9,True,1.0,"{""inversion_rho"":null,""inversion_channel"":5.5,""period_ms"":13.34989070892334}"
198955,1,3348.9001,3417.7999,True,1.0,"{""inversion_rho"":null,""inversion_channel"":8.5,""period_ms"":9.70005989074707}"
198955,1,3450.5999,3487.5,True,1.0,"{""inversion_rho"":null,""inversion_channel"":8.5,""period_ms"":8.949995040893555}"
198955,1,3505.5001,3523.4001,True,1.0,"{""inversion_rho"":null,""inversion_channel"":6.5,""period_ms"":8.949995040893555}"
198955,1,3613.1999,3699.7001,True,1.0,"{""inversion_rho"":null,""inversion_channel"":4.5,""period_ms"":43.250083923339844}"
198971,1,50.9,50.9,False,0.75,"{""inversion_rho"":null,""inversion_channel"":1.5,""period_ms"":null}"
198971,1,61.9,61.9,False,1.0,"{""inversion_rho"":null,""inversion_channel"":2.5,""period_ms"":null}"
198971,1,1793.4,1793.4,False,1.0,"{""inversion_rho"":null,""inversion_channel"":13.5,""period_ms"":null}"
198971,1,1799.5,1799.5,False,1.0,"{""inversion_rho"":null,""inversion_channel"":13.5,""period_ms"":null}"
198971,1,1836.7,1836.7,False,1.0,"{""inversion_rho"":null,""inversion_channel"":13.0,""period_ms"":null}"
198971,1,2044.1,2044.1,False,1.0,"{""inversion_rho"":null,""inversion_channel"":11.5,""period_ms"":null}"
198971,1,2117.1999,2117.1999,False,1.0,"{""inversion_rho"":null,""inversion_channel"":14.5,""period_ms"":21.300077438354492}"
198971,1,2142.0,2142.0,False,1.0,"{""inversion_rho"":null,""inversion_channel"":14.0,""period_ms"":21.300077438354492}"
198971,1,2159.8001,2159.8001,False,1.0,"{""inversion_rho"":null,""inversion_channel"":12.5,""period_ms"":21.300077438354492}"
198971,1,2315.5999,2315.5999,False,1.0,"{""inversion_rho"":null,""inversion_channel"":12.0,""period_ms"":23.95009994506836}"
198971,1,2344.6,2344.6,False,0.25,"{""inversion_rho"":null,""inversion_channel"":18.5,""period_ms"":23.95009994506836}"
198971,1,2363.5001,2363.5001,False,1.0,"{""inversion_rho"":null,""inversion_channel"":12.0,""period_ms"":23.95009994506836}"
198971,1,2461.6001,2461.6001,False,1.0,"{""inversion_rho"":null,""inversion_channel"":11.0,""period_ms"":null}"
198971,1,2573.4999,2573.4999,False,1.0,"{""inversion_rho"":null,""inversion_channel"":12.5,""period_ms"":null}"
198971,1,2585.0999,2585.0999,False,0.25,"{""inversion_rho"":null,""inversion_channel"":24.5,""period_ms"":null}"
198971,1,2677.3,2677.3,False,0.25,"{""inversion_rho"":null,""inversion_channel"":3.0,""period_ms"":null}"
198971,1,2684.4001,2684.4001,False,0.25,"{""inversion_rho"":null,""inversion_channel"":14.0,""period_ms"":219.19989585876465}"
198971,1,2903.6,2903.6,False,0.25,"{""inversion_rho"":null,""inversion_channel"":4.0,""period_ms"":219.19989585876465}"
198971,1,3002.5001,3002.5001,False,0.25,"{""inversion_rho"":null,""inversion_channel"":1.5,""period_ms"":219.19989585876465}"
198971,1,3223.2001,3223.2001,False,0.375,"{""inversion_rho"":null,""inversion_channel"":10.5,""period_ms"":219.19989585876465}"
198971,1,3296.7,3296.7,False,0.625,"{""inversion_rho"":null,""inversion_channel"":37.5,""period_ms"":null}"
198971,1,3338.9001,3338.9001,False,0.25,"{""inversion_rho"":null,""inversion_channel"":4.0,""period_ms"":null}"
198971,1,3353.8001,3353.8001,False,0.375,"{""inversion_rho"":null,""inversion_channel"":9.0,""period_ms"":92.24998950958252}"
198971,1,3406.6,3406.6,False,0.25,"{""inversion_rho"":null,""inversion_channel"":3.0,""period_ms"":92.24998950958252}"
198971,1,3538.3,3538.3,False,0.5,"{""inversion_rho"":null,""inversion_channel"":41.0,""period_ms"":92.24998950958252}"
198971,1,3543.7,3543.7,False,1.0,"{""inversion_rho"":null,""inversion_channel"":9.5,""period_ms"":null}"
198971,1,3859.4999,3859.4999,False,1.0,"{""inversion_rho"":null,""inversion_channel"":7.5,""period_ms"":16.950011253356934}"
198971,1,3876.2,3876.2,False,0.375,"{""inversion_rho"":null,""inversion_channel"":6.5,""period_ms"":16.950011253356934}"
198971,1,3893.4,3893.4,False,0.25,"{""inversion_rho"":null,""inversion_channel"":8.0,""period_ms"":16.950011253356934}"
198971,1,3987.5,3987.5,False,0.25,"{""inversion_rho"":null,""inversion_channel"":24.5,""period_ms"":92.4997329711914}"
198971,1,4104.6,4104.6,False,0.25,"{""inversion_rho"":null,""inversion_channel"":7.0,""period_ms"":92.4997329711914}"
198971,1,4154.3002,4154.3002,False,0.5,"{""inversion_rho"":null,""inversion_channel"":6.5,""period_ms"":92.4997329711914}"
198971,1,4246.7999,4246.7999,False,0.625,"{""inversion_rho"":null,""inversion_channel"":6.0,""period_ms"":92.4997329711914}"
198971,1,4257.1998,4257.1998,False,0.25,"{""inversion_rho"":null,""inversion_channel"":10.5,""period_ms"":null}"
198971,1,4296.1998,4296.1998,False,0.25,"{""inversion_rho"":null,""inversion_channel"":7.5,""period_ms"":null}"
198971,1,4599.2999,4599.2999,False,0.25,"{""inversion_rho"":null,""inversion_channel"":6.5,""period_ms"":null}"
198971,1,4655.0002,4655.0002,False,0.25,"{""inversion_rho"":null,""inversion_channel"":6.0,""period_ms"":null}"
198971,1,4820.7002,4820.7002,False,0.375,"{""inversion_rho"":null,""inversion_channel"":4.0,""period_ms"":null}"
198971,1,5157.5999,5157.5999,False,0.25,"{""inversion_rho"":null,""inversion_channel"":5.0,""period_ms"":null}"
198971,1,5249.1002,5249.1002,False,0.5,"{""inversion_rho"":null,""inversion_channel"":2.0,""period_ms"":null}"
198971,1,5639.8001,5639.8001,False,0.25,"{""inversion_rho"":null,""inversion_channel"":5.0,""period_ms"":null}"
198971,1,5937.5,5937.5,False,1.0,"{""inversion_rho"":null,""inversion_channel"":1.5,""period_ms"":null}"
198971,1,2117.1999,2159.8001,True,1.0,"{""inversion_rho"":null,""inversion_channel"":14.0,""period_ms"":21.300077438354492}"
198971,1,2315.5999,2363.5001,True,1.0,"{""inversion_rho"":null,""inversion_channel"":12.0,""period_ms"":23.95009994506836}"
198971,1,2684.4001,3223.2001,True,1.0,"{""inversion_rho"":null,""inversion_channel"":7.25,""period_ms"":219.19989585876465}"
198971,1,3353.8001,3538.3,True,1.0,"{""inversion_rho"":null,""inversion_channel"":9.0,""period_ms"":92.24998950958252}"
198971,1,3859.4999,3893.4,True,1.0,"{""inversion_rho"":null,""inversion_channel"":7.5,""period_ms"":16.950011253356934}"
198971,1,3987.5,4246.7999,True,1.0,"{""inversion_rho"":null,""inversion_channel"":6.75,""period_ms"":92.4997329711914}"
199071,1,1464.4001,1464.4001,False,1.0,"{""inversion_rho"":null,""inversion_channel"":39.5,""period_ms"":null}"
199071,1,1499.9,1499.9,False,1.0,"{""inversion_rho"":null,""inversion_channel"":31.5,""period_ms"":null}"
199071,1,1915.5999,1915.5999,False,0.25,"{""inversion_rho"":null,""inversion_channel"":4.5,""period_ms"":14.400005340576172}"
199071,1,1928.8,1928.8,False,0.375,"{""inversion_rho"":null,""inversion_channel"":4.5,""period_ms"":14.400005340576172}"
199071,1,1944.4,1944.4,False,0.625,"{""inversion_rho"":null,""inversion_channel"":3.5,""period_ms"":14.400005340576172}"
199071,1,2325.0,2325.0,False,1.0,"{""inversion_rho"":null,""inversion_channel"":39.5,""period_ms"":null}"
199071,1,3507.2999,3507.2999,False,0.75,"{""inversion_rho"":null,""inversion_channel"":4.5,""period_ms"":null}"
199071,1,3743.3,3743.3,False,1.0,"{""inversion_rho"":null,""inversion_channel"":36.5,""period_ms"":null}"
199071,1,4013.9999,4013.9999,False,0.375,"{""inversion_rho"":null,""inversion_channel"":4.5,""period_ms"":21.399974822998047}"
199071,1,4035.3999,4035.3999,False,0.75,"{""inversion_rho"":null,""inversion_channel"":4.5,""period_ms"":21.399974822998047}"
199071,1,4071.1002,4071.1002,False,0.25,"{""inversion_rho"":null,""inversion_channel"":4.0,""period_ms"":21.399974822998047}"
199071,1,4085.4998,4085.4998,False,0.75,"{""inversion_rho"":null,""inversion_channel"":4.5,""period_ms"":21.399974822998047}"
199071,1,4091.1999,4091.1999,False,0.375,"{""inversion_rho"":null,""inversion_channel"":3.5,""period_ms"":null}"
199071,1,4097.4998,4097.4998,False,0.5,"{""inversion_rho"":null,""inversion_channel"":39.5,""period_ms"":null}"
199071,1,4148.7999,4148.7999,False,1.0,"{""inversion_rho"":null,""inversion_channel"":39.5,""period_ms"":null}"
199071,1,1915.5999,1944.4,True,1.0,"{""inversion_rho"":null,""inversion_channel"":4.5,""period_ms"":14.400005340576172}"
199071,1,4013.9999,4085.4998,True,1.0,"{""inversion_rho"":null,""inversion_channel"":4.5,""period_ms"":21.399974822998047}"
199073,1,1693.5,1693.5,False,1.0,"{""inversion_rho"":null,""inversion_channel"":10.5,""period_ms"":149.80000257492065}"
199073,1,1832.9,1832.9,False,1.0,"{""inversion_rho"":null,""inversion_channel"":8.5,""period_ms"":149.80000257492065}"
199073,1,1993.1,1993.1,False,0.75,"{""inversion_rho"":null,""inversion_channel"":44.5,""period_ms"":149.80000257492065}"
199073,1,2000.0,2000.0,False,0.625,"{""inversion_rho"":null,""inversion_channel"":5.5,""period_ms"":null}"
199073,1,2076.4999,2076.4999,False,1.0,"{""inversion_rho"":null,""inversion_channel"":12.5,""period_ms"":null}"
199073,1,2103.3001,2103.3001,False,1.0,"{""inversion_rho"":null,""inversion_channel"":37.5,""period_ms"":94.64991092681885}"
199073,1,2198.7,2198.7,False,0.875,"{""inversion_rho"":null,""inversion_channel"":9.0,""period_ms"":94.64991092681885}"
199073,1,2292.5999,2292.5999,False,1.0,"{""inversion_rho"":null,""inversion_channel"":39.5,""period_ms"":94.64991092681885}"
199073,1,2301.1999,2301.1999,False,1.0,"{""inversion_rho"":null,""inversion_channel"":39.5,""period_ms"":null}"
199073,1,1693.5,1993.1,True,1.0,"{""inversion_rho"":null,""inversion_channel"":10.5,""period_ms"":149.80000257492065}"
199073,1,2103.3001,2292.5999,True,1.0,"{""inversion_rho"":null,""inversion_channel"":37.5,""period_ms"":94.64991092681885}"
199087,1,61.7,61.7,False,0.5,"{""inversion_rho"":null,""inversion_channel"":11.5,""period_ms"":null}"
199087,1,78.8,78.8,False,1.0,"{""inversion_rho"":null,""inversion_channel"":13.5,""period_ms"":null}"
199087,1,122.1,122.1,False,1.0,"{""inversion_rho"":null,""inversion_channel"":12.5,""period_ms"":null}"
199087,1,1498.9001,1498.9001,False,1.0,"{""inversion_rho"":null,""inversion_channel"":31.5,""period_ms"":null}"
199087,1,2059.0,2059.0,False,1.0,"{""inversion_rho"":null,""inversion_channel"":22.5,""period_ms"":null}"
199087,1,2100.5001,2100.5001,False,0.5,"{""inversion_rho"":null,""inversion_channel"":38.5,""period_ms"":null}"
199087,1,2328.2001,2328.2001,False,0.875,"{""inversion_rho"":null,""inversion_channel"":29.5,""period_ms"":null}"
199087,1,2334.0001,2334.0001,False,0.5,"{""inversion_rho"":null,""inversion_channel"":28.5,""period_ms"":null}"
199087,1,2353.6,2353.6,False,1.0,"{""inversion_rho"":null,""inversion_channel"":28.0,""period_ms"":null}"
199087,1,2419.8999,2419.8999,False,1.0,"{""inversion_rho"":null,""inversion_channel"":24.0,""period_ms"":null}"
199087,1,4688.3001,4688.3001,False,1.0,"{""inversion_rho"":null,""inversion_channel"":13.5,""period_ms"":null}"
199087,1,4710.3,4710.3,False,1.0,"{""inversion_rho"":null,""inversion_channel"":21.5,""period_ms"":null}"
199087,1,4839.2,4839.2,False,0.5,"{""inversion_rho"":null,""inversion_channel"":24.5,""period_ms"":null}"
199087,1,5118.5999,5118.5999,False,0.75,"{""inversion_rho"":null,""inversion_channel"":21.0,""period_ms"":6.200075149536133}"
199087,1,5124.4998,5124.4998,False,1.0,"{""inversion_rho"":null,""inversion_channel"":21.0,""period_ms"":6.200075149536133}"
199087,1,5131.0,5131.0,False,1.0,"{""inversion_rho"":null,""inversion_channel"":21.0,""period_ms"":6.200075149536133}"
199087,1,5161.6001,5161.6001,False,1.0,"{""inversion_rho"":null,""inversion_channel"":23.0,""period_ms"":21.999835968017578}"
199087,1,5207.6998,5207.6998,False,1.0,"{""inversion_rho"":null,""inversion_channel"":31.5,""period_ms"":21.999835968017578}"
199087,1,5243.8002,5243.8002,False,1.0,"{""inversion_rho"":null,""inversion_channel"":23.5,""period_ms"":21.999835968017578}"
199087,1,5296.7,5296.7,False,1.0,"{""inversion_rho"":null,""inversion_channel"":23.0,""period_ms"":21.999835968017578}"
199087,1,5326.7999,5326.7999,False,1.0,"{""inversion_rho"":null,""inversion_channel"":22.5,""period_ms"":21.999835968017578}"
199087,1,5347.0001,5347.0001,False,1.0,"{""inversion_rho"":null,""inversion_channel"":22.5,""period_ms"":21.999835968017578}"
199087,1,5363.2002,5363.2002,False,1.0,"{""inversion_rho"":null,""inversion_channel"":22.5,""period_ms"":21.999835968017578}"
199087,1,5385.2,5385.2,False,1.0,"{""inversion_rho"":null,""inversion_channel"":22.5,""period_ms"":21.999835968017578}"
199087,1,5408.8998,5408.8998,False,1.0,"{""inversion_rho"":null,""inversion_channel"":22.0,""period_ms"":21.999835968017578}"
199087,1,5432.2,5432.2,False,1.0,"{""inversion_rho"":null,""inversion_channel"":21.5,""period_ms"":21.999835968017578}"
199087,1,5458.3998,5458.3998,False,1.0,"{""inversion_rho"":null,""inversion_channel"":21.5,""period_ms"":21.999835968017578}"
199087,1,5485.0001,5485.0001,False,1.0,"{""inversion_rho"":null,""inversion_channel"":21.0,""period_ms"":21.999835968017578}"
199087,1,5512.8999,5512.8999,False,1.0,"{""inversion_rho"":null,""inversion_channel"":21.5,""period_ms"":21.999835968017578}"
199087,1,5541.1,5541.1,False,1.0,"{""inversion_rho"":null,""inversion_channel"":21.5,""period_ms"":21.999835968017578}"
199087,1,5562.7999,5562.7999,False,0.625,"{""inversion_rho"":null,""inversion_channel"":19.5,""period_ms"":21.999835968017578}"
199087,1,5582.9,5582.9,False,1.0,"{""inversion_rho"":null,""inversion_channel"":21.0,""period_ms"":21.999835968017578}"
199087,1,5601.5,5601.5,False,1.0,"{""inversion_rho"":null,""inversion_channel"":21.0,""period_ms"":21.999835968017578}"
199087,1,5618.3,5618.3,False,1.0,"{""inversion_rho"":null,""inversion_channel"":20.5,""period_ms"":21.999835968017578}"
199087,1,5637.0001,5637.0001,False,1.0,"{""inversion_rho"":null,""inversion_channel"":20.5,""period_ms"":21.999835968017578}"
199087,1,5651.7,5651.7,False,1.0,"{""inversion_rho"":null,""inversion_channel"":20.5,""period_ms"":21.999835968017578}"
199087,1,5669.6,5669.6,False,1.0,"{""inversion_rho"":null,""inversion_channel"":21.0,""period_ms"":21.999835968017578}"
199087,1,5683.8002,5683.8002,False,0.625,"{""inversion_rho"":null,""inversion_channel"":31.5,""period_ms"":21.999835968017578}"
199087,1,5689.0001,5689.0001,False,0.625,"{""inversion_rho"":null,""inversion_channel"":20.5,""period_ms"":15.600204467773438}"
199087,1,5706.6002,5706.6002,False,1.0,"{""inversion_rho"":null,""inversion_channel"":21.5,""period_ms"":15.600204467773438}"
199087,1,5723.1002,5723.1002,False,0.375,"{""inversion_rho"":null,""inversion_channel"":25.0,""period_ms"":15.600204467773438}"
199087,1,5741.6,5741.6,False,1.0,"{""inversion_rho"":null,""inversion_channel"":20.5,""period_ms"":15.600204467773438}"
199087,1,5758.2998,5758.2998,False,1.0,"{""inversion_rho"":null,""inversion_channel"":15.5,""period_ms"":15.600204467773438}"
199087,1,5773.9,5773.9,False,1.0,"{""inversion_rho"":null,""inversion_channel"":25.5,""period_ms"":15.600204467773438}"
199087,1,5789.4001,5789.4001,False,0.625,"{""inversion_rho"":null,""inversion_channel"":13.5,""period_ms"":15.600204467773438}"
199087,1,5803.1001,5803.1001,False,0.75,"{""inversion_rho"":null,""inversion_channel"":16.0,""period_ms"":15.600204467773438}"
199087,1,5819.3998,5819.3998,False,1.0,"{""inversion_rho"":null,""inversion_channel"":31.0,""period_ms"":15.600204467773438}"
199087,1,5834.3,5834.3,False,1.0,"{""inversion_rho"":null,""inversion_channel"":15.5,""period_ms"":15.600204467773438}"
199087,1,5850.2998,5850.2998,False,1.0,"{""inversion_rho"":null,""inversion_channel"":14.0,""period_ms"":15.600204467773438}"
199087,1,5865.7999,5865.7999,False,1.0,"{""inversion_rho"":null,""inversion_channel"":14.0,""period_ms"":15.600204467773438}"
199087,1,5882.1001,5882.1001,False,1.0,"{""inversion_rho"":null,""inversion_channel"":12.5,""period_ms"":15.600204467773438}"
199087,1,5896.8,5896.8,False,0.75,"{""inversion_rho"":null,""inversion_channel"":13.5,""period_ms"":15.600204467773438}"
199087,1,5912.4999,5912.4999,False,1.0,"{""inversion_rho"":null,""inversion_channel"":25.0,""period_ms"":15.600204467773438}"
199087,1,5926.7998,5926.7998,False,1.0,"{""inversion_rho"":null,""inversion_channel"":13.0,""period_ms"":15.600204467773438}"
199087,1,5941.8998,5941.8998,False,1.0,"{""inversion_rho"":null,""inversion_channel"":25.0,""period_ms"":15.600204467773438}"
199087,1,5957.2001,5957.2001,False,1.0,"{""inversion_rho"":null,""inversion_channel"":25.0,""period_ms"":15.600204467773438}"
199087,1,5972.4998,5972.4998,False,1.0,"{""inversion_rho"":null,""inversion_channel"":25.0,""period_ms"":15.600204467773438}"
199087,1,5988.1001,5988.1001,False,1.0,"{""inversion_rho"":null,""inversion_channel"":25.0,""period_ms"":15.600204467773438}"
199087,1,5118.5999,5131.0,True,1.0,"{""inversion_rho"":null,""inversion_channel"":21.0,""period_ms"":6.200075149536133}"
199087,1,5161.6001,5683.8002,True,1.0,"{""inversion_rho"":null,""inversion_channel"":21.5,""period_ms"":21.999835968017578}"
199087,1,5689.0001,5988.1001,True,1.0,"{""inversion_rho"":null,""inversion_channel"":20.5,""period_ms"":15.600204467773438}"
199122,1,2002.0001,2002.0001,False,0.75,"{""inversion_rho"":null,""inversion_channel"":40.5,""period_ms"":null}"
199122,1,2881.7999,2881.7999,False,0.25,"{""inversion_rho"":null,""inversion_channel"":13.5,""period_ms"":38.10000419616699}"
199122,1,2919.8999,2919.8999,False,0.75,"{""inversion_rho"":null,""inversion_channel"":17.5,""period_ms"":38.10000419616699}"
199122,1,2952.8,2952.8,False,1.0,"{""inversion_rho"":null,""inversion_channel"":14.5,""period_ms"":38.10000419616699}"
199122,1,3025.1999,3025.1999,False,1.0,"{""inversion_rho"":null,""inversion_channel"":6.5,""period_ms"":38.10000419616699}"
199122,1,3042.7001,3042.7001,False,0.25,"{""inversion_rho"":null,""inversion_channel"":7.5,""period_ms"":8.949995040893555}"
199122,1,3052.0999,3052.0999,False,1.0,"{""inversion_rho"":null,""inversion_channel"":19.0,""period_ms"":8.949995040893555}"
199122,1,3070.2,3070.2,False,1.0,"{""inversion_rho"":null,""inversion_channel"":21.5,""period_ms"":8.949995040893555}"
199122,1,3078.7001,3078.7001,False,0.625,"{""inversion_rho"":null,""inversion_channel"":19.5,""period_ms"":8.949995040893555}"
199122,1,3084.7001,3084.7001,False,0.25,"{""inversion_rho"":null,""inversion_channel"":42.5,""period_ms"":8.949995040893555}"
199122,1,3104.1999,3104.1999,False,0.875,"{""inversion_rho"":null,""inversion_channel"":6.5,""period_ms"":9.200096130371094}"
199122,1,3111.3999,3111.3999,False,0.25,"{""inversion_rho"":null,""inversion_channel"":44.5,""period_ms"":9.200096130371094}"
199122,1,3122.6001,3122.6001,False,0.25,"{""inversion_rho"":null,""inversion_channel"":44.5,""period_ms"":9.200096130371094}"
199122,1,3161.9999,3161.9999,False,0.875,"{""inversion_rho"":null,""inversion_channel"":19.5,""period_ms"":9.199857711791992}"
199122,1,3170.9001,3170.9001,False,0.5,"{""inversion_rho"":null,""inversion_channel"":20.5,""period_ms"":9.199857711791992}"
199122,1,3180.5,3180.5,False,0.375,"{""inversion_rho"":null,""inversion_channel"":41.5,""period_ms"":9.199857711791992}"
199122,1,3189.6999,3189.6999,False,0.625,"{""inversion_rho"":null,""inversion_channel"":41.5,""period_ms"":9.199857711791992}"
199122,1,3224.7,3224.7,False,0.875,"{""inversion_rho"":null,""inversion_channel"":19.0,""period_ms"":14.499902725219727}"
199122,1,3243.9001,3243.9001,False,1.0,"{""inversion_rho"":null,""inversion_channel"":5.5,""period_ms"":14.499902725219727}"
199122,1,3263.6001,3263.6001,False,0.375,"{""inversion_rho"":null,""inversion_channel"":20.5,""period_ms"":14.499902725219727}"
199122,1,3273.6001,3273.6001,False,1.0,"{""inversion_rho"":null,""inversion_channel"":14.5,""period_ms"":14.499902725219727}"
199122,1,3282.1,3282.1,False,0.375,"{""inversion_rho"":null,""inversion_channel"":23.5,""period_ms"":14.499902725219727}"
199122,1,3289.5999,3289.5999,False,0.25,"{""inversion_rho"":null,""inversion_channel"":20.5,""period_ms"":14.499902725219727}"
199122,1,3300.6001,3300.6001,False,1.0,"{""inversion_rho"":null,""inversion_channel"":38.5,""period_ms"":14.499902725219727}"
199122,1,3310.6,3310.6,False,1.0,"{""inversion_rho"":null,""inversion_channel"":3.5,""period_ms"":14.499902725219727}"
199122,1,3326.4999,3326.4999,False,0.25,"{""inversion_rho"":null,""inversion_channel"":20.5,""period_ms"":14.499902725219727}"
199122,1,3336.4999,3336.4999,False,0.625,"{""inversion_rho"":null,""inversion_channel"":20.5,""period_ms"":14.499902725219727}"
199122,1,3356.3001,3356.3001,False,0.25,"{""inversion_rho"":null,""inversion_channel"":23.5,""period_ms"":14.499902725219727}"
199122,1,3370.4,3370.4,False,1.0,"{""inversion_rho"":null,""inversion_channel"":39.5,""period_ms"":14.499902725219727}"
199122,1,3398.7,3398.7,False,1.0,"{""inversion_rho"":null,""inversion_channel"":40.5,""period_ms"":14.499902725219727}"
199122,1,3410.8,3410.8,False,0.25,"{""inversion_rho"":null,""inversion_channel"":21.5,""period_ms"":14.499902725219727}"
199122,1,3425.6999,3425.6999,False,0.375,"{""inversion_rho"":null,""inversion_channel"":44.5,""period_ms"":14.499902725219727}"
199122,1,3447.4001,3447.4001,False,0.5,"{""inversion_rho"":null,""inversion_channel"":21.5,""period_ms"":14.499902725219727}"
199122,1,3486.5999,3486.5999,False,0.5,"{""inversion_rho"":null,""inversion_channel"":15.0,""period_ms"":14.499902725219727}"
199122,1,3496.4001,3496.4001,False,0.375,"{""inversion_rho"":null,""inversion_channel"":5.5,""period_ms"":null}"
199122,1,3518.5001,3518.5001,False,0.625,"{""inversion_rho"":null,""inversion_channel"":8.5,""period_ms"":null}"
199122,1,3524.4,3524.4,False,0.875,"{""inversion_rho"":null,""inversion_channel"":38.0,""period_ms"":null}"
199122,1,3532.9001,3532.9001,False,0.375,"{""inversion_rho"":null,""inversion_channel"":20.5,""period_ms"":null}"
199122,1,3556.2,3556.2,False,1.0,"{""inversion_rho"":null,""inversion_channel"":5.5,""period_ms"":null}"
199122,1,3566.4001,3566.4001,False,0.5,"{""inversion_rho"":null,""inversion_channel"":20.5,""period_ms"":null}"
199122,1,3592.0999,3592.0999,False,0.75,"{""inversion_rho"":null,""inversion_channel"":20.5,""period_ms"":12.69996166229248}"
199122,1,3604.1999,3604.1999,False,0.75,"{""inversion_rho"":null,""inversion_channel"":20.5,""period_ms"":12.69996166229248}"
199122,1,3625.0,3625.0,False,1.0,"{""inversion_rho"":null,""inversion_channel"":11.5,""period_ms"":12.69996166229248}"
199122,1,3638.2999,3638.2999,False,0.5,"{""inversion_rho"":null,""inversion_channel"":21.5,""period_ms"":12.69996166229248}"
199122,1,3652.9,3652.9,False,0.75,"{""inversion_rho"":null,""inversion_channel"":1.5,""period_ms"":12.69996166229248}"
199122,1,3662.3001,3662.3001,False,0.875,"{""inversion_rho"":null,""inversion_channel"":20.5,""period_ms"":12.69996166229248}"
199122,1,3668.4999,3668.4999,False,0.25,"{""inversion_rho"":null,""inversion_channel"":21.5,""period_ms"":12.69996166229248}"
199122,1,3710.0999,3710.0999,False,0.75,"{""inversion_rho"":null,""inversion_channel"":2.5,""period_ms"":null}"
199122,1,3735.3001,3735.3001,False,1.0,"{""inversion_rho"":null,""inversion_channel"":21.5,""period_ms"":null}"
199122,1,3740.6001,3740.6001,False,1.0,"{""inversion_rho"":null,""inversion_channel"":17.5,""period_ms"":null}"
199122,1,3758.3001,3758.3001,False,0.625,"{""inversion_rho"":null,""inversion_channel"":21.5,""period_ms"":null}"
199122,1,3763.6001,3763.6001,False,1.0,"{""inversion_rho"":null,""inversion_channel"":17.5,""period_ms"":11.549949645996094}"
199122,1,3782.0001,3782.0001,False,1.0,"{""inversion_rho"":null,""inversion_channel"":18.5,""period_ms"":11.549949645996094}"
199122,1,3789.5999,3789.5999,False,1.0,"{""inversion_rho"":null,""inversion_channel"":17.5,""period_ms"":11.549949645996094}"
199122,1,3803.8001,3803.8001,False,0.625,"{""inversion_rho"":null,""inversion_channel"":19.5,""period_ms"":11.549949645996094}"
199122,1,3813.7,3813.7,False,0.5,"{""inversion_rho"":null,""inversion_channel"":16.5,""period_ms"":11.549949645996094}"
199122,1,3819.9999,3819.9999,False,0.25,"{""inversion_rho"":null,""inversion_channel"":21.5,""period_ms"":11.549949645996094}"
199122,1,3834.7001,3834.7001,False,1.0,"{""inversion_rho"":null,""inversion_channel"":22.5,""period_ms"":11.549949645996094}"
199122,1,3841.5999,3841.5999,False,0.25,"{""inversion_rho"":null,""inversion_channel"":22.5,""period_ms"":11.549949645996094}"
199122,1,3854.8,3854.8,False,1.0,"{""inversion_rho"":null,""inversion_channel"":22.5,""period_ms"":11.549949645996094}"
199122,1,3863.1001,3863.1001,False,0.75,"{""inversion_rho"":null,""inversion_channel"":1.5,""period_ms"":11.549949645996094}"
199122,1,3878.5999,3878.5999,False,0.375,"{""inversion_rho"":null,""inversion_channel"":3.5,""period_ms"":11.549949645996094}"
199122,1,3891.9001,3891.9001,False,1.0,"{""inversion_rho"":null,""inversion_channel"":5.0,""period_ms"":11.549949645996094}"
199122,1,3898.0,3898.0,False,1.0,"{""inversion_rho"":null,""inversion_channel"":21.5,""period_ms"":11.549949645996094}"
199122,1,3921.7,3921.7,False,1.0,"{""inversion_rho"":null,""inversion_channel"":39.5,""period_ms"":null}"
199122,1,3946.1999,3946.1999,False,0.25,"{""inversion_rho"":null,""inversion_channel"":15.0,""period_ms"":null}"
199122,1,4024.0998,4024.0998,False,1.0,"{""inversion_rho"":null,""inversion_channel"":2.5,""period_ms"":null}"
199122,1,4033.5999,4033.5999,False,1.0,"{""inversion_rho"":null,""inversion_channel"":2.5,""period_ms"":null}"
199122,1,4072.4001,4072.4001,False,0.625,"{""inversion_rho"":null,""inversion_channel"":6.5,""period_ms"":null}"
199122,1,4182.4999,4182.4999,False,0.375,"{""inversion_rho"":null,""inversion_channel"":6.5,""period_ms"":null}"
199122,1,4207.3998,4207.3998,False,1.0,"{""inversion_rho"":null,""inversion_channel"":42.5,""period_ms"":6.7501068115234375}"
199122,1,4215.4999,4215.4999,False,0.875,"{""inversion_rho"":null,""inversion_channel"":8.5,""period_ms"":6.7501068115234375}"
199122,1,4220.9001,4220.9001,False,0.5,"{""inversion_rho"":null,""inversion_channel"":3.5,""period_ms"":6.7501068115234375}"
199122,1,4441.2999,4441.2999,False,0.875,"{""inversion_rho"":null,""inversion_channel"":8.0,""period_ms"":null}"
199122,1,4539.3,4539.3,False,0.375,"{""inversion_rho"":null,""inversion_channel"":6.0,""period_ms"":null}"
199122,1,4565.5999,4565.5999,False,0.875,"{""inversion_rho"":null,""inversion_channel"":7.5,""period_ms"":9.400129318237305}"
199122,1,4573.9999,4573.9999,False,0.375,"{""inversion_rho"":null,""inversion_channel"":2.5,""period_ms"":9.400129318237305}"
199122,1,4584.4002,4584.4002,False,0.625,"{""inversion_rho"":null,""inversion_channel"":2.5,""period_ms"":9.400129318237305}"
199122,1,4630.3,4630.3,False,0.25,"{""inversion_rho"":null,""inversion_channel"":3.5,""period_ms"":59.29994583129883}"
199122,1,4708.3998,4708.3998,False,0.625,"{""inversion_rho"":null,""inversion_channel"":6.0,""period_ms"":59.29994583129883}"
199122,1,4748.8999,4748.8999,False,0.625,"{""inversion_rho"":null,""inversion_channel"":39.5,""period_ms"":59.29994583129883}"
199122,1,4760.2,4760.2,False,1.0,"{""inversion_rho"":null,""inversion_channel"":9.5,""period_ms"":15.300273895263672}"
199122,1,4787.7998,4787.7998,False,1.0,"{""inversion_rho"":null,""inversion_channel"":9.0,""period_ms"":15.300273895263672}"
199122,1,4803.1001,4803.1001,False,0.625,"{""inversion_rho"":null,""inversion_channel"":10.0,""period_ms"":15.300273895263672}"
199122,1,4834.0998,4834.0998,False,1.0,"{""inversion_rho"":null,""inversion_channel"":11.0,""period_ms"":15.300273895263672}"
199122,1,4849.2999,4849.2999,False,1.0,"{""inversion_rho"":null,""inversion_channel"":3.5,""period_ms"":15.300273895263672}"
199122,1,4859.4999,4859.4999,False,0.5,"{""inversion_rho"":null,""inversion_channel"":41.5,""period_ms"":15.300273895263672}"
199122,1,4883.9002,4883.9002,False,0.375,"{""inversion_rho"":null,""inversion_channel"":39.5,""period_ms"":15.300273895263672}"
199122,1,4896.9998,4896.9998,False,0.375,"{""inversion_rho"":null,""inversion_channel"":39.5,""period_ms"":15.300273895263672}"
199122,1,4980.1002,4980.1002,False,0.625,"{""inversion_rho"":null,""inversion_channel"":10.5,""period_ms"":11.00015640258789}"
199122,1,5007.2999,5007.2999,False,1.0,"{""inversion_rho"":null,""inversion_channel"":8.0,""period_ms"":11.00015640258789}"
199122,1,5022.2001,5022.2001,False,0.875,"{""inversion_rho"":null,""inversion_channel"":39.5,""period_ms"":11.00015640258789}"
199122,1,5031.1999,5031.1999,False,1.0,"{""inversion_rho"":null,""inversion_channel"":39.5,""period_ms"":11.00015640258789}"
199122,1,5038.4998,5038.4998,False,0.875,"{""inversion_rho"":null,""inversion_channel"":8.0,""period_ms"":11.00015640258789}"
199122,1,5045.8999,5045.8999,False,0.75,"{""inversion_rho"":null,""inversion_channel"":40.5,""period_ms"":11.00015640258789}"
199122,1,5060.5001,5060.5001,False,0.375,"{""inversion_rho"":null,""inversion_channel"":9.5,""period_ms"":11.00015640258789}"
199122,1,5068.2998,5068.2998,False,0.875,"{""inversion_rho"":null,""inversion_channel"":41.0,""period_ms"":11.00015640258789}"
199122,1,5081.2998,5081.2998,False,0.75,"{""inversion_rho"":null,""inversion_channel"":3.5,""period_ms"":11.00015640258789}"
199122,1,5092.2999,5092.2999,False,0.5,"{""inversion_rho"":null,""inversion_channel"":7.5,""period_ms"":11.00015640258789}"
199122,1,5124.8002,5124.8002,False,1.0,"{""inversion_rho"":null,""inversion_channel"":12.0,""period_ms"":8.299827575683594}"
199122,1,5139.2999,5139.2999,False,0.625,"{""inversion_rho"":null,""inversion_channel"":39.5,""period_ms"":8.299827575683594}"
199122,1,5147.8,5147.8,False,0.875,"{""inversion_rho"":null,""inversion_channel"":34.0,""period_ms"":8.299827575683594}"
199122,1,5156.0998,5156.0998,False,0.375,"{""inversion_rho"":null,""inversion_channel"":3.5,""period_ms"":8.299827575683594}"
199122,1,5161.3002,5161.3002,False,1.0,"{""inversion_rho"":null,""inversion_channel"":10.5,""period_ms"":8.299827575683594}"
199122,1,5168.4999,5168.4999,False,0.75,"{""inversion_rho"":null,""inversion_channel"":8.5,""period_ms"":8.299827575683594}"
199122,1,5175.7998,5175.7998,False,0.25,"{""inversion_rho"":null,""inversion_channel"":39.5,""period_ms"":8.299827575683594}"
199122,1,5191.5002,5191.5002,False,0.75,"{""inversion_rho"":null,""inversion_channel"":14.5,""period_ms"":8.299827575683594}"
199122,1,5240.6001,5240.6001,False,0.875,"{""inversion_rho"":null,""inversion_channel"":6.5,""period_ms"":20.100116729736328}"
199122,1,5254.7002,5254.7002,False,0.875,"{""inversion_rho"":null,""inversion_channel"":12.5,""period_ms"":20.100116729736328}"
199122,1,5278.6999,5278.6999,False,1.0,"{""inversion_rho"":null,""inversion_channel"":2.0,""period_ms"":20.100116729736328}"
199122,1,5298.8,5298.8,False,1.0,"{""inversion_rho"":null,""inversion_channel"":10.0,""period_ms"":20.100116729736328}"
199122,1,5313.2,5313.2,False,1.0,"{""inversion_rho"":null,""inversion_channel"":11.5,""period_ms"":20.100116729736328}"
199122,1,5342.9999,5342.9999,False,0.25,"{""inversion_rho"":null,""inversion_channel"":7.5,""period_ms"":20.100116729736328}"
199122,1,5421.5999,5421.5999,False,0.625,"{""inversion_rho"":null,""inversion_channel"":39.5,""period_ms"":null}"
199122,1,5433.7001,5433.7001,False,0.625,"{""inversion_rho"":null,""inversion_channel"":13.5,""period_ms"":null}"
199122,1,5474.5998,5474.5998,False,1.0,"{""inversion_rho"":null,""inversion_channel"":39.5,""period_ms"":17.800092697143555}"
199122,1,5497.6001,5497.6001,False,0.75,"{""inversion_rho"":null,""inversion_channel"":11.5,""period_ms"":17.800092697143555}"
199122,1,5515.8,5515.8,False,1.0,"{""inversion_rho"":null,""inversion_channel"":3.5,""period_ms"":17.800092697143555}"
199122,1,5528.3999,5528.3999,False,0.875,"{""inversion_rho"":null,""inversion_channel"":9.0,""period_ms"":17.800092697143555}"
199122,1,5545.8002,5545.8002,False,1.0,"{""inversion_rho"":null,""inversion_channel"":10.5,""period_ms"":17.800092697143555}"
199122,1,5566.5002,5566.5002,False,1.0,"{""inversion_rho"":null,""inversion_channel"":7.5,""period_ms"":17.800092697143555}"
199122,1,5574.9998,5574.9998,False,0.875,"{""inversion_rho"":null,""inversion_channel"":7.5,""period_ms"":17.800092697143555}"
199122,1,5647.8,5647.8,False,1.0,"{""inversion_rho"":null,""inversion_channel"":4.5,""period_ms"":35.3999137878418}"
199122,1,5683.1999,5683.1999,False,1.0,"{""inversion_rho"":null,""inversion_channel"":10.0,""period_ms"":35.3999137878418}"
199122,1,5722.7001,5722.7001,False,0.375,"{""inversion_rho"":null,""inversion_channel"":37.0,""period_ms"":35.3999137878418}"
199122,1,5740.3998,5740.3998,False,1.0,"{""inversion_rho"":null,""inversion_channel"":6.5,""period_ms"":35.3999137878418}"
199122,1,5785.2001,5785.2001,False,1.0,"{""inversion_rho"":null,""inversion_channel"":10.5,""period_ms"":null}"
199122,1,5811.2001,5811.2001,False,1.0,"{""inversion_rho"":null,""inversion_channel"":2.5,""period_ms"":null}"
199122,1,5877.1,5877.1,False,1.0,"{""inversion_rho"":null,""inversion_channel"":39.5,""period_ms"":null}"
199122,1,5936.6002,5936.6002,False,1.0,"{""inversion_rho"":null,""inversion_channel"":9.0,""period_ms"":null}"
199122,1,5948.5002,5948.5002,False,0.625,"{""inversion_rho"":null,""inversion_channel"":11.0,""period_ms"":null}"
199122,1,2881.7999,3025.1999,True,1.0,"{""inversion_rho"":null,""inversion_channel"":14.0,""period_ms"":38.10000419616699}"
199122,1,3042.7001,3084.7001,True,1.0,"{""inversion_rho"":null,""inversion_channel"":19.5,""period_ms"":8.949995040893555}"
199122,1,3104.1999,3122.6001,True,1.0,"{""inversion_rho"":null,""inversion_channel"":44.5,""period_ms"":9.200096130371094}"
199122,1,3161.9999,3189.6999,True,1.0,"{""inversion_rho"":null,""inversion_channel"":31.0,""period_ms"":9.199857711791992}"
199122,1,3224.7,3486.5999,True,1.0,"{""inversion_rho"":null,""inversion_channel"":20.5,""period_ms"":14.499902725219727}"
199122,1,3592.0999,3668.4999,True,1.0,"{""inversion_rho"":null,""inversion_channel"":20.5,""period_ms"":12.69996166229248}"
199122,1,3763.6001,3898.0,True,1.0,"{""inversion_rho"":null,""inversion_channel"":18.5,""period_ms"":11.549949645996094}"
199122,1,4207.3998,4220.9001,True,1.0,"{""inversion_rho"":null,""inversion_channel"":8.5,""period_ms"":6.7501068115234375}"
199122,1,4565.5999,4584.4002,True,1.0,"{""inversion_rho"":null,""inversion_channel"":2.5,""period_ms"":9.400129318237305}"
199122,1,4630.3,4748.8999,True,1.0,"{""inversion_rho"":null,""inversion_channel"":6.0,""period_ms"":59.29994583129883}"
199122,1,4760.2,4896.9998,True,1.0,"{""inversion_rho"":null,""inversion_channel"":10.5,""period_ms"":15.300273895263672}"
199122,1,4980.1002,5092.2999,True,1.0,"{""inversion_rho"":null,""inversion_channel"":10.0,""period_ms"":11.00015640258789}"
199122,1,5124.8002,5191.5002,True,1.0,"{""inversion_rho"":null,""inversion_channel"":13.25,""period_ms"":8.299827575683594}"
199122,1,5240.6001,5342.9999,True,1.0,"{""inversion_rho"":null,""inversion_channel"":8.75,""period_ms"":20.100116729736328}"
199122,1,5474.5998,5574.9998,True,1.0,"{""inversion_rho"":null,""inversion_channel"":9.0,""period_ms"":17.800092697143555}"
199122,1,5647.8,5740.3998,True,1.0,"{""inversion_rho"":null,""inversion_channel"":8.25,""period_ms"":35.3999137878418}"
199183,1,65.2,65.2,False,0.375,"{""inversion_rho"":null,""inversion_channel"":36.5,""period_ms"":null}"
199183,1,99.5,99.5,False,0.5,"{""inversion_rho"":null,""inversion_channel"":30.5,""period_ms"":null}"
199183,1,1122.4999,1122.4999,False,1.0,"{""inversion_rho"":null,""inversion_channel"":20.5,""period_ms"":19.04994249343872}"
199183,1,1144.9,1144.9,False,1.0,"{""inversion_rho"":null,""inversion_channel"":5.5,""period_ms"":19.04994249343872}"
199183,1,1166.2,1166.2,False,0.375,"{""inversion_rho"":null,""inversion_channel"":22.5,""period_ms"":19.04994249343872}"
199183,1,1186.1,1186.1,False,1.0,"{""inversion_rho"":null,""inversion_channel"":22.5,""period_ms"":19.04994249343872}"
199183,1,1205.7,1205.7,False,1.0,"{""inversion_rho"":null,""inversion_channel"":23.5,""period_ms"":19.04994249343872}"
199183,1,1224.7,1224.7,False,1.0,"{""inversion_rho"":null,""inversion_channel"":24.0,""period_ms"":19.04994249343872}"
199183,1,1242.1,1242.1,False,1.0,"{""inversion_rho"":null,""inversion_channel"":23.0,""period_ms"":19.04994249343872}"
199183,1,1259.4,1259.4,False,1.0,"{""inversion_rho"":null,""inversion_channel"":24.5,""period_ms"":19.04994249343872}"
199183,1,1276.6,1276.6,False,0.75,"{""inversion_rho"":null,""inversion_channel"":24.0,""period_ms"":19.04994249343872}"
199183,1,1291.1,1291.1,False,1.0,"{""inversion_rho"":null,""inversion_channel"":25.0,""period_ms"":19.04994249343872}"
199183,1,1313.5999,1313.5999,False,0.25,"{""inversion_rho"":null,""inversion_channel"":2.5,""period_ms"":19.04994249343872}"
199183,1,1323.5,1323.5,False,1.0,"{""inversion_rho"":null,""inversion_channel"":24.5,""period_ms"":19.04994249343872}"
199183,1,1343.9,1343.9,False,0.625,"{""inversion_rho"":null,""inversion_channel"":38.5,""period_ms"":19.04994249343872}"
199183,1,1355.7,1355.7,False,1.0,"{""inversion_rho"":null,""inversion_channel"":27.5,""period_ms"":19.04994249343872}"
199183,1,1374.8,1374.8,False,0.375,"{""inversion_rho"":null,""inversion_channel"":39.5,""period_ms"":19.04994249343872}"
199183,1,1386.2,1386.2,False,1.0,"{""inversion_rho"":null,""inversion_channel"":27.5,""period_ms"":19.04994249343872}"
199183,1,1406.4,1406.4,False,1.0,"{""inversion_rho"":null,""inversion_channel"":39.5,""period_ms"":19.04994249343872}"
199183,1,1414.0,1414.0,False,1.0,"{""inversion_rho"":null,""inversion_channel"":25.0,""period_ms"":16.900062561035156}"
199183,1,1435.9,1435.9,False,1.0,"{""inversion_rho"":null,""inversion_channel"":26.0,""period_ms"":16.900062561035156}"
199183,1,1454.0,1454.0,False,1.0,"{""inversion_rho"":null,""inversion_channel"":26.5,""period_ms"":16.900062561035156}"
199183,1,1471.3,1471.3,False,1.0,"{""inversion_rho"":null,""inversion_channel"":28.5,""period_ms"":16.900062561035156}"
199183,1,1486.7001,1486.7001,False,1.0,"{""inversion_rho"":null,""inversion_channel"":37.5,""period_ms"":16.900062561035156}"
199183,1,1495.9,1495.9,False,1.0,"{""inversion_rho"":null,""inversion_channel"":27.5,""period_ms"":16.900062561035156}"
199183,1,1516.4,1516.4,False,1.0,"{""inversion_rho"":null,""inversion_channel"":37.5,""period_ms"":16.900062561035156}"
199183,1,1531.8,1531.8,False,1.0,"{""inversion_rho"":null,""inversion_channel"":28.0,""period_ms"":16.900062561035156}"
199183,1,1547.5,1547.5,False,1.0,"{""inversion_rho"":null,""inversion_channel"":37.5,""period_ms"":16.900062561035156}"
199183,1,1570.4,1570.4,False,1.0,"{""inversion_rho"":null,""inversion_channel"":27.5,""period_ms"":16.900062561035156}"
199183,1,1592.2,1592.2,False,1.0,"{""inversion_rho"":null,""inversion_channel"":27.5,""period_ms"":16.900062561035156}"
199183,1,1609.5001,1609.5001,False,1.0,"{""inversion_rho"":null,""inversion_channel"":25.5,""period_ms"":16.900062561035156}"
199183,1,1626.4,1626.4,False,1.0,"{""inversion_rho"":null,""inversion_channel"":27.5,""period_ms"":16.900062561035156}"
199183,1,1644.0001,1644.0001,False,1.0,"{""inversion_rho"":null,""inversion_channel"":28.0,""period_ms"":16.900062561035156}"
199183,1,1660.2,1660.2,False,1.0,"{""inversion_rho"":null,""inversion_channel"":27.5,""period_ms"":16.900062561035156}"
199183,1,1683.4,1683.4,False,1.0,"{""inversion_rho"":null,""inversion_channel"":27.5,""period_ms"":16.900062561035156}"
199183,1,1703.3,1703.3,False,1.0,"{""inversion_rho"":null,""inversion_channel"":27.5,""period_ms"":16.900062561035156}"
199183,1,1718.7999,1718.7999,False,1.0,"{""inversion_rho"":null,""inversion_channel"":28.5,""period_ms"":16.900062561035156}"
199183,1,1734.5999,1734.5999,False,1.0,"{""inversion_rho"":null,""inversion_channel"":27.5,""period_ms"":16.900062561035156}"
199183,1,1751.3,1751.3,False,1.0,"{""inversion_rho"":null,""inversion_channel"":28.0,""period_ms"":16.900062561035156}"
199183,1,1774.6,1774.6,False,1.0,"{""inversion_rho"":null,""inversion_channel"":27.5,""period_ms"":16.900062561035156}"
199183,1,1795.0,1795.0,False,1.0,"{""inversion_rho"":null,""inversion_channel"":28.5,""period_ms"":16.900062561035156}"
199183,1,1810.7001,1810.7001,False,1.0,"{""inversion_rho"":null,""inversion_channel"":29.5,""period_ms"":16.900062561035156}"
