shot,category,t_start,t_end,crowd,confidence,attrs
199183,1,1826.2,1826.2,False,1.0,"{""inversion_rho"":null,""inversion_channel"":27.5,""period_ms"":16.900062561035156}"
199183,1,1842.9,1842.9,False,1.0,"{""inversion_rho"":null,""inversion_channel"":28.0,""period_ms"":16.900062561035156}"
199183,1,1858.9,1858.9,False,1.0,"{""inversion_rho"":null,""inversion_channel"":27.5,""period_ms"":16.900062561035156}"
199183,1,1875.6,1875.6,False,1.0,"{""inversion_rho"":null,""inversion_channel"":28.0,""period_ms"":16.900062561035156}"
199183,1,1892.0,1892.0,False,1.0,"{""inversion_rho"":null,""inversion_channel"":37.5,""period_ms"":16.900062561035156}"
199183,1,1908.8,1908.8,False,1.0,"{""inversion_rho"":null,""inversion_channel"":27.0,""period_ms"":16.900062561035156}"
199183,1,1925.2,1925.2,False,1.0,"{""inversion_rho"":null,""inversion_channel"":27.5,""period_ms"":16.900062561035156}"
199183,1,1941.0,1941.0,False,1.0,"{""inversion_rho"":null,""inversion_channel"":38.0,""period_ms"":16.900062561035156}"
199183,1,1957.6,1957.6,False,1.0,"{""inversion_rho"":null,""inversion_channel"":35.5,""period_ms"":16.900062561035156}"
199183,1,1974.9,1974.9,False,1.0,"{""inversion_rho"":null,""inversion_channel"":28.5,""period_ms"":16.900062561035156}"
199183,1,1992.0,1992.0,False,1.0,"{""inversion_rho"":null,""inversion_channel"":27.5,""period_ms"":16.900062561035156}"
199183,1,2014.4999,2014.4999,False,1.0,"{""inversion_rho"":null,""inversion_channel"":28.0,""period_ms"":16.900062561035156}"
199183,1,2034.2,2034.2,False,1.0,"{""inversion_rho"":null,""inversion_channel"":27.5,""period_ms"":16.900062561035156}"
199183,1,2057.2,2057.2,False,1.0,"{""inversion_rho"":null,""inversion_channel"":27.5,""period_ms"":16.900062561035156}"
199183,1,2081.1999,2081.1999,False,1.0,"{""inversion_rho"":null,""inversion_channel"":27.5,""period_ms"":16.900062561035156}"
199183,1,2100.4,2100.4,False,1.0,"{""inversion_rho"":null,""inversion_channel"":27.5,""period_ms"":16.900062561035156}"
199183,1,2125.0,2125.0,False,1.0,"{""inversion_rho"":null,""inversion_channel"":27.5,""period_ms"":16.900062561035156}"
199183,1,2146.5001,2146.5001,False,1.0,"{""inversion_rho"":null,""inversion_channel"":36.0,""period_ms"":16.900062561035156}"
199183,1,2163.3999,2163.3999,False,1.0,"{""inversion_rho"":null,""inversion_channel"":27.5,""period_ms"":16.900062561035156}"
199183,1,2180.0001,2180.0001,False,1.0,"{""inversion_rho"":null,""inversion_channel"":28.0,""period_ms"":16.900062561035156}"
199183,1,2196.3999,2196.3999,False,1.0,"{""inversion_rho"":null,""inversion_channel"":28.0,""period_ms"":16.900062561035156}"
199183,1,2213.3999,2213.3999,False,1.0,"{""inversion_rho"":null,""inversion_channel"":28.5,""period_ms"":16.900062561035156}"
199183,1,2230.0,2230.0,False,1.0,"{""inversion_rho"":null,""inversion_channel"":28.5,""period_ms"":16.900062561035156}"
199183,1,2246.5999,2246.5999,False,0.875,"{""inversion_rho"":null,""inversion_channel"":38.5,""period_ms"":16.900062561035156}"
199183,1,2263.7,2263.7,False,1.0,"{""inversion_rho"":null,""inversion_channel"":42.5,""period_ms"":16.900062561035156}"
199183,1,2280.1001,2280.1001,False,1.0,"{""inversion_rho"":null,""inversion_channel"":28.0,""period_ms"":16.900062561035156}"
199183,1,2296.5,2296.5,False,1.0,"{""inversion_rho"":null,""inversion_channel"":28.5,""period_ms"":16.900062561035156}"
199183,1,2318.0001,2318.0001,False,1.0,"{""inversion_rho"":null,""inversion_channel"":27.5,""period_ms"":16.900062561035156}"
199183,1,2336.9999,2336.9999,False,0.75,"{""inversion_rho"":null,""inversion_channel"":37.5,""period_ms"":16.900062561035156}"
199183,1,2352.5,2352.5,False,1.0,"{""inversion_rho"":null,""inversion_channel"":38.5,""period_ms"":16.900062561035156}"
199183,1,2369.4,2369.4,False,1.0,"{""inversion_rho"":null,""inversion_channel"":28.5,""period_ms"":16.900062561035156}"
199183,1,2385.7999,2385.7999,False,1.0,"{""inversion_rho"":null,""inversion_channel"":35.0,""period_ms"":16.900062561035156}"
199183,1,2409.4999,2409.4999,False,1.0,"{""inversion_rho"":null,""inversion_channel"":28.5,""period_ms"":16.900062561035156}"
199183,1,2429.8999,2429.8999,False,1.0,"{""inversion_rho"":null,""inversion_channel"":38.5,""period_ms"":16.900062561035156}"
199183,1,2451.2,2451.2,False,1.0,"{""inversion_rho"":null,""inversion_channel"":27.5,""period_ms"":16.900062561035156}"
199183,1,2470.9001,2470.9001,False,1.0,"{""inversion_rho"":null,""inversion_channel"":27.5,""period_ms"":16.900062561035156}"
199183,1,2487.2,2487.2,False,1.0,"{""inversion_rho"":null,""inversion_channel"":28.0,""period_ms"":16.900062561035156}"
199183,1,2503.7999,2503.7999,False,1.0,"{""inversion_rho"":null,""inversion_channel"":27.5,""period_ms"":16.900062561035156}"
199183,1,2527.4,2527.4,False,1.0,"{""inversion_rho"":null,""inversion_channel"":27.5,""period_ms"":16.900062561035156}"
199183,1,2548.1999,2548.1999,False,1.0,"{""inversion_rho"":null,""inversion_channel"":28.5,""period_ms"":16.900062561035156}"
199183,1,2563.9,2563.9,False,1.0,"{""inversion_rho"":null,""inversion_channel"":28.5,""period_ms"":16.900062561035156}"
199183,1,2580.6,2580.6,False,1.0,"{""inversion_rho"":null,""inversion_channel"":28.5,""period_ms"":16.900062561035156}"
199183,1,2597.1,2597.1,False,1.0,"{""inversion_rho"":null,""inversion_channel"":30.0,""period_ms"":16.900062561035156}"
199183,1,2614.0001,2614.0001,False,1.0,"{""inversion_rho"":null,""inversion_channel"":28.5,""period_ms"":16.900062561035156}"
199183,1,2630.7001,2630.7001,False,1.0,"{""inversion_rho"":null,""inversion_channel"":28.5,""period_ms"":16.900062561035156}"
199183,1,2647.2001,2647.2001,False,1.0,"{""inversion_rho"":null,""inversion_channel"":27.5,""period_ms"":16.900062561035156}"
199183,1,2664.4001,2664.4001,False,1.0,"{""inversion_rho"":null,""inversion_channel"":29.0,""period_ms"":16.900062561035156}"
199183,1,2681.0999,2681.0999,False,1.0,"{""inversion_rho"":null,""inversion_channel"":29.0,""period_ms"":16.900062561035156}"
199183,1,2697.3,2697.3,False,1.0,"{""inversion_rho"":null,""inversion_channel"":27.5,""period_ms"":16.900062561035156}"
199183,1,2719.0001,2719.0001,False,1.0,"{""inversion_rho"":null,""inversion_channel"":28.5,""period_ms"":16.900062561035156}"
199183,1,2737.6001,2737.6001,False,1.0,"{""inversion_rho"":null,""inversion_channel"":35.5,""period_ms"":16.900062561035156}"
199183,1,2753.5,2753.5,False,1.0,"{""inversion_rho"":null,""inversion_channel"":27.5,""period_ms"":16.900062561035156}"
199183,1,2770.1001,2770.1001,False,1.0,"{""inversion_rho"":null,""inversion_channel"":29.5,""period_ms"":16.900062561035156}"
199183,1,2786.5,2786.5,False,1.0,"{""inversion_rho"":null,""inversion_channel"":25.0,""period_ms"":16.900062561035156}"
199183,1,2809.9,2809.9,False,1.0,"{""inversion_rho"":null,""inversion_channel"":27.5,""period_ms"":16.900062561035156}"
199183,1,2830.8001,2830.8001,False,1.0,"{""inversion_rho"":null,""inversion_channel"":29.0,""period_ms"":16.900062561035156}"
199183,1,2847.8,2847.8,False,1.0,"{""inversion_rho"":null,""inversion_channel"":29.0,""period_ms"":16.900062561035156}"
199183,1,2863.8,2863.8,False,1.0,"{""inversion_rho"":null,""inversion_channel"":27.5,""period_ms"":16.900062561035156}"
199183,1,2879.6,2879.6,False,1.0,"{""inversion_rho"":null,""inversion_channel"":37.5,""period_ms"":16.900062561035156}"
199183,1,2896.8999,2896.8999,False,1.0,"{""inversion_rho"":null,""inversion_channel"":28.0,""period_ms"":16.900062561035156}"
199183,1,2912.6999,2912.6999,False,1.0,"{""inversion_rho"":null,""inversion_channel"":36.5,""period_ms"":16.900062561035156}"
199183,1,2928.7,2928.7,False,1.0,"{""inversion_rho"":null,""inversion_channel"":29.5,""period_ms"":16.900062561035156}"
199183,1,2944.9,2944.9,False,1.0,"{""inversion_rho"":null,""inversion_channel"":29.0,""period_ms"":16.900062561035156}"
199183,1,2965.8999,2965.8999,False,1.0,"{""inversion_rho"":null,""inversion_channel"":28.5,""period_ms"":16.900062561035156}"
199183,1,2984.2999,2984.2999,False,0.5,"{""inversion_rho"":null,""inversion_channel"":29.5,""period_ms"":16.900062561035156}"
199183,1,3000.6001,3000.6001,False,1.0,"{""inversion_rho"":null,""inversion_channel"":29.0,""period_ms"":16.900062561035156}"
199183,1,3016.7999,3016.7999,False,1.0,"{""inversion_rho"":null,""inversion_channel"":29.5,""period_ms"":16.900062561035156}"
199183,1,3036.2,3036.2,False,1.0,"{""inversion_rho"":null,""inversion_channel"":28.5,""period_ms"":16.900062561035156}"
199183,1,3054.6,3054.6,False,1.0,"{""inversion_rho"":null,""inversion_channel"":29.5,""period_ms"":16.900062561035156}"
199183,1,3070.8001,3070.8001,False,1.0,"{""inversion_rho"":null,""inversion_channel"":28.5,""period_ms"":16.900062561035156}"
199183,1,3086.4999,3086.4999,False,1.0,"{""inversion_rho"":null,""inversion_channel"":29.0,""period_ms"":16.900062561035156}"
199183,1,3103.1001,3103.1001,False,1.0,"{""inversion_rho"":null,""inversion_channel"":28.5,""period_ms"":16.900062561035156}"
199183,1,3126.4999,3126.4999,False,1.0,"{""inversion_rho"":null,""inversion_channel"":28.5,""period_ms"":16.900062561035156}"
199183,1,3147.1,3147.1,False,1.0,"{""inversion_rho"":null,""inversion_channel"":38.5,""period_ms"":16.900062561035156}"
199183,1,3167.0001,3167.0001,False,1.0,"{""inversion_rho"":null,""inversion_channel"":28.5,""period_ms"":16.900062561035156}"
199183,1,3184.7,3184.7,False,0.875,"{""inversion_rho"":null,""inversion_channel"":30.0,""period_ms"":16.900062561035156}"
199183,1,3205.8001,3205.8001,False,1.0,"{""inversion_rho"":null,""inversion_channel"":28.5,""period_ms"":16.900062561035156}"
199183,1,3225.1999,3225.1999,False,1.0,"{""inversion_rho"":null,""inversion_channel"":29.0,""period_ms"":16.900062561035156}"
199183,1,3240.7999,3240.7999,False,1.0,"{""inversion_rho"":null,""inversion_channel"":29.5,""period_ms"":16.900062561035156}"
199183,1,3262.5,3262.5,False,1.0,"{""inversion_rho"":null,""inversion_channel"":29.0,""period_ms"":16.900062561035156}"
199183,1,3281.8999,3281.8999,False,1.0,"{""inversion_rho"":null,""inversion_channel"":29.0,""period_ms"":16.900062561035156}"
199183,1,3303.9999,3303.9999,False,1.0,"{""inversion_rho"":null,""inversion_channel"":28.5,""period_ms"":16.900062561035156}"
199183,1,3323.4999,3323.4999,False,0.875,"{""inversion_rho"":null,""inversion_channel"":28.5,""period_ms"":16.900062561035156}"
199183,1,3338.5,3338.5,False,1.0,"{""inversion_rho"":null,""inversion_channel"":38.5,""period_ms"":16.900062561035156}"
199183,1,3345.9001,3345.9001,False,1.0,"{""inversion_rho"":null,""inversion_channel"":28.5,""period_ms"":16.900062561035156}"
199183,1,3365.4001,3365.4001,False,1.0,"{""inversion_rho"":null,""inversion_channel"":28.0,""period_ms"":16.499996185302734}"
199183,1,3381.0999,3381.0999,False,1.0,"{""inversion_rho"":null,""inversion_channel"":29.5,""period_ms"":16.499996185302734}"
199183,1,3400.5001,3400.5001,False,1.0,"{""inversion_rho"":null,""inversion_channel"":28.5,""period_ms"":16.499996185302734}"
199183,1,3418.4999,3418.4999,False,1.0,"{""inversion_rho"":null,""inversion_channel"":29.5,""period_ms"":16.499996185302734}"
199183,1,3435.1001,3435.1001,False,1.0,"{""inversion_rho"":null,""inversion_channel"":29.5,""period_ms"":16.499996185302734}"
199183,1,3451.8001,3451.8001,False,1.0,"{""inversion_rho"":null,""inversion_channel"":27.5,""period_ms"":16.499996185302734}"
199183,1,3467.5,3467.5,False,1.0,"{""inversion_rho"":null,""inversion_channel"":29.0,""period_ms"":16.499996185302734}"
199183,1,3483.3,3483.3,False,1.0,"{""inversion_rho"":null,""inversion_channel"":29.5,""period_ms"":16.499996185302734}"
199183,1,3499.0001,3499.0001,False,0.75,"{""inversion_rho"":null,""inversion_channel"":37.5,""period_ms"":16.499996185302734}"
199183,1,3514.8001,3514.8001,False,1.0,"{""inversion_rho"":null,""inversion_channel"":29.0,""period_ms"":16.499996185302734}"
199183,1,3531.3001,3531.3001,False,1.0,"{""inversion_rho"":null,""inversion_channel"":29.5,""period_ms"":16.499996185302734}"
199183,1,3546.7999,3546.7999,False,1.0,"{""inversion_rho"":null,""inversion_channel"":29.5,""period_ms"":16.499996185302734}"
199183,1,3562.7999,3562.7999,False,1.0,"{""inversion_rho"":null,""inversion_channel"":29.5,""period_ms"":16.499996185302734}"
199183,1,3583.6,3583.6,False,1.0,"{""inversion_rho"":null,""inversion_channel"":29.0,""period_ms"":16.499996185302734}"
199183,1,3602.9,3602.9,False,1.0,"{""inversion_rho"":null,""inversion_channel"":28.0,""period_ms"":16.499996185302734}"
199183,1,3618.2001,3618.2001,False,1.0,"{""inversion_rho"":null,""inversion_channel"":28.5,""period_ms"":16.499996185302734}"
199183,1,3633.6999,3633.6999,False,1.0,"{""inversion_rho"":null,""inversion_channel"":37.5,""period_ms"":16.499996185302734}"
199183,1,3649.3001,3649.3001,False,1.0,"{""inversion_rho"":null,""inversion_channel"":27.5,""period_ms"":16.499996185302734}"
199183,1,3669.8,3669.8,False,1.0,"{""inversion_rho"":null,""inversion_channel"":28.5,""period_ms"":16.499996185302734}"
199183,1,3693.2001,3693.2001,False,1.0,"{""inversion_rho"":null,""inversion_channel"":29.0,""period_ms"":16.499996185302734}"
199183,1,3711.2,3711.2,False,1.0,"{""inversion_rho"":null,""inversion_channel"":37.5,""period_ms"":16.499996185302734}"
199183,1,3726.5,3726.5,False,1.0,"{""inversion_rho"":null,""inversion_channel"":29.5,""period_ms"":16.499996185302734}"
199183,1,3742.3,3742.3,False,1.0,"{""inversion_rho"":null,""inversion_channel"":27.5,""period_ms"":16.499996185302734}"
199183,1,3758.5001,3758.5001,False,1.0,"{""inversion_rho"":null,""inversion_channel"":29.5,""period_ms"":16.499996185302734}"
199183,1,3773.9999,3773.9999,False,1.0,"{""inversion_rho"":null,""inversion_channel"":28.5,""period_ms"":16.499996185302734}"
199183,1,3793.6001,3793.6001,False,1.0,"{""inversion_rho"":null,""inversion_channel"":28.5,""period_ms"":16.499996185302734}"
199183,1,3811.6,3811.6,False,1.0,"{""inversion_rho"":null,""inversion_channel"":28.0,""period_ms"":16.499996185302734}"
199183,1,3826.9,3826.9,False,1.0,"{""inversion_rho"":null,""inversion_channel"":27.5,""period_ms"":16.499996185302734}"
199183,1,3844.1,3844.1,False,1.0,"{""inversion_rho"":null,""inversion_channel"":29.5,""period_ms"":16.499996185302734}"
199183,1,3861.2001,3861.2001,False,1.0,"{""inversion_rho"":null,""inversion_channel"":29.5,""period_ms"":16.499996185302734}"
199183,1,3881.0,3881.0,False,1.0,"{""inversion_rho"":null,""inversion_channel"":29.0,""period_ms"":16.499996185302734}"
199183,1,3899.1001,3899.1001,False,1.0,"{""inversion_rho"":null,""inversion_channel"":29.0,""period_ms"":16.499996185302734}"
199183,1,3914.4001,3914.4001,False,1.0,"{""inversion_rho"":null,""inversion_channel"":38.5,""period_ms"":16.499996185302734}"
199183,1,3929.8999,3929.8999,False,1.0,"{""inversion_rho"":null,""inversion_channel"":28.5,""period_ms"":16.499996185302734}"
199183,1,3946.5001,3946.5001,False,1.0,"{""inversion_rho"":null,""inversion_channel"":29.5,""period_ms"":16.499996185302734}"
199183,1,3962.6999,3962.6999,False,1.0,"{""inversion_rho"":null,""inversion_channel"":29.5,""period_ms"":16.499996185302734}"
199183,1,3978.8001,3978.8001,False,1.0,"{""inversion_rho"":null,""inversion_channel"":29.5,""period_ms"":16.499996185302734}"
199183,1,3994.9,3994.9,False,1.0,"{""inversion_rho"":null,""inversion_channel"":29.5,""period_ms"":16.499996185302734}"
199183,1,4010.7999,4010.7999,False,1.0,"{""inversion_rho"":null,""inversion_channel"":29.5,""period_ms"":16.499996185302734}"
199183,1,4028.1,4028.1,False,1.0,"{""inversion_rho"":null,""inversion_channel"":29.0,""period_ms"":16.499996185302734}"
199183,1,4045.1999,4045.1999,False,1.0,"{""inversion_rho"":null,""inversion_channel"":29.5,""period_ms"":16.499996185302734}"
199183,1,4061.3999,4061.3999,False,1.0,"{""inversion_rho"":null,""inversion_channel"":29.5,""period_ms"":16.499996185302734}"
199183,1,4077.6,4077.6,False,1.0,"{""inversion_rho"":null,""inversion_channel"":29.5,""period_ms"":16.499996185302734}"
199183,1,4094.2001,4094.2001,False,1.0,"{""inversion_rho"":null,""inversion_channel"":30.5,""period_ms"":16.499996185302734}"
199183,1,4110.3001,4110.3001,False,1.0,"{""inversion_rho"":null,""inversion_channel"":29.0,""period_ms"":16.499996185302734}"
199183,1,4132.0,4132.0,False,1.0,"{""inversion_rho"":null,""inversion_channel"":29.0,""period_ms"":16.499996185302734}"
199183,1,4151.5002,4151.5002,False,1.0,"{""inversion_rho"":null,""inversion_channel"":29.5,""period_ms"":16.499996185302734}"
199183,1,4172.2002,4172.2002,False,1.0,"{""inversion_rho"":null,""inversion_channel"":28.5,""period_ms"":16.499996185302734}"
199183,1,4191.5998,4191.5998,False,1.0,"{""inversion_rho"":null,""inversion_channel"":30.0,""period_ms"":16.499996185302734}"
199183,1,4211.2002,4211.2002,False,1.0,"{""inversion_rho"":null,""inversion_channel"":29.5,""period_ms"":16.499996185302734}"
199183,1,4229.8002,4229.8002,False,1.0,"{""inversion_rho"":null,""inversion_channel"":29.5,""period_ms"":16.499996185302734}"
199183,1,4246.6998,4246.6998,False,1.0,"{""inversion_rho"":null,""inversion_channel"":29.0,""period_ms"":16.499996185302734}"
199183,1,4263.0,4263.0,False,1.0,"{""inversion_rho"":null,""inversion_channel"":39.0,""period_ms"":16.499996185302734}"
199183,1,4269.7001,4269.7001,False,1.0,"{""inversion_rho"":null,""inversion_channel"":29.5,""period_ms"":16.499996185302734}"
199183,1,4289.5999,4289.5999,False,1.0,"{""inversion_rho"":null,""inversion_channel"":36.5,""period_ms"":16.599655151367188}"
199183,1,4305.3002,4305.3002,False,1.0,"{""inversion_rho"":null,""inversion_channel"":29.5,""period_ms"":16.599655151367188}"
199183,1,4320.9,4320.9,False,1.0,"{""inversion_rho"":null,""inversion_channel"":29.5,""period_ms"":16.599655151367188}"
199183,1,4339.6001,4339.6001,False,1.0,"{""inversion_rho"":null,""inversion_channel"":29.0,""period_ms"":16.599655151367188}"
199183,1,4357.2001,4357.2001,False,1.0,"{""inversion_rho"":null,""inversion_channel"":29.5,""period_ms"":16.599655151367188}"
199183,1,4373.7998,4373.7998,False,1.0,"{""inversion_rho"":null,""inversion_channel"":30.0,""period_ms"":16.599655151367188}"
199183,1,4389.9002,4389.9002,False,1.0,"{""inversion_rho"":null,""inversion_channel"":30.5,""period_ms"":16.599655151367188}"
199183,1,4406.3001,4406.3001,False,1.0,"{""inversion_rho"":null,""inversion_channel"":29.0,""period_ms"":16.599655151367188}"
199183,1,4421.2999,4421.2999,False,1.0,"{""inversion_rho"":null,""inversion_channel"":29.5,""period_ms"":16.599655151367188}"
199183,1,4437.3999,4437.3999,False,0.875,"{""inversion_rho"":null,""inversion_channel"":30.5,""period_ms"":16.599655151367188}"
199183,1,4453.1002,4453.1002,False,0.75,"{""inversion_rho"":null,""inversion_channel"":27.5,""period_ms"":16.599655151367188}"
199183,1,4468.9002,4468.9002,False,1.0,"{""inversion_rho"":null,""inversion_channel"":29.5,""period_ms"":16.599655151367188}"
199183,1,4486.3,4486.3,False,1.0,"{""inversion_rho"":null,""inversion_channel"":29.5,""period_ms"":16.599655151367188}"
199183,1,4503.0999,4503.0999,False,1.0,"{""inversion_rho"":null,""inversion_channel"":26.0,""period_ms"":16.599655151367188}"
199183,1,4518.8999,4518.8999,False,1.0,"{""inversion_rho"":null,""inversion_channel"":29.5,""period_ms"":16.599655151367188}"
199183,1,4539.5999,4539.5999,False,1.0,"{""inversion_rho"":null,""inversion_channel"":29.5,""period_ms"":16.599655151367188}"
199183,1,4558.8002,4558.8002,False,1.0,"{""inversion_rho"":null,""inversion_channel"":30.0,""period_ms"":16.599655151367188}"
199183,1,4578.8999,4578.8999,False,1.0,"{""inversion_rho"":null,""inversion_channel"":28.5,""period_ms"":16.599655151367188}"
199183,1,4597.3001,4597.3001,False,1.0,"{""inversion_rho"":null,""inversion_channel"":39.0,""period_ms"":16.599655151367188}"
199183,1,4613.9998,4613.9998,False,1.0,"{""inversion_rho"":null,""inversion_channel"":30.5,""period_ms"":16.599655151367188}"
199183,1,4632.0,4632.0,False,1.0,"{""inversion_rho"":null,""inversion_channel"":29.5,""period_ms"":16.599655151367188}"
199183,1,4649.9,4649.9,False,1.0,"{""inversion_rho"":null,""inversion_channel"":29.0,""period_ms"":16.599655151367188}"
199183,1,4670.1002,4670.1002,False,1.0,"{""inversion_rho"":null,""inversion_channel"":29.0,""period_ms"":16.599655151367188}"
199183,1,4697.0,4697.0,False,1.0,"{""inversion_rho"":null,""inversion_channel"":29.5,""period_ms"":16.599655151367188}"
199183,1,4718.9999,4718.9999,False,1.0,"{""inversion_rho"":null,""inversion_channel"":29.5,""period_ms"":16.599655151367188}"
199183,1,4735.0001,4735.0001,False,1.0,"{""inversion_rho"":null,""inversion_channel"":26.5,""period_ms"":16.599655151367188}"
199183,1,4750.9999,4750.9999,False,1.0,"{""inversion_rho"":null,""inversion_channel"":30.5,""period_ms"":16.599655151367188}"
199183,1,4767.9,4767.9,False,1.0,"{""inversion_rho"":null,""inversion_channel"":30.0,""period_ms"":16.599655151367188}"
199183,1,4784.4,4784.4,False,1.0,"{""inversion_rho"":null,""inversion_channel"":29.5,""period_ms"":16.599655151367188}"
199183,1,4801.1999,4801.1999,False,1.0,"{""inversion_rho"":null,""inversion_channel"":30.0,""period_ms"":16.599655151367188}"
199183,1,4817.6999,4817.6999,False,1.0,"{""inversion_rho"":null,""inversion_channel"":30.0,""period_ms"":16.599655151367188}"
199183,1,4834.0998,4834.0998,False,1.0,"{""inversion_rho"":null,""inversion_channel"":27.5,""period_ms"":16.599655151367188}"
199183,1,4851.6998,4851.6998,False,1.0,"{""inversion_rho"":null,""inversion_channel"":29.5,""period_ms"":16.599655151367188}"
199183,1,4869.8001,4869.8001,False,1.0,"{""inversion_rho"":null,""inversion_channel"":29.5,""period_ms"":16.599655151367188}"
199183,1,4886.3001,4886.3001,False,1.0,"{""inversion_rho"":null,""inversion_channel"":30.0,""period_ms"":16.599655151367188}"
199183,1,4902.8001,4902.8001,False,1.0,"{""inversion_rho"":null,""inversion_channel"":30.0,""period_ms"":16.599655151367188}"
199183,1,4919.3001,4919.3001,False,1.0,"{""inversion_rho"":null,""inversion_channel"":29.5,""period_ms"":16.599655151367188}"
199183,1,4935.9999,4935.9999,False,1.0,"{""inversion_rho"":null,""inversion_channel"":28.5,""period_ms"":16.599655151367188}"
199183,1,4952.8999,4952.8999,False,1.0,"{""inversion_rho"":null,""inversion_channel"":30.0,""period_ms"":16.599655151367188}"
199183,1,4970.2001,4970.2001,False,1.0,"{""inversion_rho"":null,""inversion_channel"":30.5,""period_ms"":16.599655151367188}"
199183,1,4986.8002,4986.8002,False,1.0,"{""inversion_rho"":null,""inversion_channel"":29.5,""period_ms"":16.599655151367188}"
199183,1,5002.9998,5002.9998,False,1.0,"{""inversion_rho"":null,""inversion_channel"":29.5,""period_ms"":16.599655151367188}"
199183,1,5019.5999,5019.5999,False,1.0,"{""inversion_rho"":null,""inversion_channel"":29.0,""period_ms"":16.599655151367188}"
199183,1,5035.9998,5035.9998,False,1.0,"{""inversion_rho"":null,""inversion_channel"":29.5,""period_ms"":16.599655151367188}"
199183,1,5052.3,5052.3,False,1.0,"{""inversion_rho"":null,""inversion_channel"":29.0,""period_ms"":16.599655151367188}"
199183,1,5069.2,5069.2,False,0.625,"{""inversion_rho"":null,""inversion_channel"":29.0,""period_ms"":16.599655151367188}"
199183,1,5085.8998,5085.8998,False,1.0,"{""inversion_rho"":null,""inversion_channel"":27.5,""period_ms"":16.599655151367188}"
199183,1,5101.9001,5101.9001,False,1.0,"{""inversion_rho"":null,""inversion_channel"":28.0,""period_ms"":16.599655151367188}"
199183,1,5118.5002,5118.5002,False,1.0,"{""inversion_rho"":null,""inversion_channel"":30.0,""period_ms"":16.599655151367188}"
199183,1,5134.6002,5134.6002,False,1.0,"{""inversion_rho"":null,""inversion_channel"":28.0,""period_ms"":16.599655151367188}"
199183,1,5150.4002,5150.4002,False,1.0,"{""inversion_rho"":null,""inversion_channel"":27.5,""period_ms"":16.599655151367188}"
199183,1,5166.1,5166.1,False,1.0,"{""inversion_rho"":null,""inversion_channel"":30.5,""period_ms"":16.599655151367188}"
199183,1,5182.0002,5182.0002,False,1.0,"{""inversion_rho"":null,""inversion_channel"":31.0,""period_ms"":16.599655151367188}"
199183,1,5198.5002,5198.5002,False,1.0,"{""inversion_rho"":null,""inversion_channel"":29.5,""period_ms"":16.599655151367188}"
199183,1,5223.4001,5223.4001,False,1.0,"{""inversion_rho"":null,""inversion_channel"":29.5,""period_ms"":16.599655151367188}"
199183,1,5245.6999,5245.6999,False,1.0,"{""inversion_rho"":null,""inversion_channel"":28.5,""period_ms"":16.599655151367188}"
199183,1,5261.7998,5261.7998,False,1.0,"{""inversion_rho"":null,""inversion_channel"":27.5,""period_ms"":16.599655151367188}"
199183,1,5278.1,5278.1,False,1.0,"{""inversion_rho"":null,""inversion_channel"":28.0,""period_ms"":16.599655151367188}"
199183,1,5294.4999,5294.4999,False,1.0,"{""inversion_rho"":null,""inversion_channel"":29.5,""period_ms"":16.599655151367188}"
199183,1,5311.2001,5311.2001,False,1.0,"{""inversion_rho"":null,""inversion_channel"":30.0,""period_ms"":16.599655151367188}"
199183,1,5328.3,5328.3,False,1.0,"{""inversion_rho"":null,""inversion_channel"":29.5,""period_ms"":16.599655151367188}"
199183,1,5345.3002,5345.3002,False,1.0,"{""inversion_rho"":null,""inversion_channel"":29.5,""period_ms"":16.599655151367188}"
199183,1,5362.0,5362.0,False,1.0,"{""inversion_rho"":null,""inversion_channel"":29.5,""period_ms"":16.599655151367188}"
199183,1,5377.6999,5377.6999,False,1.0,"{""inversion_rho"":null,""inversion_channel"":30.5,""period_ms"":16.599655151367188}"
199183,1,5393.3001,5393.3001,False,1.0,"{""inversion_rho"":null,""inversion_channel"":29.5,""period_ms"":16.599655151367188}"
199183,1,5409.9002,5409.9002,False,1.0,"{""inversion_rho"":null,""inversion_channel"":28.5,""period_ms"":16.599655151367188}"
199183,1,5427.4001,5427.4001,False,1.0,"{""inversion_rho"":null,""inversion_channel"":27.5,""period_ms"":16.599655151367188}"
199183,1,5444.5,5444.5,False,1.0,"{""inversion_rho"":null,""inversion_channel"":27.5,""period_ms"":16.599655151367188}"
199183,1,5461.5002,5461.5002,False,1.0,"{""inversion_rho"":null,""inversion_channel"":28.0,""period_ms"":16.599655151367188}"
199183,1,5478.6,5478.6,False,1.0,"{""inversion_rho"":null,""inversion_channel"":27.5,""period_ms"":16.599655151367188}"
199183,1,5495.6002,5495.6002,False,1.0,"{""inversion_rho"":null,""inversion_channel"":27.5,""period_ms"":16.599655151367188}"
199183,1,5511.7998,5511.7998,False,1.0,"{""inversion_rho"":null,""inversion_channel"":27.5,""period_ms"":16.599655151367188}"
199183,1,5527.2999,5527.2999,False,1.0,"{""inversion_rho"":null,""inversion_channel"":27.5,""period_ms"":16.599655151367188}"
199183,1,5543.7999,5543.7999,False,1.0,"{""inversion_rho"":null,""inversion_channel"":26.5,""period_ms"":16.599655151367188}"
199183,1,5559.8998,5559.8998,False,1.0,"{""inversion_rho"":null,""inversion_channel"":27.5,""period_ms"":16.599655151367188}"
199183,1,5575.2001,5575.2001,False,1.0,"{""inversion_rho"":null,""inversion_channel"":25.5,""period_ms"":16.599655151367188}"
199183,1,5590.4002,5590.4002,False,1.0,"{""inversion_rho"":null,""inversion_channel"":25.5,""period_ms"":16.599655151367188}"
199183,1,5605.4001,5605.4001,False,1.0,"{""inversion_rho"":null,""inversion_channel"":25.5,""period_ms"":16.599655151367188}"
199183,1,5618.5999,5618.5999,False,0.625,"{""inversion_rho"":null,""inversion_channel"":37.5,""period_ms"":16.599655151367188}"
199183,1,5641.0999,5641.0999,False,1.0,"{""inversion_rho"":null,""inversion_channel"":23.5,""period_ms"":16.599655151367188}"
199183,1,5658.1001,5658.1001,False,1.0,"{""inversion_rho"":null,""inversion_channel"":37.5,""period_ms"":16.599655151367188}"
199183,1,5667.3002,5667.3002,False,1.0,"{""inversion_rho"":null,""inversion_channel"":23.0,""period_ms"":16.599655151367188}"
199183,1,5692.5001,5692.5001,False,1.0,"{""inversion_rho"":null,""inversion_channel"":22.5,""period_ms"":12.499809265136719}"
199183,1,5706.6002,5706.6002,False,1.0,"{""inversion_rho"":null,""inversion_channel"":22.5,""period_ms"":12.499809265136719}"
199183,1,5719.1,5719.1,False,1.0,"{""inversion_rho"":null,""inversion_channel"":23.5,""period_ms"":12.499809265136719}"
199183,1,5732.6002,5732.6002,False,1.0,"{""inversion_rho"":null,""inversion_channel"":23.5,""period_ms"":12.499809265136719}"
199183,1,5744.8001,5744.8001,False,1.0,"{""inversion_rho"":null,""inversion_channel"":22.5,""period_ms"":12.499809265136719}"
199183,1,5753.3998,5753.3998,False,0.375,"{""inversion_rho"":null,""inversion_channel"":39.0,""period_ms"":12.499809265136719}"
199183,1,1122.4999,1406.4,True,1.0,"{""inversion_rho"":null,""inversion_channel"":24.0,""period_ms"":19.04994249343872}"
199183,1,1414.0,3345.9001,True,1.0,"{""inversion_rho"":null,""inversion_channel"":28.5,""period_ms"":16.900062561035156}"
199183,1,3365.4001,4269.7001,True,1.0,"{""inversion_rho"":null,""inversion_channel"":29.5,""period_ms"":16.499996185302734}"
199183,1,4289.5999,5667.3002,True,1.0,"{""inversion_rho"":null,""inversion_channel"":29.5,""period_ms"":16.599655151367188}"
199183,1,5692.5001,5753.3998,True,1.0,"{""inversion_rho"":null,""inversion_channel"":23.0,""period_ms"":12.499809265136719}"
199216,1,2173.1,2173.1,False,1.0,"{""inversion_rho"":null,""inversion_channel"":23.5,""period_ms"":null}"
199216,1,2183.3999,2183.3999,False,1.0,"{""inversion_rho"":null,""inversion_channel"":23.5,""period_ms"":null}"
199216,1,2217.4001,2217.4001,False,1.0,"{""inversion_rho"":null,""inversion_channel"":23.5,""period_ms"":147.9499340057373}"
199216,1,2393.6,2393.6,False,1.0,"{""inversion_rho"":null,""inversion_channel"":22.5,""period_ms"":147.9499340057373}"
199216,1,2513.2999,2513.2999,False,1.0,"{""inversion_rho"":null,""inversion_channel"":21.5,""period_ms"":147.9499340057373}"
199216,1,2217.4001,2513.2999,True,1.0,"{""inversion_rho"":null,""inversion_channel"":22.5,""period_ms"":147.9499340057373}"
199217,1,62.8,62.8,False,1.0,"{""inversion_rho"":null,""inversion_channel"":11.5,""period_ms"":9.499996900558472}"
199217,1,76.4,76.4,False,1.0,"{""inversion_rho"":null,""inversion_channel"":42.5,""period_ms"":9.499996900558472}"
199217,1,82.0,82.0,False,1.0,"{""inversion_rho"":null,""inversion_channel"":14.0,""period_ms"":9.499996900558472}"
199217,1,91.5,91.5,False,1.0,"{""inversion_rho"":null,""inversion_channel"":37.5,""period_ms"":9.499996900558472}"
199217,1,154.7,154.7,False,1.0,"{""inversion_rho"":null,""inversion_channel"":39.5,""period_ms"":null}"
199217,1,1163.0,1163.0,False,1.0,"{""inversion_rho"":null,""inversion_channel"":29.0,""period_ms"":28.100013732910156}"
199217,1,1194.3001,1194.3001,False,1.0,"{""inversion_rho"":null,""inversion_channel"":29.5,""period_ms"":28.100013732910156}"
199217,1,1232.1,1232.1,False,1.0,"{""inversion_rho"":null,""inversion_channel"":29.0,""period_ms"":28.100013732910156}"
199217,1,1258.9,1258.9,False,1.0,"{""inversion_rho"":null,""inversion_channel"":29.0,""period_ms"":28.100013732910156}"
199217,1,1284.4,1284.4,False,1.0,"{""inversion_rho"":null,""inversion_channel"":29.5,""period_ms"":28.100013732910156}"
199217,1,1319.7,1319.7,False,1.0,"{""inversion_rho"":null,""inversion_channel"":27.5,""period_ms"":28.100013732910156}"
199217,1,1340.8999,1340.8999,False,0.375,"{""inversion_rho"":null,""inversion_channel"":41.0,""period_ms"":28.100013732910156}"
199217,1,1363.4,1363.4,False,0.625,"{""inversion_rho"":null,""inversion_channel"":29.5,""period_ms"":28.100013732910156}"
199217,1,1378.4,1378.4,False,1.0,"{""inversion_rho"":null,""inversion_channel"":27.5,""period_ms"":28.100013732910156}"
199217,1,1404.4,1404.4,False,1.0,"{""inversion_rho"":null,""inversion_channel"":30.0,""period_ms"":28.100013732910156}"
199217,1,1432.5,1432.5,False,1.0,"{""inversion_rho"":null,""inversion_channel"":30.5,""period_ms"":28.100013732910156}"
199217,1,1452.8,1452.8,False,1.0,"{""inversion_rho"":null,""inversion_channel"":30.5,""period_ms"":28.100013732910156}"
199217,1,1488.5,1488.5,False,1.0,"{""inversion_rho"":null,""inversion_channel"":29.5,""period_ms"":28.100013732910156}"
199217,1,1519.7999,1519.7999,False,0.875,"{""inversion_rho"":null,""inversion_channel"":27.5,""period_ms"":28.100013732910156}"
199217,1,1536.8,1536.8,False,1.0,"{""inversion_rho"":null,""inversion_channel"":28.5,""period_ms"":28.100013732910156}"
199217,1,1563.2,1563.2,False,0.875,"{""inversion_rho"":null,""inversion_channel"":14.5,""period_ms"":28.100013732910156}"
199217,1,1621.0001,1621.0001,False,1.0,"{""inversion_rho"":null,""inversion_channel"":27.5,""period_ms"":28.100013732910156}"
199217,1,1737.9,1737.9,False,1.0,"{""inversion_rho"":null,""inversion_channel"":25.0,""period_ms"":28.100013732910156}"
199217,1,1935.5,1935.5,False,1.0,"{""inversion_rho"":null,""inversion_channel"":22.5,""period_ms"":28.100013732910156}"
199217,1,2065.1,2065.1,False,1.0,"{""inversion_rho"":null,""inversion_channel"":20.5,""period_ms"":28.100013732910156}"
199217,1,2528.7001,2528.7001,False,0.25,"{""inversion_rho"":null,""inversion_channel"":33.5,""period_ms"":25.949954986572266}"
199217,1,2551.3999,2551.3999,False,0.375,"{""inversion_rho"":null,""inversion_channel"":39.5,""period_ms"":25.949954986572266}"
199217,1,2580.6,2580.6,False,0.25,"{""inversion_rho"":null,""inversion_channel"":33.5,""period_ms"":25.949954986572266}"
199217,1,2588.9001,2588.9001,False,1.0,"{""inversion_rho"":null,""inversion_channel"":33.5,""period_ms"":null}"
199217,1,2598.7999,2598.7999,False,0.25,"{""inversion_rho"":null,""inversion_channel"":37.0,""period_ms"":null}"
199217,1,2635.7999,2635.7999,False,1.0,"{""inversion_rho"":null,""inversion_channel"":39.5,""period_ms"":119.9500560760498}"
199217,1,2689.4,2689.4,False,1.0,"{""inversion_rho"":null,""inversion_channel"":24.5,""period_ms"":119.9500560760498}"
199217,1,2783.4001,2783.4001,False,1.0,"{""inversion_rho"":null,""inversion_channel"":24.5,""period_ms"":119.9500560760498}"
199217,1,2929.3001,2929.3001,False,1.0,"{""inversion_rho"":null,""inversion_channel"":24.5,""period_ms"":119.9500560760498}"
199217,1,3109.2,3109.2,False,1.0,"{""inversion_rho"":null,""inversion_channel"":21.0,""period_ms"":119.9500560760498}"
199217,1,3480.2999,3480.2999,False,1.0,"{""inversion_rho"":null,""inversion_channel"":32.5,""period_ms"":32.95004367828369}"
199217,1,3502.0001,3502.0001,False,0.25,"{""inversion_rho"":null,""inversion_channel"":30.5,""period_ms"":32.95004367828369}"
199217,1,3546.2,3546.2,False,1.0,"{""inversion_rho"":null,""inversion_channel"":27.5,""period_ms"":32.95004367828369}"
199217,1,3561.7001,3561.7001,False,1.0,"{""inversion_rho"":null,""inversion_channel"":10.5,""period_ms"":9.89985466003418}"
199217,1,3574.1999,3574.1999,False,1.0,"{""inversion_rho"":null,""inversion_channel"":10.0,""period_ms"":9.89985466003418}"
199217,1,3580.8001,3580.8001,False,1.0,"{""inversion_rho"":null,""inversion_channel"":27.5,""period_ms"":9.89985466003418}"
199217,1,3590.6999,3590.6999,False,1.0,"{""inversion_rho"":null,""inversion_channel"":11.5,""period_ms"":9.89985466003418}"
199217,1,3599.1001,3599.1001,False,0.625,"{""inversion_rho"":null,""inversion_channel"":9.5,""period_ms"":9.89985466003418}"
199217,1,3609.4,3609.4,False,1.0,"{""inversion_rho"":null,""inversion_channel"":9.5,""period_ms"":9.89985466003418}"
199217,1,3625.0999,3625.0999,False,1.0,"{""inversion_rho"":null,""inversion_channel"":11.5,""period_ms"":9.89985466003418}"
199217,1,3634.0001,3634.0001,False,1.0,"{""inversion_rho"":null,""inversion_channel"":12.0,""period_ms"":9.89985466003418}"
199217,1,3673.8,3673.8,False,1.0,"{""inversion_rho"":null,""inversion_channel"":11.5,""period_ms"":17.65000820159912}"
199217,1,3686.0001,3686.0001,False,1.0,"{""inversion_rho"":null,""inversion_channel"":25.5,""period_ms"":17.65000820159912}"
199217,1,3695.3001,3695.3001,False,1.0,"{""inversion_rho"":null,""inversion_channel"":10.5,""period_ms"":17.65000820159912}"
199217,1,3714.2999,3714.2999,False,1.0,"{""inversion_rho"":null,""inversion_channel"":12.0,""period_ms"":17.65000820159912}"
199217,1,3730.6001,3730.6001,False,1.0,"{""inversion_rho"":null,""inversion_channel"":11.5,""period_ms"":17.65000820159912}"
199217,1,3755.1999,3755.1999,False,0.25,"{""inversion_rho"":null,""inversion_channel"":8.5,""period_ms"":17.65000820159912}"
199217,1,3769.1,3769.1,False,1.0,"{""inversion_rho"":null,""inversion_channel"":11.5,""period_ms"":17.65000820159912}"
199217,1,3791.5001,3791.5001,False,1.0,"{""inversion_rho"":null,""inversion_channel"":11.5,""period_ms"":17.65000820159912}"
199217,1,3806.2,3806.2,False,1.0,"{""inversion_rho"":null,""inversion_channel"":10.5,""period_ms"":17.65000820159912}"
199217,1,3820.6,3820.6,False,1.0,"{""inversion_rho"":null,""inversion_channel"":10.5,""period_ms"":17.65000820159912}"
199217,1,3839.9,3839.9,False,1.0,"{""inversion_rho"":null,""inversion_channel"":9.5,""period_ms"":17.65000820159912}"
199217,1,3868.5,3868.5,False,1.0,"{""inversion_rho"":null,""inversion_channel"":23.0,""period_ms"":17.65000820159912}"
199217,1,3892.8001,3892.8001,False,1.0,"{""inversion_rho"":null,""inversion_channel"":11.5,""period_ms"":17.65000820159912}"
199217,1,3908.7,3908.7,False,1.0,"{""inversion_rho"":null,""inversion_channel"":14.5,""period_ms"":17.65000820159912}"
199217,1,3917.7999,3917.7999,False,0.5,"{""inversion_rho"":null,""inversion_channel"":7.5,""period_ms"":17.65000820159912}"
199217,1,3937.3,3937.3,False,1.0,"{""inversion_rho"":null,""inversion_channel"":24.5,""period_ms"":17.65000820159912}"
199217,1,3959.7001,3959.7001,False,1.0,"{""inversion_rho"":null,""inversion_channel"":14.5,""period_ms"":17.65000820159912}"
199217,1,3969.7001,3969.7001,False,1.0,"{""inversion_rho"":null,""inversion_channel"":16.5,""period_ms"":17.65000820159912}"
199217,1,3993.2001,3993.2001,False,1.0,"{""inversion_rho"":null,""inversion_channel"":26.5,""period_ms"":17.65000820159912}"
199217,1,4054.9998,4054.9998,False,0.25,"{""inversion_rho"":null,""inversion_channel"":30.0,""period_ms"":null}"
199217,1,4061.9998,4061.9998,False,1.0,"{""inversion_rho"":null,""inversion_channel"":17.5,""period_ms"":null}"
199217,1,4098.5999,4098.5999,False,1.0,"{""inversion_rho"":null,""inversion_channel"":16.5,""period_ms"":null}"
199217,1,4113.6999,4113.6999,False,1.0,"{""inversion_rho"":null,""inversion_channel"":26.5,""period_ms"":null}"
199217,1,4151.5999,4151.5999,False,0.25,"{""inversion_rho"":null,""inversion_channel"":24.5,""period_ms"":null}"
199217,1,4173.6002,4173.6002,False,1.0,"{""inversion_rho"":null,""inversion_channel"":27.5,""period_ms"":null}"
199217,1,4179.6999,4179.6999,False,0.25,"{""inversion_rho"":null,""inversion_channel"":18.5,""period_ms"":9.550094604492188}"
199217,1,4192.8,4192.8,False,0.625,"{""inversion_rho"":null,""inversion_channel"":20.5,""period_ms"":9.550094604492188}"
199217,1,4198.8001,4198.8001,False,1.0,"{""inversion_rho"":null,""inversion_channel"":21.5,""period_ms"":9.550094604492188}"
199217,1,4214.3998,4214.3998,False,0.875,"{""inversion_rho"":null,""inversion_channel"":20.0,""period_ms"":9.699821472167969}"
199217,1,4219.6002,4219.6002,False,0.5,"{""inversion_rho"":null,""inversion_channel"":23.5,""period_ms"":9.699821472167969}"
199217,1,4229.3,4229.3,False,1.0,"{""inversion_rho"":null,""inversion_channel"":29.5,""period_ms"":9.699821472167969}"
199217,1,4243.5002,4243.5002,False,0.75,"{""inversion_rho"":null,""inversion_channel"":10.5,""period_ms"":9.699821472167969}"
199217,1,4346.4999,4346.4999,False,0.625,"{""inversion_rho"":null,""inversion_channel"":40.0,""period_ms"":52.2000789642334}"
199217,1,4388.1001,4388.1001,False,0.625,"{""inversion_rho"":null,""inversion_channel"":28.5,""period_ms"":52.2000789642334}"
199217,1,4450.9001,4450.9001,False,1.0,"{""inversion_rho"":null,""inversion_channel"":27.5,""period_ms"":52.2000789642334}"
199217,1,4471.7999,4471.7999,False,0.375,"{""inversion_rho"":null,""inversion_channel"":32.0,""period_ms"":14.600038528442383}"
199217,1,4493.8002,4493.8002,False,0.375,"{""inversion_rho"":null,""inversion_channel"":44.5,""period_ms"":14.600038528442383}"
199217,1,4515.9998,4515.9998,False,1.0,"{""inversion_rho"":null,""inversion_channel"":28.5,""period_ms"":14.600038528442383}"
199217,1,4535.5,4535.5,False,1.0,"{""inversion_rho"":null,""inversion_channel"":39.5,""period_ms"":14.600038528442383}"
199217,1,4553.5002,4553.5002,False,1.0,"{""inversion_rho"":null,""inversion_channel"":26.5,""period_ms"":14.600038528442383}"
199217,1,4564.7001,4564.7001,False,0.25,"{""inversion_rho"":null,""inversion_channel"":25.0,""period_ms"":14.600038528442383}"
199217,1,4572.3,4572.3,False,1.0,"{""inversion_rho"":null,""inversion_channel"":39.5,""period_ms"":14.600038528442383}"
199217,1,4579.4001,4579.4001,False,1.0,"{""inversion_rho"":null,""inversion_channel"":39.5,""period_ms"":14.600038528442383}"
199217,1,4585.8002,4585.8002,False,0.875,"{""inversion_rho"":null,""inversion_channel"":40.5,""period_ms"":14.600038528442383}"
199217,1,62.8,91.5,True,1.0,"{""inversion_rho"":null,""inversion_channel"":25.75,""period_ms"":9.499996900558472}"
199217,1,1163.0,2065.1,True,1.0,"{""inversion_rho"":null,""inversion_channel"":29.0,""period_ms"":28.100013732910156}"
199217,1,2528.7001,2580.6,True,1.0,"{""inversion_rho"":null,""inversion_channel"":33.5,""period_ms"":25.949954986572266}"
199217,1,2635.7999,3109.2,True,1.0,"{""inversion_rho"":null,""inversion_channel"":24.5,""period_ms"":119.9500560760498}"
199217,1,3480.2999,3546.2,True,1.0,"{""inversion_rho"":null,""inversion_channel"":30.5,""period_ms"":32.95004367828369}"
199217,1,3561.7001,3634.0001,True,1.0,"{""inversion_rho"":null,""inversion_channel"":11.0,""period_ms"":9.89985466003418}"
199217,1,3673.8,3993.2001,True,1.0,"{""inversion_rho"":null,""inversion_channel"":11.5,""period_ms"":17.65000820159912}"
199217,1,4179.6999,4198.8001,True,1.0,"{""inversion_rho"":null,""inversion_channel"":20.5,""period_ms"":9.550094604492188}"
199217,1,4214.3998,4243.5002,True,1.0,"{""inversion_rho"":null,""inversion_channel"":21.75,""period_ms"":9.699821472167969}"
199217,1,4346.4999,4450.9001,True,1.0,"{""inversion_rho"":null,""inversion_channel"":28.5,""period_ms"":52.2000789642334}"
199217,1,4471.7999,4585.8002,True,1.0,"{""inversion_rho"":null,""inversion_channel"":39.5,""period_ms"":14.600038528442383}"
199230,1,113.7,113.7,False,0.875,"{""inversion_rho"":null,""inversion_channel"":12.5,""period_ms"":null}"
199230,1,125.8,125.8,False,1.0,"{""inversion_rho"":null,""inversion_channel"":37.5,""period_ms"":null}"
199230,1,1892.2,1892.2,False,0.375,"{""inversion_rho"":null,""inversion_channel"":16.5,""period_ms"":79.90002632141113}"
199230,1,1950.4,1950.4,False,1.0,"{""inversion_rho"":null,""inversion_channel"":17.5,""period_ms"":79.90002632141113}"
199230,1,2052.0,2052.0,False,1.0,"{""inversion_rho"":null,""inversion_channel"":39.5,""period_ms"":79.90002632141113}"
199230,1,2058.3999,2058.3999,False,0.25,"{""inversion_rho"":null,""inversion_channel"":24.5,""period_ms"":32.50002861022949}"
199230,1,2087.5001,2087.5001,False,1.0,"{""inversion_rho"":null,""inversion_channel"":24.5,""period_ms"":32.50002861022949}"
199230,1,2113.8,2113.8,False,1.0,"{""inversion_rho"":null,""inversion_channel"":23.5,""period_ms"":32.50002861022949}"
199230,1,2153.8,2153.8,False,1.0,"{""inversion_rho"":null,""inversion_channel"":29.5,""period_ms"":32.50002861022949}"
199230,1,2183.3999,2183.3999,False,1.0,"{""inversion_rho"":null,""inversion_channel"":17.5,""period_ms"":32.50002861022949}"
199230,1,2218.8001,2218.8001,False,1.0,"{""inversion_rho"":null,""inversion_channel"":23.0,""period_ms"":32.50002861022949}"
199230,1,2280.4999,2280.4999,False,1.0,"{""inversion_rho"":null,""inversion_channel"":29.5,""period_ms"":32.50002861022949}"
199230,1,2294.1999,2294.1999,False,1.0,"{""inversion_rho"":null,""inversion_channel"":29.5,""period_ms"":null}"
199230,1,2301.8999,2301.8999,False,1.0,"{""inversion_rho"":null,""inversion_channel"":31.5,""period_ms"":null}"
199230,1,2339.0999,2339.0999,False,0.25,"{""inversion_rho"":null,""inversion_channel"":32.5,""period_ms"":null}"
199230,1,2382.4,2382.4,False,1.0,"{""inversion_rho"":null,""inversion_channel"":22.5,""period_ms"":null}"
199230,1,2393.4,2393.4,False,1.0,"{""inversion_rho"":null,""inversion_channel"":29.0,""period_ms"":7.950067520141602}"
199230,1,2402.1001,2402.1001,False,1.0,"{""inversion_rho"":null,""inversion_channel"":39.5,""period_ms"":7.950067520141602}"
199230,1,2409.3001,2409.3001,False,1.0,"{""inversion_rho"":null,""inversion_channel"":31.5,""period_ms"":7.950067520141602}"
199230,1,2481.6999,2481.6999,False,1.0,"{""inversion_rho"":null,""inversion_channel"":39.5,""period_ms"":null}"
199230,1,2573.0,2573.0,False,0.75,"{""inversion_rho"":null,""inversion_channel"":28.5,""period_ms"":null}"
199230,1,2582.9999,2582.9999,False,1.0,"{""inversion_rho"":null,""inversion_channel"":33.5,""period_ms"":11.999964714050293}"
199230,1,2592.9999,2592.9999,False,0.375,"{""inversion_rho"":null,""inversion_channel"":35.0,""period_ms"":11.999964714050293}"
199230,1,2599.0,2599.0,False,0.875,"{""inversion_rho"":null,""inversion_channel"":39.5,""period_ms"":11.999964714050293}"
199230,1,2612.9999,2612.9999,False,1.0,"{""inversion_rho"":null,""inversion_channel"":12.5,""period_ms"":11.999964714050293}"
199230,1,2622.8001,2622.8001,False,0.875,"{""inversion_rho"":null,""inversion_channel"":34.0,""period_ms"":11.999964714050293}"
199230,1,2638.2999,2638.2999,False,1.0,"{""inversion_rho"":null,""inversion_channel"":28.5,""period_ms"":11.999964714050293}"
199230,1,2653.0001,2653.0001,False,1.0,"{""inversion_rho"":null,""inversion_channel"":12.5,""period_ms"":11.999964714050293}"
199230,1,2658.7999,2658.7999,False,0.625,"{""inversion_rho"":null,""inversion_channel"":29.5,""period_ms"":19.450068473815918}"
199230,1,2677.7,2677.7,False,1.0,"{""inversion_rho"":null,""inversion_channel"":29.5,""period_ms"":19.450068473815918}"
199230,1,2712.8999,2712.8999,False,0.75,"{""inversion_rho"":null,""inversion_channel"":12.5,""period_ms"":19.450068473815918}"
199230,1,2732.8999,2732.8999,False,0.25,"{""inversion_rho"":null,""inversion_channel"":12.5,""period_ms"":19.450068473815918}"
199230,1,2755.3999,2755.3999,False,1.0,"{""inversion_rho"":null,""inversion_channel"":26.5,""period_ms"":19.450068473815918}"
199230,1,2769.5999,2769.5999,False,1.0,"{""inversion_rho"":null,""inversion_channel"":30.5,""period_ms"":19.450068473815918}"
199230,1,2777.6999,2777.6999,False,1.0,"{""inversion_rho"":null,""inversion_channel"":39.5,""period_ms"":19.450068473815918}"
199230,1,2832.9,2832.9,False,0.875,"{""inversion_rho"":null,""inversion_channel"":39.5,""period_ms"":11.100053787231445}"
199230,1,2852.9,2852.9,False,0.5,"{""inversion_rho"":null,""inversion_channel"":12.5,""period_ms"":11.100053787231445}"
199230,1,2864.0001,2864.0001,False,1.0,"{""inversion_rho"":null,""inversion_channel"":43.5,""period_ms"":11.100053787231445}"
199230,1,2872.9999,2872.9999,False,0.5,"{""inversion_rho"":null,""inversion_channel"":12.5,""period_ms"":11.100053787231445}"
199230,1,2901.0,2901.0,False,1.0,"{""inversion_rho"":null,""inversion_channel"":39.5,""period_ms"":null}"
199230,1,2913.0001,2913.0001,False,0.625,"{""inversion_rho"":null,""inversion_channel"":12.5,""period_ms"":null}"
199230,1,2949.3001,2949.3001,False,1.0,"{""inversion_rho"":null,""inversion_channel"":31.5,""period_ms"":5.450010299682617}"
199230,1,2954.7,2954.7,False,0.625,"{""inversion_rho"":null,""inversion_channel"":5.5,""period_ms"":5.450010299682617}"
199230,1,2960.2001,2960.2001,False,0.875,"{""inversion_rho"":null,""inversion_channel"":8.5,""period_ms"":5.450010299682617}"
199230,1,3032.3999,3032.3999,False,0.75,"{""inversion_rho"":null,""inversion_channel"":14.5,""period_ms"":null}"
199230,1,3796.0,3796.0,False,1.0,"{""inversion_rho"":null,""inversion_channel"":23.5,""period_ms"":null}"
199230,1,4039.7,4039.7,False,1.0,"{""inversion_rho"":null,""inversion_channel"":22.5,""period_ms"":null}"
199230,1,4320.4999,4320.4999,False,1.0,"{""inversion_rho"":null,""inversion_channel"":39.5,""period_ms"":null}"
199230,1,4399.7002,4399.7002,False,1.0,"{""inversion_rho"":null,""inversion_channel"":36.5,""period_ms"":null}"
199230,1,4407.5999,4407.5999,False,0.375,"{""inversion_rho"":null,""inversion_channel"":22.5,""period_ms"":9.000301361083984}"
199230,1,4413.0001,4413.0001,False,0.25,"{""inversion_rho"":null,""inversion_channel"":24.5,""period_ms"":9.000301361083984}"
199230,1,4424.7999,4424.7999,False,0.5,"{""inversion_rho"":null,""inversion_channel"":21.5,""period_ms"":9.000301361083984}"
199230,1,4433.8002,4433.8002,False,1.0,"{""inversion_rho"":null,""inversion_channel"":25.5,""period_ms"":9.000301361083984}"
199230,1,4461.9999,4461.9999,False,1.0,"{""inversion_rho"":null,""inversion_channel"":41.5,""period_ms"":7.400035858154297}"
199230,1,4468.9002,4468.9002,False,0.75,"{""inversion_rho"":null,""inversion_channel"":43.5,""period_ms"":7.400035858154297}"
199230,1,4474.1998,4474.1998,False,1.0,"{""inversion_rho"":null,""inversion_channel"":39.5,""period_ms"":7.400035858154297}"
199230,1,4481.5998,4481.5998,False,0.25,"{""inversion_rho"":null,""inversion_channel"":19.5,""period_ms"":7.400035858154297}"
199230,1,4495.2998,4495.2998,False,0.625,"{""inversion_rho"":null,""inversion_channel"":44.5,""period_ms"":7.400035858154297}"
199230,1,4502.8,4502.8,False,1.0,"{""inversion_rho"":null,""inversion_channel"":30.0,""period_ms"":7.400035858154297}"
199230,1,4561.6002,4561.6002,False,0.625,"{""inversion_rho"":null,""inversion_channel"":40.5,""period_ms"":8.350133895874023}"
199230,1,4574.2998,4574.2998,False,1.0,"{""inversion_rho"":null,""inversion_channel"":25.5,""period_ms"":8.350133895874023}"
199230,1,4590.8999,4590.8999,False,0.5,"{""inversion_rho"":null,""inversion_channel"":33.0,""period_ms"":8.350133895874023}"
199230,1,4598.1002,4598.1002,False,0.375,"{""inversion_rho"":null,""inversion_channel"":13.5,""period_ms"":8.350133895874023}"
199230,1,4611.1999,4611.1999,False,0.875,"{""inversion_rho"":null,""inversion_channel"":44.5,""period_ms"":8.350133895874023}"
199230,1,4617.7001,4617.7001,False,1.0,"{""inversion_rho"":null,""inversion_channel"":39.5,""period_ms"":8.350133895874023}"
199230,1,4623.6,4623.6,False,0.375,"{""inversion_rho"":null,""inversion_channel"":39.5,""period_ms"":8.350133895874023}"
199230,1,4628.6998,4628.6998,False,1.0,"{""inversion_rho"":null,""inversion_channel"":38.0,""period_ms"":8.350133895874023}"
199230,1,4640.6999,4640.6999,False,1.0,"{""inversion_rho"":null,""inversion_channel"":39.5,""period_ms"":8.350133895874023}"
199230,1,4648.2,4648.2,False,1.0,"{""inversion_rho"":null,""inversion_channel"":39.5,""period_ms"":8.350133895874023}"
199230,1,4660.2998,4660.2998,False,1.0,"{""inversion_rho"":null,""inversion_channel"":39.5,""period_ms"":8.350133895874023}"
199230,1,4667.6998,4667.6998,False,1.0,"{""inversion_rho"":null,""inversion_channel"":40.5,""period_ms"":8.350133895874023}"
199230,1,4673.9998,4673.9998,False,0.25,"{""inversion_rho"":null,""inversion_channel"":31.0,""period_ms"":8.350133895874023}"
199230,1,4683.1999,4683.1999,False,1.0,"{""inversion_rho"":null,""inversion_channel"":19.5,""period_ms"":8.350133895874023}"
199230,1,4701.6001,4701.6001,False,1.0,"{""inversion_rho"":null,""inversion_channel"":39.5,""period_ms"":8.350133895874023}"
199230,1,1892.2,2052.0,True,1.0,"{""inversion_rho"":null,""inversion_channel"":17.5,""period_ms"":79.90002632141113}"
199230,1,2058.3999,2280.4999,True,1.0,"{""inversion_rho"":null,""inversion_channel"":24.5,""period_ms"":32.50002861022949}"
199230,1,2393.4,2409.3001,True,1.0,"{""inversion_rho"":null,""inversion_channel"":31.5,""period_ms"":7.950067520141602}"
199230,1,2582.9999,2653.0001,True,1.0,"{""inversion_rho"":null,""inversion_channel"":33.5,""period_ms"":11.999964714050293}"
199230,1,2658.7999,2777.6999,True,1.0,"{""inversion_rho"":null,""inversion_channel"":29.5,""period_ms"":19.450068473815918}"
199230,1,2832.9,2872.9999,True,1.0,"{""inversion_rho"":null,""inversion_channel"":26.0,""period_ms"":11.100053787231445}"
199230,1,2949.3001,2960.2001,True,1.0,"{""inversion_rho"":null,""inversion_channel"":8.5,""period_ms"":5.450010299682617}"
199230,1,4407.5999,4433.8002,True,1.0,"{""inversion_rho"":null,""inversion_channel"":23.5,""period_ms"":9.000301361083984}"
199230,1,4461.9999,4502.8,True,1.0,"{""inversion_rho"":null,""inversion_channel"":40.5,""period_ms"":7.400035858154297}"
199230,1,4561.6002,4701.6001,True,1.0,"{""inversion_rho"":null,""inversion_channel"":39.5,""period_ms"":8.350133895874023}"
199281,1,59.2,59.2,False,0.25,"{""inversion_rho"":null,""inversion_channel"":17.5,""period_ms"":13.499997556209564}"
199281,1,65.7,65.7,False,0.25,"{""inversion_rho"":null,""inversion_channel"":6.5,""period_ms"":13.499997556209564}"
199281,1,79.2,79.2,False,0.5,"{""inversion_rho"":null,""inversion_channel"":5.5,""period_ms"":13.499997556209564}"
199281,1,108.0,108.0,False,1.0,"{""inversion_rho"":null,""inversion_channel"":5.5,""period_ms"":13.499997556209564}"
199281,1,1592.9,1592.9,False,1.0,"{""inversion_rho"":null,""inversion_channel"":11.5,""period_ms"":13.450026512145996}"
199281,1,1625.8,1625.8,False,0.75,"{""inversion_rho"":null,""inversion_channel"":12.5,""period_ms"":13.450026512145996}"
199281,1,1645.7,1645.7,False,0.5,"{""inversion_rho"":null,""inversion_channel"":13.5,""period_ms"":13.450026512145996}"
199281,1,1657.2,1657.2,False,0.75,"{""inversion_rho"":null,""inversion_channel"":8.5,""period_ms"":13.450026512145996}"
199281,1,1677.0999,1677.0999,False,0.375,"{""inversion_rho"":null,""inversion_channel"":18.0,""period_ms"":13.450026512145996}"
199281,1,1689.8,1689.8,False,0.375,"{""inversion_rho"":null,""inversion_channel"":18.0,""period_ms"":13.450026512145996}"
199281,1,1720.8,1720.8,False,1.0,"{""inversion_rho"":null,""inversion_channel"":12.5,""period_ms"":13.450026512145996}"
199281,1,1735.0,1735.0,False,0.75,"{""inversion_rho"":null,""inversion_channel"":12.5,""period_ms"":13.450026512145996}"
199281,1,1747.4,1747.4,False,1.0,"{""inversion_rho"":null,""inversion_channel"":8.5,""period_ms"":13.450026512145996}"
199281,1,1758.7,1758.7,False,0.5,"{""inversion_rho"":null,""inversion_channel"":39.5,""period_ms"":13.450026512145996}"
199281,1,1766.6,1766.6,False,1.0,"{""inversion_rho"":null,""inversion_channel"":11.5,""period_ms"":13.450026512145996}"
199281,1,1787.3,1787.3,False,1.0,"{""inversion_rho"":null,""inversion_channel"":10.5,""period_ms"":9.750008583068848}"
199281,1,1798.0,1798.0,False,1.0,"{""inversion_rho"":null,""inversion_channel"":8.5,""period_ms"":9.750008583068848}"
199281,1,1806.8,1806.8,False,0.875,"{""inversion_rho"":null,""inversion_channel"":8.5,""period_ms"":9.750008583068848}"
199281,1,1833.9,1833.9,False,1.0,"{""inversion_rho"":null,""inversion_channel"":8.5,""period_ms"":11.499881744384766}"
199281,1,1845.0,1845.0,False,1.0,"{""inversion_rho"":null,""inversion_channel"":7.5,""period_ms"":11.499881744384766}"
199281,1,1859.7,1859.7,False,1.0,"{""inversion_rho"":null,""inversion_channel"":6.5,""period_ms"":11.499881744384766}"
199281,1,1872.2,1872.2,False,1.0,"{""inversion_rho"":null,""inversion_channel"":6.5,""period_ms"":11.499881744384766}"
199281,1,1885.3,1885.3,False,1.0,"{""inversion_rho"":null,""inversion_channel"":26.0,""period_ms"":11.499881744384766}"
199281,1,1898.0,1898.0,False,1.0,"{""inversion_rho"":null,""inversion_channel"":14.5,""period_ms"":11.499881744384766}"
199281,1,1905.9,1905.9,False,1.0,"{""inversion_rho"":null,""inversion_channel"":7.5,""period_ms"":11.499881744384766}"
199281,1,1914.5,1914.5,False,1.0,"{""inversion_rho"":null,""inversion_channel"":6.5,""period_ms"":11.499881744384766}"
199281,1,1923.6,1923.6,False,1.0,"{""inversion_rho"":null,""inversion_channel"":8.0,""period_ms"":11.499881744384766}"
199281,1,1937.1001,1937.1001,False,1.0,"{""inversion_rho"":null,""inversion_channel"":8.5,""period_ms"":11.499881744384766}"
199281,1,1955.1001,1955.1001,False,1.0,"{""inversion_rho"":null,""inversion_channel"":7.5,""period_ms"":11.499881744384766}"
199281,1,1969.7,1969.7,False,1.0,"{""inversion_rho"":null,""inversion_channel"":7.5,""period_ms"":11.499881744384766}"
199281,1,1981.1,1981.1,False,1.0,"{""inversion_rho"":null,""inversion_channel"":7.5,""period_ms"":11.499881744384766}"
199281,1,1993.5,1993.5,False,1.0,"{""inversion_rho"":null,""inversion_channel"":7.5,""period_ms"":11.499881744384766}"
199281,1,2004.6,2004.6,False,1.0,"{""inversion_rho"":null,""inversion_channel"":6.5,""period_ms"":11.499881744384766}"
199281,1,2014.9,2014.9,False,1.0,"{""inversion_rho"":null,""inversion_channel"":6.5,""period_ms"":11.499881744384766}"
199281,1,2024.1001,2024.1001,False,1.0,"{""inversion_rho"":null,""inversion_channel"":6.5,""period_ms"":11.499881744384766}"
199281,1,2035.5999,2035.5999,False,0.25,"{""inversion_rho"":null,""inversion_channel"":9.5,""period_ms"":11.499881744384766}"
199281,1,2054.4,2054.4,False,1.0,"{""inversion_rho"":null,""inversion_channel"":7.5,""period_ms"":11.499881744384766}"
199281,1,2062.0,2062.0,False,1.0,"{""inversion_rho"":null,""inversion_channel"":7.5,""period_ms"":11.499881744384766}"
199281,1,2073.6001,2073.6001,False,1.0,"{""inversion_rho"":null,""inversion_channel"":8.5,""period_ms"":11.499881744384766}"
199281,1,2081.0001,2081.0001,False,0.25,"{""inversion_rho"":null,""inversion_channel"":9.0,""period_ms"":11.499881744384766}"
199281,1,2090.6999,2090.6999,False,1.0,"{""inversion_rho"":null,""inversion_channel"":8.5,""period_ms"":11.499881744384766}"
199281,1,2097.8,2097.8,False,0.875,"{""inversion_rho"":null,""inversion_channel"":7.5,""period_ms"":11.499881744384766}"
199281,1,2109.9,2109.9,False,0.375,"{""inversion_rho"":null,""inversion_channel"":7.5,""period_ms"":11.499881744384766}"
199281,1,2130.1999,2130.1999,False,1.0,"{""inversion_rho"":null,""inversion_channel"":6.5,""period_ms"":11.499881744384766}"
199281,1,2136.6999,2136.6999,False,0.375,"{""inversion_rho"":null,""inversion_channel"":25.5,""period_ms"":7.299900054931641}"
199281,1,2145.2,2145.2,False,0.375,"{""inversion_rho"":null,""inversion_channel"":9.5,""period_ms"":7.299900054931641}"
199281,1,2155.0,2155.0,False,0.5,"{""inversion_rho"":null,""inversion_channel"":22.0,""period_ms"":7.299900054931641}"
199281,1,2160.3,2160.3,False,0.25,"{""inversion_rho"":null,""inversion_channel"":7.5,""period_ms"":7.299900054931641}"
199281,1,2167.5999,2167.5999,False,0.25,"{""inversion_rho"":null,""inversion_channel"":11.0,""period_ms"":7.299900054931641}"
199281,1,2173.3,2173.3,False,1.0,"{""inversion_rho"":null,""inversion_channel"":7.5,""period_ms"":7.299900054931641}"
199281,1,2181.6001,2181.6001,False,1.0,"{""inversion_rho"":null,""inversion_channel"":22.5,""period_ms"":7.299900054931641}"
199281,1,2187.7999,2187.7999,False,1.0,"{""inversion_rho"":null,""inversion_channel"":6.5,""period_ms"":7.299900054931641}"
199281,1,2207.7,2207.7,False,1.0,"{""inversion_rho"":null,""inversion_channel"":7.5,""period_ms"":null}"
199281,1,2213.1,2213.1,False,1.0,"{""inversion_rho"":null,""inversion_channel"":6.5,""period_ms"":null}"
199281,1,2242.1999,2242.1999,False,1.0,"{""inversion_rho"":null,""inversion_channel"":6.5,""period_ms"":13.100147247314453}"
199281,1,2258.6999,2258.6999,False,0.75,"{""inversion_rho"":null,""inversion_channel"":8.0,""period_ms"":13.100147247314453}"
199281,1,2271.8,2271.8,False,0.375,"{""inversion_rho"":null,""inversion_channel"":8.0,""period_ms"":13.100147247314453}"
199281,1,2278.8999,2278.8999,False,0.375,"{""inversion_rho"":null,""inversion_channel"":17.5,""period_ms"":13.100147247314453}"
199281,1,2291.6,2291.6,False,1.0,"{""inversion_rho"":null,""inversion_channel"":7.5,""period_ms"":13.100147247314453}"
199281,1,2312.0999,2312.0999,False,1.0,"{""inversion_rho"":null,""inversion_channel"":7.5,""period_ms"":13.100147247314453}"
199281,1,2324.8,2324.8,False,0.625,"{""inversion_rho"":null,""inversion_channel"":17.5,""period_ms"":13.100147247314453}"
199281,1,2344.0001,2344.0001,False,1.0,"{""inversion_rho"":null,""inversion_channel"":19.0,""period_ms"":13.100147247314453}"
199281,1,2351.3999,2351.3999,False,1.0,"{""inversion_rho"":null,""inversion_channel"":9.5,""period_ms"":5.699872970581055}"
199281,1,2364.8,2364.8,False,1.0,"{""inversion_rho"":null,""inversion_channel"":6.5,""period_ms"":5.699872970581055}"
199281,1,2370.3001,2370.3001,False,0.75,"{""inversion_rho"":null,""inversion_channel"":16.0,""period_ms"":5.699872970581055}"
199281,1,2375.9999,2375.9999,False,1.0,"{""inversion_rho"":null,""inversion_channel"":38.5,""period_ms"":5.699872970581055}"
199281,1,2415.4,2415.4,False,0.25,"{""inversion_rho"":null,""inversion_channel"":9.5,""period_ms"":21.300077438354492}"
199281,1,2436.7001,2436.7001,False,1.0,"{""inversion_rho"":null,""inversion_channel"":6.5,""period_ms"":21.300077438354492}"
199281,1,2453.2001,2453.2001,False,1.0,"{""inversion_rho"":null,""inversion_channel"":36.5,""period_ms"":21.300077438354492}"
199281,1,2480.6001,2480.6001,False,1.0,"{""inversion_rho"":null,""inversion_channel"":7.5,""period_ms"":21.300077438354492}"
199281,1,2509.3,2509.3,False,1.0,"{""inversion_rho"":null,""inversion_channel"":31.0,""period_ms"":21.300077438354492}"
199281,1,2529.9001,2529.9001,False,1.0,"{""inversion_rho"":null,""inversion_channel"":34.5,""period_ms"":21.300077438354492}"
199281,1,2603.6999,2603.6999,False,1.0,"{""inversion_rho"":null,""inversion_channel"":7.5,""period_ms"":21.60012722015381}"
199281,1,2625.4001,2625.4001,False,0.875,"{""inversion_rho"":null,""inversion_channel"":10.0,""period_ms"":21.60012722015381}"
199281,1,2643.8,2643.8,False,0.75,"{""inversion_rho"":null,""inversion_channel"":6.5,""period_ms"":21.60012722015381}"
199281,1,2683.5001,2683.5001,False,1.0,"{""inversion_rho"":null,""inversion_channel"":6.5,""period_ms"":21.60012722015381}"
199281,1,2701.9999,2701.9999,False,0.25,"{""inversion_rho"":null,""inversion_channel"":12.5,""period_ms"":21.60012722015381}"
199281,1,2733.7999,2733.7999,False,0.625,"{""inversion_rho"":null,""inversion_channel"":37.5,""period_ms"":21.60012722015381}"
199281,1,2755.3,2755.3,False,1.0,"{""inversion_rho"":null,""inversion_channel"":10.5,""period_ms"":21.60012722015381}"
199281,1,2855.2001,2855.2001,False,0.5,"{""inversion_rho"":null,""inversion_channel"":7.5,""period_ms"":42.90008544921875}"
199281,1,2898.2999,2898.2999,False,1.0,"{""inversion_rho"":null,""inversion_channel"":7.5,""period_ms"":42.90008544921875}"
199281,1,2941.2,2941.2,False,1.0,"{""inversion_rho"":null,""inversion_channel"":7.5,""period_ms"":42.90008544921875}"
199281,1,2973.0999,2973.0999,False,1.0,"{""inversion_rho"":null,""inversion_channel"":10.0,""period_ms"":42.90008544921875}"
199281,1,2978.6,2978.6,False,0.375,"{""inversion_rho"":null,""inversion_channel"":6.5,""period_ms"":17.800092697143555}"
199281,1,3016.0999,3016.0999,False,1.0,"{""inversion_rho"":null,""inversion_channel"":39.0,""period_ms"":17.800092697143555}"
199281,1,3033.9,3033.9,False,1.0,"{""inversion_rho"":null,""inversion_channel"":6.5,""period_ms"":17.800092697143555}"
199281,1,3050.6999,3050.6999,False,0.625,"{""inversion_rho"":null,""inversion_channel"":5.5,""period_ms"":17.800092697143555}"
199281,1,3092.9,3092.9,False,1.0,"{""inversion_rho"":null,""inversion_channel"":6.5,""period_ms"":18.15009117126465}"
199281,1,3102.7999,3102.7999,False,1.0,"{""inversion_rho"":null,""inversion_channel"":5.5,""period_ms"":18.15009117126465}"
199281,1,3115.9,3115.9,False,0.875,"{""inversion_rho"":null,""inversion_channel"":6.5,""period_ms"":18.15009117126465}"
199281,1,3139.1001,3139.1001,False,0.5,"{""inversion_rho"":null,""inversion_channel"":5.5,""period_ms"":18.15009117126465}"
199281,1,3175.9,3175.9,False,1.0,"{""inversion_rho"":null,""inversion_channel"":7.5,""period_ms"":18.15009117126465}"
199281,1,3185.3001,3185.3001,False,0.625,"{""inversion_rho"":null,""inversion_channel"":6.5,""period_ms"":22.549986839294434}"
199281,1,3200.0999,3200.0999,False,1.0,"{""inversion_rho"":null,""inversion_channel"":7.5,""period_ms"":22.549986839294434}"
199281,1,3230.4001,3230.4001,False,1.0,"{""inversion_rho"":null,""inversion_channel"":7.5,""period_ms"":22.549986839294434}"
199281,1,3239.7001,3239.7001,False,1.0,"{""inversion_rho"":null,""inversion_channel"":6.5,""period_ms"":8.700132369995117}"
199281,1,3259.9001,3259.9001,False,1.0,"{""inversion_rho"":null,""inversion_channel"":8.5,""period_ms"":8.700132369995117}"
199281,1,3268.1,3268.1,False,0.625,"{""inversion_rho"":null,""inversion_channel"":9.0,""period_ms"":8.700132369995117}"
199281,1,3274.9,3274.9,False,1.0,"{""inversion_rho"":null,""inversion_channel"":36.5,""period_ms"":8.700132369995117}"
199281,1,3283.6001,3283.6001,False,1.0,"{""inversion_rho"":null,""inversion_channel"":30.0,""period_ms"":8.700132369995117}"
199281,1,3290.7,3290.7,False,1.0,"{""inversion_rho"":null,""inversion_channel"":35.5,""period_ms"":8.700132369995117}"
199281,1,3300.6001,3300.6001,False,0.25,"{""inversion_rho"":null,""inversion_channel"":17.5,""period_ms"":8.700132369995117}"
199281,1,3312.5,3312.5,False,1.0,"{""inversion_rho"":null,""inversion_channel"":6.5,""period_ms"":8.700132369995117}"
199281,1,3374.3,3374.3,False,0.875,"{""inversion_rho"":null,""inversion_channel"":5.5,""period_ms"":12.199997901916504}"
199281,1,3388.4001,3388.4001,False,1.0,"{""inversion_rho"":null,""inversion_channel"":7.5,""period_ms"":12.199997901916504}"
199281,1,3395.9999,3395.9999,False,1.0,"{""inversion_rho"":null,""inversion_channel"":6.5,""period_ms"":12.199997901916504}"
199281,1,3404.0,3404.0,False,1.0,"{""inversion_rho"":null,""inversion_channel"":6.5,""period_ms"":12.199997901916504}"
199281,1,3419.8,3419.8,False,1.0,"{""inversion_rho"":null,""inversion_channel"":6.5,""period_ms"":12.199997901916504}"
199281,1,3426.3999,3426.3999,False,1.0,"{""inversion_rho"":null,""inversion_channel"":6.5,""period_ms"":12.199997901916504}"
199281,1,3439.6999,3439.6999,False,1.0,"{""inversion_rho"":null,""inversion_channel"":6.5,""period_ms"":12.199997901916504}"
199281,1,3453.7001,3453.7001,False,0.625,"{""inversion_rho"":null,""inversion_channel"":33.0,""period_ms"":12.199997901916504}"
199281,1,3470.3,3470.3,False,1.0,"{""inversion_rho"":null,""inversion_channel"":6.5,""period_ms"":12.199997901916504}"
199281,1,3486.3,3486.3,False,1.0,"{""inversion_rho"":null,""inversion_channel"":6.5,""period_ms"":12.199997901916504}"
199281,1,3493.9001,3493.9001,False,1.0,"{""inversion_rho"":null,""inversion_channel"":6.5,""period_ms"":12.199997901916504}"
199281,1,3511.6,3511.6,False,1.0,"{""inversion_rho"":null,""inversion_channel"":6.5,""period_ms"":12.199997901916504}"
199281,1,3522.7001,3522.7001,False,1.0,"{""inversion_rho"":null,""inversion_channel"":7.5,""period_ms"":12.199997901916504}"
199281,1,3530.2999,3530.2999,False,1.0,"{""inversion_rho"":null,""inversion_channel"":6.5,""period_ms"":12.199997901916504}"
199281,1,3536.7999,3536.7999,False,0.875,"{""inversion_rho"":null,""inversion_channel"":37.0,""period_ms"":12.199997901916504}"
199281,1,3573.2999,3573.2999,False,1.0,"{""inversion_rho"":null,""inversion_channel"":7.5,""period_ms"":91.20011329650879}"
199281,1,3657.0001,3657.0001,False,1.0,"{""inversion_rho"":null,""inversion_channel"":7.5,""period_ms"":91.20011329650879}"
199281,1,3755.7001,3755.7001,False,0.75,"{""inversion_rho"":null,""inversion_channel"":6.0,""period_ms"":91.20011329650879}"
199281,1,3761.4,3761.4,False,1.0,"{""inversion_rho"":null,""inversion_channel"":7.5,""period_ms"":null}"
199281,1,4035.2998,4035.2998,False,0.625,"{""inversion_rho"":null,""inversion_channel"":10.0,""period_ms"":null}"
199281,1,4046.0,4046.0,False,1.0,"{""inversion_rho"":null,""inversion_channel"":6.5,""period_ms"":null}"
199281,1,4601.2001,4601.2001,False,0.875,"{""inversion_rho"":null,""inversion_channel"":6.5,""period_ms"":null}"
199281,1,5085.8002,5085.8002,False,1.0,"{""inversion_rho"":null,""inversion_channel"":35.0,""period_ms"":7.6999664306640625}"
199281,1,5092.4001,5092.4001,False,1.0,"{""inversion_rho"":null,""inversion_channel"":38.0,""period_ms"":7.6999664306640625}"
199281,1,5099.1998,5099.1998,False,1.0,"{""inversion_rho"":null,""inversion_channel"":5.5,""period_ms"":7.6999664306640625}"
199281,1,5107.8,5107.8,False,0.25,"{""inversion_rho"":null,""inversion_channel"":33.0,""period_ms"":7.6999664306640625}"
199281,1,5117.3,5117.3,False,0.875,"{""inversion_rho"":null,""inversion_channel"":5.5,""period_ms"":7.6999664306640625}"
199281,1,5221.4999,5221.4999,False,1.0,"{""inversion_rho"":null,""inversion_channel"":17.5,""period_ms"":12.30001449584961}"
199281,1,5263.5002,5263.5002,False,1.0,"{""inversion_rho"":null,""inversion_channel"":17.5,""period_ms"":12.30001449584961}"
199281,1,5290.2999,5290.2999,False,1.0,"{""inversion_rho"":null,""inversion_channel"":18.5,""period_ms"":12.30001449584961}"
199281,1,5319.3998,5319.3998,False,1.0,"{""inversion_rho"":null,""inversion_channel"":18.5,""period_ms"":12.30001449584961}"
199281,1,5351.3999,5351.3999,False,1.0,"{""inversion_rho"":null,""inversion_channel"":17.5,""period_ms"":12.30001449584961}"
199281,1,5380.7998,5380.7998,False,1.0,"{""inversion_rho"":null,""inversion_channel"":18.5,""period_ms"":12.30001449584961}"
199281,1,5409.5001,5409.5001,False,1.0,"{""inversion_rho"":null,""inversion_channel"":32.5,""period_ms"":12.30001449584961}"
199281,1,5435.6999,5435.6999,False,1.0,"{""inversion_rho"":null,""inversion_channel"":17.5,""period_ms"":12.30001449584961}"
199281,1,5460.1002,5460.1002,False,1.0,"{""inversion_rho"":null,""inversion_channel"":16.5,""period_ms"":12.30001449584961}"
199281,1,5482.9998,5482.9998,False,1.0,"{""inversion_rho"":null,""inversion_channel"":18.0,""period_ms"":12.30001449584961}"
199281,1,5503.2001,5503.2001,False,1.0,"{""inversion_rho"":null,""inversion_channel"":17.5,""period_ms"":12.30001449584961}"
199281,1,5522.3999,5522.3999,False,1.0,"{""inversion_rho"":null,""inversion_channel"":16.5,""period_ms"":12.30001449584961}"
199281,1,5538.4002,5538.4002,False,1.0,"{""inversion_rho"":null,""inversion_channel"":17.5,""period_ms"":12.30001449584961}"
199281,1,5553.1998,5553.1998,False,1.0,"{""inversion_rho"":null,""inversion_channel"":17.5,""period_ms"":12.30001449584961}"
199281,1,5568.9998,5568.9998,False,1.0,"{""inversion_rho"":null,""inversion_channel"":16.5,""period_ms"":12.30001449584961}"
199281,1,5582.6001,5582.6001,False,1.0,"{""inversion_rho"":null,""inversion_channel"":17.0,""period_ms"":12.30001449584961}"
199281,1,5595.5,5595.5,False,1.0,"{""inversion_rho"":null,""inversion_channel"":16.5,""period_ms"":12.30001449584961}"
199281,1,5610.0998,5610.0998,False,1.0,"{""inversion_rho"":null,""inversion_channel"":31.5,""period_ms"":12.30001449584961}"
199281,1,5623.3001,5623.3001,False,0.375,"{""inversion_rho"":null,""inversion_channel"":16.5,""period_ms"":12.30001449584961}"
199281,1,5636.8999,5636.8999,False,1.0,"{""inversion_rho"":null,""inversion_channel"":16.5,""period_ms"":12.30001449584961}"
199281,1,5648.9,5648.9,False,0.25,"{""inversion_rho"":null,""inversion_channel"":27.5,""period_ms"":12.30001449584961}"
199281,1,5662.2,5662.2,False,0.875,"{""inversion_rho"":null,""inversion_channel"":22.5,""period_ms"":12.30001449584961}"
199281,1,5676.7001,5676.7001,False,1.0,"{""inversion_rho"":null,""inversion_channel"":17.5,""period_ms"":12.30001449584961}"
199281,1,5689.0001,5689.0001,False,0.375,"{""inversion_rho"":null,""inversion_channel"":28.5,""period_ms"":12.30001449584961}"
199281,1,5702.0001,5702.0001,False,0.5,"{""inversion_rho"":null,""inversion_channel"":23.0,""period_ms"":12.30001449584961}"
199281,1,5713.1,5713.1,False,0.375,"{""inversion_rho"":null,""inversion_channel"":23.0,""period_ms"":12.30001449584961}"
199281,1,5724.5002,5724.5002,False,1.0,"{""inversion_rho"":null,""inversion_channel"":14.5,""period_ms"":12.30001449584961}"
199281,1,5734.0002,5734.0002,False,0.25,"{""inversion_rho"":null,""inversion_channel"":25.0,""period_ms"":12.30001449584961}"
199281,1,5743.8998,5743.8998,False,1.0,"{""inversion_rho"":null,""inversion_channel"":27.5,""period_ms"":12.30001449584961}"
199281,1,5752.9998,5752.9998,False,1.0,"{""inversion_rho"":null,""inversion_channel"":26.5,""period_ms"":12.30001449584961}"
199281,1,5761.3001,5761.3001,False,1.0,"{""inversion_rho"":null,""inversion_channel"":28.5,""period_ms"":12.30001449584961}"
199281,1,5770.1001,5770.1001,False,1.0,"{""inversion_rho"":null,""inversion_channel"":14.5,""period_ms"":12.30001449584961}"
199281,1,5777.6999,5777.6999,False,0.75,"{""inversion_rho"":null,""inversion_channel"":14.5,""period_ms"":12.30001449584961}"
199281,1,5786.0999,5786.0999,False,1.0,"{""inversion_rho"":null,""inversion_channel"":15.5,""period_ms"":12.30001449584961}"
199281,1,5793.7002,5793.7002,False,1.0,"{""inversion_rho"":null,""inversion_channel"":13.0,""period_ms"":12.30001449584961}"
199281,1,5801.1999,5801.1999,False,1.0,"{""inversion_rho"":null,""inversion_channel"":10.0,""period_ms"":12.30001449584961}"
199281,1,5809.0,5809.0,False,1.0,"{""inversion_rho"":null,""inversion_channel"":13.5,""period_ms"":12.30001449584961}"
199281,1,5816.0,5816.0,False,0.875,"{""inversion_rho"":null,""inversion_channel"":26.5,""period_ms"":12.30001449584961}"
199281,1,5823.9999,5823.9999,False,1.0,"{""inversion_rho"":null,""inversion_channel"":26.0,""period_ms"":12.30001449584961}"
199281,1,5831.8,5831.8,False,1.0,"{""inversion_rho"":null,""inversion_channel"":27.5,""period_ms"":12.30001449584961}"
199281,1,5840.4999,5840.4999,False,1.0,"{""inversion_rho"":null,""inversion_channel"":13.5,""period_ms"":12.30001449584961}"
199281,1,5848.7,5848.7,False,1.0,"{""inversion_rho"":null,""inversion_channel"":25.5,""period_ms"":12.30001449584961}"
199281,1,5856.8001,5856.8001,False,1.0,"{""inversion_rho"":null,""inversion_channel"":13.0,""period_ms"":12.30001449584961}"
199281,1,5867.0001,5867.0001,False,1.0,"{""inversion_rho"":null,""inversion_channel"":25.0,""period_ms"":12.30001449584961}"
199281,1,5877.6999,5877.6999,False,1.0,"{""inversion_rho"":null,""inversion_channel"":13.0,""period_ms"":12.30001449584961}"
199281,1,5888.4001,5888.4001,False,1.0,"{""inversion_rho"":null,""inversion_channel"":25.5,""period_ms"":12.30001449584961}"
199281,1,5899.4002,5899.4002,False,1.0,"{""inversion_rho"":null,""inversion_channel"":23.5,""period_ms"":12.30001449584961}"
199281,1,5912.3001,5912.3001,False,1.0,"{""inversion_rho"":null,""inversion_channel"":21.5,""period_ms"":12.30001449584961}"
199281,1,5924.6001,5924.6001,False,0.25,"{""inversion_rho"":null,""inversion_channel"":22.5,""period_ms"":12.30001449584961}"
199281,1,5936.9001,5936.9001,False,0.375,"{""inversion_rho"":null,""inversion_channel"":22.0,""period_ms"":12.30001449584961}"
199281,1,5950.7999,5950.7999,False,1.0,"{""inversion_rho"":null,""inversion_channel"":21.5,""period_ms"":12.30001449584961}"
199281,1,59.2,108.0,True,1.0,"{""inversion_rho"":null,""inversion_channel"":6.0,""period_ms"":13.499997556209564}"
199281,1,1592.9,1766.6,True,1.0,"{""inversion_rho"":null,""inversion_channel"":12.5,""period_ms"":13.450026512145996}"
199281,1,1787.3,1806.8,True,1.0,"{""inversion_rho"":null,""inversion_channel"":8.5,""period_ms"":9.750008583068848}"
199281,1,1833.9,2130.1999,True,1.0,"{""inversion_rho"":null,""inversion_channel"":7.5,""period_ms"":11.499881744384766}"
199281,1,2136.6999,2187.7999,True,1.0,"{""inversion_rho"":null,""inversion_channel"":10.25,""period_ms"":7.299900054931641}"
199281,1,2242.1999,2344.0001,True,1.0,"{""inversion_rho"":null,""inversion_channel"":8.0,""period_ms"":13.100147247314453}"
199281,1,2351.3999,2375.9999,True,1.0,"{""inversion_rho"":null,""inversion_channel"":12.75,""period_ms"":5.699872970581055}"
199281,1,2415.4,2529.9001,True,1.0,"{""inversion_rho"":null,""inversion_channel"":20.25,""period_ms"":21.300077438354492}"
199281,1,2603.6999,2755.3,True,1.0,"{""inversion_rho"":null,""inversion_channel"":10.0,""period_ms"":21.60012722015381}"
199281,1,2855.2001,2973.0999,True,1.0,"{""inversion_rho"":null,""inversion_channel"":7.5,""period_ms"":42.90008544921875}"
199281,1,2978.6,3050.6999,True,1.0,"{""inversion_rho"":null,""inversion_channel"":6.5,""period_ms"":17.800092697143555}"
199281,1,3092.9,3175.9,True,1.0,"{""inversion_rho"":null,""inversion_channel"":6.5,""period_ms"":18.15009117126465}"
199281,1,3185.3001,3230.4001,True,1.0,"{""inversion_rho"":null,""inversion_channel"":7.5,""period_ms"":22.549986839294434}"
199281,1,3239.7001,3312.5,True,1.0,"{""inversion_rho"":null,""inversion_channel"":13.25,""period_ms"":8.700132369995117}"
199281,1,3374.3,3536.7999,True,1.0,"{""inversion_rho"":null,""inversion_channel"":6.5,""period_ms"":12.199997901916504}"
199281,1,3573.2999,3755.7001,True,1.0,"{""inversion_rho"":null,""inversion_channel"":7.5,""period_ms"":91.20011329650879}"
199281,1,5085.8002,5117.3,True,1.0,"{""inversion_rho"":null,""inversion_channel"":33.0,""period_ms"":7.6999664306640625}"
199281,1,5221.4999,5950.7999,True,1.0,"{""inversion_rho"":null,""inversion_channel"":18.0,""period_ms"":12.30001449584961}"
199557,1,63.3,63.3,False,0.625,"{""inversion_rho"":null,""inversion_channel"":12.5,""period_ms"":null}"
199557,1,110.9,110.9,False,0.625,"{""inversion_rho"":null,""inversion_channel"":13.5,""period_ms"":null}"
199557,1,983.0,983.0,False,0.25,"{""inversion_rho"":null,""inversion_channel"":22.5,""period_ms"":null}"
199557,1,996.2,996.2,False,1.0,"{""inversion_rho"":null,""inversion_channel"":28.5,""period_ms"":null}"
199557,1,2146.3001,2146.3001,False,0.875,"{""inversion_rho"":null,""inversion_channel"":10.5,""period_ms"":null}"
199557,1,2167.1,2167.1,False,0.875,"{""inversion_rho"":null,""inversion_channel"":13.0,""period_ms"":null}"
199557,1,2273.0,2273.0,False,1.0,"{""inversion_rho"":null,""inversion_channel"":23.5,""period_ms"":8.599996566772461}"
199557,1,2283.7,2283.7,False,1.0,"{""inversion_rho"":null,""inversion_channel"":39.5,""period_ms"":8.599996566772461}"
199557,1,2290.2,2290.2,False,1.0,"{""inversion_rho"":null,""inversion_channel"":26.5,""period_ms"":8.599996566772461}"
199557,1,2359.9,2359.9,False,1.0,"{""inversion_rho"":null,""inversion_channel"":39.5,""period_ms"":14.800071716308594}"
199557,1,2374.2001,2374.2001,False,1.0,"{""inversion_rho"":null,""inversion_channel"":39.5,""period_ms"":14.800071716308594}"
199557,1,2388.4001,2388.4001,False,1.0,"{""inversion_rho"":null,""inversion_channel"":28.5,""period_ms"":14.800071716308594}"
199557,1,2408.0999,2408.0999,False,1.0,"{""inversion_rho"":null,""inversion_channel"":31.0,""period_ms"":14.800071716308594}"
199557,1,2424.0,2424.0,False,1.0,"{""inversion_rho"":null,""inversion_channel"":30.0,""period_ms"":14.800071716308594}"
199557,1,2439.8999,2439.8999,False,0.375,"{""inversion_rho"":null,""inversion_channel"":26.0,""period_ms"":14.800071716308594}"
199557,1,2450.0,2450.0,False,1.0,"{""inversion_rho"":null,""inversion_channel"":42.5,""period_ms"":14.800071716308594}"
199557,1,2465.6999,2465.6999,False,1.0,"{""inversion_rho"":null,""inversion_channel"":39.5,""period_ms"":14.800071716308594}"
199557,1,2483.4001,2483.4001,False,1.0,"{""inversion_rho"":null,""inversion_channel"":31.5,""period_ms"":14.800071716308594}"
199557,1,2493.5,2493.5,False,1.0,"{""inversion_rho"":null,""inversion_channel"":42.0,""period_ms"":14.800071716308594}"
199557,1,2501.4999,2501.4999,False,0.375,"{""inversion_rho"":null,""inversion_channel"":8.5,""period_ms"":14.800071716308594}"
199557,1,2509.3999,2509.3999,False,0.875,"{""inversion_rho"":null,""inversion_channel"":44.0,""period_ms"":14.800071716308594}"
199557,1,2517.4,2517.4,False,1.0,"{""inversion_rho"":null,""inversion_channel"":31.5,""period_ms"":14.800071716308594}"
199557,1,2532.7001,2532.7001,False,1.0,"{""inversion_rho"":null,""inversion_channel"":31.5,""period_ms"":14.800071716308594}"
199557,1,2552.3,2552.3,False,0.5,"{""inversion_rho"":null,""inversion_channel"":12.5,""period_ms"":14.800071716308594}"
199557,1,2557.9,2557.9,False,1.0,"{""inversion_rho"":null,""inversion_channel"":31.5,""period_ms"":11.499881744384766}"
199557,1,2566.9999,2566.9999,False,0.75,"{""inversion_rho"":null,""inversion_channel"":3.5,""period_ms"":11.499881744384766}"
199557,1,2582.9999,2582.9999,False,1.0,"{""inversion_rho"":null,""inversion_channel"":39.5,""period_ms"":11.499881744384766}"
199557,1,2599.4,2599.4,False,1.0,"{""inversion_rho"":null,""inversion_channel"":39.5,""period_ms"":11.499881744384766}"
199557,1,2619.4,2619.4,False,1.0,"{""inversion_rho"":null,""inversion_channel"":31.5,""period_ms"":11.499881744384766}"
199557,1,2628.9999,2628.9999,False,1.0,"{""inversion_rho"":null,""inversion_channel"":39.5,""period_ms"":11.499881744384766}"
199557,1,2638.7999,2638.7999,False,0.375,"{""inversion_rho"":null,""inversion_channel"":9.5,""period_ms"":11.499881744384766}"
199557,1,2652.6999,2652.6999,False,1.0,"{""inversion_rho"":null,""inversion_channel"":31.5,""period_ms"":11.499881744384766}"
199557,1,2660.3,2660.3,False,0.5,"{""inversion_rho"":null,""inversion_channel"":11.5,""period_ms"":11.499881744384766}"
199557,1,2667.9001,2667.9001,False,1.0,"{""inversion_rho"":null,""inversion_channel"":39.5,""period_ms"":11.499881744384766}"
199557,1,2676.8999,2676.8999,False,0.875,"{""inversion_rho"":null,""inversion_channel"":31.5,""period_ms"":11.499881744384766}"
199557,1,2687.5,2687.5,False,0.375,"{""inversion_rho"":null,""inversion_channel"":9.5,""period_ms"":11.499881744384766}"
199557,1,2698.9999,2698.9999,False,1.0,"{""inversion_rho"":null,""inversion_channel"":31.0,""period_ms"":11.499881744384766}"
199557,1,2705.9,2705.9,False,0.375,"{""inversion_rho"":null,""inversion_channel"":5.5,""period_ms"":11.499881744384766}"
199557,1,2718.3001,2718.3001,False,0.75,"{""inversion_rho"":null,""inversion_channel"":6.0,""period_ms"":11.499881744384766}"
199557,1,2728.1001,2728.1001,False,1.0,"{""inversion_rho"":null,""inversion_channel"":30.5,""period_ms"":11.499881744384766}"
199557,1,2744.9,2744.9,False,1.0,"{""inversion_rho"":null,""inversion_channel"":31.0,""period_ms"":11.499881744384766}"
199557,1,2756.7,2756.7,False,1.0,"{""inversion_rho"":null,""inversion_channel"":40.0,""period_ms"":11.499881744384766}"
199557,1,2775.8999,2775.8999,False,1.0,"{""inversion_rho"":null,""inversion_channel"":30.5,""period_ms"":11.499881744384766}"
199557,1,2785.8,2785.8,False,1.0,"{""inversion_rho"":null,""inversion_channel"":40.0,""period_ms"":11.499881744384766}"
199557,1,2803.1001,2803.1001,False,0.375,"{""inversion_rho"":null,""inversion_channel"":9.5,""period_ms"":11.499881744384766}"
199557,1,2816.0,2816.0,False,1.0,"{""inversion_rho"":null,""inversion_channel"":39.5,""period_ms"":11.499881744384766}"
199557,1,2823.9,2823.9,False,1.0,"{""inversion_rho"":null,""inversion_channel"":7.0,""period_ms"":11.499881744384766}"
199557,1,2834.3999,2834.3999,False,1.0,"{""inversion_rho"":null,""inversion_channel"":39.5,""period_ms"":11.499881744384766}"
199557,1,2845.0,2845.0,False,1.0,"{""inversion_rho"":null,""inversion_channel"":39.5,""period_ms"":11.499881744384766}"
199557,1,2859.1001,2859.1001,False,0.875,"{""inversion_rho"":null,""inversion_channel"":8.5,""period_ms"":11.499881744384766}"
199557,1,2889.9,2889.9,False,1.0,"{""inversion_rho"":null,""inversion_channel"":40.0,""period_ms"":11.499881744384766}"
199557,1,2915.4,2915.4,False,0.625,"{""inversion_rho"":null,""inversion_channel"":44.5,""period_ms"":11.499881744384766}"
199557,1,2921.2999,2921.2999,False,1.0,"{""inversion_rho"":null,""inversion_channel"":28.5,""period_ms"":null}"
199557,1,2952.6999,2952.6999,False,1.0,"{""inversion_rho"":null,""inversion_channel"":40.5,""period_ms"":null}"
199557,1,2959.5001,2959.5001,False,1.0,"{""inversion_rho"":null,""inversion_channel"":38.5,""period_ms"":null}"
199557,1,2967.7999,2967.7999,False,1.0,"{""inversion_rho"":null,""inversion_channel"":39.5,""period_ms"":null}"
199557,1,2996.5999,2996.5999,False,0.25,"{""inversion_rho"":null,""inversion_channel"":8.5,""period_ms"":15.10000228881836}"
199557,1,3004.8001,3004.8001,False,0.25,"{""inversion_rho"":null,""inversion_channel"":22.5,""period_ms"":15.10000228881836}"
199557,1,3015.1,3015.1,False,1.0,"{""inversion_rho"":null,""inversion_channel"":23.5,""period_ms"":15.10000228881836}"
199557,1,3035.0001,3035.0001,False,1.0,"{""inversion_rho"":null,""inversion_channel"":17.5,""period_ms"":15.10000228881836}"
199557,1,3057.9,3057.9,False,1.0,"{""inversion_rho"":null,""inversion_channel"":38.0,""period_ms"":15.10000228881836}"
199557,1,3065.1,3065.1,False,1.0,"{""inversion_rho"":null,""inversion_channel"":38.0,""period_ms"":12.999773025512695}"
199557,1,3074.7001,3074.7001,False,1.0,"{""inversion_rho"":null,""inversion_channel"":24.5,""period_ms"":12.999773025512695}"
199557,1,3087.6999,3087.6999,False,1.0,"{""inversion_rho"":null,""inversion_channel"":37.5,""period_ms"":12.999773025512695}"
199557,1,3107.8999,3107.8999,False,0.875,"{""inversion_rho"":null,""inversion_channel"":38.0,""period_ms"":12.999773025512695}"
199557,1,3113.1001,3113.1001,False,0.875,"{""inversion_rho"":null,""inversion_channel"":25.0,""period_ms"":null}"
199557,1,3135.4001,3135.4001,False,1.0,"{""inversion_rho"":null,""inversion_channel"":38.0,""period_ms"":null}"
199557,1,3142.9,3142.9,False,0.375,"{""inversion_rho"":null,""inversion_channel"":15.0,""period_ms"":21.399974822998047}"
199557,1,3154.7,3154.7,False,1.0,"{""inversion_rho"":null,""inversion_channel"":27.5,""period_ms"":21.399974822998047}"
199557,1,3177.2001,3177.2001,False,1.0,"{""inversion_rho"":null,""inversion_channel"":12.5,""period_ms"":21.399974822998047}"
199557,1,3197.5,3197.5,False,1.0,"{""inversion_rho"":null,""inversion_channel"":25.5,""period_ms"":21.399974822998047}"
199557,1,3212.8999,3212.8999,False,0.625,"{""inversion_rho"":null,""inversion_channel"":40.5,""period_ms"":21.399974822998047}"
199557,1,3235.8,3235.8,False,1.0,"{""inversion_rho"":null,""inversion_channel"":27.5,""period_ms"":21.399974822998047}"
199557,1,3272.7001,3272.7001,False,1.0,"{""inversion_rho"":null,""inversion_channel"":39.5,""period_ms"":21.399974822998047}"
199557,1,3280.7,3280.7,False,0.375,"{""inversion_rho"":null,""inversion_channel"":26.0,""period_ms"":12.400031089782715}"
199557,1,3290.9,3290.9,False,1.0,"{""inversion_rho"":null,""inversion_channel"":39.5,""period_ms"":12.400031089782715}"
199557,1,3300.4999,3300.4999,False,1.0,"{""inversion_rho"":null,""inversion_channel"":38.5,""period_ms"":12.400031089782715}"
199557,1,3320.6,3320.6,False,1.0,"{""inversion_rho"":null,""inversion_channel"":37.5,""period_ms"":12.400031089782715}"
199557,1,3333.9,3333.9,False,0.25,"{""inversion_rho"":null,""inversion_channel"":27.5,""period_ms"":12.400031089782715}"
199557,1,3349.0,3349.0,False,1.0,"{""inversion_rho"":null,""inversion_channel"":27.5,""period_ms"":12.400031089782715}"
199557,1,3360.5001,3360.5001,False,1.0,"{""inversion_rho"":null,""inversion_channel"":43.0,""period_ms"":12.400031089782715}"
199557,1,3382.9999,3382.9999,False,1.0,"{""inversion_rho"":null,""inversion_channel"":39.5,""period_ms"":12.400031089782715}"
199557,1,3399.1001,3399.1001,False,0.625,"{""inversion_rho"":null,""inversion_channel"":28.5,""period_ms"":12.400031089782715}"
199557,1,3405.9,3405.9,False,0.25,"{""inversion_rho"":null,""inversion_channel"":8.5,""period_ms"":12.400031089782715}"
199557,1,3411.0999,3411.0999,False,1.0,"{""inversion_rho"":null,""inversion_channel"":27.5,""period_ms"":12.400031089782715}"
199557,1,3458.6,3458.6,False,1.0,"{""inversion_rho"":null,""inversion_channel"":9.5,""period_ms"":7.299900054931641}"
199557,1,3465.3001,3465.3001,False,1.0,"{""inversion_rho"":null,""inversion_channel"":7.5,""period_ms"":7.299900054931641}"
199557,1,3476.0001,3476.0001,False,1.0,"{""inversion_rho"":null,""inversion_channel"":39.5,""period_ms"":7.299900054931641}"
199557,1,3483.3,3483.3,False,1.0,"{""inversion_rho"":null,""inversion_channel"":27.0,""period_ms"":7.299900054931641}"
199557,1,3518.3001,3518.3001,False,1.0,"{""inversion_rho"":null,""inversion_channel"":24.5,""period_ms"":16.250014305114746}"
199557,1,3539.5,3539.5,False,1.0,"{""inversion_rho"":null,""inversion_channel"":39.5,""period_ms"":16.250014305114746}"
199557,1,3552.7999,3552.7999,False,1.0,"{""inversion_rho"":null,""inversion_channel"":24.5,""period_ms"":16.250014305114746}"
199557,1,3563.9,3563.9,False,1.0,"{""inversion_rho"":null,""inversion_channel"":37.5,""period_ms"":16.250014305114746}"
199557,1,3580.2,3580.2,False,1.0,"{""inversion_rho"":null,""inversion_channel"":39.5,""period_ms"":16.250014305114746}"
199557,1,3615.7999,3615.7999,False,1.0,"{""inversion_rho"":null,""inversion_channel"":12.5,""period_ms"":16.250014305114746}"
199557,1,3632.7,3632.7,False,1.0,"{""inversion_rho"":null,""inversion_channel"":39.5,""period_ms"":16.250014305114746}"
199557,1,3642.7,3642.7,False,1.0,"{""inversion_rho"":null,""inversion_channel"":27.5,""period_ms"":16.250014305114746}"
199557,1,3667.1,3667.1,False,1.0,"{""inversion_rho"":null,""inversion_channel"":40.5,""period_ms"":16.250014305114746}"
199557,1,3681.2,3681.2,False,1.0,"{""inversion_rho"":null,""inversion_channel"":26.5,""period_ms"":16.250014305114746}"
199557,1,3690.8,3690.8,False,1.0,"{""inversion_rho"":null,""inversion_channel"":24.5,""period_ms"":16.250014305114746}"
199557,1,3707.0,3707.0,False,1.0,"{""inversion_rho"":null,""inversion_channel"":39.5,""period_ms"":16.250014305114746}"
199557,1,3743.5999,3743.5999,False,1.0,"{""inversion_rho"":null,""inversion_channel"":20.0,""period_ms"":16.250014305114746}"
199557,1,3755.3,3755.3,False,1.0,"{""inversion_rho"":null,""inversion_channel"":39.5,""period_ms"":9.599924087524414}"
199557,1,3764.1001,3764.1001,False,1.0,"{""inversion_rho"":null,""inversion_channel"":40.0,""period_ms"":9.599924087524414}"
199557,1,3774.4999,3774.4999,False,1.0,"{""inversion_rho"":null,""inversion_channel"":27.0,""period_ms"":9.599924087524414}"
199557,1,3803.6001,3803.6001,False,1.0,"{""inversion_rho"":null,""inversion_channel"":26.5,""period_ms"":null}"
199557,1,3814.5001,3814.5001,False,1.0,"{""inversion_rho"":null,""inversion_channel"":40.0,""period_ms"":null}"
199557,1,3847.3001,3847.3001,False,1.0,"{""inversion_rho"":null,""inversion_channel"":27.5,""period_ms"":10.499954223632812}"
199557,1,3853.1001,3853.1001,False,1.0,"{""inversion_rho"":null,""inversion_channel"":40.5,""period_ms"":10.499954223632812}"
199557,1,3860.1999,3860.1999,False,1.0,"{""inversion_rho"":null,""inversion_channel"":28.0,""period_ms"":10.499954223632812}"
199557,1,3874.1,3874.1,False,1.0,"{""inversion_rho"":null,""inversion_channel"":40.5,""period_ms"":10.499954223632812}"
199557,1,3891.4001,3891.4001,False,0.5,"{""inversion_rho"":null,""inversion_channel"":28.5,""period_ms"":10.499954223632812}"
199557,1,3897.9001,3897.9001,False,1.0,"{""inversion_rho"":null,""inversion_channel"":28.5,""period_ms"":13.599872589111328}"
199557,1,3911.5,3911.5,False,1.0,"{""inversion_rho"":null,""inversion_channel"":39.5,""period_ms"":13.599872589111328}"
199557,1,3936.1,3936.1,False,1.0,"{""inversion_rho"":null,""inversion_channel"":31.5,""period_ms"":13.599872589111328}"
199557,1,3947.9001,3947.9001,False,1.0,"{""inversion_rho"":null,""inversion_channel"":40.0,""period_ms"":13.599872589111328}"
199557,1,3979.0001,3979.0001,False,1.0,"{""inversion_rho"":null,""inversion_channel"":40.0,""period_ms"":12.200355529785156}"
199557,1,3986.9001,3986.9001,False,1.0,"{""inversion_rho"":null,""inversion_channel"":40.0,""period_ms"":12.200355529785156}"
199557,1,3994.0,3994.0,False,1.0,"{""inversion_rho"":null,""inversion_channel"":31.0,""period_ms"":12.200355529785156}"
199557,1,4009.8,4009.8,False,1.0,"{""inversion_rho"":null,""inversion_channel"":28.5,""period_ms"":12.200355529785156}"
199557,1,4038.7998,4038.7998,False,1.0,"{""inversion_rho"":null,""inversion_channel"":40.0,""period_ms"":12.200355529785156}"
199557,1,4051.0001,4051.0001,False,0.75,"{""inversion_rho"":null,""inversion_channel"":16.5,""period_ms"":12.200355529785156}"
199557,1,4063.6001,4063.6001,False,1.0,"{""inversion_rho"":null,""inversion_channel"":28.5,""period_ms"":12.200355529785156}"
199557,1,4082.2001,4082.2001,False,1.0,"{""inversion_rho"":null,""inversion_channel"":40.5,""period_ms"":12.200355529785156}"
199557,1,4091.7001,4091.7001,False,1.0,"{""inversion_rho"":null,""inversion_channel"":29.0,""period_ms"":12.200355529785156}"
199557,1,4099.2999,4099.2999,False,1.0,"{""inversion_rho"":null,""inversion_channel"":29.5,""period_ms"":12.200355529785156}"
199557,1,4137.4998,4137.4998,False,1.0,"{""inversion_rho"":null,""inversion_channel"":43.0,""period_ms"":7.700204849243164}"
199557,1,4147.2001,4147.2001,False,1.0,"{""inversion_rho"":null,""inversion_channel"":39.5,""period_ms"":7.700204849243164}"
199557,1,4152.9002,4152.9002,False,0.5,"{""inversion_rho"":null,""inversion_channel"":29.0,""period_ms"":7.700204849243164}"
199557,1,4180.2001,4180.2001,False,1.0,"{""inversion_rho"":null,""inversion_channel"":29.5,""period_ms"":11.400222778320312}"
199557,1,4188.2,4188.2,False,1.0,"{""inversion_rho"":null,""inversion_channel"":40.5,""period_ms"":11.400222778320312}"
199557,1,4199.6002,4199.6002,False,1.0,"{""inversion_rho"":null,""inversion_channel"":28.5,""period_ms"":11.400222778320312}"
199557,1,4211.7,4211.7,False,1.0,"{""inversion_rho"":null,""inversion_channel"":40.5,""period_ms"":11.400222778320312}"
199557,1,4225.5001,4225.5001,False,1.0,"{""inversion_rho"":null,""inversion_channel"":27.5,""period_ms"":11.400222778320312}"
199557,1,4232.1,4232.1,False,0.375,"{""inversion_rho"":null,""inversion_channel"":27.5,""period_ms"":11.400222778320312}"
199557,1,4243.5002,4243.5002,False,1.0,"{""inversion_rho"":null,""inversion_channel"":40.5,""period_ms"":11.400222778320312}"
199557,1,4249.8999,4249.8999,False,1.0,"{""inversion_rho"":null,""inversion_channel"":41.0,""period_ms"":11.400222778320312}"
199557,1,4267.9,4267.9,False,1.0,"{""inversion_rho"":null,""inversion_channel"":40.0,""period_ms"":10.849714279174805}"
199557,1,4277.8001,4277.8001,False,0.75,"{""inversion_rho"":null,""inversion_channel"":30.0,""period_ms"":10.849714279174805}"
199557,1,4284.8001,4284.8001,False,1.0,"{""inversion_rho"":null,""inversion_channel"":30.5,""period_ms"":10.849714279174805}"
199557,1,4294.7001,4294.7001,False,0.875,"{""inversion_rho"":null,""inversion_channel"":30.5,""period_ms"":10.849714279174805}"
199557,1,4316.8001,4316.8001,False,1.0,"{""inversion_rho"":null,""inversion_channel"":40.5,""period_ms"":10.849714279174805}"
199557,1,4328.8999,4328.8999,False,1.0,"{""inversion_rho"":null,""inversion_channel"":40.0,""period_ms"":10.849714279174805}"
199557,1,4343.9002,4343.9002,False,1.0,"{""inversion_rho"":null,""inversion_channel"":31.5,""period_ms"":10.849714279174805}"
199557,1,4354.6,4354.6,False,0.75,"{""inversion_rho"":null,""inversion_channel"":31.5,""period_ms"":10.849714279174805}"
199557,1,4363.6999,4363.6999,False,1.0,"{""inversion_rho"":null,""inversion_channel"":40.5,""period_ms"":10.849714279174805}"
199557,1,4371.6002,4371.6002,False,1.0,"{""inversion_rho"":null,""inversion_channel"":40.0,""period_ms"":10.849714279174805}"
199557,1,4382.5998,4382.5998,False,1.0,"{""inversion_rho"":null,""inversion_channel"":29.0,""period_ms"":10.849714279174805}"
199557,1,4399.4002,4399.4002,False,1.0,"{""inversion_rho"":null,""inversion_channel"":42.5,""period_ms"":10.849714279174805}"
199557,1,4407.3,4407.3,False,1.0,"{""inversion_rho"":null,""inversion_channel"":31.0,""period_ms"":10.849714279174805}"
199557,1,4418.6001,4418.6001,False,1.0,"{""inversion_rho"":null,""inversion_channel"":40.5,""period_ms"":10.849714279174805}"
199557,1,4439.1999,4439.1999,False,1.0,"{""inversion_rho"":null,""inversion_channel"":40.0,""period_ms"":10.849714279174805}"
199557,1,4447.3,4447.3,False,1.0,"{""inversion_rho"":null,""inversion_channel"":30.5,""period_ms"":11.300086975097656}"
199557,1,4454.4001,4454.4001,False,1.0,"{""inversion_rho"":null,""inversion_channel"":40.5,""period_ms"":11.300086975097656}"
199557,1,4468.8001,4468.8001,False,1.0,"{""inversion_rho"":null,""inversion_channel"":29.5,""period_ms"":11.300086975097656}"
199557,1,4480.1002,4480.1002,False,0.75,"{""inversion_rho"":null,""inversion_channel"":30.5,""period_ms"":11.300086975097656}"
199557,1,4491.3998,4491.3998,False,1.0,"{""inversion_rho"":null,""inversion_channel"":40.0,""period_ms"":11.300086975097656}"
199557,1,4504.6,4504.6,False,1.0,"{""inversion_rho"":null,""inversion_channel"":39.0,""period_ms"":11.300086975097656}"
199557,1,4512.8002,4512.8002,False,1.0,"{""inversion_rho"":null,""inversion_channel"":40.5,""period_ms"":11.300086975097656}"
199557,1,4522.6998,4522.6998,False,1.0,"{""inversion_rho"":null,""inversion_channel"":38.0,""period_ms"":11.300086975097656}"
199557,1,4535.2998,4535.2998,False,1.0,"{""inversion_rho"":null,""inversion_channel"":29.5,""period_ms"":11.300086975097656}"
199557,1,4546.5002,4546.5002,False,1.0,"{""inversion_rho"":null,""inversion_channel"":41.5,""period_ms"":11.300086975097656}"
199557,1,4555.1,4555.1,False,1.0,"{""inversion_rho"":null,""inversion_channel"":29.5,""period_ms"":11.300086975097656}"
199557,1,4568.6002,4568.6002,False,1.0,"{""inversion_rho"":null,""inversion_channel"":39.5,""period_ms"":11.300086975097656}"
199557,1,4581.6998,4581.6998,False,1.0,"{""inversion_rho"":null,""inversion_channel"":28.0,""period_ms"":11.300086975097656}"
199557,1,4591.3,4591.3,False,1.0,"{""inversion_rho"":null,""inversion_channel"":41.0,""period_ms"":11.300086975097656}"
199557,1,4605.7,4605.7,False,1.0,"{""inversion_rho"":null,""inversion_channel"":27.5,""period_ms"":11.300086975097656}"
199557,1,4624.8002,4624.8002,False,1.0,"{""inversion_rho"":null,""inversion_channel"":27.5,""period_ms"":11.300086975097656}"
199557,1,4639.5001,4639.5001,False,1.0,"{""inversion_rho"":null,""inversion_channel"":27.5,""period_ms"":11.300086975097656}"
199557,1,4645.5998,4645.5998,False,0.25,"{""inversion_rho"":null,""inversion_channel"":45.5,""period_ms"":11.300086975097656}"
199557,1,4658.8001,4658.8001,False,1.0,"{""inversion_rho"":null,""inversion_channel"":27.5,""period_ms"":11.300086975097656}"
199557,1,4664.5999,4664.5999,False,1.0,"{""inversion_rho"":null,""inversion_channel"":38.5,""period_ms"":11.300086975097656}"
199557,1,4685.1001,4685.1001,False,0.375,"{""inversion_rho"":null,""inversion_channel"":12.5,""period_ms"":null}"
199557,1,4702.3001,4702.3001,False,1.0,"{""inversion_rho"":null,""inversion_channel"":39.5,""period_ms"":null}"
199557,1,4708.9,4708.9,False,0.25,"{""inversion_rho"":null,""inversion_channel"":27.5,""period_ms"":6.599903106689453}"
199557,1,4714.7002,4714.7002,False,1.0,"{""inversion_rho"":null,""inversion_channel"":27.5,""period_ms"":6.599903106689453}"
199557,1,4721.3998,4721.3998,False,0.25,"{""inversion_rho"":null,""inversion_channel"":13.5,""period_ms"":6.599903106689453}"
199557,1,4727.9,4727.9,False,1.0,"{""inversion_rho"":null,""inversion_channel"":23.0,""period_ms"":6.599903106689453}"
199557,1,4736.7001,4736.7001,False,0.5,"{""inversion_rho"":null,""inversion_channel"":21.5,""period_ms"":6.599903106689453}"
199557,1,4758.8,4758.8,False,1.0,"{""inversion_rho"":null,""inversion_channel"":22.0,""period_ms"":null}"
199557,1,4798.6002,4798.6002,False,1.0,"{""inversion_rho"":null,""inversion_channel"":15.5,""period_ms"":null}"
199557,1,4805.6002,4805.6002,False,0.375,"{""inversion_rho"":null,""inversion_channel"":45.0,""period_ms"":null}"
199557,1,4842.8001,4842.8001,False,1.0,"{""inversion_rho"":null,""inversion_channel"":39.5,""period_ms"":null}"
199557,1,4850.2998,4850.2998,False,1.0,"{""inversion_rho"":null,""inversion_channel"":23.5,""period_ms"":34.850120544433594}"
199557,1,4880.7001,4880.7001,False,1.0,"{""inversion_rho"":null,""inversion_channel"":39.5,""period_ms"":34.850120544433594}"
199557,1,4920.0001,4920.0001,False,1.0,"{""inversion_rho"":null,""inversion_channel"":39.5,""period_ms"":34.850120544433594}"
199557,1,4928.1001,4928.1001,False,1.0,"{""inversion_rho"":null,""inversion_channel"":40.0,""period_ms"":36.79990768432617}"
199557,1,4960.5999,4960.5999,False,1.0,"{""inversion_rho"":null,""inversion_channel"":40.0,""period_ms"":36.79990768432617}"
199557,1,5001.6999,5001.6999,False,1.0,"{""inversion_rho"":null,""inversion_channel"":40.0,""period_ms"":36.79990768432617}"
199557,1,5008.2998,5008.2998,False,1.0,"{""inversion_rho"":null,""inversion_channel"":37.5,""period_ms"":35.29977798461914}"
199557,1,5026.1002,5026.1002,False,1.0,"{""inversion_rho"":null,""inversion_channel"":8.5,""period_ms"":35.29977798461914}"
199557,1,5061.3999,5061.3999,False,0.625,"{""inversion_rho"":null,""inversion_channel"":23.5,""period_ms"":35.29977798461914}"
199557,1,5103.0998,5103.0998,False,1.0,"{""inversion_rho"":null,""inversion_channel"":19.5,""period_ms"":35.29977798461914}"
199557,1,5108.5,5108.5,False,1.0,"{""inversion_rho"":null,""inversion_channel"":13.5,""period_ms"":9.700298309326172}"
199557,1,5115.5,5115.5,False,1.0,"{""inversion_rho"":null,""inversion_channel"":12.5,""period_ms"":9.700298309326172}"
199557,1,5123.6,5123.6,False,0.25,"{""inversion_rho"":null,""inversion_channel"":40.0,""period_ms"":9.700298309326172}"
199557,1,5133.8,5133.8,False,0.25,"{""inversion_rho"":null,""inversion_channel"":39.5,""period_ms"":9.700298309326172}"
199557,1,5153.9998,5153.9998,False,0.25,"{""inversion_rho"":null,""inversion_channel"":21.5,""period_ms"":9.700298309326172}"
199557,1,5171.8998,5171.8998,False,1.0,"{""inversion_rho"":null,""inversion_channel"":6.0,""period_ms"":9.700298309326172}"
199557,1,5181.6001,5181.6001,False,1.0,"{""inversion_rho"":null,""inversion_channel"":7.5,""period_ms"":9.700298309326172}"
199557,1,5197.0,5197.0,False,1.0,"{""inversion_rho"":null,""inversion_channel"":8.5,""period_ms"":9.700298309326172}"
199557,1,5206.1,5206.1,False,1.0,"{""inversion_rho"":null,""inversion_channel"":37.5,""period_ms"":9.700298309326172}"
199557,1,5214.0002,5214.0002,False,1.0,"{""inversion_rho"":null,""inversion_channel"":7.5,""period_ms"":9.700298309326172}"
199557,1,5317.6999,5317.6999,False,1.0,"{""inversion_rho"":null,""inversion_channel"":23.5,""period_ms"":21.200180053710938}"
199557,1,5374.7001,5374.7001,False,1.0,"{""inversion_rho"":null,""inversion_channel"":22.5,""period_ms"":21.200180053710938}"
199557,1,5443.2998,5443.2998,False,0.5,"{""inversion_rho"":null,""inversion_channel"":20.5,""period_ms"":21.200180053710938}"
199557,1,5502.2998,5502.2998,False,1.0,"{""inversion_rho"":null,""inversion_channel"":19.0,""period_ms"":21.200180053710938}"
199557,1,5552.3,5552.3,False,1.0,"{""inversion_rho"":null,""inversion_channel"":20.5,""period_ms"":21.200180053710938}"
199557,1,5588.9001,5588.9001,False,1.0,"{""inversion_rho"":null,""inversion_channel"":20.5,""period_ms"":21.200180053710938}"
199557,1,5621.0999,5621.0999,False,1.0,"{""inversion_rho"":null,""inversion_channel"":19.5,""period_ms"":21.200180053710938}"
199557,1,5647.2001,5647.2001,False,1.0,"{""inversion_rho"":null,""inversion_channel"":18.5,""period_ms"":21.200180053710938}"
199557,1,5674.7999,5674.7999,False,1.0,"{""inversion_rho"":null,""inversion_channel"":19.0,""period_ms"":21.200180053710938}"
199557,1,5699.6002,5699.6002,False,1.0,"{""inversion_rho"":null,""inversion_channel"":18.0,""period_ms"":21.200180053710938}"
199557,1,5725.6999,5725.6999,False,1.0,"{""inversion_rho"":null,""inversion_channel"":17.5,""period_ms"":21.200180053710938}"
199557,1,5749.4998,5749.4998,False,1.0,"{""inversion_rho"":null,""inversion_channel"":19.0,""period_ms"":21.200180053710938}"
199557,1,5773.2,5773.2,False,1.0,"{""inversion_rho"":null,""inversion_channel"":18.5,""period_ms"":21.200180053710938}"
199557,1,5795.3,5795.3,False,1.0,"{""inversion_rho"":null,""inversion_channel"":19.0,""period_ms"":21.200180053710938}"
199557,1,5817.6999,5817.6999,False,1.0,"{""inversion_rho"":null,""inversion_channel"":28.0,""period_ms"":21.200180053710938}"
199557,1,5840.0002,5840.0002,False,1.0,"{""inversion_rho"":null,""inversion_channel"":27.5,""period_ms"":21.200180053710938}"
199557,1,5860.8999,5860.8999,False,0.625,"{""inversion_rho"":null,""inversion_channel"":15.5,""period_ms"":21.200180053710938}"
199557,1,5882.1001,5882.1001,False,1.0,"{""inversion_rho"":null,""inversion_channel"":28.0,""period_ms"":21.200180053710938}"
199557,1,5902.2999,5902.2999,False,1.0,"{""inversion_rho"":null,""inversion_channel"":27.5,""period_ms"":21.200180053710938}"
199557,1,5921.8001,5921.8001,False,1.0,"{""inversion_rho"":null,""inversion_channel"":27.5,""period_ms"":21.200180053710938}"
199557,1,5940.5999,5940.5999,False,1.0,"{""inversion_rho"":null,""inversion_channel"":27.5,""period_ms"":21.200180053710938}"
199557,1,5959.0998,5959.0998,False,1.0,"{""inversion_rho"":null,""inversion_channel"":14.5,""period_ms"":21.200180053710938}"
199557,1,5975.8,5975.8,False,1.0,"{""inversion_rho"":null,""inversion_channel"":26.5,""period_ms"":21.200180053710938}"
199557,1,5991.7998,5991.7998,False,1.0,"{""inversion_rho"":null,""inversion_channel"":26.0,""period_ms"":21.200180053710938}"
199557,1,6007.2999,6007.2999,False,1.0,"{""inversion_rho"":null,""inversion_channel"":25.5,""period_ms"":21.200180053710938}"
199557,1,6022.8,6022.8,False,1.0,"{""inversion_rho"":null,""inversion_channel"":24.5,""period_ms"":21.200180053710938}"
199557,1,6037.4999,6037.4999,False,1.0,"{""inversion_rho"":null,""inversion_channel"":24.5,""period_ms"":21.200180053710938}"
199557,1,6052.3,6052.3,False,1.0,"{""inversion_rho"":null,""inversion_channel"":24.0,""period_ms"":21.200180053710938}"
199557,1,6067.2998,6067.2998,False,1.0,"{""inversion_rho"":null,""inversion_channel"":25.5,""period_ms"":21.200180053710938}"
199557,1,6081.8,6081.8,False,1.0,"{""inversion_rho"":null,""inversion_channel"":20.5,""period_ms"":21.200180053710938}"
199557,1,6096.3001,6096.3001,False,1.0,"{""inversion_rho"":null,""inversion_channel"":14.0,""period_ms"":21.200180053710938}"
199557,1,6110.7001,6110.7001,False,1.0,"{""inversion_rho"":null,""inversion_channel"":23.5,""period_ms"":21.200180053710938}"
199557,1,2273.0,2290.2,True,1.0,"{""inversion_rho"":null,""inversion_channel"":26.5,""period_ms"":8.599996566772461}"
199557,1,2359.9,2552.3,True,1.0,"{""inversion_rho"":null,""inversion_channel"":31.5,""period_ms"":14.800071716308594}"
199557,1,2557.9,2915.4,True,1.0,"{""inversion_rho"":null,""inversion_channel"":31.5,""period_ms"":11.499881744384766}"
199557,1,2996.5999,3057.9,True,1.0,"{""inversion_rho"":null,""inversion_channel"":22.5,""period_ms"":15.10000228881836}"
199557,1,3065.1,3107.8999,True,1.0,"{""inversion_rho"":null,""inversion_channel"":37.75,""period_ms"":12.999773025512695}"
199557,1,3142.9,3272.7001,True,1.0,"{""inversion_rho"":null,""inversion_channel"":27.5,""period_ms"":21.399974822998047}"
199557,1,3280.7,3411.0999,True,1.0,"{""inversion_rho"":null,""inversion_channel"":28.5,""period_ms"":12.400031089782715}"
199557,1,3458.6,3483.3,True,1.0,"{""inversion_rho"":null,""inversion_channel"":18.25,""period_ms"":7.299900054931641}"
199557,1,3518.3001,3743.5999,True,1.0,"{""inversion_rho"":null,""inversion_channel"":27.5,""period_ms"":16.250014305114746}"
199557,1,3755.3,3774.4999,True,1.0,"{""inversion_rho"":null,""inversion_channel"":39.5,""period_ms"":9.599924087524414}"
199557,1,3847.3001,3891.4001,True,1.0,"{""inversion_rho"":null,""inversion_channel"":28.5,""period_ms"":10.499954223632812}"
199557,1,3897.9001,3947.9001,True,1.0,"{""inversion_rho"":null,""inversion_channel"":35.5,""period_ms"":13.599872589111328}"
199557,1,3979.0001,4099.2999,True,1.0,"{""inversion_rho"":null,""inversion_channel"":30.25,""period_ms"":12.200355529785156}"
199557,1,4137.4998,4152.9002,True,1.0,"{""inversion_rho"":null,""inversion_channel"":39.5,""period_ms"":7.700204849243164}"
199557,1,4180.2001,4249.8999,True,1.0,"{""inversion_rho"":null,""inversion_channel"":35.0,""period_ms"":11.400222778320312}"
199557,1,4267.9,4439.1999,True,1.0,"{""inversion_rho"":null,""inversion_channel"":40.0,""period_ms"":10.849714279174805}"
199557,1,4447.3,4664.5999,True,1.0,"{""inversion_rho"":null,""inversion_channel"":34.25,""period_ms"":11.300086975097656}"
199557,1,4708.9,4736.7001,True,1.0,"{""inversion_rho"":null,""inversion_channel"":23.0,""period_ms"":6.599903106689453}"
199557,1,4850.2998,4920.0001,True,1.0,"{""inversion_rho"":null,""inversion_channel"":39.5,""period_ms"":34.850120544433594}"
199557,1,4928.1001,5001.6999,True,1.0,"{""inversion_rho"":null,""inversion_channel"":40.0,""period_ms"":36.79990768432617}"
199557,1,5008.2998,5103.0998,True,1.0,"{""inversion_rho"":null,""inversion_channel"":21.5,""period_ms"":35.29977798461914}"
199557,1,5108.5,5214.0002,True,1.0,"{""inversion_rho"":null,""inversion_channel"":13.0,""period_ms"":9.700298309326172}"
199557,1,5317.6999,6110.7001,True,1.0,"{""inversion_rho"":null,""inversion_channel"":21.5,""period_ms"":21.200180053710938}"
199560,1,70.7,70.7,False,1.0,"{""inversion_rho"":null,""inversion_channel"":13.5,""period_ms"":null}"
199560,1,91.2,91.2,False,1.0,"{""inversion_rho"":null,""inversion_channel"":13.5,""period_ms"":null}"
199560,1,97.7,97.7,False,1.0,"{""inversion_rho"":null,""inversion_channel"":11.5,""period_ms"":null}"
199560,1,117.5,117.5,False,1.0,"{""inversion_rho"":null,""inversion_channel"":12.5,""period_ms"":null}"
199560,1,1704.2,1704.2,False,1.0,"{""inversion_rho"":null,""inversion_channel"":17.5,""period_ms"":12.39997148513794}"
199560,1,1711.9,1711.9,False,1.0,"{""inversion_rho"":null,""inversion_channel"":12.5,""period_ms"":12.39997148513794}"
199560,1,1729.0,1729.0,False,1.0,"{""inversion_rho"":null,""inversion_channel"":14.5,""period_ms"":12.39997148513794}"
199560,1,1776.1,1776.1,False,1.0,"{""inversion_rho"":null,""inversion_channel"":13.5,""period_ms"":null}"
199560,1,4680.3999,4680.3999,False,1.0,"{""inversion_rho"":null,""inversion_channel"":17.5,""period_ms"":null}"
199560,1,5291.5001,5291.5001,False,1.0,"{""inversion_rho"":null,""inversion_channel"":26.0,""period_ms"":18.000125885009766}"
199560,1,5320.4999,5320.4999,False,0.375,"{""inversion_rho"":null,""inversion_channel"":29.5,""period_ms"":18.000125885009766}"
199560,1,5348.3,5348.3,False,1.0,"{""inversion_rho"":null,""inversion_channel"":25.0,""period_ms"":18.000125885009766}"
199560,1,5371.6002,5371.6002,False,0.75,"{""inversion_rho"":null,""inversion_channel"":24.0,""period_ms"":18.000125885009766}"
199560,1,5394.4001,5394.4001,False,1.0,"{""inversion_rho"":null,""inversion_channel"":24.0,""period_ms"":18.000125885009766}"
199560,1,5415.8001,5415.8001,False,1.0,"{""inversion_rho"":null,""inversion_channel"":23.5,""period_ms"":18.000125885009766}"
199560,1,5435.8001,5435.8001,False,1.0,"{""inversion_rho"":null,""inversion_channel"":22.5,""period_ms"":18.000125885009766}"
199560,1,5453.4998,5453.4998,False,0.25,"{""inversion_rho"":null,""inversion_channel"":25.5,""period_ms"":18.000125885009766}"
199560,1,5470.0999,5470.0999,False,1.0,"{""inversion_rho"":null,""inversion_channel"":22.5,""period_ms"":18.000125885009766}"
199560,1,5496.7999,5496.7999,False,0.5,"{""inversion_rho"":null,""inversion_channel"":31.5,""period_ms"":18.000125885009766}"
199560,1,5519.3,5519.3,False,1.0,"{""inversion_rho"":null,""inversion_channel"":21.5,""period_ms"":18.000125885009766}"
199560,1,5539.5999,5539.5999,False,1.0,"{""inversion_rho"":null,""inversion_channel"":24.0,""period_ms"":18.000125885009766}"
199560,1,5556.9,5556.9,False,0.75,"{""inversion_rho"":null,""inversion_channel"":20.5,""period_ms"":18.000125885009766}"
199560,1,5576.0999,5576.0999,False,1.0,"{""inversion_rho"":null,""inversion_channel"":19.5,""period_ms"":18.000125885009766}"
199560,1,5594.2001,5594.2001,False,0.875,"{""inversion_rho"":null,""inversion_channel"":18.5,""period_ms"":18.000125885009766}"
199560,1,5615.6998,5615.6998,False,1.0,"{""inversion_rho"":null,""inversion_channel"":18.5,""period_ms"":18.000125885009766}"
199560,1,5633.6002,5633.6002,False,0.5,"{""inversion_rho"":null,""inversion_channel"":21.0,""period_ms"":18.000125885009766}"
199560,1,5650.6,5650.6,False,1.0,"{""inversion_rho"":null,""inversion_channel"":17.5,""period_ms"":18.000125885009766}"
199560,1,5667.9001,5667.9001,False,1.0,"{""inversion_rho"":null,""inversion_channel"":18.5,""period_ms"":18.000125885009766}"
199560,1,5686.8,5686.8,False,1.0,"{""inversion_rho"":null,""inversion_channel"":17.5,""period_ms"":18.000125885009766}"
199560,1,5706.1,5706.1,False,1.0,"{""inversion_rho"":null,""inversion_channel"":17.5,""period_ms"":18.000125885009766}"
199560,1,5724.5002,5724.5002,False,1.0,"{""inversion_rho"":null,""inversion_channel"":17.0,""period_ms"":18.000125885009766}"
199560,1,5742.1999,5742.1999,False,1.0,"{""inversion_rho"":null,""inversion_channel"":17.5,""period_ms"":18.000125885009766}"
199560,1,5760.7999,5760.7999,False,1.0,"{""inversion_rho"":null,""inversion_channel"":19.0,""period_ms"":18.000125885009766}"
199560,1,5778.8,5778.8,False,1.0,"{""inversion_rho"":null,""inversion_channel"":17.5,""period_ms"":18.000125885009766}"
199560,1,5796.5999,5796.5999,False,1.0,"{""inversion_rho"":null,""inversion_channel"":19.5,""period_ms"":18.000125885009766}"
199560,1,5814.0001,5814.0001,False,1.0,"{""inversion_rho"":null,""inversion_channel"":17.5,""period_ms"":18.000125885009766}"
199560,1,5832.6001,5832.6001,False,0.75,"{""inversion_rho"":null,""inversion_channel"":20.5,""period_ms"":18.000125885009766}"
199560,1,5851.3999,5851.3999,False,1.0,"{""inversion_rho"":null,""inversion_channel"":17.0,""period_ms"":18.000125885009766}"
199560,1,5868.5002,5868.5002,False,1.0,"{""inversion_rho"":null,""inversion_channel"":18.0,""period_ms"":18.000125885009766}"
199560,1,5883.6002,5883.6002,False,0.625,"{""inversion_rho"":null,""inversion_channel"":17.5,""period_ms"":18.000125885009766}"
199560,1,5899.2,5899.2,False,1.0,"{""inversion_rho"":null,""inversion_channel"":27.5,""period_ms"":18.000125885009766}"
199560,1,5915.2002,5915.2002,False,1.0,"{""inversion_rho"":null,""inversion_channel"":16.5,""period_ms"":18.000125885009766}"
199560,1,5930.3999,5930.3999,False,1.0,"{""inversion_rho"":null,""inversion_channel"":27.5,""period_ms"":18.000125885009766}"
199560,1,5945.7998,5945.7998,False,1.0,"{""inversion_rho"":null,""inversion_channel"":27.5,""period_ms"":18.000125885009766}"
199560,1,5961.4,5961.4,False,1.0,"{""inversion_rho"":null,""inversion_channel"":27.5,""period_ms"":18.000125885009766}"
199560,1,5976.3999,5976.3999,False,1.0,"{""inversion_rho"":null,""inversion_channel"":25.5,""period_ms"":18.000125885009766}"
199560,1,5991.3001,5991.3001,False,1.0,"{""inversion_rho"":null,""inversion_channel"":26.5,""period_ms"":18.000125885009766}"
199560,1,6033.1998,6033.1998,False,1.0,"{""inversion_rho"":null,""inversion_channel"":24.5,""period_ms"":13.14997673034668}"
199560,1,6046.9999,6046.9999,False,1.0,"{""inversion_rho"":null,""inversion_channel"":24.5,""period_ms"":13.14997673034668}"
199560,1,6060.2002,6060.2002,False,1.0,"{""inversion_rho"":null,""inversion_channel"":24.0,""period_ms"":13.14997673034668}"
199560,1,6073.2999,6073.2999,False,1.0,"{""inversion_rho"":null,""inversion_channel"":23.5,""period_ms"":13.14997673034668}"
199560,1,6086.2999,6086.2999,False,1.0,"{""inversion_rho"":null,""inversion_channel"":23.5,""period_ms"":13.14997673034668}"
199560,1,1704.2,1729.0,True,1.0,"{""inversion_rho"":null,""inversion_channel"":14.5,""period_ms"":12.39997148513794}"
199560,1,5291.5001,5991.3001,True,1.0,"{""inversion_rho"":null,""inversion_channel"":20.75,""period_ms"":18.000125885009766}"
199560,1,6033.1998,6086.2999,True,1.0,"{""inversion_rho"":null,""inversion_channel"":24.0,""period_ms"":13.14997673034668}"
199563,1,66.2,66.2,False,0.75,"{""inversion_rho"":null,""inversion_channel"":12.5,""period_ms"":null}"
199563,1,71.4,71.4,False,0.25,"{""inversion_rho"":null,""inversion_channel"":11.5,""period_ms"":null}"
199563,1,120.3,120.3,False,1.0,"{""inversion_rho"":null,""inversion_channel"":12.5,""period_ms"":null}"
199563,1,2069.9999,2069.9999,False,1.0,"{""inversion_rho"":null,""inversion_channel"":17.5,""period_ms"":null}"
199563,1,2118.5,2118.5,False,1.0,"{""inversion_rho"":null,""inversion_channel"":14.5,""period_ms"":null}"
199563,1,2137.3999,2137.3999,False,0.375,"{""inversion_rho"":null,""inversion_channel"":12.5,""period_ms"":21.35002613067627}"
199563,1,2155.0,2155.0,False,1.0,"{""inversion_rho"":null,""inversion_channel"":13.5,""period_ms"":21.35002613067627}"
199563,1,2180.1,2180.1,False,1.0,"{""inversion_rho"":null,""inversion_channel"":19.5,""period_ms"":21.35002613067627}"
199563,1,2185.6999,2185.6999,False,1.0,"{""inversion_rho"":null,""inversion_channel"":14.5,""period_ms"":11.300086975097656}"
199563,1,2197.5999,2197.5999,False,1.0,"{""inversion_rho"":null,""inversion_channel"":21.5,""period_ms"":11.300086975097656}"
199563,1,2208.3001,2208.3001,False,0.375,"{""inversion_rho"":null,""inversion_channel"":12.5,""period_ms"":11.300086975097656}"
199563,1,2248.6,2248.6,False,1.0,"{""inversion_rho"":null,""inversion_channel"":20.5,""period_ms"":11.199951171875}"
199563,1,2265.8,2265.8,False,1.0,"{""inversion_rho"":null,""inversion_channel"":37.5,""period_ms"":11.199951171875}"
199563,1,2274.6,2274.6,False,1.0,"{""inversion_rho"":null,""inversion_channel"":20.5,""period_ms"":11.199951171875}"
199563,1,2285.8,2285.8,False,1.0,"{""inversion_rho"":null,""inversion_channel"":15.5,""period_ms"":11.199951171875}"
199563,1,2300.6001,2300.6001,False,1.0,"{""inversion_rho"":null,""inversion_channel"":11.5,""period_ms"":11.199951171875}"
199563,1,2311.1,2311.1,False,1.0,"{""inversion_rho"":null,""inversion_channel"":12.5,""period_ms"":11.199951171875}"
199563,1,2347.8999,2347.8999,False,1.0,"{""inversion_rho"":null,""inversion_channel"":17.5,""period_ms"":11.300086975097656}"
199563,1,2372.2,2372.2,False,1.0,"{""inversion_rho"":null,""inversion_channel"":10.5,""period_ms"":11.300086975097656}"
199563,1,2383.5001,2383.5001,False,0.375,"{""inversion_rho"":null,""inversion_channel"":10.5,""period_ms"":11.300086975097656}"
199563,1,2390.1,2390.1,False,1.0,"{""inversion_rho"":null,""inversion_channel"":13.5,""period_ms"":11.300086975097656}"
199563,1,2411.2,2411.2,False,0.75,"{""inversion_rho"":null,""inversion_channel"":23.0,""period_ms"":13.899922370910645}"
199563,1,2426.5001,2426.5001,False,1.0,"{""inversion_rho"":null,""inversion_channel"":43.0,""period_ms"":13.899922370910645}"
199563,1,2438.9999,2438.9999,False,0.75,"{""inversion_rho"":null,""inversion_channel"":8.5,""period_ms"":13.899922370910645}"
199563,1,2479.8,2479.8,False,1.0,"{""inversion_rho"":null,""inversion_channel"":12.0,""period_ms"":null}"
199563,1,2488.1999,2488.1999,False,1.0,"{""inversion_rho"":null,""inversion_channel"":13.5,""period_ms"":null}"
199563,1,2634.0001,2634.0001,False,1.0,"{""inversion_rho"":null,""inversion_channel"":15.5,""period_ms"":15.30003547668457}"
199563,1,2645.2999,2645.2999,False,1.0,"{""inversion_rho"":null,""inversion_channel"":3.5,""period_ms"":15.30003547668457}"
199563,1,2660.5999,2660.5999,False,1.0,"{""inversion_rho"":null,""inversion_channel"":5.5,""period_ms"":15.30003547668457}"
199563,1,2685.6,2685.6,False,1.0,"{""inversion_rho"":null,""inversion_channel"":19.0,""period_ms"":15.30003547668457}"
199563,1,2702.3001,2702.3001,False,1.0,"{""inversion_rho"":null,""inversion_channel"":17.5,""period_ms"":15.30003547668457}"
199563,1,2710.2001,2710.2001,False,0.625,"{""inversion_rho"":null,""inversion_channel"":17.5,""period_ms"":15.30003547668457}"
199563,1,2737.0,2737.0,False,1.0,"{""inversion_rho"":null,""inversion_channel"":13.5,""period_ms"":null}"
199563,1,2742.5001,2742.5001,False,1.0,"{""inversion_rho"":null,""inversion_channel"":18.5,""period_ms"":null}"
199563,1,2760.4001,2760.4001,False,0.875,"{""inversion_rho"":null,""inversion_channel"":13.0,""period_ms"":null}"
199563,1,2767.4,2767.4,False,1.0,"{""inversion_rho"":null,""inversion_channel"":22.5,""period_ms"":null}"
199563,1,2799.2001,2799.2001,False,1.0,"{""inversion_rho"":null,""inversion_channel"":15.5,""period_ms"":53.49993705749512}"
199563,1,2821.3999,2821.3999,False,0.875,"{""inversion_rho"":null,""inversion_channel"":9.5,""period_ms"":53.49993705749512}"
199563,1,2875.0,2875.0,False,0.25,"{""inversion_rho"":null,""inversion_channel"":11.5,""period_ms"":53.49993705749512}"
199563,1,2928.4999,2928.4999,False,0.375,"{""inversion_rho"":null,""inversion_channel"":8.5,""period_ms"":53.49993705749512}"
199563,1,2936.8,2936.8,False,1.0,"{""inversion_rho"":null,""inversion_channel"":21.0,""period_ms"":9.399890899658203}"
199563,1,2951.8001,2951.8001,False,1.0,"{""inversion_rho"":null,""inversion_channel"":21.5,""period_ms"":9.399890899658203}"
199563,1,2962.1999,2962.1999,False,0.25,"{""inversion_rho"":null,""inversion_channel"":10.5,""period_ms"":9.399890899658203}"
199563,1,2970.5999,2970.5999,False,0.375,"{""inversion_rho"":null,""inversion_channel"":6.5,""period_ms"":9.399890899658203}"
199563,1,2977.5,2977.5,False,1.0,"{""inversion_rho"":null,""inversion_channel"":10.5,""period_ms"":9.399890899658203}"
199563,1,3010.2,3010.2,False,1.0,"{""inversion_rho"":null,""inversion_channel"":39.5,""period_ms"":null}"
199563,1,3111.1,3111.1,False,1.0,"{""inversion_rho"":null,""inversion_channel"":8.5,""period_ms"":null}"
199563,1,3123.1999,3123.1999,False,0.375,"{""inversion_rho"":null,""inversion_channel"":8.5,""period_ms"":67.80004501342773}"
199563,1,3186.6,3186.6,False,1.0,"{""inversion_rho"":null,""inversion_channel"":18.5,""period_ms"":67.80004501342773}"
199563,1,3258.8,3258.8,False,1.0,"{""inversion_rho"":null,""inversion_channel"":4.5,""period_ms"":67.80004501342773}"
199563,1,3270.9,3270.9,False,1.0,"{""inversion_rho"":null,""inversion_channel"":19.5,""period_ms"":36.04996204376221}"
199563,1,3286.6001,3286.6001,False,1.0,"{""inversion_rho"":null,""inversion_channel"":13.5,""period_ms"":36.04996204376221}"
199563,1,3308.8,3308.8,False,0.25,"{""inversion_rho"":null,""inversion_channel"":9.5,""period_ms"":36.04996204376221}"
199563,1,3358.7,3358.7,False,1.0,"{""inversion_rho"":null,""inversion_channel"":13.0,""period_ms"":36.04996204376221}"
199563,1,3408.6001,3408.6001,False,1.0,"{""inversion_rho"":null,""inversion_channel"":14.5,""period_ms"":36.04996204376221}"
199563,1,3423.8,3423.8,False,0.5,"{""inversion_rho"":null,""inversion_channel"":10.5,""period_ms"":36.20004653930664}"
199563,1,3466.8,3466.8,False,1.0,"{""inversion_rho"":null,""inversion_channel"":14.5,""period_ms"":36.20004653930664}"
199563,1,3515.3999,3515.3999,False,0.375,"{""inversion_rho"":null,""inversion_channel"":10.0,""period_ms"":36.20004653930664}"
199563,1,3544.8,3544.8,False,1.0,"{""inversion_rho"":null,""inversion_channel"":43.5,""period_ms"":36.20004653930664}"
199563,1,3562.4001,3562.4001,False,1.0,"{""inversion_rho"":null,""inversion_channel"":12.5,""period_ms"":36.20004653930664}"
199563,1,3714.7,3714.7,False,1.0,"{""inversion_rho"":null,""inversion_channel"":12.5,""period_ms"":null}"
199563,1,3855.9999,3855.9999,False,1.0,"{""inversion_rho"":null,""inversion_channel"":20.5,""period_ms"":null}"
199563,1,5274.0998,5274.0998,False,1.0,"{""inversion_rho"":null,""inversion_channel"":27.5,""period_ms"":19.800186157226562}"
199563,1,5304.5998,5304.5998,False,1.0,"{""inversion_rho"":null,""inversion_channel"":27.5,""period_ms"":19.800186157226562}"
199563,1,5333.2,5333.2,False,1.0,"{""inversion_rho"":null,""inversion_channel"":25.5,""period_ms"":19.800186157226562}"
199563,1,5358.6001,5358.6001,False,1.0,"{""inversion_rho"":null,""inversion_channel"":23.5,""period_ms"":19.800186157226562}"
199563,1,5381.3,5381.3,False,1.0,"{""inversion_rho"":null,""inversion_channel"":23.5,""period_ms"":19.800186157226562}"
199563,1,5402.1001,5402.1001,False,0.75,"{""inversion_rho"":null,""inversion_channel"":22.0,""period_ms"":19.800186157226562}"
199563,1,5424.3999,5424.3999,False,1.0,"{""inversion_rho"":null,""inversion_channel"":22.0,""period_ms"":19.800186157226562}"
199563,1,5444.3998,5444.3998,False,1.0,"{""inversion_rho"":null,""inversion_channel"":21.5,""period_ms"":19.800186157226562}"
199563,1,5464.0002,5464.0002,False,1.0,"{""inversion_rho"":null,""inversion_channel"":21.0,""period_ms"":19.800186157226562}"
199563,1,5492.3,5492.3,False,1.0,"{""inversion_rho"":null,""inversion_channel"":20.0,""period_ms"":19.800186157226562}"
199563,1,5513.5999,5513.5999,False,1.0,"{""inversion_rho"":null,""inversion_channel"":20.0,""period_ms"":19.800186157226562}"
199563,1,5532.5999,5532.5999,False,1.0,"{""inversion_rho"":null,""inversion_channel"":19.5,""period_ms"":19.800186157226562}"
199563,1,5549.9001,5549.9001,False,1.0,"{""inversion_rho"":null,""inversion_channel"":19.5,""period_ms"":19.800186157226562}"
199563,1,5578.5999,5578.5999,False,1.0,"{""inversion_rho"":null,""inversion_channel"":19.5,""period_ms"":19.800186157226562}"
199563,1,5598.8998,5598.8998,False,1.0,"{""inversion_rho"":null,""inversion_channel"":19.0,""period_ms"":19.800186157226562}"
199563,1,5617.4998,5617.4998,False,1.0,"{""inversion_rho"":null,""inversion_channel"":18.0,""period_ms"":19.800186157226562}"
199563,1,5637.1002,5637.1002,False,1.0,"{""inversion_rho"":null,""inversion_channel"":18.5,""period_ms"":19.800186157226562}"
199563,1,5655.3998,5655.3998,False,1.0,"{""inversion_rho"":null,""inversion_channel"":18.0,""period_ms"":19.800186157226562}"
199563,1,5678.2999,5678.2999,False,1.0,"{""inversion_rho"":null,""inversion_channel"":18.5,""period_ms"":19.800186157226562}"
199563,1,5696.0001,5696.0001,False,1.0,"{""inversion_rho"":null,""inversion_channel"":17.5,""period_ms"":19.800186157226562}"
199563,1,5714.9,5714.9,False,1.0,"{""inversion_rho"":null,""inversion_channel"":18.5,""period_ms"":19.800186157226562}"
199563,1,5732.9001,5732.9001,False,1.0,"{""inversion_rho"":null,""inversion_channel"":18.0,""period_ms"":19.800186157226562}"
199563,1,5750.8001,5750.8001,False,1.0,"{""inversion_rho"":null,""inversion_channel"":18.0,""period_ms"":19.800186157226562}"
199563,1,5767.3998,5767.3998,False,1.0,"{""inversion_rho"":null,""inversion_channel"":18.0,""period_ms"":19.800186157226562}"
199563,1,5790.7,5790.7,False,1.0,"{""inversion_rho"":null,""inversion_channel"":18.5,""period_ms"":19.800186157226562}"
199563,1,5809.2999,5809.2999,False,1.0,"{""inversion_rho"":null,""inversion_channel"":18.5,""period_ms"":19.800186157226562}"
199563,1,5827.0001,5827.0001,False,1.0,"{""inversion_rho"":null,""inversion_channel"":18.0,""period_ms"":19.800186157226562}"
199563,1,5876.2002,5876.2002,False,1.0,"{""inversion_rho"":null,""inversion_channel"":16.0,""period_ms"":14.19973373413086}"
199563,1,5891.0999,5891.0999,False,1.0,"{""inversion_rho"":null,""inversion_channel"":27.5,""period_ms"":14.19973373413086}"
199563,1,5905.7002,5905.7002,False,1.0,"{""inversion_rho"":null,""inversion_channel"":27.5,""period_ms"":14.19973373413086}"
199563,1,5919.8999,5919.8999,False,1.0,"{""inversion_rho"":null,""inversion_channel"":14.5,""period_ms"":14.19973373413086}"
199563,1,5934.2999,5934.2999,False,1.0,"{""inversion_rho"":null,""inversion_channel"":27.5,""period_ms"":14.19973373413086}"
199563,1,5947.5999,5947.5999,False,1.0,"{""inversion_rho"":null,""inversion_channel"":27.5,""period_ms"":14.19973373413086}"
199563,1,5961.7,5961.7,False,1.0,"{""inversion_rho"":null,""inversion_channel"":14.5,""period_ms"":14.19973373413086}"
199563,1,5976.5,5976.5,False,1.0,"{""inversion_rho"":null,""inversion_channel"":14.5,""period_ms"":14.19973373413086}"
199563,1,5990.2,5990.2,False,1.0,"{""inversion_rho"":null,""inversion_channel"":25.5,""period_ms"":14.19973373413086}"
199563,1,6003.3002,6003.3002,False,1.0,"{""inversion_rho"":null,""inversion_channel"":15.5,""period_ms"":14.19973373413086}"
199563,1,6043.4999,6043.4999,False,1.0,"{""inversion_rho"":null,""inversion_channel"":24.0,""period_ms"":12.89987564086914}"
199563,1,6056.3998,6056.3998,False,1.0,"{""inversion_rho"":null,""inversion_channel"":24.5,""period_ms"":12.89987564086914}"
199563,1,6068.6002,6068.6002,False,1.0,"{""inversion_rho"":null,""inversion_channel"":24.0,""period_ms"":12.89987564086914}"
199563,1,6092.4001,6092.4001,False,1.0,"{""inversion_rho"":null,""inversion_channel"":23.5,""period_ms"":12.89987564086914}"
199563,1,2137.3999,2180.1,True,1.0,"{""inversion_rho"":null,""inversion_channel"":13.5,""period_ms"":21.35002613067627}"
199563,1,2185.6999,2208.3001,True,1.0,"{""inversion_rho"":null,""inversion_channel"":14.5,""period_ms"":11.300086975097656}"
199563,1,2248.6,2311.1,True,1.0,"{""inversion_rho"":null,""inversion_channel"":18.0,""period_ms"":11.199951171875}"
199563,1,2347.8999,2390.1,True,1.0,"{""inversion_rho"":null,""inversion_channel"":12.0,""period_ms"":11.300086975097656}"
199563,1,2411.2,2438.9999,True,1.0,"{""inversion_rho"":null,""inversion_channel"":23.0,""period_ms"":13.899922370910645}"
199563,1,2634.0001,2710.2001,True,1.0,"{""inversion_rho"":null,""inversion_channel"":16.5,""period_ms"":15.30003547668457}"
199563,1,2799.2001,2928.4999,True,1.0,"{""inversion_rho"":null,""inversion_channel"":10.5,""period_ms"":53.49993705749512}"
199563,1,2936.8,2977.5,True,1.0,"{""inversion_rho"":null,""inversion_channel"":10.5,""period_ms"":9.399890899658203}"
199563,1,3123.1999,3258.8,True,1.0,"{""inversion_rho"":null,""inversion_channel"":8.5,""period_ms"":67.80004501342773}"
199563,1,3270.9,3408.6001,True,1.0,"{""inversion_rho"":null,""inversion_channel"":13.5,""period_ms"":36.04996204376221}"
199563,1,3423.8,3562.4001,True,1.0,"{""inversion_rho"":null,""inversion_channel"":12.5,""period_ms"":36.20004653930664}"
199563,1,5274.0998,5827.0001,True,1.0,"{""inversion_rho"":null,""inversion_channel"":19.5,""period_ms"":19.800186157226562}"
199563,1,5876.2002,6003.3002,True,1.0,"{""inversion_rho"":null,""inversion_channel"":20.75,""period_ms"":14.19973373413086}"
199563,1,6043.4999,6092.4001,True,1.0,"{""inversion_rho"":null,""inversion_channel"":24.0,""period_ms"":12.89987564086914}"
199569,1,54.2,54.2,False,0.25,"{""inversion_rho"":null,""inversion_channel"":11.5,""period_ms"":10.549996048212051}"
199569,1,65.9,65.9,False,0.375,"{""inversion_rho"":null,""inversion_channel"":12.5,""period_ms"":10.549996048212051}"
199569,1,73.1,73.1,False,0.25,"{""inversion_rho"":null,""inversion_channel"":10.5,""period_ms"":10.549996048212051}"
199569,1,88.2,88.2,False,1.0,"{""inversion_rho"":null,""inversion_channel"":13.5,""period_ms"":10.549996048212051}"
199569,1,97.6,97.6,False,1.0,"{""inversion_rho"":null,""inversion_channel"":12.5,""period_ms"":10.549996048212051}"
199569,1,124.2,124.2,False,1.0,"{""inversion_rho"":null,""inversion_channel"":13.5,""period_ms"":null}"
199569,1,206.1,206.1,False,1.0,"{""inversion_rho"":null,""inversion_channel"":17.5,""period_ms"":null}"
199569,1,1515.6,1515.6,False,0.5,"{""inversion_rho"":null,""inversion_channel"":12.5,""period_ms"":6.700038909912109}"
199569,1,1533.2,1533.2,False,0.25,"{""inversion_rho"":null,""inversion_channel"":9.0,""period_ms"":6.700038909912109}"
199569,1,1541.1,1541.1,False,0.625,"{""inversion_rho"":null,""inversion_channel"":6.0,""period_ms"":6.700038909912109}"
199569,1,1549.3,1549.3,False,0.375,"{""inversion_rho"":null,""inversion_channel"":8.5,""period_ms"":6.700038909912109}"
199569,1,1557.4,1557.4,False,0.375,"{""inversion_rho"":null,""inversion_channel"":8.5,""period_ms"":6.700038909912109}"
199569,1,1564.9,1564.9,False,0.5,"{""inversion_rho"":null,""inversion_channel"":8.5,""period_ms"":6.700038909912109}"
199569,1,1573.9,1573.9,False,0.25,"{""inversion_rho"":null,""inversion_channel"":8.5,""period_ms"":6.700038909912109}"
199569,1,1583.5,1583.5,False,0.75,"{""inversion_rho"":null,""inversion_channel"":8.5,""period_ms"":6.700038909912109}"
199569,1,1589.3,1589.3,False,1.0,"{""inversion_rho"":null,""inversion_channel"":6.0,""period_ms"":6.700038909912109}"
199569,1,1600.0,1600.0,False,1.0,"{""inversion_rho"":null,""inversion_channel"":10.0,""period_ms"":6.700038909912109}"
199569,1,1605.9,1605.9,False,0.875,"{""inversion_rho"":null,""inversion_channel"":10.0,""period_ms"":6.700038909912109}"
199569,1,1611.4,1611.4,False,1.0,"{""inversion_rho"":null,""inversion_channel"":8.5,""period_ms"":6.700038909912109}"
199569,1,1617.1,1617.1,False,1.0,"{""inversion_rho"":null,""inversion_channel"":5.5,""period_ms"":6.700038909912109}"
199569,1,1622.9,1622.9,False,1.0,"{""inversion_rho"":null,""inversion_channel"":10.0,""period_ms"":6.700038909912109}"
199569,1,1628.4,1628.4,False,1.0,"{""inversion_rho"":null,""inversion_channel"":6.5,""period_ms"":6.700038909912109}"
199569,1,1633.9999,1633.9999,False,1.0,"{""inversion_rho"":null,""inversion_channel"":5.0,""period_ms"":6.700038909912109}"
199569,1,1639.7001,1639.7001,False,0.875,"{""inversion_rho"":null,""inversion_channel"":9.0,""period_ms"":6.700038909912109}"
199569,1,1645.0,1645.0,False,0.875,"{""inversion_rho"":null,""inversion_channel"":8.5,""period_ms"":6.700038909912109}"
199569,1,1650.9,1650.9,False,0.875,"{""inversion_rho"":null,""inversion_channel"":9.0,""period_ms"":6.700038909912109}"
199569,1,1656.2001,1656.2001,False,0.5,"{""inversion_rho"":null,""inversion_channel"":8.5,""period_ms"":6.700038909912109}"
199569,1,1662.4,1662.4,False,1.0,"{""inversion_rho"":null,""inversion_channel"":6.5,""period_ms"":6.700038909912109}"
199569,1,1669.0,1669.0,False,1.0,"{""inversion_rho"":null,""inversion_channel"":10.0,""period_ms"":6.700038909912109}"
199569,1,1675.6999,1675.6999,False,1.0,"{""inversion_rho"":null,""inversion_channel"":10.0,""period_ms"":6.700038909912109}"
199569,1,1682.4,1682.4,False,1.0,"{""inversion_rho"":null,""inversion_channel"":9.5,""period_ms"":6.700038909912109}"
199569,1,1688.9,1688.9,False,1.0,"{""inversion_rho"":null,""inversion_channel"":8.5,""period_ms"":6.700038909912109}"
199569,1,1698.8,1698.8,False,1.0,"{""inversion_rho"":null,""inversion_channel"":8.5,""period_ms"":6.700038909912109}"
199569,1,1708.6,1708.6,False,1.0,"{""inversion_rho"":null,""inversion_channel"":8.5,""period_ms"":6.700038909912109}"
199569,1,1730.9,1730.9,False,1.0,"{""inversion_rho"":null,""inversion_channel"":10.0,""period_ms"":6.700038909912109}"
199569,1,1750.5,1750.5,False,0.875,"{""inversion_rho"":null,""inversion_channel"":9.0,""period_ms"":6.700038909912109}"
199569,1,1764.1,1764.1,False,1.0,"{""inversion_rho"":null,""inversion_channel"":8.5,""period_ms"":6.700038909912109}"
199569,1,1781.5,1781.5,False,1.0,"{""inversion_rho"":null,""inversion_channel"":8.5,""period_ms"":6.700038909912109}"
199569,1,1805.2,1805.2,False,1.0,"{""inversion_rho"":null,""inversion_channel"":7.0,""period_ms"":6.700038909912109}"
199569,1,1966.2,1966.2,False,1.0,"{""inversion_rho"":null,""inversion_channel"":12.0,""period_ms"":null}"
199569,1,1979.4,1979.4,False,1.0,"{""inversion_rho"":null,""inversion_channel"":10.5,""period_ms"":null}"
199569,1,2076.9999,2076.9999,False,0.375,"{""inversion_rho"":null,""inversion_channel"":10.5,""period_ms"":null}"
199569,1,2195.8001,2195.8001,False,0.5,"{""inversion_rho"":null,""inversion_channel"":38.5,""period_ms"":null}"
199569,1,2214.0,2214.0,False,0.625,"{""inversion_rho"":null,""inversion_channel"":43.5,""period_ms"":124.69995021820068}"
199569,1,2335.0,2335.0,False,1.0,"{""inversion_rho"":null,""inversion_channel"":24.0,""period_ms"":124.69995021820068}"
199569,1,2463.3999,2463.3999,False,0.25,"{""inversion_rho"":null,""inversion_channel"":45.5,""period_ms"":124.69995021820068}"
199569,1,2479.6,2479.6,False,0.25,"{""inversion_rho"":null,""inversion_channel"":36.5,""period_ms"":null}"
199569,1,2526.0999,2526.0999,False,0.875,"{""inversion_rho"":null,""inversion_channel"":14.5,""period_ms"":null}"
199569,1,2533.2,2533.2,False,0.375,"{""inversion_rho"":null,""inversion_channel"":18.0,""period_ms"":null}"
199569,1,54.2,97.6,True,1.0,"{""inversion_rho"":null,""inversion_channel"":12.5,""period_ms"":10.549996048212051}"
199569,1,1515.6,1805.2,True,1.0,"{""inversion_rho"":null,""inversion_channel"":8.5,""period_ms"":6.700038909912109}"
199569,1,2214.0,2463.3999,True,1.0,"{""inversion_rho"":null,""inversion_channel"":43.5,""period_ms"":124.69995021820068}"
199712,1,69.4,69.4,False,1.0,"{""inversion_rho"":null,""inversion_channel"":41.5,""period_ms"":null}"
199712,1,99.1,99.1,False,1.0,"{""inversion_rho"":null,""inversion_channel"":38.0,""period_ms"":null}"
199712,1,109.8,109.8,False,1.0,"{""inversion_rho"":null,""inversion_channel"":38.0,""period_ms"":null}"
199712,1,1641.6,1641.6,False,1.0,"{""inversion_rho"":null,""inversion_channel"":10.0,""period_ms"":null}"
199712,1,1857.9,1857.9,False,1.0,"{""inversion_rho"":null,""inversion_channel"":9.5,""period_ms"":null}"
199712,1,1891.1999,1891.1999,False,1.0,"{""inversion_rho"":null,""inversion_channel"":8.5,""period_ms"":51.7500638961792}"
199712,1,1924.5,1924.5,False,1.0,"{""inversion_rho"":null,""inversion_channel"":11.5,""period_ms"":51.7500638961792}"
199712,1,1964.2,1964.2,False,1.0,"{""inversion_rho"":null,""inversion_channel"":9.0,""period_ms"":51.7500638961792}"
199712,1,1987.4001,1987.4001,False,1.0,"{""inversion_rho"":null,""inversion_channel"":7.0,""period_ms"":51.7500638961792}"
199712,1,2025.6,2025.6,False,1.0,"{""inversion_rho"":null,""inversion_channel"":6.0,""period_ms"":51.7500638961792}"
199712,1,2089.4001,2089.4001,False,1.0,"{""inversion_rho"":null,""inversion_channel"":6.0,""period_ms"":51.7500638961792}"
199712,1,2169.8,2169.8,False,1.0,"{""inversion_rho"":null,""inversion_channel"":25.0,""period_ms"":51.7500638961792}"
199712,1,2248.3001,2248.3001,False,1.0,"{""inversion_rho"":null,""inversion_channel"":10.5,""period_ms"":51.7500638961792}"
199712,1,2441.0,2441.0,False,1.0,"{""inversion_rho"":null,""inversion_channel"":38.0,""period_ms"":51.7500638961792}"
199712,1,2507.4,2507.4,False,1.0,"{""inversion_rho"":null,""inversion_channel"":17.5,""period_ms"":19.60015296936035}"
199712,1,2531.4,2531.4,False,1.0,"{""inversion_rho"":null,""inversion_channel"":38.0,""period_ms"":19.60015296936035}"
199712,1,2551.0001,2551.0001,False,1.0,"{""inversion_rho"":null,""inversion_channel"":21.0,""period_ms"":19.60015296936035}"
199712,1,2564.6,2564.6,False,1.0,"{""inversion_rho"":null,""inversion_channel"":38.0,""period_ms"":19.60015296936035}"
199712,1,2583.9,2583.9,False,1.0,"{""inversion_rho"":null,""inversion_channel"":38.0,""period_ms"":19.60015296936035}"
199712,1,2607.8999,2607.8999,False,0.25,"{""inversion_rho"":null,""inversion_channel"":33.5,""period_ms"":19.60015296936035}"
199712,1,2765.1999,2765.1999,False,1.0,"{""inversion_rho"":null,""inversion_channel"":39.5,""period_ms"":null}"
199712,1,2797.6999,2797.6999,False,1.0,"{""inversion_rho"":null,""inversion_channel"":39.5,""period_ms"":null}"
199712,1,2977.5,2977.5,False,0.625,"{""inversion_rho"":null,""inversion_channel"":33.5,""period_ms"":null}"
199712,1,3143.1999,3143.1999,False,0.25,"{""inversion_rho"":null,""inversion_channel"":35.5,""period_ms"":null}"
199712,1,3406.3001,3406.3001,False,0.375,"{""inversion_rho"":null,""inversion_channel"":21.5,""period_ms"":null}"
199712,1,3421.0999,3421.0999,False,0.75,"{""inversion_rho"":null,""inversion_channel"":16.5,""period_ms"":null}"
199712,1,1891.1999,2441.0,True,1.0,"{""inversion_rho"":null,""inversion_channel"":9.0,""period_ms"":51.7500638961792}"
199712,1,2507.4,2607.8999,True,1.0,"{""inversion_rho"":null,""inversion_channel"":35.75,""period_ms"":19.60015296936035}"
199789,1,47.8,47.8,False,0.625,"{""inversion_rho"":null,""inversion_channel"":12.5,""period_ms"":13.350000604987144}"
199789,1,61.4,61.4,False,1.0,"{""inversion_rho"":null,""inversion_channel"":12.5,""period_ms"":13.350000604987144}"
199789,1,74.5,74.5,False,1.0,"{""inversion_rho"":null,""inversion_channel"":14.5,""period_ms"":13.350000604987144}"
199789,1,1978.9,1978.9,False,0.75,"{""inversion_rho"":null,""inversion_channel"":14.5,""period_ms"":29.250025749206543}"
199789,1,2000.5,2000.5,False,1.0,"{""inversion_rho"":null,""inversion_channel"":12.0,""period_ms"":29.250025749206543}"
199789,1,2037.4,2037.4,False,0.5,"{""inversion_rho"":null,""inversion_channel"":23.0,""period_ms"":29.250025749206543}"
199789,1,2047.1001,2047.1001,False,1.0,"{""inversion_rho"":null,""inversion_channel"":9.5,""period_ms"":30.20000457763672}"
199789,1,2060.3001,2060.3001,False,1.0,"{""inversion_rho"":null,""inversion_channel"":2.5,""period_ms"":30.20000457763672}"
199789,1,2090.5001,2090.5001,False,0.625,"{""inversion_rho"":null,""inversion_channel"":23.0,""period_ms"":30.20000457763672}"
199789,1,2131.3,2131.3,False,1.0,"{""inversion_rho"":null,""inversion_channel"":20.5,""period_ms"":30.20000457763672}"
199789,1,2137.3,2137.3,False,0.5,"{""inversion_rho"":null,""inversion_channel"":4.5,""period_ms"":5.849957466125488}"
199789,1,2143.1,2143.1,False,0.625,"{""inversion_rho"":null,""inversion_channel"":3.5,""period_ms"":5.849957466125488}"
199789,1,2148.9999,2148.9999,False,1.0,"{""inversion_rho"":null,""inversion_channel"":38.5,""period_ms"":5.849957466125488}"
199789,1,2183.9001,2183.9001,False,1.0,"{""inversion_rho"":null,""inversion_channel"":43.5,""period_ms"":10.999917984008789}"
199789,1,2191.2999,2191.2999,False,0.5,"{""inversion_rho"":null,""inversion_channel"":17.5,""period_ms"":10.999917984008789}"
199789,1,2197.2001,2197.2001,False,1.0,"{""inversion_rho"":null,""inversion_channel"":44.0,""period_ms"":10.999917984008789}"
199789,1,2207.5,2207.5,False,1.0,"{""inversion_rho"":null,""inversion_channel"":19.5,""period_ms"":10.999917984008789}"
199789,1,2228.4999,2228.4999,False,0.25,"{""inversion_rho"":null,""inversion_channel"":3.5,""period_ms"":10.999917984008789}"
199789,1,2241.6,2241.6,False,1.0,"{""inversion_rho"":null,""inversion_channel"":22.0,""period_ms"":10.999917984008789}"
199789,1,2263.7999,2263.7999,False,1.0,"{""inversion_rho"":null,""inversion_channel"":17.5,""period_ms"":10.999917984008789}"
199789,1,2285.8,2285.8,False,0.25,"{""inversion_rho"":null,""inversion_channel"":28.5,""period_ms"":10.999917984008789}"
199789,1,2297.4999,2297.4999,False,0.5,"{""inversion_rho"":null,""inversion_channel"":14.0,""period_ms"":10.999917984008789}"
199789,1,2309.9,2309.9,False,1.0,"{""inversion_rho"":null,""inversion_channel"":27.0,""period_ms"":10.999917984008789}"
199789,1,2318.3999,2318.3999,False,1.0,"{""inversion_rho"":null,""inversion_channel"":27.5,""period_ms"":10.999917984008789}"
199789,1,2326.8001,2326.8001,False,1.0,"{""inversion_rho"":null,""inversion_channel"":27.0,""period_ms"":10.999917984008789}"
199789,1,2332.9999,2332.9999,False,0.75,"{""inversion_rho"":null,""inversion_channel"":13.5,""period_ms"":10.999917984008789}"
199789,1,2340.4,2340.4,False,1.0,"{""inversion_rho"":null,""inversion_channel"":28.0,""period_ms"":10.999917984008789}"
199789,1,2356.2,2356.2,False,0.25,"{""inversion_rho"":null,""inversion_channel"":42.5,""period_ms"":10.999917984008789}"
199789,1,2370.5001,2370.5001,False,0.25,"{""inversion_rho"":null,""inversion_channel"":11.5,""period_ms"":10.999917984008789}"
199789,1,2379.3001,2379.3001,False,0.25,"{""inversion_rho"":null,""inversion_channel"":8.5,""period_ms"":10.999917984008789}"
199789,1,2421.2999,2421.2999,False,1.0,"{""inversion_rho"":null,""inversion_channel"":31.0,""period_ms"":21.999835968017578}"
199789,1,2436.7001,2436.7001,False,1.0,"{""inversion_rho"":null,""inversion_channel"":31.5,""period_ms"":21.999835968017578}"
199789,1,2458.6999,2458.6999,False,1.0,"{""inversion_rho"":null,""inversion_channel"":43.5,""period_ms"":21.999835968017578}"
199789,1,2480.7999,2480.7999,False,0.5,"{""inversion_rho"":null,""inversion_channel"":9.5,""period_ms"":21.999835968017578}"
199789,1,2486.9001,2486.9001,False,0.5,"{""inversion_rho"":null,""inversion_channel"":10.5,""period_ms"":6.399869918823242}"
199789,1,2493.3,2493.3,False,1.0,"{""inversion_rho"":null,""inversion_channel"":41.5,""period_ms"":6.399869918823242}"
199789,1,2500.9,2500.9,False,0.375,"{""inversion_rho"":null,""inversion_channel"":23.5,""period_ms"":6.399869918823242}"
199789,1,2507.0,2507.0,False,0.375,"{""inversion_rho"":null,""inversion_channel"":9.5,""period_ms"":6.399869918823242}"
199789,1,2525.1,2525.1,False,0.625,"{""inversion_rho"":null,""inversion_channel"":9.5,""period_ms"":null}"
199789,1,2540.8001,2540.8001,False,0.25,"{""inversion_rho"":null,""inversion_channel"":42.0,""period_ms"":null}"
199789,1,2594.8,2594.8,False,0.5,"{""inversion_rho"":null,""inversion_channel"":9.5,""period_ms"":null}"
199789,1,2603.6,2603.6,False,0.25,"{""inversion_rho"":null,""inversion_channel"":9.5,""period_ms"":null}"
199789,1,2636.2,2636.2,False,0.5,"{""inversion_rho"":null,""inversion_channel"":10.5,""period_ms"":7.0999860763549805}"
199789,1,2644.0001,2644.0001,False,1.0,"{""inversion_rho"":null,""inversion_channel"":9.5,""period_ms"":7.0999860763549805}"
199789,1,2650.3999,2650.3999,False,0.25,"{""inversion_rho"":null,""inversion_channel"":9.5,""period_ms"":7.0999860763549805}"
199789,1,2661.7,2661.7,False,0.625,"{""inversion_rho"":null,""inversion_channel"":9.5,""period_ms"":7.0999860763549805}"
199789,1,2667.3999,2667.3999,False,0.5,"{""inversion_rho"":null,""inversion_channel"":8.5,""period_ms"":7.0999860763549805}"
199789,1,2695.3001,2695.3001,False,0.375,"{""inversion_rho"":null,""inversion_channel"":11.5,""period_ms"":8.20016860961914}"
199789,1,2713.2001,2713.2001,False,1.0,"{""inversion_rho"":null,""inversion_channel"":18.5,""period_ms"":8.20016860961914}"
199789,1,2723.5,2723.5,False,0.25,"{""inversion_rho"":null,""inversion_channel"":9.5,""period_ms"":8.20016860961914}"
199789,1,2731.6999,2731.6999,False,0.25,"{""inversion_rho"":null,""inversion_channel"":19.5,""period_ms"":8.20016860961914}"
199789,1,2739.1,2739.1,False,1.0,"{""inversion_rho"":null,""inversion_channel"":9.5,""period_ms"":8.20016860961914}"
199789,1,2746.7999,2746.7999,False,0.875,"{""inversion_rho"":null,""inversion_channel"":9.5,""period_ms"":8.20016860961914}"
199789,1,2756.9001,2756.9001,False,0.25,"{""inversion_rho"":null,""inversion_channel"":9.5,""period_ms"":8.20016860961914}"
199789,1,2774.3001,2774.3001,False,0.625,"{""inversion_rho"":null,""inversion_channel"":9.5,""period_ms"":8.20016860961914}"
199789,1,2781.5001,2781.5001,False,0.25,"{""inversion_rho"":null,""inversion_channel"":8.5,""period_ms"":8.20016860961914}"
199789,1,2786.7999,2786.7999,False,1.0,"{""inversion_rho"":null,""inversion_channel"":32.5,""period_ms"":8.20016860961914}"
199789,1,2795.0001,2795.0001,False,0.625,"{""inversion_rho"":null,""inversion_channel"":10.5,""period_ms"":8.20016860961914}"
199789,1,2800.4999,2800.4999,False,0.5,"{""inversion_rho"":null,""inversion_channel"":11.5,""period_ms"":8.20016860961914}"
199789,1,2810.9,2810.9,False,0.875,"{""inversion_rho"":null,""inversion_channel"":21.5,""period_ms"":8.20016860961914}"
199789,1,2831.5001,2831.5001,False,1.0,"{""inversion_rho"":null,""inversion_channel"":10.0,""period_ms"":8.20016860961914}"
199789,1,2838.3999,2838.3999,False,0.5,"{""inversion_rho"":null,""inversion_channel"":16.0,""period_ms"":7.800102233886719}"
199789,1,2848.2001,2848.2001,False,1.0,"{""inversion_rho"":null,""inversion_channel"":16.0,""period_ms"":7.800102233886719}"
199789,1,2854.6,2854.6,False,0.875,"{""inversion_rho"":null,""inversion_channel"":9.5,""period_ms"":7.800102233886719}"
199789,1,2859.9999,2859.9999,False,0.375,"{""inversion_rho"":null,""inversion_channel"":12.5,""period_ms"":7.800102233886719}"
199789,1,2867.8,2867.8,False,0.5,"{""inversion_rho"":null,""inversion_channel"":11.5,""period_ms"":7.800102233886719}"
199789,1,2876.3001,2876.3001,False,0.625,"{""inversion_rho"":null,""inversion_channel"":10.5,""period_ms"":7.800102233886719}"
199789,1,2893.3001,2893.3001,False,0.625,"{""inversion_rho"":null,""inversion_channel"":20.5,""period_ms"":7.800102233886719}"
199789,1,2903.6,2903.6,False,0.375,"{""inversion_rho"":null,""inversion_channel"":11.5,""period_ms"":7.800102233886719}"
199789,1,2912.6,2912.6,False,0.375,"{""inversion_rho"":null,""inversion_channel"":31.5,""period_ms"":7.800102233886719}"
199789,1,2920.3999,2920.3999,False,0.375,"{""inversion_rho"":null,""inversion_channel"":9.0,""period_ms"":7.800102233886719}"
199789,1,2926.6,2926.6,False,0.625,"{""inversion_rho"":null,""inversion_channel"":31.5,""period_ms"":7.800102233886719}"
199789,1,2932.4,2932.4,False,1.0,"{""inversion_rho"":null,""inversion_channel"":41.5,""period_ms"":7.800102233886719}"
199789,1,2939.3001,2939.3001,False,1.0,"{""inversion_rho"":null,""inversion_channel"":2.5,""period_ms"":7.800102233886719}"
199789,1,2946.5001,2946.5001,False,0.75,"{""inversion_rho"":null,""inversion_channel"":7.5,""period_ms"":7.800102233886719}"
199789,1,2955.1001,2955.1001,False,1.0,"{""inversion_rho"":null,""inversion_channel"":22.0,""period_ms"":7.800102233886719}"
199789,1,2960.7999,2960.7999,False,0.75,"{""inversion_rho"":null,""inversion_channel"":11.5,""period_ms"":7.800102233886719}"
199789,1,2972.3001,2972.3001,False,1.0,"{""inversion_rho"":null,""inversion_channel"":20.0,""period_ms"":7.800102233886719}"
199789,1,2982.6,2982.6,False,1.0,"{""inversion_rho"":null,""inversion_channel"":9.5,""period_ms"":7.800102233886719}"
199789,1,2988.3001,2988.3001,False,1.0,"{""inversion_rho"":null,""inversion_channel"":5.5,""period_ms"":7.800102233886719}"
199789,1,2996.7999,2996.7999,False,0.75,"{""inversion_rho"":null,""inversion_channel"":8.5,""period_ms"":7.800102233886719}"
199789,1,3002.1,3002.1,False,0.875,"{""inversion_rho"":null,""inversion_channel"":7.5,""period_ms"":7.800102233886719}"
199789,1,3009.5999,3009.5999,False,1.0,"{""inversion_rho"":null,""inversion_channel"":9.5,""period_ms"":7.800102233886719}"
199789,1,3016.5999,3016.5999,False,1.0,"{""inversion_rho"":null,""inversion_channel"":31.5,""period_ms"":7.800102233886719}"
199789,1,3028.5001,3028.5001,False,1.0,"{""inversion_rho"":null,""inversion_channel"":11.5,""period_ms"":7.800102233886719}"
199789,1,3037.6999,3037.6999,False,0.375,"{""inversion_rho"":null,""inversion_channel"":10.5,""period_ms"":7.800102233886719}"
199789,1,3048.1,3048.1,False,1.0,"{""inversion_rho"":null,""inversion_channel"":11.5,""period_ms"":7.800102233886719}"
199789,1,3074.8,3074.8,False,0.5,"{""inversion_rho"":null,""inversion_channel"":9.5,""period_ms"":5.4999589920043945}"
199789,1,3080.4,3080.4,False,1.0,"{""inversion_rho"":null,""inversion_channel"":9.0,""period_ms"":5.4999589920043945}"
199789,1,3085.7,3085.7,False,1.0,"{""inversion_rho"":null,""inversion_channel"":9.5,""period_ms"":5.4999589920043945}"
199789,1,3092.7,3092.7,False,0.25,"{""inversion_rho"":null,""inversion_channel"":3.0,""period_ms"":5.4999589920043945}"
199789,1,3098.0999,3098.0999,False,0.375,"{""inversion_rho"":null,""inversion_channel"":21.5,""period_ms"":5.4999589920043945}"
199789,1,3125.9,3125.9,False,1.0,"{""inversion_rho"":null,""inversion_channel"":41.5,""period_ms"":9.150028228759766}"
199789,1,3131.4001,3131.4001,False,0.25,"{""inversion_rho"":null,""inversion_channel"":2.5,""period_ms"":9.150028228759766}"
199789,1,3137.3999,3137.3999,False,0.25,"{""inversion_rho"":null,""inversion_channel"":8.5,""period_ms"":9.150028228759766}"
199789,1,3142.9,3142.9,False,1.0,"{""inversion_rho"":null,""inversion_channel"":14.5,""period_ms"":9.150028228759766}"
199789,1,3151.0999,3151.0999,False,1.0,"{""inversion_rho"":null,""inversion_channel"":42.5,""period_ms"":9.150028228759766}"
199789,1,3156.8,3156.8,False,0.375,"{""inversion_rho"":null,""inversion_channel"":12.5,""period_ms"":9.150028228759766}"
199789,1,3167.2001,3167.2001,False,0.5,"{""inversion_rho"":null,""inversion_channel"":13.0,""period_ms"":9.150028228759766}"
199789,1,3182.3001,3182.3001,False,0.75,"{""inversion_rho"":null,""inversion_channel"":9.5,""period_ms"":9.150028228759766}"
199789,1,3194.5,3194.5,False,1.0,"{""inversion_rho"":null,""inversion_channel"":11.0,""period_ms"":9.150028228759766}"
199789,1,3204.0,3204.0,False,0.375,"{""inversion_rho"":null,""inversion_channel"":10.5,""period_ms"":9.150028228759766}"
199789,1,3215.6999,3215.6999,False,0.625,"{""inversion_rho"":null,""inversion_channel"":9.5,""period_ms"":9.150028228759766}"
199789,1,3224.4999,3224.4999,False,1.0,"{""inversion_rho"":null,""inversion_channel"":11.5,""period_ms"":9.150028228759766}"
199789,1,3235.4,3235.4,False,0.625,"{""inversion_rho"":null,""inversion_channel"":9.5,""period_ms"":9.150028228759766}"
199789,1,3244.2,3244.2,False,0.25,"{""inversion_rho"":null,""inversion_channel"":9.5,""period_ms"":9.150028228759766}"
199789,1,3261.6,3261.6,False,0.25,"{""inversion_rho"":null,""inversion_channel"":9.5,""period_ms"":9.150028228759766}"
199789,1,3266.9001,3266.9001,False,1.0,"{""inversion_rho"":null,""inversion_channel"":21.5,""period_ms"":7.300138473510742}"
199789,1,3272.3999,3272.3999,False,0.25,"{""inversion_rho"":null,""inversion_channel"":9.5,""period_ms"":7.300138473510742}"
199789,1,3279.5,3279.5,False,0.25,"{""inversion_rho"":null,""inversion_channel"":1.5,""period_ms"":7.300138473510742}"
199789,1,3287.3001,3287.3001,False,1.0,"{""inversion_rho"":null,""inversion_channel"":10.5,""period_ms"":7.300138473510742}"
199789,1,3293.0,3293.0,False,0.75,"{""inversion_rho"":null,""inversion_channel"":10.5,""period_ms"":7.300138473510742}"
199789,1,3298.8999,3298.8999,False,0.25,"{""inversion_rho"":null,""inversion_channel"":21.0,""period_ms"":7.300138473510742}"
199789,1,3309.0999,3309.0999,False,0.5,"{""inversion_rho"":null,""inversion_channel"":9.5,""period_ms"":7.300138473510742}"
199789,1,3316.6001,3316.6001,False,0.25,"{""inversion_rho"":null,""inversion_channel"":1.5,""period_ms"":7.300138473510742}"
199789,1,3330.8001,3330.8001,False,0.25,"{""inversion_rho"":null,""inversion_channel"":22.5,""period_ms"":7.300138473510742}"
199789,1,3338.8,3338.8,False,0.625,"{""inversion_rho"":null,""inversion_channel"":38.5,""period_ms"":7.300138473510742}"
199789,1,3345.0999,3345.0999,False,1.0,"{""inversion_rho"":null,""inversion_channel"":20.5,""period_ms"":7.300138473510742}"
199789,1,3363.6999,3363.6999,False,1.0,"{""inversion_rho"":null,""inversion_channel"":12.0,""period_ms"":14.999866485595703}"
199789,1,3371.2001,3371.2001,False,0.25,"{""inversion_rho"":null,""inversion_channel"":9.5,""period_ms"":14.999866485595703}"
199789,1,3383.1999,3383.1999,False,0.25,"{""inversion_rho"":null,""inversion_channel"":9.5,""period_ms"":14.999866485595703}"
199789,1,3407.3,3407.3,False,1.0,"{""inversion_rho"":null,""inversion_channel"":41.0,""period_ms"":14.999866485595703}"
199789,1,3425.2999,3425.2999,False,1.0,"{""inversion_rho"":null,""inversion_channel"":10.0,""period_ms"":14.999866485595703}"
199789,1,3430.9001,3430.9001,False,0.25,"{""inversion_rho"":null,""inversion_channel"":9.5,""period_ms"":11.099815368652344}"
199789,1,3446.0001,3446.0001,False,0.75,"{""inversion_rho"":null,""inversion_channel"":9.5,""period_ms"":11.099815368652344}"
199789,1,3453.7001,3453.7001,False,1.0,"{""inversion_rho"":null,""inversion_channel"":10.5,""period_ms"":11.099815368652344}"
199789,1,3459.1999,3459.1999,False,0.5,"{""inversion_rho"":null,""inversion_channel"":9.5,""period_ms"":11.099815368652344}"
199789,1,3472.1,3472.1,False,0.25,"{""inversion_rho"":null,""inversion_channel"":24.5,""period_ms"":11.099815368652344}"
199789,1,3479.5001,3479.5001,False,0.375,"{""inversion_rho"":null,""inversion_channel"":9.5,""period_ms"":11.099815368652344}"
199789,1,3492.8999,3492.8999,False,0.5,"{""inversion_rho"":null,""inversion_channel"":9.5,""period_ms"":11.099815368652344}"
199789,1,3501.3001,3501.3001,False,0.5,"{""inversion_rho"":null,""inversion_channel"":10.5,""period_ms"":11.099815368652344}"
199789,1,3508.3001,3508.3001,False,0.375,"{""inversion_rho"":null,""inversion_channel"":8.0,""period_ms"":11.099815368652344}"
199789,1,3513.7,3513.7,False,1.0,"{""inversion_rho"":null,""inversion_channel"":9.5,""period_ms"":11.099815368652344}"
199789,1,3520.8001,3520.8001,False,0.25,"{""inversion_rho"":null,""inversion_channel"":44.5,""period_ms"":11.099815368652344}"
199789,1,3529.4001,3529.4001,False,0.5,"{""inversion_rho"":null,""inversion_channel"":28.5,""period_ms"":11.099815368652344}"
199789,1,3549.7999,3549.7999,False,0.625,"{""inversion_rho"":null,""inversion_channel"":2.5,""period_ms"":11.099815368652344}"
199789,1,3568.0001,3568.0001,False,1.0,"{""inversion_rho"":null,""inversion_channel"":15.5,""period_ms"":11.099815368652344}"
199789,1,3583.3001,3583.3001,False,0.25,"{""inversion_rho"":null,""inversion_channel"":11.5,""period_ms"":11.099815368652344}"
199789,1,3601.5999,3601.5999,False,1.0,"{""inversion_rho"":null,""inversion_channel"":20.0,""period_ms"":11.099815368652344}"
199789,1,3622.1001,3622.1001,False,0.25,"{""inversion_rho"":null,""inversion_channel"":8.5,""period_ms"":11.099815368652344}"
199789,1,3641.0999,3641.0999,False,0.5,"{""inversion_rho"":null,""inversion_channel"":9.5,""period_ms"":11.099815368652344}"
199789,1,3652.6999,3652.6999,False,0.5,"{""inversion_rho"":null,""inversion_channel"":9.5,""period_ms"":11.099815368652344}"
199789,1,3661.5,3661.5,False,0.375,"{""inversion_rho"":null,""inversion_channel"":9.5,""period_ms"":11.099815368652344}"
199789,1,3668.6001,3668.6001,False,0.25,"{""inversion_rho"":null,""inversion_channel"":9.5,""period_ms"":11.099815368652344}"
199789,1,3679.6999,3679.6999,False,0.5,"{""inversion_rho"":null,""inversion_channel"":42.5,""period_ms"":11.099815368652344}"
199789,1,3692.5001,3692.5001,False,1.0,"{""inversion_rho"":null,""inversion_channel"":11.5,""period_ms"":11.099815368652344}"
199789,1,3699.7001,3699.7001,False,0.25,"{""inversion_rho"":null,""inversion_channel"":43.5,""period_ms"":11.099815368652344}"
199789,1,3707.2999,3707.2999,False,1.0,"{""inversion_rho"":null,""inversion_channel"":9.5,""period_ms"":11.099815368652344}"
199789,1,3721.4,3721.4,False,0.625,"{""inversion_rho"":null,""inversion_channel"":20.5,""period_ms"":11.099815368652344}"
199789,1,3732.3999,3732.3999,False,0.75,"{""inversion_rho"":null,""inversion_channel"":9.5,""period_ms"":11.099815368652344}"
199789,1,3743.5,3743.5,False,0.625,"{""inversion_rho"":null,""inversion_channel"":9.5,""period_ms"":11.099815368652344}"
199789,1,3754.8001,3754.8001,False,0.75,"{""inversion_rho"":null,""inversion_channel"":19.5,""period_ms"":11.099815368652344}"
199789,1,3760.6001,3760.6001,False,0.25,"{""inversion_rho"":null,""inversion_channel"":9.5,""period_ms"":11.099815368652344}"
199789,1,3784.3001,3784.3001,False,0.375,"{""inversion_rho"":null,""inversion_channel"":9.5,""period_ms"":9.50002670288086}"
199789,1,3800.4,3800.4,False,0.625,"{""inversion_rho"":null,""inversion_channel"":11.5,""period_ms"":9.50002670288086}"
199789,1,3809.7,3809.7,False,0.25,"{""inversion_rho"":null,""inversion_channel"":42.5,""period_ms"":9.50002670288086}"
199789,1,3817.4,3817.4,False,0.75,"{""inversion_rho"":null,""inversion_channel"":12.5,""period_ms"":9.50002670288086}"
199789,1,3824.8,3824.8,False,0.625,"{""inversion_rho"":null,""inversion_channel"":9.5,""period_ms"":9.50002670288086}"
199789,1,3838.7001,3838.7001,False,0.25,"{""inversion_rho"":null,""inversion_channel"":17.5,""period_ms"":9.50002670288086}"
199789,1,3845.5,3845.5,False,0.375,"{""inversion_rho"":null,""inversion_channel"":10.5,""period_ms"":9.50002670288086}"
199789,1,3858.7999,3858.7999,False,0.625,"{""inversion_rho"":null,""inversion_channel"":45.5,""period_ms"":9.50002670288086}"
199789,1,3868.5,3868.5,False,0.5,"{""inversion_rho"":null,""inversion_channel"":8.5,""period_ms"":9.50002670288086}"
199789,1,3889.3001,3889.3001,False,1.0,"{""inversion_rho"":null,""inversion_channel"":45.0,""period_ms"":9.50002670288086}"
199789,1,3897.7001,3897.7001,False,1.0,"{""inversion_rho"":null,""inversion_channel"":11.5,""period_ms"":9.50002670288086}"
199789,1,3924.2001,3924.2001,False,0.25,"{""inversion_rho"":null,""inversion_channel"":8.5,""period_ms"":13.200044631958008}"
199789,1,3933.0001,3933.0001,False,0.25,"{""inversion_rho"":null,""inversion_channel"":9.5,""period_ms"":13.200044631958008}"
199789,1,3946.6,3946.6,False,1.0,"{""inversion_rho"":null,""inversion_channel"":9.5,""period_ms"":13.200044631958008}"
199789,1,3964.0999,3964.0999,False,1.0,"{""inversion_rho"":null,""inversion_channel"":12.5,""period_ms"":13.200044631958008}"
199789,1,3972.8,3972.8,False,0.375,"{""inversion_rho"":null,""inversion_channel"":9.5,""period_ms"":13.200044631958008}"
199789,1,3983.3,3983.3,False,0.25,"{""inversion_rho"":null,""inversion_channel"":9.5,""period_ms"":13.200044631958008}"
199789,1,3996.9001,3996.9001,False,0.75,"{""inversion_rho"":null,""inversion_channel"":9.5,""period_ms"":13.200044631958008}"
199789,1,4018.0998,4018.0998,False,0.25,"{""inversion_rho"":null,""inversion_channel"":2.0,""period_ms"":13.200044631958008}"
199789,1,4043.3998,4043.3998,False,0.625,"{""inversion_rho"":null,""inversion_channel"":9.5,""period_ms"":13.200044631958008}"
199789,1,4066.9999,4066.9999,False,0.625,"{""inversion_rho"":null,""inversion_channel"":12.0,""period_ms"":13.200044631958008}"
199789,1,4079.8001,4079.8001,False,0.25,"{""inversion_rho"":null,""inversion_channel"":9.5,""period_ms"":13.200044631958008}"
199789,1,4090.0002,4090.0002,False,0.5,"{""inversion_rho"":null,""inversion_channel"":9.5,""period_ms"":13.200044631958008}"
199789,1,4097.4002,4097.4002,False,0.75,"{""inversion_rho"":null,""inversion_channel"":10.5,""period_ms"":13.200044631958008}"
199789,1,4120.2002,4120.2002,False,1.0,"{""inversion_rho"":null,""inversion_channel"":9.5,""period_ms"":null}"
199789,1,4126.1001,4126.1001,False,0.375,"{""inversion_rho"":null,""inversion_channel"":10.5,""period_ms"":null}"
199789,1,4146.2002,4146.2002,False,0.875,"{""inversion_rho"":null,""inversion_channel"":9.5,""period_ms"":null}"
199789,1,4208.3998,4208.3998,False,0.375,"{""inversion_rho"":null,""inversion_channel"":10.5,""period_ms"":null}"
199789,1,4231.2999,4231.2999,False,0.5,"{""inversion_rho"":null,""inversion_channel"":10.0,""period_ms"":9.099960327148438}"
199789,1,4240.3998,4240.3998,False,0.5,"{""inversion_rho"":null,""inversion_channel"":16.0,""period_ms"":9.099960327148438}"
199789,1,4257.4,4257.4,False,1.0,"{""inversion_rho"":null,""inversion_channel"":11.5,""period_ms"":9.099960327148438}"
199789,1,4268.4999,4268.4999,False,1.0,"{""inversion_rho"":null,""inversion_channel"":45.5,""period_ms"":9.099960327148438}"
199789,1,4275.4002,4275.4002,False,0.375,"{""inversion_rho"":null,""inversion_channel"":44.5,""period_ms"":9.099960327148438}"
199789,1,4280.4999,4280.4999,False,1.0,"{""inversion_rho"":null,""inversion_channel"":6.5,""period_ms"":9.099960327148438}"
199789,1,4313.4999,4313.4999,False,1.0,"{""inversion_rho"":null,""inversion_channel"":8.5,""period_ms"":6.05010986328125}"
199789,1,4319.2,4319.2,False,0.25,"{""inversion_rho"":null,""inversion_channel"":7.5,""period_ms"":6.05010986328125}"
199789,1,4325.6001,4325.6001,False,0.5,"{""inversion_rho"":null,""inversion_channel"":10.5,""period_ms"":6.05010986328125}"
199789,1,4347.7998,4347.7998,False,0.75,"{""inversion_rho"":null,""inversion_channel"":9.5,""period_ms"":23.099899291992188}"
199789,1,4360.1999,4360.1999,False,1.0,"{""inversion_rho"":null,""inversion_channel"":12.5,""period_ms"":23.099899291992188}"
199789,1,4383.2998,4383.2998,False,0.375,"{""inversion_rho"":null,""inversion_channel"":9.5,""period_ms"":23.099899291992188}"
199789,1,4410.2998,4410.2998,False,0.75,"{""inversion_rho"":null,""inversion_channel"":10.5,""period_ms"":23.099899291992188}"
199789,1,4417.9001,4417.9001,False,1.0,"{""inversion_rho"":null,""inversion_channel"":9.5,""period_ms"":null}"
199789,1,4467.1001,4467.1001,False,1.0,"{""inversion_rho"":null,""inversion_channel"":9.5,""period_ms"":null}"
199789,1,4486.4998,4486.4998,False,1.0,"{""inversion_rho"":null,""inversion_channel"":12.5,""period_ms"":22.750139236450195}"
199789,1,4511.2,4511.2,False,0.625,"{""inversion_rho"":null,""inversion_channel"":42.0,""period_ms"":22.750139236450195}"
199789,1,4532.0001,4532.0001,False,0.375,"{""inversion_rho"":null,""inversion_channel"":9.5,""period_ms"":22.750139236450195}"
199789,1,4546.0,4546.0,False,1.0,"{""inversion_rho"":null,""inversion_channel"":17.5,""period_ms"":22.750139236450195}"
199789,1,4575.0999,4575.0999,False,0.25,"{""inversion_rho"":null,""inversion_channel"":7.5,""period_ms"":22.750139236450195}"
199789,1,4583.0002,4583.0002,False,0.875,"{""inversion_rho"":null,""inversion_channel"":9.5,""period_ms"":8.500099182128906}"
199789,1,4590.3001,4590.3001,False,0.625,"{""inversion_rho"":null,""inversion_channel"":41.5,""period_ms"":8.500099182128906}"
199789,1,4598.8002,4598.8002,False,1.0,"{""inversion_rho"":null,""inversion_channel"":12.5,""period_ms"":8.500099182128906}"
199789,1,4613.4,4613.4,False,0.75,"{""inversion_rho"":null,""inversion_channel"":11.5,""period_ms"":8.500099182128906}"
199789,1,4618.8998,4618.8998,False,0.25,"{""inversion_rho"":null,""inversion_channel"":11.5,""period_ms"":17.000198364257812}"
199789,1,4634.5,4634.5,False,0.375,"{""inversion_rho"":null,""inversion_channel"":25.0,""period_ms"":17.000198364257812}"
199789,1,4652.9002,4652.9002,False,0.875,"{""inversion_rho"":null,""inversion_channel"":9.5,""period_ms"":17.000198364257812}"
199789,1,4676.4998,4676.4998,False,1.0,"{""inversion_rho"":null,""inversion_channel"":42.5,""period_ms"":17.000198364257812}"
199789,1,4702.0001,4702.0001,False,1.0,"{""inversion_rho"":null,""inversion_channel"":11.5,""period_ms"":17.000198364257812}"
199789,1,4731.4,4731.4,False,0.25,"{""inversion_rho"":null,""inversion_channel"":6.5,""period_ms"":17.000198364257812}"
199789,1,4745.9002,4745.9002,False,1.0,"{""inversion_rho"":null,""inversion_channel"":41.5,""period_ms"":17.000198364257812}"
199789,1,4758.9002,4758.9002,False,1.0,"{""inversion_rho"":null,""inversion_channel"":8.5,""period_ms"":17.000198364257812}"
199789,1,4770.7,4770.7,False,0.625,"{""inversion_rho"":null,""inversion_channel"":9.5,""period_ms"":17.000198364257812}"
199789,1,4808.4002,4808.4002,False,0.875,"{""inversion_rho"":null,""inversion_channel"":10.5,""period_ms"":7.700204849243164}"
199789,1,4818.6998,4818.6998,False,0.5,"{""inversion_rho"":null,""inversion_channel"":10.0,""period_ms"":7.700204849243164}"
199789,1,4825.7999,4825.7999,False,0.25,"{""inversion_rho"":null,""inversion_channel"":45.5,""period_ms"":7.700204849243164}"
199789,1,4832.0999,4832.0999,False,0.25,"{""inversion_rho"":null,""inversion_channel"":44.5,""period_ms"":7.700204849243164}"
199789,1,4840.4002,4840.4002,False,0.875,"{""inversion_rho"":null,""inversion_channel"":9.5,""period_ms"":7.700204849243164}"
199789,1,4870.5001,4870.5001,False,1.0,"{""inversion_rho"":null,""inversion_channel"":42.5,""period_ms"":10.649919509887695}"
199789,1,4875.8998,4875.8998,False,0.625,"{""inversion_rho"":null,""inversion_channel"":9.5,""period_ms"":10.649919509887695}"
199789,1,4881.0,4881.0,False,0.375,"{""inversion_rho"":null,""inversion_channel"":8.5,""period_ms"":10.649919509887695}"
199789,1,4892.4999,4892.4999,False,1.0,"{""inversion_rho"":null,""inversion_channel"":10.5,""period_ms"":10.649919509887695}"
199789,1,4902.2999,4902.2999,False,0.75,"{""inversion_rho"":null,""inversion_channel"":7.5,""period_ms"":10.649919509887695}"
199789,1,4922.8001,4922.8001,False,0.375,"{""inversion_rho"":null,""inversion_channel"":13.0,""period_ms"":10.649919509887695}"
199789,1,4952.0998,4952.0998,False,0.625,"{""inversion_rho"":null,""inversion_channel"":8.5,""period_ms"":10.649919509887695}"
199789,1,4959.0998,4959.0998,False,1.0,"{""inversion_rho"":null,""inversion_channel"":4.5,""period_ms"":18.6002254486084}"
199789,1,4971.6001,4971.6001,False,1.0,"{""inversion_rho"":null,""inversion_channel"":11.5,""period_ms"":18.6002254486084}"
199789,1,4996.3002,4996.3002,False,1.0,"{""inversion_rho"":null,""inversion_channel"":10.5,""period_ms"":18.6002254486084}"
199789,1,5004.0998,5004.0998,False,0.5,"{""inversion_rho"":null,""inversion_channel"":7.5,""period_ms"":6.500244140625}"
199789,1,5010.6001,5010.6001,False,0.25,"{""inversion_rho"":null,""inversion_channel"":9.5,""period_ms"":6.500244140625}"
199789,1,5019.5999,5019.5999,False,0.25,"{""inversion_rho"":null,""inversion_channel"":44.0,""period_ms"":6.500244140625}"
199789,1,5024.9,5024.9,False,0.75,"{""inversion_rho"":null,""inversion_channel"":11.5,""period_ms"":6.500244140625}"
199789,1,5044.7998,5044.7998,False,1.0,"{""inversion_rho"":null,""inversion_channel"":45.5,""period_ms"":17.950057983398438}"
199789,1,5054.9998,5054.9998,False,1.0,"{""inversion_rho"":null,""inversion_channel"":4.5,""period_ms"":17.950057983398438}"
199789,1,5074.2998,5074.2998,False,0.625,"{""inversion_rho"":null,""inversion_channel"":7.5,""period_ms"":17.950057983398438}"
199789,1,5091.1002,5091.1002,False,0.25,"{""inversion_rho"":null,""inversion_channel"":45.5,""period_ms"":17.950057983398438}"
199789,1,5110.1999,5110.1999,False,0.875,"{""inversion_rho"":null,""inversion_channel"":8.5,""period_ms"":17.950057983398438}"
199789,1,5284.5998,5284.5998,False,1.0,"{""inversion_rho"":null,""inversion_channel"":20.0,""period_ms"":24.649858474731445}"
199789,1,5334.4002,5334.4002,False,1.0,"{""inversion_rho"":null,""inversion_channel"":19.5,""period_ms"":24.649858474731445}"
199789,1,5364.5,5364.5,False,1.0,"{""inversion_rho"":null,""inversion_channel"":19.5,""period_ms"":24.649858474731445}"
199789,1,5383.1,5383.1,False,1.0,"{""inversion_rho"":null,""inversion_channel"":19.5,""period_ms"":24.649858474731445}"
199789,1,5426.0001,5426.0001,False,1.0,"{""inversion_rho"":null,""inversion_channel"":18.5,""period_ms"":24.649858474731445}"
199789,1,5466.1999,5466.1999,False,1.0,"{""inversion_rho"":null,""inversion_channel"":17.5,""period_ms"":24.649858474731445}"
199789,1,5505.6,5505.6,False,1.0,"{""inversion_rho"":null,""inversion_channel"":17.0,""period_ms"":24.649858474731445}"
199789,1,5539.8998,5539.8998,False,1.0,"{""inversion_rho"":null,""inversion_channel"":16.5,""period_ms"":24.649858474731445}"
199789,1,5566.1998,5566.1998,False,1.0,"{""inversion_rho"":null,""inversion_channel"":15.5,""period_ms"":24.649858474731445}"
199789,1,5586.4,5586.4,False,1.0,"{""inversion_rho"":null,""inversion_channel"":14.5,""period_ms"":24.649858474731445}"
199789,1,5599.1998,5599.1998,False,1.0,"{""inversion_rho"":null,""inversion_channel"":15.5,""period_ms"":24.649858474731445}"
199789,1,5625.8001,5625.8001,False,1.0,"{""inversion_rho"":null,""inversion_channel"":14.5,""period_ms"":24.649858474731445}"
199789,1,5646.9002,5646.9002,False,1.0,"{""inversion_rho"":null,""inversion_channel"":14.5,""period_ms"":24.649858474731445}"
199789,1,5669.8999,5669.8999,False,1.0,"{""inversion_rho"":null,""inversion_channel"":14.5,""period_ms"":24.649858474731445}"
199789,1,5690.4001,5690.4001,False,1.0,"{""inversion_rho"":null,""inversion_channel"":14.0,""period_ms"":24.649858474731445}"
199789,1,5703.4001,5703.4001,False,1.0,"{""inversion_rho"":null,""inversion_channel"":31.5,""period_ms"":24.649858474731445}"
199789,1,5722.1999,5722.1999,False,1.0,"{""inversion_rho"":null,""inversion_channel"":31.5,""period_ms"":24.649858474731445}"
199789,1,5728.4002,5728.4002,False,1.0,"{""inversion_rho"":null,""inversion_channel"":15.5,""period_ms"":15.299797058105469}"
199789,1,5747.7002,5747.7002,False,1.0,"{""inversion_rho"":null,""inversion_channel"":17.5,""period_ms"":15.299797058105469}"
199789,1,5759.6998,5759.6998,False,1.0,"{""inversion_rho"":null,""inversion_channel"":31.5,""period_ms"":15.299797058105469}"
199789,1,5769.1998,5769.1998,False,0.25,"{""inversion_rho"":null,""inversion_channel"":30.5,""period_ms"":15.299797058105469}"
199789,1,5787.7998,5787.7998,False,1.0,"{""inversion_rho"":null,""inversion_channel"":8.5,""period_ms"":15.299797058105469}"
199789,1,47.8,74.5,True,1.0,"{""inversion_rho"":null,""inversion_channel"":12.5,""period_ms"":13.350000604987144}"
199789,1,1978.9,2037.4,True,1.0,"{""inversion_rho"":null,""inversion_channel"":14.5,""period_ms"":29.250025749206543}"
199789,1,2047.1001,2131.3,True,1.0,"{""inversion_rho"":null,""inversion_channel"":15.0,""period_ms"":30.20000457763672}"
199789,1,2137.3,2148.9999,True,1.0,"{""inversion_rho"":null,""inversion_channel"":4.5,""period_ms"":5.849957466125488}"
199789,1,2183.9001,2379.3001,True,1.0,"{""inversion_rho"":null,""inversion_channel"":22.0,""period_ms"":10.999917984008789}"
199789,1,2421.2999,2480.7999,True,1.0,"{""inversion_rho"":null,""inversion_channel"":31.25,""period_ms"":21.999835968017578}"
199789,1,2486.9001,2507.0,True,1.0,"{""inversion_rho"":null,""inversion_channel"":17.0,""period_ms"":6.399869918823242}"
199789,1,2636.2,2667.3999,True,1.0,"{""inversion_rho"":null,""inversion_channel"":9.5,""period_ms"":7.0999860763549805}"
199789,1,2695.3001,2831.5001,True,1.0,"{""inversion_rho"":null,""inversion_channel"":10.25,""period_ms"":8.20016860961914}"
199789,1,2838.3999,3048.1,True,1.0,"{""inversion_rho"":null,""inversion_channel"":11.5,""period_ms"":7.800102233886719}"
199789,1,3074.8,3098.0999,True,1.0,"{""inversion_rho"":null,""inversion_channel"":9.5,""period_ms"":5.4999589920043945}"
199789,1,3125.9,3261.6,True,1.0,"{""inversion_rho"":null,""inversion_channel"":10.5,""period_ms"":9.150028228759766}"
199789,1,3266.9001,3345.0999,True,1.0,"{""inversion_rho"":null,""inversion_channel"":10.5,""period_ms"":7.300138473510742}"
199789,1,3363.6999,3425.2999,True,1.0,"{""inversion_rho"":null,""inversion_channel"":10.0,""period_ms"":14.999866485595703}"
199789,1,3430.9001,3760.6001,True,1.0,"{""inversion_rho"":null,""inversion_channel"":9.5,""period_ms"":11.099815368652344}"
199789,1,3784.3001,3897.7001,True,1.0,"{""inversion_rho"":null,""inversion_channel"":11.5,""period_ms"":9.50002670288086}"
199789,1,3924.2001,4097.4002,True,1.0,"{""inversion_rho"":null,""inversion_channel"":9.5,""period_ms"":13.200044631958008}"
199789,1,4231.2999,4280.4999,True,1.0,"{""inversion_rho"":null,""inversion_channel"":13.75,""period_ms"":9.099960327148438}"
199789,1,4313.4999,4325.6001,True,1.0,"{""inversion_rho"":null,""inversion_channel"":8.5,""period_ms"":6.05010986328125}"
199789,1,4347.7998,4410.2998,True,1.0,"{""inversion_rho"":null,""inversion_channel"":10.0,""period_ms"":23.099899291992188}"
199789,1,4486.4998,4575.0999,True,1.0,"{""inversion_rho"":null,""inversion_channel"":12.5,""period_ms"":22.750139236450195}"
199789,1,4583.0002,4613.4,True,1.0,"{""inversion_rho"":null,""inversion_channel"":12.0,""period_ms"":8.500099182128906}"
199789,1,4618.8998,4770.7,True,1.0,"{""inversion_rho"":null,""inversion_channel"":11.5,""period_ms"":17.000198364257812}"
199789,1,4808.4002,4840.4002,True,1.0,"{""inversion_rho"":null,""inversion_channel"":10.5,""period_ms"":7.700204849243164}"
199789,1,4870.5001,4952.0998,True,1.0,"{""inversion_rho"":null,""inversion_channel"":9.5,""period_ms"":10.649919509887695}"
199789,1,4959.0998,4996.3002,True,1.0,"{""inversion_rho"":null,""inversion_channel"":10.5,""period_ms"":18.6002254486084}"
199789,1,5004.0998,5024.9,True,1.0,"{""inversion_rho"":null,""inversion_channel"":10.5,""period_ms"":6.500244140625}"
199789,1,5044.7998,5110.1999,True,1.0,"{""inversion_rho"":null,""inversion_channel"":8.5,""period_ms"":17.950057983398438}"
199789,1,5284.5998,5722.1999,True,1.0,"{""inversion_rho"":null,""inversion_channel"":17.0,""period_ms"":24.649858474731445}"
199789,1,5728.4002,5787.7998,True,1.0,"{""inversion_rho"":null,""inversion_channel"":17.5,""period_ms"":15.299797058105469}"
199790,1,52.8,52.8,False,0.5,"{""inversion_rho"":null,""inversion_channel"":11.5,""period_ms"":null}"
199790,1,61.2,61.2,False,1.0,"{""inversion_rho"":null,""inversion_channel"":12.5,""period_ms"":null}"
199790,1,1999.0,1999.0,False,1.0,"{""inversion_rho"":null,""inversion_channel"":18.0,""period_ms"":35.84998846054077}"
199790,1,2020.9,2020.9,False,0.625,"{""inversion_rho"":null,""inversion_channel"":4.0,""period_ms"":35.84998846054077}"
199790,1,2070.6999,2070.6999,False,1.0,"{""inversion_rho"":null,""inversion_channel"":2.0,""period_ms"":35.84998846054077}"
199790,1,2084.8999,2084.8999,False,1.0,"{""inversion_rho"":null,""inversion_channel"":12.0,""period_ms"":9.05001163482666}"
199790,1,2096.4999,2096.4999,False,0.75,"{""inversion_rho"":null,""inversion_channel"":10.0,""period_ms"":9.05001163482666}"
199790,1,2102.9999,2102.9999,False,0.375,"{""inversion_rho"":null,""inversion_channel"":14.0,""period_ms"":9.05001163482666}"
199790,1,2134.0001,2134.0001,False,1.0,"{""inversion_rho"":null,""inversion_channel"":16.5,""period_ms"":12.30001449584961}"
199790,1,2152.4999,2152.4999,False,1.0,"{""inversion_rho"":null,""inversion_channel"":14.5,""period_ms"":12.30001449584961}"
199790,1,2164.7999,2164.7999,False,0.375,"{""inversion_rho"":null,""inversion_channel"":12.5,""period_ms"":12.30001449584961}"
199790,1,2183.5999,2183.5999,False,1.0,"{""inversion_rho"":null,""inversion_channel"":15.5,""period_ms"":12.30001449584961}"
199790,1,2192.6,2192.6,False,1.0,"{""inversion_rho"":null,""inversion_channel"":15.5,""period_ms"":12.30001449584961}"
199790,1,2200.3,2200.3,False,0.625,"{""inversion_rho"":null,""inversion_channel"":18.5,""period_ms"":12.30001449584961}"
199790,1,2248.3001,2248.3001,False,1.0,"{""inversion_rho"":null,""inversion_channel"":13.0,""period_ms"":null}"
199790,1,2283.7999,2283.7999,False,0.25,"{""inversion_rho"":null,""inversion_channel"":9.5,""period_ms"":null}"
199790,1,2292.2001,2292.2001,False,0.25,"{""inversion_rho"":null,""inversion_channel"":12.5,""period_ms"":null}"
199790,1,2298.1999,2298.1999,False,0.5,"{""inversion_rho"":null,""inversion_channel"":9.5,""period_ms"":null}"
199790,1,2316.2,2316.2,False,0.75,"{""inversion_rho"":null,""inversion_channel"":14.0,""period_ms"":8.85009765625}"
199790,1,2329.4001,2329.4001,False,0.25,"{""inversion_rho"":null,""inversion_channel"":10.5,""period_ms"":8.85009765625}"
199790,1,2334.7001,2334.7001,False,0.875,"{""inversion_rho"":null,""inversion_channel"":7.5,""period_ms"":8.85009765625}"
199790,1,2341.2001,2341.2001,False,0.25,"{""inversion_rho"":null,""inversion_channel"":26.5,""period_ms"":8.85009765625}"
199790,1,2346.4,2346.4,False,0.25,"{""inversion_rho"":null,""inversion_channel"":15.5,""period_ms"":8.85009765625}"
199790,1,2356.6999,2356.6999,False,1.0,"{""inversion_rho"":null,""inversion_channel"":26.5,""period_ms"":8.85009765625}"
199790,1,2366.8001,2366.8001,False,1.0,"{""inversion_rho"":null,""inversion_channel"":27.5,""period_ms"":8.85009765625}"
199790,1,2380.8999,2380.8999,False,0.375,"{""inversion_rho"":null,""inversion_channel"":9.5,""period_ms"":8.85009765625}"
199790,1,2388.5,2388.5,False,1.0,"{""inversion_rho"":null,""inversion_channel"":16.0,""period_ms"":8.85009765625}"
199790,1,2430.7001,2430.7001,False,1.0,"{""inversion_rho"":null,""inversion_channel"":19.5,""period_ms"":9.399890899658203}"
199790,1,2440.1,2440.1,False,0.5,"{""inversion_rho"":null,""inversion_channel"":24.0,""period_ms"":9.399890899658203}"
199790,1,2445.4,2445.4,False,0.5,"{""inversion_rho"":null,""inversion_channel"":12.0,""period_ms"":9.399890899658203}"
199790,1,2457.6001,2457.6001,False,1.0,"{""inversion_rho"":null,""inversion_channel"":18.5,""period_ms"":9.399890899658203}"
199790,1,2469.6,2469.6,False,0.375,"{""inversion_rho"":null,""inversion_channel"":42.5,""period_ms"":9.399890899658203}"
199790,1,2475.1,2475.1,False,1.0,"{""inversion_rho"":null,""inversion_channel"":10.5,""period_ms"":9.399890899658203}"
199790,1,2492.0001,2492.0001,False,0.625,"{""inversion_rho"":null,""inversion_channel"":10.0,""period_ms"":10.399818420410156}"
199790,1,2498.3001,2498.3001,False,0.375,"{""inversion_rho"":null,""inversion_channel"":2.0,""period_ms"":10.399818420410156}"
199790,1,2508.3001,2508.3001,False,0.25,"{""inversion_rho"":null,""inversion_channel"":20.5,""period_ms"":10.399818420410156}"
199790,1,2518.6999,2518.6999,False,1.0,"{""inversion_rho"":null,""inversion_channel"":9.5,""period_ms"":10.399818420410156}"
199790,1,2534.4,2534.4,False,0.875,"{""inversion_rho"":null,""inversion_channel"":16.0,""period_ms"":10.399818420410156}"
199790,1,2548.8,2548.8,False,0.875,"{""inversion_rho"":null,""inversion_channel"":8.5,""period_ms"":10.399818420410156}"
199790,1,2553.9,2553.9,False,0.25,"{""inversion_rho"":null,""inversion_channel"":11.5,""period_ms"":12.999773025512695}"
199790,1,2568.9001,2568.9001,False,0.25,"{""inversion_rho"":null,""inversion_channel"":9.5,""period_ms"":12.999773025512695}"
199790,1,2581.8999,2581.8999,False,1.0,"{""inversion_rho"":null,""inversion_channel"":15.5,""period_ms"":12.999773025512695}"
199790,1,2598.2001,2598.2001,False,1.0,"{""inversion_rho"":null,""inversion_channel"":12.5,""period_ms"":12.999773025512695}"
199790,1,2606.2,2606.2,False,1.0,"{""inversion_rho"":null,""inversion_channel"":8.5,""period_ms"":12.999773025512695}"
199790,1,2612.2,2612.2,False,0.75,"{""inversion_rho"":null,""inversion_channel"":8.5,""period_ms"":12.999773025512695}"
199790,1,2626.4,2626.4,False,1.0,"{""inversion_rho"":null,""inversion_channel"":7.5,""period_ms"":12.999773025512695}"
199790,1,2632.4,2632.4,False,1.0,"{""inversion_rho"":null,""inversion_channel"":8.5,""period_ms"":12.999773025512695}"
199790,1,2671.4001,2671.4001,False,0.75,"{""inversion_rho"":null,""inversion_channel"":12.5,""period_ms"":22.749900817871094}"
199790,1,2735.8999,2735.8999,False,0.5,"{""inversion_rho"":null,""inversion_channel"":16.5,""period_ms"":22.749900817871094}"
199790,1,2795.8,2795.8,False,1.0,"{""inversion_rho"":null,""inversion_channel"":30.5,""period_ms"":22.749900817871094}"
199790,1,2828.0001,2828.0001,False,1.0,"{""inversion_rho"":null,""inversion_channel"":30.5,""period_ms"":22.749900817871094}"
199790,1,2858.5,2858.5,False,1.0,"{""inversion_rho"":null,""inversion_channel"":30.0,""period_ms"":22.749900817871094}"
199790,1,2888.0999,2888.0999,False,1.0,"{""inversion_rho"":null,""inversion_channel"":30.5,""period_ms"":22.749900817871094}"
199790,1,2900.7001,2900.7001,False,0.5,"{""inversion_rho"":null,""inversion_channel"":30.5,""period_ms"":22.749900817871094}"
199790,1,2916.6,2916.6,False,1.0,"{""inversion_rho"":null,""inversion_channel"":30.5,""period_ms"":22.749900817871094}"
199790,1,2924.5999,2924.5999,False,1.0,"{""inversion_rho"":null,""inversion_channel"":28.0,""period_ms"":22.749900817871094}"
199790,1,2931.7999,2931.7999,False,1.0,"{""inversion_rho"":null,""inversion_channel"":28.5,""period_ms"":22.749900817871094}"
199790,1,2938.2999,2938.2999,False,0.75,"{""inversion_rho"":null,""inversion_channel"":40.0,""period_ms"":22.749900817871094}"
199790,1,2960.0999,2960.0999,False,0.25,"{""inversion_rho"":null,""inversion_channel"":31.5,""period_ms"":10.450005531311035}"
199790,1,2975.6,2975.6,False,1.0,"{""inversion_rho"":null,""inversion_channel"":19.5,""period_ms"":10.450005531311035}"
199790,1,2984.9,2984.9,False,1.0,"{""inversion_rho"":null,""inversion_channel"":19.5,""period_ms"":10.450005531311035}"
199790,1,2991.9,2991.9,False,0.375,"{""inversion_rho"":null,""inversion_channel"":20.5,""period_ms"":10.450005531311035}"
199790,1,3003.5,3003.5,False,1.0,"{""inversion_rho"":null,""inversion_channel"":24.5,""period_ms"":10.450005531311035}"
199790,1,3066.0,3066.0,False,1.0,"{""inversion_rho"":null,""inversion_channel"":28.0,""period_ms"":30.40003776550293}"
199790,1,3092.7,3092.7,False,0.875,"{""inversion_rho"":null,""inversion_channel"":30.0,""period_ms"":30.40003776550293}"
199790,1,3126.8001,3126.8001,False,0.5,"{""inversion_rho"":null,""inversion_channel"":16.5,""period_ms"":30.40003776550293}"
199790,1,3135.9,3135.9,False,0.25,"{""inversion_rho"":null,""inversion_channel"":39.5,""period_ms"":null}"
199790,1,3185.6999,3185.6999,False,0.25,"{""inversion_rho"":null,""inversion_channel"":25.5,""period_ms"":null}"
199790,1,3193.8,3193.8,False,1.0,"{""inversion_rho"":null,""inversion_channel"":20.5,""period_ms"":null}"
199790,1,3201.1001,3201.1001,False,1.0,"{""inversion_rho"":null,""inversion_channel"":23.5,""period_ms"":null}"
199790,1,1999.0,2070.6999,True,1.0,"{""inversion_rho"":null,""inversion_channel"":4.0,""period_ms"":35.84998846054077}"
199790,1,2084.8999,2102.9999,True,1.0,"{""inversion_rho"":null,""inversion_channel"":12.0,""period_ms"":9.05001163482666}"
199790,1,2134.0001,2200.3,True,1.0,"{""inversion_rho"":null,""inversion_channel"":15.5,""period_ms"":12.30001449584961}"
199790,1,2316.2,2388.5,True,1.0,"{""inversion_rho"":null,""inversion_channel"":15.5,""period_ms"":8.85009765625}"
199790,1,2430.7001,2475.1,True,1.0,"{""inversion_rho"":null,""inversion_channel"":19.0,""period_ms"":9.399890899658203}"
199790,1,2492.0001,2548.8,True,1.0,"{""inversion_rho"":null,""inversion_channel"":9.75,""period_ms"":10.399818420410156}"
199790,1,2553.9,2632.4,True,1.0,"{""inversion_rho"":null,""inversion_channel"":9.0,""period_ms"":12.999773025512695}"
199790,1,2671.4001,2938.2999,True,1.0,"{""inversion_rho"":null,""inversion_channel"":30.5,""period_ms"":22.749900817871094}"
199790,1,2960.0999,3003.5,True,1.0,"{""inversion_rho"":null,""inversion_channel"":20.5,""period_ms"":10.450005531311035}"
199790,1,3066.0,3126.8001,True,1.0,"{""inversion_rho"":null,""inversion_channel"":28.0,""period_ms"":30.40003776550293}"
199907,1,85.2,85.2,False,0.375,"{""inversion_rho"":null,""inversion_channel"":42.5,""period_ms"":null}"
199907,1,145.5,145.5,False,1.0,"{""inversion_rho"":null,""inversion_channel"":38.5,""period_ms"":null}"
199907,1,1763.0,1763.0,False,1.0,"{""inversion_rho"":null,""inversion_channel"":23.5,""period_ms"":null}"
199907,1,1869.3,1869.3,False,1.0,"{""inversion_rho"":null,""inversion_channel"":23.5,""period_ms"":null}"
199907,1,1899.5,1899.5,False,1.0,"{""inversion_rho"":null,""inversion_channel"":23.5,""period_ms"":25.900065898895264}"
199907,1,1926.9,1926.9,False,1.0,"{""inversion_rho"":null,""inversion_channel"":23.5,""period_ms"":25.900065898895264}"
199907,1,1954.9,1954.9,False,1.0,"{""inversion_rho"":null,""inversion_channel"":23.0,""period_ms"":25.900065898895264}"
199907,1,1980.4,1980.4,False,1.0,"{""inversion_rho"":null,""inversion_channel"":23.5,""period_ms"":25.900065898895264}"
199907,1,2006.5,2006.5,False,1.0,"{""inversion_rho"":null,""inversion_channel"":23.0,""period_ms"":25.900065898895264}"
199907,1,2032.2001,2032.2001,False,1.0,"{""inversion_rho"":null,""inversion_channel"":22.5,""period_ms"":25.900065898895264}"
199907,1,2044.3001,2044.3001,False,1.0,"{""inversion_rho"":null,""inversion_channel"":21.5,""period_ms"":25.900065898895264}"
199907,1,2080.6999,2080.6999,False,1.0,"{""inversion_rho"":null,""inversion_channel"":22.5,""period_ms"":23.600101470947266}"
199907,1,2107.6,2107.6,False,1.0,"{""inversion_rho"":null,""inversion_channel"":23.0,""period_ms"":23.600101470947266}"
199907,1,2132.9,2132.9,False,1.0,"{""inversion_rho"":null,""inversion_channel"":22.5,""period_ms"":23.600101470947266}"
199907,1,2177.9001,2177.9001,False,1.0,"{""inversion_rho"":null,""inversion_channel"":22.5,""period_ms"":23.600101470947266}"
199907,1,2197.5,2197.5,False,1.0,"{""inversion_rho"":null,""inversion_channel"":21.0,""period_ms"":23.600101470947266}"
199907,1,2221.1001,2221.1001,False,1.0,"{""inversion_rho"":null,""inversion_channel"":19.5,""period_ms"":23.600101470947266}"
199907,1,2242.8999,2242.8999,False,1.0,"{""inversion_rho"":null,""inversion_channel"":20.5,""period_ms"":23.600101470947266}"
199907,1,2262.8,2262.8,False,1.0,"{""inversion_rho"":null,""inversion_channel"":16.5,""period_ms"":23.600101470947266}"
199907,1,2318.0001,2318.0001,False,1.0,"{""inversion_rho"":null,""inversion_channel"":19.5,""period_ms"":22.549986839294434}"
199907,1,2356.4999,2356.4999,False,1.0,"{""inversion_rho"":null,""inversion_channel"":21.5,""period_ms"":22.549986839294434}"
199907,1,2374.3999,2374.3999,False,0.875,"{""inversion_rho"":null,""inversion_channel"":22.5,""period_ms"":22.549986839294434}"
199907,1,2407.5,2407.5,False,0.375,"{""inversion_rho"":null,""inversion_channel"":22.5,""period_ms"":22.549986839294434}"
199907,1,2429.8999,2429.8999,False,0.625,"{""inversion_rho"":null,""inversion_channel"":24.5,""period_ms"":22.549986839294434}"
199907,1,2452.6,2452.6,False,0.25,"{""inversion_rho"":null,""inversion_channel"":26.5,""period_ms"":22.549986839294434}"
199907,1,2472.1,2472.1,False,0.75,"{""inversion_rho"":null,""inversion_channel"":23.0,""period_ms"":22.549986839294434}"
199907,1,2478.4,2478.4,False,0.25,"{""inversion_rho"":null,""inversion_channel"":22.5,""period_ms"":16.899824142456055}"
199907,1,2492.5001,2492.5001,False,0.25,"{""inversion_rho"":null,""inversion_channel"":27.5,""period_ms"":16.899824142456055}"
199907,1,2509.3999,2509.3999,False,0.25,"{""inversion_rho"":null,""inversion_channel"":27.5,""period_ms"":16.899824142456055}"
199907,1,2528.5001,2528.5001,False,0.25,"{""inversion_rho"":null,""inversion_channel"":24.5,""period_ms"":16.899824142456055}"
199907,1,2582.0,2582.0,False,0.25,"{""inversion_rho"":null,""inversion_channel"":28.5,""period_ms"":29.449939727783203}"
199907,1,2604.7001,2604.7001,False,0.5,"{""inversion_rho"":null,""inversion_channel"":27.5,""period_ms"":29.449939727783203}"
199907,1,2640.8999,2640.8999,False,0.375,"{""inversion_rho"":null,""inversion_channel"":12.5,""period_ms"":29.449939727783203}"
199907,1,1899.5,2044.3001,True,1.0,"{""inversion_rho"":null,""inversion_channel"":23.0,""period_ms"":25.900065898895264}"
199907,1,2080.6999,2262.8,True,1.0,"{""inversion_rho"":null,""inversion_channel"":21.75,""period_ms"":23.600101470947266}"
199907,1,2318.0001,2472.1,True,1.0,"{""inversion_rho"":null,""inversion_channel"":22.5,""period_ms"":22.549986839294434}"
199907,1,2478.4,2528.5001,True,1.0,"{""inversion_rho"":null,""inversion_channel"":26.0,""period_ms"":16.899824142456055}"
199907,1,2582.0,2640.8999,True,1.0,"{""inversion_rho"":null,""inversion_channel"":27.5,""period_ms"":29.449939727783203}"
199908,1,56.1,56.1,False,0.25,"{""inversion_rho"":null,""inversion_channel"":43.5,""period_ms"":null}"
199908,1,1880.9,1880.9,False,1.0,"{""inversion_rho"":null,""inversion_channel"":23.5,""period_ms"":26.04997158050537}"
199908,1,1908.0,1908.0,False,1.0,"{""inversion_rho"":null,""inversion_channel"":23.5,""period_ms"":26.04997158050537}"
199908,1,1933.0,1933.0,False,1.0,"{""inversion_rho"":null,""inversion_channel"":22.5,""period_ms"":26.04997158050537}"
199908,1,1950.5,1950.5,False,1.0,"{""inversion_rho"":null,""inversion_channel"":23.0,""period_ms"":26.04997158050537}"
199908,1,1983.6,1983.6,False,1.0,"{""inversion_rho"":null,""inversion_channel"":23.5,""period_ms"":26.04997158050537}"
199908,1,2012.1,2012.1,False,1.0,"{""inversion_rho"":null,""inversion_channel"":23.0,""period_ms"":26.04997158050537}"
199908,1,2042.1,2042.1,False,1.0,"{""inversion_rho"":null,""inversion_channel"":23.0,""period_ms"":26.04997158050537}"
199908,1,2069.9999,2069.9999,False,1.0,"{""inversion_rho"":null,""inversion_channel"":23.0,""period_ms"":26.04997158050537}"
199908,1,2092.5,2092.5,False,1.0,"{""inversion_rho"":null,""inversion_channel"":23.0,""period_ms"":26.04997158050537}"
199908,1,2113.1001,2113.1001,False,1.0,"{""inversion_rho"":null,""inversion_channel"":22.5,""period_ms"":26.04997158050537}"
199908,1,2123.6999,2123.6999,False,1.0,"{""inversion_rho"":null,""inversion_channel"":22.5,""period_ms"":26.04997158050537}"
199908,1,2153.1,2153.1,False,1.0,"{""inversion_rho"":null,""inversion_channel"":23.5,""period_ms"":20.69997787475586}"
199908,1,2173.8,2173.8,False,1.0,"{""inversion_rho"":null,""inversion_channel"":22.5,""period_ms"":20.69997787475586}"
199908,1,2192.5001,2192.5001,False,1.0,"{""inversion_rho"":null,""inversion_channel"":22.5,""period_ms"":20.69997787475586}"
199908,1,2213.9001,2213.9001,False,1.0,"{""inversion_rho"":null,""inversion_channel"":22.0,""period_ms"":20.69997787475586}"
199908,1,2281.8,2281.8,False,1.0,"{""inversion_rho"":null,""inversion_channel"":17.5,""period_ms"":null}"
199908,1,2300.1001,2300.1001,False,1.0,"{""inversion_rho"":null,""inversion_channel"":18.5,""period_ms"":null}"
199908,1,2384.8,2384.8,False,0.25,"{""inversion_rho"":null,""inversion_channel"":21.5,""period_ms"":21.54994010925293}"
199908,1,2413.5001,2413.5001,False,0.375,"{""inversion_rho"":null,""inversion_channel"":21.5,""period_ms"":21.54994010925293}"
199908,1,2434.9,2434.9,False,0.375,"{""inversion_rho"":null,""inversion_channel"":23.5,""period_ms"":21.54994010925293}"
199908,1,2456.6,2456.6,False,0.75,"{""inversion_rho"":null,""inversion_channel"":24.5,""period_ms"":21.54994010925293}"
199908,1,2474.9999,2474.9999,False,0.25,"{""inversion_rho"":null,""inversion_channel"":22.5,""period_ms"":21.54994010925293}"
199908,1,2494.4999,2494.4999,False,0.75,"{""inversion_rho"":null,""inversion_channel"":25.5,""period_ms"":21.54994010925293}"
199908,1,2543.1001,2543.1001,False,0.25,"{""inversion_rho"":null,""inversion_channel"":17.5,""period_ms"":21.54994010925293}"
199908,1,2794.1999,2794.1999,False,0.25,"{""inversion_rho"":null,""inversion_channel"":6.5,""period_ms"":14.600038528442383}"
199908,1,2809.2999,2809.2999,False,0.25,"{""inversion_rho"":null,""inversion_channel"":13.5,""period_ms"":14.600038528442383}"
199908,1,2822.7999,2822.7999,False,0.25,"{""inversion_rho"":null,""inversion_channel"":13.5,""period_ms"":14.600038528442383}"
199908,1,2836.9,2836.9,False,0.25,"{""inversion_rho"":null,""inversion_channel"":17.5,""period_ms"":14.600038528442383}"
199908,1,2859.9,2859.9,False,0.625,"{""inversion_rho"":null,""inversion_channel"":16.5,""period_ms"":14.600038528442383}"
199908,1,2867.1999,2867.1999,False,0.5,"{""inversion_rho"":null,""inversion_channel"":6.0,""period_ms"":null}"
199908,1,2876.1001,2876.1001,False,0.25,"{""inversion_rho"":null,""inversion_channel"":22.5,""period_ms"":null}"
199908,1,1880.9,2123.6999,True,1.0,"{""inversion_rho"":null,""inversion_channel"":23.0,""period_ms"":26.04997158050537}"
199908,1,2153.1,2213.9001,True,1.0,"{""inversion_rho"":null,""inversion_channel"":22.5,""period_ms"":20.69997787475586}"
199908,1,2384.8,2543.1001,True,1.0,"{""inversion_rho"":null,""inversion_channel"":22.5,""period_ms"":21.54994010925293}"
199908,1,2794.1999,2859.9,True,1.0,"{""inversion_rho"":null,""inversion_channel"":13.5,""period_ms"":14.600038528442383}"
199909,1,56.8,56.8,False,1.0,"{""inversion_rho"":null,""inversion_channel"":41.5,""period_ms"":8.999999612569809}"
199909,1,62.8,62.8,False,0.25,"{""inversion_rho"":null,""inversion_channel"":44.5,""period_ms"":8.999999612569809}"
199909,1,74.8,74.8,False,0.75,"{""inversion_rho"":null,""inversion_channel"":44.5,""period_ms"":8.999999612569809}"
199909,1,1211.5999,1211.5999,False,1.0,"{""inversion_rho"":null,""inversion_channel"":24.5,""period_ms"":null}"
199909,1,1774.3,1774.3,False,1.0,"{""inversion_rho"":null,""inversion_channel"":22.0,""period_ms"":58.20000171661377}"
199909,1,1836.7,1836.7,False,1.0,"{""inversion_rho"":null,""inversion_channel"":21.5,""period_ms"":58.20000171661377}"
199909,1,1894.9,1894.9,False,1.0,"{""inversion_rho"":null,""inversion_channel"":22.5,""period_ms"":58.20000171661377}"
199909,1,1952.8,1952.8,False,1.0,"{""inversion_rho"":null,""inversion_channel"":22.0,""period_ms"":58.20000171661377}"
199909,1,2012.9001,2012.9001,False,1.0,"{""inversion_rho"":null,""inversion_channel"":21.5,""period_ms"":58.20000171661377}"
199909,1,2076.1001,2076.1001,False,1.0,"{""inversion_rho"":null,""inversion_channel"":22.0,""period_ms"":58.20000171661377}"
199909,1,2136.2,2136.2,False,1.0,"{""inversion_rho"":null,""inversion_channel"":22.0,""period_ms"":58.20000171661377}"
199909,1,2196.1999,2196.1999,False,1.0,"{""inversion_rho"":null,""inversion_channel"":22.0,""period_ms"":58.20000171661377}"
199909,1,2258.8,2258.8,False,1.0,"{""inversion_rho"":null,""inversion_channel"":22.0,""period_ms"":58.20000171661377}"
199909,1,2316.9999,2316.9999,False,1.0,"{""inversion_rho"":null,""inversion_channel"":22.5,""period_ms"":58.20000171661377}"
199909,1,2374.2001,2374.2001,False,1.0,"{""inversion_rho"":null,""inversion_channel"":22.0,""period_ms"":58.20000171661377}"
199909,1,2431.2999,2431.2999,False,1.0,"{""inversion_rho"":null,""inversion_channel"":21.5,""period_ms"":58.20000171661377}"
199909,1,2490.4001,2490.4001,False,1.0,"{""inversion_rho"":null,""inversion_channel"":21.5,""period_ms"":58.20000171661377}"
199909,1,2548.1,2548.1,False,1.0,"{""inversion_rho"":null,""inversion_channel"":22.0,""period_ms"":58.20000171661377}"
199909,1,2603.8001,2603.8001,False,1.0,"{""inversion_rho"":null,""inversion_channel"":22.5,""period_ms"":58.20000171661377}"
199909,1,2663.8,2663.8,False,1.0,"{""inversion_rho"":null,""inversion_channel"":21.5,""period_ms"":58.20000171661377}"
199909,1,2722.6,2722.6,False,1.0,"{""inversion_rho"":null,""inversion_channel"":22.0,""period_ms"":58.20000171661377}"
199909,1,2781.4,2781.4,False,1.0,"{""inversion_rho"":null,""inversion_channel"":22.5,""period_ms"":58.20000171661377}"
199909,1,2840.1999,2840.1999,False,1.0,"{""inversion_rho"":null,""inversion_channel"":22.0,""period_ms"":58.20000171661377}"
199909,1,2898.9999,2898.9999,False,1.0,"{""inversion_rho"":null,""inversion_channel"":22.0,""period_ms"":58.20000171661377}"
199909,1,2955.6,2955.6,False,1.0,"{""inversion_rho"":null,""inversion_channel"":21.5,""period_ms"":58.20000171661377}"
199909,1,3012.5999,3012.5999,False,1.0,"{""inversion_rho"":null,""inversion_channel"":22.0,""period_ms"":58.20000171661377}"
199909,1,3073.2,3073.2,False,1.0,"{""inversion_rho"":null,""inversion_channel"":22.0,""period_ms"":58.20000171661377}"
199909,1,3131.4001,3131.4001,False,1.0,"{""inversion_rho"":null,""inversion_channel"":22.5,""period_ms"":58.20000171661377}"
199909,1,3190.1,3190.1,False,1.0,"{""inversion_rho"":null,""inversion_channel"":21.5,""period_ms"":58.20000171661377}"
199909,1,3253.0,3253.0,False,1.0,"{""inversion_rho"":null,""inversion_channel"":21.5,""period_ms"":58.20000171661377}"
199909,1,3312.2001,3312.2001,False,0.25,"{""inversion_rho"":null,""inversion_channel"":21.5,""period_ms"":58.20000171661377}"
199909,1,3372.8001,3372.8001,False,1.0,"{""inversion_rho"":null,""inversion_channel"":21.5,""period_ms"":58.20000171661377}"
199909,1,3431.9999,3431.9999,False,0.25,"{""inversion_rho"":null,""inversion_channel"":21.5,""period_ms"":58.20000171661377}"
199909,1,3490.4001,3490.4001,False,1.0,"{""inversion_rho"":null,""inversion_channel"":22.5,""period_ms"":58.20000171661377}"
199909,1,3548.3999,3548.3999,False,1.0,"{""inversion_rho"":null,""inversion_channel"":22.0,""period_ms"":58.20000171661377}"
199909,1,3605.9999,3605.9999,False,1.0,"{""inversion_rho"":null,""inversion_channel"":22.0,""period_ms"":58.20000171661377}"
199909,1,3666.8,3666.8,False,1.0,"{""inversion_rho"":null,""inversion_channel"":22.0,""period_ms"":58.20000171661377}"
199909,1,3723.7,3723.7,False,1.0,"{""inversion_rho"":null,""inversion_channel"":22.5,""period_ms"":58.20000171661377}"
199909,1,3778.8999,3778.8999,False,1.0,"{""inversion_rho"":null,""inversion_channel"":21.5,""period_ms"":58.20000171661377}"
199909,1,3837.6999,3837.6999,False,1.0,"{""inversion_rho"":null,""inversion_channel"":21.5,""period_ms"":58.20000171661377}"
199909,1,3896.1,3896.1,False,1.0,"{""inversion_rho"":null,""inversion_channel"":21.5,""period_ms"":58.20000171661377}"
199909,1,3950.7999,3950.7999,False,1.0,"{""inversion_rho"":null,""inversion_channel"":21.5,""period_ms"":58.20000171661377}"
199909,1,4010.3002,4010.3002,False,1.0,"{""inversion_rho"":null,""inversion_channel"":22.0,""period_ms"":58.20000171661377}"
199909,1,4072.4001,4072.4001,False,1.0,"{""inversion_rho"":null,""inversion_channel"":21.5,""period_ms"":58.20000171661377}"
199909,1,4132.5002,4132.5002,False,1.0,"{""inversion_rho"":null,""inversion_channel"":21.5,""period_ms"":58.20000171661377}"
199909,1,4190.0001,4190.0001,False,1.0,"{""inversion_rho"":null,""inversion_channel"":22.0,""period_ms"":58.20000171661377}"
199909,1,4249.4998,4249.4998,False,1.0,"{""inversion_rho"":null,""inversion_channel"":21.5,""period_ms"":58.20000171661377}"
199909,1,4308.4998,4308.4998,False,0.25,"{""inversion_rho"":null,""inversion_channel"":21.5,""period_ms"":58.20000171661377}"
199909,1,4369.0,4369.0,False,1.0,"{""inversion_rho"":null,""inversion_channel"":22.0,""period_ms"":58.20000171661377}"
199909,1,4425.7998,4425.7998,False,1.0,"{""inversion_rho"":null,""inversion_channel"":20.5,""period_ms"":58.20000171661377}"
199909,1,4483.3002,4483.3002,False,1.0,"{""inversion_rho"":null,""inversion_channel"":21.5,""period_ms"":58.20000171661377}"
199909,1,4536.3998,4536.3998,False,1.0,"{""inversion_rho"":null,""inversion_channel"":21.5,""period_ms"":58.20000171661377}"
199909,1,4593.2999,4593.2999,False,1.0,"{""inversion_rho"":null,""inversion_channel"":21.5,""period_ms"":58.20000171661377}"
199909,1,4655.3998,4655.3998,False,1.0,"{""inversion_rho"":null,""inversion_channel"":21.5,""period_ms"":58.20000171661377}"
199909,1,4712.2998,4712.2998,False,1.0,"{""inversion_rho"":null,""inversion_channel"":22.0,""period_ms"":58.20000171661377}"
199909,1,4769.7001,4769.7001,False,1.0,"{""inversion_rho"":null,""inversion_channel"":22.0,""period_ms"":58.20000171661377}"
199909,1,4828.4001,4828.4001,False,1.0,"{""inversion_rho"":null,""inversion_channel"":22.0,""period_ms"":58.20000171661377}"
199909,1,4888.5999,4888.5999,False,1.0,"{""inversion_rho"":null,""inversion_channel"":21.5,""period_ms"":58.20000171661377}"
199909,1,4946.1002,4946.1002,False,1.0,"{""inversion_rho"":null,""inversion_channel"":22.0,""period_ms"":58.20000171661377}"
199909,1,5004.3998,5004.3998,False,1.0,"{""inversion_rho"":null,""inversion_channel"":22.0,""period_ms"":58.20000171661377}"
199909,1,5058.8999,5058.8999,False,1.0,"{""inversion_rho"":null,""inversion_channel"":22.5,""period_ms"":58.20000171661377}"
199909,1,5104.8999,5104.8999,False,1.0,"{""inversion_rho"":null,""inversion_channel"":23.0,""period_ms"":58.20000171661377}"
199909,1,5145.1998,5145.1998,False,0.375,"{""inversion_rho"":null,""inversion_channel"":21.5,""period_ms"":58.20000171661377}"
199909,1,5183.3,5183.3,False,1.0,"{""inversion_rho"":null,""inversion_channel"":22.5,""period_ms"":58.20000171661377}"
199909,1,5223.5999,5223.5999,False,1.0,"{""inversion_rho"":null,""inversion_channel"":21.0,""period_ms"":58.20000171661377}"
199909,1,5263.5999,5263.5999,False,1.0,"{""inversion_rho"":null,""inversion_channel"":22.5,""period_ms"":58.20000171661377}"
199909,1,5305.2001,5305.2001,False,1.0,"{""inversion_rho"":null,""inversion_channel"":22.5,""period_ms"":58.20000171661377}"
199909,1,5341.0001,5341.0001,False,0.375,"{""inversion_rho"":null,""inversion_channel"":22.5,""period_ms"":58.20000171661377}"
199909,1,5375.8998,5375.8998,False,1.0,"{""inversion_rho"":null,""inversion_channel"":23.0,""period_ms"":58.20000171661377}"
199909,1,5415.2002,5415.2002,False,1.0,"{""inversion_rho"":null,""inversion_channel"":22.5,""period_ms"":58.20000171661377}"
199909,1,5458.7002,5458.7002,False,1.0,"{""inversion_rho"":null,""inversion_channel"":22.5,""period_ms"":58.20000171661377}"
199909,1,5495.6999,5495.6999,False,1.0,"{""inversion_rho"":null,""inversion_channel"":22.5,""period_ms"":58.20000171661377}"
199909,1,5503.3998,5503.3998,False,1.0,"{""inversion_rho"":null,""inversion_channel"":21.5,""period_ms"":35.99977493286133}"
199909,1,5536.9,5536.9,False,1.0,"{""inversion_rho"":null,""inversion_channel"":23.0,""period_ms"":35.99977493286133}"
199909,1,5574.5001,5574.5001,False,1.0,"{""inversion_rho"":null,""inversion_channel"":22.0,""period_ms"":35.99977493286133}"
199909,1,5609.6001,5609.6001,False,0.375,"{""inversion_rho"":null,""inversion_channel"":21.5,""period_ms"":35.99977493286133}"
199909,1,5651.4001,5651.4001,False,1.0,"{""inversion_rho"":null,""inversion_channel"":22.5,""period_ms"":35.99977493286133}"
199909,1,5688.3998,5688.3998,False,1.0,"{""inversion_rho"":null,""inversion_channel"":22.5,""period_ms"":35.99977493286133}"
199909,1,5723.5999,5723.5999,False,1.0,"{""inversion_rho"":null,""inversion_channel"":23.5,""period_ms"":35.99977493286133}"
199909,1,5760.7002,5760.7002,False,1.0,"{""inversion_rho"":null,""inversion_channel"":22.5,""period_ms"":35.99977493286133}"
199909,1,5798.9001,5798.9001,False,1.0,"{""inversion_rho"":null,""inversion_channel"":21.5,""period_ms"":35.99977493286133}"
199909,1,5831.9998,5831.9998,False,0.875,"{""inversion_rho"":null,""inversion_channel"":23.0,""period_ms"":35.99977493286133}"
199909,1,5869.9002,5869.9002,False,1.0,"{""inversion_rho"":null,""inversion_channel"":22.5,""period_ms"":35.99977493286133}"
199909,1,5905.9,5905.9,False,1.0,"{""inversion_rho"":null,""inversion_channel"":22.5,""period_ms"":35.99977493286133}"
199909,1,5940.3,5940.3,False,0.75,"{""inversion_rho"":null,""inversion_channel"":22.0,""period_ms"":35.99977493286133}"
199909,1,5976.2998,5976.2998,False,1.0,"{""inversion_rho"":null,""inversion_channel"":22.5,""period_ms"":35.99977493286133}"
199909,1,6012.7001,6012.7001,False,1.0,"{""inversion_rho"":null,""inversion_channel"":22.5,""period_ms"":35.99977493286133}"
199909,1,6045.7001,6045.7001,False,0.75,"{""inversion_rho"":null,""inversion_channel"":22.5,""period_ms"":35.99977493286133}"
199909,1,6075.7999,6075.7999,False,1.0,"{""inversion_rho"":null,""inversion_channel"":22.5,""period_ms"":35.99977493286133}"
199909,1,6107.9001,6107.9001,False,1.0,"{""inversion_rho"":null,""inversion_channel"":23.0,""period_ms"":35.99977493286133}"
199909,1,56.8,74.8,True,1.0,"{""inversion_rho"":null,""inversion_channel"":44.5,""period_ms"":8.999999612569809}"
199909,1,1774.3,5495.6999,True,1.0,"{""inversion_rho"":null,""inversion_channel"":22.0,""period_ms"":58.20000171661377}"
199909,1,5503.3998,6107.9001,True,1.0,"{""inversion_rho"":null,""inversion_channel"":22.5,""period_ms"":35.99977493286133}"
199910,1,57.3,57.3,False,0.5,"{""inversion_rho"":null,""inversion_channel"":41.5,""period_ms"":11.749997735023499}"
199910,1,64.6,64.6,False,0.375,"{""inversion_rho"":null,""inversion_channel"":41.5,""period_ms"":11.749997735023499}"
199910,1,80.8,80.8,False,0.25,"{""inversion_rho"":null,""inversion_channel"":7.5,""period_ms"":11.749997735023499}"
199910,1,2009.5,2009.5,False,1.0,"{""inversion_rho"":null,""inversion_channel"":22.0,""period_ms"":78.29999923706055}"
199910,1,2067.5001,2067.5001,False,1.0,"{""inversion_rho"":null,""inversion_channel"":22.0,""period_ms"":78.29999923706055}"
199910,1,2179.8999,2179.8999,False,1.0,"{""inversion_rho"":null,""inversion_channel"":22.0,""period_ms"":78.29999923706055}"
199910,1,2266.0999,2266.0999,False,1.0,"{""inversion_rho"":null,""inversion_channel"":18.5,""period_ms"":78.29999923706055}"
199910,1,2346.2999,2346.2999,False,1.0,"{""inversion_rho"":null,""inversion_channel"":19.5,""period_ms"":78.29999923706055}"
199910,1,2430.3,2430.3,False,1.0,"{""inversion_rho"":null,""inversion_channel"":20.5,""period_ms"":78.29999923706055}"
199910,1,2510.2,2510.2,False,1.0,"{""inversion_rho"":null,""inversion_channel"":19.0,""period_ms"":78.29999923706055}"
199910,1,2587.3001,2587.3001,False,1.0,"{""inversion_rho"":null,""inversion_channel"":19.5,""period_ms"":78.29999923706055}"
199910,1,2666.5001,2666.5001,False,1.0,"{""inversion_rho"":null,""inversion_channel"":19.5,""period_ms"":78.29999923706055}"
199910,1,2742.3999,2742.3999,False,1.0,"{""inversion_rho"":null,""inversion_channel"":19.5,""period_ms"":78.29999923706055}"
199910,1,2828.9001,2828.9001,False,1.0,"{""inversion_rho"":null,""inversion_channel"":18.5,""period_ms"":78.29999923706055}"
199910,1,2916.1999,2916.1999,False,1.0,"{""inversion_rho"":null,""inversion_channel"":18.5,""period_ms"":78.29999923706055}"
199910,1,2993.5,2993.5,False,1.0,"{""inversion_rho"":null,""inversion_channel"":17.5,""period_ms"":78.29999923706055}"
199910,1,3079.2999,3079.2999,False,1.0,"{""inversion_rho"":null,""inversion_channel"":18.5,""period_ms"":78.29999923706055}"
199910,1,3159.3001,3159.3001,False,1.0,"{""inversion_rho"":null,""inversion_channel"":18.5,""period_ms"":78.29999923706055}"
199910,1,3231.6999,3231.6999,False,1.0,"{""inversion_rho"":null,""inversion_channel"":16.5,""period_ms"":78.29999923706055}"
199910,1,3323.9,3323.9,False,1.0,"{""inversion_rho"":null,""inversion_channel"":19.5,""period_ms"":78.29999923706055}"
199910,1,3408.0999,3408.0999,False,1.0,"{""inversion_rho"":null,""inversion_channel"":19.5,""period_ms"":78.29999923706055}"
199910,1,3487.9,3487.9,False,1.0,"{""inversion_rho"":null,""inversion_channel"":19.0,""period_ms"":78.29999923706055}"
199910,1,3564.8999,3564.8999,False,1.0,"{""inversion_rho"":null,""inversion_channel"":19.5,""period_ms"":78.29999923706055}"
199910,1,3640.3,3640.3,False,1.0,"{""inversion_rho"":null,""inversion_channel"":18.5,""period_ms"":78.29999923706055}"
199910,1,3720.2001,3720.2001,False,1.0,"{""inversion_rho"":null,""inversion_channel"":19.5,""period_ms"":78.29999923706055}"
199910,1,3800.0,3800.0,False,1.0,"{""inversion_rho"":null,""inversion_channel"":18.5,""period_ms"":78.29999923706055}"
199910,1,3896.1999,3896.1999,False,1.0,"{""inversion_rho"":null,""inversion_channel"":17.0,""period_ms"":78.29999923706055}"
199910,1,3988.5001,3988.5001,False,1.0,"{""inversion_rho"":null,""inversion_channel"":18.0,""period_ms"":78.29999923706055}"
199910,1,4069.3998,4069.3998,False,1.0,"{""inversion_rho"":null,""inversion_channel"":18.5,""period_ms"":78.29999923706055}"
199910,1,4140.9998,4140.9998,False,1.0,"{""inversion_rho"":null,""inversion_channel"":18.5,""period_ms"":78.29999923706055}"
199910,1,4216.5999,4216.5999,False,1.0,"{""inversion_rho"":null,""inversion_channel"":19.5,""period_ms"":78.29999923706055}"
199910,1,4293.9,4293.9,False,1.0,"{""inversion_rho"":null,""inversion_channel"":19.5,""period_ms"":78.29999923706055}"
199910,1,4374.1999,4374.1999,False,0.25,"{""inversion_rho"":null,""inversion_channel"":23.5,""period_ms"":78.29999923706055}"
199910,1,4460.7,4460.7,False,1.0,"{""inversion_rho"":null,""inversion_channel"":19.0,""period_ms"":78.29999923706055}"
199910,1,4539.5002,4539.5002,False,1.0,"{""inversion_rho"":null,""inversion_channel"":18.5,""period_ms"":78.29999923706055}"
199910,1,4610.6,4610.6,False,1.0,"{""inversion_rho"":null,""inversion_channel"":19.5,""period_ms"":78.29999923706055}"
199910,1,4688.3998,4688.3998,False,1.0,"{""inversion_rho"":null,""inversion_channel"":20.5,""period_ms"":78.29999923706055}"
199910,1,4768.7001,4768.7001,False,1.0,"{""inversion_rho"":null,""inversion_channel"":19.0,""period_ms"":78.29999923706055}"
199910,1,4852.7999,4852.7999,False,1.0,"{""inversion_rho"":null,""inversion_channel"":20.0,""period_ms"":78.29999923706055}"
199910,1,4931.0999,4931.0999,False,1.0,"{""inversion_rho"":null,""inversion_channel"":20.5,""period_ms"":78.29999923706055}"
199910,1,5026.3,5026.3,False,1.0,"{""inversion_rho"":null,""inversion_channel"":20.0,""period_ms"":78.29999923706055}"
199910,1,5123.1999,5123.1999,False,1.0,"{""inversion_rho"":null,""inversion_channel"":19.5,""period_ms"":78.29999923706055}"
199910,1,5209.7998,5209.7998,False,1.0,"{""inversion_rho"":null,""inversion_channel"":18.5,""period_ms"":78.29999923706055}"
199910,1,5289.1998,5289.1998,False,1.0,"{""inversion_rho"":null,""inversion_channel"":18.5,""period_ms"":78.29999923706055}"
199910,1,5366.3998,5366.3998,False,1.0,"{""inversion_rho"":null,""inversion_channel"":18.5,""period_ms"":78.29999923706055}"
199910,1,5451.2,5451.2,False,1.0,"{""inversion_rho"":null,""inversion_channel"":18.5,""period_ms"":78.29999923706055}"
199910,1,5535.2001,5535.2001,False,1.0,"{""inversion_rho"":null,""inversion_channel"":19.5,""period_ms"":78.29999923706055}"
199910,1,5614.9998,5614.9998,False,1.0,"{""inversion_rho"":null,""inversion_channel"":21.5,""period_ms"":78.29999923706055}"
199910,1,5679.4,5679.4,False,1.0,"{""inversion_rho"":null,""inversion_channel"":22.5,""period_ms"":78.29999923706055}"
199910,1,5718.4,5718.4,False,1.0,"{""inversion_rho"":null,""inversion_channel"":22.5,""period_ms"":78.29999923706055}"
199910,1,5750.9999,5750.9999,False,1.0,"{""inversion_rho"":null,""inversion_channel"":22.5,""period_ms"":78.29999923706055}"
199910,1,5782.5999,5782.5999,False,1.0,"{""inversion_rho"":null,""inversion_channel"":22.5,""period_ms"":78.29999923706055}"
199910,1,5813.3998,5813.3998,False,1.0,"{""inversion_rho"":null,""inversion_channel"":22.5,""period_ms"":78.29999923706055}"
199910,1,5840.8999,5840.8999,False,1.0,"{""inversion_rho"":null,""inversion_channel"":22.5,""period_ms"":78.29999923706055}"
199910,1,5865.3002,5865.3002,False,0.875,"{""inversion_rho"":null,""inversion_channel"":23.0,""period_ms"":78.29999923706055}"
199910,1,5893.1999,5893.1999,False,1.0,"{""inversion_rho"":null,""inversion_channel"":22.5,""period_ms"":78.29999923706055}"
199910,1,5918.7999,5918.7999,False,1.0,"{""inversion_rho"":null,""inversion_channel"":22.0,""period_ms"":78.29999923706055}"
199910,1,5944.5,5944.5,False,1.0,"{""inversion_rho"":null,""inversion_channel"":22.5,""period_ms"":78.29999923706055}"
199910,1,5970.7999,5970.7999,False,0.5,"{""inversion_rho"":null,""inversion_channel"":23.5,""period_ms"":78.29999923706055}"
199910,1,6000.8998,6000.8998,False,1.0,"{""inversion_rho"":null,""inversion_channel"":22.5,""period_ms"":78.29999923706055}"
199910,1,6033.9999,6033.9999,False,1.0,"{""inversion_rho"":null,""inversion_channel"":22.5,""period_ms"":78.29999923706055}"
199910,1,6060.1001,6060.1001,False,1.0,"{""inversion_rho"":null,""inversion_channel"":23.0,""period_ms"":78.29999923706055}"
199910,1,6079.1001,6079.1001,False,0.625,"{""inversion_rho"":null,""inversion_channel"":23.0,""period_ms"":78.29999923706055}"
199910,1,6101.8,6101.8,False,1.0,"{""inversion_rho"":null,""inversion_channel"":23.0,""period_ms"":78.29999923706055}"
199910,1,6122.7999,6122.7999,False,1.0,"{""inversion_rho"":null,""inversion_channel"":23.0,""period_ms"":78.29999923706055}"
199910,1,57.3,80.8,True,1.0,"{""inversion_rho"":null,""inversion_channel"":41.5,""period_ms"":11.749997735023499}"
199910,1,2009.5,6122.7999,True,1.0,"{""inversion_rho"":null,""inversion_channel"":19.5,""period_ms"":78.29999923706055}"
199911,1,145.1,145.1,False,1.0,"{""inversion_rho"":null,""inversion_channel"":43.5,""period_ms"":null}"
199911,1,1868.0,1868.0,False,1.0,"{""inversion_rho"":null,""inversion_channel"":22.0,""period_ms"":78.59992980957031}"
199911,1,1922.7999,1922.7999,False,1.0,"{""inversion_rho"":null,""inversion_channel"":22.5,""period_ms"":78.59992980957031}"
199911,1,1978.9,1978.9,False,1.0,"{""inversion_rho"":null,""inversion_channel"":22.0,""period_ms"":78.59992980957031}"
199911,1,2035.5999,2035.5999,False,1.0,"{""inversion_rho"":null,""inversion_channel"":22.5,""period_ms"":78.59992980957031}"
199911,1,2092.7999,2092.7999,False,1.0,"{""inversion_rho"":null,""inversion_channel"":22.5,""period_ms"":78.59992980957031}"
199911,1,2147.3999,2147.3999,False,1.0,"{""inversion_rho"":null,""inversion_channel"":22.0,""period_ms"":78.59992980957031}"
199911,1,2226.0001,2226.0001,False,1.0,"{""inversion_rho"":null,""inversion_channel"":19.0,""period_ms"":78.59992980957031}"
199911,1,2317.3001,2317.3001,False,1.0,"{""inversion_rho"":null,""inversion_channel"":18.5,""period_ms"":78.59992980957031}"
199911,1,2399.3001,2399.3001,False,1.0,"{""inversion_rho"":null,""inversion_channel"":19.5,""period_ms"":78.59992980957031}"
199911,1,2480.7,2480.7,False,1.0,"{""inversion_rho"":null,""inversion_channel"":19.5,""period_ms"":78.59992980957031}"
199911,1,2557.3001,2557.3001,False,1.0,"{""inversion_rho"":null,""inversion_channel"":19.0,""period_ms"":78.59992980957031}"
199911,1,2635.2,2635.2,False,1.0,"{""inversion_rho"":null,""inversion_channel"":19.5,""period_ms"":78.59992980957031}"
199911,1,2717.0999,2717.0999,False,1.0,"{""inversion_rho"":null,""inversion_channel"":18.5,""period_ms"":78.59992980957031}"
199911,1,2801.0001,2801.0001,False,1.0,"{""inversion_rho"":null,""inversion_channel"":18.5,""period_ms"":78.59992980957031}"
199911,1,2898.2999,2898.2999,False,1.0,"{""inversion_rho"":null,""inversion_channel"":18.5,""period_ms"":78.59992980957031}"
199911,1,2988.6,2988.6,False,1.0,"{""inversion_rho"":null,""inversion_channel"":17.5,""period_ms"":78.59992980957031}"
199911,1,3074.6,3074.6,False,1.0,"{""inversion_rho"":null,""inversion_channel"":19.5,""period_ms"":78.59992980957031}"
199911,1,3158.7,3158.7,False,1.0,"{""inversion_rho"":null,""inversion_channel"":17.5,""period_ms"":78.59992980957031}"
199911,1,3239.1,3239.1,False,1.0,"{""inversion_rho"":null,""inversion_channel"":17.5,""period_ms"":78.59992980957031}"
199911,1,3319.0,3319.0,False,1.0,"{""inversion_rho"":null,""inversion_channel"":18.5,""period_ms"":78.59992980957031}"
199911,1,3402.1001,3402.1001,False,1.0,"{""inversion_rho"":null,""inversion_channel"":20.0,""period_ms"":78.59992980957031}"
199911,1,3490.4001,3490.4001,False,1.0,"{""inversion_rho"":null,""inversion_channel"":17.5,""period_ms"":78.59992980957031}"
199911,1,3577.6,3577.6,False,1.0,"{""inversion_rho"":null,""inversion_channel"":18.5,""period_ms"":78.59992980957031}"
199911,1,3656.3001,3656.3001,False,1.0,"{""inversion_rho"":null,""inversion_channel"":20.5,""period_ms"":78.59992980957031}"
199911,1,3729.1,3729.1,False,1.0,"{""inversion_rho"":null,""inversion_channel"":18.5,""period_ms"":78.59992980957031}"
199911,1,3819.2,3819.2,False,1.0,"{""inversion_rho"":null,""inversion_channel"":18.5,""period_ms"":78.59992980957031}"
199911,1,3895.6001,3895.6001,False,1.0,"{""inversion_rho"":null,""inversion_channel"":19.0,""period_ms"":78.59992980957031}"
199911,1,3980.5,3980.5,False,1.0,"{""inversion_rho"":null,""inversion_channel"":17.5,""period_ms"":78.59992980957031}"
199911,1,4061.6999,4061.6999,False,1.0,"{""inversion_rho"":null,""inversion_channel"":19.5,""period_ms"":78.59992980957031}"
199911,1,4140.2998,4140.2998,False,1.0,"{""inversion_rho"":null,""inversion_channel"":18.5,""period_ms"":78.59992980957031}"
199911,1,4217.1998,4217.1998,False,1.0,"{""inversion_rho"":null,""inversion_channel"":18.5,""period_ms"":78.59992980957031}"
199911,1,4295.1002,4295.1002,False,1.0,"{""inversion_rho"":null,""inversion_channel"":18.5,""period_ms"":78.59992980957031}"
199911,1,4376.2002,4376.2002,False,1.0,"{""inversion_rho"":null,""inversion_channel"":19.5,""period_ms"":78.59992980957031}"
199911,1,4457.5,4457.5,False,1.0,"{""inversion_rho"":null,""inversion_channel"":19.0,""period_ms"":78.59992980957031}"
199911,1,4533.8998,4533.8998,False,1.0,"{""inversion_rho"":null,""inversion_channel"":19.5,""period_ms"":78.59992980957031}"
199911,1,4611.5999,4611.5999,False,1.0,"{""inversion_rho"":null,""inversion_channel"":19.0,""period_ms"":78.59992980957031}"
199911,1,4690.8998,4690.8998,False,1.0,"{""inversion_rho"":null,""inversion_channel"":19.5,""period_ms"":78.59992980957031}"
199911,1,4769.4998,4769.4998,False,1.0,"{""inversion_rho"":null,""inversion_channel"":20.5,""period_ms"":78.59992980957031}"
199911,1,4856.9999,4856.9999,False,1.0,"{""inversion_rho"":null,""inversion_channel"":18.5,""period_ms"":78.59992980957031}"
199911,1,4935.8001,4935.8001,False,1.0,"{""inversion_rho"":null,""inversion_channel"":18.0,""period_ms"":78.59992980957031}"
199911,1,5025.1002,5025.1002,False,1.0,"{""inversion_rho"":null,""inversion_channel"":18.5,""period_ms"":78.59992980957031}"
199911,1,5110.8999,5110.8999,False,1.0,"{""inversion_rho"":null,""inversion_channel"":20.5,""period_ms"":78.59992980957031}"
199911,1,5190.1999,5190.1999,False,1.0,"{""inversion_rho"":null,""inversion_channel"":20.5,""period_ms"":78.59992980957031}"
199911,1,5274.6,5274.6,False,1.0,"{""inversion_rho"":null,""inversion_channel"":19.5,""period_ms"":78.59992980957031}"
199911,1,5356.6999,5356.6999,False,1.0,"{""inversion_rho"":null,""inversion_channel"":18.5,""period_ms"":78.59992980957031}"
199911,1,5436.3999,5436.3999,False,1.0,"{""inversion_rho"":null,""inversion_channel"":18.5,""period_ms"":78.59992980957031}"
199911,1,5518.4999,5518.4999,False,1.0,"{""inversion_rho"":null,""inversion_channel"":19.0,""period_ms"":78.59992980957031}"
199911,1,5588.2001,5588.2001,False,1.0,"{""inversion_rho"":null,""inversion_channel"":21.5,""period_ms"":78.59992980957031}"
199911,1,5630.6,5630.6,False,1.0,"{""inversion_rho"":null,""inversion_channel"":19.0,""period_ms"":78.59992980957031}"
199911,1,5660.9998,5660.9998,False,1.0,"{""inversion_rho"":null,""inversion_channel"":21.5,""period_ms"":78.59992980957031}"
199911,1,5690.0001,5690.0001,False,0.25,"{""inversion_rho"":null,""inversion_channel"":15.5,""period_ms"":78.59992980957031}"
199911,1,5705.5998,5705.5998,False,1.0,"{""inversion_rho"":null,""inversion_channel"":19.5,""period_ms"":78.59992980957031}"
199911,1,5723.1002,5723.1002,False,1.0,"{""inversion_rho"":null,""inversion_channel"":17.5,""period_ms"":78.59992980957031}"
199911,1,5761.8999,5761.8999,False,0.625,"{""inversion_rho"":null,""inversion_channel"":18.5,""period_ms"":78.59992980957031}"
199911,1,5783.8001,5783.8001,False,1.0,"{""inversion_rho"":null,""inversion_channel"":22.5,""period_ms"":78.59992980957031}"
199911,1,5804.9998,5804.9998,False,1.0,"{""inversion_rho"":null,""inversion_channel"":23.5,""period_ms"":78.59992980957031}"
199911,1,5829.1998,5829.1998,False,1.0,"{""inversion_rho"":null,""inversion_channel"":23.5,""period_ms"":78.59992980957031}"
199911,1,5847.1999,5847.1999,False,0.875,"{""inversion_rho"":null,""inversion_channel"":23.5,""period_ms"":78.59992980957031}"
199911,1,5866.0002,5866.0002,False,1.0,"{""inversion_rho"":null,""inversion_channel"":22.5,""period_ms"":78.59992980957031}"
199911,1,5899.4999,5899.4999,False,0.875,"{""inversion_rho"":null,""inversion_channel"":22.5,""period_ms"":78.59992980957031}"
199911,1,5915.8001,5915.8001,False,0.875,"{""inversion_rho"":null,""inversion_channel"":15.5,""period_ms"":78.59992980957031}"
199911,1,5938.7999,5938.7999,False,1.0,"{""inversion_rho"":null,""inversion_channel"":22.5,""period_ms"":78.59992980957031}"
199911,1,5956.5001,5956.5001,False,0.25,"{""inversion_rho"":null,""inversion_channel"":21.5,""period_ms"":78.59992980957031}"
199911,1,5972.6,5972.6,False,0.5,"{""inversion_rho"":null,""inversion_channel"":21.5,""period_ms"":78.59992980957031}"
199911,1,5991.4999,5991.4999,False,1.0,"{""inversion_rho"":null,""inversion_channel"":16.5,""period_ms"":78.59992980957031}"
199911,1,6024.7002,6024.7002,False,1.0,"{""inversion_rho"":null,""inversion_channel"":20.5,""period_ms"":78.59992980957031}"
199911,1,1868.0,6024.7002,True,1.0,"{""inversion_rho"":null,""inversion_channel"":19.25,""period_ms"":78.59992980957031}"
199912,1,66.0,66.0,False,0.75,"{""inversion_rho"":null,""inversion_channel"":37.0,""period_ms"":null}"
199912,1,97.4,97.4,False,0.25,"{""inversion_rho"":null,""inversion_channel"":7.5,""period_ms"":null}"
199912,1,1841.5999,1841.5999,False,0.375,"{""inversion_rho"":null,""inversion_channel"":22.5,""period_ms"":80.00004291534424}"
199912,1,1900.5001,1900.5001,False,1.0,"{""inversion_rho"":null,""inversion_channel"":22.5,""period_ms"":80.00004291534424}"
199912,1,1959.7,1959.7,False,1.0,"{""inversion_rho"":null,""inversion_channel"":22.5,""period_ms"":80.00004291534424}"
199912,1,2017.8001,2017.8001,False,1.0,"{""inversion_rho"":null,""inversion_channel"":22.0,""period_ms"":80.00004291534424}"
199912,1,2076.1001,2076.1001,False,1.0,"{""inversion_rho"":null,""inversion_channel"":21.5,""period_ms"":80.00004291534424}"
199912,1,2130.1999,2130.1999,False,1.0,"{""inversion_rho"":null,""inversion_channel"":22.5,""period_ms"":80.00004291534424}"
199912,1,2183.7001,2183.7001,False,1.0,"{""inversion_rho"":null,""inversion_channel"":22.5,""period_ms"":80.00004291534424}"
199912,1,2240.2999,2240.2999,False,1.0,"{""inversion_rho"":null,""inversion_channel"":20.0,""period_ms"":80.00004291534424}"
199912,1,2318.8,2318.8,False,1.0,"{""inversion_rho"":null,""inversion_channel"":20.0,""period_ms"":80.00004291534424}"
199912,1,2410.5999,2410.5999,False,1.0,"{""inversion_rho"":null,""inversion_channel"":19.0,""period_ms"":80.00004291534424}"
199912,1,2502.1999,2502.1999,False,1.0,"{""inversion_rho"":null,""inversion_channel"":18.5,""period_ms"":80.00004291534424}"
199912,1,2590.3001,2590.3001,False,1.0,"{""inversion_rho"":null,""inversion_channel"":20.0,""period_ms"":80.00004291534424}"
199912,1,2679.1,2679.1,False,1.0,"{""inversion_rho"":null,""inversion_channel"":16.5,""period_ms"":80.00004291534424}"
199912,1,2760.6001,2760.6001,False,1.0,"{""inversion_rho"":null,""inversion_channel"":15.5,""period_ms"":80.00004291534424}"
199912,1,2849.7,2849.7,False,1.0,"{""inversion_rho"":null,""inversion_channel"":14.5,""period_ms"":80.00004291534424}"
199912,1,2933.7001,2933.7001,False,1.0,"{""inversion_rho"":null,""inversion_channel"":14.5,""period_ms"":80.00004291534424}"
199912,1,3016.7999,3016.7999,False,1.0,"{""inversion_rho"":null,""inversion_channel"":14.5,""period_ms"":80.00004291534424}"
199912,1,3350.1999,3350.1999,False,1.0,"{""inversion_rho"":null,""inversion_channel"":14.0,""period_ms"":null}"
199912,1,3522.5,3522.5,False,1.0,"{""inversion_rho"":null,""inversion_channel"":13.5,""period_ms"":null}"
199912,1,3950.9001,3950.9001,False,0.875,"{""inversion_rho"":null,""inversion_channel"":13.5,""period_ms"":null}"
199912,1,4289.8002,4289.8002,False,1.0,"{""inversion_rho"":null,""inversion_channel"":10.5,""period_ms"":91.09973907470703}"
199912,1,4375.5999,4375.5999,False,1.0,"{""inversion_rho"":null,""inversion_channel"":12.5,""period_ms"":91.09973907470703}"
199912,1,4548.6002,4548.6002,False,1.0,"{""inversion_rho"":null,""inversion_channel"":13.5,""period_ms"":91.09973907470703}"
199912,1,4737.8001,4737.8001,False,1.0,"{""inversion_rho"":null,""inversion_channel"":14.5,""period_ms"":91.09973907470703}"
199912,1,4828.8999,4828.8999,False,1.0,"{""inversion_rho"":null,""inversion_channel"":13.5,""period_ms"":91.09973907470703}"
199912,1,4916.9998,4916.9998,False,1.0,"{""inversion_rho"":null,""inversion_channel"":13.5,""period_ms"":91.09973907470703}"
199912,1,5168.0002,5168.0002,False,1.0,"{""inversion_rho"":null,""inversion_channel"":14.5,""period_ms"":170.09997367858887}"
199912,1,5334.4002,5334.4002,False,1.0,"{""inversion_rho"":null,""inversion_channel"":13.5,""period_ms"":170.09997367858887}"
199912,1,5508.2002,5508.2002,False,1.0,"{""inversion_rho"":null,""inversion_channel"":13.5,""period_ms"":170.09997367858887}"
199912,1,5596.9,5596.9,False,1.0,"{""inversion_rho"":null,""inversion_channel"":34.5,""period_ms"":170.09997367858887}"
199912,1,5788.7001,5788.7001,False,1.0,"{""inversion_rho"":null,""inversion_channel"":22.5,""period_ms"":170.09997367858887}"
199912,1,5813.7002,5813.7002,False,1.0,"{""inversion_rho"":null,""inversion_channel"":21.5,""period_ms"":28.30028533935547}"
199912,1,5848.1998,5848.1998,False,1.0,"{""inversion_rho"":null,""inversion_channel"":25.5,""period_ms"":28.30028533935547}"
199912,1,5876.5001,5876.5001,False,0.875,"{""inversion_rho"":null,""inversion_channel"":20.5,""period_ms"":28.30028533935547}"
199912,1,5907.5999,5907.5999,False,1.0,"{""inversion_rho"":null,""inversion_channel"":23.5,""period_ms"":28.30028533935547}"
199912,1,5935.2002,5935.2002,False,1.0,"{""inversion_rho"":null,""inversion_channel"":22.5,""period_ms"":28.30028533935547}"
199912,1,5960.1998,5960.1998,False,0.625,"{""inversion_rho"":null,""inversion_channel"":19.5,""period_ms"":28.30028533935547}"
199912,1,6039.7,6039.7,False,1.0,"{""inversion_rho"":null,""inversion_channel"":21.5,""period_ms"":null}"
199912,1,6072.5999,6072.5999,False,1.0,"{""inversion_rho"":null,""inversion_channel"":17.5,""period_ms"":null}"
199912,1,1841.5999,3016.7999,True,1.0,"{""inversion_rho"":null,""inversion_channel"":20.0,""period_ms"":80.00004291534424}"
199912,1,4289.8002,4916.9998,True,1.0,"{""inversion_rho"":null,""inversion_channel"":13.5,""period_ms"":91.09973907470703}"
199912,1,5168.0002,5788.7001,True,1.0,"{""inversion_rho"":null,""inversion_channel"":14.5,""period_ms"":170.09997367858887}"
199912,1,5813.7002,5960.1998,True,1.0,"{""inversion_rho"":null,""inversion_channel"":22.0,""period_ms"":28.30028533935547}"
199919,1,1142.7,1142.7,False,1.0,"{""inversion_rho"":null,""inversion_channel"":24.5,""period_ms"":58.099985122680664}"
199919,1,1189.2999,1189.2999,False,1.0,"{""inversion_rho"":null,""inversion_channel"":24.5,""period_ms"":58.099985122680664}"
199919,1,1232.6,1232.6,False,1.0,"{""inversion_rho"":null,""inversion_channel"":23.5,""period_ms"":58.099985122680664}"
199919,1,1278.8,1278.8,False,1.0,"{""inversion_rho"":null,""inversion_channel"":23.5,""period_ms"":58.099985122680664}"
199919,1,1327.8,1327.8,False,1.0,"{""inversion_rho"":null,""inversion_channel"":23.0,""period_ms"":58.099985122680664}"
199919,1,1377.3,1377.3,False,1.0,"{""inversion_rho"":null,""inversion_channel"":23.0,""period_ms"":58.099985122680664}"
199919,1,1429.9999,1429.9999,False,1.0,"{""inversion_rho"":null,""inversion_channel"":22.5,""period_ms"":58.099985122680664}"
199919,1,1482.3,1482.3,False,1.0,"{""inversion_rho"":null,""inversion_channel"":23.0,""period_ms"":58.099985122680664}"
199919,1,1536.0,1536.0,False,1.0,"{""inversion_rho"":null,""inversion_channel"":22.5,""period_ms"":58.099985122680664}"
199919,1,1587.4,1587.4,False,1.0,"{""inversion_rho"":null,""inversion_channel"":22.0,""period_ms"":58.099985122680664}"
199919,1,1629.6,1629.6,False,1.0,"{""inversion_rho"":null,""inversion_channel"":21.5,""period_ms"":58.099985122680664}"
199919,1,1667.5,1667.5,False,1.0,"{""inversion_rho"":null,""inversion_channel"":22.5,""period_ms"":58.099985122680664}"
199919,1,1730.0,1730.0,False,0.75,"{""inversion_rho"":null,""inversion_channel"":21.5,""period_ms"":58.099985122680664}"
199919,1,1840.4,1840.4,False,1.0,"{""inversion_rho"":null,""inversion_channel"":19.0,""period_ms"":58.099985122680664}"
199919,1,1953.4,1953.4,False,1.0,"{""inversion_rho"":null,""inversion_channel"":18.5,""period_ms"":58.099985122680664}"
199919,1,2059.0999,2059.0999,False,1.0,"{""inversion_rho"":null,""inversion_channel"":18.5,""period_ms"":58.099985122680664}"
199919,1,2158.9999,2158.9999,False,1.0,"{""inversion_rho"":null,""inversion_channel"":18.5,""period_ms"":58.099985122680664}"
199919,1,2255.1999,2255.1999,False,1.0,"{""inversion_rho"":null,""inversion_channel"":18.5,""period_ms"":58.099985122680664}"
199919,1,2349.9,2349.9,False,1.0,"{""inversion_rho"":null,""inversion_channel"":19.0,""period_ms"":58.099985122680664}"
199919,1,2444.7999,2444.7999,False,1.0,"{""inversion_rho"":null,""inversion_channel"":16.5,""period_ms"":58.099985122680664}"
199919,1,2537.6,2537.6,False,1.0,"{""inversion_rho"":null,""inversion_channel"":14.5,""period_ms"":58.099985122680664}"
199919,1,2626.6,2626.6,False,1.0,"{""inversion_rho"":null,""inversion_channel"":14.5,""period_ms"":58.099985122680664}"
199919,1,2717.7,2717.7,False,1.0,"{""inversion_rho"":null,""inversion_channel"":13.5,""period_ms"":58.099985122680664}"
199919,1,2977.9999,2977.9999,False,1.0,"{""inversion_rho"":null,""inversion_channel"":19.5,""period_ms"":61.20014190673828}"
199919,1,3152.2999,3152.2999,False,1.0,"{""inversion_rho"":null,""inversion_channel"":21.5,""period_ms"":61.20014190673828}"
199919,1,3231.4,3231.4,False,0.875,"{""inversion_rho"":null,""inversion_channel"":24.5,""period_ms"":61.20014190673828}"
199919,1,3305.3,3305.3,False,1.0,"{""inversion_rho"":null,""inversion_channel"":22.5,""period_ms"":61.20014190673828}"
199919,1,3389.4,3389.4,False,1.0,"{""inversion_rho"":null,""inversion_channel"":25.5,""period_ms"":61.20014190673828}"
199919,1,3467.7999,3467.7999,False,1.0,"{""inversion_rho"":null,""inversion_channel"":22.0,""period_ms"":61.20014190673828}"
199919,1,3544.3001,3544.3001,False,1.0,"{""inversion_rho"":null,""inversion_channel"":22.5,""period_ms"":61.20014190673828}"
199919,1,3614.3,3614.3,False,1.0,"{""inversion_rho"":null,""inversion_channel"":29.5,""period_ms"":61.20014190673828}"
199919,1,3673.8999,3673.8999,False,1.0,"{""inversion_rho"":null,""inversion_channel"":28.5,""period_ms"":61.20014190673828}"
199919,1,3735.1,3735.1,False,1.0,"{""inversion_rho"":null,""inversion_channel"":29.5,""period_ms"":61.20014190673828}"
199919,1,3796.2,3796.2,False,1.0,"{""inversion_rho"":null,""inversion_channel"":28.5,""period_ms"":61.20014190673828}"
199919,1,3850.5001,3850.5001,False,1.0,"{""inversion_rho"":null,""inversion_channel"":29.5,""period_ms"":61.20014190673828}"
199919,1,3906.1,3906.1,False,1.0,"{""inversion_rho"":null,""inversion_channel"":21.5,""period_ms"":61.20014190673828}"
199919,1,3960.0,3960.0,False,0.5,"{""inversion_rho"":null,""inversion_channel"":20.5,""period_ms"":61.20014190673828}"
199919,1,4008.6999,4008.6999,False,0.5,"{""inversion_rho"":null,""inversion_channel"":21.5,""period_ms"":61.20014190673828}"
199919,1,4054.6999,4054.6999,False,0.375,"{""inversion_rho"":null,""inversion_channel"":22.0,""period_ms"":61.20014190673828}"
199919,1,4087.4,4087.4,False,0.25,"{""inversion_rho"":null,""inversion_channel"":22.5,""period_ms"":61.20014190673828}"
199919,1,4155.7002,4155.7002,False,0.5,"{""inversion_rho"":null,""inversion_channel"":21.5,""period_ms"":61.20014190673828}"
199919,1,4353.3001,4353.3001,False,0.25,"{""inversion_rho"":null,""inversion_channel"":18.5,""period_ms"":null}"
199919,1,4658.8001,4658.8001,False,0.25,"{""inversion_rho"":null,""inversion_channel"":21.5,""period_ms"":207.44991302490234}"
199919,1,4860.0998,4860.0998,False,0.25,"{""inversion_rho"":null,""inversion_channel"":18.0,""period_ms"":207.44991302490234}"
199919,1,5073.7,5073.7,False,0.25,"{""inversion_rho"":null,""inversion_channel"":15.5,""period_ms"":207.44991302490234}"
199919,1,5081.8,5081.8,False,0.25,"{""inversion_rho"":null,""inversion_channel"":14.5,""period_ms"":87.15009689331055}"
199919,1,5139.1001,5139.1001,False,0.25,"{""inversion_rho"":null,""inversion_channel"":23.5,""period_ms"":87.15009689331055}"
199919,1,5256.1002,5256.1002,False,0.25,"{""inversion_rho"":null,""inversion_channel"":21.5,""period_ms"":87.15009689331055}"
199919,1,1142.7,2717.7,True,1.0,"{""inversion_rho"":null,""inversion_channel"":21.5,""period_ms"":58.099985122680664}"
199919,1,2977.9999,4155.7002,True,1.0,"{""inversion_rho"":null,""inversion_channel"":22.5,""period_ms"":61.20014190673828}"
199919,1,4658.8001,5073.7,True,1.0,"{""inversion_rho"":null,""inversion_channel"":18.0,""period_ms"":207.44991302490234}"
199919,1,5081.8,5256.1002,True,1.0,"{""inversion_rho"":null,""inversion_channel"":21.5,""period_ms"":87.15009689331055}"
199921,1,65.2,65.2,False,0.25,"{""inversion_rho"":null,""inversion_channel"":42.0,""period_ms"":null}"
199921,1,1567.3,1567.3,False,1.0,"{""inversion_rho"":null,""inversion_channel"":22.5,""period_ms"":131.20001554489136}"
199921,1,1713.8,1713.8,False,1.0,"{""inversion_rho"":null,""inversion_channel"":22.0,""period_ms"":131.20001554489136}"
199921,1,1829.7,1829.7,False,0.25,"{""inversion_rho"":null,""inversion_channel"":20.5,""period_ms"":131.20001554489136}"
199921,1,1850.4,1850.4,False,1.0,"{""inversion_rho"":null,""inversion_channel"":18.0,""period_ms"":100.8000373840332}"
199921,1,1952.9999,1952.9999,False,1.0,"{""inversion_rho"":null,""inversion_channel"":19.5,""period_ms"":100.8000373840332}"
199921,1,2059.0,2059.0,False,1.0,"{""inversion_rho"":null,""inversion_channel"":18.5,""period_ms"":100.8000373840332}"
199921,1,2159.2,2159.2,False,1.0,"{""inversion_rho"":null,""inversion_channel"":19.5,""period_ms"":100.8000373840332}"
199921,1,2260.6001,2260.6001,False,1.0,"{""inversion_rho"":null,""inversion_channel"":18.0,""period_ms"":100.8000373840332}"
199921,1,2356.2,2356.2,False,1.0,"{""inversion_rho"":null,""inversion_channel"":16.5,""period_ms"":100.8000373840332}"
199921,1,2447.5,2447.5,False,1.0,"{""inversion_rho"":null,""inversion_channel"":14.5,""period_ms"":100.8000373840332}"
199921,1,2535.7001,2535.7001,False,1.0,"{""inversion_rho"":null,""inversion_channel"":14.5,""period_ms"":100.8000373840332}"
199921,1,2708.8001,2708.8001,False,1.0,"{""inversion_rho"":null,""inversion_channel"":13.5,""period_ms"":100.8000373840332}"
199921,1,2970.3,2970.3,False,1.0,"{""inversion_rho"":null,""inversion_channel"":19.5,""period_ms"":81.60018920898438}"
199921,1,3061.3,3061.3,False,1.0,"{""inversion_rho"":null,""inversion_channel"":19.5,""period_ms"":81.60018920898438}"
199921,1,3176.5001,3176.5001,False,1.0,"{""inversion_rho"":null,""inversion_channel"":22.5,""period_ms"":81.60018920898438}"
199921,1,3292.5999,3292.5999,False,1.0,"{""inversion_rho"":null,""inversion_channel"":23.5,""period_ms"":81.60018920898438}"
199921,1,3399.6999,3399.6999,False,1.0,"{""inversion_rho"":null,""inversion_channel"":22.5,""period_ms"":81.60018920898438}"
199921,1,3493.0999,3493.0999,False,1.0,"{""inversion_rho"":null,""inversion_channel"":27.5,""period_ms"":81.60018920898438}"
199921,1,3574.7001,3574.7001,False,1.0,"{""inversion_rho"":null,""inversion_channel"":20.5,""period_ms"":81.60018920898438}"
199921,1,3645.2,3645.2,False,1.0,"{""inversion_rho"":null,""inversion_channel"":21.5,""period_ms"":81.60018920898438}"
199921,1,3712.6999,3712.6999,False,0.625,"{""inversion_rho"":null,""inversion_channel"":20.0,""period_ms"":81.60018920898438}"
199921,1,3772.8,3772.8,False,0.875,"{""inversion_rho"":null,""inversion_channel"":20.5,""period_ms"":81.60018920898438}"
199921,1,3833.6,3833.6,False,1.0,"{""inversion_rho"":null,""inversion_channel"":19.5,""period_ms"":81.60018920898438}"
199921,1,3888.2,3888.2,False,0.875,"{""inversion_rho"":null,""inversion_channel"":19.5,""period_ms"":81.60018920898438}"
199921,1,3941.4999,3941.4999,False,0.75,"{""inversion_rho"":null,""inversion_channel"":19.5,""period_ms"":81.60018920898438}"
199921,1,3993.7,3993.7,False,0.875,"{""inversion_rho"":null,""inversion_channel"":20.5,""period_ms"":81.60018920898438}"
199921,1,4043.0999,4043.0999,False,0.875,"{""inversion_rho"":null,""inversion_channel"":19.5,""period_ms"":81.60018920898438}"
199921,1,4116.3001,4116.3001,False,0.25,"{""inversion_rho"":null,""inversion_channel"":21.0,""period_ms"":81.60018920898438}"
199921,1,4235.4002,4235.4002,False,0.375,"{""inversion_rho"":null,""inversion_channel"":20.5,""period_ms"":81.60018920898438}"
199921,1,4369.5998,4369.5998,False,0.375,"{""inversion_rho"":null,""inversion_channel"":20.5,""period_ms"":81.60018920898438}"
199921,1,4471.7002,4471.7002,False,0.25,"{""inversion_rho"":null,""inversion_channel"":20.5,""period_ms"":81.60018920898438}"
199921,1,4539.1002,4539.1002,False,0.25,"{""inversion_rho"":null,""inversion_channel"":19.0,""period_ms"":81.60018920898438}"
199921,1,4661.9,4661.9,False,0.375,"{""inversion_rho"":null,""inversion_channel"":19.0,""period_ms"":81.60018920898438}"
199921,1,4831.8,4831.8,False,0.25,"{""inversion_rho"":null,""inversion_channel"":14.5,""period_ms"":81.60018920898438}"
199921,1,4856.5001,4856.5001,False,0.25,"{""inversion_rho"":null,""inversion_channel"":21.0,""period_ms"":88.19985389709473}"
199921,1,4940.8998,4940.8998,False,0.375,"{""inversion_rho"":null,""inversion_channel"":20.5,""period_ms"":88.19985389709473}"
199921,1,5044.7998,5044.7998,False,0.25,"{""inversion_rho"":null,""inversion_channel"":20.5,""period_ms"":88.19985389709473}"
199921,1,5160.9001,5160.9001,False,0.75,"{""inversion_rho"":null,""inversion_channel"":20.5,""period_ms"":88.19985389709473}"
199921,1,5223.7,5223.7,False,0.25,"{""inversion_rho"":null,""inversion_channel"":17.0,""period_ms"":88.19985389709473}"
199921,1,5289.1002,5289.1002,False,0.5,"{""inversion_rho"":null,""inversion_channel"":19.5,""period_ms"":88.19985389709473}"
199921,1,5381.1002,5381.1002,False,0.25,"{""inversion_rho"":null,""inversion_channel"":16.5,""period_ms"":88.19985389709473}"
199921,1,5403.6002,5403.6002,False,0.375,"{""inversion_rho"":null,""inversion_channel"":10.0,""period_ms"":null}"
199921,1,1567.3,1829.7,True,1.0,"{""inversion_rho"":null,""inversion_channel"":22.0,""period_ms"":131.20001554489136}"
199921,1,1850.4,2708.8001,True,1.0,"{""inversion_rho"":null,""inversion_channel"":18.0,""period_ms"":100.8000373840332}"
199921,1,2970.3,4831.8,True,1.0,"{""inversion_rho"":null,""inversion_channel"":20.5,""period_ms"":81.60018920898438}"
199921,1,4856.5001,5381.1002,True,1.0,"{""inversion_rho"":null,""inversion_channel"":20.5,""period_ms"":88.19985389709473}"
199951,1,1155.4,1155.4,False,1.0,"{""inversion_rho"":null,""inversion_channel"":5.5,""period_ms"":null}"
199951,1,1263.2,1263.2,False,1.0,"{""inversion_rho"":null,""inversion_channel"":6.0,""period_ms"":null}"
199951,1,1286.0,1286.0,False,0.875,"{""inversion_rho"":null,""inversion_channel"":31.0,""period_ms"":16.099989414215088}"
199951,1,1304.6,1304.6,False,1.0,"{""inversion_rho"":null,""inversion_channel"":31.5,""period_ms"":16.099989414215088}"
199951,1,1332.4,1332.4,False,1.0,"{""inversion_rho"":null,""inversion_channel"":31.5,""period_ms"":16.099989414215088}"
199951,1,1346.0,1346.0,False,1.0,"{""inversion_rho"":null,""inversion_channel"":28.5,""period_ms"":16.099989414215088}"
199951,1,1355.9,1355.9,False,1.0,"{""inversion_rho"":null,""inversion_channel"":40.5,""period_ms"":16.099989414215088}"
199951,1,1387.3,1387.3,False,1.0,"{""inversion_rho"":null,""inversion_channel"":31.5,""period_ms"":7.899999618530273}"
199951,1,1395.2,1395.2,False,0.625,"{""inversion_rho"":null,""inversion_channel"":39.5,""period_ms"":7.899999618530273}"
199951,1,1402.9,1402.9,False,1.0,"{""inversion_rho"":null,""inversion_channel"":31.5,""period_ms"":7.899999618530273}"
199951,1,1411.1,1411.1,False,1.0,"{""inversion_rho"":null,""inversion_channel"":31.5,""period_ms"":7.899999618530273}"
199951,1,1455.1001,1455.1001,False,1.0,"{""inversion_rho"":null,""inversion_channel"":31.5,""period_ms"":10.799884796142578}"
199951,1,1465.8999,1465.8999,False,1.0,"{""inversion_rho"":null,""inversion_channel"":31.5,""period_ms"":10.799884796142578}"
199951,1,1475.3,1475.3,False,1.0,"{""inversion_rho"":null,""inversion_channel"":31.0,""period_ms"":10.799884796142578}"
199951,1,1486.8,1486.8,False,1.0,"{""inversion_rho"":null,""inversion_channel"":31.5,""period_ms"":10.799884796142578}"
199951,1,1540.5999,1540.5999,False,1.0,"{""inversion_rho"":null,""inversion_channel"":28.5,""period_ms"":20.799994468688965}"
199951,1,1561.1,1561.1,False,1.0,"{""inversion_rho"":null,""inversion_channel"":31.5,""period_ms"":20.799994468688965}"
199951,1,1581.9,1581.9,False,0.5,"{""inversion_rho"":null,""inversion_channel"":31.5,""period_ms"":20.799994468688965}"
199951,1,1603.0999,1603.0999,False,1.0,"{""inversion_rho"":null,""inversion_channel"":32.5,""period_ms"":20.799994468688965}"
199951,1,1658.3,1658.3,False,1.0,"{""inversion_rho"":null,""inversion_channel"":31.5,""period_ms"":13.44996690750122}"
199951,1,1667.5,1667.5,False,1.0,"{""inversion_rho"":null,""inversion_channel"":31.5,""period_ms"":13.44996690750122}"
199951,1,1676.1,1676.1,False,1.0,"{""inversion_rho"":null,""inversion_channel"":31.5,""period_ms"":13.44996690750122}"
199951,1,1693.8,1693.8,False,1.0,"{""inversion_rho"":null,""inversion_channel"":31.5,""period_ms"":13.44996690750122}"
199951,1,1737.2,1737.2,False,1.0,"{""inversion_rho"":null,""inversion_channel"":31.5,""period_ms"":13.44996690750122}"
199951,1,1747.7,1747.7,False,1.0,"{""inversion_rho"":null,""inversion_channel"":5.5,""period_ms"":null}"
199951,1,1757.0,1757.0,False,1.0,"{""inversion_rho"":null,""inversion_channel"":31.5,""period_ms"":null}"
199951,1,1836.5,1836.5,False,0.5,"{""inversion_rho"":null,""inversion_channel"":39.0,""period_ms"":null}"
199951,1,1852.1,1852.1,False,1.0,"{""inversion_rho"":null,""inversion_channel"":33.0,""period_ms"":null}"
199951,1,1911.1,1911.1,False,1.0,"{""inversion_rho"":null,""inversion_channel"":33.0,""period_ms"":null}"
199951,1,1926.3,1926.3,False,1.0,"{""inversion_rho"":null,""inversion_channel"":34.0,""period_ms"":null}"
199951,1,1974.8,1974.8,False,1.0,"{""inversion_rho"":null,""inversion_channel"":34.0,""period_ms"":null}"
199951,1,2010.6001,2010.6001,False,1.0,"{""inversion_rho"":null,""inversion_channel"":40.5,""period_ms"":null}"
199951,1,2023.7999,2023.7999,False,1.0,"{""inversion_rho"":null,""inversion_channel"":33.5,""period_ms"":36.100149154663086}"
199951,1,2059.9,2059.9,False,1.0,"{""inversion_rho"":null,""inversion_channel"":34.0,""period_ms"":36.100149154663086}"
199951,1,2076.6001,2076.6001,False,1.0,"{""inversion_rho"":null,""inversion_channel"":34.5,""period_ms"":36.100149154663086}"
199951,1,2113.4,2113.4,False,1.0,"{""inversion_rho"":null,""inversion_channel"":33.5,""period_ms"":36.100149154663086}"
199951,1,2126.1001,2126.1001,False,1.0,"{""inversion_rho"":null,""inversion_channel"":33.5,""period_ms"":22.39990234375}"
199951,1,2157.5,2157.5,False,0.75,"{""inversion_rho"":null,""inversion_channel"":11.0,""period_ms"":22.39990234375}"
199951,1,2179.8999,2179.8999,False,1.0,"{""inversion_rho"":null,""inversion_channel"":9.5,""period_ms"":22.39990234375}"
199951,1,2191.7,2191.7,False,1.0,"{""inversion_rho"":null,""inversion_channel"":10.5,""period_ms"":22.39990234375}"
199951,1,2202.1,2202.1,False,1.0,"{""inversion_rho"":null,""inversion_channel"":33.5,""period_ms"":22.39990234375}"
199951,1,2227.4001,2227.4001,False,1.0,"{""inversion_rho"":null,""inversion_channel"":33.5,""period_ms"":22.39990234375}"
199951,1,2264.4,2264.4,False,1.0,"{""inversion_rho"":null,""inversion_channel"":33.5,""period_ms"":22.39990234375}"
199951,1,2286.0,2286.0,False,0.625,"{""inversion_rho"":null,""inversion_channel"":32.0,""period_ms"":22.39990234375}"
199951,1,2301.1999,2301.1999,False,1.0,"{""inversion_rho"":null,""inversion_channel"":32.0,""period_ms"":22.39990234375}"
199951,1,2326.9,2326.9,False,0.375,"{""inversion_rho"":null,""inversion_channel"":32.0,""period_ms"":22.39990234375}"
199951,1,2342.2999,2342.2999,False,1.0,"{""inversion_rho"":null,""inversion_channel"":11.0,""period_ms"":22.39990234375}"
199951,1,2370.8,2370.8,False,0.875,"{""inversion_rho"":null,""inversion_channel"":11.0,""period_ms"":22.39990234375}"
199951,1,3023.0999,3023.0999,False,1.0,"{""inversion_rho"":null,""inversion_channel"":31.5,""period_ms"":null}"
199951,1,3029.7999,3029.7999,False,1.0,"{""inversion_rho"":null,""inversion_channel"":28.5,""period_ms"":null}"
199951,1,3084.8,3084.8,False,0.75,"{""inversion_rho"":null,""inversion_channel"":25.5,""period_ms"":47.19996452331543}"
199951,1,3152.4,3152.4,False,0.625,"{""inversion_rho"":null,""inversion_channel"":9.5,""period_ms"":47.19996452331543}"
199951,1,3184.5,3184.5,False,0.5,"{""inversion_rho"":null,""inversion_channel"":7.5,""period_ms"":47.19996452331543}"
199951,1,3231.6999,3231.6999,False,1.0,"{""inversion_rho"":null,""inversion_channel"":23.5,""period_ms"":47.19996452331543}"
199951,1,3237.0,3237.0,False,1.0,"{""inversion_rho"":null,""inversion_channel"":27.0,""period_ms"":null}"
199951,1,3242.6,3242.6,False,1.0,"{""inversion_rho"":null,""inversion_channel"":9.5,""period_ms"":null}"
199951,1,3282.7001,3282.7001,False,1.0,"{""inversion_rho"":null,""inversion_channel"":9.5,""period_ms"":null}"
199951,1,3333.9,3333.9,False,1.0,"{""inversion_rho"":null,""inversion_channel"":25.5,""period_ms"":null}"
199951,1,3339.7999,3339.7999,False,1.0,"{""inversion_rho"":null,""inversion_channel"":10.0,""period_ms"":13.60011100769043}"
199951,1,3350.5001,3350.5001,False,1.0,"{""inversion_rho"":null,""inversion_channel"":10.5,""period_ms"":13.60011100769043}"
199951,1,3367.0001,3367.0001,False,1.0,"{""inversion_rho"":null,""inversion_channel"":9.5,""period_ms"":13.60011100769043}"
199951,1,3372.9,3372.9,False,1.0,"{""inversion_rho"":null,""inversion_channel"":28.5,""period_ms"":null}"
199951,1,3399.9,3399.9,False,1.0,"{""inversion_rho"":null,""inversion_channel"":10.0,""period_ms"":null}"
199951,1,3405.9,3405.9,False,1.0,"{""inversion_rho"":null,""inversion_channel"":9.5,""period_ms"":16.950011253356934}"
199951,1,3421.9999,3421.9999,False,1.0,"{""inversion_rho"":null,""inversion_channel"":9.5,""period_ms"":16.950011253356934}"
199951,1,3439.8,3439.8,False,1.0,"{""inversion_rho"":null,""inversion_channel"":9.5,""period_ms"":16.950011253356934}"
199951,1,3453.2001,3453.2001,False,1.0,"{""inversion_rho"":null,""inversion_channel"":10.0,""period_ms"":16.950011253356934}"
199951,1,3476.9001,3476.9001,False,1.0,"{""inversion_rho"":null,""inversion_channel"":24.5,""period_ms"":16.950011253356934}"
199951,1,3483.7,3483.7,False,1.0,"{""inversion_rho"":null,""inversion_channel"":24.0,""period_ms"":null}"
199951,1,3502.3,3502.3,False,1.0,"{""inversion_rho"":null,""inversion_channel"":10.5,""period_ms"":null}"
199951,1,3804.6999,3804.6999,False,1.0,"{""inversion_rho"":null,""inversion_channel"":9.5,""period_ms"":null}"
199951,1,4960.4001,4960.4001,False,1.0,"{""inversion_rho"":null,""inversion_channel"":10.5,""period_ms"":19.40011978149414}"
199951,1,4978.9,4978.9,False,1.0,"{""inversion_rho"":null,""inversion_channel"":29.5,""period_ms"":19.40011978149414}"
199951,1,4999.0001,4999.0001,False,1.0,"{""inversion_rho"":null,""inversion_channel"":30.0,""period_ms"":19.40011978149414}"
199951,1,5017.2,5017.2,False,1.0,"{""inversion_rho"":null,""inversion_channel"":29.5,""period_ms"":19.40011978149414}"
199951,1,5033.4001,5033.4001,False,1.0,"{""inversion_rho"":null,""inversion_channel"":31.5,""period_ms"":19.40011978149414}"
199951,1,5053.7,5053.7,False,1.0,"{""inversion_rho"":null,""inversion_channel"":29.5,""period_ms"":19.40011978149414}"
199951,1,5071.1999,5071.1999,False,1.0,"{""inversion_rho"":null,""inversion_channel"":29.5,""period_ms"":19.40011978149414}"
199951,1,5090.0998,5090.0998,False,1.0,"{""inversion_rho"":null,""inversion_channel"":29.5,""period_ms"":19.40011978149414}"
199951,1,5110.0001,5110.0001,False,1.0,"{""inversion_rho"":null,""inversion_channel"":10.5,""period_ms"":19.40011978149414}"
199951,1,5132.0,5132.0,False,1.0,"{""inversion_rho"":null,""inversion_channel"":30.0,""period_ms"":19.40011978149414}"
199951,1,5152.4,5152.4,False,1.0,"{""inversion_rho"":null,""inversion_channel"":30.0,""period_ms"":19.40011978149414}"
199951,1,5169.6,5169.6,False,1.0,"{""inversion_rho"":null,""inversion_channel"":10.5,""period_ms"":19.40011978149414}"
199951,1,5191.0,5191.0,False,1.0,"{""inversion_rho"":null,""inversion_channel"":10.5,""period_ms"":19.40011978149414}"
199951,1,5392.6001,5392.6001,False,0.375,"{""inversion_rho"":null,""inversion_channel"":16.0,""period_ms"":null}"
199951,1,1286.0,1355.9,True,1.0,"{""inversion_rho"":null,""inversion_channel"":31.5,""period_ms"":16.099989414215088}"
199951,1,1387.3,1411.1,True,1.0,"{""inversion_rho"":null,""inversion_channel"":31.5,""period_ms"":7.899999618530273}"
199951,1,1455.1001,1486.8,True,1.0,"{""inversion_rho"":null,""inversion_channel"":31.5,""period_ms"":10.799884796142578}"
199951,1,1540.5999,1603.0999,True,1.0,"{""inversion_rho"":null,""inversion_channel"":31.5,""period_ms"":20.799994468688965}"
199951,1,1658.3,1737.2,True,1.0,"{""inversion_rho"":null,""inversion_channel"":31.5,""period_ms"":13.44996690750122}"
199951,1,2023.7999,2113.4,True,1.0,"{""inversion_rho"":null,""inversion_channel"":33.75,""period_ms"":36.100149154663086}"
199951,1,2126.1001,2370.8,True,1.0,"{""inversion_rho"":null,""inversion_channel"":32.0,""period_ms"":22.39990234375}"
199951,1,3084.8,3231.6999,True,1.0,"{""inversion_rho"":null,""inversion_channel"":16.5,""period_ms"":47.19996452331543}"
199951,1,3339.7999,3367.0001,True,1.0,"{""inversion_rho"":null,""inversion_channel"":10.0,""period_ms"":13.60011100769043}"
199951,1,3405.9,3476.9001,True,1.0,"{""inversion_rho"":null,""inversion_channel"":9.5,""period_ms"":16.950011253356934}"
199951,1,4960.4001,5191.0,True,1.0,"{""inversion_rho"":null,""inversion_channel"":29.5,""period_ms"":19.40011978149414}"
200007,1,49.7,49.7,False,0.625,"{""inversion_rho"":null,""inversion_channel"":3.5,""period_ms"":null}"
200007,1,55.4,55.4,False,0.375,"{""inversion_rho"":null,""inversion_channel"":3.5,""period_ms"":null}"
200007,1,93.3,93.3,False,1.0,"{""inversion_rho"":null,""inversion_channel"":3.5,""period_ms"":null}"
200007,1,1267.7,1267.7,False,1.0,"{""inversion_rho"":null,""inversion_channel"":20.5,""period_ms"":34.29996967315674}"
200007,1,1295.4,1295.4,False,1.0,"{""inversion_rho"":null,""inversion_channel"":18.0,""period_ms"":34.29996967315674}"
200007,1,1328.2,1328.2,False,1.0,"{""inversion_rho"":null,""inversion_channel"":18.5,""period_ms"":34.29996967315674}"
200007,1,1368.8,1368.8,False,0.75,"{""inversion_rho"":null,""inversion_channel"":18.5,""period_ms"":34.29996967315674}"
200007,1,1412.7001,1412.7001,False,1.0,"{""inversion_rho"":null,""inversion_channel"":17.5,""period_ms"":34.29996967315674}"
200007,1,1458.1,1458.1,False,1.0,"{""inversion_rho"":null,""inversion_channel"":17.5,""period_ms"":34.29996967315674}"
200007,1,1489.2,1489.2,False,1.0,"{""inversion_rho"":null,""inversion_channel"":18.0,""period_ms"":34.29996967315674}"
200007,1,1526.5,1526.5,False,1.0,"{""inversion_rho"":null,""inversion_channel"":18.5,""period_ms"":34.29996967315674}"
200007,1,1568.0,1568.0,False,1.0,"{""inversion_rho"":null,""inversion_channel"":17.5,""period_ms"":34.29996967315674}"
200007,1,1607.1,1607.1,False,1.0,"{""inversion_rho"":null,""inversion_channel"":17.0,""period_ms"":34.29996967315674}"
200007,1,1646.1,1646.1,False,1.0,"{""inversion_rho"":null,""inversion_channel"":18.5,""period_ms"":34.29996967315674}"
200007,1,1684.9,1684.9,False,1.0,"{""inversion_rho"":null,""inversion_channel"":39.5,""period_ms"":34.29996967315674}"
200007,1,1719.2,1719.2,False,1.0,"{""inversion_rho"":null,""inversion_channel"":40.5,""period_ms"":34.29996967315674}"
200007,1,1749.9,1749.9,False,1.0,"{""inversion_rho"":null,""inversion_channel"":41.0,""period_ms"":34.29996967315674}"
200007,1,1782.4,1782.4,False,1.0,"{""inversion_rho"":null,""inversion_channel"":41.0,""period_ms"":34.29996967315674}"
200007,1,1814.4,1814.4,False,1.0,"{""inversion_rho"":null,""inversion_channel"":41.5,""period_ms"":34.29996967315674}"
200007,1,1828.8,1828.8,False,1.0,"{""inversion_rho"":null,""inversion_channel"":25.5,""period_ms"":34.29996967315674}"
200007,1,1855.9,1855.9,False,1.0,"{""inversion_rho"":null,""inversion_channel"":41.5,""period_ms"":34.29996967315674}"
200007,1,1866.7001,1866.7001,False,1.0,"{""inversion_rho"":null,""inversion_channel"":41.5,""period_ms"":9.900093078613281}"
200007,1,1876.2,1876.2,False,1.0,"{""inversion_rho"":null,""inversion_channel"":39.5,""period_ms"":9.900093078613281}"
200007,1,1887.1,1887.1,False,0.875,"{""inversion_rho"":null,""inversion_channel"":28.5,""period_ms"":9.900093078613281}"
200007,1,1911.5,1911.5,False,1.0,"{""inversion_rho"":null,""inversion_channel"":41.5,""period_ms"":9.900093078613281}"
200007,1,1921.9,1921.9,False,1.0,"{""inversion_rho"":null,""inversion_channel"":42.0,""period_ms"":9.900093078613281}"
200007,1,1942.6,1942.6,False,1.0,"{""inversion_rho"":null,""inversion_channel"":37.5,""period_ms"":9.900093078613281}"
200007,1,1951.6,1951.6,False,1.0,"{""inversion_rho"":null,""inversion_channel"":42.0,""period_ms"":9.900093078613281}"
200007,1,1965.4,1965.4,False,1.0,"{""inversion_rho"":null,""inversion_channel"":40.5,""period_ms"":9.900093078613281}"
200007,1,1974.0,1974.0,False,1.0,"{""inversion_rho"":null,""inversion_channel"":42.0,""period_ms"":9.900093078613281}"
200007,1,1984.3,1984.3,False,0.625,"{""inversion_rho"":null,""inversion_channel"":27.5,""period_ms"":9.900093078613281}"
200007,1,1992.6,1992.6,False,1.0,"{""inversion_rho"":null,""inversion_channel"":40.5,""period_ms"":9.900093078613281}"
200007,1,2010.7999,2010.7999,False,1.0,"{""inversion_rho"":null,""inversion_channel"":40.5,""period_ms"":9.900093078613281}"
200007,1,2021.1999,2021.1999,False,1.0,"{""inversion_rho"":null,""inversion_channel"":39.5,""period_ms"":9.900093078613281}"
200007,1,2031.1999,2031.1999,False,1.0,"{""inversion_rho"":null,""inversion_channel"":39.0,""period_ms"":9.900093078613281}"
200007,1,2043.6001,2043.6001,False,1.0,"{""inversion_rho"":null,""inversion_channel"":40.5,""period_ms"":9.900093078613281}"
200007,1,2055.2001,2055.2001,False,1.0,"{""inversion_rho"":null,""inversion_channel"":41.5,""period_ms"":9.900093078613281}"
200007,1,2062.4001,2062.4001,False,1.0,"{""inversion_rho"":null,""inversion_channel"":41.0,""period_ms"":9.900093078613281}"
200007,1,2068.1,2068.1,False,0.375,"{""inversion_rho"":null,""inversion_channel"":12.5,""period_ms"":9.900093078613281}"
200007,1,2077.3001,2077.3001,False,1.0,"{""inversion_rho"":null,""inversion_channel"":39.5,""period_ms"":9.900093078613281}"
200007,1,2085.4001,2085.4001,False,1.0,"{""inversion_rho"":null,""inversion_channel"":41.0,""period_ms"":9.900093078613281}"
200007,1,2095.4001,2095.4001,False,1.0,"{""inversion_rho"":null,""inversion_channel"":27.5,""period_ms"":9.900093078613281}"
200007,1,2103.6999,2103.6999,False,0.5,"{""inversion_rho"":null,""inversion_channel"":41.5,""period_ms"":9.900093078613281}"
200007,1,2117.0001,2117.0001,False,1.0,"{""inversion_rho"":null,""inversion_channel"":40.0,""period_ms"":9.900093078613281}"
200007,1,2129.2,2129.2,False,1.0,"{""inversion_rho"":null,""inversion_channel"":40.5,""period_ms"":9.900093078613281}"
200007,1,2135.7,2135.7,False,0.625,"{""inversion_rho"":null,""inversion_channel"":30.5,""period_ms"":9.900093078613281}"
200007,1,2142.9,2142.9,False,1.0,"{""inversion_rho"":null,""inversion_channel"":39.0,""period_ms"":9.900093078613281}"
200007,1,2151.0,2151.0,False,1.0,"{""inversion_rho"":null,""inversion_channel"":41.5,""period_ms"":9.900093078613281}"
200007,1,2162.9,2162.9,False,1.0,"{""inversion_rho"":null,""inversion_channel"":37.5,""period_ms"":9.900093078613281}"
200007,1,2173.3999,2173.3999,False,1.0,"{""inversion_rho"":null,""inversion_channel"":27.5,""period_ms"":9.900093078613281}"
200007,1,2181.2999,2181.2999,False,1.0,"{""inversion_rho"":null,""inversion_channel"":40.5,""period_ms"":9.900093078613281}"
200007,1,2198.0,2198.0,False,1.0,"{""inversion_rho"":null,""inversion_channel"":36.5,""period_ms"":9.900093078613281}"
200007,1,2217.4001,2217.4001,False,1.0,"{""inversion_rho"":null,""inversion_channel"":40.0,""period_ms"":9.900093078613281}"
200007,1,2225.8999,2225.8999,False,1.0,"{""inversion_rho"":null,""inversion_channel"":41.5,""period_ms"":9.900093078613281}"
200007,1,2235.5001,2235.5001,False,1.0,"{""inversion_rho"":null,""inversion_channel"":41.0,""period_ms"":9.900093078613281}"
200007,1,2244.9999,2244.9999,False,1.0,"{""inversion_rho"":null,""inversion_channel"":26.0,""period_ms"":9.900093078613281}"
200007,1,2254.2,2254.2,False,1.0,"{""inversion_rho"":null,""inversion_channel"":26.0,""period_ms"":9.900093078613281}"
200007,1,2261.8001,2261.8001,False,1.0,"{""inversion_rho"":null,""inversion_channel"":24.0,""period_ms"":9.900093078613281}"
200007,1,2276.5999,2276.5999,False,1.0,"{""inversion_rho"":null,""inversion_channel"":11.5,""period_ms"":9.900093078613281}"
200007,1,2287.6999,2287.6999,False,1.0,"{""inversion_rho"":null,""inversion_channel"":39.0,""period_ms"":9.900093078613281}"
200007,1,2297.9,2297.9,False,1.0,"{""inversion_rho"":null,""inversion_channel"":27.0,""period_ms"":9.900093078613281}"
200007,1,2306.7,2306.7,False,1.0,"{""inversion_rho"":null,""inversion_channel"":27.5,""period_ms"":9.900093078613281}"
200007,1,2320.4,2320.4,False,1.0,"{""inversion_rho"":null,""inversion_channel"":27.5,""period_ms"":9.900093078613281}"
200007,1,2329.9,2329.9,False,1.0,"{""inversion_rho"":null,""inversion_channel"":27.5,""period_ms"":9.900093078613281}"
200007,1,2346.7,2346.7,False,1.0,"{""inversion_rho"":null,""inversion_channel"":39.0,""period_ms"":9.900093078613281}"
200007,1,2354.3999,2354.3999,False,1.0,"{""inversion_rho"":null,""inversion_channel"":26.5,""period_ms"":9.900093078613281}"
200007,1,2369.6001,2369.6001,False,1.0,"{""inversion_rho"":null,""inversion_channel"":12.5,""period_ms"":9.900093078613281}"
200007,1,2389.2,2389.2,False,1.0,"{""inversion_rho"":null,""inversion_channel"":11.5,""period_ms"":9.900093078613281}"
200007,1,2399.1001,2399.1001,False,1.0,"{""inversion_rho"":null,""inversion_channel"":38.5,""period_ms"":9.900093078613281}"
200007,1,2407.1,2407.1,False,1.0,"{""inversion_rho"":null,""inversion_channel"":37.5,""period_ms"":9.900093078613281}"
200007,1,2415.0,2415.0,False,1.0,"{""inversion_rho"":null,""inversion_channel"":27.5,""period_ms"":9.900093078613281}"
200007,1,2430.5,2430.5,False,1.0,"{""inversion_rho"":null,""inversion_channel"":26.5,""period_ms"":9.900093078613281}"
200007,1,2439.4,2439.4,False,1.0,"{""inversion_rho"":null,""inversion_channel"":27.5,""period_ms"":9.900093078613281}"
200007,1,2448.7,2448.7,False,1.0,"{""inversion_rho"":null,""inversion_channel"":39.0,""period_ms"":9.900093078613281}"
200007,1,2459.3999,2459.3999,False,1.0,"{""inversion_rho"":null,""inversion_channel"":12.0,""period_ms"":9.900093078613281}"
200007,1,2468.6999,2468.6999,False,1.0,"{""inversion_rho"":null,""inversion_channel"":41.0,""period_ms"":9.900093078613281}"
200007,1,2477.0,2477.0,False,1.0,"{""inversion_rho"":null,""inversion_channel"":40.0,""period_ms"":9.900093078613281}"
200007,1,2486.9001,2486.9001,False,1.0,"{""inversion_rho"":null,""inversion_channel"":23.0,""period_ms"":9.900093078613281}"
200007,1,2494.4999,2494.4999,False,1.0,"{""inversion_rho"":null,""inversion_channel"":41.5,""period_ms"":9.900093078613281}"
200007,1,2516.4001,2516.4001,False,1.0,"{""inversion_rho"":null,""inversion_channel"":39.0,""period_ms"":9.750008583068848}"
200007,1,2524.9,2524.9,False,1.0,"{""inversion_rho"":null,""inversion_channel"":40.0,""period_ms"":9.750008583068848}"
200007,1,2542.1,2542.1,False,1.0,"{""inversion_rho"":null,""inversion_channel"":39.5,""period_ms"":9.750008583068848}"
200007,1,2550.8001,2550.8001,False,1.0,"{""inversion_rho"":null,""inversion_channel"":43.5,""period_ms"":9.750008583068848}"
200007,1,2565.8,2565.8,False,1.0,"{""inversion_rho"":null,""inversion_channel"":12.5,""period_ms"":9.750008583068848}"
200007,1,2573.4,2573.4,False,1.0,"{""inversion_rho"":null,""inversion_channel"":26.0,""period_ms"":9.750008583068848}"
200007,1,2583.2,2583.2,False,1.0,"{""inversion_rho"":null,""inversion_channel"":27.5,""period_ms"":9.750008583068848}"
200007,1,2591.2001,2591.2001,False,1.0,"{""inversion_rho"":null,""inversion_channel"":23.5,""period_ms"":9.750008583068848}"
200007,1,2600.5001,2600.5001,False,1.0,"{""inversion_rho"":null,""inversion_channel"":26.5,""period_ms"":9.750008583068848}"
200007,1,2613.1999,2613.1999,False,1.0,"{""inversion_rho"":null,""inversion_channel"":39.0,""period_ms"":9.750008583068848}"
200007,1,2623.8999,2623.8999,False,1.0,"{""inversion_rho"":null,""inversion_channel"":37.5,""period_ms"":9.750008583068848}"
200007,1,2633.1,2633.1,False,1.0,"{""inversion_rho"":null,""inversion_channel"":28.5,""period_ms"":9.750008583068848}"
200007,1,2642.4999,2642.4999,False,1.0,"{""inversion_rho"":null,""inversion_channel"":39.0,""period_ms"":9.750008583068848}"
200007,1,2650.8,2650.8,False,1.0,"{""inversion_rho"":null,""inversion_channel"":40.5,""period_ms"":9.750008583068848}"
200007,1,2660.7001,2660.7001,False,1.0,"{""inversion_rho"":null,""inversion_channel"":38.5,""period_ms"":9.750008583068848}"
200007,1,2669.1999,2669.1999,False,1.0,"{""inversion_rho"":null,""inversion_channel"":25.0,""period_ms"":9.750008583068848}"
200007,1,2683.8,2683.8,False,1.0,"{""inversion_rho"":null,""inversion_channel"":12.5,""period_ms"":9.750008583068848}"
200007,1,2699.1,2699.1,False,1.0,"{""inversion_rho"":null,""inversion_channel"":25.0,""period_ms"":9.750008583068848}"
200007,1,2709.3,2709.3,False,1.0,"{""inversion_rho"":null,""inversion_channel"":37.0,""period_ms"":9.750008583068848}"
200007,1,2718.2,2718.2,False,1.0,"{""inversion_rho"":null,""inversion_channel"":24.5,""period_ms"":9.750008583068848}"
200007,1,2726.7001,2726.7001,False,0.375,"{""inversion_rho"":null,""inversion_channel"":40.0,""period_ms"":9.750008583068848}"
200007,1,2735.5001,2735.5001,False,0.375,"{""inversion_rho"":null,""inversion_channel"":39.5,""period_ms"":9.750008583068848}"
200007,1,2746.2001,2746.2001,False,1.0,"{""inversion_rho"":null,""inversion_channel"":12.0,""period_ms"":9.750008583068848}"
200007,1,2754.8001,2754.8001,False,1.0,"{""inversion_rho"":null,""inversion_channel"":26.5,""period_ms"":9.750008583068848}"
200007,1,2765.6,2765.6,False,1.0,"{""inversion_rho"":null,""inversion_channel"":11.5,""period_ms"":9.750008583068848}"
200007,1,2773.4001,2773.4001,False,1.0,"{""inversion_rho"":null,""inversion_channel"":25.5,""period_ms"":9.750008583068848}"
200007,1,2784.6999,2784.6999,False,1.0,"{""inversion_rho"":null,""inversion_channel"":11.5,""period_ms"":9.750008583068848}"
200007,1,2794.4,2794.4,False,1.0,"{""inversion_rho"":null,""inversion_channel"":24.5,""period_ms"":9.750008583068848}"
200007,1,2802.2001,2802.2001,False,1.0,"{""inversion_rho"":null,""inversion_channel"":39.0,""period_ms"":9.750008583068848}"
200007,1,2817.6999,2817.6999,False,1.0,"{""inversion_rho"":null,""inversion_channel"":25.5,""period_ms"":9.750008583068848}"
200007,1,2828.3999,2828.3999,False,1.0,"{""inversion_rho"":null,""inversion_channel"":26.5,""period_ms"":9.750008583068848}"
200007,1,2839.2,2839.2,False,1.0,"{""inversion_rho"":null,""inversion_channel"":12.0,""period_ms"":9.750008583068848}"
200007,1,2847.6,2847.6,False,1.0,"{""inversion_rho"":null,""inversion_channel"":26.5,""period_ms"":9.750008583068848}"
200007,1,2862.9,2862.9,False,1.0,"{""inversion_rho"":null,""inversion_channel"":12.0,""period_ms"":9.750008583068848}"
200007,1,2871.5999,2871.5999,False,1.0,"{""inversion_rho"":null,""inversion_channel"":38.5,""period_ms"":9.750008583068848}"
200007,1,2882.9999,2882.9999,False,1.0,"{""inversion_rho"":null,""inversion_channel"":11.5,""period_ms"":9.750008583068848}"
200007,1,2893.1,2893.1,False,1.0,"{""inversion_rho"":null,""inversion_channel"":26.0,""period_ms"":9.750008583068848}"
200007,1,2902.9,2902.9,False,1.0,"{""inversion_rho"":null,""inversion_channel"":27.5,""period_ms"":9.750008583068848}"
200007,1,2918.1001,2918.1001,False,1.0,"{""inversion_rho"":null,""inversion_channel"":25.0,""period_ms"":9.750008583068848}"
200007,1,2927.3,2927.3,False,1.0,"{""inversion_rho"":null,""inversion_channel"":26.0,""period_ms"":9.750008583068848}"
200007,1,2936.1,2936.1,False,1.0,"{""inversion_rho"":null,""inversion_channel"":25.5,""period_ms"":9.750008583068848}"
200007,1,2945.1001,2945.1001,False,1.0,"{""inversion_rho"":null,""inversion_channel"":27.5,""period_ms"":9.750008583068848}"
200007,1,2953.3999,2953.3999,False,1.0,"{""inversion_rho"":null,""inversion_channel"":27.0,""period_ms"":9.750008583068848}"
200007,1,2963.0001,2963.0001,False,1.0,"{""inversion_rho"":null,""inversion_channel"":27.0,""period_ms"":9.750008583068848}"
200007,1,2972.1999,2972.1999,False,0.875,"{""inversion_rho"":null,""inversion_channel"":26.5,""period_ms"":9.750008583068848}"
200007,1,2987.9999,2987.9999,False,0.625,"{""inversion_rho"":null,""inversion_channel"":24.5,""period_ms"":9.750008583068848}"
200007,1,2998.4,2998.4,False,1.0,"{""inversion_rho"":null,""inversion_channel"":25.5,""period_ms"":9.750008583068848}"
200007,1,3015.3,3015.3,False,0.375,"{""inversion_rho"":null,""inversion_channel"":24.0,""period_ms"":9.750008583068848}"
200007,1,3026.5,3026.5,False,1.0,"{""inversion_rho"":null,""inversion_channel"":39.0,""period_ms"":9.750008583068848}"
200007,1,3036.7,3036.7,False,1.0,"{""inversion_rho"":null,""inversion_channel"":26.5,""period_ms"":9.750008583068848}"
200007,1,3045.9001,3045.9001,False,1.0,"{""inversion_rho"":null,""inversion_channel"":12.5,""period_ms"":9.750008583068848}"
200007,1,3055.7001,3055.7001,False,0.875,"{""inversion_rho"":null,""inversion_channel"":12.5,""period_ms"":9.750008583068848}"
200007,1,3064.5001,3064.5001,False,1.0,"{""inversion_rho"":null,""inversion_channel"":24.0,""period_ms"":9.750008583068848}"
200007,1,3073.9,3073.9,False,1.0,"{""inversion_rho"":null,""inversion_channel"":25.0,""period_ms"":9.750008583068848}"
200007,1,3082.9,3082.9,False,1.0,"{""inversion_rho"":null,""inversion_channel"":39.5,""period_ms"":9.750008583068848}"
200007,1,3102.4001,3102.4001,False,1.0,"{""inversion_rho"":null,""inversion_channel"":12.5,""period_ms"":9.750008583068848}"
200007,1,3133.5001,3133.5001,False,1.0,"{""inversion_rho"":null,""inversion_channel"":27.5,""period_ms"":9.750008583068848}"
200007,1,3143.6999,3143.6999,False,1.0,"{""inversion_rho"":null,""inversion_channel"":12.5,""period_ms"":9.000062942504883}"
200007,1,3152.6999,3152.6999,False,1.0,"{""inversion_rho"":null,""inversion_channel"":12.5,""period_ms"":9.000062942504883}"
200007,1,3162.1001,3162.1001,False,1.0,"{""inversion_rho"":null,""inversion_channel"":36.0,""period_ms"":9.000062942504883}"
200007,1,3170.2001,3170.2001,False,1.0,"{""inversion_rho"":null,""inversion_channel"":27.5,""period_ms"":9.000062942504883}"
200007,1,3180.2001,3180.2001,False,1.0,"{""inversion_rho"":null,""inversion_channel"":42.0,""period_ms"":9.000062942504883}"
200007,1,3188.4,3188.4,False,1.0,"{""inversion_rho"":null,""inversion_channel"":23.5,""period_ms"":9.000062942504883}"
200007,1,3198.8001,3198.8001,False,1.0,"{""inversion_rho"":null,""inversion_channel"":23.5,""period_ms"":9.000062942504883}"
200007,1,3207.4001,3207.4001,False,1.0,"{""inversion_rho"":null,""inversion_channel"":27.5,""period_ms"":9.000062942504883}"
200007,1,3229.7001,3229.7001,False,1.0,"{""inversion_rho"":null,""inversion_channel"":38.5,""period_ms"":9.999990463256836}"
200007,1,3239.3,3239.3,False,1.0,"{""inversion_rho"":null,""inversion_channel"":27.5,""period_ms"":9.999990463256836}"
200007,1,3247.7,3247.7,False,1.0,"{""inversion_rho"":null,""inversion_channel"":24.5,""period_ms"":9.999990463256836}"
200007,1,3263.0999,3263.0999,False,1.0,"{""inversion_rho"":null,""inversion_channel"":26.0,""period_ms"":9.999990463256836}"
200007,1,3271.6,3271.6,False,1.0,"{""inversion_rho"":null,""inversion_channel"":26.5,""period_ms"":9.999990463256836}"
200007,1,3282.0001,3282.0001,False,1.0,"{""inversion_rho"":null,""inversion_channel"":26.5,""period_ms"":9.999990463256836}"
200007,1,3292.0001,3292.0001,False,1.0,"{""inversion_rho"":null,""inversion_channel"":27.0,""period_ms"":9.999990463256836}"
200007,1,3301.6,3301.6,False,1.0,"{""inversion_rho"":null,""inversion_channel"":25.0,""period_ms"":9.999990463256836}"
200007,1,3319.7,3319.7,False,1.0,"{""inversion_rho"":null,""inversion_channel"":38.5,""period_ms"":9.999990463256836}"
200007,1,3328.8,3328.8,False,0.75,"{""inversion_rho"":null,""inversion_channel"":42.0,""period_ms"":9.999990463256836}"
200007,1,3339.2,3339.2,False,1.0,"{""inversion_rho"":null,""inversion_channel"":26.5,""period_ms"":9.999990463256836}"
200007,1,3346.8001,3346.8001,False,1.0,"{""inversion_rho"":null,""inversion_channel"":24.5,""period_ms"":9.999990463256836}"
200007,1,3361.0001,3361.0001,False,1.0,"{""inversion_rho"":null,""inversion_channel"":37.5,""period_ms"":9.999990463256836}"
200007,1,3369.4,3369.4,False,1.0,"{""inversion_rho"":null,""inversion_channel"":25.5,""period_ms"":9.999990463256836}"
200007,1,3380.3999,3380.3999,False,1.0,"{""inversion_rho"":null,""inversion_channel"":12.0,""period_ms"":9.999990463256836}"
200007,1,3391.3,3391.3,False,1.0,"{""inversion_rho"":null,""inversion_channel"":25.5,""period_ms"":9.999990463256836}"
200007,1,3400.8999,3400.8999,False,0.75,"{""inversion_rho"":null,""inversion_channel"":27.0,""period_ms"":9.999990463256836}"
200007,1,3421.9999,3421.9999,False,1.0,"{""inversion_rho"":null,""inversion_channel"":23.5,""period_ms"":9.999990463256836}"
200007,1,3432.6999,3432.6999,False,1.0,"{""inversion_rho"":null,""inversion_channel"":26.5,""period_ms"":9.999990463256836}"
200007,1,3442.5001,3442.5001,False,1.0,"{""inversion_rho"":null,""inversion_channel"":27.5,""period_ms"":9.999990463256836}"
200007,1,3453.5,3453.5,False,1.0,"{""inversion_rho"":null,""inversion_channel"":11.5,""period_ms"":9.999990463256836}"
200007,1,3462.1,3462.1,False,1.0,"{""inversion_rho"":null,""inversion_channel"":38.0,""period_ms"":9.999990463256836}"
200007,1,3472.1,3472.1,False,1.0,"{""inversion_rho"":null,""inversion_channel"":12.0,""period_ms"":9.999990463256836}"
200007,1,3481.3001,3481.3001,False,1.0,"{""inversion_rho"":null,""inversion_channel"":26.0,""period_ms"":9.999990463256836}"
200007,1,3492.1999,3492.1999,False,1.0,"{""inversion_rho"":null,""inversion_channel"":12.0,""period_ms"":9.999990463256836}"
200007,1,3502.1,3502.1,False,1.0,"{""inversion_rho"":null,""inversion_channel"":27.0,""period_ms"":9.999990463256836}"
200007,1,3517.1001,3517.1001,False,1.0,"{""inversion_rho"":null,""inversion_channel"":24.5,""period_ms"":9.999990463256836}"
200007,1,3525.8,3525.8,False,1.0,"{""inversion_rho"":null,""inversion_channel"":24.5,""period_ms"":9.999990463256836}"
200007,1,3534.6999,3534.6999,False,1.0,"{""inversion_rho"":null,""inversion_channel"":24.0,""period_ms"":9.999990463256836}"
200007,1,3545.3999,3545.3999,False,1.0,"{""inversion_rho"":null,""inversion_channel"":12.5,""period_ms"":9.999990463256836}"
200007,1,3554.1999,3554.1999,False,1.0,"{""inversion_rho"":null,""inversion_channel"":26.5,""period_ms"":9.999990463256836}"
200007,1,3564.6,3564.6,False,1.0,"{""inversion_rho"":null,""inversion_channel"":27.5,""period_ms"":9.999990463256836}"
200007,1,3573.6001,3573.6001,False,1.0,"{""inversion_rho"":null,""inversion_channel"":38.0,""period_ms"":9.999990463256836}"
200007,1,3585.7,3585.7,False,0.5,"{""inversion_rho"":null,""inversion_channel"":25.5,""period_ms"":9.999990463256836}"
200007,1,3594.8999,3594.8999,False,1.0,"{""inversion_rho"":null,""inversion_channel"":26.0,""period_ms"":9.999990463256836}"
200007,1,3614.5999,3614.5999,False,1.0,"{""inversion_rho"":null,""inversion_channel"":38.5,""period_ms"":9.999990463256836}"
200007,1,3627.3,3627.3,False,1.0,"{""inversion_rho"":null,""inversion_channel"":27.5,""period_ms"":9.999990463256836}"
200007,1,3635.9,3635.9,False,1.0,"{""inversion_rho"":null,""inversion_channel"":25.0,""period_ms"":9.999990463256836}"
200007,1,3646.5001,3646.5001,False,1.0,"{""inversion_rho"":null,""inversion_channel"":12.5,""period_ms"":9.999990463256836}"
200007,1,3654.7,3654.7,False,1.0,"{""inversion_rho"":null,""inversion_channel"":26.5,""period_ms"":9.999990463256836}"
200007,1,3665.1001,3665.1001,False,1.0,"{""inversion_rho"":null,""inversion_channel"":12.5,""period_ms"":9.999990463256836}"
200007,1,3673.7001,3673.7001,False,1.0,"{""inversion_rho"":null,""inversion_channel"":27.5,""period_ms"":9.999990463256836}"
200007,1,3684.2999,3684.2999,False,1.0,"{""inversion_rho"":null,""inversion_channel"":35.5,""period_ms"":9.999990463256836}"
200007,1,3694.0,3694.0,False,1.0,"{""inversion_rho"":null,""inversion_channel"":12.5,""period_ms"":9.999990463256836}"
200007,1,3702.4,3702.4,False,1.0,"{""inversion_rho"":null,""inversion_channel"":25.0,""period_ms"":9.999990463256836}"
200007,1,3720.7999,3720.7999,False,1.0,"{""inversion_rho"":null,""inversion_channel"":36.5,""period_ms"":9.999990463256836}"
200007,1,3731.4999,3731.4999,False,1.0,"{""inversion_rho"":null,""inversion_channel"":36.5,""period_ms"":9.999990463256836}"
200007,1,3742.3999,3742.3999,False,1.0,"{""inversion_rho"":null,""inversion_channel"":12.5,""period_ms"":9.999990463256836}"
200007,1,3751.1001,3751.1001,False,1.0,"{""inversion_rho"":null,""inversion_channel"":12.5,""period_ms"":9.999990463256836}"
200007,1,3761.2,3761.2,False,1.0,"{""inversion_rho"":null,""inversion_channel"":12.0,""period_ms"":9.999990463256836}"
200007,1,3769.5999,3769.5999,False,1.0,"{""inversion_rho"":null,""inversion_channel"":26.0,""period_ms"":9.999990463256836}"
200007,1,3779.7999,3779.7999,False,1.0,"{""inversion_rho"":null,""inversion_channel"":11.5,""period_ms"":9.999990463256836}"
200007,1,3788.3,3788.3,False,1.0,"{""inversion_rho"":null,""inversion_channel"":39.5,""period_ms"":9.999990463256836}"
200007,1,3798.7001,3798.7001,False,1.0,"{""inversion_rho"":null,""inversion_channel"":12.5,""period_ms"":9.999990463256836}"
200007,1,3809.7999,3809.7999,False,1.0,"{""inversion_rho"":null,""inversion_channel"":27.5,""period_ms"":9.999990463256836}"
200007,1,3820.3001,3820.3001,False,1.0,"{""inversion_rho"":null,""inversion_channel"":39.5,""period_ms"":9.999990463256836}"
200007,1,3830.4999,3830.4999,False,0.75,"{""inversion_rho"":null,""inversion_channel"":12.5,""period_ms"":9.999990463256836}"
200007,1,3838.9001,3838.9001,False,1.0,"{""inversion_rho"":null,""inversion_channel"":24.5,""period_ms"":9.999990463256836}"
200007,1,3848.7,3848.7,False,1.0,"{""inversion_rho"":null,""inversion_channel"":12.5,""period_ms"":9.999990463256836}"
200007,1,3857.1,3857.1,False,1.0,"{""inversion_rho"":null,""inversion_channel"":27.5,""period_ms"":9.999990463256836}"
200007,1,3867.1999,3867.1999,False,1.0,"{""inversion_rho"":null,""inversion_channel"":11.5,""period_ms"":9.999990463256836}"
200007,1,3875.2999,3875.2999,False,1.0,"{""inversion_rho"":null,""inversion_channel"":27.5,""period_ms"":9.999990463256836}"
200007,1,3885.9,3885.9,False,1.0,"{""inversion_rho"":null,""inversion_channel"":27.5,""period_ms"":9.999990463256836}"
200007,1,3896.8999,3896.8999,False,1.0,"{""inversion_rho"":null,""inversion_channel"":37.5,""period_ms"":9.999990463256836}"
200007,1,3908.2,3908.2,False,1.0,"{""inversion_rho"":null,""inversion_channel"":25.0,""period_ms"":9.999990463256836}"
200007,1,3918.4999,3918.4999,False,1.0,"{""inversion_rho"":null,""inversion_channel"":25.5,""period_ms"":9.999990463256836}"
200007,1,3927.7999,3927.7999,False,0.875,"{""inversion_rho"":null,""inversion_channel"":26.0,""period_ms"":9.999990463256836}"
200007,1,3937.7999,3937.7999,False,1.0,"{""inversion_rho"":null,""inversion_channel"":37.5,""period_ms"":9.999990463256836}"
200007,1,3945.8001,3945.8001,False,1.0,"{""inversion_rho"":null,""inversion_channel"":24.0,""period_ms"":9.999990463256836}"
200007,1,3956.3,3956.3,False,0.5,"{""inversion_rho"":null,""inversion_channel"":26.0,""period_ms"":9.999990463256836}"
200007,1,3965.1,3965.1,False,1.0,"{""inversion_rho"":null,""inversion_channel"":25.5,""period_ms"":9.999990463256836}"
200007,1,3976.3999,3976.3999,False,1.0,"{""inversion_rho"":null,""inversion_channel"":11.5,""period_ms"":9.999990463256836}"
200007,1,3986.5,3986.5,False,0.5,"{""inversion_rho"":null,""inversion_channel"":24.5,""period_ms"":9.999990463256836}"
200007,1,3997.2,3997.2,False,1.0,"{""inversion_rho"":null,""inversion_channel"":24.5,""period_ms"":9.999990463256836}"
200007,1,4007.7,4007.7,False,0.75,"{""inversion_rho"":null,""inversion_channel"":34.5,""period_ms"":9.999990463256836}"
200007,1,4024.9,4024.9,False,1.0,"{""inversion_rho"":null,""inversion_channel"":24.0,""period_ms"":9.999990463256836}"
200007,1,4036.2,4036.2,False,1.0,"{""inversion_rho"":null,""inversion_channel"":38.5,""period_ms"":9.999990463256836}"
200007,1,4046.8001,4046.8001,False,1.0,"{""inversion_rho"":null,""inversion_channel"":12.5,""period_ms"":9.999990463256836}"
200007,1,4055.2001,4055.2001,False,1.0,"{""inversion_rho"":null,""inversion_channel"":26.5,""period_ms"":9.999990463256836}"
200007,1,4071.4998,4071.4998,False,1.0,"{""inversion_rho"":null,""inversion_channel"":25.0,""period_ms"":9.999990463256836}"
200007,1,4083.3998,4083.3998,False,0.75,"{""inversion_rho"":null,""inversion_channel"":11.5,""period_ms"":9.999990463256836}"
200007,1,4091.8002,4091.8002,False,0.75,"{""inversion_rho"":null,""inversion_channel"":25.0,""period_ms"":9.999990463256836}"
200007,1,4108.2001,4108.2001,False,1.0,"{""inversion_rho"":null,""inversion_channel"":38.5,""period_ms"":9.999990463256836}"
200007,1,4117.1999,4117.1999,False,1.0,"{""inversion_rho"":null,""inversion_channel"":35.5,""period_ms"":9.999990463256836}"
200007,1,4125.2999,4125.2999,False,1.0,"{""inversion_rho"":null,""inversion_channel"":24.0,""period_ms"":9.999990463256836}"
200007,1,4143.8999,4143.8999,False,1.0,"{""inversion_rho"":null,""inversion_channel"":37.5,""period_ms"":9.999990463256836}"
200007,1,4160.2998,4160.2998,False,1.0,"{""inversion_rho"":null,""inversion_channel"":26.5,""period_ms"":9.999990463256836}"
200007,1,4168.6001,4168.6001,False,1.0,"{""inversion_rho"":null,""inversion_channel"":38.0,""period_ms"":9.999990463256836}"
200007,1,4177.1998,4177.1998,False,0.875,"{""inversion_rho"":null,""inversion_channel"":24.5,""period_ms"":9.999990463256836}"
200007,1,4188.3001,4188.3001,False,1.0,"{""inversion_rho"":null,""inversion_channel"":20.0,""period_ms"":9.999990463256836}"
200007,1,4198.2002,4198.2002,False,1.0,"{""inversion_rho"":null,""inversion_channel"":26.0,""period_ms"":9.999990463256836}"
200007,1,4216.1002,4216.1002,False,1.0,"{""inversion_rho"":null,""inversion_channel"":37.5,""period_ms"":9.999990463256836}"
200007,1,4226.3999,4226.3999,False,1.0,"{""inversion_rho"":null,""inversion_channel"":27.0,""period_ms"":9.999990463256836}"
200007,1,4235.1999,4235.1999,False,0.875,"{""inversion_rho"":null,""inversion_channel"":27.0,""period_ms"":9.999990463256836}"
200007,1,4245.2998,4245.2998,False,1.0,"{""inversion_rho"":null,""inversion_channel"":27.5,""period_ms"":9.999990463256836}"
200007,1,4253.9001,4253.9001,False,1.0,"{""inversion_rho"":null,""inversion_channel"":25.5,""period_ms"":9.999990463256836}"
200007,1,4262.8002,4262.8002,False,1.0,"{""inversion_rho"":null,""inversion_channel"":26.5,""period_ms"":9.999990463256836}"
200007,1,4273.5,4273.5,False,1.0,"{""inversion_rho"":null,""inversion_channel"":12.5,""period_ms"":9.999990463256836}"
200007,1,4282.3,4282.3,False,1.0,"{""inversion_rho"":null,""inversion_channel"":24.5,""period_ms"":9.999990463256836}"
200007,1,4300.0998,4300.0998,False,1.0,"{""inversion_rho"":null,""inversion_channel"":12.5,""period_ms"":9.999990463256836}"
200007,1,4317.4,4317.4,False,1.0,"{""inversion_rho"":null,""inversion_channel"":35.5,""period_ms"":9.999990463256836}"
200007,1,4326.2,4326.2,False,1.0,"{""inversion_rho"":null,""inversion_channel"":27.0,""period_ms"":9.999990463256836}"
200007,1,4337.5001,4337.5001,False,0.625,"{""inversion_rho"":null,""inversion_channel"":12.5,""period_ms"":9.999990463256836}"
200007,1,4345.6998,4345.6998,False,1.0,"{""inversion_rho"":null,""inversion_channel"":27.0,""period_ms"":9.999990463256836}"
200007,1,4354.0001,4354.0001,False,1.0,"{""inversion_rho"":null,""inversion_channel"":27.5,""period_ms"":9.999990463256836}"
200007,1,4362.5998,4362.5998,False,1.0,"{""inversion_rho"":null,""inversion_channel"":27.5,""period_ms"":9.999990463256836}"
200007,1,4372.0002,4372.0002,False,0.875,"{""inversion_rho"":null,""inversion_channel"":26.5,""period_ms"":9.999990463256836}"
200007,1,4380.1999,4380.1999,False,1.0,"{""inversion_rho"":null,""inversion_channel"":26.0,""period_ms"":9.999990463256836}"
200007,1,4386.7998,4386.7998,False,0.75,"{""inversion_rho"":null,""inversion_channel"":42.5,""period_ms"":9.999990463256836}"
200007,1,4399.7002,4399.7002,False,1.0,"{""inversion_rho"":null,""inversion_channel"":27.0,""period_ms"":9.999990463256836}"
200007,1,4406.4002,4406.4002,False,0.875,"{""inversion_rho"":null,""inversion_channel"":25.0,""period_ms"":9.999990463256836}"
200007,1,4421.5002,4421.5002,False,1.0,"{""inversion_rho"":null,""inversion_channel"":35.5,""period_ms"":9.999990463256836}"
200007,1,4430.3002,4430.3002,False,1.0,"{""inversion_rho"":null,""inversion_channel"":27.5,""period_ms"":9.999990463256836}"
200007,1,4441.4001,4441.4001,False,1.0,"{""inversion_rho"":null,""inversion_channel"":12.5,""period_ms"":9.999990463256836}"
200007,1,4449.3999,4449.3999,False,1.0,"{""inversion_rho"":null,""inversion_channel"":27.5,""period_ms"":9.999990463256836}"
200007,1,4459.4002,4459.4002,False,1.0,"{""inversion_rho"":null,""inversion_channel"":12.5,""period_ms"":9.999990463256836}"
200007,1,4467.8001,4467.8001,False,1.0,"{""inversion_rho"":null,""inversion_channel"":12.5,""period_ms"":9.999990463256836}"
200007,1,4477.5,4477.5,False,1.0,"{""inversion_rho"":null,""inversion_channel"":12.5,""period_ms"":9.999990463256836}"
200007,1,4489.6998,4489.6998,False,1.0,"{""inversion_rho"":null,""inversion_channel"":21.5,""period_ms"":9.999990463256836}"
200007,1,4498.0998,4498.0998,False,1.0,"{""inversion_rho"":null,""inversion_channel"":25.0,""period_ms"":9.999990463256836}"
200007,1,4513.8998,4513.8998,False,1.0,"{""inversion_rho"":null,""inversion_channel"":38.5,""period_ms"":9.999990463256836}"
200007,1,4523.7999,4523.7999,False,1.0,"{""inversion_rho"":null,""inversion_channel"":26.5,""period_ms"":9.999990463256836}"
200007,1,4533.9999,4533.9999,False,1.0,"{""inversion_rho"":null,""inversion_channel"":12.5,""period_ms"":9.999990463256836}"
200007,1,4544.0998,4544.0998,False,0.875,"{""inversion_rho"":null,""inversion_channel"":27.5,""period_ms"":9.999990463256836}"
200007,1,4552.3,4552.3,False,1.0,"{""inversion_rho"":null,""inversion_channel"":27.0,""period_ms"":9.999990463256836}"
200007,1,4560.5998,4560.5998,False,1.0,"{""inversion_rho"":null,""inversion_channel"":26.5,""period_ms"":9.999990463256836}"
200007,1,4566.8998,4566.8998,False,0.875,"{""inversion_rho"":null,""inversion_channel"":42.0,""period_ms"":9.999990463256836}"
200007,1,4576.0002,4576.0002,False,1.0,"{""inversion_rho"":null,""inversion_channel"":11.5,""period_ms"":9.999990463256836}"
200007,1,4585.7,4585.7,False,1.0,"{""inversion_rho"":null,""inversion_channel"":24.5,""period_ms"":9.999990463256836}"
200007,1,4616.4999,4616.4999,False,1.0,"{""inversion_rho"":null,""inversion_channel"":23.5,""period_ms"":12.149810791015625}"
200007,1,4626.4,4626.4,False,1.0,"{""inversion_rho"":null,""inversion_channel"":24.0,""period_ms"":12.149810791015625}"
200007,1,4636.4002,4636.4002,False,1.0,"{""inversion_rho"":null,""inversion_channel"":24.0,""period_ms"":12.149810791015625}"
200007,1,4644.1002,4644.1002,False,1.0,"{""inversion_rho"":null,""inversion_channel"":24.5,""period_ms"":12.149810791015625}"
200007,1,4657.1002,4657.1002,False,1.0,"{""inversion_rho"":null,""inversion_channel"":20.5,""period_ms"":12.149810791015625}"
200007,1,4668.3998,4668.3998,False,1.0,"{""inversion_rho"":null,""inversion_channel"":22.5,""period_ms"":12.149810791015625}"
200007,1,4676.7001,4676.7001,False,1.0,"{""inversion_rho"":null,""inversion_channel"":23.0,""period_ms"":12.149810791015625}"
200007,1,4683.4998,4683.4998,False,0.75,"{""inversion_rho"":null,""inversion_channel"":37.5,""period_ms"":12.149810791015625}"
200007,1,4694.3002,4694.3002,False,1.0,"{""inversion_rho"":null,""inversion_channel"":19.0,""period_ms"":12.149810791015625}"
200007,1,4706.5001,4706.5001,False,1.0,"{""inversion_rho"":null,""inversion_channel"":21.5,""period_ms"":12.149810791015625}"
200007,1,4721.6001,4721.6001,False,1.0,"{""inversion_rho"":null,""inversion_channel"":11.5,""period_ms"":12.149810791015625}"
200007,1,4736.4001,4736.4001,False,1.0,"{""inversion_rho"":null,""inversion_channel"":12.5,""period_ms"":12.149810791015625}"
200007,1,4754.4999,4754.4999,False,1.0,"{""inversion_rho"":null,""inversion_channel"":11.5,""period_ms"":12.149810791015625}"
200007,1,4768.7001,4768.7001,False,1.0,"{""inversion_rho"":null,""inversion_channel"":33.5,""period_ms"":12.149810791015625}"
200007,1,4779.6998,4779.6998,False,1.0,"{""inversion_rho"":null,""inversion_channel"":19.0,""period_ms"":12.149810791015625}"
200007,1,4801.4002,4801.4002,False,1.0,"{""inversion_rho"":null,""inversion_channel"":14.5,""period_ms"":12.149810791015625}"
200007,1,4815.8002,4815.8002,False,1.0,"{""inversion_rho"":null,""inversion_channel"":12.5,""period_ms"":12.149810791015625}"
200007,1,4833.0002,4833.0002,False,1.0,"{""inversion_rho"":null,""inversion_channel"":12.0,""period_ms"":12.149810791015625}"
200007,1,4845.0999,4845.0999,False,1.0,"{""inversion_rho"":null,""inversion_channel"":14.0,""period_ms"":12.149810791015625}"
200007,1,1267.7,1855.9,True,1.0,"{""inversion_rho"":null,""inversion_channel"":18.5,""period_ms"":34.29996967315674}"
200007,1,1866.7001,2494.4999,True,1.0,"{""inversion_rho"":null,""inversion_channel"":39.0,""period_ms"":9.900093078613281}"
200007,1,2516.4001,3133.5001,True,1.0,"{""inversion_rho"":null,""inversion_channel"":26.5,""period_ms"":9.750008583068848}"
200007,1,3143.6999,3207.4001,True,1.0,"{""inversion_rho"":null,""inversion_channel"":25.5,""period_ms"":9.000062942504883}"
200007,1,3229.7001,4585.7,True,1.0,"{""inversion_rho"":null,""inversion_channel"":26.0,""period_ms"":9.999990463256836}"
200007,1,4616.4999,4845.0999,True,1.0,"{""inversion_rho"":null,""inversion_channel"":20.5,""period_ms"":12.149810791015625}"
200009,1,61.0,61.0,False,0.625,"{""inversion_rho"":null,""inversion_channel"":7.5,""period_ms"":null}"
200009,1,94.4,94.4,False,1.0,"{""inversion_rho"":null,""inversion_channel"":8.5,""period_ms"":null}"
200009,1,1289.3,1289.3,False,1.0,"{""inversion_rho"":null,""inversion_channel"":18.0,""period_ms"":9.950041770935059}"
200009,1,1320.0001,1320.0001,False,1.0,"{""inversion_rho"":null,""inversion_channel"":18.0,""period_ms"":9.950041770935059}"
200009,1,1356.4,1356.4,False,1.0,"{""inversion_rho"":null,""inversion_channel"":18.5,""period_ms"":9.950041770935059}"
200009,1,1386.4,1386.4,False,1.0,"{""inversion_rho"":null,""inversion_channel"":17.5,""period_ms"":9.950041770935059}"
200009,1,1421.9,1421.9,False,1.0,"{""inversion_rho"":null,""inversion_channel"":17.0,""period_ms"":9.950041770935059}"
200009,1,1463.9,1463.9,False,1.0,"{""inversion_rho"":null,""inversion_channel"":16.5,""period_ms"":9.950041770935059}"
200009,1,1509.6,1509.6,False,0.75,"{""inversion_rho"":null,""inversion_channel"":16.5,""period_ms"":9.950041770935059}"
200009,1,1553.5001,1553.5001,False,1.0,"{""inversion_rho"":null,""inversion_channel"":17.0,""period_ms"":9.950041770935059}"
200009,1,1596.8,1596.8,False,0.875,"{""inversion_rho"":null,""inversion_channel"":18.5,""period_ms"":9.950041770935059}"
200009,1,1639.7001,1639.7001,False,1.0,"{""inversion_rho"":null,""inversion_channel"":39.5,""period_ms"":9.950041770935059}"
200009,1,1679.4,1679.4,False,1.0,"{""inversion_rho"":null,""inversion_channel"":40.0,""period_ms"":9.950041770935059}"
200009,1,1715.0,1715.0,False,1.0,"{""inversion_rho"":null,""inversion_channel"":40.0,""period_ms"":9.950041770935059}"
200009,1,1742.9,1742.9,False,1.0,"{""inversion_rho"":null,""inversion_channel"":40.5,""period_ms"":9.950041770935059}"
200009,1,1770.3,1770.3,False,1.0,"{""inversion_rho"":null,""inversion_channel"":40.5,""period_ms"":9.950041770935059}"
200009,1,1786.9999,1786.9999,False,1.0,"{""inversion_rho"":null,""inversion_channel"":38.5,""period_ms"":9.950041770935059}"
200009,1,1797.6,1797.6,False,1.0,"{""inversion_rho"":null,""inversion_channel"":27.0,""period_ms"":9.950041770935059}"
200009,1,1821.9,1821.9,False,1.0,"{""inversion_rho"":null,""inversion_channel"":41.5,""period_ms"":9.950041770935059}"
200009,1,1838.7001,1838.7001,False,1.0,"{""inversion_rho"":null,""inversion_channel"":39.5,""period_ms"":9.950041770935059}"
200009,1,1847.9,1847.9,False,1.0,"{""inversion_rho"":null,""inversion_channel"":41.5,""period_ms"":9.950041770935059}"
200009,1,1858.7,1858.7,False,1.0,"{""inversion_rho"":null,""inversion_channel"":40.0,""period_ms"":9.950041770935059}"
200009,1,1867.2,1867.2,False,1.0,"{""inversion_rho"":null,""inversion_channel"":41.5,""period_ms"":9.950041770935059}"
200009,1,1876.3,1876.3,False,1.0,"{""inversion_rho"":null,""inversion_channel"":39.5,""period_ms"":9.950041770935059}"
200009,1,1888.1,1888.1,False,1.0,"{""inversion_rho"":null,""inversion_channel"":37.5,""period_ms"":9.950041770935059}"
200009,1,1896.3,1896.3,False,1.0,"{""inversion_rho"":null,""inversion_channel"":41.0,""period_ms"":9.950041770935059}"
200009,1,1914.5,1914.5,False,1.0,"{""inversion_rho"":null,""inversion_channel"":40.5,""period_ms"":9.950041770935059}"
200009,1,1924.8,1924.8,False,1.0,"{""inversion_rho"":null,""inversion_channel"":42.5,""period_ms"":9.950041770935059}"
200009,1,1934.9,1934.9,False,1.0,"{""inversion_rho"":null,""inversion_channel"":40.5,""period_ms"":9.950041770935059}"
200009,1,1946.9,1946.9,False,1.0,"{""inversion_rho"":null,""inversion_channel"":40.5,""period_ms"":9.950041770935059}"
200009,1,1955.1001,1955.1001,False,1.0,"{""inversion_rho"":null,""inversion_channel"":41.0,""period_ms"":9.950041770935059}"
200009,1,1964.2,1964.2,False,1.0,"{""inversion_rho"":null,""inversion_channel"":40.5,""period_ms"":9.950041770935059}"
200009,1,1978.4,1978.4,False,1.0,"{""inversion_rho"":null,""inversion_channel"":40.5,""period_ms"":9.950041770935059}"
200009,1,1986.5,1986.5,False,1.0,"{""inversion_rho"":null,""inversion_channel"":40.0,""period_ms"":9.950041770935059}"
200009,1,2003.5,2003.5,False,1.0,"{""inversion_rho"":null,""inversion_channel"":39.5,""period_ms"":9.950041770935059}"
200009,1,2012.5999,2012.5999,False,1.0,"{""inversion_rho"":null,""inversion_channel"":41.0,""period_ms"":9.950041770935059}"
200009,1,2023.0,2023.0,False,1.0,"{""inversion_rho"":null,""inversion_channel"":40.0,""period_ms"":9.950041770935059}"
200009,1,2030.9,2030.9,False,1.0,"{""inversion_rho"":null,""inversion_channel"":43.5,""period_ms"":9.950041770935059}"
200009,1,2048.6,2048.6,False,1.0,"{""inversion_rho"":null,""inversion_channel"":40.5,""period_ms"":9.950041770935059}"
200009,1,2056.6001,2056.6001,False,1.0,"{""inversion_rho"":null,""inversion_channel"":42.5,""period_ms"":9.950041770935059}"
200009,1,2073.8001,2073.8001,False,1.0,"{""inversion_rho"":null,""inversion_channel"":40.5,""period_ms"":9.950041770935059}"
200009,1,2081.3,2081.3,False,1.0,"{""inversion_rho"":null,""inversion_channel"":43.5,""period_ms"":9.950041770935059}"
200009,1,2095.7999,2095.7999,False,1.0,"{""inversion_rho"":null,""inversion_channel"":40.5,""period_ms"":9.950041770935059}"
200009,1,2112.2,2112.2,False,1.0,"{""inversion_rho"":null,""inversion_channel"":37.5,""period_ms"":9.950041770935059}"
200009,1,2121.3,2121.3,False,1.0,"{""inversion_rho"":null,""inversion_channel"":43.0,""period_ms"":9.950041770935059}"
200009,1,2140.8,2140.8,False,1.0,"{""inversion_rho"":null,""inversion_channel"":39.5,""period_ms"":9.950041770935059}"
200009,1,2149.2,2149.2,False,1.0,"{""inversion_rho"":null,""inversion_channel"":40.5,""period_ms"":9.950041770935059}"
200009,1,2158.6001,2158.6001,False,1.0,"{""inversion_rho"":null,""inversion_channel"":38.5,""period_ms"":9.950041770935059}"
200009,1,2167.2001,2167.2001,False,1.0,"{""inversion_rho"":null,""inversion_channel"":24.0,""period_ms"":9.950041770935059}"
200009,1,2180.3,2180.3,False,1.0,"{""inversion_rho"":null,""inversion_channel"":41.5,""period_ms"":9.950041770935059}"
200009,1,2186.8999,2186.8999,False,1.0,"{""inversion_rho"":null,""inversion_channel"":24.5,""period_ms"":9.950041770935059}"
200009,1,2194.7,2194.7,False,1.0,"{""inversion_rho"":null,""inversion_channel"":39.0,""period_ms"":9.950041770935059}"
200009,1,2213.9001,2213.9001,False,1.0,"{""inversion_rho"":null,""inversion_channel"":39.0,""period_ms"":9.950041770935059}"
200009,1,2223.5999,2223.5999,False,1.0,"{""inversion_rho"":null,""inversion_channel"":40.5,""period_ms"":9.950041770935059}"
200009,1,2233.0999,2233.0999,False,1.0,"{""inversion_rho"":null,""inversion_channel"":39.5,""period_ms"":9.950041770935059}"
200009,1,2242.8999,2242.8999,False,1.0,"{""inversion_rho"":null,""inversion_channel"":39.5,""period_ms"":9.950041770935059}"
200009,1,2252.5001,2252.5001,False,1.0,"{""inversion_rho"":null,""inversion_channel"":25.5,""period_ms"":9.950041770935059}"
200009,1,2262.3999,2262.3999,False,1.0,"{""inversion_rho"":null,""inversion_channel"":39.0,""period_ms"":9.950041770935059}"
200009,1,2272.3999,2272.3999,False,1.0,"{""inversion_rho"":null,""inversion_channel"":24.0,""period_ms"":9.950041770935059}"
200009,1,2282.8,2282.8,False,1.0,"{""inversion_rho"":null,""inversion_channel"":11.5,""period_ms"":9.950041770935059}"
200009,1,2290.8001,2290.8001,False,1.0,"{""inversion_rho"":null,""inversion_channel"":41.5,""period_ms"":9.950041770935059}"
200009,1,2297.3001,2297.3001,False,0.875,"{""inversion_rho"":null,""inversion_channel"":25.5,""period_ms"":9.950041770935059}"
200009,1,2303.9999,2303.9999,False,0.875,"{""inversion_rho"":null,""inversion_channel"":40.0,""period_ms"":9.950041770935059}"
200009,1,2312.4001,2312.4001,False,1.0,"{""inversion_rho"":null,""inversion_channel"":25.5,""period_ms"":9.950041770935059}"
200009,1,2323.4999,2323.4999,False,1.0,"{""inversion_rho"":null,""inversion_channel"":37.5,""period_ms"":9.950041770935059}"
200009,1,2332.4001,2332.4001,False,1.0,"{""inversion_rho"":null,""inversion_channel"":27.5,""period_ms"":9.950041770935059}"
200009,1,2342.7999,2342.7999,False,1.0,"{""inversion_rho"":null,""inversion_channel"":12.5,""period_ms"":9.950041770935059}"
200009,1,2352.2,2352.2,False,0.5,"{""inversion_rho"":null,""inversion_channel"":27.5,""period_ms"":9.950041770935059}"
200009,1,2362.0,2362.0,False,1.0,"{""inversion_rho"":null,""inversion_channel"":24.5,""period_ms"":9.950041770935059}"
200009,1,2371.7,2371.7,False,1.0,"{""inversion_rho"":null,""inversion_channel"":27.5,""period_ms"":9.950041770935059}"
200009,1,2379.9,2379.9,False,1.0,"{""inversion_rho"":null,""inversion_channel"":39.5,""period_ms"":9.950041770935059}"
200009,1,2393.6,2393.6,False,1.0,"{""inversion_rho"":null,""inversion_channel"":27.0,""period_ms"":9.950041770935059}"
200009,1,2402.0,2402.0,False,1.0,"{""inversion_rho"":null,""inversion_channel"":24.5,""period_ms"":9.950041770935059}"
200009,1,2410.3999,2410.3999,False,1.0,"{""inversion_rho"":null,""inversion_channel"":22.5,""period_ms"":9.950041770935059}"
200009,1,2417.9001,2417.9001,False,1.0,"{""inversion_rho"":null,""inversion_channel"":25.5,""period_ms"":9.950041770935059}"
200009,1,2427.3,2427.3,False,1.0,"{""inversion_rho"":null,""inversion_channel"":40.0,""period_ms"":9.950041770935059}"
200009,1,2437.5999,2437.5999,False,1.0,"{""inversion_rho"":null,""inversion_channel"":39.5,""period_ms"":9.950041770935059}"
200009,1,2445.6999,2445.6999,False,1.0,"{""inversion_rho"":null,""inversion_channel"":27.5,""period_ms"":9.950041770935059}"
200009,1,2455.8001,2455.8001,False,1.0,"{""inversion_rho"":null,""inversion_channel"":26.5,""period_ms"":9.950041770935059}"
200009,1,2465.4,2465.4,False,1.0,"{""inversion_rho"":null,""inversion_channel"":27.5,""period_ms"":9.950041770935059}"
200009,1,2473.5,2473.5,False,1.0,"{""inversion_rho"":null,""inversion_channel"":24.0,""period_ms"":9.950041770935059}"
200009,1,2482.1,2482.1,False,1.0,"{""inversion_rho"":null,""inversion_channel"":40.5,""period_ms"":9.950041770935059}"
200009,1,2499.5,2499.5,False,1.0,"{""inversion_rho"":null,""inversion_channel"":25.5,""period_ms"":9.950041770935059}"
200009,1,2512.5,2512.5,False,1.0,"{""inversion_rho"":null,""inversion_channel"":26.0,""period_ms"":9.950041770935059}"
200009,1,2522.7001,2522.7001,False,1.0,"{""inversion_rho"":null,""inversion_channel"":27.5,""period_ms"":9.950041770935059}"
200009,1,2533.0,2533.0,False,1.0,"{""inversion_rho"":null,""inversion_channel"":39.5,""period_ms"":9.950041770935059}"
200009,1,2541.8,2541.8,False,1.0,"{""inversion_rho"":null,""inversion_channel"":27.0,""period_ms"":9.950041770935059}"
200009,1,2549.9001,2549.9001,False,1.0,"{""inversion_rho"":null,""inversion_channel"":39.0,""period_ms"":9.950041770935059}"
200009,1,2559.0999,2559.0999,False,1.0,"{""inversion_rho"":null,""inversion_channel"":27.5,""period_ms"":9.950041770935059}"
200009,1,2580.1001,2580.1001,False,1.0,"{""inversion_rho"":null,""inversion_channel"":25.0,""period_ms"":9.950041770935059}"
200009,1,2588.9001,2588.9001,False,1.0,"{""inversion_rho"":null,""inversion_channel"":42.0,""period_ms"":9.950041770935059}"
200009,1,2599.1001,2599.1001,False,1.0,"{""inversion_rho"":null,""inversion_channel"":12.5,""period_ms"":9.950041770935059}"
200009,1,2614.5,2614.5,False,1.0,"{""inversion_rho"":null,""inversion_channel"":36.5,""period_ms"":9.950041770935059}"
200009,1,2624.3999,2624.3999,False,1.0,"{""inversion_rho"":null,""inversion_channel"":26.5,""period_ms"":9.950041770935059}"
200009,1,2634.3,2634.3,False,0.875,"{""inversion_rho"":null,""inversion_channel"":12.5,""period_ms"":9.950041770935059}"
200009,1,2642.2,2642.2,False,1.0,"{""inversion_rho"":null,""inversion_channel"":25.0,""period_ms"":9.950041770935059}"
200009,1,2656.4,2656.4,False,1.0,"{""inversion_rho"":null,""inversion_channel"":26.0,""period_ms"":9.950041770935059}"
200009,1,2665.4,2665.4,False,1.0,"{""inversion_rho"":null,""inversion_channel"":37.0,""period_ms"":9.950041770935059}"
200009,1,2674.5,2674.5,False,1.0,"{""inversion_rho"":null,""inversion_channel"":27.5,""period_ms"":9.950041770935059}"
200009,1,2681.7,2681.7,False,1.0,"{""inversion_rho"":null,""inversion_channel"":26.0,""period_ms"":9.950041770935059}"
200009,1,2692.6,2692.6,False,0.5,"{""inversion_rho"":null,""inversion_channel"":26.5,""period_ms"":9.950041770935059}"
200009,1,2700.7,2700.7,False,1.0,"{""inversion_rho"":null,""inversion_channel"":23.5,""period_ms"":9.950041770935059}"
200009,1,2709.5001,2709.5001,False,1.0,"{""inversion_rho"":null,""inversion_channel"":39.0,""period_ms"":9.950041770935059}"
200009,1,2722.1999,2722.1999,False,1.0,"{""inversion_rho"":null,""inversion_channel"":23.0,""period_ms"":9.950041770935059}"
200009,1,2752.3999,2752.3999,False,1.0,"{""inversion_rho"":null,""inversion_channel"":38.0,""period_ms"":9.950041770935059}"
200009,1,2760.6001,2760.6001,False,1.0,"{""inversion_rho"":null,""inversion_channel"":23.5,""period_ms"":9.999990463256836}"
200009,1,2767.7,2767.7,False,0.875,"{""inversion_rho"":null,""inversion_channel"":38.5,""period_ms"":9.999990463256836}"
200009,1,2776.5999,2776.5999,False,1.0,"{""inversion_rho"":null,""inversion_channel"":24.5,""period_ms"":9.999990463256836}"
200009,1,2787.4,2787.4,False,1.0,"{""inversion_rho"":null,""inversion_channel"":27.5,""period_ms"":9.999990463256836}"
200009,1,2797.4,2797.4,False,0.75,"{""inversion_rho"":null,""inversion_channel"":27.5,""period_ms"":9.999990463256836}"
200009,1,2812.5999,2812.5999,False,1.0,"{""inversion_rho"":null,""inversion_channel"":24.0,""period_ms"":9.999990463256836}"
200009,1,2822.9001,2822.9001,False,1.0,"{""inversion_rho"":null,""inversion_channel"":27.0,""period_ms"":9.999990463256836}"
200009,1,2833.4999,2833.4999,False,1.0,"{""inversion_rho"":null,""inversion_channel"":25.5,""period_ms"":9.999990463256836}"
200009,1,2841.1,2841.1,False,1.0,"{""inversion_rho"":null,""inversion_channel"":25.0,""period_ms"":9.999990463256836}"
200009,1,2852.6001,2852.6001,False,1.0,"{""inversion_rho"":null,""inversion_channel"":24.5,""period_ms"":9.999990463256836}"
200009,1,2862.6001,2862.6001,False,0.875,"{""inversion_rho"":null,""inversion_channel"":26.5,""period_ms"":9.999990463256836}"
200009,1,2874.3999,2874.3999,False,1.0,"{""inversion_rho"":null,""inversion_channel"":11.5,""period_ms"":9.999990463256836}"
200009,1,2882.4999,2882.4999,False,1.0,"{""inversion_rho"":null,""inversion_channel"":24.5,""period_ms"":9.999990463256836}"
200009,1,2889.6999,2889.6999,False,1.0,"{""inversion_rho"":null,""inversion_channel"":39.5,""period_ms"":9.999990463256836}"
200009,1,2897.5,2897.5,False,1.0,"{""inversion_rho"":null,""inversion_channel"":25.5,""period_ms"":9.999990463256836}"
200009,1,2918.2999,2918.2999,False,1.0,"{""inversion_rho"":null,""inversion_channel"":22.5,""period_ms"":9.399890899658203}"
200009,1,2935.4999,2935.4999,False,1.0,"{""inversion_rho"":null,""inversion_channel"":39.5,""period_ms"":9.399890899658203}"
200009,1,2944.4001,2944.4001,False,1.0,"{""inversion_rho"":null,""inversion_channel"":38.5,""period_ms"":9.399890899658203}"
200009,1,2955.2,2955.2,False,1.0,"{""inversion_rho"":null,""inversion_channel"":24.5,""period_ms"":9.399890899658203}"
200009,1,2964.0999,2964.0999,False,1.0,"{""inversion_rho"":null,""inversion_channel"":24.0,""period_ms"":9.399890899658203}"
200009,1,2971.8001,2971.8001,False,1.0,"{""inversion_rho"":null,""inversion_channel"":24.5,""period_ms"":9.399890899658203}"
200009,1,2980.6001,2980.6001,False,1.0,"{""inversion_rho"":null,""inversion_channel"":25.0,""period_ms"":9.399890899658203}"
200009,1,2990.2999,2990.2999,False,0.875,"{""inversion_rho"":null,""inversion_channel"":25.5,""period_ms"":9.399890899658203}"
200009,1,2999.3,2999.3,False,1.0,"{""inversion_rho"":null,""inversion_channel"":39.0,""period_ms"":9.399890899658203}"
200009,1,3008.6999,3008.6999,False,1.0,"{""inversion_rho"":null,""inversion_channel"":38.0,""period_ms"":9.399890899658203}"
200009,1,3018.5001,3018.5001,False,1.0,"{""inversion_rho"":null,""inversion_channel"":24.0,""period_ms"":9.399890899658203}"
200009,1,3028.7001,3028.7001,False,1.0,"{""inversion_rho"":null,""inversion_channel"":26.0,""period_ms"":9.399890899658203}"
200009,1,3057.8001,3057.8001,False,1.0,"{""inversion_rho"":null,""inversion_channel"":39.0,""period_ms"":17.65000820159912}"
200009,1,3069.9,3069.9,False,0.875,"{""inversion_rho"":null,""inversion_channel"":26.0,""period_ms"":17.65000820159912}"
200009,1,3077.6,3077.6,False,1.0,"{""inversion_rho"":null,""inversion_channel"":20.5,""period_ms"":17.65000820159912}"
200009,1,3095.2001,3095.2001,False,1.0,"{""inversion_rho"":null,""inversion_channel"":12.5,""period_ms"":17.65000820159912}"
200009,1,3115.0999,3115.0999,False,1.0,"{""inversion_rho"":null,""inversion_channel"":38.5,""period_ms"":17.65000820159912}"
200009,1,3125.2,3125.2,False,1.0,"{""inversion_rho"":null,""inversion_channel"":39.5,""period_ms"":17.65000820159912}"
200009,1,3145.2999,3145.2999,False,1.0,"{""inversion_rho"":null,""inversion_channel"":40.5,""period_ms"":17.65000820159912}"
200009,1,3169.1999,3169.1999,False,1.0,"{""inversion_rho"":null,""inversion_channel"":26.0,""period_ms"":17.65000820159912}"
200009,1,3186.8999,3186.8999,False,1.0,"{""inversion_rho"":null,""inversion_channel"":12.5,""period_ms"":17.65000820159912}"
200009,1,3193.5999,3193.5999,False,1.0,"{""inversion_rho"":null,""inversion_channel"":42.0,""period_ms"":9.999990463256836}"
200009,1,3211.4,3211.4,False,1.0,"{""inversion_rho"":null,""inversion_channel"":24.5,""period_ms"":9.999990463256836}"
200009,1,3221.4,3221.4,False,1.0,"{""inversion_rho"":null,""inversion_channel"":27.0,""period_ms"":9.999990463256836}"
200009,1,3240.4001,3240.4001,False,1.0,"{""inversion_rho"":null,""inversion_channel"":38.5,""period_ms"":9.999990463256836}"
200009,1,3250.0999,3250.0999,False,0.5,"{""inversion_rho"":null,""inversion_channel"":27.5,""period_ms"":9.999990463256836}"
200009,1,3266.0,3266.0,False,1.0,"{""inversion_rho"":null,""inversion_channel"":26.0,""period_ms"":9.999990463256836}"
200009,1,3275.8999,3275.8999,False,1.0,"{""inversion_rho"":null,""inversion_channel"":37.0,""period_ms"":9.999990463256836}"
200009,1,3284.2,3284.2,False,1.0,"{""inversion_rho"":null,""inversion_channel"":24.5,""period_ms"":9.999990463256836}"
200009,1,3292.1,3292.1,False,1.0,"{""inversion_rho"":null,""inversion_channel"":25.5,""period_ms"":9.999990463256836}"
200009,1,3299.7999,3299.7999,False,1.0,"{""inversion_rho"":null,""inversion_channel"":24.0,""period_ms"":9.999990463256836}"
200009,1,3317.8999,3317.8999,False,1.0,"{""inversion_rho"":null,""inversion_channel"":22.5,""period_ms"":9.999990463256836}"
200009,1,3328.5999,3328.5999,False,1.0,"{""inversion_rho"":null,""inversion_channel"":24.0,""period_ms"":9.999990463256836}"
200009,1,3338.3999,3338.3999,False,1.0,"{""inversion_rho"":null,""inversion_channel"":27.5,""period_ms"":9.999990463256836}"
200009,1,3345.9001,3345.9001,False,1.0,"{""inversion_rho"":null,""inversion_channel"":39.5,""period_ms"":9.999990463256836}"
200009,1,3358.5,3358.5,False,1.0,"{""inversion_rho"":null,""inversion_channel"":23.0,""period_ms"":9.999990463256836}"
200009,1,3380.8999,3380.8999,False,1.0,"{""inversion_rho"":null,""inversion_channel"":23.5,""period_ms"":9.999990463256836}"
200009,1,3389.6,3389.6,False,1.0,"{""inversion_rho"":null,""inversion_channel"":26.0,""period_ms"":11.700034141540527}"
200009,1,3399.1001,3399.1001,False,0.25,"{""inversion_rho"":null,""inversion_channel"":40.5,""period_ms"":11.700034141540527}"
200009,1,3412.6,3412.6,False,1.0,"{""inversion_rho"":null,""inversion_channel"":22.5,""period_ms"":11.700034141540527}"
200009,1,3431.9,3431.9,False,1.0,"{""inversion_rho"":null,""inversion_channel"":38.0,""period_ms"":11.700034141540527}"
200009,1,3441.8001,3441.8001,False,1.0,"{""inversion_rho"":null,""inversion_channel"":27.0,""period_ms"":11.700034141540527}"
200009,1,3467.6001,3467.6001,False,1.0,"{""inversion_rho"":null,""inversion_channel"":38.5,""period_ms"":19.999980926513672}"
200009,1,3487.6001,3487.6001,False,1.0,"{""inversion_rho"":null,""inversion_channel"":25.0,""period_ms"":19.999980926513672}"
200009,1,3512.9001,3512.9001,False,1.0,"{""inversion_rho"":null,""inversion_channel"":38.0,""period_ms"":19.999980926513672}"
200009,1,3537.4999,3537.4999,False,1.0,"{""inversion_rho"":null,""inversion_channel"":22.5,""period_ms"":19.999980926513672}"
200009,1,3562.7999,3562.7999,False,1.0,"{""inversion_rho"":null,""inversion_channel"":37.5,""period_ms"":19.999980926513672}"
200009,1,3574.8999,3574.8999,False,1.0,"{""inversion_rho"":null,""inversion_channel"":23.5,""period_ms"":19.999980926513672}"
200009,1,3586.1001,3586.1001,False,1.0,"{""inversion_rho"":null,""inversion_channel"":25.0,""period_ms"":19.999980926513672}"
200009,1,3593.6,3593.6,False,0.5,"{""inversion_rho"":null,""inversion_channel"":23.5,""period_ms"":19.999980926513672}"
200009,1,3614.3999,3614.3999,False,1.0,"{""inversion_rho"":null,""inversion_channel"":38.5,""period_ms"":11.800050735473633}"
200009,1,3627.0001,3627.0001,False,1.0,"{""inversion_rho"":null,""inversion_channel"":43.0,""period_ms"":11.800050735473633}"
200009,1,3638.0,3638.0,False,1.0,"{""inversion_rho"":null,""inversion_channel"":27.5,""period_ms"":11.800050735473633}"
200009,1,3668.4999,3668.4999,False,1.0,"{""inversion_rho"":null,""inversion_channel"":38.0,""period_ms"":22.500038146972656}"
200009,1,3694.9999,3694.9999,False,1.0,"{""inversion_rho"":null,""inversion_channel"":35.5,""period_ms"":22.500038146972656}"
200009,1,3717.5,3717.5,False,1.0,"{""inversion_rho"":null,""inversion_channel"":39.5,""period_ms"":22.500038146972656}"
200009,1,3734.7,3734.7,False,1.0,"{""inversion_rho"":null,""inversion_channel"":25.5,""period_ms"":22.500038146972656}"
200009,1,3788.8,3788.8,False,1.0,"{""inversion_rho"":null,""inversion_channel"":35.5,""period_ms"":14.899969100952148}"
200009,1,3798.1999,3798.1999,False,0.5,"{""inversion_rho"":null,""inversion_channel"":11.5,""period_ms"":14.899969100952148}"
200009,1,3817.4,3817.4,False,1.0,"{""inversion_rho"":null,""inversion_channel"":24.0,""period_ms"":14.899969100952148}"
200009,1,3832.2999,3832.2999,False,1.0,"{""inversion_rho"":null,""inversion_channel"":27.0,""period_ms"":14.899969100952148}"
200009,1,3839.9,3839.9,False,1.0,"{""inversion_rho"":null,""inversion_channel"":42.5,""period_ms"":14.899969100952148}"
200009,1,3848.7,3848.7,False,1.0,"{""inversion_rho"":null,""inversion_channel"":12.5,""period_ms"":14.899969100952148}"
200009,1,3869.6001,3869.6001,False,1.0,"{""inversion_rho"":null,""inversion_channel"":38.5,""period_ms"":14.899969100952148}"
200009,1,3892.9,3892.9,False,1.0,"{""inversion_rho"":null,""inversion_channel"":24.5,""period_ms"":14.899969100952148}"
200009,1,3901.4001,3901.4001,False,1.0,"{""inversion_rho"":null,""inversion_channel"":41.5,""period_ms"":14.300107955932617}"
200009,1,3914.7999,3914.7999,False,1.0,"{""inversion_rho"":null,""inversion_channel"":38.0,""period_ms"":14.300107955932617}"
200009,1,3929.1,3929.1,False,1.0,"{""inversion_rho"":null,""inversion_channel"":37.5,""period_ms"":14.300107955932617}"
200009,1,3938.1001,3938.1001,False,1.0,"{""inversion_rho"":null,""inversion_channel"":23.5,""period_ms"":14.300107955932617}"
200009,1,3955.9,3955.9,False,1.0,"{""inversion_rho"":null,""inversion_channel"":38.5,""period_ms"":14.300107955932617}"
200009,1,3986.5,3986.5,False,1.0,"{""inversion_rho"":null,""inversion_channel"":22.0,""period_ms"":14.300107955932617}"
200009,1,3996.3,3996.3,False,1.0,"{""inversion_rho"":null,""inversion_channel"":27.5,""period_ms"":16.8001651763916}"
200009,1,4013.1001,4013.1001,False,1.0,"{""inversion_rho"":null,""inversion_channel"":23.0,""period_ms"":16.8001651763916}"
200009,1,4026.0,4026.0,False,1.0,"{""inversion_rho"":null,""inversion_channel"":25.0,""period_ms"":16.8001651763916}"
200009,1,4037.7998,4037.7998,False,0.875,"{""inversion_rho"":null,""inversion_channel"":19.5,""period_ms"":16.8001651763916}"
200009,1,4059.1998,4059.1998,False,1.0,"{""inversion_rho"":null,""inversion_channel"":22.5,""period_ms"":16.8001651763916}"
200009,1,4086.9002,4086.9002,False,1.0,"{""inversion_rho"":null,""inversion_channel"":23.0,""period_ms"":16.8001651763916}"
200009,1,4096.2,4096.2,False,1.0,"{""inversion_rho"":null,""inversion_channel"":27.0,""period_ms"":20.949840545654297}"
200009,1,4116.9,4116.9,False,1.0,"{""inversion_rho"":null,""inversion_channel"":22.0,""period_ms"":20.949840545654297}"
200009,1,4142.7999,4142.7999,False,1.0,"{""inversion_rho"":null,""inversion_channel"":22.0,""period_ms"":20.949840545654297}"
200009,1,4168.7999,4168.7999,False,1.0,"{""inversion_rho"":null,""inversion_channel"":22.0,""period_ms"":20.949840545654297}"
200009,1,4185.4,4185.4,False,1.0,"{""inversion_rho"":null,""inversion_channel"":18.5,""period_ms"":20.949840545654297}"
200009,1,4199.1,4199.1,False,1.0,"{""inversion_rho"":null,""inversion_channel"":25.5,""period_ms"":20.949840545654297}"
200009,1,4221.0999,4221.0999,False,1.0,"{""inversion_rho"":null,""inversion_channel"":38.5,""period_ms"":20.949840545654297}"
200009,1,4237.7,4237.7,False,1.0,"{""inversion_rho"":null,""inversion_channel"":27.5,""period_ms"":20.949840545654297}"
200009,1,4247.7002,4247.7002,False,0.875,"{""inversion_rho"":null,""inversion_channel"":27.5,""period_ms"":20.949840545654297}"
200009,1,4266.6001,4266.6001,False,1.0,"{""inversion_rho"":null,""inversion_channel"":25.0,""period_ms"":20.949840545654297}"
200009,1,4290.9999,4290.9999,False,1.0,"{""inversion_rho"":null,""inversion_channel"":38.5,""period_ms"":20.949840545654297}"
200009,1,4323.2002,4323.2002,False,1.0,"{""inversion_rho"":null,""inversion_channel"":35.5,""period_ms"":20.949840545654297}"
200009,1,4344.3999,4344.3999,False,1.0,"{""inversion_rho"":null,""inversion_channel"":24.0,""period_ms"":20.949840545654297}"
200009,1,4352.7002,4352.7002,False,0.75,"{""inversion_rho"":null,""inversion_channel"":42.5,""period_ms"":30.399799346923828}"
200009,1,4375.5999,4375.5999,False,1.0,"{""inversion_rho"":null,""inversion_channel"":38.5,""period_ms"":30.399799346923828}"
200009,1,4413.4998,4413.4998,False,1.0,"{""inversion_rho"":null,""inversion_channel"":39.0,""period_ms"":30.399799346923828}"
200009,1,4425.0998,4425.0998,False,1.0,"{""inversion_rho"":null,""inversion_channel"":21.5,""period_ms"":null}"
200009,1,4448.9002,4448.9002,False,1.0,"{""inversion_rho"":null,""inversion_channel"":35.5,""period_ms"":null}"
200009,1,4457.9,4457.9,False,1.0,"{""inversion_rho"":null,""inversion_channel"":25.0,""period_ms"":25.00009536743164}"
200009,1,4470.2001,4470.2001,False,1.0,"{""inversion_rho"":null,""inversion_channel"":35.5,""period_ms"":25.00009536743164}"
200009,1,4488.5998,4488.5998,False,1.0,"{""inversion_rho"":null,""inversion_channel"":25.0,""period_ms"":25.00009536743164}"
200009,1,4498.6,4498.6,False,1.0,"{""inversion_rho"":null,""inversion_channel"":27.5,""period_ms"":25.00009536743164}"
200009,1,4519.5999,4519.5999,False,1.0,"{""inversion_rho"":null,""inversion_channel"":22.5,""period_ms"":25.00009536743164}"
200009,1,4540.5998,4540.5998,False,1.0,"{""inversion_rho"":null,""inversion_channel"":23.5,""period_ms"":25.00009536743164}"
200009,1,4549.3002,4549.3002,False,0.875,"{""inversion_rho"":null,""inversion_channel"":41.5,""period_ms"":25.00009536743164}"
200009,1,4559.1002,4559.1002,False,1.0,"{""inversion_rho"":null,""inversion_channel"":39.0,""period_ms"":25.00009536743164}"
200009,1,4567.5001,4567.5001,False,1.0,"{""inversion_rho"":null,""inversion_channel"":23.0,""period_ms"":25.00009536743164}"
200009,1,4588.3002,4588.3002,False,1.0,"{""inversion_rho"":null,""inversion_channel"":21.5,""period_ms"":25.00009536743164}"
200009,1,4614.1,4614.1,False,1.0,"{""inversion_rho"":null,""inversion_channel"":37.0,""period_ms"":25.00009536743164}"
200009,1,4635.6001,4635.6001,False,1.0,"{""inversion_rho"":null,""inversion_channel"":12.5,""period_ms"":25.00009536743164}"
200009,1,4661.9,4661.9,False,1.0,"{""inversion_rho"":null,""inversion_channel"":36.5,""period_ms"":25.00009536743164}"
200009,1,4680.2001,4680.2001,False,1.0,"{""inversion_rho"":null,""inversion_channel"":11.5,""period_ms"":25.00009536743164}"
200009,1,4705.6999,4705.6999,False,1.0,"{""inversion_rho"":null,""inversion_channel"":11.5,""period_ms"":25.00009536743164}"
200009,1,4730.7,4730.7,False,1.0,"{""inversion_rho"":null,""inversion_channel"":36.5,""period_ms"":25.00009536743164}"
200009,1,4760.0999,4760.0999,False,1.0,"{""inversion_rho"":null,""inversion_channel"":12.0,""period_ms"":25.00009536743164}"
200009,1,4798.8,4798.8,False,1.0,"{""inversion_rho"":null,""inversion_channel"":12.0,""period_ms"":25.00009536743164}"
200009,1,4831.2001,4831.2001,False,1.0,"{""inversion_rho"":null,""inversion_channel"":37.5,""period_ms"":25.00009536743164}"
200009,1,4862.5998,4862.5998,False,0.5,"{""inversion_rho"":null,""inversion_channel"":28.5,""period_ms"":25.00009536743164}"
200009,1,4901.5999,4901.5999,False,1.0,"{""inversion_rho"":null,""inversion_channel"":37.0,""period_ms"":25.00009536743164}"
200009,1,4936.2998,4936.2998,False,1.0,"{""inversion_rho"":null,""inversion_channel"":38.0,""period_ms"":25.00009536743164}"
200009,1,4970.9001,4970.9001,False,1.0,"{""inversion_rho"":null,""inversion_channel"":13.5,""period_ms"":25.00009536743164}"
200009,1,5002.6002,5002.6002,False,0.25,"{""inversion_rho"":null,""inversion_channel"":35.5,""period_ms"":25.00009536743164}"
200009,1,5120.2002,5120.2002,False,1.0,"{""inversion_rho"":null,""inversion_channel"":17.5,""period_ms"":null}"
200009,1,1289.3,2752.3999,True,1.0,"{""inversion_rho"":null,""inversion_channel"":38.0,""period_ms"":9.950041770935059}"
200009,1,2760.6001,2897.5,True,1.0,"{""inversion_rho"":null,""inversion_channel"":25.5,""period_ms"":9.999990463256836}"
200009,1,2918.2999,3028.7001,True,1.0,"{""inversion_rho"":null,""inversion_channel"":25.25,""period_ms"":9.399890899658203}"
200009,1,3057.8001,3186.8999,True,1.0,"{""inversion_rho"":null,""inversion_channel"":26.0,""period_ms"":17.65000820159912}"
200009,1,3193.5999,3380.8999,True,1.0,"{""inversion_rho"":null,""inversion_channel"":25.75,""period_ms"":9.999990463256836}"
200009,1,3389.6,3441.8001,True,1.0,"{""inversion_rho"":null,""inversion_channel"":27.0,""period_ms"":11.700034141540527}"
200009,1,3467.6001,3593.6,True,1.0,"{""inversion_rho"":null,""inversion_channel"":25.0,""period_ms"":19.999980926513672}"
200009,1,3614.3999,3638.0,True,1.0,"{""inversion_rho"":null,""inversion_channel"":38.5,""period_ms"":11.800050735473633}"
200009,1,3668.4999,3734.7,True,1.0,"{""inversion_rho"":null,""inversion_channel"":36.75,""period_ms"":22.500038146972656}"
200009,1,3788.8,3892.9,True,1.0,"{""inversion_rho"":null,""inversion_channel"":25.75,""period_ms"":14.899969100952148}"
200009,1,3901.4001,3986.5,True,1.0,"{""inversion_rho"":null,""inversion_channel"":37.75,""period_ms"":14.300107955932617}"
200009,1,3996.3,4086.9002,True,1.0,"{""inversion_rho"":null,""inversion_channel"":23.0,""period_ms"":16.8001651763916}"
200009,1,4096.2,4344.3999,True,1.0,"{""inversion_rho"":null,""inversion_channel"":25.5,""period_ms"":20.949840545654297}"
200009,1,4352.7002,4413.4998,True,1.0,"{""inversion_rho"":null,""inversion_channel"":39.0,""period_ms"":30.399799346923828}"
200009,1,4457.9,5002.6002,True,1.0,"{""inversion_rho"":null,""inversion_channel"":26.25,""period_ms"":25.00009536743164}"
200012,1,1310.6,1310.6,False,1.0,"{""inversion_rho"":null,""inversion_channel"":18.5,""period_ms"":32.50002861022949}"
200012,1,1335.8001,1335.8001,False,1.0,"{""inversion_rho"":null,""inversion_channel"":20.5,""period_ms"":32.50002861022949}"
200012,1,1367.8,1367.8,False,1.0,"{""inversion_rho"":null,""inversion_channel"":18.5,""period_ms"":32.50002861022949}"
200012,1,1406.2999,1406.2999,False,1.0,"{""inversion_rho"":null,""inversion_channel"":18.5,""period_ms"":32.50002861022949}"
200012,1,1446.2,1446.2,False,1.0,"{""inversion_rho"":null,""inversion_channel"":17.5,""period_ms"":32.50002861022949}"
200012,1,1489.9,1489.9,False,1.0,"{""inversion_rho"":null,""inversion_channel"":16.5,""period_ms"":32.50002861022949}"
200012,1,1520.0,1520.0,False,1.0,"{""inversion_rho"":null,""inversion_channel"":17.5,""period_ms"":32.50002861022949}"
200012,1,1552.5,1552.5,False,1.0,"{""inversion_rho"":null,""inversion_channel"":17.0,""period_ms"":32.50002861022949}"
200012,1,1585.8999,1585.8999,False,1.0,"{""inversion_rho"":null,""inversion_channel"":15.5,""period_ms"":32.50002861022949}"
200012,1,1621.5,1621.5,False,1.0,"{""inversion_rho"":null,""inversion_channel"":16.5,""period_ms"":32.50002861022949}"
200012,1,1669.7,1669.7,False,1.0,"{""inversion_rho"":null,""inversion_channel"":40.0,""period_ms"":32.50002861022949}"
200012,1,1715.0,1715.0,False,1.0,"{""inversion_rho"":null,""inversion_channel"":41.5,""period_ms"":32.50002861022949}"
200012,1,1756.1001,1756.1001,False,1.0,"{""inversion_rho"":null,""inversion_channel"":41.0,""period_ms"":32.50002861022949}"
200012,1,1783.0,1783.0,False,1.0,"{""inversion_rho"":null,""inversion_channel"":13.0,""period_ms"":32.50002861022949}"
200012,1,1810.9,1810.9,False,1.0,"{""inversion_rho"":null,""inversion_channel"":40.0,""period_ms"":32.50002861022949}"
200012,1,1833.2,1833.2,False,0.875,"{""inversion_rho"":null,""inversion_channel"":9.5,""period_ms"":32.50002861022949}"
200012,1,1855.2001,1855.2001,False,1.0,"{""inversion_rho"":null,""inversion_channel"":40.5,""period_ms"":32.50002861022949}"
200012,1,1892.5,1892.5,False,1.0,"{""inversion_rho"":null,""inversion_channel"":14.5,""period_ms"":32.50002861022949}"
200012,1,1910.5,1910.5,False,1.0,"{""inversion_rho"":null,""inversion_channel"":20.5,""period_ms"":32.50002861022949}"
200012,1,1920.0,1920.0,False,1.0,"{""inversion_rho"":null,""inversion_channel"":39.5,""period_ms"":32.50002861022949}"
200012,1,1960.8001,1960.8001,False,1.0,"{""inversion_rho"":null,""inversion_channel"":41.5,""period_ms"":null}"
200012,1,1976.6001,1976.6001,False,1.0,"{""inversion_rho"":null,""inversion_channel"":13.5,""period_ms"":null}"
200012,1,2018.5001,2018.5001,False,1.0,"{""inversion_rho"":null,""inversion_channel"":42.0,""period_ms"":14.249920845031738}"
200012,1,2028.6,2028.6,False,0.375,"{""inversion_rho"":null,""inversion_channel"":43.5,""period_ms"":14.249920845031738}"
200012,1,2035.7001,2035.7001,False,1.0,"{""inversion_rho"":null,""inversion_channel"":9.5,""period_ms"":14.249920845031738}"
200012,1,2042.2001,2042.2001,False,0.75,"{""inversion_rho"":null,""inversion_channel"":8.5,""period_ms"":14.249920845031738}"
200012,1,2056.2999,2056.2999,False,1.0,"{""inversion_rho"":null,""inversion_channel"":40.0,""period_ms"":14.249920845031738}"
200012,1,2070.6999,2070.6999,False,1.0,"{""inversion_rho"":null,""inversion_channel"":40.5,""period_ms"":14.249920845031738}"
200012,1,2081.6,2081.6,False,1.0,"{""inversion_rho"":null,""inversion_channel"":12.0,""period_ms"":14.249920845031738}"
200012,1,2107.1999,2107.1999,False,1.0,"{""inversion_rho"":null,""inversion_channel"":38.5,""period_ms"":14.249920845031738}"
200012,1,2165.7,2165.7,False,1.0,"{""inversion_rho"":null,""inversion_channel"":38.5,""period_ms"":14.249920845031738}"
200012,1,2202.3001,2202.3001,False,1.0,"{""inversion_rho"":null,""inversion_channel"":20.5,""period_ms"":14.249920845031738}"
200012,1,2265.8999,2265.8999,False,1.0,"{""inversion_rho"":null,""inversion_channel"":23.0,""period_ms"":14.249920845031738}"
200012,1,2288.7001,2288.7001,False,1.0,"{""inversion_rho"":null,""inversion_channel"":20.0,""period_ms"":25.00009536743164}"
200012,1,2306.0,2306.0,False,1.0,"{""inversion_rho"":null,""inversion_channel"":39.0,""period_ms"":25.00009536743164}"
200012,1,2346.1001,2346.1001,False,1.0,"{""inversion_rho"":null,""inversion_channel"":10.5,""period_ms"":25.00009536743164}"
200012,1,2373.6,2373.6,False,1.0,"{""inversion_rho"":null,""inversion_channel"":10.5,""period_ms"":25.00009536743164}"
200012,1,2394.3999,2394.3999,False,1.0,"{""inversion_rho"":null,""inversion_channel"":17.5,""period_ms"":25.00009536743164}"
200012,1,2419.4,2419.4,False,1.0,"{""inversion_rho"":null,""inversion_channel"":38.5,""period_ms"":25.00009536743164}"
200012,1,2434.2999,2434.2999,False,1.0,"{""inversion_rho"":null,""inversion_channel"":17.5,""period_ms"":25.00009536743164}"
200012,1,2449.3999,2449.3999,False,1.0,"{""inversion_rho"":null,""inversion_channel"":34.0,""period_ms"":25.00009536743164}"
200012,1,2475.8999,2475.8999,False,1.0,"{""inversion_rho"":null,""inversion_channel"":18.5,""period_ms"":25.00009536743164}"
200012,1,2497.9999,2497.9999,False,1.0,"{""inversion_rho"":null,""inversion_channel"":22.5,""period_ms"":25.00009536743164}"
200012,1,2525.8,2525.8,False,1.0,"{""inversion_rho"":null,""inversion_channel"":19.0,""period_ms"":25.00009536743164}"
200012,1,2550.2999,2550.2999,False,1.0,"{""inversion_rho"":null,""inversion_channel"":21.0,""period_ms"":25.00009536743164}"
200012,1,2575.5,2575.5,False,1.0,"{""inversion_rho"":null,""inversion_channel"":37.0,""period_ms"":25.00009536743164}"
200012,1,2612.2999,2612.2999,False,1.0,"{""inversion_rho"":null,""inversion_channel"":41.0,""period_ms"":25.00009536743164}"
200012,1,2623.4,2623.4,False,0.75,"{""inversion_rho"":null,""inversion_channel"":17.0,""period_ms"":14.700055122375488}"
200012,1,2637.3,2637.3,False,1.0,"{""inversion_rho"":null,""inversion_channel"":10.5,""period_ms"":14.700055122375488}"
200012,1,2659.1001,2659.1001,False,1.0,"{""inversion_rho"":null,""inversion_channel"":41.0,""period_ms"":14.700055122375488}"
200012,1,2684.9999,2684.9999,False,1.0,"{""inversion_rho"":null,""inversion_channel"":40.0,""period_ms"":14.700055122375488}"
200012,1,2700.5,2700.5,False,1.0,"{""inversion_rho"":null,""inversion_channel"":14.5,""period_ms"":14.700055122375488}"
200012,1,2708.6,2708.6,False,0.875,"{""inversion_rho"":null,""inversion_channel"":14.0,""period_ms"":14.700055122375488}"
200012,1,2715.8999,2715.8999,False,1.0,"{""inversion_rho"":null,""inversion_channel"":10.5,""period_ms"":14.700055122375488}"
200012,1,2736.3,2736.3,False,1.0,"{""inversion_rho"":null,""inversion_channel"":10.5,""period_ms"":18.899917602539062}"
200012,1,2749.5999,2749.5999,False,1.0,"{""inversion_rho"":null,""inversion_channel"":40.5,""period_ms"":18.899917602539062}"
200012,1,2757.2,2757.2,False,1.0,"{""inversion_rho"":null,""inversion_channel"":37.5,""period_ms"":18.899917602539062}"
200012,1,2776.0999,2776.0999,False,1.0,"{""inversion_rho"":null,""inversion_channel"":10.5,""period_ms"":18.899917602539062}"
200012,1,2795.5,2795.5,False,1.0,"{""inversion_rho"":null,""inversion_channel"":32.5,""period_ms"":18.899917602539062}"
200012,1,2822.7999,2822.7999,False,1.0,"{""inversion_rho"":null,""inversion_channel"":10.5,""period_ms"":18.899917602539062}"
200012,1,2833.1001,2833.1001,False,1.0,"{""inversion_rho"":null,""inversion_channel"":18.5,""period_ms"":9.849905967712402}"
200012,1,2843.4999,2843.4999,False,1.0,"{""inversion_rho"":null,""inversion_channel"":18.5,""period_ms"":9.849905967712402}"
200012,1,2852.7999,2852.7999,False,1.0,"{""inversion_rho"":null,""inversion_channel"":37.0,""period_ms"":9.849905967712402}"
200012,1,2876.2,2876.2,False,1.0,"{""inversion_rho"":null,""inversion_channel"":10.5,""period_ms"":20.69997787475586}"
200012,1,2896.8999,2896.8999,False,1.0,"{""inversion_rho"":null,""inversion_channel"":19.5,""period_ms"":20.69997787475586}"
200012,1,2913.1999,2913.1999,False,0.375,"{""inversion_rho"":null,""inversion_channel"":20.5,""period_ms"":20.69997787475586}"
200012,1,2926.1999,2926.1999,False,1.0,"{""inversion_rho"":null,""inversion_channel"":10.5,""period_ms"":20.69997787475586}"
200012,1,2951.6001,2951.6001,False,1.0,"{""inversion_rho"":null,""inversion_channel"":21.5,""period_ms"":20.69997787475586}"
200012,1,2978.6999,2978.6999,False,1.0,"{""inversion_rho"":null,""inversion_channel"":10.5,""period_ms"":20.69997787475586}"
200012,1,2988.8999,2988.8999,False,1.0,"{""inversion_rho"":null,""inversion_channel"":35.5,""period_ms"":14.199972152709961}"
200012,1,3000.6001,3000.6001,False,1.0,"{""inversion_rho"":null,""inversion_channel"":21.5,""period_ms"":14.199972152709961}"
200012,1,3018.3001,3018.3001,False,1.0,"{""inversion_rho"":null,""inversion_channel"":10.5,""period_ms"":14.199972152709961}"
200012,1,3037.6,3037.6,False,1.0,"{""inversion_rho"":null,""inversion_channel"":17.5,""period_ms"":14.199972152709961}"
200012,1,3051.8,3051.8,False,1.0,"{""inversion_rho"":null,""inversion_channel"":22.0,""period_ms"":14.199972152709961}"
200012,1,3065.3999,3065.3999,False,1.0,"{""inversion_rho"":null,""inversion_channel"":40.5,""period_ms"":14.199972152709961}"
200012,1,3084.3999,3084.3999,False,1.0,"{""inversion_rho"":null,""inversion_channel"":36.5,""period_ms"":14.199972152709961}"
200012,1,3096.4999,3096.4999,False,1.0,"{""inversion_rho"":null,""inversion_channel"":34.0,""period_ms"":14.199972152709961}"
200012,1,3114.5999,3114.5999,False,1.0,"{""inversion_rho"":null,""inversion_channel"":41.0,""period_ms"":14.199972152709961}"
200012,1,3129.8001,3129.8001,False,0.625,"{""inversion_rho"":null,""inversion_channel"":11.5,""period_ms"":14.199972152709961}"
200012,1,3139.6999,3139.6999,False,1.0,"{""inversion_rho"":null,""inversion_channel"":19.5,""period_ms"":14.199972152709961}"
200012,1,3145.6001,3145.6001,False,0.875,"{""inversion_rho"":null,""inversion_channel"":21.5,""period_ms"":14.199972152709961}"
200012,1,3171.0,3171.0,False,1.0,"{""inversion_rho"":null,""inversion_channel"":40.5,""period_ms"":10.34998893737793}"
200012,1,3183.9001,3183.9001,False,1.0,"{""inversion_rho"":null,""inversion_channel"":11.5,""period_ms"":10.34998893737793}"
200012,1,3191.7,3191.7,False,1.0,"{""inversion_rho"":null,""inversion_channel"":21.5,""period_ms"":10.34998893737793}"
200012,1,3221.7,3221.7,False,1.0,"{""inversion_rho"":null,""inversion_channel"":40.5,""period_ms"":15.199899673461914}"
200012,1,3235.6999,3235.6999,False,1.0,"{""inversion_rho"":null,""inversion_channel"":38.0,""period_ms"":15.199899673461914}"
200012,1,3244.7,3244.7,False,1.0,"{""inversion_rho"":null,""inversion_channel"":27.5,""period_ms"":15.199899673461914}"
200012,1,3263.7,3263.7,False,1.0,"{""inversion_rho"":null,""inversion_channel"":40.0,""period_ms"":15.199899673461914}"
200012,1,3285.5,3285.5,False,1.0,"{""inversion_rho"":null,""inversion_channel"":41.0,""period_ms"":15.199899673461914}"
200012,1,3298.3999,3298.3999,False,1.0,"{""inversion_rho"":null,""inversion_channel"":39.0,""period_ms"":15.199899673461914}"
200012,1,3317.1999,3317.1999,False,1.0,"{""inversion_rho"":null,""inversion_channel"":39.0,""period_ms"":15.199899673461914}"
200012,1,3336.4999,3336.4999,False,1.0,"{""inversion_rho"":null,""inversion_channel"":11.5,""period_ms"":15.199899673461914}"
200012,1,3352.6001,3352.6001,False,1.0,"{""inversion_rho"":null,""inversion_channel"":22.5,""period_ms"":15.199899673461914}"
200012,1,3367.8,3367.8,False,1.0,"{""inversion_rho"":null,""inversion_channel"":36.5,""period_ms"":15.199899673461914}"
200012,1,3381.2001,3381.2001,False,1.0,"{""inversion_rho"":null,""inversion_channel"":11.5,""period_ms"":15.199899673461914}"
200012,1,3390.3999,3390.3999,False,1.0,"{""inversion_rho"":null,""inversion_channel"":10.5,""period_ms"":15.199899673461914}"
200012,1,3420.2001,3420.2001,False,1.0,"{""inversion_rho"":null,""inversion_channel"":11.5,""period_ms"":24.09982681274414}"
200012,1,3444.2999,3444.2999,False,1.0,"{""inversion_rho"":null,""inversion_channel"":14.5,""period_ms"":24.09982681274414}"
200012,1,3472.5001,3472.5001,False,1.0,"{""inversion_rho"":null,""inversion_channel"":11.5,""period_ms"":24.09982681274414}"
200012,1,3486.5999,3486.5999,False,1.0,"{""inversion_rho"":null,""inversion_channel"":14.5,""period_ms"":24.09982681274414}"
200012,1,3523.2999,3523.2999,False,1.0,"{""inversion_rho"":null,""inversion_channel"":11.5,""period_ms"":20.550012588500977}"
200012,1,3550.6999,3550.6999,False,1.0,"{""inversion_rho"":null,""inversion_channel"":19.0,""period_ms"":20.550012588500977}"
200012,1,3574.6,3574.6,False,1.0,"{""inversion_rho"":null,""inversion_channel"":10.5,""period_ms"":20.550012588500977}"
200012,1,3586.7,3586.7,False,1.0,"{""inversion_rho"":null,""inversion_channel"":13.5,""period_ms"":20.550012588500977}"
200012,1,3611.7001,3611.7001,False,1.0,"{""inversion_rho"":null,""inversion_channel"":37.5,""period_ms"":20.550012588500977}"
200012,1,3635.5,3635.5,False,1.0,"{""inversion_rho"":null,""inversion_channel"":11.5,""period_ms"":20.550012588500977}"
200012,1,3651.7,3651.7,False,1.0,"{""inversion_rho"":null,""inversion_channel"":40.5,""period_ms"":20.550012588500977}"
200012,1,3672.3001,3672.3001,False,1.0,"{""inversion_rho"":null,""inversion_channel"":38.5,""period_ms"":20.550012588500977}"
200012,1,3684.4001,3684.4001,False,1.0,"{""inversion_rho"":null,""inversion_channel"":35.0,""period_ms"":20.550012588500977}"
200012,1,3700.4001,3700.4001,False,0.5,"{""inversion_rho"":null,""inversion_channel"":32.5,""period_ms"":20.550012588500977}"
200012,1,3720.9001,3720.9001,False,1.0,"{""inversion_rho"":null,""inversion_channel"":40.5,""period_ms"":20.550012588500977}"
200012,1,3733.7,3733.7,False,1.0,"{""inversion_rho"":null,""inversion_channel"":12.5,""period_ms"":20.550012588500977}"
200012,1,3764.6999,3764.6999,False,1.0,"{""inversion_rho"":null,""inversion_channel"":40.5,""period_ms"":20.550012588500977}"
200012,1,3776.5999,3776.5999,False,0.75,"{""inversion_rho"":null,""inversion_channel"":12.0,""period_ms"":12.949943542480469}"
200012,1,3789.0999,3789.0999,False,1.0,"{""inversion_rho"":null,""inversion_channel"":11.5,""period_ms"":12.949943542480469}"
200012,1,3820.3001,3820.3001,False,1.0,"{""inversion_rho"":null,""inversion_channel"":40.5,""period_ms"":12.949943542480469}"
200012,1,3833.6999,3833.6999,False,1.0,"{""inversion_rho"":null,""inversion_channel"":19.5,""period_ms"":12.949943542480469}"
200012,1,3844.3999,3844.3999,False,1.0,"{""inversion_rho"":null,""inversion_channel"":25.5,""period_ms"":12.949943542480469}"
200012,1,3875.6001,3875.6001,False,1.0,"{""inversion_rho"":null,""inversion_channel"":38.0,""period_ms"":null}"
200012,1,3925.4,3925.4,False,1.0,"{""inversion_rho"":null,""inversion_channel"":11.5,""period_ms"":null}"
200012,1,3936.6,3936.6,False,1.0,"{""inversion_rho"":null,""inversion_channel"":13.5,""period_ms"":25.2000093460083}"
200012,1,3973.7999,3973.7999,False,1.0,"{""inversion_rho"":null,""inversion_channel"":11.5,""period_ms"":25.2000093460083}"
200012,1,3996.2001,3996.2001,False,1.0,"{""inversion_rho"":null,""inversion_channel"":14.5,""period_ms"":25.2000093460083}"
200012,1,4024.2,4024.2,False,1.0,"{""inversion_rho"":null,""inversion_channel"":11.5,""period_ms"":25.2000093460083}"
200012,1,4037.2,4037.2,False,1.0,"{""inversion_rho"":null,""inversion_channel"":12.0,""period_ms"":25.2000093460083}"
200012,1,4073.0,4073.0,False,1.0,"{""inversion_rho"":null,""inversion_channel"":37.0,""period_ms"":null}"
200012,1,4122.6001,4122.6001,False,1.0,"{""inversion_rho"":null,""inversion_channel"":11.5,""period_ms"":null}"
200012,1,4138.9999,4138.9999,False,1.0,"{""inversion_rho"":null,""inversion_channel"":11.5,""period_ms"":20.900249481201172}"
200012,1,4159.9002,4159.9002,False,1.0,"{""inversion_rho"":null,""inversion_channel"":36.5,""period_ms"":20.900249481201172}"
200012,1,4175.0002,4175.0002,False,1.0,"{""inversion_rho"":null,""inversion_channel"":11.5,""period_ms"":20.900249481201172}"
200012,1,4198.0,4198.0,False,1.0,"{""inversion_rho"":null,""inversion_channel"":11.5,""period_ms"":20.900249481201172}"
200012,1,4221.9,4221.9,False,1.0,"{""inversion_rho"":null,""inversion_channel"":11.5,""period_ms"":20.900249481201172}"
200012,1,4232.3999,4232.3999,False,1.0,"{""inversion_rho"":null,""inversion_channel"":12.5,""period_ms"":20.900249481201172}"
200012,1,4267.0002,4267.0002,False,1.0,"{""inversion_rho"":null,""inversion_channel"":41.5,""period_ms"":16.299962997436523}"
200012,1,4282.5999,4282.5999,False,1.0,"{""inversion_rho"":null,""inversion_channel"":13.0,""period_ms"":16.299962997436523}"
200012,1,4299.6001,4299.6001,False,1.0,"{""inversion_rho"":null,""inversion_channel"":11.5,""period_ms"":16.299962997436523}"
200012,1,4322.0,4322.0,False,1.0,"{""inversion_rho"":null,""inversion_channel"":41.5,""period_ms"":16.299962997436523}"
200012,1,4334.1999,4334.1999,False,1.0,"{""inversion_rho"":null,""inversion_channel"":14.5,""period_ms"":16.299962997436523}"
200012,1,4365.5,4365.5,False,1.0,"{""inversion_rho"":null,""inversion_channel"":41.5,""period_ms"":null}"
200012,1,4380.0998,4380.0998,False,1.0,"{""inversion_rho"":null,""inversion_channel"":14.5,""period_ms"":null}"
200012,1,4421.1998,4421.1998,False,1.0,"{""inversion_rho"":null,""inversion_channel"":39.0,""period_ms"":28.100013732910156}"
200012,1,4439.7001,4439.7001,False,1.0,"{""inversion_rho"":null,""inversion_channel"":22.5,""period_ms"":28.100013732910156}"
200012,1,4451.0002,4451.0002,False,1.0,"{""inversion_rho"":null,""inversion_channel"":25.0,""period_ms"":28.100013732910156}"
200012,1,4471.6001,4471.6001,False,1.0,"{""inversion_rho"":null,""inversion_channel"":39.5,""period_ms"":28.100013732910156}"
200012,1,4485.8999,4485.8999,False,1.0,"{""inversion_rho"":null,""inversion_channel"":20.5,""period_ms"":28.100013732910156}"
200012,1,4520.5002,4520.5002,False,1.0,"{""inversion_rho"":null,""inversion_channel"":37.5,""period_ms"":28.100013732910156}"
200012,1,4548.6999,4548.6999,False,1.0,"{""inversion_rho"":null,""inversion_channel"":15.5,""period_ms"":28.100013732910156}"
200012,1,4576.7999,4576.7999,False,1.0,"{""inversion_rho"":null,""inversion_channel"":11.5,""period_ms"":28.100013732910156}"
200012,1,4614.8,4614.8,False,1.0,"{""inversion_rho"":null,""inversion_channel"":37.5,""period_ms"":28.100013732910156}"
200012,1,4650.6,4650.6,False,1.0,"{""inversion_rho"":null,""inversion_channel"":11.5,""period_ms"":28.100013732910156}"
200012,1,4672.2999,4672.2999,False,1.0,"{""inversion_rho"":null,""inversion_channel"":11.5,""period_ms"":28.100013732910156}"
200012,1,4711.2999,4711.2999,False,1.0,"{""inversion_rho"":null,""inversion_channel"":41.0,""period_ms"":28.100013732910156}"
200012,1,4762.5999,4762.5999,False,1.0,"{""inversion_rho"":null,""inversion_channel"":38.5,""period_ms"":28.100013732910156}"
200012,1,4814.1999,4814.1999,False,1.0,"{""inversion_rho"":null,""inversion_channel"":11.5,""period_ms"":28.100013732910156}"
200012,1,4838.5,4838.5,False,0.25,"{""inversion_rho"":null,""inversion_channel"":31.0,""period_ms"":28.100013732910156}"
200012,1,4852.7999,4852.7999,False,1.0,"{""inversion_rho"":null,""inversion_channel"":40.5,""period_ms"":28.100013732910156}"
200012,1,4894.8002,4894.8002,False,1.0,"{""inversion_rho"":null,""inversion_channel"":40.5,""period_ms"":25.499820709228516}"
200012,1,4931.6001,4931.6001,False,0.5,"{""inversion_rho"":null,""inversion_channel"":13.0,""period_ms"":25.499820709228516}"
200012,1,4967.1998,4967.1998,False,1.0,"{""inversion_rho"":null,""inversion_channel"":38.5,""period_ms"":25.499820709228516}"
200012,1,5002.3999,5002.3999,False,1.0,"{""inversion_rho"":null,""inversion_channel"":11.5,""period_ms"":25.499820709228516}"
200012,1,5036.5,5036.5,False,1.0,"{""inversion_rho"":null,""inversion_channel"":13.5,""period_ms"":25.499820709228516}"
200012,1,5098.1998,5098.1998,False,1.0,"{""inversion_rho"":null,""inversion_channel"":16.5,""period_ms"":25.499820709228516}"
200012,1,5123.8999,5123.8999,False,1.0,"{""inversion_rho"":null,""inversion_channel"":15.0,""period_ms"":25.499820709228516}"
200012,1,5147.8,5147.8,False,1.0,"{""inversion_rho"":null,""inversion_channel"":32.5,""period_ms"":25.499820709228516}"
200012,1,5173.2998,5173.2998,False,1.0,"{""inversion_rho"":null,""inversion_channel"":20.5,""period_ms"":25.499820709228516}"
200012,1,5198.2999,5198.2999,False,1.0,"{""inversion_rho"":null,""inversion_channel"":21.5,""period_ms"":25.499820709228516}"
200012,1,5221.4999,5221.4999,False,0.375,"{""inversion_rho"":null,""inversion_channel"":20.5,""period_ms"":25.499820709228516}"
200012,1,5270.0,5270.0,False,0.875,"{""inversion_rho"":null,""inversion_channel"":27.5,""period_ms"":25.499820709228516}"
200012,1,5290.9999,5290.9999,False,1.0,"{""inversion_rho"":null,""inversion_channel"":26.5,""period_ms"":25.499820709228516}"
200012,1,5310.6999,5310.6999,False,0.875,"{""inversion_rho"":null,""inversion_channel"":27.5,""period_ms"":25.499820709228516}"
200012,1,5331.1,5331.1,False,0.625,"{""inversion_rho"":null,""inversion_channel"":30.5,""period_ms"":25.499820709228516}"
200012,1,5347.6,5347.6,False,0.5,"{""inversion_rho"":null,""inversion_channel"":24.0,""period_ms"":25.499820709228516}"
200012,1,5352.7002,5352.7002,False,0.25,"{""inversion_rho"":null,""inversion_channel"":36.0,""period_ms"":15.10000228881836}"
200012,1,5386.7998,5386.7998,False,0.5,"{""inversion_rho"":null,""inversion_channel"":34.5,""period_ms"":15.10000228881836}"
200012,1,5400.7001,5400.7001,False,0.375,"{""inversion_rho"":null,""inversion_channel"":32.0,""period_ms"":15.10000228881836}"
200012,1,5426.4998,5426.4998,False,0.375,"{""inversion_rho"":null,""inversion_channel"":30.5,""period_ms"":15.10000228881836}"
200012,1,5440.7001,5440.7001,False,0.375,"{""inversion_rho"":null,""inversion_channel"":28.0,""period_ms"":15.10000228881836}"
200012,1,5467.1001,5467.1001,False,1.0,"{""inversion_rho"":null,""inversion_channel"":31.5,""period_ms"":15.10000228881836}"
200012,1,5482.2001,5482.2001,False,0.375,"{""inversion_rho"":null,""inversion_channel"":31.5,""period_ms"":15.10000228881836}"
200012,1,5496.5,5496.5,False,0.5,"{""inversion_rho"":null,""inversion_channel"":29.5,""period_ms"":15.10000228881836}"
200012,1,5509.5,5509.5,False,0.5,"{""inversion_rho"":null,""inversion_channel"":41.5,""period_ms"":15.10000228881836}"
200012,1,5528.6999,5528.6999,False,1.0,"{""inversion_rho"":null,""inversion_channel"":37.5,""period_ms"":15.10000228881836}"
200012,1,5534.6999,5534.6999,False,0.75,"{""inversion_rho"":null,""inversion_channel"":31.5,""period_ms"":9.600162506103516}"
200012,1,5546.0,5546.0,False,0.25,"{""inversion_rho"":null,""inversion_channel"":37.5,""period_ms"":9.600162506103516}"
200012,1,5555.5,5555.5,False,0.25,"{""inversion_rho"":null,""inversion_channel"":30.0,""period_ms"":9.600162506103516}"
200012,1,5565.1002,5565.1002,False,0.25,"{""inversion_rho"":null,""inversion_channel"":31.5,""period_ms"":9.600162506103516}"
200012,1,5574.6999,5574.6999,False,0.625,"{""inversion_rho"":null,""inversion_channel"":34.5,""period_ms"":9.600162506103516}"
200012,1,5583.0002,5583.0002,False,0.25,"{""inversion_rho"":null,""inversion_channel"":30.5,""period_ms"":9.600162506103516}"
200012,1,5597.4002,5597.4002,False,0.5,"{""inversion_rho"":null,""inversion_channel"":40.5,""period_ms"":9.600162506103516}"
200012,1,5611.4001,5611.4001,False,0.375,"{""inversion_rho"":null,""inversion_channel"":5.5,""period_ms"":9.600162506103516}"
200012,1,5617.6,5617.6,False,0.5,"{""inversion_rho"":null,""inversion_channel"":32.5,""period_ms"":9.600162506103516}"
200012,1,5623.4002,5623.4002,False,0.25,"{""inversion_rho"":null,""inversion_channel"":18.5,""period_ms"":9.600162506103516}"
200012,1,5634.3002,5634.3002,False,0.375,"{""inversion_rho"":null,""inversion_channel"":16.5,""period_ms"":9.600162506103516}"
200012,1,5644.8002,5644.8002,False,0.25,"{""inversion_rho"":null,""inversion_channel"":9.5,""period_ms"":9.600162506103516}"
200012,1,5680.9001,5680.9001,False,0.375,"{""inversion_rho"":null,""inversion_channel"":42.5,""period_ms"":null}"
200012,1,5721.0002,5721.0002,False,1.0,"{""inversion_rho"":null,""inversion_channel"":44.5,""period_ms"":null}"
200012,1,5731.2002,5731.2002,False,0.375,"{""inversion_rho"":null,""inversion_channel"":22.0,""period_ms"":6.599903106689453}"
200012,1,5743.4001,5743.4001,False,1.0,"{""inversion_rho"":null,""inversion_channel"":23.5,""period_ms"":6.599903106689453}"
200012,1,5749.4998,5749.4998,False,1.0,"{""inversion_rho"":null,""inversion_channel"":24.5,""period_ms"":6.599903106689453}"
200012,1,5755.7001,5755.7001,False,1.0,"{""inversion_rho"":null,""inversion_channel"":22.5,""period_ms"":6.599903106689453}"
200012,1,5762.1999,5762.1999,False,1.0,"{""inversion_rho"":null,""inversion_channel"":22.0,""period_ms"":6.599903106689453}"
200012,1,5769.0001,5769.0001,False,1.0,"{""inversion_rho"":null,""inversion_channel"":21.5,""period_ms"":6.599903106689453}"
200012,1,5775.6,5775.6,False,1.0,"{""inversion_rho"":null,""inversion_channel"":23.5,""period_ms"":6.599903106689453}"
200012,1,5781.4999,5781.4999,False,1.0,"{""inversion_rho"":null,""inversion_channel"":23.0,""period_ms"":6.599903106689453}"
200012,1,5787.9,5787.9,False,1.0,"{""inversion_rho"":null,""inversion_channel"":22.5,""period_ms"":6.599903106689453}"
200012,1,5794.4999,5794.4999,False,1.0,"{""inversion_rho"":null,""inversion_channel"":23.5,""period_ms"":6.599903106689453}"
200012,1,5801.0001,5801.0001,False,1.0,"{""inversion_rho"":null,""inversion_channel"":24.0,""period_ms"":6.599903106689453}"
200012,1,5809.7,5809.7,False,1.0,"{""inversion_rho"":null,""inversion_channel"":21.0,""period_ms"":6.599903106689453}"
200012,1,5822.8998,5822.8998,False,0.75,"{""inversion_rho"":null,""inversion_channel"":22.0,""period_ms"":6.599903106689453}"
200012,1,5835.0,5835.0,False,1.0,"{""inversion_rho"":null,""inversion_channel"":11.5,""period_ms"":6.599903106689453}"
200012,1,5846.7002,5846.7002,False,0.875,"{""inversion_rho"":null,""inversion_channel"":11.5,""period_ms"":6.599903106689453}"
200012,1,5853.6,5853.6,False,0.75,"{""inversion_rho"":null,""inversion_channel"":22.5,""period_ms"":6.599903106689453}"
200012,1,5880.6,5880.6,False,0.5,"{""inversion_rho"":null,""inversion_channel"":22.5,""period_ms"":null}"
200012,1,5890.6999,5890.6999,False,0.375,"{""inversion_rho"":null,""inversion_channel"":22.0,""period_ms"":null}"
200012,1,5991.3998,5991.3998,False,0.25,"{""inversion_rho"":null,""inversion_channel"":35.5,""period_ms"":null}"
200012,1,6030.7002,6030.7002,False,1.0,"{""inversion_rho"":null,""inversion_channel"":7.5,""period_ms"":null}"
200012,1,1310.6,1920.0,True,1.0,"{""inversion_rho"":null,""inversion_channel"":18.5,""period_ms"":32.50002861022949}"
200012,1,2018.5001,2265.8999,True,1.0,"{""inversion_rho"":null,""inversion_channel"":38.5,""period_ms"":14.249920845031738}"
200012,1,2288.7001,2612.2999,True,1.0,"{""inversion_rho"":null,""inversion_channel"":20.5,""period_ms"":25.00009536743164}"
200012,1,2623.4,2715.8999,True,1.0,"{""inversion_rho"":null,""inversion_channel"":14.5,""period_ms"":14.700055122375488}"
200012,1,2736.3,2822.7999,True,1.0,"{""inversion_rho"":null,""inversion_channel"":21.5,""period_ms"":18.899917602539062}"
200012,1,2833.1001,2852.7999,True,1.0,"{""inversion_rho"":null,""inversion_channel"":18.5,""period_ms"":9.849905967712402}"
200012,1,2876.2,2978.6999,True,1.0,"{""inversion_rho"":null,""inversion_channel"":15.0,""period_ms"":20.69997787475586}"
200012,1,2988.8999,3145.6001,True,1.0,"{""inversion_rho"":null,""inversion_channel"":21.75,""period_ms"":14.199972152709961}"
200012,1,3171.0,3191.7,True,1.0,"{""inversion_rho"":null,""inversion_channel"":21.5,""period_ms"":10.34998893737793}"
200012,1,3221.7,3390.3999,True,1.0,"{""inversion_rho"":null,""inversion_channel"":37.25,""period_ms"":15.199899673461914}"
200012,1,3420.2001,3486.5999,True,1.0,"{""inversion_rho"":null,""inversion_channel"":13.0,""period_ms"":24.09982681274414}"
200012,1,3523.2999,3764.6999,True,1.0,"{""inversion_rho"":null,""inversion_channel"":32.5,""period_ms"":20.550012588500977}"
200012,1,3776.5999,3844.3999,True,1.0,"{""inversion_rho"":null,""inversion_channel"":19.5,""period_ms"":12.949943542480469}"
200012,1,3936.6,4037.2,True,1.0,"{""inversion_rho"":null,""inversion_channel"":12.0,""period_ms"":25.2000093460083}"
200012,1,4138.9999,4232.3999,True,1.0,"{""inversion_rho"":null,""inversion_channel"":11.5,""period_ms"":20.900249481201172}"
200012,1,4267.0002,4334.1999,True,1.0,"{""inversion_rho"":null,""inversion_channel"":14.5,""period_ms"":16.299962997436523}"
200012,1,4421.1998,4852.7999,True,1.0,"{""inversion_rho"":null,""inversion_channel"":28.0,""period_ms"":28.100013732910156}"
200012,1,4894.8002,5347.6,True,1.0,"{""inversion_rho"":null,""inversion_channel"":22.75,""period_ms"":25.499820709228516}"
200012,1,5352.7002,5528.6999,True,1.0,"{""inversion_rho"":null,""inversion_channel"":31.75,""period_ms"":15.10000228881836}"
200012,1,5534.6999,5644.8002,True,1.0,"{""inversion_rho"":null,""inversion_channel"":31.0,""period_ms"":9.600162506103516}"
200012,1,5731.2002,5853.6,True,1.0,"{""inversion_rho"":null,""inversion_channel"":22.5,""period_ms"":6.599903106689453}"
200013,1,86.8,86.8,False,1.0,"{""inversion_rho"":null,""inversion_channel"":29.0,""period_ms"":null}"
200013,1,96.9,96.9,False,0.875,"{""inversion_rho"":null,""inversion_channel"":2.5,""period_ms"":null}"
200013,1,1290.0,1290.0,False,1.0,"{""inversion_rho"":null,""inversion_channel"":18.0,""period_ms"":24.149954319000244}"
200013,1,1316.7,1316.7,False,1.0,"{""inversion_rho"":null,""inversion_channel"":21.0,""period_ms"":24.149954319000244}"
200013,1,1342.0,1342.0,False,1.0,"{""inversion_rho"":null,""inversion_channel"":18.5,""period_ms"":24.149954319000244}"
200013,1,1378.5,1378.5,False,0.375,"{""inversion_rho"":null,""inversion_channel"":21.0,""period_ms"":24.149954319000244}"
200013,1,1422.4,1422.4,False,1.0,"{""inversion_rho"":null,""inversion_channel"":17.5,""period_ms"":24.149954319000244}"
200013,1,1464.7,1464.7,False,1.0,"{""inversion_rho"":null,""inversion_channel"":17.5,""period_ms"":24.149954319000244}"
200013,1,1494.1,1494.1,False,0.625,"{""inversion_rho"":null,""inversion_channel"":18.0,""period_ms"":24.149954319000244}"
200013,1,1526.2001,1526.2001,False,1.0,"{""inversion_rho"":null,""inversion_channel"":17.5,""period_ms"":24.149954319000244}"
200013,1,1572.6,1572.6,False,1.0,"{""inversion_rho"":null,""inversion_channel"":16.5,""period_ms"":24.149954319000244}"
200013,1,1621.5,1621.5,False,1.0,"{""inversion_rho"":null,""inversion_channel"":16.5,""period_ms"":24.149954319000244}"
200013,1,1670.7,1670.7,False,1.0,"{""inversion_rho"":null,""inversion_channel"":40.5,""period_ms"":24.149954319000244}"
200013,1,1715.8,1715.8,False,1.0,"{""inversion_rho"":null,""inversion_channel"":41.5,""period_ms"":24.149954319000244}"
200013,1,1761.1001,1761.1001,False,1.0,"{""inversion_rho"":null,""inversion_channel"":41.0,""period_ms"":24.149954319000244}"
200013,1,1783.6,1783.6,False,1.0,"{""inversion_rho"":null,""inversion_channel"":12.5,""period_ms"":24.149954319000244}"
200013,1,1794.4,1794.4,False,1.0,"{""inversion_rho"":null,""inversion_channel"":23.5,""period_ms"":24.149954319000244}"
200013,1,1802.4,1802.4,False,1.0,"{""inversion_rho"":null,""inversion_channel"":24.5,""period_ms"":24.149954319000244}"
200013,1,1811.4001,1811.4001,False,1.0,"{""inversion_rho"":null,""inversion_channel"":36.5,""period_ms"":24.149954319000244}"
200013,1,1825.0999,1825.0999,False,1.0,"{""inversion_rho"":null,""inversion_channel"":14.5,""period_ms"":24.149954319000244}"
200013,1,1839.4001,1839.4001,False,1.0,"{""inversion_rho"":null,""inversion_channel"":12.0,""period_ms"":24.149954319000244}"
200013,1,1857.9,1857.9,False,0.625,"{""inversion_rho"":null,""inversion_channel"":39.5,""period_ms"":24.149954319000244}"
200013,1,1878.9001,1878.9001,False,1.0,"{""inversion_rho"":null,""inversion_channel"":38.5,""period_ms"":24.149954319000244}"
200013,1,1894.7999,1894.7999,False,1.0,"{""inversion_rho"":null,""inversion_channel"":36.5,""period_ms"":24.149954319000244}"
200013,1,1911.2999,1911.2999,False,1.0,"{""inversion_rho"":null,""inversion_channel"":42.0,""period_ms"":24.149954319000244}"
200013,1,1923.9,1923.9,False,1.0,"{""inversion_rho"":null,""inversion_channel"":40.0,""period_ms"":24.149954319000244}"
200013,1,1940.6,1940.6,False,1.0,"{""inversion_rho"":null,""inversion_channel"":19.5,""period_ms"":24.149954319000244}"
200013,1,1964.6,1964.6,False,1.0,"{""inversion_rho"":null,""inversion_channel"":40.5,""period_ms"":24.149954319000244}"
200013,1,1992.0,1992.0,False,1.0,"{""inversion_rho"":null,""inversion_channel"":11.5,""period_ms"":24.149954319000244}"
200013,1,2016.3,2016.3,False,1.0,"{""inversion_rho"":null,""inversion_channel"":40.5,""period_ms"":24.149954319000244}"
200013,1,2028.8,2028.8,False,1.0,"{""inversion_rho"":null,""inversion_channel"":12.5,""period_ms"":24.149954319000244}"
200013,1,2079.7,2079.7,False,1.0,"{""inversion_rho"":null,""inversion_channel"":38.5,""period_ms"":19.40000057220459}"
200013,1,2114.1,2114.1,False,1.0,"{""inversion_rho"":null,""inversion_channel"":38.0,""period_ms"":19.40000057220459}"
200013,1,2141.5999,2141.5999,False,1.0,"{""inversion_rho"":null,""inversion_channel"":11.5,""period_ms"":19.40000057220459}"
200013,1,2154.0999,2154.0999,False,1.0,"{""inversion_rho"":null,""inversion_channel"":36.5,""period_ms"":19.40000057220459}"
200013,1,2160.8,2160.8,False,0.875,"{""inversion_rho"":null,""inversion_channel"":20.0,""period_ms"":19.40000057220459}"
200013,1,2172.3001,2172.3001,False,1.0,"{""inversion_rho"":null,""inversion_channel"":38.0,""period_ms"":19.40000057220459}"
200013,1,2198.6001,2198.6001,False,1.0,"{""inversion_rho"":null,""inversion_channel"":37.5,""period_ms"":19.40000057220459}"
200013,1,2208.1001,2208.1001,False,1.0,"{""inversion_rho"":null,""inversion_channel"":15.5,""period_ms"":10.400056838989258}"
200013,1,2224.1001,2224.1001,False,1.0,"{""inversion_rho"":null,""inversion_channel"":37.5,""period_ms"":10.400056838989258}"
200013,1,2233.5999,2233.5999,False,1.0,"{""inversion_rho"":null,""inversion_channel"":36.5,""period_ms"":10.400056838989258}"
200013,1,2244.9999,2244.9999,False,1.0,"{""inversion_rho"":null,""inversion_channel"":33.5,""period_ms"":10.400056838989258}"
200013,1,2261.4999,2261.4999,False,1.0,"{""inversion_rho"":null,""inversion_channel"":19.0,""period_ms"":10.400056838989258}"
200013,1,2271.8999,2271.8999,False,1.0,"{""inversion_rho"":null,""inversion_channel"":20.5,""period_ms"":10.400056838989258}"
200013,1,2279.0999,2279.0999,False,1.0,"{""inversion_rho"":null,""inversion_channel"":38.0,""period_ms"":10.400056838989258}"
200013,1,2288.8,2288.8,False,1.0,"{""inversion_rho"":null,""inversion_channel"":37.0,""period_ms"":10.400056838989258}"
200013,1,2294.8999,2294.8999,False,1.0,"{""inversion_rho"":null,""inversion_channel"":38.0,""period_ms"":10.400056838989258}"
200013,1,2305.5,2305.5,False,1.0,"{""inversion_rho"":null,""inversion_channel"":22.5,""period_ms"":10.400056838989258}"
200013,1,2316.2,2316.2,False,1.0,"{""inversion_rho"":null,""inversion_channel"":19.0,""period_ms"":10.400056838989258}"
200013,1,2322.7,2322.7,False,0.875,"{""inversion_rho"":null,""inversion_channel"":39.0,""period_ms"":10.400056838989258}"
200013,1,2333.1001,2333.1001,False,1.0,"{""inversion_rho"":null,""inversion_channel"":14.5,""period_ms"":10.400056838989258}"
200013,1,2342.0999,2342.0999,False,1.0,"{""inversion_rho"":null,""inversion_channel"":39.5,""period_ms"":10.400056838989258}"
200013,1,2374.3,2374.3,False,1.0,"{""inversion_rho"":null,""inversion_channel"":35.0,""period_ms"":13.60011100769043}"
200013,1,2394.1,2394.1,False,1.0,"{""inversion_rho"":null,""inversion_channel"":11.5,""period_ms"":13.60011100769043}"
200013,1,2403.1,2403.1,False,1.0,"{""inversion_rho"":null,""inversion_channel"":15.0,""period_ms"":13.60011100769043}"
200013,1,2415.9999,2415.9999,False,1.0,"{""inversion_rho"":null,""inversion_channel"":42.0,""period_ms"":13.60011100769043}"
200013,1,2435.8001,2435.8001,False,1.0,"{""inversion_rho"":null,""inversion_channel"":10.5,""period_ms"":13.60011100769043}"
200013,1,2446.8,2446.8,False,1.0,"{""inversion_rho"":null,""inversion_channel"":24.5,""period_ms"":13.60011100769043}"
200013,1,2466.3999,2466.3999,False,1.0,"{""inversion_rho"":null,""inversion_channel"":40.5,""period_ms"":13.60011100769043}"
200013,1,2483.5999,2483.5999,False,1.0,"{""inversion_rho"":null,""inversion_channel"":10.5,""period_ms"":13.60011100769043}"
200013,1,2507.2,2507.2,False,1.0,"{""inversion_rho"":null,""inversion_channel"":42.0,""period_ms"":13.60011100769043}"
200013,1,2531.6,2531.6,False,1.0,"{""inversion_rho"":null,""inversion_channel"":10.5,""period_ms"":13.60011100769043}"
200013,1,2542.3,2542.3,False,1.0,"{""inversion_rho"":null,""inversion_channel"":23.0,""period_ms"":13.60011100769043}"
200013,1,2565.8,2565.8,False,1.0,"{""inversion_rho"":null,""inversion_channel"":41.5,""period_ms"":13.60011100769043}"
200013,1,2577.6999,2577.6999,False,1.0,"{""inversion_rho"":null,""inversion_channel"":14.5,""period_ms"":13.60011100769043}"
200013,1,2588.7001,2588.7001,False,1.0,"{""inversion_rho"":null,""inversion_channel"":14.0,""period_ms"":13.60011100769043}"
200013,1,2599.9999,2599.9999,False,1.0,"{""inversion_rho"":null,""inversion_channel"":35.5,""period_ms"":13.60011100769043}"
200013,1,2611.3,2611.3,False,0.875,"{""inversion_rho"":null,""inversion_channel"":30.5,""period_ms"":13.60011100769043}"
200013,1,2624.9001,2624.9001,False,1.0,"{""inversion_rho"":null,""inversion_channel"":37.5,""period_ms"":13.60011100769043}"
200013,1,2638.2999,2638.2999,False,1.0,"{""inversion_rho"":null,""inversion_channel"":19.5,""period_ms"":13.60011100769043}"
200013,1,2648.4001,2648.4001,False,1.0,"{""inversion_rho"":null,""inversion_channel"":24.0,""period_ms"":13.60011100769043}"
200013,1,2667.5,2667.5,False,1.0,"{""inversion_rho"":null,""inversion_channel"":40.5,""period_ms"":13.60011100769043}"
200013,1,2691.6001,2691.6001,False,1.0,"{""inversion_rho"":null,""inversion_channel"":11.5,""period_ms"":13.60011100769043}"
200013,1,2716.8,2716.8,False,1.0,"{""inversion_rho"":null,""inversion_channel"":11.5,""period_ms"":13.60011100769043}"
200013,1,2729.6,2729.6,False,1.0,"{""inversion_rho"":null,""inversion_channel"":11.5,""period_ms"":13.60011100769043}"
200013,1,2743.2001,2743.2001,False,1.0,"{""inversion_rho"":null,""inversion_channel"":11.5,""period_ms"":13.60011100769043}"
200013,1,2776.0,2776.0,False,1.0,"{""inversion_rho"":null,""inversion_channel"":36.5,""period_ms"":13.60011100769043}"
200013,1,2790.2,2790.2,False,1.0,"{""inversion_rho"":null,""inversion_channel"":21.0,""period_ms"":13.60011100769043}"
200013,1,2798.5001,2798.5001,False,1.0,"{""inversion_rho"":null,""inversion_channel"":22.5,""period_ms"":13.60011100769043}"
200013,1,2812.0,2812.0,False,1.0,"{""inversion_rho"":null,""inversion_channel"":37.5,""period_ms"":13.60011100769043}"
200013,1,2831.5001,2831.5001,False,1.0,"{""inversion_rho"":null,""inversion_channel"":11.0,""period_ms"":13.60011100769043}"
200013,1,2866.8001,2866.8001,False,1.0,"{""inversion_rho"":null,""inversion_channel"":36.5,""period_ms"":13.60011100769043}"
200013,1,2879.8001,2879.8001,False,1.0,"{""inversion_rho"":null,""inversion_channel"":11.5,""period_ms"":14.250040054321289}"
200013,1,2888.5,2888.5,False,0.875,"{""inversion_rho"":null,""inversion_channel"":19.0,""period_ms"":14.250040054321289}"
200013,1,2905.9,2905.9,False,1.0,"{""inversion_rho"":null,""inversion_channel"":37.5,""period_ms"":14.250040054321289}"
200013,1,2924.9001,2924.9001,False,1.0,"{""inversion_rho"":null,""inversion_channel"":11.5,""period_ms"":14.250040054321289}"
200013,1,2936.0001,2936.0001,False,1.0,"{""inversion_rho"":null,""inversion_channel"":18.5,""period_ms"":14.250040054321289}"
200013,1,2971.2999,2971.2999,False,1.0,"{""inversion_rho"":null,""inversion_channel"":36.5,""period_ms"":18.30005645751953}"
200013,1,2989.5999,2989.5999,False,1.0,"{""inversion_rho"":null,""inversion_channel"":18.5,""period_ms"":18.30005645751953}"
200013,1,2997.4999,2997.4999,False,0.625,"{""inversion_rho"":null,""inversion_channel"":36.5,""period_ms"":18.30005645751953}"
200013,1,3015.8999,3015.8999,False,1.0,"{""inversion_rho"":null,""inversion_channel"":37.0,""period_ms"":18.30005645751953}"
200013,1,3034.2,3034.2,False,1.0,"{""inversion_rho"":null,""inversion_channel"":10.5,""period_ms"":18.30005645751953}"
200013,1,3071.5001,3071.5001,False,1.0,"{""inversion_rho"":null,""inversion_channel"":41.0,""period_ms"":18.30005645751953}"
200013,1,3086.4,3086.4,False,1.0,"{""inversion_rho"":null,""inversion_channel"":18.5,""period_ms"":17.400026321411133}"
200013,1,3102.0,3102.0,False,1.0,"{""inversion_rho"":null,""inversion_channel"":36.5,""period_ms"":17.400026321411133}"
200013,1,3121.5,3121.5,False,1.0,"{""inversion_rho"":null,""inversion_channel"":39.0,""period_ms"":17.400026321411133}"
200013,1,3133.8999,3133.8999,False,0.5,"{""inversion_rho"":null,""inversion_channel"":35.0,""period_ms"":17.400026321411133}"
200013,1,3147.7001,3147.7001,False,1.0,"{""inversion_rho"":null,""inversion_channel"":37.0,""period_ms"":17.400026321411133}"
200013,1,3174.4001,3174.4001,False,1.0,"{""inversion_rho"":null,""inversion_channel"":38.0,""period_ms"":17.400026321411133}"
200013,1,3191.8001,3191.8001,False,0.75,"{""inversion_rho"":null,""inversion_channel"":20.0,""period_ms"":17.400026321411133}"
200013,1,3225.8,3225.8,False,1.0,"{""inversion_rho"":null,""inversion_channel"":38.0,""period_ms"":17.400026321411133}"
200013,1,3238.6999,3238.6999,False,1.0,"{""inversion_rho"":null,""inversion_channel"":21.5,""period_ms"":null}"
200013,1,3245.6,3245.6,False,0.5,"{""inversion_rho"":null,""inversion_channel"":27.5,""period_ms"":null}"
200013,1,3267.6001,3267.6001,False,1.0,"{""inversion_rho"":null,""inversion_channel"":40.5,""period_ms"":16.499996185302734}"
200013,1,3288.0001,3288.0001,False,1.0,"{""inversion_rho"":null,""inversion_channel"":38.5,""period_ms"":16.499996185302734}"
200013,1,3298.6,3298.6,False,1.0,"{""inversion_rho"":null,""inversion_channel"":39.5,""period_ms"":16.499996185302734}"
200013,1,3313.6001,3313.6001,False,1.0,"{""inversion_rho"":null,""inversion_channel"":38.5,""period_ms"":16.499996185302734}"
200013,1,3332.6001,3332.6001,False,1.0,"{""inversion_rho"":null,""inversion_channel"":10.5,""period_ms"":16.499996185302734}"
200013,1,3346.1001,3346.1001,False,1.0,"{""inversion_rho"":null,""inversion_channel"":20.5,""period_ms"":16.499996185302734}"
200013,1,3374.9001,3374.9001,False,1.0,"{""inversion_rho"":null,""inversion_channel"":10.5,""period_ms"":16.499996185302734}"
200013,1,3388.4001,3388.4001,False,1.0,"{""inversion_rho"":null,""inversion_channel"":33.5,""period_ms"":16.499996185302734}"
200013,1,3397.5999,3397.5999,False,1.0,"{""inversion_rho"":null,""inversion_channel"":23.0,""period_ms"":16.499996185302734}"
200013,1,3414.0999,3414.0999,False,1.0,"{""inversion_rho"":null,""inversion_channel"":11.5,""period_ms"":16.499996185302734}"
200013,1,3431.2,3431.2,False,1.0,"{""inversion_rho"":null,""inversion_channel"":11.5,""period_ms"":16.499996185302734}"
200013,1,3470.2001,3470.2001,False,1.0,"{""inversion_rho"":null,""inversion_channel"":11.0,""period_ms"":16.499996185302734}"
200013,1,3486.8,3486.8,False,1.0,"{""inversion_rho"":null,""inversion_channel"":14.5,""period_ms"":16.499996185302734}"
200013,1,3494.8001,3494.8001,False,1.0,"{""inversion_rho"":null,""inversion_channel"":22.0,""period_ms"":16.499996185302734}"
200013,1,3511.6999,3511.6999,False,1.0,"{""inversion_rho"":null,""inversion_channel"":37.5,""period_ms"":16.499996185302734}"
200013,1,3532.9001,3532.9001,False,1.0,"{""inversion_rho"":null,""inversion_channel"":11.5,""period_ms"":16.499996185302734}"
200013,1,3547.1001,3547.1001,False,1.0,"{""inversion_rho"":null,""inversion_channel"":21.5,""period_ms"":16.499996185302734}"
200013,1,3575.5,3575.5,False,1.0,"{""inversion_rho"":null,""inversion_channel"":37.5,""period_ms"":16.499996185302734}"
200013,1,3588.3,3588.3,False,1.0,"{""inversion_rho"":null,""inversion_channel"":34.5,""period_ms"":16.499996185302734}"
200013,1,3596.2,3596.2,False,1.0,"{""inversion_rho"":null,""inversion_channel"":36.0,""period_ms"":16.499996185302734}"
200013,1,3619.2999,3619.2999,False,1.0,"{""inversion_rho"":null,""inversion_channel"":11.5,""period_ms"":14.699935913085938}"
200013,1,3632.1001,3632.1001,False,0.375,"{""inversion_rho"":null,""inversion_channel"":15.0,""period_ms"":14.699935913085938}"
200013,1,3649.4999,3649.4999,False,0.875,"{""inversion_rho"":null,""inversion_channel"":26.5,""period_ms"":14.699935913085938}"
200013,1,3664.3,3664.3,False,1.0,"{""inversion_rho"":null,""inversion_channel"":41.5,""period_ms"":14.699935913085938}"
200013,1,3678.9999,3678.9999,False,0.625,"{""inversion_rho"":null,""inversion_channel"":11.5,""period_ms"":14.699935913085938}"
200013,1,3690.5,3690.5,False,0.75,"{""inversion_rho"":null,""inversion_channel"":22.5,""period_ms"":14.699935913085938}"
200013,1,3716.3999,3716.3999,False,1.0,"{""inversion_rho"":null,""inversion_channel"":40.5,""period_ms"":14.699935913085938}"
200013,1,3730.5,3730.5,False,1.0,"{""inversion_rho"":null,""inversion_channel"":11.5,""period_ms"":14.699935913085938}"
200013,1,3740.2,3740.2,False,1.0,"{""inversion_rho"":null,""inversion_channel"":23.5,""period_ms"":14.699935913085938}"
200013,1,3752.1999,3752.1999,False,1.0,"{""inversion_rho"":null,""inversion_channel"":35.5,""period_ms"":14.699935913085938}"
200013,1,3770.6001,3770.6001,False,1.0,"{""inversion_rho"":null,""inversion_channel"":39.5,""period_ms"":14.699935913085938}"
200013,1,3784.1001,3784.1001,False,1.0,"{""inversion_rho"":null,""inversion_channel"":11.0,""period_ms"":14.699935913085938}"
200013,1,3792.9001,3792.9001,False,0.875,"{""inversion_rho"":null,""inversion_channel"":22.5,""period_ms"":14.699935913085938}"
200013,1,3804.3001,3804.3001,False,1.0,"{""inversion_rho"":null,""inversion_channel"":23.0,""period_ms"":14.699935913085938}"
200013,1,3817.8,3817.8,False,1.0,"{""inversion_rho"":null,""inversion_channel"":40.5,""period_ms"":14.699935913085938}"
200013,1,3831.3,3831.3,False,1.0,"{""inversion_rho"":null,""inversion_channel"":11.5,""period_ms"":14.699935913085938}"
200013,1,3845.5999,3845.5999,False,1.0,"{""inversion_rho"":null,""inversion_channel"":24.5,""period_ms"":14.699935913085938}"
200013,1,3873.3001,3873.3001,False,1.0,"{""inversion_rho"":null,""inversion_channel"":39.0,""period_ms"":14.699935913085938}"
200013,1,3898.6001,3898.6001,False,1.0,"{""inversion_rho"":null,""inversion_channel"":20.0,""period_ms"":14.699935913085938}"
200013,1,3916.3001,3916.3001,False,1.0,"{""inversion_rho"":null,""inversion_channel"":11.0,""period_ms"":14.699935913085938}"
200013,1,3931.2999,3931.2999,False,1.0,"{""inversion_rho"":null,""inversion_channel"":11.5,""period_ms"":14.699935913085938}"
200013,1,3942.5001,3942.5001,False,1.0,"{""inversion_rho"":null,""inversion_channel"":19.5,""period_ms"":14.699935913085938}"
200013,1,3949.6,3949.6,False,1.0,"{""inversion_rho"":null,""inversion_channel"":22.5,""period_ms"":14.699935913085938}"
200013,1,3960.7,3960.7,False,1.0,"{""inversion_rho"":null,""inversion_channel"":34.0,""period_ms"":14.699935913085938}"
200013,1,3974.2,3974.2,False,1.0,"{""inversion_rho"":null,""inversion_channel"":11.5,""period_ms"":14.699935913085938}"
200013,1,3991.1001,3991.1001,False,1.0,"{""inversion_rho"":null,""inversion_channel"":11.0,""period_ms"":14.699935913085938}"
200013,1,4021.5001,4021.5001,False,1.0,"{""inversion_rho"":null,""inversion_channel"":37.5,""period_ms"":14.699935913085938}"
200013,1,4043.3002,4043.3002,False,1.0,"{""inversion_rho"":null,""inversion_channel"":11.5,""period_ms"":14.699935913085938}"
200013,1,4069.3998,4069.3998,False,1.0,"{""inversion_rho"":null,""inversion_channel"":11.5,""period_ms"":14.699935913085938}"
200013,1,4095.3002,4095.3002,False,1.0,"{""inversion_rho"":null,""inversion_channel"":11.5,""period_ms"":14.699935913085938}"
200013,1,4116.6,4116.6,False,1.0,"{""inversion_rho"":null,""inversion_channel"":11.5,""period_ms"":14.699935913085938}"
200013,1,4138.7,4138.7,False,1.0,"{""inversion_rho"":null,""inversion_channel"":11.5,""period_ms"":14.699935913085938}"
200013,1,4148.7999,4148.7999,False,1.0,"{""inversion_rho"":null,""inversion_channel"":21.5,""period_ms"":14.699935913085938}"
200013,1,4163.4998,4163.4998,False,1.0,"{""inversion_rho"":null,""inversion_channel"":37.5,""period_ms"":14.699935913085938}"
200013,1,4183.8999,4183.8999,False,1.0,"{""inversion_rho"":null,""inversion_channel"":11.5,""period_ms"":14.699935913085938}"
200013,1,4219.9001,4219.9001,False,1.0,"{""inversion_rho"":null,""inversion_channel"":11.5,""period_ms"":14.699935913085938}"
200013,1,4231.6999,4231.6999,False,1.0,"{""inversion_rho"":null,""inversion_channel"":11.5,""period_ms"":29.200077056884766}"
200013,1,4271.2002,4271.2002,False,1.0,"{""inversion_rho"":null,""inversion_channel"":42.0,""period_ms"":29.200077056884766}"
200013,1,4287.9,4287.9,False,1.0,"{""inversion_rho"":null,""inversion_channel"":23.5,""period_ms"":29.200077056884766}"
200013,1,4317.1,4317.1,False,1.0,"{""inversion_rho"":null,""inversion_channel"":41.5,""period_ms"":29.200077056884766}"
200013,1,4328.7001,4328.7001,False,1.0,"{""inversion_rho"":null,""inversion_channel"":11.5,""period_ms"":null}"
200013,1,4338.6998,4338.6998,False,0.875,"{""inversion_rho"":null,""inversion_channel"":20.0,""period_ms"":null}"
200013,1,4366.6,4366.6,False,1.0,"{""inversion_rho"":null,""inversion_channel"":40.5,""period_ms"":null}"
200013,1,4380.1999,4380.1999,False,1.0,"{""inversion_rho"":null,""inversion_channel"":15.0,""period_ms"":null}"
200013,1,4419.0998,4419.0998,False,1.0,"{""inversion_rho"":null,""inversion_channel"":39.5,""period_ms"":9.400129318237305}"
200013,1,4430.1,4430.1,False,1.0,"{""inversion_rho"":null,""inversion_channel"":12.5,""period_ms"":9.400129318237305}"
200013,1,4437.9001,4437.9001,False,1.0,"{""inversion_rho"":null,""inversion_channel"":22.5,""period_ms"":9.400129318237305}"
200013,1,4463.8,4463.8,False,1.0,"{""inversion_rho"":null,""inversion_channel"":40.5,""period_ms"":25.350093841552734}"
200013,1,4478.6,4478.6,False,1.0,"{""inversion_rho"":null,""inversion_channel"":12.0,""period_ms"":25.350093841552734}"
200013,1,4498.0998,4498.0998,False,1.0,"{""inversion_rho"":null,""inversion_channel"":34.5,""period_ms"":25.350093841552734}"
200013,1,4524.6,4524.6,False,1.0,"{""inversion_rho"":null,""inversion_channel"":11.5,""period_ms"":25.350093841552734}"
200013,1,4551.4002,4551.4002,False,1.0,"{""inversion_rho"":null,""inversion_channel"":20.5,""period_ms"":25.350093841552734}"
200013,1,4570.9,4570.9,False,1.0,"{""inversion_rho"":null,""inversion_channel"":11.5,""period_ms"":25.350093841552734}"
200013,1,4597.8999,4597.8999,False,1.0,"{""inversion_rho"":null,""inversion_channel"":11.5,""period_ms"":25.350093841552734}"
200013,1,4622.6001,4622.6001,False,1.0,"{""inversion_rho"":null,""inversion_channel"":11.5,""period_ms"":25.350093841552734}"
200013,1,4645.9999,4645.9999,False,1.0,"{""inversion_rho"":null,""inversion_channel"":11.5,""period_ms"":25.350093841552734}"
200013,1,4669.6,4669.6,False,1.0,"{""inversion_rho"":null,""inversion_channel"":11.5,""period_ms"":25.350093841552734}"
200013,1,4698.8001,4698.8001,False,1.0,"{""inversion_rho"":null,""inversion_channel"":37.5,""period_ms"":25.350093841552734}"
200013,1,4720.6998,4720.6998,False,1.0,"{""inversion_rho"":null,""inversion_channel"":11.5,""period_ms"":25.350093841552734}"
200013,1,4732.3999,4732.3999,False,1.0,"{""inversion_rho"":null,""inversion_channel"":12.5,""period_ms"":25.350093841552734}"
200013,1,4749.0001,4749.0001,False,1.0,"{""inversion_rho"":null,""inversion_channel"":11.5,""period_ms"":25.350093841552734}"
200013,1,4775.1999,4775.1999,False,1.0,"{""inversion_rho"":null,""inversion_channel"":11.5,""period_ms"":25.350093841552734}"
200013,1,4815.8998,4815.8998,False,1.0,"{""inversion_rho"":null,""inversion_channel"":39.5,""period_ms"":25.350093841552734}"
200013,1,4847.0998,4847.0998,False,1.0,"{""inversion_rho"":null,""inversion_channel"":41.5,""period_ms"":25.350093841552734}"
200013,1,4873.0998,4873.0998,False,1.0,"{""inversion_rho"":null,""inversion_channel"":12.0,""period_ms"":25.350093841552734}"
200013,1,4900.8002,4900.8002,False,0.375,"{""inversion_rho"":null,""inversion_channel"":30.0,""period_ms"":25.350093841552734}"
200013,1,4910.9998,4910.9998,False,1.0,"{""inversion_rho"":null,""inversion_channel"":41.5,""period_ms"":28.200149536132812}"
200013,1,4947.7,4947.7,False,1.0,"{""inversion_rho"":null,""inversion_channel"":38.5,""period_ms"":28.200149536132812}"
200013,1,4980.8002,4980.8002,False,1.0,"{""inversion_rho"":null,""inversion_channel"":12.5,""period_ms"":28.200149536132812}"
200013,1,5018.7001,5018.7001,False,1.0,"{""inversion_rho"":null,""inversion_channel"":11.5,""period_ms"":28.200149536132812}"
200013,1,5054.1,5054.1,False,1.0,"{""inversion_rho"":null,""inversion_channel"":11.0,""period_ms"":28.200149536132812}"
200013,1,5087.6002,5087.6002,False,1.0,"{""inversion_rho"":null,""inversion_channel"":37.5,""period_ms"":28.200149536132812}"
200013,1,5117.8999,5117.8999,False,1.0,"{""inversion_rho"":null,""inversion_channel"":13.5,""period_ms"":28.200149536132812}"
200013,1,5146.5998,5146.5998,False,0.25,"{""inversion_rho"":null,""inversion_channel"":14.5,""period_ms"":28.200149536132812}"
200013,1,5176.0998,5176.0998,False,1.0,"{""inversion_rho"":null,""inversion_channel"":16.5,""period_ms"":28.200149536132812}"
200013,1,5203.8002,5203.8002,False,1.0,"{""inversion_rho"":null,""inversion_channel"":33.5,""period_ms"":28.200149536132812}"
200013,1,5228.3001,5228.3001,False,0.25,"{""inversion_rho"":null,""inversion_channel"":20.0,""period_ms"":28.200149536132812}"
200013,1,5254.3998,5254.3998,False,1.0,"{""inversion_rho"":null,""inversion_channel"":33.5,""period_ms"":28.200149536132812}"
200013,1,5280.7002,5280.7002,False,1.0,"{""inversion_rho"":null,""inversion_channel"":22.5,""period_ms"":28.200149536132812}"
200013,1,5306.2,5306.2,False,1.0,"{""inversion_rho"":null,""inversion_channel"":23.5,""period_ms"":28.200149536132812}"
200013,1,5330.2999,5330.2999,False,1.0,"{""inversion_rho"":null,""inversion_channel"":24.5,""period_ms"":28.200149536132812}"
200013,1,5353.2,5353.2,False,0.875,"{""inversion_rho"":null,""inversion_channel"":25.5,""period_ms"":28.200149536132812}"
200013,1,5375.1998,5375.1998,False,0.875,"{""inversion_rho"":null,""inversion_channel"":25.5,""period_ms"":28.200149536132812}"
200013,1,5380.7001,5380.7001,False,0.5,"{""inversion_rho"":null,""inversion_channel"":28.5,""period_ms"":12.400150299072266}"
200013,1,5401.4001,5401.4001,False,0.875,"{""inversion_rho"":null,""inversion_channel"":34.5,""period_ms"":12.400150299072266}"
200013,1,5417.5,5417.5,False,0.5,"{""inversion_rho"":null,""inversion_channel"":23.5,""period_ms"":12.400150299072266}"
200013,1,5443.2998,5443.2998,False,0.625,"{""inversion_rho"":null,""inversion_channel"":24.5,""period_ms"":12.400150299072266}"
200013,1,5454.1001,5454.1001,False,0.375,"{""inversion_rho"":null,""inversion_channel"":27.5,""period_ms"":12.400150299072266}"
200013,1,5471.4999,5471.4999,False,0.25,"{""inversion_rho"":null,""inversion_channel"":29.5,""period_ms"":12.400150299072266}"
200013,1,5483.5,5483.5,False,0.375,"{""inversion_rho"":null,""inversion_channel"":39.0,""period_ms"":12.400150299072266}"
200013,1,5497.2,5497.2,False,0.375,"{""inversion_rho"":null,""inversion_channel"":37.5,""period_ms"":12.400150299072266}"
200013,1,5510.0999,5510.0999,False,0.375,"{""inversion_rho"":null,""inversion_channel"":31.5,""period_ms"":12.400150299072266}"
200013,1,5522.9001,5522.9001,False,0.375,"{""inversion_rho"":null,""inversion_channel"":31.5,""period_ms"":12.400150299072266}"
200013,1,5536.3002,5536.3002,False,0.25,"{""inversion_rho"":null,""inversion_channel"":31.5,""period_ms"":12.400150299072266}"
200013,1,5548.2998,5548.2998,False,0.5,"{""inversion_rho"":null,""inversion_channel"":36.0,""period_ms"":12.400150299072266}"
200013,1,5559.8001,5559.8001,False,0.5,"{""inversion_rho"":null,""inversion_channel"":31.5,""period_ms"":12.400150299072266}"
200013,1,5570.6,5570.6,False,0.375,"{""inversion_rho"":null,""inversion_channel"":36.0,""period_ms"":12.400150299072266}"
200013,1,5583.9,5583.9,False,0.25,"{""inversion_rho"":null,""inversion_channel"":5.5,""period_ms"":12.400150299072266}"
200013,1,5594.5001,5594.5001,False,0.375,"{""inversion_rho"":null,""inversion_channel"":37.5,""period_ms"":12.400150299072266}"
200013,1,5604.3,5604.3,False,0.625,"{""inversion_rho"":null,""inversion_channel"":33.5,""period_ms"":12.400150299072266}"
200013,1,5612.4001,5612.4001,False,0.375,"{""inversion_rho"":null,""inversion_channel"":9.5,""period_ms"":12.400150299072266}"
200013,1,5620.4,5620.4,False,0.5,"{""inversion_rho"":null,""inversion_channel"":33.5,""period_ms"":12.400150299072266}"
200013,1,5641.6998,5641.6998,False,0.5,"{""inversion_rho"":null,""inversion_channel"":45.5,""period_ms"":7.300138473510742}"
200013,1,5649.4002,5649.4002,False,0.625,"{""inversion_rho"":null,""inversion_channel"":17.5,""period_ms"":7.300138473510742}"
200013,1,5656.3001,5656.3001,False,0.5,"{""inversion_rho"":null,""inversion_channel"":13.5,""period_ms"":7.300138473510742}"
200013,1,5662.4999,5662.4999,False,0.5,"{""inversion_rho"":null,""inversion_channel"":5.5,""period_ms"":7.300138473510742}"
200013,1,5673.5001,5673.5001,False,0.375,"{""inversion_rho"":null,""inversion_channel"":5.5,""period_ms"":7.300138473510742}"
200013,1,5720.7999,5720.7999,False,0.375,"{""inversion_rho"":null,""inversion_channel"":42.5,""period_ms"":null}"
200013,1,5834.7001,5834.7001,False,0.25,"{""inversion_rho"":null,""inversion_channel"":22.5,""period_ms"":null}"
200013,1,5865.6001,5865.6001,False,0.25,"{""inversion_rho"":null,""inversion_channel"":35.5,""period_ms"":35.60018539428711}"
200013,1,5916.6999,5916.6999,False,0.375,"{""inversion_rho"":null,""inversion_channel"":21.5,""period_ms"":35.60018539428711}"
200013,1,5945.2,5945.2,False,0.25,"{""inversion_rho"":null,""inversion_channel"":34.5,""period_ms"":35.60018539428711}"
200013,1,5980.8002,5980.8002,False,0.375,"{""inversion_rho"":null,""inversion_channel"":4.5,""period_ms"":35.60018539428711}"
200013,1,1290.0,2028.8,True,1.0,"{""inversion_rho"":null,""inversion_channel"":21.0,""period_ms"":24.149954319000244}"
200013,1,2079.7,2198.6001,True,1.0,"{""inversion_rho"":null,""inversion_channel"":37.5,""period_ms"":19.40000057220459}"
200013,1,2208.1001,2342.0999,True,1.0,"{""inversion_rho"":null,""inversion_channel"":35.0,""period_ms"":10.400056838989258}"
200013,1,2374.3,2866.8001,True,1.0,"{""inversion_rho"":null,""inversion_channel"":22.75,""period_ms"":13.60011100769043}"
200013,1,2879.8001,2936.0001,True,1.0,"{""inversion_rho"":null,""inversion_channel"":18.5,""period_ms"":14.250040054321289}"
200013,1,2971.2999,3071.5001,True,1.0,"{""inversion_rho"":null,""inversion_channel"":36.5,""period_ms"":18.30005645751953}"
200013,1,3086.4,3225.8,True,1.0,"{""inversion_rho"":null,""inversion_channel"":36.75,""period_ms"":17.400026321411133}"
200013,1,3267.6001,3596.2,True,1.0,"{""inversion_rho"":null,""inversion_channel"":22.5,""period_ms"":16.499996185302734}"
200013,1,3619.2999,4219.9001,True,1.0,"{""inversion_rho"":null,""inversion_channel"":19.75,""period_ms"":14.699935913085938}"
200013,1,4231.6999,4317.1,True,1.0,"{""inversion_rho"":null,""inversion_channel"":32.5,""period_ms"":29.200077056884766}"
200013,1,4419.0998,4437.9001,True,1.0,"{""inversion_rho"":null,""inversion_channel"":22.5,""period_ms"":9.400129318237305}"
200013,1,4463.8,4900.8002,True,1.0,"{""inversion_rho"":null,""inversion_channel"":12.0,""period_ms"":25.350093841552734}"
200013,1,4910.9998,5375.1998,True,1.0,"{""inversion_rho"":null,""inversion_channel"":23.5,""period_ms"":28.200149536132812}"
200013,1,5380.7001,5620.4,True,1.0,"{""inversion_rho"":null,""inversion_channel"":31.5,""period_ms"":12.400150299072266}"
200013,1,5641.6998,5673.5001,True,1.0,"{""inversion_rho"":null,""inversion_channel"":13.5,""period_ms"":7.300138473510742}"
200013,1,5865.6001,5980.8002,True,1.0,"{""inversion_rho"":null,""inversion_channel"":28.0,""period_ms"":35.60018539428711}"
200014,1,1314.6,1314.6,False,1.0,"{""inversion_rho"":null,""inversion_channel"":19.0,""period_ms"":37.50002384185791}"
200014,1,1349.4999,1349.4999,False,1.0,"{""inversion_rho"":null,""inversion_channel"":18.5,""period_ms"":37.50002384185791}"
200014,1,1389.2,1389.2,False,1.0,"{""inversion_rho"":null,""inversion_channel"":18.0,""period_ms"":37.50002384185791}"
200014,1,1430.5,1430.5,False,1.0,"{""inversion_rho"":null,""inversion_channel"":17.5,""period_ms"":37.50002384185791}"
200014,1,1469.2,1469.2,False,1.0,"{""inversion_rho"":null,""inversion_channel"":18.0,""period_ms"":37.50002384185791}"
200014,1,1508.5,1508.5,False,1.0,"{""inversion_rho"":null,""inversion_channel"":17.5,""period_ms"":37.50002384185791}"
200014,1,1551.1,1551.1,False,1.0,"{""inversion_rho"":null,""inversion_channel"":16.5,""period_ms"":37.50002384185791}"
200014,1,1589.3,1589.3,False,1.0,"{""inversion_rho"":null,""inversion_channel"":15.5,""period_ms"":37.50002384185791}"
200014,1,1622.0,1622.0,False,1.0,"{""inversion_rho"":null,""inversion_channel"":17.0,""period_ms"":37.50002384185791}"
200014,1,1654.3,1654.3,False,1.0,"{""inversion_rho"":null,""inversion_channel"":41.0,""period_ms"":37.50002384185791}"
200014,1,1690.4,1690.4,False,1.0,"{""inversion_rho"":null,""inversion_channel"":40.0,""period_ms"":37.50002384185791}"
200014,1,1732.0,1732.0,False,1.0,"{""inversion_rho"":null,""inversion_channel"":41.0,""period_ms"":37.50002384185791}"
200014,1,1769.5,1769.5,False,1.0,"{""inversion_rho"":null,""inversion_channel"":41.5,""period_ms"":37.50002384185791}"
200014,1,1800.6001,1800.6001,False,1.0,"{""inversion_rho"":null,""inversion_channel"":41.5,""period_ms"":37.50002384185791}"
200014,1,1824.6,1824.6,False,1.0,"{""inversion_rho"":null,""inversion_channel"":12.5,""period_ms"":37.50002384185791}"
200014,1,1834.2,1834.2,False,1.0,"{""inversion_rho"":null,""inversion_channel"":20.5,""period_ms"":37.50002384185791}"
200014,1,1863.1999,1863.1999,False,1.0,"{""inversion_rho"":null,""inversion_channel"":40.5,""period_ms"":9.69994068145752}"
200014,1,1874.6001,1874.6001,False,1.0,"{""inversion_rho"":null,""inversion_channel"":14.5,""period_ms"":9.69994068145752}"
200014,1,1884.3,1884.3,False,1.0,"{""inversion_rho"":null,""inversion_channel"":15.5,""period_ms"":9.69994068145752}"
200014,1,1896.1999,1896.1999,False,1.0,"{""inversion_rho"":null,""inversion_channel"":12.5,""period_ms"":9.69994068145752}"
200014,1,1913.0,1913.0,False,1.0,"{""inversion_rho"":null,""inversion_channel"":41.5,""period_ms"":9.69994068145752}"
200014,1,1920.8,1920.8,False,1.0,"{""inversion_rho"":null,""inversion_channel"":15.5,""period_ms"":9.69994068145752}"
200014,1,1928.8,1928.8,False,1.0,"{""inversion_rho"":null,""inversion_channel"":12.5,""period_ms"":9.69994068145752}"
200014,1,1937.8999,1937.8999,False,1.0,"{""inversion_rho"":null,""inversion_channel"":22.5,""period_ms"":9.69994068145752}"
200014,1,1968.5,1968.5,False,1.0,"{""inversion_rho"":null,""inversion_channel"":39.0,""period_ms"":16.199946403503418}"
200014,1,1984.7,1984.7,False,1.0,"{""inversion_rho"":null,""inversion_channel"":21.5,""period_ms"":16.199946403503418}"
200014,1,1993.1,1993.1,False,1.0,"{""inversion_rho"":null,""inversion_channel"":23.5,""period_ms"":16.199946403503418}"
200014,1,2011.8001,2011.8001,False,1.0,"{""inversion_rho"":null,""inversion_channel"":42.5,""period_ms"":16.199946403503418}"
200014,1,2028.8999,2028.8999,False,0.5,"{""inversion_rho"":null,""inversion_channel"":18.5,""period_ms"":16.199946403503418}"
200014,1,2038.1,2038.1,False,1.0,"{""inversion_rho"":null,""inversion_channel"":14.0,""period_ms"":16.199946403503418}"
200014,1,2068.3999,2068.3999,False,1.0,"{""inversion_rho"":null,""inversion_channel"":40.5,""period_ms"":16.299962997436523}"
200014,1,2082.7,2082.7,False,1.0,"{""inversion_rho"":null,""inversion_channel"":11.5,""period_ms"":16.299962997436523}"
200014,1,2090.8,2090.8,False,1.0,"{""inversion_rho"":null,""inversion_channel"":22.5,""period_ms"":16.299962997436523}"
200014,1,2107.3,2107.3,False,1.0,"{""inversion_rho"":null,""inversion_channel"":40.5,""period_ms"":16.299962997436523}"
200014,1,2123.6,2123.6,False,1.0,"{""inversion_rho"":null,""inversion_channel"":13.5,""period_ms"":16.299962997436523}"
200014,1,2148.6001,2148.6001,False,1.0,"{""inversion_rho"":null,""inversion_channel"":21.5,""period_ms"":16.299962997436523}"
200014,1,2167.5999,2167.5999,False,1.0,"{""inversion_rho"":null,""inversion_channel"":21.5,""period_ms"":16.299962997436523}"
200014,1,2190.0001,2190.0001,False,1.0,"{""inversion_rho"":null,""inversion_channel"":21.5,""period_ms"":16.299962997436523}"
200014,1,2217.0,2217.0,False,1.0,"{""inversion_rho"":null,""inversion_channel"":22.5,""period_ms"":16.299962997436523}"
200014,1,2230.4001,2230.4001,False,1.0,"{""inversion_rho"":null,""inversion_channel"":11.5,""period_ms"":16.299962997436523}"
200014,1,2238.1999,2238.1999,False,1.0,"{""inversion_rho"":null,""inversion_channel"":22.0,""period_ms"":16.299962997436523}"
200014,1,2246.5,2246.5,False,1.0,"{""inversion_rho"":null,""inversion_channel"":11.5,""period_ms"":16.299962997436523}"
200014,1,2268.4,2268.4,False,1.0,"{""inversion_rho"":null,""inversion_channel"":21.5,""period_ms"":null}"
200014,1,2296.7,2296.7,False,1.0,"{""inversion_rho"":null,""inversion_channel"":25.5,""period_ms"":null}"
200014,1,2303.4,2303.4,False,1.0,"{""inversion_rho"":null,""inversion_channel"":22.5,""period_ms"":10.800004005432129}"
200014,1,2325.5,2325.5,False,1.0,"{""inversion_rho"":null,""inversion_channel"":11.5,""period_ms"":10.800004005432129}"
200014,1,2336.8001,2336.8001,False,1.0,"{""inversion_rho"":null,""inversion_channel"":21.0,""period_ms"":10.800004005432129}"
200014,1,2345.2001,2345.2001,False,0.875,"{""inversion_rho"":null,""inversion_channel"":24.5,""period_ms"":10.800004005432129}"
200014,1,2352.0,2352.0,False,1.0,"{""inversion_rho"":null,""inversion_channel"":21.5,""period_ms"":10.800004005432129}"
200014,1,2362.2999,2362.2999,False,1.0,"{""inversion_rho"":null,""inversion_channel"":38.5,""period_ms"":10.800004005432129}"
200014,1,2380.1999,2380.1999,False,1.0,"{""inversion_rho"":null,""inversion_channel"":11.5,""period_ms"":10.800004005432129}"
200014,1,2389.4999,2389.4999,False,1.0,"{""inversion_rho"":null,""inversion_channel"":23.0,""period_ms"":10.800004005432129}"
200014,1,2410.8,2410.8,False,1.0,"{""inversion_rho"":null,""inversion_channel"":39.0,""period_ms"":10.800004005432129}"
200014,1,2422.3001,2422.3001,False,1.0,"{""inversion_rho"":null,""inversion_channel"":34.5,""period_ms"":10.800004005432129}"
200014,1,2431.6001,2431.6001,False,1.0,"{""inversion_rho"":null,""inversion_channel"":11.5,""period_ms"":10.800004005432129}"
200014,1,2464.9999,2464.9999,False,1.0,"{""inversion_rho"":null,""inversion_channel"":40.5,""period_ms"":15.799999237060547}"
200014,1,2484.9999,2484.9999,False,0.625,"{""inversion_rho"":null,""inversion_channel"":24.0,""period_ms"":15.799999237060547}"
200014,1,2500.9,2500.9,False,1.0,"{""inversion_rho"":null,""inversion_channel"":12.5,""period_ms"":15.799999237060547}"
200014,1,2514.8001,2514.8001,False,1.0,"{""inversion_rho"":null,""inversion_channel"":42.5,""period_ms"":15.799999237060547}"
200014,1,2522.9001,2522.9001,False,1.0,"{""inversion_rho"":null,""inversion_channel"":15.0,""period_ms"":15.799999237060547}"
200014,1,2531.6999,2531.6999,False,1.0,"{""inversion_rho"":null,""inversion_channel"":33.5,""period_ms"":15.799999237060547}"
200014,1,2541.1,2541.1,False,1.0,"{""inversion_rho"":null,""inversion_channel"":24.5,""period_ms"":15.799999237060547}"
200014,1,2548.8,2548.8,False,1.0,"{""inversion_rho"":null,""inversion_channel"":26.0,""period_ms"":15.799999237060547}"
200014,1,2566.7,2566.7,False,1.0,"{""inversion_rho"":null,""inversion_channel"":39.0,""period_ms"":15.799999237060547}"
200014,1,2577.1,2577.1,False,1.0,"{""inversion_rho"":null,""inversion_channel"":12.0,""period_ms"":15.799999237060547}"
200014,1,2595.4001,2595.4001,False,1.0,"{""inversion_rho"":null,""inversion_channel"":24.0,""period_ms"":15.799999237060547}"
200014,1,2608.7,2608.7,False,1.0,"{""inversion_rho"":null,""inversion_channel"":27.0,""period_ms"":15.799999237060547}"
200014,1,2621.0001,2621.0001,False,1.0,"{""inversion_rho"":null,""inversion_channel"":33.5,""period_ms"":15.799999237060547}"
200014,1,2628.9999,2628.9999,False,1.0,"{""inversion_rho"":null,""inversion_channel"":11.5,""period_ms"":15.799999237060547}"
200014,1,2647.5999,2647.5999,False,0.875,"{""inversion_rho"":null,""inversion_channel"":24.0,""period_ms"":15.799999237060547}"
200014,1,2665.9,2665.9,False,1.0,"{""inversion_rho"":null,""inversion_channel"":40.5,""period_ms"":15.799999237060547}"
200014,1,2678.4999,2678.4999,False,1.0,"{""inversion_rho"":null,""inversion_channel"":15.0,""period_ms"":15.799999237060547}"
200014,1,2688.0,2688.0,False,1.0,"{""inversion_rho"":null,""inversion_channel"":19.0,""period_ms"":15.799999237060547}"
200014,1,2696.1999,2696.1999,False,1.0,"{""inversion_rho"":null,""inversion_channel"":11.5,""period_ms"":15.799999237060547}"
200014,1,2714.5,2714.5,False,1.0,"{""inversion_rho"":null,""inversion_channel"":34.5,""period_ms"":15.799999237060547}"
200014,1,2728.4999,2728.4999,False,1.0,"{""inversion_rho"":null,""inversion_channel"":14.5,""period_ms"":15.799999237060547}"
200014,1,2737.2999,2737.2999,False,1.0,"{""inversion_rho"":null,""inversion_channel"":13.0,""period_ms"":15.799999237060547}"
200014,1,2745.6999,2745.6999,False,0.75,"{""inversion_rho"":null,""inversion_channel"":21.5,""period_ms"":15.799999237060547}"
200014,1,2765.8999,2765.8999,False,1.0,"{""inversion_rho"":null,""inversion_channel"":37.5,""period_ms"":15.799999237060547}"
200014,1,2796.5,2796.5,False,1.0,"{""inversion_rho"":null,""inversion_channel"":12.5,""period_ms"":15.799999237060547}"
200014,1,2821.7001,2821.7001,False,1.0,"{""inversion_rho"":null,""inversion_channel"":39.5,""period_ms"":15.799999237060547}"
200014,1,2846.1001,2846.1001,False,1.0,"{""inversion_rho"":null,""inversion_channel"":12.5,""period_ms"":15.799999237060547}"
200014,1,2871.5999,2871.5999,False,1.0,"{""inversion_rho"":null,""inversion_channel"":41.0,""period_ms"":15.799999237060547}"
200014,1,2898.5,2898.5,False,1.0,"{""inversion_rho"":null,""inversion_channel"":12.0,""period_ms"":15.799999237060547}"
200014,1,2926.6,2926.6,False,1.0,"{""inversion_rho"":null,""inversion_channel"":12.5,""period_ms"":15.799999237060547}"
200014,1,2956.8,2956.8,False,1.0,"{""inversion_rho"":null,""inversion_channel"":41.5,""period_ms"":15.799999237060547}"
200014,1,2986.3999,2986.3999,False,1.0,"{""inversion_rho"":null,""inversion_channel"":13.5,""period_ms"":15.799999237060547}"
200014,1,3036.7999,3036.7999,False,0.375,"{""inversion_rho"":null,""inversion_channel"":34.5,""period_ms"":15.799999237060547}"
200014,1,3079.7,3079.7,False,1.0,"{""inversion_rho"":null,""inversion_channel"":33.5,""period_ms"":15.799999237060547}"
200014,1,3098.9001,3098.9001,False,1.0,"{""inversion_rho"":null,""inversion_channel"":16.5,""period_ms"":15.799999237060547}"
200014,1,3118.9001,3118.9001,False,0.375,"{""inversion_rho"":null,""inversion_channel"":23.5,""period_ms"":15.799999237060547}"
200014,1,3135.4001,3135.4001,False,0.625,"{""inversion_rho"":null,""inversion_channel"":19.0,""period_ms"":15.799999237060547}"
200014,1,3150.0001,3150.0001,False,0.25,"{""inversion_rho"":null,""inversion_channel"":32.5,""period_ms"":15.799999237060547}"
200014,1,3165.7,3165.7,False,1.0,"{""inversion_rho"":null,""inversion_channel"":42.0,""period_ms"":15.799999237060547}"
200014,1,3181.6001,3181.6001,False,1.0,"{""inversion_rho"":null,""inversion_channel"":31.5,""period_ms"":15.799999237060547}"
200014,1,3194.2999,3194.2999,False,0.875,"{""inversion_rho"":null,""inversion_channel"":21.5,""period_ms"":15.799999237060547}"
200014,1,3205.2,3205.2,False,0.875,"{""inversion_rho"":null,""inversion_channel"":23.5,""period_ms"":15.799999237060547}"
200014,1,3217.0999,3217.0999,False,1.0,"{""inversion_rho"":null,""inversion_channel"":33.5,""period_ms"":15.799999237060547}"
200014,1,3228.3001,3228.3001,False,0.625,"{""inversion_rho"":null,""inversion_channel"":24.0,""period_ms"":15.799999237060547}"
200014,1,3234.4999,3234.4999,False,0.375,"{""inversion_rho"":null,""inversion_channel"":21.5,""period_ms"":15.799999237060547}"
200014,1,3250.9999,3250.9999,False,1.0,"{""inversion_rho"":null,""inversion_channel"":22.5,""period_ms"":11.499881744384766}"
200014,1,3262.7001,3262.7001,False,0.75,"{""inversion_rho"":null,""inversion_channel"":27.5,""period_ms"":11.499881744384766}"
200014,1,3273.6001,3273.6001,False,0.25,"{""inversion_rho"":null,""inversion_channel"":25.5,""period_ms"":11.499881744384766}"
200014,1,3293.0,3293.0,False,0.375,"{""inversion_rho"":null,""inversion_channel"":23.5,""period_ms"":11.499881744384766}"
200014,1,3301.6,3301.6,False,0.25,"{""inversion_rho"":null,""inversion_channel"":26.0,""period_ms"":11.499881744384766}"
200014,1,3311.8,3311.8,False,1.0,"{""inversion_rho"":null,""inversion_channel"":20.5,""period_ms"":11.499881744384766}"
200014,1,3323.2999,3323.2999,False,1.0,"{""inversion_rho"":null,""inversion_channel"":20.5,""period_ms"":11.499881744384766}"
200014,1,3337.8,3337.8,False,0.875,"{""inversion_rho"":null,""inversion_channel"":25.0,""period_ms"":11.499881744384766}"
200014,1,3472.1,3472.1,False,1.0,"{""inversion_rho"":null,""inversion_channel"":13.5,""period_ms"":34.04998779296875}"
200014,1,3508.6999,3508.6999,False,0.375,"{""inversion_rho"":null,""inversion_channel"":30.0,""period_ms"":34.04998779296875}"
200014,1,3540.9,3540.9,False,1.0,"{""inversion_rho"":null,""inversion_channel"":37.5,""period_ms"":34.04998779296875}"
200014,1,3574.1,3574.1,False,1.0,"{""inversion_rho"":null,""inversion_channel"":40.0,""period_ms"":34.04998779296875}"
200014,1,3609.0,3609.0,False,1.0,"{""inversion_rho"":null,""inversion_channel"":39.5,""period_ms"":34.04998779296875}"
200014,1,3696.3,3696.3,False,0.875,"{""inversion_rho"":null,""inversion_channel"":18.5,""period_ms"":49.10004138946533}"
200014,1,3747.1001,3747.1001,False,1.0,"{""inversion_rho"":null,""inversion_channel"":38.0,""period_ms"":49.10004138946533}"
200014,1,3794.5001,3794.5001,False,0.375,"{""inversion_rho"":null,""inversion_channel"":21.5,""period_ms"":49.10004138946533}"
200014,1,3811.8999,3811.8999,False,1.0,"{""inversion_rho"":null,""inversion_channel"":39.5,""period_ms"":11.84999942779541}"
200014,1,3816.9999,3816.9999,False,0.375,"{""inversion_rho"":null,""inversion_channel"":16.0,""period_ms"":11.84999942779541}"
200014,1,3828.3999,3828.3999,False,0.75,"{""inversion_rho"":null,""inversion_channel"":32.0,""period_ms"":11.84999942779541}"
200014,1,3840.6999,3840.6999,False,0.625,"{""inversion_rho"":null,""inversion_channel"":21.5,""period_ms"":11.84999942779541}"
200014,1,3856.9,3856.9,False,1.0,"{""inversion_rho"":null,""inversion_channel"":38.0,""period_ms"":11.84999942779541}"
200014,1,3874.7001,3874.7001,False,1.0,"{""inversion_rho"":null,""inversion_channel"":26.5,""period_ms"":11.84999942779541}"
200014,1,3885.5,3885.5,False,0.625,"{""inversion_rho"":null,""inversion_channel"":9.0,""period_ms"":11.84999942779541}"
200014,1,3920.3,3920.3,False,0.5,"{""inversion_rho"":null,""inversion_channel"":28.5,""period_ms"":11.84999942779541}"
200014,1,3932.1001,3932.1001,False,0.75,"{""inversion_rho"":null,""inversion_channel"":21.5,""period_ms"":11.84999942779541}"
200014,1,3944.0,3944.0,False,0.25,"{""inversion_rho"":null,""inversion_channel"":15.5,""period_ms"":11.84999942779541}"
200014,1,3974.9999,3974.9999,False,0.25,"{""inversion_rho"":null,""inversion_channel"":31.5,""period_ms"":null}"
200014,1,4024.3001,4024.3001,False,1.0,"{""inversion_rho"":null,""inversion_channel"":16.0,""period_ms"":null}"
200014,1,4035.3999,4035.3999,False,1.0,"{""inversion_rho"":null,""inversion_channel"":13.5,""period_ms"":29.200077056884766}"
200014,1,4070.6,4070.6,False,1.0,"{""inversion_rho"":null,""inversion_channel"":22.5,""period_ms"":29.200077056884766}"
200014,1,4099.0,4099.0,False,1.0,"{""inversion_rho"":null,""inversion_channel"":16.5,""period_ms"":29.200077056884766}"
200014,1,4128.6998,4128.6998,False,1.0,"{""inversion_rho"":null,""inversion_channel"":41.5,""period_ms"":29.200077056884766}"
200014,1,4157.4001,4157.4001,False,1.0,"{""inversion_rho"":null,""inversion_channel"":41.5,""period_ms"":29.200077056884766}"
200014,1,4188.6001,4188.6001,False,1.0,"{""inversion_rho"":null,""inversion_channel"":13.5,""period_ms"":29.200077056884766}"
200014,1,4212.1,4212.1,False,0.75,"{""inversion_rho"":null,""inversion_channel"":31.0,""period_ms"":29.200077056884766}"
200014,1,4227.5,4227.5,False,1.0,"{""inversion_rho"":null,""inversion_channel"":40.5,""period_ms"":29.200077056884766}"
200014,1,4259.6002,4259.6002,False,1.0,"{""inversion_rho"":null,""inversion_channel"":41.0,""period_ms"":29.200077056884766}"
200014,1,4283.5999,4283.5999,False,0.5,"{""inversion_rho"":null,""inversion_channel"":21.5,""period_ms"":29.200077056884766}"
200014,1,4323.2999,4323.2999,False,1.0,"{""inversion_rho"":null,""inversion_channel"":40.5,""period_ms"":29.200077056884766}"
200014,1,4351.6002,4351.6002,False,0.375,"{""inversion_rho"":null,""inversion_channel"":20.5,""period_ms"":29.200077056884766}"
200014,1,4417.1,4417.1,False,0.25,"{""inversion_rho"":null,""inversion_channel"":15.0,""period_ms"":29.200077056884766}"
200014,1,4429.4,4429.4,False,0.375,"{""inversion_rho"":null,""inversion_channel"":5.5,""period_ms"":null}"
200014,1,4473.5999,4473.5999,False,0.375,"{""inversion_rho"":null,""inversion_channel"":14.5,""period_ms"":null}"
200014,1,4481.5001,4481.5001,False,0.25,"{""inversion_rho"":null,""inversion_channel"":5.0,""period_ms"":22.550106048583984}"
200014,1,4504.0002,4504.0002,False,0.25,"{""inversion_rho"":null,""inversion_channel"":35.5,""period_ms"":22.550106048583984}"
200014,1,4524.3001,4524.3001,False,1.0,"{""inversion_rho"":null,""inversion_channel"":16.5,""period_ms"":22.550106048583984}"
200014,1,4544.3001,4544.3001,False,0.5,"{""inversion_rho"":null,""inversion_channel"":28.5,""period_ms"":22.550106048583984}"
200014,1,4567.2002,4567.2002,False,0.5,"{""inversion_rho"":null,""inversion_channel"":41.5,""period_ms"":22.550106048583984}"
200014,1,4591.8999,4591.8999,False,0.375,"{""inversion_rho"":null,""inversion_channel"":31.0,""period_ms"":22.550106048583984}"
200014,1,4614.5,4614.5,False,0.25,"{""inversion_rho"":null,""inversion_channel"":38.5,""period_ms"":22.550106048583984}"
200014,1,4703.5999,4703.5999,False,0.25,"{""inversion_rho"":null,""inversion_channel"":29.5,""period_ms"":25.899887084960938}"
200014,1,4747.3001,4747.3001,False,1.0,"{""inversion_rho"":null,""inversion_channel"":36.5,""period_ms"":25.899887084960938}"
200014,1,4775.7001,4775.7001,False,0.25,"{""inversion_rho"":null,""inversion_channel"":29.0,""period_ms"":25.899887084960938}"
200014,1,4799.0999,4799.0999,False,0.625,"{""inversion_rho"":null,""inversion_channel"":26.5,""period_ms"":25.899887084960938}"
200014,1,4810.4,4810.4,False,0.25,"{""inversion_rho"":null,""inversion_channel"":21.5,""period_ms"":25.899887084960938}"
200014,1,4839.2,4839.2,False,1.0,"{""inversion_rho"":null,""inversion_channel"":40.5,""period_ms"":32.74989128112793}"
200014,1,4861.1002,4861.1002,False,0.625,"{""inversion_rho"":null,""inversion_channel"":17.0,""period_ms"":32.74989128112793}"
200014,1,4904.6998,4904.6998,False,0.25,"{""inversion_rho"":null,""inversion_channel"":30.5,""period_ms"":32.74989128112793}"
200014,1,4909.8001,4909.8001,False,0.25,"{""inversion_rho"":null,""inversion_channel"":27.5,""period_ms"":null}"
200014,1,4917.5,4917.5,False,0.25,"{""inversion_rho"":null,""inversion_channel"":22.5,""period_ms"":null}"
200014,1,4944.3002,4944.3002,False,1.0,"{""inversion_rho"":null,""inversion_channel"":34.5,""period_ms"":43.399810791015625}"
200014,1,4971.3001,4971.3001,False,0.375,"{""inversion_rho"":null,""inversion_channel"":19.0,""period_ms"":43.399810791015625}"
200014,1,5014.6999,5014.6999,False,0.5,"{""inversion_rho"":null,""inversion_channel"":16.5,""period_ms"":43.399810791015625}"
200014,1,5095.2001,5095.2001,False,0.375,"{""inversion_rho"":null,""inversion_channel"":38.5,""period_ms"":43.399810791015625}"
200014,1,5108.5,5108.5,False,0.5,"{""inversion_rho"":null,""inversion_channel"":18.5,""period_ms"":28.800010681152344}"
200014,1,5137.3,5137.3,False,0.375,"{""inversion_rho"":null,""inversion_channel"":18.5,""period_ms"":28.800010681152344}"
200014,1,5173.3999,5173.3999,False,1.0,"{""inversion_rho"":null,""inversion_channel"":9.5,""period_ms"":28.800010681152344}"
200014,1,5199.8,5199.8,False,0.25,"{""inversion_rho"":null,""inversion_channel"":42.5,""period_ms"":28.800010681152344}"
200014,1,1314.6,1834.2,True,1.0,"{""inversion_rho"":null,""inversion_channel"":18.25,""period_ms"":37.50002384185791}"
200014,1,1863.1999,1937.8999,True,1.0,"{""inversion_rho"":null,""inversion_channel"":15.5,""period_ms"":9.69994068145752}"
200014,1,1968.5,2038.1,True,1.0,"{""inversion_rho"":null,""inversion_channel"":22.5,""period_ms"":16.199946403503418}"
200014,1,2068.3999,2246.5,True,1.0,"{""inversion_rho"":null,""inversion_channel"":21.5,""period_ms"":16.299962997436523}"
200014,1,2303.4,2431.6001,True,1.0,"{""inversion_rho"":null,""inversion_channel"":22.5,""period_ms"":10.800004005432129}"
200014,1,2464.9999,3234.4999,True,1.0,"{""inversion_rho"":null,""inversion_channel"":24.0,""period_ms"":15.799999237060547}"
200014,1,3250.9999,3337.8,True,1.0,"{""inversion_rho"":null,""inversion_channel"":24.25,""period_ms"":11.499881744384766}"
200014,1,3472.1,3609.0,True,1.0,"{""inversion_rho"":null,""inversion_channel"":37.5,""period_ms"":34.04998779296875}"
200014,1,3696.3,3794.5001,True,1.0,"{""inversion_rho"":null,""inversion_channel"":21.5,""period_ms"":49.10004138946533}"
200014,1,3811.8999,3885.5,True,1.0,"{""inversion_rho"":null,""inversion_channel"":26.5,""period_ms"":11.84999942779541}"
200014,1,3920.3,3944.0,True,1.0,"{""inversion_rho"":null,""inversion_channel"":21.5,""period_ms"":11.84999942779541}"
200014,1,4035.3999,4417.1,True,1.0,"{""inversion_rho"":null,""inversion_channel"":22.5,""period_ms"":29.200077056884766}"
200014,1,4481.5001,4614.5,True,1.0,"{""inversion_rho"":null,""inversion_channel"":31.0,""period_ms"":22.550106048583984}"
200014,1,4703.5999,4810.4,True,1.0,"{""inversion_rho"":null,""inversion_channel"":29.0,""period_ms"":25.899887084960938}"
200014,1,4839.2,4904.6998,True,1.0,"{""inversion_rho"":null,""inversion_channel"":30.5,""period_ms"":32.74989128112793}"
200014,1,4944.3002,5095.2001,True,1.0,"{""inversion_rho"":null,""inversion_channel"":26.75,""period_ms"":43.399810791015625}"
200014,1,5108.5,5199.8,True,1.0,"{""inversion_rho"":null,""inversion_channel"":18.5,""period_ms"":28.800010681152344}"
200083,1,58.3,58.3,False,0.25,"{""inversion_rho"":null,""inversion_channel"":7.5,""period_ms"":15.49999974668026}"
200083,1,73.1,73.1,False,1.0,"{""inversion_rho"":null,""inversion_channel"":7.5,""period_ms"":15.49999974668026}"
200083,1,89.3,89.3,False,1.0,"{""inversion_rho"":null,""inversion_channel"":7.5,""period_ms"":15.49999974668026}"
200083,1,1422.2,1422.2,False,0.375,"{""inversion_rho"":null,""inversion_channel"":8.0,""period_ms"":20.950019359588623}"
200083,1,1448.0,1448.0,False,1.0,"{""inversion_rho"":null,""inversion_channel"":6.5,""period_ms"":20.950019359588623}"
200083,1,1464.1,1464.1,False,1.0,"{""inversion_rho"":null,""inversion_channel"":5.5,""period_ms"":20.950019359588623}"
200083,1,1541.3001,1541.3001,False,1.0,"{""inversion_rho"":null,""inversion_channel"":43.5,""period_ms"":24.550020694732666}"
200083,1,1551.3999,1551.3999,False,1.0,"{""inversion_rho"":null,""inversion_channel"":6.5,""period_ms"":24.550020694732666}"
200083,1,1571.0,1571.0,False,0.375,"{""inversion_rho"":null,""inversion_channel"":8.0,""period_ms"":24.550020694732666}"
200083,1,1587.6,1587.6,False,1.0,"{""inversion_rho"":null,""inversion_channel"":4.5,""period_ms"":24.550020694732666}"
200083,1,1621.6,1621.6,False,1.0,"{""inversion_rho"":null,""inversion_channel"":3.5,""period_ms"":24.550020694732666}"
200083,1,1651.1,1651.1,False,0.375,"{""inversion_rho"":null,""inversion_channel"":18.0,""period_ms"":24.550020694732666}"
200083,1,1691.7,1691.7,False,0.875,"{""inversion_rho"":null,""inversion_channel"":7.5,""period_ms"":24.550020694732666}"
200083,1,1700.6,1700.6,False,0.375,"{""inversion_rho"":null,""inversion_channel"":17.0,""period_ms"":null}"
200083,1,1775.3,1775.3,False,1.0,"{""inversion_rho"":null,""inversion_channel"":5.5,""period_ms"":null}"
200083,1,1801.8,1801.8,False,1.0,"{""inversion_rho"":null,""inversion_channel"":6.5,""period_ms"":33.199965953826904}"
200083,1,1836.0,1836.0,False,1.0,"{""inversion_rho"":null,""inversion_channel"":23.0,""period_ms"":33.199965953826904}"
200083,1,1868.1999,1868.1999,False,1.0,"{""inversion_rho"":null,""inversion_channel"":41.5,""period_ms"":33.199965953826904}"
200083,1,1879.9,1879.9,False,1.0,"{""inversion_rho"":null,""inversion_channel"":3.5,""period_ms"":16.99995994567871}"
200083,1,1897.0,1897.0,False,1.0,"{""inversion_rho"":null,""inversion_channel"":23.5,""period_ms"":16.99995994567871}"
200083,1,1915.3,1915.3,False,1.0,"{""inversion_rho"":null,""inversion_channel"":41.5,""period_ms"":16.99995994567871}"
200083,1,1933.5001,1933.5001,False,1.0,"{""inversion_rho"":null,""inversion_channel"":5.5,""period_ms"":16.99995994567871}"
200083,1,1941.6,1941.6,False,1.0,"{""inversion_rho"":null,""inversion_channel"":3.5,""period_ms"":16.99995994567871}"
200083,1,1950.4,1950.4,False,1.0,"{""inversion_rho"":null,""inversion_channel"":6.0,""period_ms"":16.99995994567871}"
200083,1,1966.3,1966.3,False,1.0,"{""inversion_rho"":null,""inversion_channel"":22.5,""period_ms"":16.99995994567871}"
200083,1,1984.9,1984.9,False,0.5,"{""inversion_rho"":null,""inversion_channel"":8.0,""period_ms"":16.99995994567871}"
200083,1,1999.8,1999.8,False,1.0,"{""inversion_rho"":null,""inversion_channel"":2.5,""period_ms"":16.99995994567871}"
200083,1,2008.6,2008.6,False,0.375,"{""inversion_rho"":null,""inversion_channel"":24.5,""period_ms"":16.99995994567871}"
200083,1,2025.7001,2025.7001,False,1.0,"{""inversion_rho"":null,""inversion_channel"":6.0,""period_ms"":16.99995994567871}"
200083,1,2042.7001,2042.7001,False,0.375,"{""inversion_rho"":null,""inversion_channel"":27.5,""period_ms"":16.99995994567871}"
200083,1,2048.0001,2048.0001,False,1.0,"{""inversion_rho"":null,""inversion_channel"":25.5,""period_ms"":15.95008373260498}"
200083,1,2072.9001,2072.9001,False,0.625,"{""inversion_rho"":null,""inversion_channel"":16.5,""period_ms"":15.95008373260498}"
200083,1,2093.6999,2093.6999,False,1.0,"{""inversion_rho"":null,""inversion_channel"":4.5,""period_ms"":15.95008373260498}"
200083,1,2115.6001,2115.6001,False,1.0,"{""inversion_rho"":null,""inversion_channel"":21.5,""period_ms"":15.95008373260498}"
200083,1,2124.5,2124.5,False,0.25,"{""inversion_rho"":null,""inversion_channel"":17.5,""period_ms"":15.95008373260498}"
200083,1,2138.5,2138.5,False,0.5,"{""inversion_rho"":null,""inversion_channel"":27.5,""period_ms"":15.95008373260498}"
200083,1,2155.4999,2155.4999,False,1.0,"{""inversion_rho"":null,""inversion_channel"":27.5,""period_ms"":15.95008373260498}"
200083,1,2172.1001,2172.1001,False,0.625,"{""inversion_rho"":null,""inversion_channel"":23.0,""period_ms"":15.95008373260498}"
200083,1,2181.5,2181.5,False,1.0,"{""inversion_rho"":null,""inversion_channel"":6.0,""period_ms"":15.95008373260498}"
200083,1,2200.7999,2200.7999,False,1.0,"{""inversion_rho"":null,""inversion_channel"":3.5,""period_ms"":15.95008373260498}"
200083,1,2221.8001,2221.8001,False,0.625,"{""inversion_rho"":null,""inversion_channel"":5.5,""period_ms"":15.95008373260498}"
200083,1,2235.6999,2235.6999,False,0.375,"{""inversion_rho"":null,""inversion_channel"":6.0,""period_ms"":15.95008373260498}"
200083,1,2246.0001,2246.0001,False,0.875,"{""inversion_rho"":null,""inversion_channel"":4.5,""period_ms"":15.95008373260498}"
200083,1,2261.3001,2261.3001,False,0.5,"{""inversion_rho"":null,""inversion_channel"":5.5,""period_ms"":15.95008373260498}"
200083,1,2271.1999,2271.1999,False,0.25,"{""inversion_rho"":null,""inversion_channel"":17.5,""period_ms"":15.95008373260498}"
200083,1,2300.1001,2300.1001,False,0.375,"{""inversion_rho"":null,""inversion_channel"":7.5,""period_ms"":18.599987030029297}"
200083,1,2323.9999,2323.9999,False,0.625,"{""inversion_rho"":null,""inversion_channel"":4.0,""period_ms"":18.599987030029297}"
200083,1,2346.4,2346.4,False,1.0,"{""inversion_rho"":null,""inversion_channel"":14.5,""period_ms"":18.599987030029297}"
200083,1,2367.1,2367.1,False,0.625,"{""inversion_rho"":null,""inversion_channel"":6.0,""period_ms"":18.599987030029297}"
200083,1,2389.4999,2389.4999,False,1.0,"{""inversion_rho"":null,""inversion_channel"":14.5,""period_ms"":18.599987030029297}"
200083,1,2406.1,2406.1,False,0.625,"{""inversion_rho"":null,""inversion_channel"":20.5,""period_ms"":18.599987030029297}"
200083,1,2418.2999,2418.2999,False,0.625,"{""inversion_rho"":null,""inversion_channel"":40.5,""period_ms"":18.599987030029297}"
200083,1,2436.8999,2436.8999,False,0.625,"{""inversion_rho"":null,""inversion_channel"":5.5,""period_ms"":18.599987030029297}"
200083,1,2448.2,2448.2,False,1.0,"{""inversion_rho"":null,""inversion_channel"":36.5,""period_ms"":18.599987030029297}"
200083,1,2453.3999,2453.3999,False,1.0,"{""inversion_rho"":null,""inversion_channel"":6.5,""period_ms"":18.599987030029297}"
200083,1,2467.6001,2467.6001,False,1.0,"{""inversion_rho"":null,""inversion_channel"":38.5,""period_ms"":null}"
200083,1,2483.3,2483.3,False,0.375,"{""inversion_rho"":null,""inversion_channel"":19.5,""period_ms"":null}"
200083,1,2489.0001,2489.0001,False,0.5,"{""inversion_rho"":null,""inversion_channel"":6.5,""period_ms"":15.30003547668457}"
200083,1,2503.2001,2503.2001,False,1.0,"{""inversion_rho"":null,""inversion_channel"":14.5,""period_ms"":15.30003547668457}"
200083,1,2529.0999,2529.0999,False,1.0,"{""inversion_rho"":null,""inversion_channel"":3.5,""period_ms"":15.30003547668457}"
200083,1,2543.4999,2543.4999,False,0.375,"{""inversion_rho"":null,""inversion_channel"":20.0,""period_ms"":15.30003547668457}"
200083,1,2567.6,2567.6,False,1.0,"{""inversion_rho"":null,""inversion_channel"":4.5,""period_ms"":15.30003547668457}"
200083,1,2583.8001,2583.8001,False,1.0,"{""inversion_rho"":null,""inversion_channel"":14.5,""period_ms"":15.30003547668457}"
200083,1,2597.8,2597.8,False,1.0,"{""inversion_rho"":null,""inversion_channel"":38.0,""period_ms"":15.30003547668457}"
200083,1,2637.5999,2637.5999,False,0.5,"{""inversion_rho"":null,""inversion_channel"":8.0,""period_ms"":null}"
200083,1,2687.9001,2687.9001,False,1.0,"{""inversion_rho"":null,""inversion_channel"":40.5,""period_ms"":null}"
200083,1,2693.2001,2693.2001,False,1.0,"{""inversion_rho"":null,""inversion_channel"":4.5,""period_ms"":20.999908447265625}"
200083,1,2716.3,2716.3,False,1.0,"{""inversion_rho"":null,""inversion_channel"":4.5,""period_ms"":20.999908447265625}"
200083,1,2735.1999,2735.1999,False,1.0,"{""inversion_rho"":null,""inversion_channel"":40.5,""period_ms"":20.999908447265625}"
200083,1,2788.8,2788.8,False,1.0,"{""inversion_rho"":null,""inversion_channel"":20.5,""period_ms"":16.60013198852539}"
200083,1,2811.6,2811.6,False,0.375,"{""inversion_rho"":null,""inversion_channel"":7.5,""period_ms"":16.60013198852539}"
200083,1,2828.2001,2828.2001,False,0.625,"{""inversion_rho"":null,""inversion_channel"":14.5,""period_ms"":16.60013198852539}"
200083,1,2843.6,2843.6,False,0.625,"{""inversion_rho"":null,""inversion_channel"":20.5,""period_ms"":16.60013198852539}"
200083,1,2884.0001,2884.0001,False,0.375,"{""inversion_rho"":null,""inversion_channel"":8.0,""period_ms"":30.849933624267578}"
200083,1,2913.3,2913.3,False,0.625,"{""inversion_rho"":null,""inversion_channel"":39.0,""period_ms"":30.849933624267578}"
200083,1,2945.6999,2945.6999,False,1.0,"{""inversion_rho"":null,""inversion_channel"":4.5,""period_ms"":30.849933624267578}"
200083,1,2970.5999,2970.5999,False,1.0,"{""inversion_rho"":null,""inversion_channel"":3.0,""period_ms"":30.849933624267578}"
200083,1,2997.7,2997.7,False,1.0,"{""inversion_rho"":null,""inversion_channel"":4.5,""period_ms"":30.849933624267578}"
200083,1,3021.3001,3021.3001,False,1.0,"{""inversion_rho"":null,""inversion_channel"":6.5,""period_ms"":30.849933624267578}"
200083,1,3062.9001,3062.9001,False,1.0,"{""inversion_rho"":null,""inversion_channel"":4.5,""period_ms"":30.849933624267578}"
200083,1,3096.8001,3096.8001,False,0.25,"{""inversion_rho"":null,""inversion_channel"":5.5,""period_ms"":30.849933624267578}"
200083,1,3165.8001,3165.8001,False,1.0,"{""inversion_rho"":null,""inversion_channel"":5.5,""period_ms"":30.849933624267578}"
200083,1,3180.3999,3180.3999,False,0.875,"{""inversion_rho"":null,""inversion_channel"":40.5,""period_ms"":12.400031089782715}"
200083,1,3191.4999,3191.4999,False,0.875,"{""inversion_rho"":null,""inversion_channel"":40.5,""period_ms"":12.400031089782715}"
200083,1,3204.2,3204.2,False,0.25,"{""inversion_rho"":null,""inversion_channel"":6.5,""period_ms"":12.400031089782715}"
200083,1,3224.6001,3224.6001,False,0.5,"{""inversion_rho"":null,""inversion_channel"":14.5,""period_ms"":12.400031089782715}"
200083,1,3236.7001,3236.7001,False,0.5,"{""inversion_rho"":null,""inversion_channel"":3.5,""period_ms"":12.400031089782715}"
200083,1,3250.2,3250.2,False,0.5,"{""inversion_rho"":null,""inversion_channel"":3.5,""period_ms"":12.400031089782715}"
200083,1,3260.7,3260.7,False,0.375,"{""inversion_rho"":null,""inversion_channel"":19.5,""period_ms"":12.400031089782715}"
200083,1,3291.8999,3291.8999,False,0.625,"{""inversion_rho"":null,""inversion_channel"":7.5,""period_ms"":33.85007381439209}"
200083,1,3334.1,3334.1,False,1.0,"{""inversion_rho"":null,""inversion_channel"":5.5,""period_ms"":33.85007381439209}"
200083,1,3359.6001,3359.6001,False,0.5,"{""inversion_rho"":null,""inversion_channel"":40.5,""period_ms"":33.85007381439209}"
200083,1,3367.3,3367.3,False,1.0,"{""inversion_rho"":null,""inversion_channel"":3.5,""period_ms"":21.699905395507812}"
200083,1,3395.1001,3395.1001,False,1.0,"{""inversion_rho"":null,""inversion_channel"":36.5,""period_ms"":21.699905395507812}"
200083,1,3409.3001,3409.3001,False,0.25,"{""inversion_rho"":null,""inversion_channel"":40.5,""period_ms"":21.699905395507812}"
200083,1,3442.3001,3442.3001,False,0.375,"{""inversion_rho"":null,""inversion_channel"":10.5,""period_ms"":21.699905395507812}"
200083,1,3464.0,3464.0,False,1.0,"{""inversion_rho"":null,""inversion_channel"":5.5,""period_ms"":21.699905395507812}"
200083,1,3497.9,3497.9,False,0.25,"{""inversion_rho"":null,""inversion_channel"":41.5,""period_ms"":21.699905395507812}"
200083,1,3528.1999,3528.1999,False,1.0,"{""inversion_rho"":null,""inversion_channel"":4.0,""period_ms"":21.699905395507812}"
200083,1,3546.2,3546.2,False,1.0,"{""inversion_rho"":null,""inversion_channel"":3.0,""period_ms"":21.699905395507812}"
200083,1,3570.2,3570.2,False,1.0,"{""inversion_rho"":null,""inversion_channel"":3.0,""period_ms"":21.699905395507812}"
200083,1,3589.2999,3589.2999,False,0.75,"{""inversion_rho"":null,""inversion_channel"":14.5,""period_ms"":21.699905395507812}"
200083,1,3597.3001,3597.3001,False,0.5,"{""inversion_rho"":null,""inversion_channel"":42.5,""period_ms"":21.699905395507812}"
200083,1,3605.4001,3605.4001,False,0.375,"{""inversion_rho"":null,""inversion_channel"":4.5,""period_ms"":21.699905395507812}"
200083,1,3643.8,3643.8,False,1.0,"{""inversion_rho"":null,""inversion_channel"":4.5,""period_ms"":19.00005340576172}"
200083,1,3657.3999,3657.3999,False,1.0,"{""inversion_rho"":null,""inversion_channel"":4.0,""period_ms"":19.00005340576172}"
200083,1,3676.3999,3676.3999,False,0.5,"{""inversion_rho"":null,""inversion_channel"":8.5,""period_ms"":19.00005340576172}"
200083,1,3716.3,3716.3,False,1.0,"{""inversion_rho"":null,""inversion_channel"":14.5,""period_ms"":19.00005340576172}"
200083,1,3729.0001,3729.0001,False,0.875,"{""inversion_rho"":null,""inversion_channel"":8.5,""period_ms"":null}"
200083,1,3740.7999,3740.7999,False,0.375,"{""inversion_rho"":null,""inversion_channel"":19.5,""period_ms"":null}"
200083,1,3786.0999,3786.0999,False,0.375,"{""inversion_rho"":null,""inversion_channel"":4.5,""period_ms"":null}"
200083,1,3887.3,3887.3,False,0.25,"{""inversion_rho"":null,""inversion_channel"":7.0,""period_ms"":null}"
200083,1,3899.6999,3899.6999,False,1.0,"{""inversion_rho"":null,""inversion_channel"":5.5,""period_ms"":16.8001651763916}"
200083,1,3916.5001,3916.5001,False,1.0,"{""inversion_rho"":null,""inversion_channel"":3.0,""period_ms"":16.8001651763916}"
200083,1,3950.7999,3950.7999,False,1.0,"{""inversion_rho"":null,""inversion_channel"":14.5,""period_ms"":16.8001651763916}"
200083,1,3988.6999,3988.6999,False,1.0,"{""inversion_rho"":null,""inversion_channel"":14.5,""period_ms"":16.8001651763916}"
200083,1,4006.0,4006.0,False,1.0,"{""inversion_rho"":null,""inversion_channel"":14.5,""period_ms"":16.8001651763916}"
200083,1,4013.1001,4013.1001,False,1.0,"{""inversion_rho"":null,""inversion_channel"":16.5,""period_ms"":16.8001651763916}"
200083,1,4025.3,4025.3,False,1.0,"{""inversion_rho"":null,""inversion_channel"":19.5,""period_ms"":16.8001651763916}"
200083,1,4039.3,4039.3,False,1.0,"{""inversion_rho"":null,""inversion_channel"":20.5,""period_ms"":16.8001651763916}"
200083,1,4058.5999,4058.5999,False,0.75,"{""inversion_rho"":null,""inversion_channel"":4.0,""period_ms"":16.8001651763916}"
200083,1,4072.5999,4072.5999,False,1.0,"{""inversion_rho"":null,""inversion_channel"":3.5,""period_ms"":16.8001651763916}"
200083,1,4114.8,4114.8,False,0.375,"{""inversion_rho"":null,""inversion_channel"":15.5,""period_ms"":17.149925231933594}"
200083,1,4134.3999,4134.3999,False,1.0,"{""inversion_rho"":null,""inversion_channel"":3.0,""period_ms"":17.149925231933594}"
200083,1,4149.0998,4149.0998,False,1.0,"{""inversion_rho"":null,""inversion_channel"":3.5,""period_ms"":17.149925231933594}"
200083,1,4197.1998,4197.1998,False,1.0,"{""inversion_rho"":null,""inversion_channel"":2.5,""period_ms"":20.550012588500977}"
200083,1,4246.6002,4246.6002,False,1.0,"{""inversion_rho"":null,""inversion_channel"":19.5,""period_ms"":20.550012588500977}"
200083,1,4342.8998,4342.8998,False,1.0,"{""inversion_rho"":null,""inversion_channel"":33.5,""period_ms"":20.550012588500977}"
200083,1,4391.2001,4391.2001,False,1.0,"{""inversion_rho"":null,""inversion_channel"":16.5,""period_ms"":20.550012588500977}"
200083,1,4432.2,4432.2,False,1.0,"{""inversion_rho"":null,""inversion_channel"":17.0,""period_ms"":20.550012588500977}"
200083,1,4471.7002,4471.7002,False,1.0,"{""inversion_rho"":null,""inversion_channel"":32.5,""period_ms"":20.550012588500977}"
200083,1,4514.5998,4514.5998,False,1.0,"{""inversion_rho"":null,""inversion_channel"":31.5,""period_ms"":20.550012588500977}"
200083,1,4558.4002,4558.4002,False,0.625,"{""inversion_rho"":null,""inversion_channel"":31.5,""period_ms"":20.550012588500977}"
200083,1,4601.2001,4601.2001,False,1.0,"{""inversion_rho"":null,""inversion_channel"":31.5,""period_ms"":20.550012588500977}"
200083,1,4637.5999,4637.5999,False,1.0,"{""inversion_rho"":null,""inversion_channel"":31.5,""period_ms"":20.550012588500977}"
200083,1,4661.3998,4661.3998,False,0.25,"{""inversion_rho"":null,""inversion_channel"":10.5,""period_ms"":20.550012588500977}"
200083,1,4682.7998,4682.7998,False,1.0,"{""inversion_rho"":null,""inversion_channel"":11.0,""period_ms"":20.550012588500977}"
200083,1,4702.4999,4702.4999,False,1.0,"{""inversion_rho"":null,""inversion_channel"":11.5,""period_ms"":20.550012588500977}"
200083,1,4720.7999,4720.7999,False,1.0,"{""inversion_rho"":null,""inversion_channel"":30.0,""period_ms"":20.550012588500977}"
200083,1,4739.6998,4739.6998,False,1.0,"{""inversion_rho"":null,""inversion_channel"":11.5,""period_ms"":20.550012588500977}"
200083,1,4757.4,4757.4,False,1.0,"{""inversion_rho"":null,""inversion_channel"":10.5,""period_ms"":20.550012588500977}"
200083,1,4775.8002,4775.8002,False,1.0,"{""inversion_rho"":null,""inversion_channel"":10.5,""period_ms"":20.550012588500977}"
200083,1,4792.7999,4792.7999,False,1.0,"{""inversion_rho"":null,""inversion_channel"":11.5,""period_ms"":20.550012588500977}"
200083,1,4809.7,4809.7,False,1.0,"{""inversion_rho"":null,""inversion_channel"":25.5,""period_ms"":20.550012588500977}"
200083,1,4826.3001,4826.3001,False,1.0,"{""inversion_rho"":null,""inversion_channel"":24.5,""period_ms"":20.550012588500977}"
200083,1,4843.1001,4843.1001,False,1.0,"{""inversion_rho"":null,""inversion_channel"":24.5,""period_ms"":20.550012588500977}"
200083,1,4859.7999,4859.7999,False,1.0,"{""inversion_rho"":null,""inversion_channel"":22.5,""period_ms"":20.550012588500977}"
200083,1,4876.8001,4876.8001,False,1.0,"{""inversion_rho"":null,""inversion_channel"":22.5,""period_ms"":20.550012588500977}"
200083,1,58.3,89.3,True,1.0,"{""inversion_rho"":null,""inversion_channel"":7.5,""period_ms"":15.49999974668026}"
200083,1,1422.2,1464.1,True,1.0,"{""inversion_rho"":null,""inversion_channel"":6.5,""period_ms"":20.950019359588623}"
200083,1,1541.3001,1691.7,True,1.0,"{""inversion_rho"":null,""inversion_channel"":7.5,""period_ms"":24.550020694732666}"
200083,1,1801.8,1868.1999,True,1.0,"{""inversion_rho"":null,""inversion_channel"":23.0,""period_ms"":33.199965953826904}"
200083,1,1879.9,2042.7001,True,1.0,"{""inversion_rho"":null,""inversion_channel"":7.0,""period_ms"":16.99995994567871}"
200083,1,2048.0001,2271.1999,True,1.0,"{""inversion_rho"":null,""inversion_channel"":16.5,""period_ms"":15.95008373260498}"
200083,1,2300.1001,2453.3999,True,1.0,"{""inversion_rho"":null,""inversion_channel"":11.0,""period_ms"":18.599987030029297}"
200083,1,2489.0001,2597.8,True,1.0,"{""inversion_rho"":null,""inversion_channel"":14.5,""period_ms"":15.30003547668457}"
200083,1,2693.2001,2735.1999,True,1.0,"{""inversion_rho"":null,""inversion_channel"":4.5,""period_ms"":20.999908447265625}"
200083,1,2788.8,2843.6,True,1.0,"{""inversion_rho"":null,""inversion_channel"":17.5,""period_ms"":16.60013198852539}"
200083,1,2884.0001,3165.8001,True,1.0,"{""inversion_rho"":null,""inversion_channel"":5.5,""period_ms"":30.849933624267578}"
200083,1,3180.3999,3260.7,True,1.0,"{""inversion_rho"":null,""inversion_channel"":14.5,""period_ms"":12.400031089782715}"
200083,1,3291.8999,3359.6001,True,1.0,"{""inversion_rho"":null,""inversion_channel"":7.5,""period_ms"":33.85007381439209}"
200083,1,3367.3,3605.4001,True,1.0,"{""inversion_rho"":null,""inversion_channel"":8.0,""period_ms"":21.699905395507812}"
200083,1,3643.8,3716.3,True,1.0,"{""inversion_rho"":null,""inversion_channel"":6.5,""period_ms"":19.00005340576172}"
200083,1,3899.6999,4072.5999,True,1.0,"{""inversion_rho"":null,""inversion_channel"":14.5,""period_ms"":16.8001651763916}"
200083,1,4114.8,4149.0998,True,1.0,"{""inversion_rho"":null,""inversion_channel"":3.5,""period_ms"":17.149925231933594}"
200083,1,4197.1998,4876.8001,True,1.0,"{""inversion_rho"":null,""inversion_channel"":22.5,""period_ms"":20.550012588500977}"
200127,1,74.1,74.1,False,1.0,"{""inversion_rho"":null,""inversion_channel"":8.0,""period_ms"":null}"
200127,1,88.6,88.6,False,1.0,"{""inversion_rho"":null,""inversion_channel"":7.5,""period_ms"":null}"
200127,1,1445.4,1445.4,False,1.0,"{""inversion_rho"":null,""inversion_channel"":6.5,""period_ms"":23.85002374649048}"
200127,1,1463.0001,1463.0001,False,0.875,"{""inversion_rho"":null,""inversion_channel"":4.0,""period_ms"":23.85002374649048}"
200127,1,1493.1,1493.1,False,1.0,"{""inversion_rho"":null,""inversion_channel"":5.5,""period_ms"":23.85002374649048}"
200127,1,1504.4,1504.4,False,1.0,"{""inversion_rho"":null,""inversion_channel"":6.5,""period_ms"":35.899996757507324}"
200127,1,1528.8,1528.8,False,0.375,"{""inversion_rho"":null,""inversion_channel"":5.5,""period_ms"":35.899996757507324}"
200127,1,1576.2,1576.2,False,0.625,"{""inversion_rho"":null,""inversion_channel"":7.0,""period_ms"":35.899996757507324}"
200127,1,1591.7,1591.7,False,1.0,"{""inversion_rho"":null,""inversion_channel"":3.5,""period_ms"":11.84999942779541}"
200127,1,1603.3,1603.3,False,0.875,"{""inversion_rho"":null,""inversion_channel"":5.5,""period_ms"":11.84999942779541}"
200127,1,1615.4,1615.4,False,0.25,"{""inversion_rho"":null,""inversion_channel"":4.5,""period_ms"":11.84999942779541}"
200127,1,1661.1,1661.1,False,1.0,"{""inversion_rho"":null,""inversion_channel"":4.5,""period_ms"":17.300009727478027}"
200127,1,1674.3,1674.3,False,1.0,"{""inversion_rho"":null,""inversion_channel"":37.0,""period_ms"":17.300009727478027}"
200127,1,1697.5,1697.5,False,1.0,"{""inversion_rho"":null,""inversion_channel"":4.5,""period_ms"":17.300009727478027}"
200127,1,1714.8,1714.8,False,1.0,"{""inversion_rho"":null,""inversion_channel"":6.5,""period_ms"":17.300009727478027}"
200127,1,1764.5,1764.5,False,0.625,"{""inversion_rho"":null,""inversion_channel"":5.5,""period_ms"":14.699935913085938}"
200127,1,1774.0999,1774.0999,False,1.0,"{""inversion_rho"":null,""inversion_channel"":6.5,""period_ms"":14.699935913085938}"
200127,1,1790.9,1790.9,False,0.25,"{""inversion_rho"":null,""inversion_channel"":41.5,""period_ms"":14.699935913085938}"
200127,1,1807.5,1807.5,False,0.5,"{""inversion_rho"":null,""inversion_channel"":8.0,""period_ms"":14.699935913085938}"
200127,1,1819.6,1819.6,False,0.5,"{""inversion_rho"":null,""inversion_channel"":9.5,""period_ms"":14.699935913085938}"
200127,1,1835.7,1835.7,False,0.5,"{""inversion_rho"":null,""inversion_channel"":6.5,""period_ms"":14.699935913085938}"
200127,1,1845.7,1845.7,False,0.25,"{""inversion_rho"":null,""inversion_channel"":6.5,""period_ms"":14.699935913085938}"
200127,1,1858.2,1858.2,False,1.0,"{""inversion_rho"":null,""inversion_channel"":25.5,""period_ms"":14.699935913085938}"
200127,1,1876.3,1876.3,False,1.0,"{""inversion_rho"":null,""inversion_channel"":4.5,""period_ms"":14.699935913085938}"
200127,1,1896.4,1896.4,False,1.0,"{""inversion_rho"":null,""inversion_channel"":28.5,""period_ms"":14.699935913085938}"
200127,1,1913.2,1913.2,False,1.0,"{""inversion_rho"":null,""inversion_channel"":5.5,""period_ms"":14.699935913085938}"
200127,1,1934.4,1934.4,False,1.0,"{""inversion_rho"":null,""inversion_channel"":5.5,""period_ms"":14.699935913085938}"
200127,1,1965.1999,1965.1999,False,1.0,"{""inversion_rho"":null,""inversion_channel"":3.5,""period_ms"":14.699935913085938}"
200127,1,1977.9,1977.9,False,0.25,"{""inversion_rho"":null,""inversion_channel"":28.5,""period_ms"":14.699935913085938}"
200127,1,1988.1999,1988.1999,False,0.375,"{""inversion_rho"":null,""inversion_channel"":17.0,""period_ms"":14.699935913085938}"
200127,1,1994.5,1994.5,False,1.0,"{""inversion_rho"":null,""inversion_channel"":24.5,""period_ms"":14.699935913085938}"
200127,1,2007.4,2007.4,False,0.5,"{""inversion_rho"":null,""inversion_channel"":5.5,""period_ms"":14.699935913085938}"
200127,1,2019.7999,2019.7999,False,0.875,"{""inversion_rho"":null,""inversion_channel"":7.0,""period_ms"":14.699935913085938}"
200127,1,2034.4999,2034.4999,False,0.75,"{""inversion_rho"":null,""inversion_channel"":40.5,""period_ms"":14.699935913085938}"
200127,1,2044.5001,2044.5001,False,1.0,"{""inversion_rho"":null,""inversion_channel"":20.5,""period_ms"":14.699935913085938}"
200127,1,2059.2999,2059.2999,False,1.0,"{""inversion_rho"":null,""inversion_channel"":24.5,""period_ms"":14.699935913085938}"
200127,1,2067.1,2067.1,False,0.5,"{""inversion_rho"":null,""inversion_channel"":17.5,""period_ms"":14.699935913085938}"
200127,1,2076.7,2076.7,False,1.0,"{""inversion_rho"":null,""inversion_channel"":28.0,""period_ms"":14.699935913085938}"
200127,1,2089.2,2089.2,False,0.75,"{""inversion_rho"":null,""inversion_channel"":5.5,""period_ms"":14.699935913085938}"
200127,1,2097.5001,2097.5001,False,1.0,"{""inversion_rho"":null,""inversion_channel"":4.0,""period_ms"":14.699935913085938}"
200127,1,2110.8999,2110.8999,False,1.0,"{""inversion_rho"":null,""inversion_channel"":40.5,""period_ms"":14.699935913085938}"
200127,1,2127.1999,2127.1999,False,0.5,"{""inversion_rho"":null,""inversion_channel"":9.5,""period_ms"":14.699935913085938}"
200127,1,2145.2999,2145.2999,False,1.0,"{""inversion_rho"":null,""inversion_channel"":37.5,""period_ms"":14.699935913085938}"
200127,1,2157.7001,2157.7001,False,1.0,"{""inversion_rho"":null,""inversion_channel"":21.5,""period_ms"":14.699935913085938}"
200127,1,2176.1,2176.1,False,1.0,"{""inversion_rho"":null,""inversion_channel"":5.5,""period_ms"":14.699935913085938}"
200127,1,2196.8,2196.8,False,1.0,"{""inversion_rho"":null,""inversion_channel"":4.5,""period_ms"":14.699935913085938}"
200127,1,2213.7001,2213.7001,False,1.0,"{""inversion_rho"":null,""inversion_channel"":4.5,""period_ms"":14.699935913085938}"
200127,1,2246.9001,2246.9001,False,0.25,"{""inversion_rho"":null,""inversion_channel"":9.5,""period_ms"":14.699935913085938}"
200127,1,2268.4,2268.4,False,1.0,"{""inversion_rho"":null,""inversion_channel"":37.0,""period_ms"":14.699935913085938}"
200127,1,2341.1,2341.1,False,1.0,"{""inversion_rho"":null,""inversion_channel"":9.5,""period_ms"":21.55005931854248}"
200127,1,2392.0,2392.0,False,1.0,"{""inversion_rho"":null,""inversion_channel"":33.0,""period_ms"":21.55005931854248}"
200127,1,2416.5001,2416.5001,False,1.0,"{""inversion_rho"":null,""inversion_channel"":40.5,""period_ms"":21.55005931854248}"
200127,1,2447.5,2447.5,False,0.75,"{""inversion_rho"":null,""inversion_channel"":5.5,""period_ms"":21.55005931854248}"
200127,1,2470.2001,2470.2001,False,1.0,"{""inversion_rho"":null,""inversion_channel"":4.5,""period_ms"":21.55005931854248}"
200127,1,2490.6001,2490.6001,False,1.0,"{""inversion_rho"":null,""inversion_channel"":3.5,""period_ms"":21.55005931854248}"
200127,1,2508.6,2508.6,False,1.0,"{""inversion_rho"":null,""inversion_channel"":4.0,""period_ms"":21.55005931854248}"
200127,1,2524.9,2524.9,False,1.0,"{""inversion_rho"":null,""inversion_channel"":4.5,""period_ms"":21.55005931854248}"
200127,1,2539.2001,2539.2001,False,1.0,"{""inversion_rho"":null,""inversion_channel"":4.5,""period_ms"":21.55005931854248}"
200127,1,2562.7,2562.7,False,0.25,"{""inversion_rho"":null,""inversion_channel"":7.5,""period_ms"":21.55005931854248}"
200127,1,2575.9001,2575.9001,False,1.0,"{""inversion_rho"":null,""inversion_channel"":4.5,""period_ms"":21.55005931854248}"
200127,1,2592.4001,2592.4001,False,1.0,"{""inversion_rho"":null,""inversion_channel"":3.5,""period_ms"":21.55005931854248}"
200127,1,2632.1001,2632.1001,False,0.625,"{""inversion_rho"":null,""inversion_channel"":9.5,""period_ms"":21.55005931854248}"
200127,1,2637.8,2637.8,False,1.0,"{""inversion_rho"":null,""inversion_channel"":4.5,""period_ms"":null}"
200127,1,2648.9,2648.9,False,0.625,"{""inversion_rho"":null,""inversion_channel"":9.5,""period_ms"":null}"
200127,1,2683.5001,2683.5001,False,1.0,"{""inversion_rho"":null,""inversion_channel"":5.5,""period_ms"":26.649832725524902}"
200127,1,2709.8999,2709.8999,False,1.0,"{""inversion_rho"":null,""inversion_channel"":5.5,""period_ms"":26.649832725524902}"
200127,1,2723.2001,2723.2001,False,1.0,"{""inversion_rho"":null,""inversion_channel"":3.5,""period_ms"":26.649832725524902}"
200127,1,2750.0999,2750.0999,False,1.0,"{""inversion_rho"":null,""inversion_channel"":6.5,""period_ms"":26.649832725524902}"
200127,1,2772.3999,2772.3999,False,0.875,"{""inversion_rho"":null,""inversion_channel"":43.5,""period_ms"":26.649832725524902}"
200127,1,2805.2001,2805.2001,False,1.0,"{""inversion_rho"":null,""inversion_channel"":33.0,""period_ms"":26.649832725524902}"
200127,1,2822.7999,2822.7999,False,1.0,"{""inversion_rho"":null,""inversion_channel"":2.5,""period_ms"":26.649832725524902}"
200127,1,2850.8999,2850.8999,False,1.0,"{""inversion_rho"":null,""inversion_channel"":3.0,""period_ms"":26.649832725524902}"
200127,1,2890.1,2890.1,False,1.0,"{""inversion_rho"":null,""inversion_channel"":4.0,""period_ms"":26.649832725524902}"
200127,1,2899.4999,2899.4999,False,1.0,"{""inversion_rho"":null,""inversion_channel"":28.5,""period_ms"":null}"
200127,1,2952.5001,2952.5001,False,1.0,"{""inversion_rho"":null,""inversion_channel"":4.5,""period_ms"":null}"
200127,1,2961.2,2961.2,False,1.0,"{""inversion_rho"":null,""inversion_channel"":4.5,""period_ms"":26.74996852874756}"
200127,1,2987.9999,2987.9999,False,1.0,"{""inversion_rho"":null,""inversion_channel"":2.5,""period_ms"":26.74996852874756}"
200127,1,3014.6999,3014.6999,False,1.0,"{""inversion_rho"":null,""inversion_channel"":3.5,""period_ms"":26.74996852874756}"
200127,1,3066.9,3066.9,False,1.0,"{""inversion_rho"":null,""inversion_channel"":3.5,""period_ms"":26.74996852874756}"
200127,1,3095.9001,3095.9001,False,0.625,"{""inversion_rho"":null,""inversion_channel"":41.5,""period_ms"":26.74996852874756}"
200127,1,3114.3999,3114.3999,False,1.0,"{""inversion_rho"":null,""inversion_channel"":4.5,""period_ms"":26.74996852874756}"
200127,1,3139.6,3139.6,False,1.0,"{""inversion_rho"":null,""inversion_channel"":3.0,""period_ms"":26.74996852874756}"
200127,1,3167.7999,3167.7999,False,1.0,"{""inversion_rho"":null,""inversion_channel"":6.5,""period_ms"":26.74996852874756}"
200127,1,3186.1,3186.1,False,1.0,"{""inversion_rho"":null,""inversion_channel"":3.5,""period_ms"":26.74996852874756}"
200127,1,3250.9999,3250.9999,False,1.0,"{""inversion_rho"":null,""inversion_channel"":5.5,""period_ms"":46.49996757507324}"
200127,1,3297.4999,3297.4999,False,1.0,"{""inversion_rho"":null,""inversion_channel"":3.5,""period_ms"":46.49996757507324}"
200127,1,3356.9,3356.9,False,1.0,"{""inversion_rho"":null,""inversion_channel"":3.5,""period_ms"":46.49996757507324}"
200127,1,3429.3001,3429.3001,False,1.0,"{""inversion_rho"":null,""inversion_channel"":6.5,""period_ms"":46.49996757507324}"
200127,1,3463.3,3463.3,False,0.5,"{""inversion_rho"":null,""inversion_channel"":41.5,""period_ms"":46.49996757507324}"
200127,1,3484.1001,3484.1001,False,1.0,"{""inversion_rho"":null,""inversion_channel"":6.5,""period_ms"":46.49996757507324}"
200127,1,3546.0999,3546.0999,False,0.625,"{""inversion_rho"":null,""inversion_channel"":7.5,""period_ms"":null}"
200127,1,3643.8999,3643.8999,False,1.0,"{""inversion_rho"":null,""inversion_channel"":3.5,""period_ms"":null}"
200127,1,3669.5001,3669.5001,False,0.75,"{""inversion_rho"":null,""inversion_channel"":41.5,""period_ms"":20.69997787475586}"
200127,1,3690.5999,3690.5999,False,0.375,"{""inversion_rho"":null,""inversion_channel"":11.5,""period_ms"":20.69997787475586}"
200127,1,3711.2999,3711.2999,False,0.375,"{""inversion_rho"":null,""inversion_channel"":4.5,""period_ms"":20.69997787475586}"
200127,1,3722.8,3722.8,False,1.0,"{""inversion_rho"":null,""inversion_channel"":39.5,""period_ms"":20.69997787475586}"
200127,1,3751.4,3751.4,False,1.0,"{""inversion_rho"":null,""inversion_channel"":38.0,""period_ms"":20.69997787475586}"
200127,1,3767.4999,3767.4999,False,0.625,"{""inversion_rho"":null,""inversion_channel"":4.5,""period_ms"":20.69997787475586}"
200127,1,3783.7999,3783.7999,False,0.875,"{""inversion_rho"":null,""inversion_channel"":5.0,""period_ms"":20.69997787475586}"
200127,1,3823.9999,3823.9999,False,1.0,"{""inversion_rho"":null,""inversion_channel"":21.5,""period_ms"":20.69997787475586}"
200127,1,3842.9999,3842.9999,False,1.0,"{""inversion_rho"":null,""inversion_channel"":3.5,""period_ms"":20.69997787475586}"
200127,1,3878.7,3878.7,False,1.0,"{""inversion_rho"":null,""inversion_channel"":20.5,""period_ms"":20.69997787475586}"
200127,1,3885.2,3885.2,False,1.0,"{""inversion_rho"":null,""inversion_channel"":21.5,""period_ms"":null}"
200127,1,3898.7999,3898.7999,False,0.875,"{""inversion_rho"":null,""inversion_channel"":3.5,""period_ms"":null}"
200127,1,3946.1,3946.1,False,1.0,"{""inversion_rho"":null,""inversion_channel"":3.5,""period_ms"":21.80004119873047}"
200127,1,3976.7001,3976.7001,False,1.0,"{""inversion_rho"":null,""inversion_channel"":21.5,""period_ms"":21.80004119873047}"
200127,1,4012.8999,4012.8999,False,1.0,"{""inversion_rho"":null,""inversion_channel"":2.5,""period_ms"":21.80004119873047}"
200127,1,4038.4998,4038.4998,False,1.0,"{""inversion_rho"":null,""inversion_channel"":3.5,""period_ms"":21.80004119873047}"
200127,1,4063.0999,4063.0999,False,1.0,"{""inversion_rho"":null,""inversion_channel"":20.5,""period_ms"":21.80004119873047}"
200127,1,4082.0999,4082.0999,False,1.0,"{""inversion_rho"":null,""inversion_channel"":25.0,""period_ms"":21.80004119873047}"
200127,1,4095.2001,4095.2001,False,0.75,"{""inversion_rho"":null,""inversion_channel"":20.0,""period_ms"":21.80004119873047}"
200127,1,4106.9999,4106.9999,False,1.0,"{""inversion_rho"":null,""inversion_channel"":22.0,""period_ms"":21.80004119873047}"
200127,1,4113.9002,4113.9002,False,1.0,"{""inversion_rho"":null,""inversion_channel"":21.5,""period_ms"":21.80004119873047}"
200127,1,4122.4999,4122.4999,False,0.375,"{""inversion_rho"":null,""inversion_channel"":10.0,""period_ms"":21.80004119873047}"
200127,1,4135.3998,4135.3998,False,1.0,"{""inversion_rho"":null,""inversion_channel"":21.5,""period_ms"":21.80004119873047}"
200127,1,4149.0998,4149.0998,False,1.0,"{""inversion_rho"":null,""inversion_channel"":11.5,""period_ms"":21.80004119873047}"
200127,1,4180.6998,4180.6998,False,1.0,"{""inversion_rho"":null,""inversion_channel"":1.5,""period_ms"":21.80004119873047}"
200127,1,4207.3998,4207.3998,False,1.0,"{""inversion_rho"":null,""inversion_channel"":2.5,""period_ms"":21.80004119873047}"
200127,1,4241.2,4241.2,False,1.0,"{""inversion_rho"":null,""inversion_channel"":34.5,""period_ms"":21.80004119873047}"
200127,1,4334.0001,4334.0001,False,1.0,"{""inversion_rho"":null,""inversion_channel"":17.5,""period_ms"":21.500110626220703}"
200127,1,4376.9999,4376.9999,False,1.0,"{""inversion_rho"":null,""inversion_channel"":18.5,""period_ms"":21.500110626220703}"
200127,1,4423.6999,4423.6999,False,1.0,"{""inversion_rho"":null,""inversion_channel"":32.5,""period_ms"":21.500110626220703}"
200127,1,4464.3002,4464.3002,False,1.0,"{""inversion_rho"":null,""inversion_channel"":31.5,""period_ms"":21.500110626220703}"
200127,1,4505.6,4505.6,False,1.0,"{""inversion_rho"":null,""inversion_channel"":32.0,""period_ms"":21.500110626220703}"
200127,1,4546.9999,4546.9999,False,1.0,"{""inversion_rho"":null,""inversion_channel"":31.5,""period_ms"":21.500110626220703}"
200127,1,4585.3,4585.3,False,0.5,"{""inversion_rho"":null,""inversion_channel"":11.0,""period_ms"":21.500110626220703}"
200127,1,4628.2001,4628.2001,False,1.0,"{""inversion_rho"":null,""inversion_channel"":31.5,""period_ms"":21.500110626220703}"
200127,1,4656.1999,4656.1999,False,1.0,"{""inversion_rho"":null,""inversion_channel"":11.5,""period_ms"":21.500110626220703}"
200127,1,4678.1998,4678.1998,False,1.0,"{""inversion_rho"":null,""inversion_channel"":11.5,""period_ms"":21.500110626220703}"
200127,1,4699.2002,4699.2002,False,1.0,"{""inversion_rho"":null,""inversion_channel"":12.5,""period_ms"":21.500110626220703}"
200127,1,4718.5001,4718.5001,False,1.0,"{""inversion_rho"":null,""inversion_channel"":12.5,""period_ms"":21.500110626220703}"
200127,1,4736.8999,4736.8999,False,1.0,"{""inversion_rho"":null,""inversion_channel"":12.0,""period_ms"":21.500110626220703}"
200127,1,4755.0001,4755.0001,False,1.0,"{""inversion_rho"":null,""inversion_channel"":12.5,""period_ms"":21.500110626220703}"
200127,1,4773.2,4773.2,False,1.0,"{""inversion_rho"":null,""inversion_channel"":26.5,""period_ms"":21.500110626220703}"
200127,1,4790.7,4790.7,False,1.0,"{""inversion_rho"":null,""inversion_channel"":24.0,""period_ms"":21.500110626220703}"
200127,1,4808.3,4808.3,False,1.0,"{""inversion_rho"":null,""inversion_channel"":23.0,""period_ms"":21.500110626220703}"
200127,1,4825.6001,4825.6001,False,1.0,"{""inversion_rho"":null,""inversion_channel"":23.0,""period_ms"":21.500110626220703}"
200127,1,4841.8999,4841.8999,False,1.0,"{""inversion_rho"":null,""inversion_channel"":22.0,""period_ms"":21.500110626220703}"
200127,1,1445.4,1493.1,True,1.0,"{""inversion_rho"":null,""inversion_channel"":5.5,""period_ms"":23.85002374649048}"
200127,1,1504.4,1576.2,True,1.0,"{""inversion_rho"":null,""inversion_channel"":6.5,""period_ms"":35.899996757507324}"
200127,1,1591.7,1615.4,True,1.0,"{""inversion_rho"":null,""inversion_channel"":4.5,""period_ms"":11.84999942779541}"
200127,1,1661.1,1714.8,True,1.0,"{""inversion_rho"":null,""inversion_channel"":5.5,""period_ms"":17.300009727478027}"
200127,1,1764.5,2268.4,True,1.0,"{""inversion_rho"":null,""inversion_channel"":9.5,""period_ms"":14.699935913085938}"
200127,1,2341.1,2632.1001,True,1.0,"{""inversion_rho"":null,""inversion_channel"":4.5,""period_ms"":21.55005931854248}"
200127,1,2683.5001,2890.1,True,1.0,"{""inversion_rho"":null,""inversion_channel"":5.5,""period_ms"":26.649832725524902}"
200127,1,2961.2,3186.1,True,1.0,"{""inversion_rho"":null,""inversion_channel"":3.5,""period_ms"":26.74996852874756}"
200127,1,3250.9999,3484.1001,True,1.0,"{""inversion_rho"":null,""inversion_channel"":6.0,""period_ms"":46.49996757507324}"
200127,1,3669.5001,3878.7,True,1.0,"{""inversion_rho"":null,""inversion_channel"":16.0,""period_ms"":20.69997787475586}"
200127,1,3946.1,4241.2,True,1.0,"{""inversion_rho"":null,""inversion_channel"":20.0,""period_ms"":21.80004119873047}"
200127,1,4334.0001,4841.8999,True,1.0,"{""inversion_rho"":null,""inversion_channel"":22.0,""period_ms"":21.500110626220703}"
200129,1,59.0,59.0,False,0.25,"{""inversion_rho"":null,""inversion_channel"":43.5,""period_ms"":16.100000590085983}"
200129,1,76.5,76.5,False,1.0,"{""inversion_rho"":null,""inversion_channel"":7.5,""period_ms"":16.100000590085983}"
200129,1,91.2,91.2,False,1.0,"{""inversion_rho"":null,""inversion_channel"":6.5,""period_ms"":16.100000590085983}"
200129,1,96.7,96.7,False,0.25,"{""inversion_rho"":null,""inversion_channel"":43.0,""period_ms"":null}"
200129,1,1424.4,1424.4,False,1.0,"{""inversion_rho"":null,""inversion_channel"":5.0,""period_ms"":32.100021839141846}"
200129,1,1446.4,1446.4,False,0.5,"{""inversion_rho"":null,""inversion_channel"":41.5,""period_ms"":32.100021839141846}"
200129,1,1488.6,1488.6,False,1.0,"{""inversion_rho"":null,""inversion_channel"":2.5,""period_ms"":32.100021839141846}"
200129,1,1500.1,1500.1,False,1.0,"{""inversion_rho"":null,""inversion_channel"":2.5,""period_ms"":50.999999046325684}"
200129,1,1542.6,1542.6,False,1.0,"{""inversion_rho"":null,""inversion_channel"":5.5,""period_ms"":50.999999046325684}"
200129,1,1602.1,1602.1,False,1.0,"{""inversion_rho"":null,""inversion_channel"":3.5,""period_ms"":50.999999046325684}"
200129,1,1621.2,1621.2,False,0.75,"{""inversion_rho"":null,""inversion_channel"":6.0,""period_ms"":23.10001850128174}"
200129,1,1639.0001,1639.0001,False,1.0,"{""inversion_rho"":null,""inversion_channel"":4.5,""period_ms"":23.10001850128174}"
200129,1,1657.4,1657.4,False,1.0,"{""inversion_rho"":null,""inversion_channel"":3.5,""period_ms"":23.10001850128174}"
200129,1,1681.1,1681.1,False,1.0,"{""inversion_rho"":null,""inversion_channel"":2.5,""period_ms"":23.10001850128174}"
200129,1,1700.3,1700.3,False,0.5,"{""inversion_rho"":null,""inversion_channel"":7.5,""period_ms"":23.10001850128174}"
200129,1,1722.8,1722.8,False,1.0,"{""inversion_rho"":null,""inversion_channel"":3.0,""period_ms"":23.10001850128174}"
200129,1,1767.8,1767.8,False,0.625,"{""inversion_rho"":null,""inversion_channel"":19.5,""period_ms"":23.10001850128174}"
200129,1,1810.3,1810.3,False,1.0,"{""inversion_rho"":null,""inversion_channel"":24.5,""period_ms"":23.10001850128174}"
200129,1,1839.5,1839.5,False,1.0,"{""inversion_rho"":null,""inversion_channel"":25.5,""period_ms"":23.10001850128174}"
200129,1,1847.9,1847.9,False,0.5,"{""inversion_rho"":null,""inversion_channel"":27.5,""period_ms"":11.549949645996094}"
200129,1,1858.4,1858.4,False,0.625,"{""inversion_rho"":null,""inversion_channel"":19.5,""period_ms"":11.549949645996094}"
200129,1,1865.3001,1865.3001,False,1.0,"{""inversion_rho"":null,""inversion_channel"":25.5,""period_ms"":11.549949645996094}"
200129,1,1877.9,1877.9,False,0.5,"{""inversion_rho"":null,""inversion_channel"":41.5,""period_ms"":11.549949645996094}"
200129,1,1897.7,1897.7,False,1.0,"{""inversion_rho"":null,""inversion_channel"":39.5,""period_ms"":11.549949645996094}"
200129,1,1905.6,1905.6,False,0.875,"{""inversion_rho"":null,""inversion_channel"":5.5,""period_ms"":14.400005340576172}"
200129,1,1920.0,1920.0,False,0.25,"{""inversion_rho"":null,""inversion_channel"":27.5,""period_ms"":14.400005340576172}"
200129,1,1940.5,1940.5,False,1.0,"{""inversion_rho"":null,""inversion_channel"":37.0,""period_ms"":14.400005340576172}"
200129,1,1956.7,1956.7,False,0.75,"{""inversion_rho"":null,""inversion_channel"":12.5,""period_ms"":14.400005340576172}"
200129,1,1964.2,1964.2,False,0.25,"{""inversion_rho"":null,""inversion_channel"":22.5,""period_ms"":14.400005340576172}"
200129,1,1969.9,1969.9,False,1.0,"{""inversion_rho"":null,""inversion_channel"":13.5,""period_ms"":14.400005340576172}"
200129,1,1987.6,1987.6,False,0.5,"{""inversion_rho"":null,""inversion_channel"":40.5,""period_ms"":null}"
200129,1,2002.7001,2002.7001,False,0.5,"{""inversion_rho"":null,""inversion_channel"":17.5,""period_ms"":null}"
200129,1,2007.8001,2007.8001,False,0.75,"{""inversion_rho"":null,""inversion_channel"":17.5,""period_ms"":13.300061225891113}"
200129,1,2015.1,2015.1,False,0.375,"{""inversion_rho"":null,""inversion_channel"":6.0,""period_ms"":13.300061225891113}"
200129,1,2023.5,2023.5,False,1.0,"{""inversion_rho"":null,""inversion_channel"":38.0,""period_ms"":13.300061225891113}"
200129,1,2036.2,2036.2,False,0.375,"{""inversion_rho"":null,""inversion_channel"":4.5,""period_ms"":13.300061225891113}"
200129,1,2050.8001,2050.8001,False,1.0,"{""inversion_rho"":null,""inversion_channel"":35.0,""period_ms"":13.300061225891113}"
200129,1,2063.8001,2063.8001,False,0.875,"{""inversion_rho"":null,""inversion_channel"":23.5,""period_ms"":13.300061225891113}"
200129,1,2078.8,2078.8,False,0.25,"{""inversion_rho"":null,""inversion_channel"":30.5,""period_ms"":13.300061225891113}"
200129,1,2085.7,2085.7,False,1.0,"{""inversion_rho"":null,""inversion_channel"":40.5,""period_ms"":13.300061225891113}"
200129,1,2092.9999,2092.9999,False,0.375,"{""inversion_rho"":null,""inversion_channel"":30.5,""period_ms"":13.300061225891113}"
200129,1,2106.9,2106.9,False,1.0,"{""inversion_rho"":null,""inversion_channel"":43.5,""period_ms"":13.300061225891113}"
200129,1,2123.6,2123.6,False,1.0,"{""inversion_rho"":null,""inversion_channel"":37.5,""period_ms"":13.300061225891113}"
200129,1,2142.2999,2142.2999,False,1.0,"{""inversion_rho"":null,""inversion_channel"":16.5,""period_ms"":13.300061225891113}"
200129,1,2156.6999,2156.6999,False,0.375,"{""inversion_rho"":null,""inversion_channel"":23.0,""period_ms"":13.300061225891113}"
200129,1,2165.0,2165.0,False,0.75,"{""inversion_rho"":null,""inversion_channel"":16.5,""period_ms"":13.300061225891113}"
200129,1,2174.5,2174.5,False,1.0,"{""inversion_rho"":null,""inversion_channel"":22.5,""period_ms"":13.300061225891113}"
200129,1,2192.3001,2192.3001,False,1.0,"{""inversion_rho"":null,""inversion_channel"":16.5,""period_ms"":13.300061225891113}"
200129,1,2220.5999,2220.5999,False,1.0,"{""inversion_rho"":null,""inversion_channel"":38.0,""period_ms"":13.300061225891113}"
200129,1,2232.7001,2232.7001,False,0.25,"{""inversion_rho"":null,""inversion_channel"":17.5,""period_ms"":13.300061225891113}"
200129,1,2254.3001,2254.3001,False,0.375,"{""inversion_rho"":null,""inversion_channel"":5.0,""period_ms"":13.300061225891113}"
200129,1,2263.2,2263.2,False,1.0,"{""inversion_rho"":null,""inversion_channel"":21.5,""period_ms"":13.300061225891113}"
200129,1,2276.5,2276.5,False,0.875,"{""inversion_rho"":null,""inversion_channel"":20.5,""period_ms"":13.300061225891113}"
200129,1,2289.7999,2289.7999,False,0.25,"{""inversion_rho"":null,""inversion_channel"":6.5,""period_ms"":13.300061225891113}"
200129,1,2303.1001,2303.1001,False,0.75,"{""inversion_rho"":null,""inversion_channel"":22.0,""period_ms"":13.300061225891113}"
200129,1,2316.6001,2316.6001,False,0.75,"{""inversion_rho"":null,""inversion_channel"":14.5,""period_ms"":13.300061225891113}"
200129,1,2327.3001,2327.3001,False,1.0,"{""inversion_rho"":null,""inversion_channel"":21.5,""period_ms"":13.300061225891113}"
200129,1,2346.1001,2346.1001,False,0.25,"{""inversion_rho"":null,""inversion_channel"":6.0,""period_ms"":13.300061225891113}"
200129,1,2366.8001,2366.8001,False,1.0,"{""inversion_rho"":null,""inversion_channel"":22.5,""period_ms"":13.300061225891113}"
200129,1,2388.0,2388.0,False,1.0,"{""inversion_rho"":null,""inversion_channel"":20.5,""period_ms"":13.300061225891113}"
200129,1,2397.5,2397.5,False,0.25,"{""inversion_rho"":null,""inversion_channel"":20.5,""period_ms"":13.300061225891113}"
200129,1,2428.4999,2428.4999,False,1.0,"{""inversion_rho"":null,""inversion_channel"":21.5,""period_ms"":null}"
200129,1,2445.2,2445.2,False,0.875,"{""inversion_rho"":null,""inversion_channel"":22.5,""period_ms"":null}"
200129,1,2450.5999,2450.5999,False,1.0,"{""inversion_rho"":null,""inversion_channel"":23.5,""period_ms"":18.55003833770752}"
200129,1,2467.5,2467.5,False,1.0,"{""inversion_rho"":null,""inversion_channel"":8.5,""period_ms"":18.55003833770752}"
200129,1,2487.7,2487.7,False,0.625,"{""inversion_rho"":null,""inversion_channel"":18.5,""period_ms"":18.55003833770752}"
200129,1,2494.1001,2494.1001,False,0.75,"{""inversion_rho"":null,""inversion_channel"":38.5,""period_ms"":11.699914932250977}"
200129,1,2519.2001,2519.2001,False,1.0,"{""inversion_rho"":null,""inversion_channel"":14.5,""period_ms"":11.699914932250977}"
200129,1,2534.1001,2534.1001,False,1.0,"{""inversion_rho"":null,""inversion_channel"":20.5,""period_ms"":11.699914932250977}"
200129,1,2551.6,2551.6,False,0.75,"{""inversion_rho"":null,""inversion_channel"":19.5,""period_ms"":11.699914932250977}"
200129,1,2562.5999,2562.5999,False,0.875,"{""inversion_rho"":null,""inversion_channel"":12.0,""period_ms"":11.699914932250977}"
200129,1,2577.8999,2577.8999,False,0.5,"{""inversion_rho"":null,""inversion_channel"":20.5,""period_ms"":11.699914932250977}"
200129,1,2584.3,2584.3,False,1.0,"{""inversion_rho"":null,""inversion_channel"":4.5,""period_ms"":11.699914932250977}"
200129,1,2590.1,2590.1,False,0.5,"{""inversion_rho"":null,""inversion_channel"":18.5,""period_ms"":11.699914932250977}"
200129,1,2597.8999,2597.8999,False,1.0,"{""inversion_rho"":null,""inversion_channel"":21.5,""period_ms"":11.699914932250977}"
200129,1,2608.7999,2608.7999,False,0.5,"{""inversion_rho"":null,""inversion_channel"":17.5,""period_ms"":11.699914932250977}"
200129,1,2619.0,2619.0,False,0.75,"{""inversion_rho"":null,""inversion_channel"":6.5,""period_ms"":11.699914932250977}"
200129,1,2627.8,2627.8,False,1.0,"{""inversion_rho"":null,""inversion_channel"":38.0,""period_ms"":11.699914932250977}"
200129,1,2646.1999,2646.1999,False,1.0,"{""inversion_rho"":null,""inversion_channel"":37.5,""period_ms"":11.699914932250977}"
200129,1,2672.6,2672.6,False,1.0,"{""inversion_rho"":null,""inversion_channel"":4.5,""period_ms"":11.699914932250977}"
200129,1,2687.5999,2687.5999,False,0.5,"{""inversion_rho"":null,""inversion_channel"":4.5,""period_ms"":11.699914932250977}"
200129,1,2699.3999,2699.3999,False,1.0,"{""inversion_rho"":null,""inversion_channel"":5.5,""period_ms"":11.699914932250977}"
200129,1,2716.5,2716.5,False,0.25,"{""inversion_rho"":null,""inversion_channel"":4.5,""period_ms"":11.699914932250977}"
200129,1,2730.9999,2730.9999,False,0.25,"{""inversion_rho"":null,""inversion_channel"":20.5,""period_ms"":11.699914932250977}"
200129,1,2741.3001,2741.3001,False,0.5,"{""inversion_rho"":null,""inversion_channel"":21.5,""period_ms"":11.699914932250977}"
200129,1,2750.7,2750.7,False,1.0,"{""inversion_rho"":null,""inversion_channel"":24.5,""period_ms"":11.699914932250977}"
200129,1,2767.0,2767.0,False,1.0,"{""inversion_rho"":null,""inversion_channel"":39.5,""period_ms"":11.699914932250977}"
200129,1,2776.3,2776.3,False,0.875,"{""inversion_rho"":null,""inversion_channel"":20.5,""period_ms"":11.699914932250977}"
200129,1,2783.7999,2783.7999,False,0.25,"{""inversion_rho"":null,""inversion_channel"":42.5,""period_ms"":11.699914932250977}"
200129,1,2789.4001,2789.4001,False,0.375,"{""inversion_rho"":null,""inversion_channel"":21.5,""period_ms"":11.699914932250977}"
200129,1,2802.7,2802.7,False,0.5,"{""inversion_rho"":null,""inversion_channel"":21.5,""period_ms"":11.699914932250977}"
200129,1,2816.0,2816.0,False,1.0,"{""inversion_rho"":null,""inversion_channel"":23.5,""period_ms"":11.699914932250977}"
200129,1,2831.8999,2831.8999,False,1.0,"{""inversion_rho"":null,""inversion_channel"":24.5,""period_ms"":11.699914932250977}"
200129,1,2843.4999,2843.4999,False,1.0,"{""inversion_rho"":null,""inversion_channel"":21.0,""period_ms"":11.699914932250977}"
200129,1,2863.6999,2863.6999,False,1.0,"{""inversion_rho"":null,""inversion_channel"":21.5,""period_ms"":11.699914932250977}"
200129,1,2878.9999,2878.9999,False,1.0,"{""inversion_rho"":null,""inversion_channel"":21.5,""period_ms"":11.699914932250977}"
200129,1,2890.3,2890.3,False,1.0,"{""inversion_rho"":null,""inversion_channel"":22.5,""period_ms"":11.699914932250977}"
200129,1,2897.1,2897.1,False,1.0,"{""inversion_rho"":null,""inversion_channel"":20.0,""period_ms"":11.699914932250977}"
200129,1,2903.8,2903.8,False,0.625,"{""inversion_rho"":null,""inversion_channel"":20.5,""period_ms"":11.699914932250977}"
200129,1,2914.0,2914.0,False,1.0,"{""inversion_rho"":null,""inversion_channel"":40.5,""period_ms"":11.699914932250977}"
200129,1,2934.7,2934.7,False,0.375,"{""inversion_rho"":null,""inversion_channel"":5.5,""period_ms"":11.699914932250977}"
200129,1,2946.7001,2946.7001,False,0.5,"{""inversion_rho"":null,""inversion_channel"":20.5,""period_ms"":11.699914932250977}"
200129,1,2956.7001,2956.7001,False,0.5,"{""inversion_rho"":null,""inversion_channel"":16.5,""period_ms"":11.699914932250977}"
200129,1,2967.9999,2967.9999,False,0.5,"{""inversion_rho"":null,""inversion_channel"":17.0,""period_ms"":11.699914932250977}"
200129,1,2977.9,2977.9,False,1.0,"{""inversion_rho"":null,""inversion_channel"":19.5,""period_ms"":11.699914932250977}"
200129,1,2987.7,2987.7,False,1.0,"{""inversion_rho"":null,""inversion_channel"":17.0,""period_ms"":11.699914932250977}"
200129,1,2994.4,2994.4,False,0.375,"{""inversion_rho"":null,""inversion_channel"":24.5,""period_ms"":11.699914932250977}"
200129,1,3009.1,3009.1,False,1.0,"{""inversion_rho"":null,""inversion_channel"":17.0,""period_ms"":11.699914932250977}"
200129,1,3016.0,3016.0,False,1.0,"{""inversion_rho"":null,""inversion_channel"":24.5,""period_ms"":11.699914932250977}"
200129,1,3030.1001,3030.1001,False,1.0,"{""inversion_rho"":null,""inversion_channel"":4.5,""period_ms"":11.699914932250977}"
200129,1,3044.5001,3044.5001,False,1.0,"{""inversion_rho"":null,""inversion_channel"":25.5,""period_ms"":11.699914932250977}"
200129,1,3056.2999,3056.2999,False,0.875,"{""inversion_rho"":null,""inversion_channel"":21.5,""period_ms"":11.699914932250977}"
200129,1,3073.1001,3073.1001,False,0.25,"{""inversion_rho"":null,""inversion_channel"":19.5,""period_ms"":11.699914932250977}"
200129,1,3078.8,3078.8,False,0.25,"{""inversion_rho"":null,""inversion_channel"":20.5,""period_ms"":null}"
200129,1,3103.3001,3103.3001,False,1.0,"{""inversion_rho"":null,""inversion_channel"":24.5,""period_ms"":null}"
200129,1,3109.1001,3109.1001,False,1.0,"{""inversion_rho"":null,""inversion_channel"":24.5,""period_ms"":15.30003547668457}"
200129,1,3136.4999,3136.4999,False,0.625,"{""inversion_rho"":null,""inversion_channel"":20.0,""period_ms"":15.30003547668457}"
200129,1,3153.5001,3153.5001,False,0.875,"{""inversion_rho"":null,""inversion_channel"":20.5,""period_ms"":15.30003547668457}"
200129,1,3168.8001,3168.8001,False,0.75,"{""inversion_rho"":null,""inversion_channel"":22.5,""period_ms"":15.30003547668457}"
200129,1,3180.8,3180.8,False,1.0,"{""inversion_rho"":null,""inversion_channel"":25.5,""period_ms"":15.30003547668457}"
200129,1,3194.7,3194.7,False,1.0,"{""inversion_rho"":null,""inversion_channel"":19.5,""period_ms"":15.30003547668457}"
200129,1,3199.8999,3199.8999,False,1.0,"{""inversion_rho"":null,""inversion_channel"":41.5,""period_ms"":14.699935913085938}"
200129,1,3227.7,3227.7,False,0.75,"{""inversion_rho"":null,""inversion_channel"":21.0,""period_ms"":14.699935913085938}"
200129,1,3242.3999,3242.3999,False,1.0,"{""inversion_rho"":null,""inversion_channel"":22.5,""period_ms"":14.699935913085938}"
200129,1,3250.0999,3250.0999,False,1.0,"{""inversion_rho"":null,""inversion_channel"":37.0,""period_ms"":14.699935913085938}"
200129,1,3279.9001,3279.9001,False,0.75,"{""inversion_rho"":null,""inversion_channel"":22.5,""period_ms"":null}"
200129,1,3286.2999,3286.2999,False,1.0,"{""inversion_rho"":null,""inversion_channel"":21.5,""period_ms"":null}"
200129,1,3302.9001,3302.9001,False,1.0,"{""inversion_rho"":null,""inversion_channel"":41.5,""period_ms"":null}"
200129,1,3312.9001,3312.9001,False,0.625,"{""inversion_rho"":null,""inversion_channel"":20.0,""period_ms"":null}"
200129,1,3342.6001,3342.6001,False,0.875,"{""inversion_rho"":null,""inversion_channel"":40.5,""period_ms"":12.799978256225586}"
200129,1,3363.5001,3363.5001,False,0.875,"{""inversion_rho"":null,""inversion_channel"":27.5,""period_ms"":12.799978256225586}"
200129,1,3374.5999,3374.5999,False,0.25,"{""inversion_rho"":null,""inversion_channel"":16.5,""period_ms"":12.799978256225586}"
200129,1,3393.5001,3393.5001,False,1.0,"{""inversion_rho"":null,""inversion_channel"":14.5,""period_ms"":12.799978256225586}"
200129,1,3401.3,3401.3,False,1.0,"{""inversion_rho"":null,""inversion_channel"":16.5,""period_ms"":12.799978256225586}"
200129,1,3417.2001,3417.2001,False,0.5,"{""inversion_rho"":null,""inversion_channel"":41.5,""period_ms"":12.799978256225586}"
200129,1,3430.0001,3430.0001,False,1.0,"{""inversion_rho"":null,""inversion_channel"":16.5,""period_ms"":12.799978256225586}"
200129,1,3441.0,3441.0,False,0.75,"{""inversion_rho"":null,""inversion_channel"":38.5,""period_ms"":12.799978256225586}"
200129,1,3460.3,3460.3,False,1.0,"{""inversion_rho"":null,""inversion_channel"":41.5,""period_ms"":12.799978256225586}"
200129,1,3471.7,3471.7,False,1.0,"{""inversion_rho"":null,""inversion_channel"":3.5,""period_ms"":12.799978256225586}"
200129,1,3486.1,3486.1,False,1.0,"{""inversion_rho"":null,""inversion_channel"":22.5,""period_ms"":12.799978256225586}"
200129,1,3496.7999,3496.7999,False,1.0,"{""inversion_rho"":null,""inversion_channel"":21.5,""period_ms"":12.799978256225586}"
200129,1,3529.5,3529.5,False,1.0,"{""inversion_rho"":null,""inversion_channel"":40.0,""period_ms"":33.100008964538574}"
200129,1,3544.1999,3544.1999,False,0.625,"{""inversion_rho"":null,""inversion_channel"":4.5,""period_ms"":33.100008964538574}"
200129,1,3576.4999,3576.4999,False,1.0,"{""inversion_rho"":null,""inversion_channel"":4.0,""period_ms"":33.100008964538574}"
200129,1,3592.7999,3592.7999,False,1.0,"{""inversion_rho"":null,""inversion_channel"":2.5,""period_ms"":33.100008964538574}"
200129,1,3611.3,3611.3,False,1.0,"{""inversion_rho"":null,""inversion_channel"":3.5,""period_ms"":33.100008964538574}"
200129,1,3645.2,3645.2,False,1.0,"{""inversion_rho"":null,""inversion_channel"":5.5,""period_ms"":33.100008964538574}"
200129,1,3660.7001,3660.7001,False,0.875,"{""inversion_rho"":null,""inversion_channel"":7.0,""period_ms"":33.100008964538574}"
200129,1,3684.2,3684.2,False,0.625,"{""inversion_rho"":null,""inversion_channel"":6.5,""period_ms"":33.100008964538574}"
200129,1,3719.6,3719.6,False,1.0,"{""inversion_rho"":null,""inversion_channel"":5.0,""period_ms"":33.100008964538574}"
200129,1,3751.4,3751.4,False,1.0,"{""inversion_rho"":null,""inversion_channel"":3.5,""period_ms"":33.100008964538574}"
200129,1,3799.5,3799.5,False,0.25,"{""inversion_rho"":null,""inversion_channel"":39.0,""period_ms"":33.100008964538574}"
200129,1,3845.5,3845.5,False,1.0,"{""inversion_rho"":null,""inversion_channel"":2.5,""period_ms"":33.100008964538574}"
200129,1,3901.5,3901.5,False,1.0,"{""inversion_rho"":null,""inversion_channel"":3.5,""period_ms"":33.100008964538574}"
200129,1,3959.5001,3959.5001,False,0.25,"{""inversion_rho"":null,""inversion_channel"":21.5,""period_ms"":33.100008964538574}"
200129,1,4037.4999,4037.4999,False,1.0,"{""inversion_rho"":null,""inversion_channel"":37.0,""period_ms"":33.100008964538574}"
200129,1,4053.5998,4053.5998,False,0.5,"{""inversion_rho"":null,""inversion_channel"":16.5,""period_ms"":13.99993896484375}"
200129,1,4066.9999,4066.9999,False,1.0,"{""inversion_rho"":null,""inversion_channel"":21.5,""period_ms"":13.99993896484375}"
200129,1,4080.9999,4080.9999,False,0.75,"{""inversion_rho"":null,""inversion_channel"":4.5,""period_ms"":13.99993896484375}"
200129,1,4093.6999,4093.6999,False,1.0,"{""inversion_rho"":null,""inversion_channel"":20.5,""period_ms"":13.99993896484375}"
200129,1,4122.0002,4122.0002,False,1.0,"{""inversion_rho"":null,""inversion_channel"":2.5,""period_ms"":13.99993896484375}"
200129,1,4166.8,4166.8,False,1.0,"{""inversion_rho"":null,""inversion_channel"":2.5,""period_ms"":13.99993896484375}"
200129,1,4354.8002,4354.8002,False,1.0,"{""inversion_rho"":null,""inversion_channel"":32.5,""period_ms"":19.500255584716797}"
200129,1,4396.8,4396.8,False,1.0,"{""inversion_rho"":null,""inversion_channel"":18.0,""period_ms"":19.500255584716797}"
200129,1,4441.1001,4441.1001,False,1.0,"{""inversion_rho"":null,""inversion_channel"":17.5,""period_ms"":19.500255584716797}"
200129,1,4482.9001,4482.9001,False,1.0,"{""inversion_rho"":null,""inversion_channel"":32.5,""period_ms"":19.500255584716797}"
200129,1,4522.9998,4522.9998,False,1.0,"{""inversion_rho"":null,""inversion_channel"":13.0,""period_ms"":19.500255584716797}"
200129,1,4562.9001,4562.9001,False,1.0,"{""inversion_rho"":null,""inversion_channel"":14.0,""period_ms"":19.500255584716797}"
200129,1,4604.4998,4604.4998,False,1.0,"{""inversion_rho"":null,""inversion_channel"":31.5,""period_ms"":19.500255584716797}"
200129,1,4639.1001,4639.1001,False,1.0,"{""inversion_rho"":null,""inversion_channel"":13.0,""period_ms"":19.500255584716797}"
200129,1,4664.1998,4664.1998,False,0.5,"{""inversion_rho"":null,""inversion_channel"":11.5,""period_ms"":19.500255584716797}"
200129,1,4683.7001,4683.7001,False,1.0,"{""inversion_rho"":null,""inversion_channel"":13.0,""period_ms"":19.500255584716797}"
200129,1,4702.3001,4702.3001,False,1.0,"{""inversion_rho"":null,""inversion_channel"":13.0,""period_ms"":19.500255584716797}"
200129,1,4720.0999,4720.0999,False,1.0,"{""inversion_rho"":null,""inversion_channel"":12.5,""period_ms"":19.500255584716797}"
200129,1,4738.8,4738.8,False,1.0,"{""inversion_rho"":null,""inversion_channel"":13.0,""period_ms"":19.500255584716797}"
200129,1,4756.8998,4756.8998,False,1.0,"{""inversion_rho"":null,""inversion_channel"":26.5,""period_ms"":19.500255584716797}"
200129,1,4774.0002,4774.0002,False,1.0,"{""inversion_rho"":null,""inversion_channel"":24.0,""period_ms"":19.500255584716797}"
200129,1,4790.9002,4790.9002,False,1.0,"{""inversion_rho"":null,""inversion_channel"":24.5,""period_ms"":19.500255584716797}"
200129,1,4807.7998,4807.7998,False,1.0,"{""inversion_rho"":null,""inversion_channel"":23.5,""period_ms"":19.500255584716797}"
200129,1,4823.9002,4823.9002,False,1.0,"{""inversion_rho"":null,""inversion_channel"":21.5,""period_ms"":19.500255584716797}"
200129,1,59.0,91.2,True,1.0,"{""inversion_rho"":null,""inversion_channel"":7.5,""period_ms"":16.100000590085983}"
200129,1,1424.4,1488.6,True,1.0,"{""inversion_rho"":null,""inversion_channel"":5.0,""period_ms"":32.100021839141846}"
200129,1,1500.1,1602.1,True,1.0,"{""inversion_rho"":null,""inversion_channel"":3.5,""period_ms"":50.999999046325684}"
200129,1,1621.2,1839.5,True,1.0,"{""inversion_rho"":null,""inversion_channel"":6.0,""period_ms"":23.10001850128174}"
200129,1,1847.9,1897.7,True,1.0,"{""inversion_rho"":null,""inversion_channel"":27.5,""period_ms"":11.549949645996094}"
200129,1,1905.6,1969.9,True,1.0,"{""inversion_rho"":null,""inversion_channel"":18.0,""period_ms"":14.400005340576172}"
200129,1,2007.8001,2397.5,True,1.0,"{""inversion_rho"":null,""inversion_channel"":21.5,""period_ms"":13.300061225891113}"
200129,1,2450.5999,2487.7,True,1.0,"{""inversion_rho"":null,""inversion_channel"":18.5,""period_ms"":18.55003833770752}"
200129,1,2494.1001,3073.1001,True,1.0,"{""inversion_rho"":null,""inversion_channel"":20.5,""period_ms"":11.699914932250977}"
200129,1,3109.1001,3194.7,True,1.0,"{""inversion_rho"":null,""inversion_channel"":21.5,""period_ms"":15.30003547668457}"
200129,1,3199.8999,3250.0999,True,1.0,"{""inversion_rho"":null,""inversion_channel"":29.75,""period_ms"":14.699935913085938}"
200129,1,3342.6001,3496.7999,True,1.0,"{""inversion_rho"":null,""inversion_channel"":22.0,""period_ms"":12.799978256225586}"
200129,1,3529.5,4037.4999,True,1.0,"{""inversion_rho"":null,""inversion_channel"":5.0,""period_ms"":33.100008964538574}"
200129,1,4053.5998,4166.8,True,1.0,"{""inversion_rho"":null,""inversion_channel"":10.5,""period_ms"":13.99993896484375}"
200129,1,4354.8002,4823.9002,True,1.0,"{""inversion_rho"":null,""inversion_channel"":17.75,""period_ms"":19.500255584716797}"
200149,1,48.3,48.3,False,0.25,"{""inversion_rho"":null,""inversion_channel"":43.5,""period_ms"":12.000000104308128}"
200149,1,58.0,58.0,False,0.5,"{""inversion_rho"":null,""inversion_channel"":7.5,""period_ms"":12.000000104308128}"
200149,1,72.3,72.3,False,1.0,"{""inversion_rho"":null,""inversion_channel"":42.5,""period_ms"":12.000000104308128}"
200149,1,1338.7001,1338.7001,False,1.0,"{""inversion_rho"":null,""inversion_channel"":23.5,""period_ms"":45.19999027252197}"
200149,1,1370.0,1370.0,False,1.0,"{""inversion_rho"":null,""inversion_channel"":22.5,""period_ms"":45.19999027252197}"
200149,1,1399.9,1399.9,False,1.0,"{""inversion_rho"":null,""inversion_channel"":24.0,""period_ms"":45.19999027252197}"
200149,1,1427.3,1427.3,False,1.0,"{""inversion_rho"":null,""inversion_channel"":23.5,""period_ms"":45.19999027252197}"
200149,1,1465.1,1465.1,False,1.0,"{""inversion_rho"":null,""inversion_channel"":21.5,""period_ms"":45.19999027252197}"
200149,1,1508.8,1508.8,False,1.0,"{""inversion_rho"":null,""inversion_channel"":21.5,""period_ms"":45.19999027252197}"
200149,1,1546.4,1546.4,False,1.0,"{""inversion_rho"":null,""inversion_channel"":33.0,""period_ms"":45.19999027252197}"
200149,1,1580.4,1580.4,False,1.0,"{""inversion_rho"":null,""inversion_channel"":20.5,""period_ms"":45.19999027252197}"
200149,1,1630.6,1630.6,False,1.0,"{""inversion_rho"":null,""inversion_channel"":19.5,""period_ms"":45.19999027252197}"
200149,1,1654.0999,1654.0999,False,1.0,"{""inversion_rho"":null,""inversion_channel"":20.5,""period_ms"":45.19999027252197}"
200149,1,1704.6,1704.6,False,1.0,"{""inversion_rho"":null,""inversion_channel"":20.5,""period_ms"":45.19999027252197}"
200149,1,1744.1,1744.1,False,1.0,"{""inversion_rho"":null,""inversion_channel"":19.5,""period_ms"":45.19999027252197}"
200149,1,1781.9,1781.9,False,1.0,"{""inversion_rho"":null,""inversion_channel"":19.5,""period_ms"":45.19999027252197}"
200149,1,1840.1999,1840.1999,False,1.0,"{""inversion_rho"":null,""inversion_channel"":19.5,""period_ms"":45.19999027252197}"
200149,1,1888.1,1888.1,False,1.0,"{""inversion_rho"":null,""inversion_channel"":18.5,""period_ms"":45.19999027252197}"
200149,1,1950.4,1950.4,False,1.0,"{""inversion_rho"":null,""inversion_channel"":19.5,""period_ms"":45.19999027252197}"
200149,1,1997.1,1997.1,False,1.0,"{""inversion_rho"":null,""inversion_channel"":19.0,""period_ms"":45.19999027252197}"
200149,1,2068.9001,2068.9001,False,1.0,"{""inversion_rho"":null,""inversion_channel"":19.5,""period_ms"":45.19999027252197}"
200149,1,2123.6999,2123.6999,False,1.0,"{""inversion_rho"":null,""inversion_channel"":18.5,""period_ms"":45.19999027252197}"
200149,1,2175.2999,2175.2999,False,1.0,"{""inversion_rho"":null,""inversion_channel"":17.5,""period_ms"":45.19999027252197}"
200149,1,2228.1001,2228.1001,False,1.0,"{""inversion_rho"":null,""inversion_channel"":17.0,""period_ms"":45.19999027252197}"
200149,1,2642.2,2642.2,False,1.0,"{""inversion_rho"":null,""inversion_channel"":27.5,""period_ms"":41.29981994628906}"
200149,1,2691.2,2691.2,False,1.0,"{""inversion_rho"":null,""inversion_channel"":31.5,""period_ms"":41.29981994628906}"
200149,1,2736.2001,2736.2001,False,1.0,"{""inversion_rho"":null,""inversion_channel"":31.5,""period_ms"":41.29981994628906}"
200149,1,2788.1,2788.1,False,1.0,"{""inversion_rho"":null,""inversion_channel"":32.5,""period_ms"":41.29981994628906}"
200149,1,2838.5999,2838.5999,False,1.0,"{""inversion_rho"":null,""inversion_channel"":33.5,""period_ms"":41.29981994628906}"
200149,1,2886.8001,2886.8001,False,0.25,"{""inversion_rho"":null,""inversion_channel"":33.5,""period_ms"":41.29981994628906}"
200149,1,2934.9999,2934.9999,False,1.0,"{""inversion_rho"":null,""inversion_channel"":31.5,""period_ms"":41.29981994628906}"
200149,1,2988.8999,2988.8999,False,0.75,"{""inversion_rho"":null,""inversion_channel"":31.5,""period_ms"":41.29981994628906}"
200149,1,3089.9999,3089.9999,False,1.0,"{""inversion_rho"":null,""inversion_channel"":17.5,""period_ms"":41.29981994628906}"
200149,1,3139.1001,3139.1001,False,1.0,"{""inversion_rho"":null,""inversion_channel"":18.5,""period_ms"":41.29981994628906}"
200149,1,3185.6,3185.6,False,1.0,"{""inversion_rho"":null,""inversion_channel"":20.0,""period_ms"":41.29981994628906}"
200149,1,3222.1999,3222.1999,False,1.0,"{""inversion_rho"":null,""inversion_channel"":20.5,""period_ms"":41.29981994628906}"
200149,1,3254.8001,3254.8001,False,1.0,"{""inversion_rho"":null,""inversion_channel"":20.5,""period_ms"":41.29981994628906}"
200149,1,3296.0999,3296.0999,False,1.0,"{""inversion_rho"":null,""inversion_channel"":20.5,""period_ms"":41.29981994628906}"
200149,1,3337.8,3337.8,False,1.0,"{""inversion_rho"":null,""inversion_channel"":20.5,""period_ms"":41.29981994628906}"
200149,1,3366.9,3366.9,False,1.0,"{""inversion_rho"":null,""inversion_channel"":19.5,""period_ms"":41.29981994628906}"
200149,1,3382.9,3382.9,False,1.0,"{""inversion_rho"":null,""inversion_channel"":20.5,""period_ms"":41.29981994628906}"
200149,1,3420.5999,3420.5999,False,1.0,"{""inversion_rho"":null,""inversion_channel"":20.5,""period_ms"":41.29981994628906}"
200149,1,3468.6999,3468.6999,False,1.0,"{""inversion_rho"":null,""inversion_channel"":19.5,""period_ms"":41.29981994628906}"
200149,1,3524.3001,3524.3001,False,1.0,"{""inversion_rho"":null,""inversion_channel"":20.0,""period_ms"":41.29981994628906}"
200149,1,3572.5,3572.5,False,1.0,"{""inversion_rho"":null,""inversion_channel"":19.5,""period_ms"":41.29981994628906}"
200149,1,3605.0999,3605.0999,False,1.0,"{""inversion_rho"":null,""inversion_channel"":19.5,""period_ms"":41.29981994628906}"
200149,1,3628.2001,3628.2001,False,1.0,"{""inversion_rho"":null,""inversion_channel"":19.5,""period_ms"":41.29981994628906}"
200149,1,3669.8,3669.8,False,1.0,"{""inversion_rho"":null,""inversion_channel"":19.5,""period_ms"":41.29981994628906}"
200149,1,3686.5001,3686.5001,False,1.0,"{""inversion_rho"":null,""inversion_channel"":20.0,""period_ms"":41.29981994628906}"
200149,1,3722.6,3722.6,False,1.0,"{""inversion_rho"":null,""inversion_channel"":19.5,""period_ms"":41.29981994628906}"
200149,1,3738.4,3738.4,False,1.0,"{""inversion_rho"":null,""inversion_channel"":19.5,""period_ms"":41.29981994628906}"
200149,1,3776.5,3776.5,False,1.0,"{""inversion_rho"":null,""inversion_channel"":19.5,""period_ms"":41.29981994628906}"
200149,1,3796.0,3796.0,False,1.0,"{""inversion_rho"":null,""inversion_channel"":20.0,""period_ms"":41.29981994628906}"
200149,1,3833.9,3833.9,False,1.0,"{""inversion_rho"":null,""inversion_channel"":19.5,""period_ms"":41.29981994628906}"
200149,1,3849.4,3849.4,False,1.0,"{""inversion_rho"":null,""inversion_channel"":18.5,""period_ms"":41.29981994628906}"
200149,1,3884.1,3884.1,False,1.0,"{""inversion_rho"":null,""inversion_channel"":19.0,""period_ms"":41.29981994628906}"
200149,1,3990.6001,3990.6001,False,1.0,"{""inversion_rho"":null,""inversion_channel"":19.0,""period_ms"":null}"
200149,1,4217.8001,4217.8001,False,0.625,"{""inversion_rho"":null,""inversion_channel"":20.0,""period_ms"":null}"
200149,1,4268.4999,4268.4999,False,0.75,"{""inversion_rho"":null,""inversion_channel"":18.5,""period_ms"":112.69998550415039}"
200149,1,4395.9999,4395.9999,False,0.75,"{""inversion_rho"":null,""inversion_channel"":19.5,""period_ms"":112.69998550415039}"
200149,1,4448.7,4448.7,False,1.0,"{""inversion_rho"":null,""inversion_channel"":16.0,""period_ms"":112.69998550415039}"
200149,1,4546.5999,4546.5999,False,0.75,"{""inversion_rho"":null,""inversion_channel"":27.5,""period_ms"":112.69998550415039}"
200149,1,4737.2999,4737.2999,False,0.875,"{""inversion_rho"":null,""inversion_channel"":18.5,""period_ms"":112.69998550415039}"
200149,1,4787.2,4787.2,False,0.75,"{""inversion_rho"":null,""inversion_channel"":18.5,""period_ms"":60.10007858276367}"
200149,1,4839.7999,4839.7999,False,1.0,"{""inversion_rho"":null,""inversion_channel"":13.5,""period_ms"":60.10007858276367}"
200149,1,4899.9,4899.9,False,0.375,"{""inversion_rho"":null,""inversion_channel"":8.5,""period_ms"":60.10007858276367}"
200149,1,5033.2999,5033.2999,False,0.5,"{""inversion_rho"":null,""inversion_channel"":32.5,""period_ms"":60.10007858276367}"
200149,1,5038.3,5038.3,False,1.0,"{""inversion_rho"":null,""inversion_channel"":20.0,""period_ms"":19.100189208984375}"
200149,1,5052.7,5052.7,False,0.25,"{""inversion_rho"":null,""inversion_channel"":44.0,""period_ms"":19.100189208984375}"
200149,1,5082.7999,5082.7999,False,1.0,"{""inversion_rho"":null,""inversion_channel"":20.5,""period_ms"":19.100189208984375}"
200149,1,5103.6,5103.6,False,0.875,"{""inversion_rho"":null,""inversion_channel"":21.0,""period_ms"":19.100189208984375}"
200149,1,5122.7002,5122.7002,False,1.0,"{""inversion_rho"":null,""inversion_channel"":21.5,""period_ms"":19.100189208984375}"
200149,1,5140.6999,5140.6999,False,1.0,"{""inversion_rho"":null,""inversion_channel"":20.0,""period_ms"":19.100189208984375}"
200149,1,5146.9002,5146.9002,False,0.75,"{""inversion_rho"":null,""inversion_channel"":28.5,""period_ms"":14.600276947021484}"
200149,1,5159.5998,5159.5998,False,1.0,"{""inversion_rho"":null,""inversion_channel"":22.0,""period_ms"":14.600276947021484}"
200149,1,5175.7998,5175.7998,False,1.0,"{""inversion_rho"":null,""inversion_channel"":20.5,""period_ms"":14.600276947021484}"
200149,1,5191.7,5191.7,False,1.0,"{""inversion_rho"":null,""inversion_channel"":19.5,""period_ms"":14.600276947021484}"
200149,1,5206.2998,5206.2998,False,0.5,"{""inversion_rho"":null,""inversion_channel"":19.5,""period_ms"":14.600276947021484}"
200149,1,5219.1,5219.1,False,1.0,"{""inversion_rho"":null,""inversion_channel"":19.5,""period_ms"":14.600276947021484}"
200149,1,5244.9999,5244.9999,False,1.0,"{""inversion_rho"":null,""inversion_channel"":18.5,""period_ms"":14.600276947021484}"
200149,1,5261.4999,5261.4999,False,1.0,"{""inversion_rho"":null,""inversion_channel"":19.0,""period_ms"":14.600276947021484}"
200149,1,5276.1002,5276.1002,False,0.625,"{""inversion_rho"":null,""inversion_channel"":18.5,""period_ms"":14.600276947021484}"
200149,1,5288.4002,5288.4002,False,1.0,"{""inversion_rho"":null,""inversion_channel"":19.5,""period_ms"":14.600276947021484}"
200149,1,5314.0998,5314.0998,False,1.0,"{""inversion_rho"":null,""inversion_channel"":18.5,""period_ms"":14.600276947021484}"
200149,1,5334.7001,5334.7001,False,1.0,"{""inversion_rho"":null,""inversion_channel"":19.5,""period_ms"":14.600276947021484}"
200149,1,5348.3,5348.3,False,0.25,"{""inversion_rho"":null,""inversion_channel"":28.5,""period_ms"":14.600276947021484}"
200149,1,5354.8999,5354.8999,False,0.375,"{""inversion_rho"":null,""inversion_channel"":34.0,""period_ms"":14.600276947021484}"
200149,1,5368.8998,5368.8998,False,0.5,"{""inversion_rho"":null,""inversion_channel"":33.0,""period_ms"":14.600276947021484}"
200149,1,5384.8,5384.8,False,0.5,"{""inversion_rho"":null,""inversion_channel"":19.5,""period_ms"":14.600276947021484}"
200149,1,5404.5,5404.5,False,1.0,"{""inversion_rho"":null,""inversion_channel"":19.5,""period_ms"":14.600276947021484}"
200149,1,5419.4002,5419.4002,False,1.0,"{""inversion_rho"":null,""inversion_channel"":38.0,""period_ms"":14.600276947021484}"
200149,1,5434.5002,5434.5002,False,1.0,"{""inversion_rho"":null,""inversion_channel"":19.0,""period_ms"":14.600276947021484}"
200149,1,5447.8998,5447.8998,False,1.0,"{""inversion_rho"":null,""inversion_channel"":18.5,""period_ms"":14.600276947021484}"
200149,1,5455.5998,5455.5998,False,0.25,"{""inversion_rho"":null,""inversion_channel"":26.5,""period_ms"":14.600276947021484}"
200149,1,5461.0,5461.0,False,1.0,"{""inversion_rho"":null,""inversion_channel"":18.5,""period_ms"":14.600276947021484}"
200149,1,5480.1002,5480.1002,False,0.625,"{""inversion_rho"":null,""inversion_channel"":17.5,""period_ms"":14.549970626831055}"
200149,1,5497.7999,5497.7999,False,1.0,"{""inversion_rho"":null,""inversion_channel"":18.5,""period_ms"":14.549970626831055}"
200149,1,5512.5999,5512.5999,False,1.0,"{""inversion_rho"":null,""inversion_channel"":17.0,""period_ms"":14.549970626831055}"
200149,1,5526.8998,5526.8998,False,0.25,"{""inversion_rho"":null,""inversion_channel"":32.5,""period_ms"":14.549970626831055}"
200149,1,5544.6,5544.6,False,1.0,"{""inversion_rho"":null,""inversion_channel"":16.5,""period_ms"":14.549970626831055}"
200149,1,5556.3002,5556.3002,False,0.25,"{""inversion_rho"":null,""inversion_channel"":33.5,""period_ms"":14.549970626831055}"
200149,1,5570.7998,5570.7998,False,0.375,"{""inversion_rho"":null,""inversion_channel"":28.5,""period_ms"":14.549970626831055}"
200149,1,5587.5001,5587.5001,False,0.625,"{""inversion_rho"":null,""inversion_channel"":15.5,""period_ms"":14.549970626831055}"
200149,1,5602.0999,5602.0999,False,1.0,"{""inversion_rho"":null,""inversion_channel"":16.5,""period_ms"":14.549970626831055}"
200149,1,5616.0998,5616.0998,False,1.0,"{""inversion_rho"":null,""inversion_channel"":14.5,""period_ms"":14.549970626831055}"
200149,1,5628.6998,5628.6998,False,0.75,"{""inversion_rho"":null,""inversion_channel"":14.0,""period_ms"":14.549970626831055}"
200149,1,5641.9001,5641.9001,False,1.0,"{""inversion_rho"":null,""inversion_channel"":13.5,""period_ms"":14.549970626831055}"
200149,1,5659.9998,5659.9998,False,1.0,"{""inversion_rho"":null,""inversion_channel"":15.5,""period_ms"":14.549970626831055}"
200149,1,5674.5,5674.5,False,1.0,"{""inversion_rho"":null,""inversion_channel"":14.0,""period_ms"":14.549970626831055}"
200149,1,5689.0001,5689.0001,False,1.0,"{""inversion_rho"":null,""inversion_channel"":14.5,""period_ms"":14.549970626831055}"
200149,1,5702.1999,5702.1999,False,1.0,"{""inversion_rho"":null,""inversion_channel"":37.5,""period_ms"":14.549970626831055}"
200149,1,5718.4,5718.4,False,1.0,"{""inversion_rho"":null,""inversion_channel"":13.5,""period_ms"":14.549970626831055}"
200149,1,5732.9998,5732.9998,False,1.0,"{""inversion_rho"":null,""inversion_channel"":33.5,""period_ms"":14.549970626831055}"
200149,1,5747.0999,5747.0999,False,1.0,"{""inversion_rho"":null,""inversion_channel"":13.5,""period_ms"":14.549970626831055}"
200149,1,5761.3001,5761.3001,False,1.0,"{""inversion_rho"":null,""inversion_channel"":32.5,""period_ms"":14.549970626831055}"
200149,1,5773.0999,5773.0999,False,0.25,"{""inversion_rho"":null,""inversion_channel"":28.5,""period_ms"":14.549970626831055}"
200149,1,5790.1001,5790.1001,False,1.0,"{""inversion_rho"":null,""inversion_channel"":13.5,""period_ms"":14.549970626831055}"
200149,1,5803.8998,5803.8998,False,1.0,"{""inversion_rho"":null,""inversion_channel"":11.5,""period_ms"":14.549970626831055}"
200149,1,5818.9998,5818.9998,False,1.0,"{""inversion_rho"":null,""inversion_channel"":12.5,""period_ms"":14.549970626831055}"
200149,1,5835.1002,5835.1002,False,1.0,"{""inversion_rho"":null,""inversion_channel"":12.5,""period_ms"":14.549970626831055}"
200149,1,5851.8,5851.8,False,1.0,"{""inversion_rho"":null,""inversion_channel"":12.5,""period_ms"":14.549970626831055}"
200149,1,5868.5002,5868.5002,False,1.0,"{""inversion_rho"":null,""inversion_channel"":11.5,""period_ms"":14.549970626831055}"
200149,1,5874.0001,5874.0001,False,0.375,"{""inversion_rho"":null,""inversion_channel"":29.0,""period_ms"":null}"
200149,1,48.3,72.3,True,1.0,"{""inversion_rho"":null,""inversion_channel"":42.5,""period_ms"":12.000000104308128}"
200149,1,1338.7001,2228.1001,True,1.0,"{""inversion_rho"":null,""inversion_channel"":19.5,""period_ms"":45.19999027252197}"
200149,1,2642.2,3884.1,True,1.0,"{""inversion_rho"":null,""inversion_channel"":20.0,""period_ms"":41.29981994628906}"
200149,1,4268.4999,4737.2999,True,1.0,"{""inversion_rho"":null,""inversion_channel"":18.5,""period_ms"":112.69998550415039}"
200149,1,4787.2,5033.2999,True,1.0,"{""inversion_rho"":null,""inversion_channel"":16.0,""period_ms"":60.10007858276367}"
200149,1,5038.3,5140.6999,True,1.0,"{""inversion_rho"":null,""inversion_channel"":20.75,""period_ms"":19.100189208984375}"
200149,1,5146.9002,5461.0,True,1.0,"{""inversion_rho"":null,""inversion_channel"":19.5,""period_ms"":14.600276947021484}"
200149,1,5480.1002,5868.5002,True,1.0,"{""inversion_rho"":null,""inversion_channel"":15.5,""period_ms"":14.549970626831055}"
200198,1,5632.0,5632.0,False,1.0,"{""inversion_rho"":null,""inversion_channel"":27.5,""period_ms"":23.2999324798584}"
200198,1,5659.5001,5659.5001,False,0.25,"{""inversion_rho"":null,""inversion_channel"":24.5,""period_ms"":23.2999324798584}"
200198,1,5684.1002,5684.1002,False,0.375,"{""inversion_rho"":null,""inversion_channel"":28.5,""period_ms"":23.2999324798584}"
200198,1,5706.8,5706.8,False,0.375,"{""inversion_rho"":null,""inversion_channel"":25.5,""period_ms"":23.2999324798584}"
200198,1,5737.8998,5737.8998,False,0.5,"{""inversion_rho"":null,""inversion_channel"":22.5,""period_ms"":23.2999324798584}"
200198,1,5758.6999,5758.6999,False,0.25,"{""inversion_rho"":null,""inversion_channel"":22.5,""period_ms"":23.2999324798584}"
200198,1,5782.5999,5782.5999,False,0.375,"{""inversion_rho"":null,""inversion_channel"":14.5,""period_ms"":23.2999324798584}"
200198,1,5794.3001,5794.3001,False,0.25,"{""inversion_rho"":null,""inversion_channel"":19.5,""period_ms"":23.2999324798584}"
200198,1,5808.8002,5808.8002,False,0.375,"{""inversion_rho"":null,""inversion_channel"":13.5,""period_ms"":23.2999324798584}"
200198,1,5866.2,5866.2,False,0.75,"{""inversion_rho"":null,""inversion_channel"":9.5,""period_ms"":18.100261688232422}"
200198,1,5887.1002,5887.1002,False,1.0,"{""inversion_rho"":null,""inversion_channel"":9.0,""period_ms"":18.100261688232422}"
200198,1,5907.0001,5907.0001,False,1.0,"{""inversion_rho"":null,""inversion_channel"":9.5,""period_ms"":18.100261688232422}"
200198,1,5926.7998,5926.7998,False,1.0,"{""inversion_rho"":null,""inversion_channel"":27.5,""period_ms"":18.100261688232422}"
200198,1,5947.0,5947.0,False,1.0,"{""inversion_rho"":null,""inversion_channel"":27.0,""period_ms"":18.100261688232422}"
200198,1,5968.2999,5968.2999,False,1.0,"{""inversion_rho"":null,""inversion_channel"":26.5,""period_ms"":18.100261688232422}"
200198,1,5989.6998,5989.6998,False,1.0,"{""inversion_rho"":null,""inversion_channel"":25.0,""period_ms"":18.100261688232422}"
200198,1,6008.9002,6008.9002,False,1.0,"{""inversion_rho"":null,""inversion_channel"":24.0,""period_ms"":18.100261688232422}"
200198,1,6024.7998,6024.7998,False,1.0,"{""inversion_rho"":null,""inversion_channel"":24.0,""period_ms"":18.100261688232422}"
200198,1,6042.9001,6042.9001,False,1.0,"{""inversion_rho"":null,""inversion_channel"":23.0,""period_ms"":18.100261688232422}"
200198,1,6059.5002,6059.5002,False,1.0,"{""inversion_rho"":null,""inversion_channel"":22.0,""period_ms"":18.100261688232422}"
200198,1,6075.6001,6075.6001,False,1.0,"{""inversion_rho"":null,""inversion_channel"":22.0,""period_ms"":18.100261688232422}"
200198,1,6090.1999,6090.1999,False,1.0,"{""inversion_rho"":null,""inversion_channel"":22.5,""period_ms"":18.100261688232422}"
200198,1,6103.2,6103.2,False,1.0,"{""inversion_rho"":null,""inversion_channel"":21.0,""period_ms"":18.100261688232422}"
200198,1,6119.2002,6119.2002,False,1.0,"{""inversion_rho"":null,""inversion_channel"":20.5,""period_ms"":18.100261688232422}"
200198,1,6136.2,6136.2,False,0.5,"{""inversion_rho"":null,""inversion_channel"":22.0,""period_ms"":18.100261688232422}"
200198,1,5632.0,5808.8002,True,1.0,"{""inversion_rho"":null,""inversion_channel"":22.5,""period_ms"":23.2999324798584}"
200198,1,5866.2,6136.2,True,1.0,"{""inversion_rho"":null,""inversion_channel"":22.25,""period_ms"":18.100261688232422}"
200199,1,4723.3,4723.3,False,1.0,"{""inversion_rho"":null,""inversion_channel"":28.5,""period_ms"":null}"
200219,1,66.2,66.2,False,1.0,"{""inversion_rho"":null,""inversion_channel"":43.5,""period_ms"":null}"
200219,1,1433.9,1433.9,False,0.375,"{""inversion_rho"":null,""inversion_channel"":7.0,""period_ms"":41.39995574951172}"
200219,1,1467.0,1467.0,False,1.0,"{""inversion_rho"":null,""inversion_channel"":9.5,""period_ms"":41.39995574951172}"
200219,1,1508.4,1508.4,False,1.0,"{""inversion_rho"":null,""inversion_channel"":10.5,""period_ms"":41.39995574951172}"
200219,1,1600.8,1600.8,False,1.0,"{""inversion_rho"":null,""inversion_channel"":19.5,""period_ms"":41.39995574951172}"
200219,1,1609.8,1609.8,False,0.625,"{""inversion_rho"":null,""inversion_channel"":20.5,""period_ms"":9.999990463256836}"
200219,1,1620.4,1620.4,False,1.0,"{""inversion_rho"":null,""inversion_channel"":20.5,""period_ms"":9.999990463256836}"
200219,1,1630.3999,1630.3999,False,1.0,"{""inversion_rho"":null,""inversion_channel"":20.5,""period_ms"":9.999990463256836}"
200219,1,1637.5999,1637.5999,False,1.0,"{""inversion_rho"":null,""inversion_channel"":37.5,""period_ms"":9.999990463256836}"
200219,1,1661.9999,1661.9999,False,0.75,"{""inversion_rho"":null,""inversion_channel"":20.5,""period_ms"":null}"
200219,1,1668.2,1668.2,False,1.0,"{""inversion_rho"":null,""inversion_channel"":16.5,""period_ms"":null}"
200219,1,5666.6002,5666.6002,False,0.25,"{""inversion_rho"":null,""inversion_channel"":28.5,""period_ms"":null}"
200219,1,5810.8001,5810.8001,False,0.375,"{""inversion_rho"":null,""inversion_channel"":30.5,""period_ms"":null}"
200219,1,5839.0999,5839.0999,False,0.25,"{""inversion_rho"":null,""inversion_channel"":16.5,""period_ms"":null}"
200219,1,5952.0001,5952.0001,False,0.875,"{""inversion_rho"":null,""inversion_channel"":32.5,""period_ms"":null}"
200219,1,5958.7002,5958.7002,False,1.0,"{""inversion_rho"":null,""inversion_channel"":34.0,""period_ms"":null}"
200219,1,6079.8001,6079.8001,False,1.0,"{""inversion_rho"":null,""inversion_channel"":27.5,""period_ms"":null}"
200219,1,1433.9,1600.8,True,1.0,"{""inversion_rho"":null,""inversion_channel"":10.0,""period_ms"":41.39995574951172}"
200219,1,1609.8,1637.5999,True,1.0,"{""inversion_rho"":null,""inversion_channel"":20.5,""period_ms"":9.999990463256836}"
200320,1,63.3,63.3,False,1.0,"{""inversion_rho"":null,""inversion_channel"":7.5,""period_ms"":8.400000631809235}"
200320,1,68.5,68.5,False,1.0,"{""inversion_rho"":null,""inversion_channel"":43.5,""period_ms"":8.400000631809235}"
200320,1,78.9,78.9,False,0.375,"{""inversion_rho"":null,""inversion_channel"":41.0,""period_ms"":8.400000631809235}"
200320,1,87.3,87.3,False,1.0,"{""inversion_rho"":null,""inversion_channel"":7.5,""period_ms"":8.400000631809235}"
200320,1,1416.5,1416.5,False,1.0,"{""inversion_rho"":null,""inversion_channel"":16.5,""period_ms"":null}"
200320,1,1474.7,1474.7,False,1.0,"{""inversion_rho"":null,""inversion_channel"":7.5,""period_ms"":null}"
200320,1,1483.1001,1483.1001,False,1.0,"{""inversion_rho"":null,""inversion_channel"":6.5,""period_ms"":null}"
200320,1,1505.2,1505.2,False,1.0,"{""inversion_rho"":null,""inversion_channel"":9.0,""period_ms"":null}"
200320,1,1513.1,1513.1,False,1.0,"{""inversion_rho"":null,""inversion_channel"":7.0,""period_ms"":7.300019264221191}"
200320,1,1520.4,1520.4,False,1.0,"{""inversion_rho"":null,""inversion_channel"":7.0,""period_ms"":7.300019264221191}"
200320,1,1531.7,1531.7,False,1.0,"{""inversion_rho"":null,""inversion_channel"":9.5,""period_ms"":7.300019264221191}"
200320,1,1549.1,1549.1,False,1.0,"{""inversion_rho"":null,""inversion_channel"":41.5,""period_ms"":7.300019264221191}"
200320,1,1556.3999,1556.3999,False,1.0,"{""inversion_rho"":null,""inversion_channel"":10.5,""period_ms"":7.300019264221191}"
200320,1,1564.2,1564.2,False,1.0,"{""inversion_rho"":null,""inversion_channel"":7.0,""period_ms"":7.300019264221191}"
200320,1,1572.4,1572.4,False,1.0,"{""inversion_rho"":null,""inversion_channel"":37.5,""period_ms"":7.300019264221191}"
200320,1,1580.3,1580.3,False,1.0,"{""inversion_rho"":null,""inversion_channel"":3.5,""period_ms"":7.300019264221191}"
200320,1,1592.0,1592.0,False,1.0,"{""inversion_rho"":null,""inversion_channel"":38.0,""period_ms"":7.300019264221191}"
200320,1,1598.4,1598.4,False,1.0,"{""inversion_rho"":null,""inversion_channel"":37.5,""period_ms"":7.300019264221191}"
200320,1,1605.2999,1605.2999,False,0.875,"{""inversion_rho"":null,""inversion_channel"":6.5,""period_ms"":7.300019264221191}"
200320,1,1619.2,1619.2,False,0.875,"{""inversion_rho"":null,""inversion_channel"":20.0,""period_ms"":7.300019264221191}"
200320,1,1630.1,1630.1,False,1.0,"{""inversion_rho"":null,""inversion_channel"":10.5,""period_ms"":7.300019264221191}"
200320,1,1641.7,1641.7,False,1.0,"{""inversion_rho"":null,""inversion_channel"":38.5,""period_ms"":7.300019264221191}"
200320,1,1650.6,1650.6,False,1.0,"{""inversion_rho"":null,""inversion_channel"":8.5,""period_ms"":7.300019264221191}"
200320,1,1659.2,1659.2,False,1.0,"{""inversion_rho"":null,""inversion_channel"":37.5,""period_ms"":7.300019264221191}"
200320,1,1671.6,1671.6,False,1.0,"{""inversion_rho"":null,""inversion_channel"":37.5,""period_ms"":7.300019264221191}"
200320,1,1679.2001,1679.2001,False,1.0,"{""inversion_rho"":null,""inversion_channel"":39.0,""period_ms"":7.300019264221191}"
200320,1,1687.5,1687.5,False,1.0,"{""inversion_rho"":null,""inversion_channel"":8.0,""period_ms"":7.300019264221191}"
200320,1,1698.5,1698.5,False,1.0,"{""inversion_rho"":null,""inversion_channel"":23.5,""period_ms"":7.300019264221191}"
200320,1,1709.4001,1709.4001,False,1.0,"{""inversion_rho"":null,""inversion_channel"":24.5,""period_ms"":7.300019264221191}"
200320,1,1722.4,1722.4,False,0.25,"{""inversion_rho"":null,""inversion_channel"":7.5,""period_ms"":7.300019264221191}"
200320,1,1735.2,1735.2,False,1.0,"{""inversion_rho"":null,""inversion_channel"":24.5,""period_ms"":7.300019264221191}"
200320,1,1747.7,1747.7,False,1.0,"{""inversion_rho"":null,""inversion_channel"":24.5,""period_ms"":7.300019264221191}"
200320,1,1754.9,1754.9,False,1.0,"{""inversion_rho"":null,""inversion_channel"":23.5,""period_ms"":7.300019264221191}"
200320,1,1763.2,1763.2,False,1.0,"{""inversion_rho"":null,""inversion_channel"":24.5,""period_ms"":7.300019264221191}"
200320,1,1770.9,1770.9,False,1.0,"{""inversion_rho"":null,""inversion_channel"":24.5,""period_ms"":7.300019264221191}"
200320,1,1778.6,1778.6,False,1.0,"{""inversion_rho"":null,""inversion_channel"":25.5,""period_ms"":7.300019264221191}"
200320,1,1792.7999,1792.7999,False,1.0,"{""inversion_rho"":null,""inversion_channel"":23.5,""period_ms"":7.300019264221191}"
200320,1,1800.5,1800.5,False,1.0,"{""inversion_rho"":null,""inversion_channel"":8.0,""period_ms"":7.300019264221191}"
200320,1,1808.0,1808.0,False,1.0,"{""inversion_rho"":null,""inversion_channel"":25.0,""period_ms"":7.300019264221191}"
200320,1,1816.2,1816.2,False,1.0,"{""inversion_rho"":null,""inversion_channel"":24.5,""period_ms"":7.300019264221191}"
200320,1,1824.3001,1824.3001,False,1.0,"{""inversion_rho"":null,""inversion_channel"":5.5,""period_ms"":7.300019264221191}"
200320,1,1832.2999,1832.2999,False,1.0,"{""inversion_rho"":null,""inversion_channel"":24.5,""period_ms"":7.300019264221191}"
200320,1,1839.6,1839.6,False,1.0,"{""inversion_rho"":null,""inversion_channel"":24.5,""period_ms"":7.300019264221191}"
200320,1,1847.1,1847.1,False,1.0,"{""inversion_rho"":null,""inversion_channel"":24.5,""period_ms"":7.300019264221191}"
200320,1,1854.9,1854.9,False,0.25,"{""inversion_rho"":null,""inversion_channel"":12.0,""period_ms"":7.300019264221191}"
200320,1,1860.9999,1860.9999,False,1.0,"{""inversion_rho"":null,""inversion_channel"":25.5,""period_ms"":7.300019264221191}"
200320,1,1868.3,1868.3,False,1.0,"{""inversion_rho"":null,""inversion_channel"":24.5,""period_ms"":7.300019264221191}"
200320,1,1882.7,1882.7,False,0.875,"{""inversion_rho"":null,""inversion_channel"":24.5,""period_ms"":7.300019264221191}"
200320,1,1889.8,1889.8,False,1.0,"{""inversion_rho"":null,""inversion_channel"":25.5,""period_ms"":7.300019264221191}"
200320,1,1897.1,1897.1,False,1.0,"{""inversion_rho"":null,""inversion_channel"":24.5,""period_ms"":7.300019264221191}"
200320,1,1905.1,1905.1,False,1.0,"{""inversion_rho"":null,""inversion_channel"":24.5,""period_ms"":7.300019264221191}"
200320,1,1913.3,1913.3,False,1.0,"{""inversion_rho"":null,""inversion_channel"":25.0,""period_ms"":7.300019264221191}"
200320,1,1920.7,1920.7,False,1.0,"{""inversion_rho"":null,""inversion_channel"":7.5,""period_ms"":7.300019264221191}"
200320,1,1928.5001,1928.5001,False,1.0,"{""inversion_rho"":null,""inversion_channel"":26.5,""period_ms"":7.300019264221191}"
200320,1,1935.8,1935.8,False,1.0,"{""inversion_rho"":null,""inversion_channel"":25.0,""period_ms"":7.300019264221191}"
200320,1,1945.3,1945.3,False,1.0,"{""inversion_rho"":null,""inversion_channel"":10.5,""period_ms"":7.300019264221191}"
200320,1,1952.1,1952.1,False,1.0,"{""inversion_rho"":null,""inversion_channel"":25.5,""period_ms"":7.300019264221191}"
200320,1,1959.1,1959.1,False,1.0,"{""inversion_rho"":null,""inversion_channel"":26.0,""period_ms"":7.300019264221191}"
200320,1,1966.7,1966.7,False,1.0,"{""inversion_rho"":null,""inversion_channel"":26.0,""period_ms"":7.300019264221191}"
200320,1,1973.7999,1973.7999,False,1.0,"{""inversion_rho"":null,""inversion_channel"":26.5,""period_ms"":7.300019264221191}"
200320,1,1987.2,1987.2,False,1.0,"{""inversion_rho"":null,""inversion_channel"":25.5,""period_ms"":7.300019264221191}"
200320,1,1999.6001,1999.6001,False,1.0,"{""inversion_rho"":null,""inversion_channel"":7.5,""period_ms"":7.300019264221191}"
200320,1,2012.3999,2012.3999,False,1.0,"{""inversion_rho"":null,""inversion_channel"":7.5,""period_ms"":7.300019264221191}"
200320,1,2019.7999,2019.7999,False,1.0,"{""inversion_rho"":null,""inversion_channel"":27.5,""period_ms"":7.300019264221191}"
200320,1,2026.4001,2026.4001,False,1.0,"{""inversion_rho"":null,""inversion_channel"":23.5,""period_ms"":7.300019264221191}"
200320,1,2033.7,2033.7,False,1.0,"{""inversion_rho"":null,""inversion_channel"":25.5,""period_ms"":7.300019264221191}"
200320,1,2047.4999,2047.4999,False,1.0,"{""inversion_rho"":null,""inversion_channel"":25.5,""period_ms"":7.300019264221191}"
200320,1,2055.3,2055.3,False,0.75,"{""inversion_rho"":null,""inversion_channel"":43.5,""period_ms"":7.300019264221191}"
200320,1,2068.5,2068.5,False,1.0,"{""inversion_rho"":null,""inversion_channel"":10.5,""period_ms"":7.300019264221191}"
200320,1,2075.4001,2075.4001,False,1.0,"{""inversion_rho"":null,""inversion_channel"":7.5,""period_ms"":7.300019264221191}"
200320,1,2081.8,2081.8,False,1.0,"{""inversion_rho"":null,""inversion_channel"":40.5,""period_ms"":7.300019264221191}"
200320,1,2089.2,2089.2,False,1.0,"{""inversion_rho"":null,""inversion_channel"":7.5,""period_ms"":7.300019264221191}"
200320,1,2101.5,2101.5,False,1.0,"{""inversion_rho"":null,""inversion_channel"":8.5,""period_ms"":7.300019264221191}"
200320,1,2110.3001,2110.3001,False,1.0,"{""inversion_rho"":null,""inversion_channel"":38.5,""period_ms"":7.300019264221191}"
200320,1,2117.6,2117.6,False,1.0,"{""inversion_rho"":null,""inversion_channel"":3.5,""period_ms"":7.300019264221191}"
200320,1,2125.5,2125.5,False,1.0,"{""inversion_rho"":null,""inversion_channel"":27.5,""period_ms"":7.300019264221191}"
200320,1,2132.9999,2132.9999,False,1.0,"{""inversion_rho"":null,""inversion_channel"":23.5,""period_ms"":7.300019264221191}"
200320,1,2140.3,2140.3,False,1.0,"{""inversion_rho"":null,""inversion_channel"":5.5,""period_ms"":7.300019264221191}"
200320,1,2147.5999,2147.5999,False,1.0,"{""inversion_rho"":null,""inversion_channel"":23.5,""period_ms"":7.300019264221191}"
200320,1,2155.9,2155.9,False,1.0,"{""inversion_rho"":null,""inversion_channel"":27.5,""period_ms"":7.300019264221191}"
200320,1,2165.2999,2165.2999,False,1.0,"{""inversion_rho"":null,""inversion_channel"":4.5,""period_ms"":7.300019264221191}"
200320,1,2173.1,2173.1,False,1.0,"{""inversion_rho"":null,""inversion_channel"":27.5,""period_ms"":7.300019264221191}"
200320,1,2181.5,2181.5,False,1.0,"{""inversion_rho"":null,""inversion_channel"":7.5,""period_ms"":7.300019264221191}"
200320,1,2188.4,2188.4,False,1.0,"{""inversion_rho"":null,""inversion_channel"":23.5,""period_ms"":7.300019264221191}"
200320,1,2195.6999,2195.6999,False,1.0,"{""inversion_rho"":null,""inversion_channel"":23.5,""period_ms"":7.300019264221191}"
200320,1,2202.8999,2202.8999,False,1.0,"{""inversion_rho"":null,""inversion_channel"":24.5,""period_ms"":7.300019264221191}"
200320,1,2210.2001,2210.2001,False,1.0,"{""inversion_rho"":null,""inversion_channel"":24.5,""period_ms"":7.300019264221191}"
200320,1,2218.2,2218.2,False,1.0,"{""inversion_rho"":null,""inversion_channel"":5.5,""period_ms"":7.300019264221191}"
200320,1,2226.1,2226.1,False,1.0,"{""inversion_rho"":null,""inversion_channel"":11.5,""period_ms"":7.300019264221191}"
200320,1,2233.2001,2233.2001,False,1.0,"{""inversion_rho"":null,""inversion_channel"":23.5,""period_ms"":7.300019264221191}"
200320,1,2240.9,2240.9,False,1.0,"{""inversion_rho"":null,""inversion_channel"":4.5,""period_ms"":7.300019264221191}"
200320,1,2248.3001,2248.3001,False,1.0,"{""inversion_rho"":null,""inversion_channel"":24.5,""period_ms"":7.300019264221191}"
200320,1,2256.2001,2256.2001,False,0.875,"{""inversion_rho"":null,""inversion_channel"":23.5,""period_ms"":7.300019264221191}"
200320,1,2263.4001,2263.4001,False,1.0,"{""inversion_rho"":null,""inversion_channel"":7.5,""period_ms"":7.300019264221191}"
200320,1,2270.1001,2270.1001,False,1.0,"{""inversion_rho"":null,""inversion_channel"":24.5,""period_ms"":7.300019264221191}"
200320,1,2278.1,2278.1,False,1.0,"{""inversion_rho"":null,""inversion_channel"":23.5,""period_ms"":7.300019264221191}"
200320,1,2285.9001,2285.9001,False,1.0,"{""inversion_rho"":null,""inversion_channel"":24.5,""period_ms"":7.300019264221191}"
200320,1,2293.7,2293.7,False,0.625,"{""inversion_rho"":null,""inversion_channel"":22.5,""period_ms"":7.300019264221191}"
200320,1,2299.5,2299.5,False,1.0,"{""inversion_rho"":null,""inversion_channel"":24.0,""period_ms"":7.300019264221191}"
200320,1,2306.7999,2306.7999,False,1.0,"{""inversion_rho"":null,""inversion_channel"":23.5,""period_ms"":7.300019264221191}"
200320,1,2315.5999,2315.5999,False,0.5,"{""inversion_rho"":null,""inversion_channel"":20.5,""period_ms"":7.300019264221191}"
200320,1,2320.6999,2320.6999,False,1.0,"{""inversion_rho"":null,""inversion_channel"":24.5,""period_ms"":7.300019264221191}"
200320,1,2327.8999,2327.8999,False,1.0,"{""inversion_rho"":null,""inversion_channel"":23.5,""period_ms"":7.300019264221191}"
200320,1,2340.5001,2340.5001,False,1.0,"{""inversion_rho"":null,""inversion_channel"":24.5,""period_ms"":7.300019264221191}"
200320,1,2347.8999,2347.8999,False,1.0,"{""inversion_rho"":null,""inversion_channel"":8.0,""period_ms"":7.300019264221191}"
200320,1,2354.8,2354.8,False,1.0,"{""inversion_rho"":null,""inversion_channel"":24.5,""period_ms"":7.300019264221191}"
200320,1,2362.2999,2362.2999,False,1.0,"{""inversion_rho"":null,""inversion_channel"":7.5,""period_ms"":7.300019264221191}"
200320,1,2369.9,2369.9,False,0.875,"{""inversion_rho"":null,""inversion_channel"":23.5,""period_ms"":7.300019264221191}"
200320,1,2376.8001,2376.8001,False,1.0,"{""inversion_rho"":null,""inversion_channel"":7.0,""period_ms"":7.300019264221191}"
200320,1,2383.6,2383.6,False,1.0,"{""inversion_rho"":null,""inversion_channel"":3.5,""period_ms"":7.300019264221191}"
200320,1,2391.0999,2391.0999,False,0.25,"{""inversion_rho"":null,""inversion_channel"":18.0,""period_ms"":7.300019264221191}"
200320,1,2396.1999,2396.1999,False,1.0,"{""inversion_rho"":null,""inversion_channel"":24.5,""period_ms"":7.300019264221191}"
200320,1,2403.0001,2403.0001,False,1.0,"{""inversion_rho"":null,""inversion_channel"":25.5,""period_ms"":7.300019264221191}"
200320,1,2415.4,2415.4,False,1.0,"{""inversion_rho"":null,""inversion_channel"":24.5,""period_ms"":7.300019264221191}"
200320,1,2423.1,2423.1,False,1.0,"{""inversion_rho"":null,""inversion_channel"":25.5,""period_ms"":7.300019264221191}"
200320,1,2430.3,2430.3,False,1.0,"{""inversion_rho"":null,""inversion_channel"":24.5,""period_ms"":7.300019264221191}"
200320,1,2437.4001,2437.4001,False,1.0,"{""inversion_rho"":null,""inversion_channel"":23.5,""period_ms"":7.300019264221191}"
200320,1,2448.4999,2448.4999,False,1.0,"{""inversion_rho"":null,""inversion_channel"":8.0,""period_ms"":7.300019264221191}"
200320,1,2455.6,2455.6,False,1.0,"{""inversion_rho"":null,""inversion_channel"":3.5,""period_ms"":7.300019264221191}"
200320,1,2463.1,2463.1,False,1.0,"{""inversion_rho"":null,""inversion_channel"":11.5,""period_ms"":7.300019264221191}"
200320,1,2470.0999,2470.0999,False,0.75,"{""inversion_rho"":null,""inversion_channel"":8.0,""period_ms"":7.300019264221191}"
200320,1,2477.6001,2477.6001,False,1.0,"{""inversion_rho"":null,""inversion_channel"":25.5,""period_ms"":7.300019264221191}"
200320,1,2484.6001,2484.6001,False,1.0,"{""inversion_rho"":null,""inversion_channel"":4.5,""period_ms"":7.300019264221191}"
200320,1,2491.8001,2491.8001,False,1.0,"{""inversion_rho"":null,""inversion_channel"":36.5,""period_ms"":7.300019264221191}"
200320,1,2498.5001,2498.5001,False,1.0,"{""inversion_rho"":null,""inversion_channel"":38.5,""period_ms"":7.300019264221191}"
200320,1,2505.3,2505.3,False,1.0,"{""inversion_rho"":null,""inversion_channel"":4.5,""period_ms"":7.300019264221191}"
200320,1,2510.7,2510.7,False,0.25,"{""inversion_rho"":null,""inversion_channel"":36.0,""period_ms"":7.300019264221191}"
200320,1,2520.8001,2520.8001,False,1.0,"{""inversion_rho"":null,""inversion_channel"":4.5,""period_ms"":7.300019264221191}"
200320,1,2528.0001,2528.0001,False,1.0,"{""inversion_rho"":null,""inversion_channel"":38.5,""period_ms"":7.300019264221191}"
200320,1,2535.5,2535.5,False,1.0,"{""inversion_rho"":null,""inversion_channel"":11.5,""period_ms"":7.300019264221191}"
200320,1,2542.7999,2542.7999,False,1.0,"{""inversion_rho"":null,""inversion_channel"":7.5,""period_ms"":7.300019264221191}"
200320,1,2550.6001,2550.6001,False,1.0,"{""inversion_rho"":null,""inversion_channel"":38.5,""period_ms"":7.300019264221191}"
200320,1,2558.1,2558.1,False,1.0,"{""inversion_rho"":null,""inversion_channel"":4.5,""period_ms"":7.300019264221191}"
200320,1,2565.0001,2565.0001,False,1.0,"{""inversion_rho"":null,""inversion_channel"":7.0,""period_ms"":7.300019264221191}"
200320,1,2572.9001,2572.9001,False,1.0,"{""inversion_rho"":null,""inversion_channel"":11.5,""period_ms"":7.300019264221191}"
200320,1,2580.2,2580.2,False,1.0,"{""inversion_rho"":null,""inversion_channel"":4.5,""period_ms"":7.300019264221191}"
200320,1,2587.6,2587.6,False,1.0,"{""inversion_rho"":null,""inversion_channel"":23.5,""period_ms"":7.300019264221191}"
200320,1,2595.2001,2595.2001,False,1.0,"{""inversion_rho"":null,""inversion_channel"":24.5,""period_ms"":7.300019264221191}"
200320,1,2605.9999,2605.9999,False,1.0,"{""inversion_rho"":null,""inversion_channel"":4.5,""period_ms"":7.300019264221191}"
200320,1,2613.5001,2613.5001,False,1.0,"{""inversion_rho"":null,""inversion_channel"":8.0,""period_ms"":7.300019264221191}"
200320,1,2620.1999,2620.1999,False,1.0,"{""inversion_rho"":null,""inversion_channel"":11.5,""period_ms"":7.300019264221191}"
200320,1,2627.3,2627.3,False,1.0,"{""inversion_rho"":null,""inversion_channel"":4.5,""period_ms"":7.300019264221191}"
200320,1,2634.7001,2634.7001,False,1.0,"{""inversion_rho"":null,""inversion_channel"":24.5,""period_ms"":7.300019264221191}"
200320,1,2641.7999,2641.7999,False,1.0,"{""inversion_rho"":null,""inversion_channel"":23.5,""period_ms"":7.300019264221191}"
200320,1,2649.3001,2649.3001,False,0.875,"{""inversion_rho"":null,""inversion_channel"":7.5,""period_ms"":7.300019264221191}"
200320,1,2657.8,2657.8,False,1.0,"{""inversion_rho"":null,""inversion_channel"":8.5,""period_ms"":7.300019264221191}"
200320,1,2664.5,2664.5,False,1.0,"{""inversion_rho"":null,""inversion_channel"":4.5,""period_ms"":7.300019264221191}"
200320,1,2672.2,2672.2,False,1.0,"{""inversion_rho"":null,""inversion_channel"":25.0,""period_ms"":7.300019264221191}"
200320,1,2679.1,2679.1,False,1.0,"{""inversion_rho"":null,""inversion_channel"":24.5,""period_ms"":7.300019264221191}"
200320,1,2686.5001,2686.5001,False,1.0,"{""inversion_rho"":null,""inversion_channel"":23.5,""period_ms"":7.300019264221191}"
200320,1,2693.3999,2693.3999,False,1.0,"{""inversion_rho"":null,""inversion_channel"":23.0,""period_ms"":7.300019264221191}"
200320,1,2700.5999,2700.5999,False,1.0,"{""inversion_rho"":null,""inversion_channel"":24.5,""period_ms"":7.300019264221191}"
200320,1,2708.4,2708.4,False,1.0,"{""inversion_rho"":null,""inversion_channel"":8.5,""period_ms"":7.300019264221191}"
200320,1,2716.0001,2716.0001,False,1.0,"{""inversion_rho"":null,""inversion_channel"":24.5,""period_ms"":7.300019264221191}"
200320,1,2723.4001,2723.4001,False,1.0,"{""inversion_rho"":null,""inversion_channel"":24.5,""period_ms"":7.300019264221191}"
200320,1,2731.8001,2731.8001,False,1.0,"{""inversion_rho"":null,""inversion_channel"":7.5,""period_ms"":7.300019264221191}"
200320,1,2741.6999,2741.6999,False,1.0,"{""inversion_rho"":null,""inversion_channel"":23.5,""period_ms"":7.300019264221191}"
200320,1,2748.6999,2748.6999,False,1.0,"{""inversion_rho"":null,""inversion_channel"":23.0,""period_ms"":7.300019264221191}"
200320,1,2755.7001,2755.7001,False,1.0,"{""inversion_rho"":null,""inversion_channel"":24.5,""period_ms"":7.300019264221191}"
200320,1,2762.7001,2762.7001,False,0.75,"{""inversion_rho"":null,""inversion_channel"":23.5,""period_ms"":7.300019264221191}"
200320,1,2769.7999,2769.7999,False,1.0,"{""inversion_rho"":null,""inversion_channel"":24.0,""period_ms"":7.300019264221191}"
200320,1,2777.0,2777.0,False,0.75,"{""inversion_rho"":null,""inversion_channel"":24.5,""period_ms"":7.300019264221191}"
200320,1,2784.6,2784.6,False,1.0,"{""inversion_rho"":null,""inversion_channel"":11.5,""period_ms"":7.300019264221191}"
200320,1,2791.8,2791.8,False,1.0,"{""inversion_rho"":null,""inversion_channel"":5.5,""period_ms"":7.300019264221191}"
200320,1,2799.2001,2799.2001,False,1.0,"{""inversion_rho"":null,""inversion_channel"":24.5,""period_ms"":7.300019264221191}"
200320,1,2806.2,2806.2,False,1.0,"{""inversion_rho"":null,""inversion_channel"":3.5,""period_ms"":7.300019264221191}"
200320,1,2813.4,2813.4,False,1.0,"{""inversion_rho"":null,""inversion_channel"":24.5,""period_ms"":7.300019264221191}"
200320,1,2820.3001,2820.3001,False,1.0,"{""inversion_rho"":null,""inversion_channel"":22.5,""period_ms"":7.300019264221191}"
200320,1,2827.1,2827.1,False,0.75,"{""inversion_rho"":null,""inversion_channel"":23.5,""period_ms"":7.300019264221191}"
200320,1,2835.2001,2835.2001,False,1.0,"{""inversion_rho"":null,""inversion_channel"":8.5,""period_ms"":7.300019264221191}"
200320,1,2849.2999,2849.2999,False,1.0,"{""inversion_rho"":null,""inversion_channel"":24.5,""period_ms"":7.300019264221191}"
200320,1,2856.3001,2856.3001,False,0.625,"{""inversion_rho"":null,""inversion_channel"":23.5,""period_ms"":7.300019264221191}"
200320,1,2863.1001,2863.1001,False,1.0,"{""inversion_rho"":null,""inversion_channel"":23.0,""period_ms"":7.300019264221191}"
200320,1,2869.9,2869.9,False,1.0,"{""inversion_rho"":null,""inversion_channel"":24.0,""period_ms"":7.300019264221191}"
200320,1,2877.3,2877.3,False,1.0,"{""inversion_rho"":null,""inversion_channel"":9.0,""period_ms"":7.300019264221191}"
200320,1,2884.0001,2884.0001,False,0.625,"{""inversion_rho"":null,""inversion_channel"":2.5,""period_ms"":7.300019264221191}"
200320,1,2891.2001,2891.2001,False,1.0,"{""inversion_rho"":null,""inversion_channel"":25.5,""period_ms"":7.300019264221191}"
200320,1,2899.6,2899.6,False,0.25,"{""inversion_rho"":null,""inversion_channel"":27.5,""period_ms"":7.300019264221191}"
200320,1,2911.0999,2911.0999,False,1.0,"{""inversion_rho"":null,""inversion_channel"":25.5,""period_ms"":7.300019264221191}"
200320,1,2917.5999,2917.5999,False,1.0,"{""inversion_rho"":null,""inversion_channel"":14.0,""period_ms"":7.300019264221191}"
200320,1,2928.2,2928.2,False,1.0,"{""inversion_rho"":null,""inversion_channel"":12.0,""period_ms"":7.300019264221191}"
200320,1,2935.2,2935.2,False,1.0,"{""inversion_rho"":null,""inversion_channel"":24.5,""period_ms"":7.300019264221191}"
200320,1,2942.6,2942.6,False,1.0,"{""inversion_rho"":null,""inversion_channel"":2.5,""period_ms"":7.300019264221191}"
200320,1,2949.5001,2949.5001,False,1.0,"{""inversion_rho"":null,""inversion_channel"":23.5,""period_ms"":7.300019264221191}"
200320,1,2956.3999,2956.3999,False,0.5,"{""inversion_rho"":null,""inversion_channel"":23.5,""period_ms"":7.300019264221191}"
200320,1,2963.5999,2963.5999,False,1.0,"{""inversion_rho"":null,""inversion_channel"":24.5,""period_ms"":7.300019264221191}"
200320,1,2970.7999,2970.7999,False,1.0,"{""inversion_rho"":null,""inversion_channel"":24.5,""period_ms"":7.300019264221191}"
200320,1,2977.2,2977.2,False,1.0,"{""inversion_rho"":null,""inversion_channel"":25.5,""period_ms"":7.300019264221191}"
200320,1,2984.1001,2984.1001,False,1.0,"{""inversion_rho"":null,""inversion_channel"":5.5,""period_ms"":7.300019264221191}"
200320,1,2991.4,2991.4,False,1.0,"{""inversion_rho"":null,""inversion_channel"":19.5,""period_ms"":7.300019264221191}"
200320,1,2998.8999,2998.8999,False,0.875,"{""inversion_rho"":null,""inversion_channel"":20.5,""period_ms"":7.300019264221191}"
200320,1,3012.1,3012.1,False,1.0,"{""inversion_rho"":null,""inversion_channel"":3.5,""period_ms"":7.300019264221191}"
200320,1,3019.3,3019.3,False,1.0,"{""inversion_rho"":null,""inversion_channel"":12.5,""period_ms"":7.300019264221191}"
200320,1,3026.3,3026.3,False,1.0,"{""inversion_rho"":null,""inversion_channel"":38.0,""period_ms"":7.300019264221191}"
200320,1,3033.9999,3033.9999,False,0.625,"{""inversion_rho"":null,""inversion_channel"":7.5,""period_ms"":7.300019264221191}"
200320,1,3040.4999,3040.4999,False,1.0,"{""inversion_rho"":null,""inversion_channel"":16.0,""period_ms"":7.300019264221191}"
200320,1,3047.9,3047.9,False,0.625,"{""inversion_rho"":null,""inversion_channel"":19.5,""period_ms"":7.300019264221191}"
200320,1,3054.8,3054.8,False,0.875,"{""inversion_rho"":null,""inversion_channel"":13.0,""period_ms"":7.300019264221191}"
200320,1,3062.0999,3062.0999,False,1.0,"{""inversion_rho"":null,""inversion_channel"":23.5,""period_ms"":7.300019264221191}"
200320,1,3073.4,3073.4,False,1.0,"{""inversion_rho"":null,""inversion_channel"":23.5,""period_ms"":7.300019264221191}"
200320,1,3085.0,3085.0,False,0.625,"{""inversion_rho"":null,""inversion_channel"":23.5,""period_ms"":7.300019264221191}"
200320,1,3091.9001,3091.9001,False,0.875,"{""inversion_rho"":null,""inversion_channel"":23.5,""period_ms"":7.300019264221191}"
200320,1,3098.7999,3098.7999,False,1.0,"{""inversion_rho"":null,""inversion_channel"":8.0,""period_ms"":7.300019264221191}"
200320,1,3110.1,3110.1,False,1.0,"{""inversion_rho"":null,""inversion_channel"":7.5,""period_ms"":7.300019264221191}"
200320,1,3116.6,3116.6,False,1.0,"{""inversion_rho"":null,""inversion_channel"":2.5,""period_ms"":7.300019264221191}"
200320,1,3123.8,3123.8,False,1.0,"{""inversion_rho"":null,""inversion_channel"":24.5,""period_ms"":7.300019264221191}"
200320,1,3130.8999,3130.8999,False,1.0,"{""inversion_rho"":null,""inversion_channel"":23.5,""period_ms"":7.300019264221191}"
200320,1,3138.2999,3138.2999,False,1.0,"{""inversion_rho"":null,""inversion_channel"":24.5,""period_ms"":7.300019264221191}"
200320,1,3145.4,3145.4,False,0.5,"{""inversion_rho"":null,""inversion_channel"":27.5,""period_ms"":7.300019264221191}"
200320,1,3153.0001,3153.0001,False,1.0,"{""inversion_rho"":null,""inversion_channel"":24.5,""period_ms"":7.300019264221191}"
200320,1,3159.8001,3159.8001,False,0.875,"{""inversion_rho"":null,""inversion_channel"":2.5,""period_ms"":7.300019264221191}"
200320,1,3167.2001,3167.2001,False,0.75,"{""inversion_rho"":null,""inversion_channel"":6.5,""period_ms"":7.300019264221191}"
200320,1,3173.7001,3173.7001,False,1.0,"{""inversion_rho"":null,""inversion_channel"":24.5,""period_ms"":7.300019264221191}"
200320,1,3180.9001,3180.9001,False,1.0,"{""inversion_rho"":null,""inversion_channel"":11.5,""period_ms"":7.300019264221191}"
200320,1,3188.0,3188.0,False,1.0,"{""inversion_rho"":null,""inversion_channel"":24.5,""period_ms"":7.300019264221191}"
200320,1,3194.9999,3194.9999,False,1.0,"{""inversion_rho"":null,""inversion_channel"":25.5,""period_ms"":7.300019264221191}"
200320,1,3206.8999,3206.8999,False,1.0,"{""inversion_rho"":null,""inversion_channel"":7.5,""period_ms"":7.300019264221191}"
200320,1,3213.3999,3213.3999,False,1.0,"{""inversion_rho"":null,""inversion_channel"":25.5,""period_ms"":7.300019264221191}"
200320,1,3220.0,3220.0,False,1.0,"{""inversion_rho"":null,""inversion_channel"":24.0,""period_ms"":7.300019264221191}"
200320,1,3227.2,3227.2,False,1.0,"{""inversion_rho"":null,""inversion_channel"":24.0,""period_ms"":7.300019264221191}"
200320,1,3234.4999,3234.4999,False,0.75,"{""inversion_rho"":null,""inversion_channel"":24.0,""period_ms"":7.300019264221191}"
200320,1,3241.3001,3241.3001,False,1.0,"{""inversion_rho"":null,""inversion_channel"":24.5,""period_ms"":7.300019264221191}"
200320,1,3248.6,3248.6,False,1.0,"{""inversion_rho"":null,""inversion_channel"":24.5,""period_ms"":7.300019264221191}"
200320,1,3255.6,3255.6,False,1.0,"{""inversion_rho"":null,""inversion_channel"":2.5,""period_ms"":7.300019264221191}"
200320,1,3262.5999,3262.5999,False,1.0,"{""inversion_rho"":null,""inversion_channel"":3.5,""period_ms"":7.300019264221191}"
200320,1,3269.3999,3269.3999,False,1.0,"{""inversion_rho"":null,""inversion_channel"":7.5,""period_ms"":7.300019264221191}"
200320,1,3275.7001,3275.7001,False,1.0,"{""inversion_rho"":null,""inversion_channel"":24.5,""period_ms"":7.300019264221191}"
200320,1,3282.2001,3282.2001,False,1.0,"{""inversion_rho"":null,""inversion_channel"":25.5,""period_ms"":7.300019264221191}"
200320,1,3288.6,3288.6,False,1.0,"{""inversion_rho"":null,""inversion_channel"":24.5,""period_ms"":7.300019264221191}"
200320,1,3295.5,3295.5,False,1.0,"{""inversion_rho"":null,""inversion_channel"":25.0,""period_ms"":7.300019264221191}"
200320,1,3302.3,3302.3,False,0.25,"{""inversion_rho"":null,""inversion_channel"":23.5,""period_ms"":7.300019264221191}"
200320,1,3309.7,3309.7,False,1.0,"{""inversion_rho"":null,""inversion_channel"":25.5,""period_ms"":7.300019264221191}"
200320,1,3316.7,3316.7,False,1.0,"{""inversion_rho"":null,""inversion_channel"":3.5,""period_ms"":7.300019264221191}"
200320,1,3324.1999,3324.1999,False,0.625,"{""inversion_rho"":null,""inversion_channel"":37.5,""period_ms"":7.300019264221191}"
200320,1,3333.8001,3333.8001,False,1.0,"{""inversion_rho"":null,""inversion_channel"":5.0,""period_ms"":7.300019264221191}"
200320,1,3339.7,3339.7,False,1.0,"{""inversion_rho"":null,""inversion_channel"":3.5,""period_ms"":7.300019264221191}"
200320,1,3346.0,3346.0,False,1.0,"{""inversion_rho"":null,""inversion_channel"":4.5,""period_ms"":7.300019264221191}"
200320,1,3356.3001,3356.3001,False,1.0,"{""inversion_rho"":null,""inversion_channel"":6.5,""period_ms"":7.300019264221191}"
200320,1,3362.9999,3362.9999,False,1.0,"{""inversion_rho"":null,""inversion_channel"":24.5,""period_ms"":7.300019264221191}"
200320,1,3369.6001,3369.6001,False,1.0,"{""inversion_rho"":null,""inversion_channel"":28.5,""period_ms"":7.300019264221191}"
200320,1,3375.9,3375.9,False,1.0,"{""inversion_rho"":null,""inversion_channel"":20.0,""period_ms"":7.300019264221191}"
200320,1,3382.4999,3382.4999,False,1.0,"{""inversion_rho"":null,""inversion_channel"":7.0,""period_ms"":7.300019264221191}"
200320,1,3388.9,3388.9,False,1.0,"{""inversion_rho"":null,""inversion_channel"":38.5,""period_ms"":7.300019264221191}"
200320,1,3401.7,3401.7,False,1.0,"{""inversion_rho"":null,""inversion_channel"":3.5,""period_ms"":7.300019264221191}"
200320,1,3408.0999,3408.0999,False,1.0,"{""inversion_rho"":null,""inversion_channel"":5.5,""period_ms"":7.300019264221191}"
200320,1,3415.2999,3415.2999,False,0.375,"{""inversion_rho"":null,""inversion_channel"":4.5,""period_ms"":7.300019264221191}"
200320,1,3427.5999,3427.5999,False,1.0,"{""inversion_rho"":null,""inversion_channel"":3.5,""period_ms"":7.300019264221191}"
200320,1,3433.8,3433.8,False,1.0,"{""inversion_rho"":null,""inversion_channel"":3.5,""period_ms"":7.300019264221191}"
200320,1,3446.6,3446.6,False,1.0,"{""inversion_rho"":null,""inversion_channel"":38.5,""period_ms"":7.300019264221191}"
200320,1,3458.4999,3458.4999,False,1.0,"{""inversion_rho"":null,""inversion_channel"":4.5,""period_ms"":7.300019264221191}"
200320,1,3464.5,3464.5,False,1.0,"{""inversion_rho"":null,""inversion_channel"":2.5,""period_ms"":7.300019264221191}"
200320,1,3471.1001,3471.1001,False,1.0,"{""inversion_rho"":null,""inversion_channel"":2.5,""period_ms"":7.300019264221191}"
200320,1,3490.6001,3490.6001,False,1.0,"{""inversion_rho"":null,""inversion_channel"":2.5,""period_ms"":6.999969482421875}"
200320,1,3497.4999,3497.4999,False,1.0,"{""inversion_rho"":null,""inversion_channel"":2.5,""period_ms"":6.999969482421875}"
200320,1,3503.5999,3503.5999,False,1.0,"{""inversion_rho"":null,""inversion_channel"":2.5,""period_ms"":6.999969482421875}"
200320,1,3509.8,3509.8,False,1.0,"{""inversion_rho"":null,""inversion_channel"":3.5,""period_ms"":6.999969482421875}"
200320,1,3516.2001,3516.2001,False,1.0,"{""inversion_rho"":null,""inversion_channel"":2.5,""period_ms"":6.999969482421875}"
200320,1,3522.3999,3522.3999,False,1.0,"{""inversion_rho"":null,""inversion_channel"":2.5,""period_ms"":6.999969482421875}"
200320,1,3529.3,3529.3,False,1.0,"{""inversion_rho"":null,""inversion_channel"":4.5,""period_ms"":6.999969482421875}"
200320,1,3536.2999,3536.2999,False,1.0,"{""inversion_rho"":null,""inversion_channel"":38.0,""period_ms"":6.999969482421875}"
200320,1,3543.4,3543.4,False,1.0,"{""inversion_rho"":null,""inversion_channel"":2.5,""period_ms"":6.999969482421875}"
200320,1,3550.2999,3550.2999,False,1.0,"{""inversion_rho"":null,""inversion_channel"":2.5,""period_ms"":6.999969482421875}"
200320,1,3557.6999,3557.6999,False,1.0,"{""inversion_rho"":null,""inversion_channel"":36.0,""period_ms"":6.999969482421875}"
200320,1,3564.6999,3564.6999,False,1.0,"{""inversion_rho"":null,""inversion_channel"":2.5,""period_ms"":6.999969482421875}"
200320,1,3572.0999,3572.0999,False,1.0,"{""inversion_rho"":null,""inversion_channel"":2.5,""period_ms"":6.999969482421875}"
200320,1,3578.8,3578.8,False,1.0,"{""inversion_rho"":null,""inversion_channel"":2.5,""period_ms"":6.999969482421875}"
200320,1,3585.7999,3585.7999,False,1.0,"{""inversion_rho"":null,""inversion_channel"":2.5,""period_ms"":6.999969482421875}"
200320,1,3593.4,3593.4,False,1.0,"{""inversion_rho"":null,""inversion_channel"":3.5,""period_ms"":6.999969482421875}"
200320,1,3600.4,3600.4,False,1.0,"{""inversion_rho"":null,""inversion_channel"":39.0,""period_ms"":6.999969482421875}"
200320,1,3608.0999,3608.0999,False,1.0,"{""inversion_rho"":null,""inversion_channel"":2.5,""period_ms"":6.999969482421875}"
200320,1,3615.9,3615.9,False,1.0,"{""inversion_rho"":null,""inversion_channel"":2.5,""period_ms"":6.999969482421875}"
200320,1,3623.5001,3623.5001,False,1.0,"{""inversion_rho"":null,""inversion_channel"":2.5,""period_ms"":6.999969482421875}"
200320,1,3631.2001,3631.2001,False,1.0,"{""inversion_rho"":null,""inversion_channel"":2.5,""period_ms"":6.999969482421875}"
200320,1,3638.4001,3638.4001,False,1.0,"{""inversion_rho"":null,""inversion_channel"":2.5,""period_ms"":6.999969482421875}"
200320,1,3654.0999,3654.0999,False,1.0,"{""inversion_rho"":null,""inversion_channel"":2.5,""period_ms"":6.999969482421875}"
200320,1,3680.9001,3680.9001,False,1.0,"{""inversion_rho"":null,""inversion_channel"":3.5,""period_ms"":6.999969482421875}"
200320,1,3689.6999,3689.6999,False,1.0,"{""inversion_rho"":null,""inversion_channel"":2.5,""period_ms"":9.200096130371094}"
200320,1,3697.7999,3697.7999,False,1.0,"{""inversion_rho"":null,""inversion_channel"":2.5,""period_ms"":9.200096130371094}"
200320,1,3706.8999,3706.8999,False,1.0,"{""inversion_rho"":null,""inversion_channel"":2.5,""period_ms"":9.200096130371094}"
200320,1,3716.2001,3716.2001,False,1.0,"{""inversion_rho"":null,""inversion_channel"":2.5,""period_ms"":9.200096130371094}"
200320,1,3726.1,3726.1,False,1.0,"{""inversion_rho"":null,""inversion_channel"":2.5,""period_ms"":9.200096130371094}"
200320,1,3735.1999,3735.1999,False,1.0,"{""inversion_rho"":null,""inversion_channel"":2.5,""period_ms"":9.200096130371094}"
200320,1,3745.3001,3745.3001,False,1.0,"{""inversion_rho"":null,""inversion_channel"":2.5,""period_ms"":9.200096130371094}"
200320,1,3753.7999,3753.7999,False,1.0,"{""inversion_rho"":null,""inversion_channel"":3.5,""period_ms"":9.200096130371094}"
200320,1,3763.0,3763.0,False,1.0,"{""inversion_rho"":null,""inversion_channel"":2.5,""period_ms"":9.200096130371094}"
200320,1,3772.2001,3772.2001,False,1.0,"{""inversion_rho"":null,""inversion_channel"":2.5,""period_ms"":9.200096130371094}"
200320,1,3781.8999,3781.8999,False,1.0,"{""inversion_rho"":null,""inversion_channel"":2.5,""period_ms"":9.200096130371094}"
200320,1,3791.6,3791.6,False,1.0,"{""inversion_rho"":null,""inversion_channel"":2.5,""period_ms"":9.200096130371094}"
200320,1,3801.1,3801.1,False,1.0,"{""inversion_rho"":null,""inversion_channel"":2.5,""period_ms"":9.200096130371094}"
200320,1,3811.1999,3811.1999,False,1.0,"{""inversion_rho"":null,""inversion_channel"":2.5,""period_ms"":9.200096130371094}"
200320,1,3819.7999,3819.7999,False,1.0,"{""inversion_rho"":null,""inversion_channel"":3.5,""period_ms"":9.200096130371094}"
200320,1,3829.2999,3829.2999,False,1.0,"{""inversion_rho"":null,""inversion_channel"":2.5,""period_ms"":9.200096130371094}"
200320,1,3838.8,3838.8,False,1.0,"{""inversion_rho"":null,""inversion_channel"":2.5,""period_ms"":9.200096130371094}"
200320,1,3847.7001,3847.7001,False,1.0,"{""inversion_rho"":null,""inversion_channel"":2.5,""period_ms"":9.200096130371094}"
200320,1,3857.6,3857.6,False,1.0,"{""inversion_rho"":null,""inversion_channel"":2.5,""period_ms"":9.200096130371094}"
200320,1,3866.6,3866.6,False,1.0,"{""inversion_rho"":null,""inversion_channel"":2.5,""period_ms"":9.200096130371094}"
200320,1,3875.7,3875.7,False,1.0,"{""inversion_rho"":null,""inversion_channel"":2.5,""period_ms"":9.200096130371094}"
200320,1,3885.4001,3885.4001,False,1.0,"{""inversion_rho"":null,""inversion_channel"":2.5,""period_ms"":9.200096130371094}"
200320,1,3894.1,3894.1,False,1.0,"{""inversion_rho"":null,""inversion_channel"":2.5,""period_ms"":9.200096130371094}"
200320,1,3903.8,3903.8,False,1.0,"{""inversion_rho"":null,""inversion_channel"":2.5,""period_ms"":9.200096130371094}"
200320,1,3913.6,3913.6,False,1.0,"{""inversion_rho"":null,""inversion_channel"":2.5,""period_ms"":9.200096130371094}"
200320,1,3923.6,3923.6,False,1.0,"{""inversion_rho"":null,""inversion_channel"":2.5,""period_ms"":9.200096130371094}"
200320,1,3932.6,3932.6,False,1.0,"{""inversion_rho"":null,""inversion_channel"":39.0,""period_ms"":9.200096130371094}"
200320,1,3941.8001,3941.8001,False,1.0,"{""inversion_rho"":null,""inversion_channel"":2.5,""period_ms"":9.200096130371094}"
200320,1,3951.2999,3951.2999,False,1.0,"{""inversion_rho"":null,""inversion_channel"":3.5,""period_ms"":9.200096130371094}"
200320,1,3960.3,3960.3,False,1.0,"{""inversion_rho"":null,""inversion_channel"":2.5,""period_ms"":9.200096130371094}"
200320,1,3979.0001,3979.0001,False,1.0,"{""inversion_rho"":null,""inversion_channel"":2.5,""period_ms"":9.200096130371094}"
200320,1,3987.9,3987.9,False,1.0,"{""inversion_rho"":null,""inversion_channel"":3.5,""period_ms"":9.200096130371094}"
200320,1,3996.5999,3996.5999,False,1.0,"{""inversion_rho"":null,""inversion_channel"":2.5,""period_ms"":9.200096130371094}"
200320,1,4005.4002,4005.4002,False,1.0,"{""inversion_rho"":null,""inversion_channel"":4.5,""period_ms"":9.200096130371094}"
200320,1,4015.2001,4015.2001,False,1.0,"{""inversion_rho"":null,""inversion_channel"":3.5,""period_ms"":9.200096130371094}"
200320,1,4024.7002,4024.7002,False,1.0,"{""inversion_rho"":null,""inversion_channel"":2.5,""period_ms"":9.200096130371094}"
200320,1,4033.7,4033.7,False,1.0,"{""inversion_rho"":null,""inversion_channel"":2.5,""period_ms"":9.200096130371094}"
200320,1,4043.0002,4043.0002,False,1.0,"{""inversion_rho"":null,""inversion_channel"":2.5,""period_ms"":9.200096130371094}"
200320,1,4051.3,4051.3,False,1.0,"{""inversion_rho"":null,""inversion_channel"":2.5,""period_ms"":9.200096130371094}"
200320,1,4069.5,4069.5,False,1.0,"{""inversion_rho"":null,""inversion_channel"":2.5,""period_ms"":9.200096130371094}"
200320,1,4079.1001,4079.1001,False,1.0,"{""inversion_rho"":null,""inversion_channel"":2.5,""period_ms"":9.200096130371094}"
200320,1,4088.5,4088.5,False,1.0,"{""inversion_rho"":null,""inversion_channel"":2.5,""period_ms"":9.200096130371094}"
200320,1,4097.0998,4097.0998,False,1.0,"{""inversion_rho"":null,""inversion_channel"":2.5,""period_ms"":9.200096130371094}"
200320,1,4105.8002,4105.8002,False,1.0,"{""inversion_rho"":null,""inversion_channel"":2.5,""period_ms"":9.200096130371094}"
200320,1,4114.2998,4114.2998,False,1.0,"{""inversion_rho"":null,""inversion_channel"":2.5,""period_ms"":9.200096130371094}"
200320,1,4123.7001,4123.7001,False,1.0,"{""inversion_rho"":null,""inversion_channel"":2.5,""period_ms"":9.200096130371094}"
200320,1,4133.2002,4133.2002,False,1.0,"{""inversion_rho"":null,""inversion_channel"":2.5,""period_ms"":9.200096130371094}"
200320,1,4150.3,4150.3,False,1.0,"{""inversion_rho"":null,""inversion_channel"":2.5,""period_ms"":9.200096130371094}"
200320,1,4160.2998,4160.2998,False,0.375,"{""inversion_rho"":null,""inversion_channel"":2.5,""period_ms"":9.200096130371094}"
200320,1,4178.8001,4178.8001,False,1.0,"{""inversion_rho"":null,""inversion_channel"":2.5,""period_ms"":9.200096130371094}"
200320,1,4187.9001,4187.9001,False,1.0,"{""inversion_rho"":null,""inversion_channel"":2.5,""period_ms"":9.200096130371094}"
200320,1,4206.6998,4206.6998,False,1.0,"{""inversion_rho"":null,""inversion_channel"":2.5,""period_ms"":9.200096130371094}"
200320,1,4216.1999,4216.1999,False,1.0,"{""inversion_rho"":null,""inversion_channel"":2.5,""period_ms"":9.200096130371094}"
200320,1,4224.2999,4224.2999,False,1.0,"{""inversion_rho"":null,""inversion_channel"":2.5,""period_ms"":9.200096130371094}"
200320,1,4233.5,4233.5,False,1.0,"{""inversion_rho"":null,""inversion_channel"":2.5,""period_ms"":9.200096130371094}"
200320,1,4241.7998,4241.7998,False,1.0,"{""inversion_rho"":null,""inversion_channel"":2.5,""period_ms"":9.200096130371094}"
200320,1,4250.7,4250.7,False,1.0,"{""inversion_rho"":null,""inversion_channel"":2.5,""period_ms"":9.200096130371094}"
200320,1,4259.3999,4259.3999,False,1.0,"{""inversion_rho"":null,""inversion_channel"":2.5,""period_ms"":9.200096130371094}"
200320,1,4268.4002,4268.4002,False,1.0,"{""inversion_rho"":null,""inversion_channel"":2.5,""period_ms"":9.200096130371094}"
200320,1,4276.5999,4276.5999,False,1.0,"{""inversion_rho"":null,""inversion_channel"":2.5,""period_ms"":9.200096130371094}"
200320,1,4285.5,4285.5,False,1.0,"{""inversion_rho"":null,""inversion_channel"":2.5,""period_ms"":9.200096130371094}"
200320,1,4294.0998,4294.0998,False,1.0,"{""inversion_rho"":null,""inversion_channel"":2.5,""period_ms"":9.200096130371094}"
200320,1,4302.4001,4302.4001,False,1.0,"{""inversion_rho"":null,""inversion_channel"":2.5,""period_ms"":9.200096130371094}"
200320,1,4311.6999,4311.6999,False,1.0,"{""inversion_rho"":null,""inversion_channel"":41.5,""period_ms"":9.200096130371094}"
200320,1,4320.0002,4320.0002,False,1.0,"{""inversion_rho"":null,""inversion_channel"":2.5,""period_ms"":9.200096130371094}"
200320,1,4337.4,4337.4,False,1.0,"{""inversion_rho"":null,""inversion_channel"":2.5,""period_ms"":9.200096130371094}"
200320,1,4346.0002,4346.0002,False,1.0,"{""inversion_rho"":null,""inversion_channel"":2.5,""period_ms"":9.200096130371094}"
200320,1,4353.3001,4353.3001,False,1.0,"{""inversion_rho"":null,""inversion_channel"":2.0,""period_ms"":9.200096130371094}"
200320,1,4361.7001,4361.7001,False,1.0,"{""inversion_rho"":null,""inversion_channel"":2.5,""period_ms"":9.200096130371094}"
200320,1,4369.9999,4369.9999,False,1.0,"{""inversion_rho"":null,""inversion_channel"":3.5,""period_ms"":9.200096130371094}"
200320,1,4394.7001,4394.7001,False,1.0,"{""inversion_rho"":null,""inversion_channel"":2.5,""period_ms"":9.350061416625977}"
200320,1,4404.2001,4404.2001,False,1.0,"{""inversion_rho"":null,""inversion_channel"":2.5,""period_ms"":9.350061416625977}"
200320,1,4413.0001,4413.0001,False,1.0,"{""inversion_rho"":null,""inversion_channel"":2.5,""period_ms"":9.350061416625977}"
200320,1,4422.2999,4422.2999,False,1.0,"{""inversion_rho"":null,""inversion_channel"":2.5,""period_ms"":9.350061416625977}"
200320,1,4431.9,4431.9,False,1.0,"{""inversion_rho"":null,""inversion_channel"":2.5,""period_ms"":9.350061416625977}"
200320,1,4441.1001,4441.1001,False,1.0,"{""inversion_rho"":null,""inversion_channel"":2.5,""period_ms"":9.350061416625977}"
200320,1,4449.9998,4449.9998,False,1.0,"{""inversion_rho"":null,""inversion_channel"":2.5,""period_ms"":9.350061416625977}"
200320,1,4459.4002,4459.4002,False,1.0,"{""inversion_rho"":null,""inversion_channel"":3.5,""period_ms"":9.350061416625977}"
200320,1,4469.1,4469.1,False,1.0,"{""inversion_rho"":null,""inversion_channel"":2.5,""period_ms"":9.350061416625977}"
200320,1,4477.3002,4477.3002,False,1.0,"{""inversion_rho"":null,""inversion_channel"":2.5,""period_ms"":9.350061416625977}"
200320,1,4486.8999,4486.8999,False,1.0,"{""inversion_rho"":null,""inversion_channel"":2.5,""period_ms"":9.350061416625977}"
200320,1,4522.5,4522.5,False,1.0,"{""inversion_rho"":null,""inversion_channel"":2.5,""period_ms"":8.899688720703125}"
200320,1,4541.5001,4541.5001,False,1.0,"{""inversion_rho"":null,""inversion_channel"":2.5,""period_ms"":8.899688720703125}"
200320,1,4552.1002,4552.1002,False,1.0,"{""inversion_rho"":null,""inversion_channel"":2.5,""period_ms"":8.899688720703125}"
200320,1,4561.8,4561.8,False,1.0,"{""inversion_rho"":null,""inversion_channel"":4.0,""period_ms"":8.899688720703125}"
200320,1,4572.1998,4572.1998,False,1.0,"{""inversion_rho"":null,""inversion_channel"":7.5,""period_ms"":8.899688720703125}"
200320,1,4582.2001,4582.2001,False,1.0,"{""inversion_rho"":null,""inversion_channel"":7.5,""period_ms"":8.899688720703125}"
200320,1,4590.4999,4590.4999,False,1.0,"{""inversion_rho"":null,""inversion_channel"":2.5,""period_ms"":8.899688720703125}"
200320,1,4599.2999,4599.2999,False,1.0,"{""inversion_rho"":null,""inversion_channel"":2.5,""period_ms"":8.899688720703125}"
200320,1,4617.0998,4617.0998,False,1.0,"{""inversion_rho"":null,""inversion_channel"":2.5,""period_ms"":8.899688720703125}"
200320,1,4626.5001,4626.5001,False,1.0,"{""inversion_rho"":null,""inversion_channel"":2.5,""period_ms"":8.899688720703125}"
200320,1,4643.4002,4643.4002,False,1.0,"{""inversion_rho"":null,""inversion_channel"":2.5,""period_ms"":8.899688720703125}"
200320,1,4652.2999,4652.2999,False,1.0,"{""inversion_rho"":null,""inversion_channel"":3.5,""period_ms"":8.899688720703125}"
200320,1,4661.2,4661.2,False,1.0,"{""inversion_rho"":null,""inversion_channel"":2.5,""period_ms"":8.899688720703125}"
200320,1,4671.0,4671.0,False,1.0,"{""inversion_rho"":null,""inversion_channel"":4.5,""period_ms"":8.899688720703125}"
200320,1,4694.6001,4694.6001,False,1.0,"{""inversion_rho"":null,""inversion_channel"":20.0,""period_ms"":8.899688720703125}"
200320,1,4705.5001,4705.5001,False,1.0,"{""inversion_rho"":null,""inversion_channel"":2.5,""period_ms"":8.899688720703125}"
200320,1,4714.0999,4714.0999,False,1.0,"{""inversion_rho"":null,""inversion_channel"":2.5,""period_ms"":8.899688720703125}"
200320,1,4722.4998,4722.4998,False,1.0,"{""inversion_rho"":null,""inversion_channel"":2.5,""period_ms"":8.899688720703125}"
200320,1,4732.6999,4732.6999,False,1.0,"{""inversion_rho"":null,""inversion_channel"":5.0,""period_ms"":8.899688720703125}"
200320,1,4750.2999,4750.2999,False,1.0,"{""inversion_rho"":null,""inversion_channel"":2.5,""period_ms"":8.899688720703125}"
200320,1,4758.6002,4758.6002,False,1.0,"{""inversion_rho"":null,""inversion_channel"":2.5,""period_ms"":8.899688720703125}"
200320,1,4767.3998,4767.3998,False,1.0,"{""inversion_rho"":null,""inversion_channel"":2.5,""period_ms"":8.899688720703125}"
200320,1,4775.4998,4775.4998,False,1.0,"{""inversion_rho"":null,""inversion_channel"":2.5,""period_ms"":8.899688720703125}"
200320,1,4783.8001,4783.8001,False,1.0,"{""inversion_rho"":null,""inversion_channel"":2.5,""period_ms"":8.899688720703125}"
200320,1,4792.6002,4792.6002,False,1.0,"{""inversion_rho"":null,""inversion_channel"":2.5,""period_ms"":8.899688720703125}"
200320,1,4801.4002,4801.4002,False,1.0,"{""inversion_rho"":null,""inversion_channel"":2.5,""period_ms"":8.899688720703125}"
200320,1,4810.1001,4810.1001,False,1.0,"{""inversion_rho"":null,""inversion_channel"":2.5,""period_ms"":8.899688720703125}"
200320,1,4818.2998,4818.2998,False,1.0,"{""inversion_rho"":null,""inversion_channel"":2.5,""period_ms"":8.899688720703125}"
200320,1,4827.0001,4827.0001,False,1.0,"{""inversion_rho"":null,""inversion_channel"":2.5,""period_ms"":8.899688720703125}"
200320,1,4835.1002,4835.1002,False,1.0,"{""inversion_rho"":null,""inversion_channel"":2.5,""period_ms"":8.899688720703125}"
200320,1,4851.5,4851.5,False,1.0,"{""inversion_rho"":null,""inversion_channel"":2.5,""period_ms"":8.899688720703125}"
200320,1,4860.0998,4860.0998,False,1.0,"{""inversion_rho"":null,""inversion_channel"":2.5,""period_ms"":8.899688720703125}"
200320,1,4876.8001,4876.8001,False,1.0,"{""inversion_rho"":null,""inversion_channel"":2.5,""period_ms"":8.899688720703125}"
200320,1,4883.8,4883.8,False,1.0,"{""inversion_rho"":null,""inversion_channel"":2.5,""period_ms"":8.899688720703125}"
200320,1,4908.1998,4908.1998,False,1.0,"{""inversion_rho"":null,""inversion_channel"":3.5,""period_ms"":20.69997787475586}"
200320,1,4919.8999,4919.8999,False,1.0,"{""inversion_rho"":null,""inversion_channel"":7.5,""period_ms"":20.69997787475586}"
200320,1,4932.6,4932.6,False,1.0,"{""inversion_rho"":null,""inversion_channel"":8.5,""period_ms"":20.69997787475586}"
200320,1,4953.3,4953.3,False,1.0,"{""inversion_rho"":null,""inversion_channel"":10.5,""period_ms"":20.69997787475586}"
200320,1,4982.8,4982.8,False,1.0,"{""inversion_rho"":null,""inversion_channel"":12.0,""period_ms"":20.69997787475586}"
200320,1,5050.7998,5050.7998,False,1.0,"{""inversion_rho"":null,""inversion_channel"":14.0,""period_ms"":20.69997787475586}"
200320,1,5060.2002,5060.2002,False,1.0,"{""inversion_rho"":null,""inversion_channel"":14.0,""period_ms"":6.899833679199219}"
200320,1,5068.1,5068.1,False,1.0,"{""inversion_rho"":null,""inversion_channel"":14.5,""period_ms"":6.899833679199219}"
200320,1,5074.9998,5074.9998,False,1.0,"{""inversion_rho"":null,""inversion_channel"":14.0,""period_ms"":6.899833679199219}"
200320,1,5080.9999,5080.9999,False,1.0,"{""inversion_rho"":null,""inversion_channel"":15.5,""period_ms"":6.899833679199219}"
200320,1,5087.2002,5087.2002,False,1.0,"{""inversion_rho"":null,""inversion_channel"":13.0,""period_ms"":6.899833679199219}"
200320,1,5093.4,5093.4,False,1.0,"{""inversion_rho"":null,""inversion_channel"":14.0,""period_ms"":6.899833679199219}"
200320,1,5101.3999,5101.3999,False,1.0,"{""inversion_rho"":null,""inversion_channel"":13.0,""period_ms"":6.899833679199219}"
200320,1,5112.5002,5112.5002,False,1.0,"{""inversion_rho"":null,""inversion_channel"":22.5,""period_ms"":6.899833679199219}"
200320,1,5174.6001,5174.6001,False,1.0,"{""inversion_rho"":null,""inversion_channel"":23.5,""period_ms"":17.499923706054688}"
200320,1,5231.2002,5231.2002,False,1.0,"{""inversion_rho"":null,""inversion_channel"":35.0,""period_ms"":17.499923706054688}"
200320,1,5294.0001,5294.0001,False,1.0,"{""inversion_rho"":null,""inversion_channel"":35.0,""period_ms"":17.499923706054688}"
200320,1,5355.7,5355.7,False,1.0,"{""inversion_rho"":null,""inversion_channel"":34.5,""period_ms"":17.499923706054688}"
200320,1,5412.7998,5412.7998,False,1.0,"{""inversion_rho"":null,""inversion_channel"":33.5,""period_ms"":17.499923706054688}"
200320,1,5459.7998,5459.7998,False,1.0,"{""inversion_rho"":null,""inversion_channel"":33.5,""period_ms"":17.499923706054688}"
200320,1,5495.4,5495.4,False,1.0,"{""inversion_rho"":null,""inversion_channel"":32.5,""period_ms"":17.499923706054688}"
200320,1,5521.6999,5521.6999,False,1.0,"{""inversion_rho"":null,""inversion_channel"":12.5,""period_ms"":17.499923706054688}"
200320,1,5542.9001,5542.9001,False,1.0,"{""inversion_rho"":null,""inversion_channel"":32.0,""period_ms"":17.499923706054688}"
200320,1,5559.8998,5559.8998,False,1.0,"{""inversion_rho"":null,""inversion_channel"":13.0,""period_ms"":17.499923706054688}"
200320,1,5578.0001,5578.0001,False,1.0,"{""inversion_rho"":null,""inversion_channel"":31.5,""period_ms"":17.499923706054688}"
200320,1,5595.5,5595.5,False,1.0,"{""inversion_rho"":null,""inversion_channel"":31.5,""period_ms"":17.499923706054688}"
200320,1,5612.1998,5612.1998,False,1.0,"{""inversion_rho"":null,""inversion_channel"":30.5,""period_ms"":17.499923706054688}"
200320,1,5626.6999,5626.6999,False,1.0,"{""inversion_rho"":null,""inversion_channel"":12.5,""period_ms"":17.499923706054688}"
200320,1,5641.6001,5641.6001,False,1.0,"{""inversion_rho"":null,""inversion_channel"":30.0,""period_ms"":17.499923706054688}"
200320,1,5655.7002,5655.7002,False,1.0,"{""inversion_rho"":null,""inversion_channel"":12.0,""period_ms"":17.499923706054688}"
200320,1,5669.0001,5669.0001,False,0.875,"{""inversion_rho"":null,""inversion_channel"":15.5,""period_ms"":17.499923706054688}"
200320,1,5682.4999,5682.4999,False,1.0,"{""inversion_rho"":null,""inversion_channel"":12.5,""period_ms"":17.499923706054688}"
200320,1,5695.4999,5695.4999,False,1.0,"{""inversion_rho"":null,""inversion_channel"":12.5,""period_ms"":17.499923706054688}"
200320,1,5709.7001,5709.7001,False,1.0,"{""inversion_rho"":null,""inversion_channel"":23.0,""period_ms"":17.499923706054688}"
200320,1,63.3,87.3,True,1.0,"{""inversion_rho"":null,""inversion_channel"":24.25,""period_ms"":8.400000631809235}"
200320,1,1513.1,3471.1001,True,1.0,"{""inversion_rho"":null,""inversion_channel"":23.5,""period_ms"":7.300019264221191}"
200320,1,3490.6001,3680.9001,True,1.0,"{""inversion_rho"":null,""inversion_channel"":2.5,""period_ms"":6.999969482421875}"
200320,1,3689.6999,4369.9999,True,1.0,"{""inversion_rho"":null,""inversion_channel"":2.5,""period_ms"":9.200096130371094}"
200320,1,4394.7001,4486.8999,True,1.0,"{""inversion_rho"":null,""inversion_channel"":2.5,""period_ms"":9.350061416625977}"
200320,1,4522.5,4883.8,True,1.0,"{""inversion_rho"":null,""inversion_channel"":2.5,""period_ms"":8.899688720703125}"
200320,1,4908.1998,5050.7998,True,1.0,"{""inversion_rho"":null,""inversion_channel"":9.5,""period_ms"":20.69997787475586}"
200320,1,5060.2002,5112.5002,True,1.0,"{""inversion_rho"":null,""inversion_channel"":14.0,""period_ms"":6.899833679199219}"
200320,1,5174.6001,5709.7001,True,1.0,"{""inversion_rho"":null,""inversion_channel"":30.25,""period_ms"":17.499923706054688}"
200385,1,89.2,89.2,False,1.0,"{""inversion_rho"":null,""inversion_channel"":8.5,""period_ms"":null}"
200385,1,107.8,107.8,False,1.0,"{""inversion_rho"":null,""inversion_channel"":9.5,""period_ms"":null}"
200385,1,4903.6999,4903.6999,False,0.5,"{""inversion_rho"":null,""inversion_channel"":10.5,""period_ms"":null}"
200385,1,4915.5998,4915.5998,False,0.25,"{""inversion_rho"":null,""inversion_channel"":24.5,""period_ms"":null}"
200427,1,52.7,52.7,False,0.875,"{""inversion_rho"":null,""inversion_channel"":3.5,""period_ms"":null}"
200427,1,95.4,95.4,False,1.0,"{""inversion_rho"":null,""inversion_channel"":5.5,""period_ms"":null}"
200427,1,1656.2999,1656.2999,False,1.0,"{""inversion_rho"":null,""inversion_channel"":32.5,""period_ms"":72.3000168800354}"
200427,1,1711.2,1711.2,False,1.0,"{""inversion_rho"":null,""inversion_channel"":10.5,""period_ms"":72.3000168800354}"
200427,1,1800.9,1800.9,False,1.0,"{""inversion_rho"":null,""inversion_channel"":29.0,""period_ms"":72.3000168800354}"
200427,1,1828.4,1828.4,False,1.0,"{""inversion_rho"":null,""inversion_channel"":8.5,""period_ms"":null}"
200427,1,1886.3,1886.3,False,1.0,"{""inversion_rho"":null,""inversion_channel"":11.0,""period_ms"":null}"
200427,1,1906.9,1906.9,False,1.0,"{""inversion_rho"":null,""inversion_channel"":12.5,""period_ms"":11.349976062774658}"
200427,1,1919.4,1919.4,False,1.0,"{""inversion_rho"":null,""inversion_channel"":33.5,""period_ms"":11.349976062774658}"
200427,1,1929.6,1929.6,False,1.0,"{""inversion_rho"":null,""inversion_channel"":13.5,""period_ms"":11.349976062774658}"
200427,1,1957.1,1957.1,False,1.0,"{""inversion_rho"":null,""inversion_channel"":13.0,""period_ms"":13.649940490722656}"
200427,1,1970.4,1970.4,False,1.0,"{""inversion_rho"":null,""inversion_channel"":29.5,""period_ms"":13.649940490722656}"
200427,1,1986.5,1986.5,False,1.0,"{""inversion_rho"":null,""inversion_channel"":13.5,""period_ms"":13.649940490722656}"
200427,1,2000.0999,2000.0999,False,1.0,"{""inversion_rho"":null,""inversion_channel"":16.5,""period_ms"":13.649940490722656}"
200427,1,2013.7999,2013.7999,False,1.0,"{""inversion_rho"":null,""inversion_channel"":14.5,""period_ms"":13.649940490722656}"
200427,1,2048.5001,2048.5001,False,1.0,"{""inversion_rho"":null,""inversion_channel"":37.5,""period_ms"":7.55000114440918}"
200427,1,2056.2999,2056.2999,False,1.0,"{""inversion_rho"":null,""inversion_channel"":16.5,""period_ms"":7.55000114440918}"
200427,1,2063.6001,2063.6001,False,1.0,"{""inversion_rho"":null,""inversion_channel"":32.5,""period_ms"":7.55000114440918}"
200427,1,2084.3999,2084.3999,False,1.0,"{""inversion_rho"":null,""inversion_channel"":18.5,""period_ms"":null}"
200427,1,3086.4,3086.4,False,0.375,"{""inversion_rho"":null,""inversion_channel"":27.5,""period_ms"":null}"
200427,1,3093.6999,3093.6999,False,1.0,"{""inversion_rho"":null,""inversion_channel"":32.5,""period_ms"":null}"
200427,1,3133.6,3133.6,False,1.0,"{""inversion_rho"":null,""inversion_channel"":32.5,""period_ms"":31.799793243408203}"
200427,1,3163.1999,3163.1999,False,1.0,"{""inversion_rho"":null,""inversion_channel"":32.5,""period_ms"":31.799793243408203}"
200427,1,3196.7001,3196.7001,False,1.0,"{""inversion_rho"":null,""inversion_channel"":32.5,""period_ms"":31.799793243408203}"
200427,1,3228.4999,3228.4999,False,1.0,"{""inversion_rho"":null,""inversion_channel"":33.0,""period_ms"":31.799793243408203}"
200427,1,3260.2,3260.2,False,1.0,"{""inversion_rho"":null,""inversion_channel"":32.5,""period_ms"":31.799793243408203}"
200427,1,3293.1001,3293.1001,False,1.0,"{""inversion_rho"":null,""inversion_channel"":32.5,""period_ms"":31.799793243408203}"
200427,1,3304.6,3304.6,False,0.25,"{""inversion_rho"":null,""inversion_channel"":31.5,""period_ms"":27.899980545043945}"
200427,1,3332.5,3332.5,False,1.0,"{""inversion_rho"":null,""inversion_channel"":33.0,""period_ms"":27.899980545043945}"
200427,1,3367.0001,3367.0001,False,1.0,"{""inversion_rho"":null,""inversion_channel"":33.0,""period_ms"":27.899980545043945}"
200427,1,3392.4,3392.4,False,0.5,"{""inversion_rho"":null,""inversion_channel"":33.0,""period_ms"":27.899980545043945}"
200427,1,3423.8999,3423.8999,False,1.0,"{""inversion_rho"":null,""inversion_channel"":33.5,""period_ms"":27.899980545043945}"
200427,1,3449.3001,3449.3001,False,0.375,"{""inversion_rho"":null,""inversion_channel"":30.0,""period_ms"":27.899980545043945}"
200427,1,3477.5,3477.5,False,1.0,"{""inversion_rho"":null,""inversion_channel"":33.0,""period_ms"":27.899980545043945}"
200427,1,3499.9001,3499.9001,False,0.25,"{""inversion_rho"":null,""inversion_channel"":27.5,""period_ms"":27.899980545043945}"
200427,1,3508.4,3508.4,False,1.0,"{""inversion_rho"":null,""inversion_channel"":34.5,""period_ms"":20.69997787475586}"
200427,1,3528.6,3528.6,False,0.25,"{""inversion_rho"":null,""inversion_channel"":31.5,""period_ms"":20.69997787475586}"
200427,1,3549.7999,3549.7999,False,0.25,"{""inversion_rho"":null,""inversion_channel"":31.5,""period_ms"":20.69997787475586}"
200427,1,1656.2999,1800.9,True,1.0,"{""inversion_rho"":null,""inversion_channel"":29.0,""period_ms"":72.3000168800354}"
200427,1,1906.9,1929.6,True,1.0,"{""inversion_rho"":null,""inversion_channel"":13.5,""period_ms"":11.349976062774658}"
200427,1,1957.1,2013.7999,True,1.0,"{""inversion_rho"":null,""inversion_channel"":14.5,""period_ms"":13.649940490722656}"
200427,1,2048.5001,2063.6001,True,1.0,"{""inversion_rho"":null,""inversion_channel"":32.5,""period_ms"":7.55000114440918}"
200427,1,3133.6,3293.1001,True,1.0,"{""inversion_rho"":null,""inversion_channel"":32.5,""period_ms"":31.799793243408203}"
200427,1,3304.6,3499.9001,True,1.0,"{""inversion_rho"":null,""inversion_channel"":33.0,""period_ms"":27.899980545043945}"
200427,1,3508.4,3549.7999,True,1.0,"{""inversion_rho"":null,""inversion_channel"":31.5,""period_ms"":20.69997787475586}"
200435,1,62.1,62.1,False,1.0,"{""inversion_rho"":null,""inversion_channel"":2.5,""period_ms"":11.649999767541885}"
200435,1,72.0,72.0,False,1.0,"{""inversion_rho"":null,""inversion_channel"":3.5,""period_ms"":11.649999767541885}"
200435,1,85.4,85.4,False,1.0,"{""inversion_rho"":null,""inversion_channel"":4.5,""period_ms"":11.649999767541885}"
200435,1,1702.5,1702.5,False,1.0,"{""inversion_rho"":null,""inversion_channel"":29.0,""period_ms"":47.60003089904785}"
200435,1,1725.2001,1725.2001,False,1.0,"{""inversion_rho"":null,""inversion_channel"":27.5,""period_ms"":47.60003089904785}"
200435,1,1736.9,1736.9,False,1.0,"{""inversion_rho"":null,""inversion_channel"":4.0,""period_ms"":47.60003089904785}"
200435,1,1749.3,1749.3,False,1.0,"{""inversion_rho"":null,""inversion_channel"":12.5,""period_ms"":47.60003089904785}"
200435,1,1775.8,1775.8,False,1.0,"{""inversion_rho"":null,""inversion_channel"":6.5,""period_ms"":47.60003089904785}"
200435,1,1828.5,1828.5,False,0.5,"{""inversion_rho"":null,""inversion_channel"":4.5,""period_ms"":47.60003089904785}"
200435,1,1893.7,1893.7,False,1.0,"{""inversion_rho"":null,""inversion_channel"":3.5,""period_ms"":47.60003089904785}"
200435,1,1941.3,1941.3,False,0.625,"{""inversion_rho"":null,""inversion_channel"":6.5,""period_ms"":47.60003089904785}"
200435,1,2036.5,2036.5,False,1.0,"{""inversion_rho"":null,""inversion_channel"":2.5,""period_ms"":47.60003089904785}"
200435,1,2101.8,2101.8,False,0.5,"{""inversion_rho"":null,""inversion_channel"":43.0,""period_ms"":47.60003089904785}"
200435,1,2117.5001,2117.5001,False,0.5,"{""inversion_rho"":null,""inversion_channel"":7.5,""period_ms"":null}"
200435,1,2204.5,2204.5,False,0.25,"{""inversion_rho"":null,""inversion_channel"":3.0,""period_ms"":null}"
200435,1,2217.7,2217.7,False,1.0,"{""inversion_rho"":null,""inversion_channel"":2.5,""period_ms"":null}"
200435,1,2251.4999,2251.4999,False,0.25,"{""inversion_rho"":null,""inversion_channel"":6.5,""period_ms"":null}"
200435,1,2257.7,2257.7,False,0.375,"{""inversion_rho"":null,""inversion_channel"":6.5,""period_ms"":17.600059509277344}"
200435,1,2292.7999,2292.7999,False,1.0,"{""inversion_rho"":null,""inversion_channel"":8.5,""period_ms"":17.600059509277344}"
200435,1,2310.4,2310.4,False,0.625,"{""inversion_rho"":null,""inversion_channel"":10.0,""period_ms"":17.600059509277344}"
200435,1,2320.6,2320.6,False,0.25,"{""inversion_rho"":null,""inversion_channel"":15.0,""period_ms"":17.600059509277344}"
200435,1,2428.6001,2428.6001,False,1.0,"{""inversion_rho"":null,""inversion_channel"":5.5,""period_ms"":11.099934577941895}"
200435,1,2436.1,2436.1,False,0.625,"{""inversion_rho"":null,""inversion_channel"":11.5,""period_ms"":11.099934577941895}"
200435,1,2450.7999,2450.7999,False,1.0,"{""inversion_rho"":null,""inversion_channel"":20.0,""period_ms"":11.099934577941895}"
200435,1,2512.9001,2512.9001,False,1.0,"{""inversion_rho"":null,""inversion_channel"":6.5,""period_ms"":23.399949073791504}"
200435,1,2535.5999,2535.5999,False,1.0,"{""inversion_rho"":null,""inversion_channel"":2.5,""period_ms"":23.399949073791504}"
200435,1,2559.7,2559.7,False,0.375,"{""inversion_rho"":null,""inversion_channel"":1.5,""period_ms"":23.399949073791504}"
200435,1,2783.7,2783.7,False,1.0,"{""inversion_rho"":null,""inversion_channel"":2.5,""period_ms"":167.75000095367432}"
200435,1,2947.5999,2947.5999,False,1.0,"{""inversion_rho"":null,""inversion_channel"":9.0,""period_ms"":167.75000095367432}"
200435,1,3119.2,3119.2,False,0.375,"{""inversion_rho"":null,""inversion_channel"":7.5,""period_ms"":167.75000095367432}"
200435,1,3166.3001,3166.3001,False,0.625,"{""inversion_rho"":null,""inversion_channel"":5.5,""period_ms"":54.69989776611328}"
200435,1,3221.0,3221.0,False,0.25,"{""inversion_rho"":null,""inversion_channel"":5.5,""period_ms"":54.69989776611328}"
200435,1,3243.9001,3243.9001,False,1.0,"{""inversion_rho"":null,""inversion_channel"":28.5,""period_ms"":54.69989776611328}"
200435,1,3299.0,3299.0,False,0.375,"{""inversion_rho"":null,""inversion_channel"":5.5,""period_ms"":54.69989776611328}"
200435,1,3317.1999,3317.1999,False,1.0,"{""inversion_rho"":null,""inversion_channel"":28.0,""period_ms"":33.20002555847168}"
200435,1,3350.4,3350.4,False,1.0,"{""inversion_rho"":null,""inversion_channel"":29.5,""period_ms"":33.20002555847168}"
200435,1,3376.4,3376.4,False,1.0,"{""inversion_rho"":null,""inversion_channel"":1.5,""period_ms"":33.20002555847168}"
200435,1,3403.6,3403.6,False,0.625,"{""inversion_rho"":null,""inversion_channel"":6.5,""period_ms"":33.20002555847168}"
200435,1,3447.0999,3447.0999,False,0.375,"{""inversion_rho"":null,""inversion_channel"":42.0,""period_ms"":33.20002555847168}"
200435,1,3491.9,3491.9,False,0.5,"{""inversion_rho"":null,""inversion_channel"":8.0,""period_ms"":33.20002555847168}"
200435,1,3497.7,3497.7,False,0.25,"{""inversion_rho"":null,""inversion_channel"":7.0,""period_ms"":13.849973678588867}"
200435,1,3510.6001,3510.6001,False,0.75,"{""inversion_rho"":null,""inversion_channel"":4.5,""period_ms"":13.849973678588867}"
200435,1,3525.3999,3525.3999,False,0.625,"{""inversion_rho"":null,""inversion_channel"":6.5,""period_ms"":13.849973678588867}"
200435,1,3530.7,3530.7,False,0.5,"{""inversion_rho"":null,""inversion_channel"":9.0,""period_ms"":12.399911880493164}"
200435,1,3546.0,3546.0,False,1.0,"{""inversion_rho"":null,""inversion_channel"":23.5,""period_ms"":12.399911880493164}"
200435,1,3558.3999,3558.3999,False,0.375,"{""inversion_rho"":null,""inversion_channel"":6.5,""period_ms"":12.399911880493164}"
200435,1,3563.7,3563.7,False,0.375,"{""inversion_rho"":null,""inversion_channel"":4.5,""period_ms"":12.399911880493164}"
200435,1,3573.8001,3573.8001,False,0.5,"{""inversion_rho"":null,""inversion_channel"":5.0,""period_ms"":12.399911880493164}"
200435,1,3596.2999,3596.2999,False,0.5,"{""inversion_rho"":null,""inversion_channel"":10.0,""period_ms"":12.399911880493164}"
200435,1,3603.4,3603.4,False,0.375,"{""inversion_rho"":null,""inversion_channel"":2.5,""period_ms"":101.79996490478516}"
200435,1,3664.7999,3664.7999,False,0.375,"{""inversion_rho"":null,""inversion_channel"":4.5,""period_ms"":101.79996490478516}"
200435,1,3806.9999,3806.9999,False,1.0,"{""inversion_rho"":null,""inversion_channel"":3.5,""period_ms"":101.79996490478516}"
200435,1,3827.5001,3827.5001,False,0.25,"{""inversion_rho"":null,""inversion_channel"":4.0,""period_ms"":null}"
200435,1,3910.8,3910.8,False,1.0,"{""inversion_rho"":null,""inversion_channel"":40.5,""period_ms"":null}"
200435,1,3929.8999,3929.8999,False,0.25,"{""inversion_rho"":null,""inversion_channel"":27.5,""period_ms"":29.900074005126953}"
200435,1,3995.1,3995.1,False,0.5,"{""inversion_rho"":null,""inversion_channel"":2.5,""period_ms"":29.900074005126953}"
200435,1,4025.0001,4025.0001,False,0.25,"{""inversion_rho"":null,""inversion_channel"":2.5,""period_ms"":29.900074005126953}"
200435,1,4051.3,4051.3,False,0.25,"{""inversion_rho"":null,""inversion_channel"":2.5,""period_ms"":29.900074005126953}"
200435,1,4056.3002,4056.3002,False,0.875,"{""inversion_rho"":null,""inversion_channel"":7.5,""period_ms"":null}"
200435,1,4252.1,4252.1,False,1.0,"{""inversion_rho"":null,""inversion_channel"":1.5,""period_ms"":null}"
200435,1,4321.8999,4321.8999,False,0.25,"{""inversion_rho"":null,""inversion_channel"":3.5,""period_ms"":28.749942779541016}"
200435,1,4343.5998,4343.5998,False,0.375,"{""inversion_rho"":null,""inversion_channel"":6.0,""period_ms"":28.749942779541016}"
200435,1,4379.3998,4379.3998,False,0.25,"{""inversion_rho"":null,""inversion_channel"":4.0,""period_ms"":28.749942779541016}"
200435,1,4606.6999,4606.6999,False,1.0,"{""inversion_rho"":null,""inversion_channel"":37.0,""period_ms"":58.3500862121582}"
200435,1,4664.8002,4664.8002,False,0.5,"{""inversion_rho"":null,""inversion_channel"":6.5,""period_ms"":58.3500862121582}"
200435,1,4748.7001,4748.7001,False,0.5,"{""inversion_rho"":null,""inversion_channel"":3.5,""period_ms"":58.3500862121582}"
200435,1,4807.3001,4807.3001,False,0.25,"{""inversion_rho"":null,""inversion_channel"":8.0,""period_ms"":58.3500862121582}"
200435,1,4857.9998,4857.9998,False,0.5,"{""inversion_rho"":null,""inversion_channel"":11.5,""period_ms"":58.3500862121582}"
200435,1,4873.7001,4873.7001,False,0.25,"{""inversion_rho"":null,""inversion_channel"":39.5,""period_ms"":null}"
200435,1,5031.7998,5031.7998,False,0.25,"{""inversion_rho"":null,""inversion_channel"":3.5,""period_ms"":null}"
200435,1,5041.9002,5041.9002,False,1.0,"{""inversion_rho"":null,""inversion_channel"":2.5,""period_ms"":null}"
200435,1,5132.2999,5132.2999,False,0.25,"{""inversion_rho"":null,""inversion_channel"":3.0,""period_ms"":null}"
200435,1,5156.3001,5156.3001,False,0.375,"{""inversion_rho"":null,""inversion_channel"":4.0,""period_ms"":85.55006980895996}"
200435,1,5208.3998,5208.3998,False,0.5,"{""inversion_rho"":null,""inversion_channel"":5.5,""period_ms"":85.55006980895996}"
200435,1,5327.4002,5327.4002,False,0.75,"{""inversion_rho"":null,""inversion_channel"":2.5,""period_ms"":85.55006980895996}"
200435,1,62.1,85.4,True,1.0,"{""inversion_rho"":null,""inversion_channel"":3.5,""period_ms"":11.649999767541885}"
200435,1,1702.5,2101.8,True,1.0,"{""inversion_rho"":null,""inversion_channel"":6.5,""period_ms"":47.60003089904785}"
200435,1,2257.7,2320.6,True,1.0,"{""inversion_rho"":null,""inversion_channel"":9.25,""period_ms"":17.600059509277344}"
200435,1,2428.6001,2450.7999,True,1.0,"{""inversion_rho"":null,""inversion_channel"":11.5,""period_ms"":11.099934577941895}"
200435,1,2512.9001,2559.7,True,1.0,"{""inversion_rho"":null,""inversion_channel"":2.5,""period_ms"":23.399949073791504}"
200435,1,2783.7,3119.2,True,1.0,"{""inversion_rho"":null,""inversion_channel"":7.5,""period_ms"":167.75000095367432}"
200435,1,3166.3001,3299.0,True,1.0,"{""inversion_rho"":null,""inversion_channel"":5.5,""period_ms"":54.69989776611328}"
200435,1,3317.1999,3491.9,True,1.0,"{""inversion_rho"":null,""inversion_channel"":18.0,""period_ms"":33.20002555847168}"
200435,1,3497.7,3525.3999,True,1.0,"{""inversion_rho"":null,""inversion_channel"":6.5,""period_ms"":13.849973678588867}"
200435,1,3530.7,3596.2999,True,1.0,"{""inversion_rho"":null,""inversion_channel"":7.75,""period_ms"":12.399911880493164}"
200435,1,3603.4,3806.9999,True,1.0,"{""inversion_rho"":null,""inversion_channel"":3.5,""period_ms"":101.79996490478516}"
200435,1,3929.8999,4051.3,True,1.0,"{""inversion_rho"":null,""inversion_channel"":2.5,""period_ms"":29.900074005126953}"
200435,1,4321.8999,4379.3998,True,1.0,"{""inversion_rho"":null,""inversion_channel"":4.0,""period_ms"":28.749942779541016}"
200435,1,4606.6999,4857.9998,True,1.0,"{""inversion_rho"":null,""inversion_channel"":8.0,""period_ms"":58.3500862121582}"
200435,1,5156.3001,5327.4002,True,1.0,"{""inversion_rho"":null,""inversion_channel"":4.0,""period_ms"":85.55006980895996}"
200551,1,68.3,68.3,False,0.25,"{""inversion_rho"":null,""inversion_channel"":3.5,""period_ms"":null}"
200551,1,5876.9002,5876.9002,False,1.0,"{""inversion_rho"":null,""inversion_channel"":18.5,""period_ms"":26.10015869140625}"
200551,1,5915.4,5915.4,False,1.0,"{""inversion_rho"":null,""inversion_channel"":17.5,""period_ms"":26.10015869140625}"
200551,1,5951.6001,5951.6001,False,1.0,"{""inversion_rho"":null,""inversion_channel"":17.5,""period_ms"":26.10015869140625}"
200551,1,5988.5001,5988.5001,False,1.0,"{""inversion_rho"":null,""inversion_channel"":16.5,""period_ms"":26.10015869140625}"
200551,1,6022.5,6022.5,False,1.0,"{""inversion_rho"":null,""inversion_channel"":17.5,""period_ms"":26.10015869140625}"
200551,1,6048.6002,6048.6002,False,1.0,"{""inversion_rho"":null,""inversion_channel"":16.5,""period_ms"":26.10015869140625}"
200551,1,6071.1999,6071.1999,False,1.0,"{""inversion_rho"":null,""inversion_channel"":15.5,""period_ms"":26.10015869140625}"
200551,1,6092.1001,6092.1001,False,1.0,"{""inversion_rho"":null,""inversion_channel"":15.5,""period_ms"":26.10015869140625}"
200551,1,6112.9999,6112.9999,False,1.0,"{""inversion_rho"":null,""inversion_channel"":14.5,""period_ms"":26.10015869140625}"
200551,1,6134.1,6134.1,False,1.0,"{""inversion_rho"":null,""inversion_channel"":13.5,""period_ms"":26.10015869140625}"
200551,1,5876.9002,6134.1,True,1.0,"{""inversion_rho"":null,""inversion_channel"":16.5,""period_ms"":26.10015869140625}"
200563,1,53.0,53.0,False,0.25,"{""inversion_rho"":null,""inversion_channel"":8.5,""period_ms"":11.699996888637543}"
200563,1,61.0,61.0,False,1.0,"{""inversion_rho"":null,""inversion_channel"":7.5,""period_ms"":11.699996888637543}"
200563,1,74.8,74.8,False,1.0,"{""inversion_rho"":null,""inversion_channel"":7.5,""period_ms"":11.699996888637543}"
200563,1,86.5,86.5,False,1.0,"{""inversion_rho"":null,""inversion_channel"":6.5,""period_ms"":11.699996888637543}"
200563,1,322.9,322.9,False,1.0,"{""inversion_rho"":null,""inversion_channel"":6.5,""period_ms"":8.799999952316284}"
200563,1,336.3,336.3,False,0.875,"{""inversion_rho"":null,""inversion_channel"":14.0,""period_ms"":8.799999952316284}"
200563,1,345.1,345.1,False,1.0,"{""inversion_rho"":null,""inversion_channel"":6.5,""period_ms"":8.799999952316284}"
200563,1,351.2,351.2,False,0.5,"{""inversion_rho"":null,""inversion_channel"":8.5,""period_ms"":8.799999952316284}"
200563,1,357.6,357.6,False,1.0,"{""inversion_rho"":null,""inversion_channel"":7.5,""period_ms"":8.799999952316284}"
200563,1,372.0,372.0,False,1.0,"{""inversion_rho"":null,""inversion_channel"":6.5,""period_ms"":8.799999952316284}"
200563,1,1537.9,1537.9,False,1.0,"{""inversion_rho"":null,""inversion_channel"":1.5,""period_ms"":19.350051879882812}"
200563,1,1557.4,1557.4,False,1.0,"{""inversion_rho"":null,""inversion_channel"":1.5,""period_ms"":19.350051879882812}"
200563,1,1593.5,1593.5,False,1.0,"{""inversion_rho"":null,""inversion_channel"":2.5,""period_ms"":19.350051879882812}"
200563,1,1625.5,1625.5,False,0.625,"{""inversion_rho"":null,""inversion_channel"":16.5,""period_ms"":19.350051879882812}"
200563,1,1644.7001,1644.7001,False,1.0,"{""inversion_rho"":null,""inversion_channel"":4.5,""period_ms"":19.350051879882812}"
200563,1,1669.7,1669.7,False,0.75,"{""inversion_rho"":null,""inversion_channel"":4.5,""period_ms"":19.350051879882812}"
200563,1,1681.7,1681.7,False,1.0,"{""inversion_rho"":null,""inversion_channel"":27.5,""period_ms"":19.350051879882812}"
200563,1,1692.1,1692.1,False,0.75,"{""inversion_rho"":null,""inversion_channel"":41.5,""period_ms"":19.350051879882812}"
200563,1,1698.8,1698.8,False,1.0,"{""inversion_rho"":null,""inversion_channel"":4.5,""period_ms"":19.350051879882812}"
200563,1,1716.9,1716.9,False,1.0,"{""inversion_rho"":null,""inversion_channel"":3.5,""period_ms"":22.19998836517334}"
200563,1,1750.8,1750.8,False,0.5,"{""inversion_rho"":null,""inversion_channel"":43.0,""period_ms"":22.19998836517334}"
200563,1,1774.5,1774.5,False,1.0,"{""inversion_rho"":null,""inversion_channel"":4.0,""period_ms"":22.19998836517334}"
200563,1,1791.4,1791.4,False,1.0,"{""inversion_rho"":null,""inversion_channel"":20.5,""period_ms"":22.19998836517334}"
200563,1,1811.6,1811.6,False,1.0,"{""inversion_rho"":null,""inversion_channel"":3.5,""period_ms"":22.19998836517334}"
200563,1,1843.5,1843.5,False,1.0,"{""inversion_rho"":null,""inversion_channel"":4.5,""period_ms"":22.19998836517334}"
200563,1,1859.2,1859.2,False,1.0,"{""inversion_rho"":null,""inversion_channel"":5.5,""period_ms"":22.19998836517334}"
200563,1,1876.5,1876.5,False,1.0,"{""inversion_rho"":null,""inversion_channel"":6.5,""period_ms"":22.19998836517334}"
200563,1,1897.2,1897.2,False,1.0,"{""inversion_rho"":null,""inversion_channel"":3.5,""period_ms"":22.19998836517334}"
200563,1,1931.6,1931.6,False,1.0,"{""inversion_rho"":null,""inversion_channel"":4.0,""period_ms"":22.19998836517334}"
200563,1,1974.9,1974.9,False,1.0,"{""inversion_rho"":null,""inversion_channel"":3.5,""period_ms"":22.19998836517334}"
200563,1,1990.8,1990.8,False,0.375,"{""inversion_rho"":null,""inversion_channel"":2.5,""period_ms"":35.29995679855347}"
200563,1,2026.4001,2026.4001,False,1.0,"{""inversion_rho"":null,""inversion_channel"":43.5,""period_ms"":35.29995679855347}"
200563,1,2061.3999,2061.3999,False,0.625,"{""inversion_rho"":null,""inversion_channel"":4.5,""period_ms"":35.29995679855347}"
200563,1,2066.8001,2066.8001,False,1.0,"{""inversion_rho"":null,""inversion_channel"":42.5,""period_ms"":null}"
200563,1,2124.7001,2124.7001,False,1.0,"{""inversion_rho"":null,""inversion_channel"":4.5,""period_ms"":null}"
200563,1,2134.9001,2134.9001,False,0.625,"{""inversion_rho"":null,""inversion_channel"":44.5,""period_ms"":20.849943161010742}"
200563,1,2151.2001,2151.2001,False,0.25,"{""inversion_rho"":null,""inversion_channel"":42.0,""period_ms"":20.849943161010742}"
200563,1,2176.6,2176.6,False,1.0,"{""inversion_rho"":null,""inversion_channel"":4.5,""period_ms"":20.849943161010742}"
200563,1,2254.6,2254.6,False,1.0,"{""inversion_rho"":null,""inversion_channel"":44.0,""period_ms"":null}"
200563,1,2272.7001,2272.7001,False,1.0,"{""inversion_rho"":null,""inversion_channel"":3.5,""period_ms"":null}"
200563,1,2334.8,2334.8,False,1.0,"{""inversion_rho"":null,""inversion_channel"":1.5,""period_ms"":14.899969100952148}"
200563,1,2349.4,2349.4,False,1.0,"{""inversion_rho"":null,""inversion_channel"":4.0,""period_ms"":14.899969100952148}"
200563,1,2364.5999,2364.5999,False,0.875,"{""inversion_rho"":null,""inversion_channel"":42.5,""period_ms"":14.899969100952148}"
200563,1,2480.9,2480.9,False,1.0,"{""inversion_rho"":null,""inversion_channel"":4.5,""period_ms"":26.799917221069336}"
200563,1,2516.4001,2516.4001,False,0.875,"{""inversion_rho"":null,""inversion_channel"":42.5,""period_ms"":26.799917221069336}"
200563,1,2534.4999,2534.4999,False,1.0,"{""inversion_rho"":null,""inversion_channel"":3.5,""period_ms"":26.799917221069336}"
200563,1,2581.3999,2581.3999,False,0.625,"{""inversion_rho"":null,""inversion_channel"":4.5,""period_ms"":null}"
200563,1,2658.5,2658.5,False,1.0,"{""inversion_rho"":null,""inversion_channel"":3.5,""period_ms"":null}"
200563,1,2674.7999,2674.7999,False,0.875,"{""inversion_rho"":null,""inversion_channel"":9.0,""period_ms"":12.899994850158691}"
200563,1,2689.4,2689.4,False,1.0,"{""inversion_rho"":null,""inversion_channel"":5.5,""period_ms"":12.899994850158691}"
200563,1,2700.5999,2700.5999,False,1.0,"{""inversion_rho"":null,""inversion_channel"":7.0,""period_ms"":12.899994850158691}"
200563,1,2739.9001,2739.9001,False,1.0,"{""inversion_rho"":null,""inversion_channel"":4.5,""period_ms"":30.900001525878906}"
200563,1,2781.6999,2781.6999,False,0.5,"{""inversion_rho"":null,""inversion_channel"":41.5,""period_ms"":30.900001525878906}"
200563,1,2801.7001,2801.7001,False,1.0,"{""inversion_rho"":null,""inversion_channel"":4.5,""period_ms"":30.900001525878906}"
200563,1,2807.2,2807.2,False,1.0,"{""inversion_rho"":null,""inversion_channel"":4.5,""period_ms"":null}"
200563,1,2848.5,2848.5,False,0.875,"{""inversion_rho"":null,""inversion_channel"":4.5,""period_ms"":null}"
200563,1,2861.5999,2861.5999,False,1.0,"{""inversion_rho"":null,""inversion_channel"":4.5,""period_ms"":19.500017166137695}"
200563,1,2871.0001,2871.0001,False,1.0,"{""inversion_rho"":null,""inversion_channel"":5.5,""period_ms"":19.500017166137695}"
200563,1,2880.8,2880.8,False,1.0,"{""inversion_rho"":null,""inversion_channel"":7.5,""period_ms"":19.500017166137695}"
200563,1,2901.4001,2901.4001,False,1.0,"{""inversion_rho"":null,""inversion_channel"":5.5,""period_ms"":19.500017166137695}"
200563,1,2940.3,2940.3,False,1.0,"{""inversion_rho"":null,""inversion_channel"":14.0,""period_ms"":19.500017166137695}"
200563,1,2959.8,2959.8,False,1.0,"{""inversion_rho"":null,""inversion_channel"":7.5,""period_ms"":19.500017166137695}"
200563,1,2966.3,2966.3,False,1.0,"{""inversion_rho"":null,""inversion_channel"":2.5,""period_ms"":9.30023193359375}"
200563,1,2978.1001,2978.1001,False,1.0,"{""inversion_rho"":null,""inversion_channel"":5.5,""period_ms"":9.30023193359375}"
200563,1,2987.0999,2987.0999,False,0.875,"{""inversion_rho"":null,""inversion_channel"":7.5,""period_ms"":9.30023193359375}"
200563,1,2996.4001,2996.4001,False,0.5,"{""inversion_rho"":null,""inversion_channel"":8.0,""period_ms"":9.30023193359375}"
200563,1,3009.3999,3009.3999,False,0.75,"{""inversion_rho"":null,""inversion_channel"":4.5,""period_ms"":9.30023193359375}"
200563,1,3015.3999,3015.3999,False,1.0,"{""inversion_rho"":null,""inversion_channel"":6.5,""period_ms"":9.30023193359375}"
200563,1,3038.1999,3038.1999,False,0.625,"{""inversion_rho"":null,""inversion_channel"":11.0,""period_ms"":null}"
200563,1,3054.3001,3054.3001,False,0.25,"{""inversion_rho"":null,""inversion_channel"":44.5,""period_ms"":null}"
200563,1,3107.3,3107.3,False,0.25,"{""inversion_rho"":null,""inversion_channel"":3.5,""period_ms"":8.100032806396484}"
200563,1,3124.5999,3124.5999,False,0.75,"{""inversion_rho"":null,""inversion_channel"":41.5,""period_ms"":8.100032806396484}"
200563,1,3138.7,3138.7,False,0.75,"{""inversion_rho"":null,""inversion_channel"":40.0,""period_ms"":8.100032806396484}"
200563,1,3146.3001,3146.3001,False,0.5,"{""inversion_rho"":null,""inversion_channel"":43.5,""period_ms"":8.100032806396484}"
200563,1,3155.2,3155.2,False,0.75,"{""inversion_rho"":null,""inversion_channel"":7.5,""period_ms"":8.100032806396484}"
200563,1,3162.6,3162.6,False,1.0,"{""inversion_rho"":null,""inversion_channel"":12.0,""period_ms"":8.100032806396484}"
200563,1,3170.7001,3170.7001,False,1.0,"{""inversion_rho"":null,""inversion_channel"":42.5,""period_ms"":8.100032806396484}"
200563,1,3177.0999,3177.0999,False,1.0,"{""inversion_rho"":null,""inversion_channel"":4.5,""period_ms"":8.100032806396484}"
200563,1,3223.5,3223.5,False,1.0,"{""inversion_rho"":null,""inversion_channel"":5.5,""period_ms"":29.54995632171631}"
200563,1,3264.6,3264.6,False,0.875,"{""inversion_rho"":null,""inversion_channel"":41.5,""period_ms"":29.54995632171631}"
200563,1,3282.5999,3282.5999,False,1.0,"{""inversion_rho"":null,""inversion_channel"":41.5,""period_ms"":29.54995632171631}"
200563,1,3287.8001,3287.8001,False,0.75,"{""inversion_rho"":null,""inversion_channel"":3.5,""period_ms"":9.750008583068848}"
200563,1,3297.9,3297.9,False,0.5,"{""inversion_rho"":null,""inversion_channel"":5.5,""period_ms"":9.750008583068848}"
200563,1,3307.3001,3307.3001,False,1.0,"{""inversion_rho"":null,""inversion_channel"":5.0,""period_ms"":9.750008583068848}"
200563,1,3352.5,3352.5,False,1.0,"{""inversion_rho"":null,""inversion_channel"":4.5,""period_ms"":11.549949645996094}"
200563,1,3359.8001,3359.8001,False,0.75,"{""inversion_rho"":null,""inversion_channel"":41.5,""period_ms"":11.549949645996094}"
200563,1,3368.9001,3368.9001,False,1.0,"{""inversion_rho"":null,""inversion_channel"":4.5,""period_ms"":11.549949645996094}"
200563,1,3379.6999,3379.6999,False,1.0,"{""inversion_rho"":null,""inversion_channel"":5.0,""period_ms"":11.549949645996094}"
200563,1,3401.7999,3401.7999,False,0.375,"{""inversion_rho"":null,""inversion_channel"":4.0,""period_ms"":11.549949645996094}"
200563,1,3421.9,3421.9,False,1.0,"{""inversion_rho"":null,""inversion_channel"":5.0,""period_ms"":11.549949645996094}"
200563,1,3430.5999,3430.5999,False,0.375,"{""inversion_rho"":null,""inversion_channel"":3.5,""period_ms"":11.549949645996094}"
200563,1,3442.8999,3442.8999,False,0.25,"{""inversion_rho"":null,""inversion_channel"":6.5,""period_ms"":11.549949645996094}"
200563,1,3458.4,3458.4,False,0.5,"{""inversion_rho"":null,""inversion_channel"":41.5,""period_ms"":11.549949645996094}"
200563,1,3503.3,3503.3,False,0.25,"{""inversion_rho"":null,""inversion_channel"":41.5,""period_ms"":null}"
200563,1,3510.7999,3510.7999,False,0.625,"{""inversion_rho"":null,""inversion_channel"":3.5,""period_ms"":null}"
200563,1,3541.4,3541.4,False,1.0,"{""inversion_rho"":null,""inversion_channel"":42.5,""period_ms"":null}"
200563,1,3614.2001,3614.2001,False,1.0,"{""inversion_rho"":null,""inversion_channel"":4.0,""period_ms"":null}"
200563,1,3638.0,3638.0,False,1.0,"{""inversion_rho"":null,""inversion_channel"":5.0,""period_ms"":null}"
200563,1,3678.6001,3678.6001,False,0.25,"{""inversion_rho"":null,""inversion_channel"":45.0,""period_ms"":null}"
200563,1,3792.0001,3792.0001,False,1.0,"{""inversion_rho"":null,""inversion_channel"":8.5,""period_ms"":6.599903106689453}"
200563,1,3799.3,3799.3,False,1.0,"{""inversion_rho"":null,""inversion_channel"":5.5,""period_ms"":6.599903106689453}"
200563,1,3804.8,3804.8,False,1.0,"{""inversion_rho"":null,""inversion_channel"":9.0,""period_ms"":6.599903106689453}"
200563,1,3811.3999,3811.3999,False,1.0,"{""inversion_rho"":null,""inversion_channel"":40.5,""period_ms"":6.599903106689453}"
200563,1,3841.5999,3841.5999,False,0.75,"{""inversion_rho"":null,""inversion_channel"":41.5,""period_ms"":null}"
200563,1,4309.1998,4309.1998,False,1.0,"{""inversion_rho"":null,""inversion_channel"":4.5,""period_ms"":17.850160598754883}"
200563,1,4328.4001,4328.4001,False,0.375,"{""inversion_rho"":null,""inversion_channel"":2.5,""period_ms"":17.850160598754883}"
200563,1,4344.9001,4344.9001,False,1.0,"{""inversion_rho"":null,""inversion_channel"":6.0,""period_ms"":17.850160598754883}"
200563,1,4476.6998,4476.6998,False,1.0,"{""inversion_rho"":null,""inversion_channel"":3.0,""period_ms"":null}"
200563,1,4486.1002,4486.1002,False,1.0,"{""inversion_rho"":null,""inversion_channel"":41.5,""period_ms"":null}"
200563,1,4571.1002,4571.1002,False,0.375,"{""inversion_rho"":null,""inversion_channel"":11.0,""period_ms"":null}"
200563,1,4576.7002,4576.7002,False,0.25,"{""inversion_rho"":null,""inversion_channel"":41.5,""period_ms"":null}"
200563,1,4595.2001,4595.2001,False,0.25,"{""inversion_rho"":null,""inversion_channel"":45.0,""period_ms"":10.55002212524414}"
200563,1,4606.9999,4606.9999,False,1.0,"{""inversion_rho"":null,""inversion_channel"":8.5,""period_ms"":10.55002212524414}"
200563,1,4616.3001,4616.3001,False,0.25,"{""inversion_rho"":null,""inversion_channel"":43.5,""period_ms"":10.55002212524414}"
200563,1,4628.0999,4628.0999,False,0.25,"{""inversion_rho"":null,""inversion_channel"":4.5,""period_ms"":10.55002212524414}"
200563,1,4634.2001,4634.2001,False,0.625,"{""inversion_rho"":null,""inversion_channel"":9.5,""period_ms"":10.55002212524414}"
200563,1,4653.1,4653.1,False,0.375,"{""inversion_rho"":null,""inversion_channel"":13.5,""period_ms"":null}"
200563,1,4658.5999,4658.5999,False,0.375,"{""inversion_rho"":null,""inversion_channel"":43.0,""period_ms"":null}"
200563,1,4676.4002,4676.4002,False,0.375,"{""inversion_rho"":null,""inversion_channel"":3.5,""period_ms"":8.500099182128906}"
200563,1,4693.5,4693.5,False,0.25,"{""inversion_rho"":null,""inversion_channel"":41.5,""period_ms"":8.500099182128906}"
200563,1,4702.0001,4702.0001,False,1.0,"{""inversion_rho"":null,""inversion_channel"":4.0,""period_ms"":8.500099182128906}"
200563,1,4709.0998,4709.0998,False,0.625,"{""inversion_rho"":null,""inversion_channel"":3.5,""period_ms"":8.500099182128906}"
200563,1,4716.7001,4716.7001,False,0.375,"{""inversion_rho"":null,""inversion_channel"":3.5,""period_ms"":8.500099182128906}"
200563,1,4725.1,4725.1,False,1.0,"{""inversion_rho"":null,""inversion_channel"":5.5,""period_ms"":8.500099182128906}"
200563,1,4746.0999,4746.0999,False,0.625,"{""inversion_rho"":null,""inversion_channel"":6.0,""period_ms"":8.500099182128906}"
200563,1,4759.6002,4759.6002,False,0.25,"{""inversion_rho"":null,""inversion_channel"":3.5,""period_ms"":8.500099182128906}"
200563,1,4804.6999,4804.6999,False,1.0,"{""inversion_rho"":null,""inversion_channel"":42.0,""period_ms"":9.799957275390625}"
200563,1,4813.7002,4813.7002,False,0.875,"{""inversion_rho"":null,""inversion_channel"":4.5,""period_ms"":9.799957275390625}"
200563,1,4824.1,4824.1,False,1.0,"{""inversion_rho"":null,""inversion_channel"":44.5,""period_ms"":9.799957275390625}"
200563,1,4833.9,4833.9,False,0.625,"{""inversion_rho"":null,""inversion_channel"":6.0,""period_ms"":9.799957275390625}"
200563,1,4861.1002,4861.1002,False,0.5,"{""inversion_rho"":null,""inversion_channel"":5.0,""period_ms"":9.949922561645508}"
200563,1,4873.7998,4873.7998,False,0.875,"{""inversion_rho"":null,""inversion_channel"":10.5,""period_ms"":9.949922561645508}"
200563,1,4881.0,4881.0,False,0.875,"{""inversion_rho"":null,""inversion_channel"":7.5,""period_ms"":9.949922561645508}"
200563,1,4903.2001,4903.2001,False,1.0,"{""inversion_rho"":null,""inversion_channel"":4.5,""period_ms"":9.000062942504883}"
200563,1,4912.6,4912.6,False,0.875,"{""inversion_rho"":null,""inversion_channel"":44.0,""period_ms"":9.000062942504883}"
200563,1,4924.0999,4924.0999,False,0.375,"{""inversion_rho"":null,""inversion_channel"":43.5,""period_ms"":9.000062942504883}"
200563,1,4933.1002,4933.1002,False,1.0,"{""inversion_rho"":null,""inversion_channel"":41.5,""period_ms"":9.000062942504883}"
200563,1,4942.1,4942.1,False,0.625,"{""inversion_rho"":null,""inversion_channel"":43.5,""period_ms"":9.000062942504883}"
200563,1,4947.8998,4947.8998,False,0.25,"{""inversion_rho"":null,""inversion_channel"":5.0,""period_ms"":9.000062942504883}"
200563,1,4956.2998,4956.2998,False,1.0,"{""inversion_rho"":null,""inversion_channel"":43.5,""period_ms"":9.000062942504883}"
200563,1,5004.2,5004.2,False,0.25,"{""inversion_rho"":null,""inversion_channel"":2.5,""period_ms"":23.69999885559082}"
200563,1,5025.0001,5025.0001,False,0.875,"{""inversion_rho"":null,""inversion_channel"":5.0,""period_ms"":23.69999885559082}"
200563,1,5050.3998,5050.3998,False,0.75,"{""inversion_rho"":null,""inversion_channel"":44.5,""period_ms"":23.69999885559082}"
200563,1,5072.4001,5072.4001,False,1.0,"{""inversion_rho"":null,""inversion_channel"":42.0,""period_ms"":23.69999885559082}"
200563,1,5109.7999,5109.7999,False,1.0,"{""inversion_rho"":null,""inversion_channel"":40.0,""period_ms"":23.69999885559082}"
200563,1,5124.1002,5124.1002,False,1.0,"{""inversion_rho"":null,""inversion_channel"":3.5,""period_ms"":null}"
200563,1,5156.7998,5156.7998,False,1.0,"{""inversion_rho"":null,""inversion_channel"":8.5,""period_ms"":null}"
200563,1,5239.9001,5239.9001,False,1.0,"{""inversion_rho"":null,""inversion_channel"":3.0,""period_ms"":null}"
200563,1,5379.0998,5379.0998,False,1.0,"{""inversion_rho"":null,""inversion_channel"":12.5,""period_ms"":null}"
200563,1,5419.6,5419.6,False,1.0,"{""inversion_rho"":null,""inversion_channel"":12.5,""period_ms"":null}"
200563,1,5456.5001,5456.5001,False,1.0,"{""inversion_rho"":null,""inversion_channel"":11.5,""period_ms"":null}"
200563,1,5464.0999,5464.0999,False,0.5,"{""inversion_rho"":null,""inversion_channel"":14.5,""period_ms"":16.35003089904785}"
200563,1,5474.5998,5474.5998,False,0.875,"{""inversion_rho"":null,""inversion_channel"":13.5,""period_ms"":16.35003089904785}"
200563,1,5496.7999,5496.7999,False,0.25,"{""inversion_rho"":null,""inversion_channel"":30.0,""period_ms"":16.35003089904785}"
200563,1,5502.2998,5502.2998,False,0.625,"{""inversion_rho"":null,""inversion_channel"":31.5,""period_ms"":null}"
200563,1,5508.8,5508.8,False,0.625,"{""inversion_rho"":null,""inversion_channel"":43.0,""period_ms"":null}"
200563,1,5527.6999,5527.6999,False,0.25,"{""inversion_rho"":null,""inversion_channel"":32.5,""period_ms"":null}"
200563,1,5716.4998,5716.4998,False,1.0,"{""inversion_rho"":null,""inversion_channel"":22.5,""period_ms"":null}"
200563,1,5760.5,5760.5,False,0.875,"{""inversion_rho"":null,""inversion_channel"":23.0,""period_ms"":59.800148010253906}"
200563,1,5801.7998,5801.7998,False,1.0,"{""inversion_rho"":null,""inversion_channel"":22.5,""period_ms"":59.800148010253906}"
200563,1,5857.5001,5857.5001,False,1.0,"{""inversion_rho"":null,""inversion_channel"":22.5,""period_ms"":59.800148010253906}"
200563,1,5923.2998,5923.2998,False,1.0,"{""inversion_rho"":null,""inversion_channel"":22.5,""period_ms"":59.800148010253906}"
200563,1,5988.4,5988.4,False,1.0,"{""inversion_rho"":null,""inversion_channel"":22.0,""period_ms"":59.800148010253906}"
200563,1,6048.2001,6048.2001,False,0.375,"{""inversion_rho"":null,""inversion_channel"":22.5,""period_ms"":59.800148010253906}"
200563,1,53.0,86.5,True,1.0,"{""inversion_rho"":null,""inversion_channel"":7.5,""period_ms"":11.699996888637543}"
200563,1,322.9,372.0,True,1.0,"{""inversion_rho"":null,""inversion_channel"":7.0,""period_ms"":8.799999952316284}"
200563,1,1537.9,1698.8,True,1.0,"{""inversion_rho"":null,""inversion_channel"":4.5,""period_ms"":19.350051879882812}"
200563,1,1716.9,1974.9,True,1.0,"{""inversion_rho"":null,""inversion_channel"":4.0,""period_ms"":22.19998836517334}"
200563,1,1990.8,2061.3999,True,1.0,"{""inversion_rho"":null,""inversion_channel"":4.5,""period_ms"":35.29995679855347}"
200563,1,2134.9001,2176.6,True,1.0,"{""inversion_rho"":null,""inversion_channel"":42.0,""period_ms"":20.849943161010742}"
200563,1,2334.8,2364.5999,True,1.0,"{""inversion_rho"":null,""inversion_channel"":4.0,""period_ms"":14.899969100952148}"
200563,1,2480.9,2534.4999,True,1.0,"{""inversion_rho"":null,""inversion_channel"":4.5,""period_ms"":26.799917221069336}"
200563,1,2674.7999,2700.5999,True,1.0,"{""inversion_rho"":null,""inversion_channel"":7.0,""period_ms"":12.899994850158691}"
200563,1,2739.9001,2801.7001,True,1.0,"{""inversion_rho"":null,""inversion_channel"":4.5,""period_ms"":30.900001525878906}"
200563,1,2861.5999,2959.8,True,1.0,"{""inversion_rho"":null,""inversion_channel"":6.5,""period_ms"":19.500017166137695}"
200563,1,2966.3,3015.3999,True,1.0,"{""inversion_rho"":null,""inversion_channel"":6.0,""period_ms"":9.30023193359375}"
200563,1,3107.3,3177.0999,True,1.0,"{""inversion_rho"":null,""inversion_channel"":26.0,""period_ms"":8.100032806396484}"
200563,1,3223.5,3282.5999,True,1.0,"{""inversion_rho"":null,""inversion_channel"":41.5,""period_ms"":29.54995632171631}"
200563,1,3287.8001,3307.3001,True,1.0,"{""inversion_rho"":null,""inversion_channel"":5.0,""period_ms"":9.750008583068848}"
200563,1,3352.5,3458.4,True,1.0,"{""inversion_rho"":null,""inversion_channel"":5.0,""period_ms"":11.549949645996094}"
200563,1,3792.0001,3811.3999,True,1.0,"{""inversion_rho"":null,""inversion_channel"":8.75,""period_ms"":6.599903106689453}"
200563,1,4309.1998,4344.9001,True,1.0,"{""inversion_rho"":null,""inversion_channel"":4.5,""period_ms"":17.850160598754883}"
200563,1,4595.2001,4634.2001,True,1.0,"{""inversion_rho"":null,""inversion_channel"":9.5,""period_ms"":10.55002212524414}"
200563,1,4676.4002,4759.6002,True,1.0,"{""inversion_rho"":null,""inversion_channel"":3.75,""period_ms"":8.500099182128906}"
200563,1,4804.6999,4833.9,True,1.0,"{""inversion_rho"":null,""inversion_channel"":24.0,""period_ms"":9.799957275390625}"
200563,1,4861.1002,4881.0,True,1.0,"{""inversion_rho"":null,""inversion_channel"":7.5,""period_ms"":9.949922561645508}"
200563,1,4903.2001,4956.2998,True,1.0,"{""inversion_rho"":null,""inversion_channel"":43.5,""period_ms"":9.000062942504883}"
200563,1,5004.2,5109.7999,True,1.0,"{""inversion_rho"":null,""inversion_channel"":40.0,""period_ms"":23.69999885559082}"
200563,1,5464.0999,5496.7999,True,1.0,"{""inversion_rho"":null,""inversion_channel"":14.5,""period_ms"":16.35003089904785}"
200563,1,5760.5,6048.2001,True,1.0,"{""inversion_rho"":null,""inversion_channel"":22.5,""period_ms"":59.800148010253906}"
200596,1,60.9,60.9,False,1.0,"{""inversion_rho"":null,""inversion_channel"":3.5,""period_ms"":null}"
200596,1,80.3,80.3,False,1.0,"{""inversion_rho"":null,""inversion_channel"":4.5,""period_ms"":null}"
200596,1,1378.0,1378.0,False,1.0,"{""inversion_rho"":null,""inversion_channel"":17.5,""period_ms"":38.10000419616699}"
200596,1,1403.9,1403.9,False,0.875,"{""inversion_rho"":null,""inversion_channel"":16.5,""period_ms"":38.10000419616699}"
200596,1,1438.3,1438.3,False,0.5,"{""inversion_rho"":null,""inversion_channel"":16.5,""period_ms"":38.10000419616699}"
200596,1,1481.3,1481.3,False,0.375,"{""inversion_rho"":null,""inversion_channel"":16.5,""period_ms"":38.10000419616699}"
200596,1,1517.3,1517.3,False,1.0,"{""inversion_rho"":null,""inversion_channel"":15.5,""period_ms"":38.10000419616699}"
200596,1,1557.5,1557.5,False,1.0,"{""inversion_rho"":null,""inversion_channel"":15.5,""period_ms"":38.10000419616699}"
200596,1,1616.1,1616.1,False,1.0,"{""inversion_rho"":null,""inversion_channel"":13.5,""period_ms"":38.10000419616699}"
200596,1,1638.9,1638.9,False,1.0,"{""inversion_rho"":null,""inversion_channel"":14.5,""period_ms"":null}"
200596,1,1936.9,1936.9,False,1.0,"{""inversion_rho"":null,""inversion_channel"":37.0,""period_ms"":13.750016689300537}"
200596,1,1956.3,1956.3,False,0.75,"{""inversion_rho"":null,""inversion_channel"":29.5,""period_ms"":13.750016689300537}"
200596,1,1964.4001,1964.4001,False,1.0,"{""inversion_rho"":null,""inversion_channel"":26.5,""period_ms"":13.750016689300537}"
200596,1,2003.5999,2003.5999,False,1.0,"{""inversion_rho"":null,""inversion_channel"":23.5,""period_ms"":null}"
200596,1,2023.9999,2023.9999,False,0.25,"{""inversion_rho"":null,""inversion_channel"":24.5,""period_ms"":null}"
200596,1,2030.8001,2030.8001,False,0.5,"{""inversion_rho"":null,""inversion_channel"":23.5,""period_ms"":13.749957084655762}"
200596,1,2038.7001,2038.7001,False,0.875,"{""inversion_rho"":null,""inversion_channel"":24.5,""period_ms"":13.749957084655762}"
200596,1,2048.5001,2048.5001,False,1.0,"{""inversion_rho"":null,""inversion_channel"":24.5,""period_ms"":13.749957084655762}"
200596,1,2059.5,2059.5,False,1.0,"{""inversion_rho"":null,""inversion_channel"":24.5,""period_ms"":13.749957084655762}"
200596,1,2076.0,2076.0,False,1.0,"{""inversion_rho"":null,""inversion_channel"":30.5,""period_ms"":13.749957084655762}"
200596,1,2093.6999,2093.6999,False,1.0,"{""inversion_rho"":null,""inversion_channel"":27.5,""period_ms"":13.749957084655762}"
200596,1,2132.7,2132.7,False,1.0,"{""inversion_rho"":null,""inversion_channel"":35.0,""period_ms"":13.749957084655762}"
200596,1,2140.8999,2140.8999,False,1.0,"{""inversion_rho"":null,""inversion_channel"":29.0,""period_ms"":17.549991607666016}"
200596,1,2195.1001,2195.1001,False,0.25,"{""inversion_rho"":null,""inversion_channel"":14.0,""period_ms"":17.549991607666016}"
200596,1,2218.8001,2218.8001,False,1.0,"{""inversion_rho"":null,""inversion_channel"":30.0,""period_ms"":17.549991607666016}"
200596,1,2233.7,2233.7,False,1.0,"{""inversion_rho"":null,""inversion_channel"":28.5,""period_ms"":17.549991607666016}"
200596,1,2253.9001,2253.9001,False,1.0,"{""inversion_rho"":null,""inversion_channel"":36.0,""period_ms"":17.549991607666016}"
200596,1,2265.8,2265.8,False,0.625,"{""inversion_rho"":null,""inversion_channel"":30.5,""period_ms"":17.549991607666016}"
200596,1,2273.7,2273.7,False,1.0,"{""inversion_rho"":null,""inversion_channel"":29.5,""period_ms"":17.549991607666016}"
200596,1,2299.0999,2299.0999,False,1.0,"{""inversion_rho"":null,""inversion_channel"":29.5,""period_ms"":7.200002670288086}"
200596,1,2306.4001,2306.4001,False,1.0,"{""inversion_rho"":null,""inversion_channel"":36.5,""period_ms"":7.200002670288086}"
200596,1,2313.4999,2313.4999,False,1.0,"{""inversion_rho"":null,""inversion_channel"":31.5,""period_ms"":7.200002670288086}"
200596,1,2358.3,2358.3,False,1.0,"{""inversion_rho"":null,""inversion_channel"":23.0,""period_ms"":null}"
200596,1,2365.9,2365.9,False,1.0,"{""inversion_rho"":null,""inversion_channel"":36.0,""period_ms"":null}"
200596,1,2412.3001,2412.3001,False,1.0,"{""inversion_rho"":null,""inversion_channel"":29.5,""period_ms"":17.400026321411133}"
200596,1,2422.9,2422.9,False,1.0,"{""inversion_rho"":null,""inversion_channel"":34.0,""period_ms"":17.400026321411133}"
200596,1,2440.3,2440.3,False,0.375,"{""inversion_rho"":null,""inversion_channel"":31.5,""period_ms"":17.400026321411133}"
200596,1,2457.5,2457.5,False,1.0,"{""inversion_rho"":null,""inversion_channel"":29.5,""period_ms"":17.400026321411133}"
200596,1,2483.0999,2483.0999,False,1.0,"{""inversion_rho"":null,""inversion_channel"":34.5,""period_ms"":17.400026321411133}"
200596,1,2516.2001,2516.2001,False,1.0,"{""inversion_rho"":null,""inversion_channel"":31.5,""period_ms"":17.400026321411133}"
200596,1,2543.7,2543.7,False,1.0,"{""inversion_rho"":null,""inversion_channel"":34.0,""period_ms"":17.400026321411133}"
200596,1,2554.8999,2554.8999,False,1.0,"{""inversion_rho"":null,""inversion_channel"":32.5,""period_ms"":17.400026321411133}"
200596,1,2594.8,2594.8,False,0.375,"{""inversion_rho"":null,""inversion_channel"":34.0,""period_ms"":null}"
200596,1,2635.6001,2635.6001,False,0.75,"{""inversion_rho"":null,""inversion_channel"":29.5,""period_ms"":null}"
200596,1,2645.2,2645.2,False,0.5,"{""inversion_rho"":null,""inversion_channel"":36.0,""period_ms"":15.10000228881836}"
200596,1,2674.7999,2674.7999,False,0.375,"{""inversion_rho"":null,""inversion_channel"":31.5,""period_ms"":15.10000228881836}"
200596,1,2689.8999,2689.8999,False,1.0,"{""inversion_rho"":null,""inversion_channel"":31.5,""period_ms"":15.10000228881836}"
200596,1,2702.1,2702.1,False,0.875,"{""inversion_rho"":null,""inversion_channel"":35.0,""period_ms"":15.10000228881836}"
200596,1,2736.5999,2736.5999,False,1.0,"{""inversion_rho"":null,""inversion_channel"":33.0,""period_ms"":19.050002098083496}"
200596,1,2758.4,2758.4,False,1.0,"{""inversion_rho"":null,""inversion_channel"":34.0,""period_ms"":19.050002098083496}"
200596,1,2774.6999,2774.6999,False,1.0,"{""inversion_rho"":null,""inversion_channel"":33.5,""period_ms"":19.050002098083496}"
200596,1,2818.9001,2818.9001,False,0.625,"{""inversion_rho"":null,""inversion_channel"":12.5,""period_ms"":27.450084686279297}"
200596,1,2870.5001,2870.5001,False,0.25,"{""inversion_rho"":null,""inversion_channel"":34.0,""period_ms"":27.450084686279297}"
200596,1,2921.2,2921.2,False,0.375,"{""inversion_rho"":null,""inversion_channel"":33.5,""period_ms"":27.450084686279297}"
200596,1,2951.1001,2951.1001,False,0.25,"{""inversion_rho"":null,""inversion_channel"":27.5,""period_ms"":27.450084686279297}"
200596,1,2975.6999,2975.6999,False,0.375,"{""inversion_rho"":null,""inversion_channel"":33.5,""period_ms"":27.450084686279297}"
200596,1,3000.7,3000.7,False,1.0,"{""inversion_rho"":null,""inversion_channel"":34.0,""period_ms"":27.450084686279297}"
200596,1,3012.1,3012.1,False,0.25,"{""inversion_rho"":null,""inversion_channel"":19.0,""period_ms"":27.450084686279297}"
200596,1,3057.2,3057.2,False,0.25,"{""inversion_rho"":null,""inversion_channel"":29.0,""period_ms"":null}"
200596,1,3062.2001,3062.2001,False,0.5,"{""inversion_rho"":null,""inversion_channel"":34.5,""period_ms"":null}"
200596,1,3094.1,3094.1,False,1.0,"{""inversion_rho"":null,""inversion_channel"":33.5,""period_ms"":null}"
200596,1,3119.1001,3119.1001,False,0.375,"{""inversion_rho"":null,""inversion_channel"":34.0,""period_ms"":null}"
200596,1,3125.6001,3125.6001,False,0.625,"{""inversion_rho"":null,""inversion_channel"":32.0,""period_ms"":null}"
200596,1,3135.2999,3135.2999,False,0.25,"{""inversion_rho"":null,""inversion_channel"":38.0,""period_ms"":null}"
200596,1,3176.1,3176.1,False,0.375,"{""inversion_rho"":null,""inversion_channel"":33.5,""period_ms"":18.599987030029297}"
200596,1,3207.5,3207.5,False,0.25,"{""inversion_rho"":null,""inversion_channel"":18.5,""period_ms"":18.599987030029297}"
200596,1,3226.1,3226.1,False,0.875,"{""inversion_rho"":null,""inversion_channel"":35.5,""period_ms"":18.599987030029297}"
200596,1,3236.3,3236.3,False,0.25,"{""inversion_rho"":null,""inversion_channel"":33.5,""period_ms"":18.599987030029297}"
200596,1,3295.5999,3295.5999,False,0.25,"{""inversion_rho"":null,""inversion_channel"":34.0,""period_ms"":39.70003128051758}"
200596,1,3331.8999,3331.8999,False,0.625,"{""inversion_rho"":null,""inversion_channel"":35.5,""period_ms"":39.70003128051758}"
200596,1,3356.9,3356.9,False,1.0,"{""inversion_rho"":null,""inversion_channel"":33.5,""period_ms"":39.70003128051758}"
200596,1,3396.6,3396.6,False,1.0,"{""inversion_rho"":null,""inversion_channel"":35.0,""period_ms"":39.70003128051758}"
200596,1,3453.9001,3453.9001,False,0.75,"{""inversion_rho"":null,""inversion_channel"":34.5,""period_ms"":39.70003128051758}"
200596,1,3488.6999,3488.6999,False,0.625,"{""inversion_rho"":null,""inversion_channel"":36.5,""period_ms"":39.70003128051758}"
200596,1,3555.8,3555.8,False,1.0,"{""inversion_rho"":null,""inversion_channel"":35.0,""period_ms"":39.70003128051758}"
200596,1,3606.9,3606.9,False,0.75,"{""inversion_rho"":null,""inversion_channel"":35.5,""period_ms"":39.70003128051758}"
200596,1,3634.5999,3634.5999,False,1.0,"{""inversion_rho"":null,""inversion_channel"":33.5,""period_ms"":39.70003128051758}"
200596,1,3694.2,3694.2,False,0.25,"{""inversion_rho"":null,""inversion_channel"":18.5,""period_ms"":39.70003128051758}"
200596,1,3717.9,3717.9,False,0.75,"{""inversion_rho"":null,""inversion_channel"":35.5,""period_ms"":null}"
200596,1,3735.1,3735.1,False,1.0,"{""inversion_rho"":null,""inversion_channel"":33.5,""period_ms"":null}"
200596,1,3822.7,3822.7,False,0.875,"{""inversion_rho"":null,""inversion_channel"":33.0,""period_ms"":null}"
200596,1,3909.6999,3909.6999,False,0.25,"{""inversion_rho"":null,""inversion_channel"":19.5,""period_ms"":null}"
200596,1,3929.4,3929.4,False,0.75,"{""inversion_rho"":null,""inversion_channel"":35.5,""period_ms"":24.500012397766113}"
200596,1,3963.0001,3963.0001,False,0.25,"{""inversion_rho"":null,""inversion_channel"":32.0,""period_ms"":24.500012397766113}"
200596,1,3978.4,3978.4,False,1.0,"{""inversion_rho"":null,""inversion_channel"":35.0,""period_ms"":24.500012397766113}"
200596,1,4027.6999,4027.6999,False,0.25,"{""inversion_rho"":null,""inversion_channel"":24.0,""period_ms"":null}"
200596,1,4035.5,4035.5,False,0.875,"{""inversion_rho"":null,""inversion_channel"":35.5,""period_ms"":null}"
200596,1,4077.6,4077.6,False,0.25,"{""inversion_rho"":null,""inversion_channel"":17.5,""period_ms"":null}"
200596,1,4093.2999,4093.2999,False,1.0,"{""inversion_rho"":null,""inversion_channel"":35.0,""period_ms"":null}"
200596,1,4142.3998,4142.3998,False,0.75,"{""inversion_rho"":null,""inversion_channel"":35.5,""period_ms"":75.60014724731445}"
200596,1,4243.8998,4243.8998,False,0.75,"{""inversion_rho"":null,""inversion_channel"":35.5,""period_ms"":75.60014724731445}"
200596,1,4293.6001,4293.6001,False,0.25,"{""inversion_rho"":null,""inversion_channel"":19.5,""period_ms"":75.60014724731445}"
200596,1,4310.8001,4310.8001,False,1.0,"{""inversion_rho"":null,""inversion_channel"":35.0,""period_ms"":28.299808502197266}"
200596,1,4339.0999,4339.0999,False,0.25,"{""inversion_rho"":null,""inversion_channel"":18.5,""period_ms"":28.299808502197266}"
200596,1,4364.9998,4364.9998,False,0.875,"{""inversion_rho"":null,""inversion_channel"":35.5,""period_ms"":28.299808502197266}"
200596,1,4420.0001,4420.0001,False,0.25,"{""inversion_rho"":null,""inversion_channel"":39.0,""period_ms"":28.299808502197266}"
200596,1,4436.1,4436.1,False,0.5,"{""inversion_rho"":null,""inversion_channel"":34.5,""period_ms"":null}"
200596,1,4444.0999,4444.0999,False,0.25,"{""inversion_rho"":null,""inversion_channel"":36.5,""period_ms"":null}"
200596,1,4471.2,4471.2,False,0.75,"{""inversion_rho"":null,""inversion_channel"":35.5,""period_ms"":55.00006675720215}"
200596,1,4516.7999,4516.7999,False,1.0,"{""inversion_rho"":null,""inversion_channel"":35.0,""period_ms"":55.00006675720215}"
200596,1,4581.2001,4581.2001,False,0.75,"{""inversion_rho"":null,""inversion_channel"":36.5,""period_ms"":55.00006675720215}"
200596,1,4595.6001,4595.6001,False,0.25,"{""inversion_rho"":null,""inversion_channel"":34.5,""period_ms"":43.79987716674805}"
200596,1,4639.4,4639.4,False,0.25,"{""inversion_rho"":null,""inversion_channel"":34.0,""period_ms"":43.79987716674805}"
200596,1,4689.0998,4689.0998,False,0.5,"{""inversion_rho"":null,""inversion_channel"":36.5,""period_ms"":43.79987716674805}"
200596,1,4739.6998,4739.6998,False,0.375,"{""inversion_rho"":null,""inversion_channel"":34.5,""period_ms"":43.79987716674805}"
200596,1,4772.2998,4772.2998,False,0.375,"{""inversion_rho"":null,""inversion_channel"":14.5,""period_ms"":43.79987716674805}"
200596,1,4792.6998,4792.6998,False,1.0,"{""inversion_rho"":null,""inversion_channel"":36.5,""period_ms"":43.79987716674805}"
200596,1,4847.1999,4847.1999,False,0.5,"{""inversion_rho"":null,""inversion_channel"":37.5,""period_ms"":11.050224304199219}"
200596,1,4874.1002,4874.1002,False,0.25,"{""inversion_rho"":null,""inversion_channel"":34.5,""period_ms"":11.050224304199219}"
200596,1,4885.7002,4885.7002,False,0.25,"{""inversion_rho"":null,""inversion_channel"":35.5,""period_ms"":11.050224304199219}"
200596,1,4894.4998,4894.4998,False,0.75,"{""inversion_rho"":null,""inversion_channel"":36.5,""period_ms"":11.050224304199219}"
200596,1,4905.0002,4905.0002,False,0.5,"{""inversion_rho"":null,""inversion_channel"":24.0,""period_ms"":11.050224304199219}"
200596,1,4986.4998,4986.4998,False,0.25,"{""inversion_rho"":null,""inversion_channel"":19.5,""period_ms"":null}"
200596,1,4996.0999,4996.0999,False,0.25,"{""inversion_rho"":null,""inversion_channel"":36.5,""period_ms"":null}"
200596,1,5054.6999,5054.6999,False,0.5,"{""inversion_rho"":null,""inversion_channel"":35.0,""period_ms"":null}"
200596,1,5073.8001,5073.8001,False,0.25,"{""inversion_rho"":null,""inversion_channel"":17.5,""period_ms"":null}"
200596,1,5079.0,5079.0,False,1.0,"{""inversion_rho"":null,""inversion_channel"":31.5,""period_ms"":21.10004425048828}"
200596,1,5097.6,5097.6,False,1.0,"{""inversion_rho"":null,""inversion_channel"":39.5,""period_ms"":21.10004425048828}"
200596,1,5127.3999,5127.3999,False,1.0,"{""inversion_rho"":null,""inversion_channel"":22.5,""period_ms"":21.10004425048828}"
200596,1,5139.8001,5139.8001,False,0.375,"{""inversion_rho"":null,""inversion_channel"":12.5,""period_ms"":21.10004425048828}"
200596,1,5159.6999,5159.6999,False,1.0,"{""inversion_rho"":null,""inversion_channel"":21.5,""period_ms"":21.10004425048828}"
200596,1,5182.0002,5182.0002,False,1.0,"{""inversion_rho"":null,""inversion_channel"":19.5,""period_ms"":21.10004425048828}"
200596,1,5221.0002,5221.0002,False,1.0,"{""inversion_rho"":null,""inversion_channel"":39.5,""period_ms"":21.10004425048828}"
200596,1,5233.3002,5233.3002,False,0.75,"{""inversion_rho"":null,""inversion_channel"":20.0,""period_ms"":10.000228881835938}"
200596,1,5241.9,5241.9,False,1.0,"{""inversion_rho"":null,""inversion_channel"":36.5,""period_ms"":10.000228881835938}"
200596,1,5256.4998,5256.4998,False,0.25,"{""inversion_rho"":null,""inversion_channel"":13.5,""period_ms"":10.000228881835938}"
200596,1,5269.1998,5269.1998,False,0.875,"{""inversion_rho"":null,""inversion_channel"":37.5,""period_ms"":10.000228881835938}"
200596,1,5279.2001,5279.2001,False,0.625,"{""inversion_rho"":null,""inversion_channel"":24.5,""period_ms"":10.000228881835938}"
200596,1,5288.4998,5288.4998,False,1.0,"{""inversion_rho"":null,""inversion_channel"":37.5,""period_ms"":10.000228881835938}"
200596,1,5325.3002,5325.3002,False,0.5,"{""inversion_rho"":null,""inversion_channel"":14.0,""period_ms"":9.449958801269531}"
200596,1,5335.8998,5335.8998,False,0.25,"{""inversion_rho"":null,""inversion_channel"":21.5,""period_ms"":9.449958801269531}"
200596,1,5344.2001,5344.2001,False,0.375,"{""inversion_rho"":null,""inversion_channel"":23.0,""period_ms"":9.449958801269531}"
200596,1,5365.0999,5365.0999,False,0.625,"{""inversion_rho"":null,""inversion_channel"":20.5,""period_ms"":null}"
200596,1,5376.9999,5376.9999,False,1.0,"{""inversion_rho"":null,""inversion_channel"":35.5,""period_ms"":null}"
200596,1,5420.4998,5420.4998,False,0.25,"{""inversion_rho"":null,""inversion_channel"":39.5,""period_ms"":159.74998474121094}"
200596,1,5597.0998,5597.0998,False,0.5,"{""inversion_rho"":null,""inversion_channel"":19.5,""period_ms"":159.74998474121094}"
200596,1,5739.9998,5739.9998,False,1.0,"{""inversion_rho"":null,""inversion_channel"":24.5,""period_ms"":159.74998474121094}"
200596,1,5749.1999,5749.1999,False,1.0,"{""inversion_rho"":null,""inversion_channel"":25.5,""period_ms"":14.800071716308594}"
200596,1,5783.2999,5783.2999,False,0.5,"{""inversion_rho"":null,""inversion_channel"":40.5,""period_ms"":14.800071716308594}"
200596,1,5802.1002,5802.1002,False,0.25,"{""inversion_rho"":null,""inversion_channel"":31.0,""period_ms"":14.800071716308594}"
200596,1,5812.9001,5812.9001,False,1.0,"{""inversion_rho"":null,""inversion_channel"":22.5,""period_ms"":14.800071716308594}"
200596,1,5822.1002,5822.1002,False,1.0,"{""inversion_rho"":null,""inversion_channel"":23.0,""period_ms"":14.800071716308594}"
200596,1,5860.8999,5860.8999,False,1.0,"{""inversion_rho"":null,""inversion_channel"":10.5,""period_ms"":null}"
200596,1,5890.5001,5890.5001,False,0.25,"{""inversion_rho"":null,""inversion_channel"":28.5,""period_ms"":null}"
200596,1,1378.0,1616.1,True,1.0,"{""inversion_rho"":null,""inversion_channel"":16.5,""period_ms"":38.10000419616699}"
200596,1,1936.9,1964.4001,True,1.0,"{""inversion_rho"":null,""inversion_channel"":29.5,""period_ms"":13.750016689300537}"
200596,1,2030.8001,2132.7,True,1.0,"{""inversion_rho"":null,""inversion_channel"":24.5,""period_ms"":13.749957084655762}"
200596,1,2140.8999,2273.7,True,1.0,"{""inversion_rho"":null,""inversion_channel"":29.5,""period_ms"":17.549991607666016}"
200596,1,2299.0999,2313.4999,True,1.0,"{""inversion_rho"":null,""inversion_channel"":31.5,""period_ms"":7.200002670288086}"
200596,1,2412.3001,2554.8999,True,1.0,"{""inversion_rho"":null,""inversion_channel"":32.0,""period_ms"":17.400026321411133}"
200596,1,2645.2,2702.1,True,1.0,"{""inversion_rho"":null,""inversion_channel"":33.25,""period_ms"":15.10000228881836}"
200596,1,2736.5999,2774.6999,True,1.0,"{""inversion_rho"":null,""inversion_channel"":33.5,""period_ms"":19.050002098083496}"
200596,1,2818.9001,3012.1,True,1.0,"{""inversion_rho"":null,""inversion_channel"":33.5,""period_ms"":27.450084686279297}"
200596,1,3176.1,3236.3,True,1.0,"{""inversion_rho"":null,""inversion_channel"":33.5,""period_ms"":18.599987030029297}"
200596,1,3295.5999,3694.2,True,1.0,"{""inversion_rho"":null,""inversion_channel"":34.75,""period_ms"":39.70003128051758}"
200596,1,3929.4,3978.4,True,1.0,"{""inversion_rho"":null,""inversion_channel"":35.0,""period_ms"":24.500012397766113}"
200596,1,4142.3998,4293.6001,True,1.0,"{""inversion_rho"":null,""inversion_channel"":35.5,""period_ms"":75.60014724731445}"
200596,1,4310.8001,4420.0001,True,1.0,"{""inversion_rho"":null,""inversion_channel"":35.25,""period_ms"":28.299808502197266}"
200596,1,4471.2,4581.2001,True,1.0,"{""inversion_rho"":null,""inversion_channel"":35.5,""period_ms"":55.00006675720215}"
200596,1,4595.6001,4792.6998,True,1.0,"{""inversion_rho"":null,""inversion_channel"":34.5,""period_ms"":43.79987716674805}"
200596,1,4847.1999,4905.0002,True,1.0,"{""inversion_rho"":null,""inversion_channel"":35.5,""period_ms"":11.050224304199219}"
200596,1,5079.0,5221.0002,True,1.0,"{""inversion_rho"":null,""inversion_channel"":22.5,""period_ms"":21.10004425048828}"
200596,1,5233.3002,5288.4998,True,1.0,"{""inversion_rho"":null,""inversion_channel"":30.5,""period_ms"":10.000228881835938}"
200596,1,5325.3002,5344.2001,True,1.0,"{""inversion_rho"":null,""inversion_channel"":21.5,""period_ms"":9.449958801269531}"
200596,1,5420.4998,5739.9998,True,1.0,"{""inversion_rho"":null,""inversion_channel"":24.5,""period_ms"":159.74998474121094}"
200596,1,5749.1999,5822.1002,True,1.0,"{""inversion_rho"":null,""inversion_channel"":25.5,""period_ms"":14.800071716308594}"
200610,1,44.3,44.3,False,0.625,"{""inversion_rho"":null,""inversion_channel"":35.5,""period_ms"":7.700003683567047}"
200610,1,49.8,49.8,False,0.5,"{""inversion_rho"":null,""inversion_channel"":33.5,""period_ms"":7.700003683567047}"
200610,1,60.3,60.3,False,1.0,"{""inversion_rho"":null,""inversion_channel"":36.5,""period_ms"":7.700003683567047}"
200610,1,68.0,68.0,False,0.5,"{""inversion_rho"":null,""inversion_channel"":27.5,""period_ms"":7.700003683567047}"
200610,1,91.4,91.4,False,0.25,"{""inversion_rho"":null,""inversion_channel"":39.5,""period_ms"":null}"
200610,1,1161.9,1161.9,False,0.875,"{""inversion_rho"":null,""inversion_channel"":13.5,""period_ms"":null}"
200610,1,1182.3,1182.3,False,1.0,"{""inversion_rho"":null,""inversion_channel"":15.5,""period_ms"":null}"
200610,1,1269.3,1269.3,False,0.625,"{""inversion_rho"":null,""inversion_channel"":22.0,""period_ms"":27.79996395111084}"
200610,1,1289.8,1289.8,False,1.0,"{""inversion_rho"":null,""inversion_channel"":20.5,""period_ms"":27.79996395111084}"
200610,1,1317.6,1317.6,False,1.0,"{""inversion_rho"":null,""inversion_channel"":20.5,""period_ms"":27.79996395111084}"
200610,1,1365.0,1365.0,False,1.0,"{""inversion_rho"":null,""inversion_channel"":21.5,""period_ms"":27.79996395111084}"
200610,1,1380.3,1380.3,False,1.0,"{""inversion_rho"":null,""inversion_channel"":21.5,""period_ms"":27.40001678466797}"
200610,1,1415.9,1415.9,False,1.0,"{""inversion_rho"":null,""inversion_channel"":22.0,""period_ms"":27.40001678466797}"
200610,1,1440.7001,1440.7001,False,1.0,"{""inversion_rho"":null,""inversion_channel"":22.5,""period_ms"":27.40001678466797}"
200610,1,1455.3,1455.3,False,1.0,"{""inversion_rho"":null,""inversion_channel"":22.5,""period_ms"":27.40001678466797}"
200610,1,1482.7,1482.7,False,1.0,"{""inversion_rho"":null,""inversion_channel"":23.5,""period_ms"":27.40001678466797}"
200610,1,1518.8,1518.8,False,1.0,"{""inversion_rho"":null,""inversion_channel"":22.5,""period_ms"":27.40001678466797}"
200610,1,1548.9,1548.9,False,0.625,"{""inversion_rho"":null,""inversion_channel"":24.5,""period_ms"":27.40001678466797}"
200610,1,1565.4,1565.4,False,1.0,"{""inversion_rho"":null,""inversion_channel"":23.5,""period_ms"":27.40001678466797}"
200610,1,1598.0,1598.0,False,1.0,"{""inversion_rho"":null,""inversion_channel"":11.0,""period_ms"":27.40001678466797}"
200610,1,1618.1,1618.1,False,1.0,"{""inversion_rho"":null,""inversion_channel"":23.5,""period_ms"":27.40001678466797}"
200610,1,1652.0,1652.0,False,1.0,"{""inversion_rho"":null,""inversion_channel"":25.0,""period_ms"":27.40001678466797}"
200610,1,1672.3,1672.3,False,1.0,"{""inversion_rho"":null,""inversion_channel"":23.5,""period_ms"":27.40001678466797}"
200610,1,1734.2,1734.2,False,0.25,"{""inversion_rho"":null,""inversion_channel"":27.5,""period_ms"":null}"
200610,1,1880.3999,1880.3999,False,0.75,"{""inversion_rho"":null,""inversion_channel"":17.5,""period_ms"":null}"
200610,1,1900.4,1900.4,False,1.0,"{""inversion_rho"":null,""inversion_channel"":12.0,""period_ms"":15.599966049194336}"
200610,1,1919.1999,1919.1999,False,1.0,"{""inversion_rho"":null,""inversion_channel"":13.5,""period_ms"":15.599966049194336}"
200610,1,1930.3,1930.3,False,0.375,"{""inversion_rho"":null,""inversion_channel"":13.5,""period_ms"":15.599966049194336}"
200610,1,1951.2,1951.2,False,0.375,"{""inversion_rho"":null,""inversion_channel"":13.0,""period_ms"":15.599966049194336}"
200610,1,1961.1,1961.1,False,0.5,"{""inversion_rho"":null,""inversion_channel"":12.5,""period_ms"":15.599966049194336}"
200610,1,1976.6999,1976.6999,False,0.875,"{""inversion_rho"":null,""inversion_channel"":14.0,""period_ms"":15.599966049194336}"
200610,1,1998.7,1998.7,False,0.25,"{""inversion_rho"":null,""inversion_channel"":18.5,""period_ms"":15.599966049194336}"
200610,1,2014.1001,2014.1001,False,1.0,"{""inversion_rho"":null,""inversion_channel"":19.5,""period_ms"":15.599966049194336}"
200610,1,2069.0,2069.0,False,1.0,"{""inversion_rho"":null,""inversion_channel"":31.5,""period_ms"":17.799854278564453}"
200610,1,2098.2001,2098.2001,False,1.0,"{""inversion_rho"":null,""inversion_channel"":21.5,""period_ms"":17.799854278564453}"
200610,1,2126.2,2126.2,False,1.0,"{""inversion_rho"":null,""inversion_channel"":23.5,""period_ms"":17.799854278564453}"
200610,1,2144.0001,2144.0001,False,1.0,"{""inversion_rho"":null,""inversion_channel"":23.5,""period_ms"":17.799854278564453}"
200610,1,2167.0001,2167.0001,False,1.0,"{""inversion_rho"":null,""inversion_channel"":28.5,""period_ms"":17.799854278564453}"
200610,1,2191.6001,2191.6001,False,0.875,"{""inversion_rho"":null,""inversion_channel"":23.5,""period_ms"":17.799854278564453}"
200610,1,2206.5001,2206.5001,False,0.5,"{""inversion_rho"":null,""inversion_channel"":21.5,""period_ms"":17.799854278564453}"
200610,1,2222.1,2222.1,False,1.0,"{""inversion_rho"":null,""inversion_channel"":22.5,""period_ms"":17.799854278564453}"
200610,1,2236.9001,2236.9001,False,1.0,"{""inversion_rho"":null,""inversion_channel"":21.0,""period_ms"":17.799854278564453}"
200610,1,2258.6,2258.6,False,0.375,"{""inversion_rho"":null,""inversion_channel"":21.0,""period_ms"":17.799854278564453}"
200610,1,2270.6001,2270.6001,False,0.75,"{""inversion_rho"":null,""inversion_channel"":21.0,""period_ms"":17.799854278564453}"
200610,1,2277.6999,2277.6999,False,0.5,"{""inversion_rho"":null,""inversion_channel"":23.0,""period_ms"":17.799854278564453}"
200610,1,2285.2001,2285.2001,False,1.0,"{""inversion_rho"":null,""inversion_channel"":31.5,""period_ms"":17.799854278564453}"
200610,1,2303.0,2303.0,False,0.25,"{""inversion_rho"":null,""inversion_channel"":21.5,""period_ms"":17.799854278564453}"
200610,1,2309.5,2309.5,False,1.0,"{""inversion_rho"":null,""inversion_channel"":22.5,""period_ms"":null}"
200610,1,2333.9,2333.9,False,1.0,"{""inversion_rho"":null,""inversion_channel"":22.5,""period_ms"":null}"
200610,1,2342.7,2342.7,False,1.0,"{""inversion_rho"":null,""inversion_channel"":23.0,""period_ms"":null}"
200610,1,2377.6,2377.6,False,0.625,"{""inversion_rho"":null,""inversion_channel"":22.5,""period_ms"":null}"
200610,1,2390.3999,2390.3999,False,1.0,"{""inversion_rho"":null,""inversion_channel"":22.5,""period_ms"":11.900067329406738}"
200610,1,2399.8001,2399.8001,False,0.25,"{""inversion_rho"":null,""inversion_channel"":24.0,""period_ms"":11.900067329406738}"
200610,1,2405.9999,2405.9999,False,1.0,"{""inversion_rho"":null,""inversion_channel"":31.5,""period_ms"":11.900067329406738}"
200610,1,2420.3,2420.3,False,0.25,"{""inversion_rho"":null,""inversion_channel"":22.5,""period_ms"":11.900067329406738}"
200610,1,2439.3001,2439.3001,False,0.5,"{""inversion_rho"":null,""inversion_channel"":23.0,""period_ms"":11.900067329406738}"
200610,1,2455.3001,2455.3001,False,0.25,"{""inversion_rho"":null,""inversion_channel"":23.0,""period_ms"":11.900067329406738}"
200610,1,2463.0001,2463.0001,False,1.0,"{""inversion_rho"":null,""inversion_channel"":22.5,""period_ms"":11.900067329406738}"
200610,1,2472.5001,2472.5001,False,0.375,"{""inversion_rho"":null,""inversion_channel"":22.5,""period_ms"":11.900067329406738}"
200610,1,2489.3999,2489.3999,False,0.375,"{""inversion_rho"":null,""inversion_channel"":21.0,""period_ms"":11.900067329406738}"
200610,1,2494.6001,2494.6001,False,1.0,"{""inversion_rho"":null,""inversion_channel"":23.5,""period_ms"":27.450084686279297}"
200610,1,2523.9999,2523.9999,False,1.0,"{""inversion_rho"":null,""inversion_channel"":31.5,""period_ms"":27.450084686279297}"
200610,1,2549.9001,2549.9001,False,1.0,"{""inversion_rho"":null,""inversion_channel"":23.5,""period_ms"":27.450084686279297}"
200610,1,2592.7999,2592.7999,False,1.0,"{""inversion_rho"":null,""inversion_channel"":24.5,""period_ms"":27.450084686279297}"
200610,1,2637.5999,2637.5999,False,1.0,"{""inversion_rho"":null,""inversion_channel"":24.5,""period_ms"":27.450084686279297}"
200610,1,2666.6,2666.6,False,1.0,"{""inversion_rho"":null,""inversion_channel"":23.5,""period_ms"":27.450084686279297}"
200610,1,2700.7999,2700.7999,False,1.0,"{""inversion_rho"":null,""inversion_channel"":24.5,""period_ms"":27.450084686279297}"
200610,1,2730.4001,2730.4001,False,1.0,"{""inversion_rho"":null,""inversion_channel"":23.5,""period_ms"":27.450084686279297}"
200610,1,2751.4999,2751.4999,False,0.25,"{""inversion_rho"":null,""inversion_channel"":24.0,""period_ms"":27.450084686279297}"
200610,1,2762.9001,2762.9001,False,0.25,"{""inversion_rho"":null,""inversion_channel"":18.0,""period_ms"":27.450084686279297}"
200610,1,2779.5999,2779.5999,False,1.0,"{""inversion_rho"":null,""inversion_channel"":23.5,""period_ms"":27.450084686279297}"
200610,1,2801.7001,2801.7001,False,1.0,"{""inversion_rho"":null,""inversion_channel"":31.5,""period_ms"":27.450084686279297}"
200610,1,2822.4001,2822.4001,False,1.0,"{""inversion_rho"":null,""inversion_channel"":23.5,""period_ms"":27.450084686279297}"
200610,1,2828.3999,2828.3999,False,0.375,"{""inversion_rho"":null,""inversion_channel"":5.5,""period_ms"":39.40010070800781}"
200610,1,2871.0999,2871.0999,False,1.0,"{""inversion_rho"":null,""inversion_channel"":26.0,""period_ms"":39.40010070800781}"
200610,1,2907.2001,2907.2001,False,0.875,"{""inversion_rho"":null,""inversion_channel"":24.5,""period_ms"":39.40010070800781}"
200610,1,2932.4999,2932.4999,False,1.0,"{""inversion_rho"":null,""inversion_channel"":24.5,""period_ms"":39.40010070800781}"
200610,1,2992.7001,2992.7001,False,0.25,"{""inversion_rho"":null,""inversion_channel"":25.5,""period_ms"":39.40010070800781}"
200610,1,3000.5,3000.5,False,0.25,"{""inversion_rho"":null,""inversion_channel"":25.5,""period_ms"":null}"
200610,1,3263.4001,3263.4001,False,1.0,"{""inversion_rho"":null,""inversion_channel"":29.0,""period_ms"":10.849952697753906}"
200610,1,3270.6001,3270.6001,False,0.5,"{""inversion_rho"":null,""inversion_channel"":31.5,""period_ms"":10.849952697753906}"
200610,1,3285.1,3285.1,False,0.75,"{""inversion_rho"":null,""inversion_channel"":6.0,""period_ms"":10.849952697753906}"
200610,1,3290.2,3290.2,False,0.25,"{""inversion_rho"":null,""inversion_channel"":29.0,""period_ms"":null}"
200610,1,4002.8,4002.8,False,0.875,"{""inversion_rho"":null,""inversion_channel"":32.0,""period_ms"":null}"
200610,1,4019.1002,4019.1002,False,0.25,"{""inversion_rho"":null,""inversion_channel"":23.0,""period_ms"":null}"
200610,1,44.3,68.0,True,1.0,"{""inversion_rho"":null,""inversion_channel"":34.5,""period_ms"":7.700003683567047}"
200610,1,1269.3,1365.0,True,1.0,"{""inversion_rho"":null,""inversion_channel"":21.0,""period_ms"":27.79996395111084}"
200610,1,1380.3,1672.3,True,1.0,"{""inversion_rho"":null,""inversion_channel"":23.0,""period_ms"":27.40001678466797}"
200610,1,1900.4,2014.1001,True,1.0,"{""inversion_rho"":null,""inversion_channel"":13.5,""period_ms"":15.599966049194336}"
200610,1,2069.0,2303.0,True,1.0,"{""inversion_rho"":null,""inversion_channel"":22.75,""period_ms"":17.799854278564453}"
200610,1,2390.3999,2489.3999,True,1.0,"{""inversion_rho"":null,""inversion_channel"":22.5,""period_ms"":11.900067329406738}"
200610,1,2494.6001,2822.4001,True,1.0,"{""inversion_rho"":null,""inversion_channel"":23.5,""period_ms"":27.450084686279297}"
200610,1,2828.3999,2992.7001,True,1.0,"{""inversion_rho"":null,""inversion_channel"":24.5,""period_ms"":39.40010070800781}"
200610,1,3263.4001,3285.1,True,1.0,"{""inversion_rho"":null,""inversion_channel"":29.0,""period_ms"":10.849952697753906}"
200636,1,55.9,55.9,False,0.25,"{""inversion_rho"":null,""inversion_channel"":4.5,""period_ms"":10.1500004529953}"
200636,1,62.8,62.8,False,0.75,"{""inversion_rho"":null,""inversion_channel"":3.5,""period_ms"":10.1500004529953}"
200636,1,69.4,69.4,False,0.875,"{""inversion_rho"":null,""inversion_channel"":3.5,""period_ms"":10.1500004529953}"
200636,1,82.8,82.8,False,1.0,"{""inversion_rho"":null,""inversion_channel"":3.5,""period_ms"":10.1500004529953}"
200636,1,96.4,96.4,False,1.0,"{""inversion_rho"":null,""inversion_channel"":2.5,""period_ms"":10.1500004529953}"
200636,1,3300.4999,3300.4999,False,0.25,"{""inversion_rho"":null,""inversion_channel"":31.5,""period_ms"":14.400005340576172}"
200636,1,3308.7001,3308.7001,False,0.5,"{""inversion_rho"":null,""inversion_channel"":33.5,""period_ms"":14.400005340576172}"
200636,1,3317.3001,3317.3001,False,1.0,"{""inversion_rho"":null,""inversion_channel"":22.5,""period_ms"":14.400005340576172}"
200636,1,3324.6,3324.6,False,0.625,"{""inversion_rho"":null,""inversion_channel"":17.5,""period_ms"":14.400005340576172}"
200636,1,3338.7001,3338.7001,False,1.0,"{""inversion_rho"":null,""inversion_channel"":20.0,""period_ms"":14.400005340576172}"
200636,1,3356.8001,3356.8001,False,0.5,"{""inversion_rho"":null,""inversion_channel"":19.5,""period_ms"":14.400005340576172}"
200636,1,3371.5,3371.5,False,0.75,"{""inversion_rho"":null,""inversion_channel"":3.0,""period_ms"":14.400005340576172}"
200636,1,3390.5001,3390.5001,False,0.625,"{""inversion_rho"":null,""inversion_channel"":10.5,""period_ms"":14.400005340576172}"
200636,1,3406.6,3406.6,False,1.0,"{""inversion_rho"":null,""inversion_channel"":21.5,""period_ms"":14.400005340576172}"
200636,1,3501.6999,3501.6999,False,0.25,"{""inversion_rho"":null,""inversion_channel"":23.0,""period_ms"":null}"
200636,1,3577.3001,3577.3001,False,0.25,"{""inversion_rho"":null,""inversion_channel"":31.0,""period_ms"":null}"
200636,1,3595.3,3595.3,False,1.0,"{""inversion_rho"":null,""inversion_channel"":11.5,""period_ms"":28.499960899353027}"
200636,1,3634.2001,3634.2001,False,0.375,"{""inversion_rho"":null,""inversion_channel"":23.5,""period_ms"":28.499960899353027}"
200636,1,3652.2999,3652.2999,False,0.25,"{""inversion_rho"":null,""inversion_channel"":21.0,""period_ms"":28.499960899353027}"
200636,1,3659.3001,3659.3001,False,1.0,"{""inversion_rho"":null,""inversion_channel"":7.5,""period_ms"":8.949995040893555}"
200636,1,3668.2999,3668.2999,False,0.5,"{""inversion_rho"":null,""inversion_channel"":9.5,""period_ms"":8.949995040893555}"
200636,1,3675.2,3675.2,False,1.0,"{""inversion_rho"":null,""inversion_channel"":8.5,""period_ms"":8.949995040893555}"
200636,1,3683.1999,3683.1999,False,0.625,"{""inversion_rho"":null,""inversion_channel"":8.5,""period_ms"":8.949995040893555}"
200636,1,3692.1,3692.1,False,1.0,"{""inversion_rho"":null,""inversion_channel"":9.5,""period_ms"":8.949995040893555}"
200636,1,3703.8,3703.8,False,0.875,"{""inversion_rho"":null,""inversion_channel"":8.5,""period_ms"":8.949995040893555}"
200636,1,3714.0,3714.0,False,0.375,"{""inversion_rho"":null,""inversion_channel"":7.5,""period_ms"":8.949995040893555}"
200636,1,3724.2,3724.2,False,1.0,"{""inversion_rho"":null,""inversion_channel"":7.0,""period_ms"":8.949995040893555}"
200636,1,3732.1999,3732.1999,False,0.875,"{""inversion_rho"":null,""inversion_channel"":39.5,""period_ms"":8.949995040893555}"
200636,1,3795.0001,3795.0001,False,1.0,"{""inversion_rho"":null,""inversion_channel"":29.0,""period_ms"":14.899969100952148}"
200636,1,3806.9,3806.9,False,1.0,"{""inversion_rho"":null,""inversion_channel"":4.5,""period_ms"":14.899969100952148}"
200636,1,3824.8,3824.8,False,1.0,"{""inversion_rho"":null,""inversion_channel"":7.5,""period_ms"":14.899969100952148}"
200636,1,3831.6,3831.6,False,1.0,"{""inversion_rho"":null,""inversion_channel"":27.5,""period_ms"":8.150100708007812}"
200636,1,3837.6,3837.6,False,1.0,"{""inversion_rho"":null,""inversion_channel"":27.5,""period_ms"":8.150100708007812}"
200636,1,3843.3001,3843.3001,False,1.0,"{""inversion_rho"":null,""inversion_channel"":27.5,""period_ms"":8.150100708007812}"
200636,1,3854.1999,3854.1999,False,0.75,"{""inversion_rho"":null,""inversion_channel"":27.5,""period_ms"":8.150100708007812}"
200636,1,3864.5,3864.5,False,1.0,"{""inversion_rho"":null,""inversion_channel"":27.5,""period_ms"":8.150100708007812}"
200636,1,3914.7,3914.7,False,0.625,"{""inversion_rho"":null,""inversion_channel"":17.0,""period_ms"":null}"
200636,1,4035.5,4035.5,False,0.375,"{""inversion_rho"":null,""inversion_channel"":9.5,""period_ms"":null}"
200636,1,4500.2999,4500.2999,False,1.0,"{""inversion_rho"":null,""inversion_channel"":24.5,""period_ms"":6.800174713134766}"
200636,1,4506.1998,4506.1998,False,1.0,"{""inversion_rho"":null,""inversion_channel"":21.5,""period_ms"":6.800174713134766}"
200636,1,4513.0,4513.0,False,1.0,"{""inversion_rho"":null,""inversion_channel"":16.5,""period_ms"":6.800174713134766}"
200636,1,4518.8999,4518.8999,False,1.0,"{""inversion_rho"":null,""inversion_channel"":16.5,""period_ms"":6.800174713134766}"
200636,1,4525.8002,4525.8002,False,1.0,"{""inversion_rho"":null,""inversion_channel"":20.5,""period_ms"":6.800174713134766}"
200636,1,4533.9999,4533.9999,False,0.75,"{""inversion_rho"":null,""inversion_channel"":15.5,""period_ms"":6.800174713134766}"
200636,1,55.9,96.4,True,1.0,"{""inversion_rho"":null,""inversion_channel"":3.5,""period_ms"":10.1500004529953}"
200636,1,3300.4999,3406.6,True,1.0,"{""inversion_rho"":null,""inversion_channel"":20.0,""period_ms"":14.400005340576172}"
200636,1,3595.3,3652.2999,True,1.0,"{""inversion_rho"":null,""inversion_channel"":21.0,""period_ms"":28.499960899353027}"
200636,1,3659.3001,3732.1999,True,1.0,"{""inversion_rho"":null,""inversion_channel"":8.5,""period_ms"":8.949995040893555}"
200636,1,3795.0001,3824.8,True,1.0,"{""inversion_rho"":null,""inversion_channel"":7.5,""period_ms"":14.899969100952148}"
200636,1,3831.6,3864.5,True,1.0,"{""inversion_rho"":null,""inversion_channel"":27.5,""period_ms"":8.150100708007812}"
200636,1,4500.2999,4533.9999,True,1.0,"{""inversion_rho"":null,""inversion_channel"":18.5,""period_ms"":6.800174713134766}"
200672,1,65.3,65.3,False,1.0,"{""inversion_rho"":null,""inversion_channel"":7.5,""period_ms"":10.049998760223389}"
200672,1,79.5,79.5,False,1.0,"{""inversion_rho"":null,""inversion_channel"":7.5,""period_ms"":10.049998760223389}"
200672,1,85.4,85.4,False,0.25,"{""inversion_rho"":null,""inversion_channel"":4.5,""period_ms"":10.049998760223389}"
200672,1,1760.2,1760.2,False,1.0,"{""inversion_rho"":null,""inversion_channel"":41.5,""period_ms"":30.399978160858154}"
200672,1,1786.2,1786.2,False,1.0,"{""inversion_rho"":null,""inversion_channel"":44.5,""period_ms"":30.399978160858154}"
200672,1,1821.0,1821.0,False,1.0,"{""inversion_rho"":null,""inversion_channel"":44.5,""period_ms"":30.399978160858154}"
200672,1,1972.9,1972.9,False,1.0,"{""inversion_rho"":null,""inversion_channel"":41.5,""period_ms"":65.3998851776123}"
200672,1,2077.8,2077.8,False,1.0,"{""inversion_rho"":null,""inversion_channel"":16.5,""period_ms"":65.3998851776123}"
200672,1,2143.1999,2143.1999,False,1.0,"{""inversion_rho"":null,""inversion_channel"":19.5,""period_ms"":65.3998851776123}"
200672,1,2173.5001,2173.5001,False,1.0,"{""inversion_rho"":null,""inversion_channel"":20.5,""period_ms"":65.3998851776123}"
200672,1,2259.3,2259.3,False,1.0,"{""inversion_rho"":null,""inversion_channel"":24.5,""period_ms"":null}"
200672,1,2275.1999,2275.1999,False,1.0,"{""inversion_rho"":null,""inversion_channel"":22.5,""period_ms"":null}"
200672,1,2351.2001,2351.2001,False,1.0,"{""inversion_rho"":null,""inversion_channel"":25.0,""period_ms"":18.850088119506836}"
200672,1,2391.5,2391.5,False,1.0,"{""inversion_rho"":null,""inversion_channel"":26.5,""period_ms"":18.850088119506836}"
200672,1,2421.7,2421.7,False,0.5,"{""inversion_rho"":null,""inversion_channel"":33.5,""period_ms"":18.850088119506836}"
200672,1,2457.7999,2457.7999,False,1.0,"{""inversion_rho"":null,""inversion_channel"":29.5,""period_ms"":18.850088119506836}"
200672,1,2473.0999,2473.0999,False,1.0,"{""inversion_rho"":null,""inversion_channel"":29.5,""period_ms"":18.850088119506836}"
200672,1,2507.1001,2507.1001,False,1.0,"{""inversion_rho"":null,""inversion_channel"":30.5,""period_ms"":18.850088119506836}"
200672,1,2547.3001,2547.3001,False,1.0,"{""inversion_rho"":null,""inversion_channel"":30.0,""period_ms"":18.850088119506836}"
200672,1,2575.5,2575.5,False,1.0,"{""inversion_rho"":null,""inversion_channel"":30.5,""period_ms"":18.850088119506836}"
200672,1,2600.8999,2600.8999,False,1.0,"{""inversion_rho"":null,""inversion_channel"":32.5,""period_ms"":18.850088119506836}"
200672,1,2618.0,2618.0,False,1.0,"{""inversion_rho"":null,""inversion_channel"":29.0,""period_ms"":18.850088119506836}"
200672,1,2638.6001,2638.6001,False,1.0,"{""inversion_rho"":null,""inversion_channel"":31.5,""period_ms"":18.850088119506836}"
200672,1,2652.0,2652.0,False,0.375,"{""inversion_rho"":null,""inversion_channel"":31.5,""period_ms"":18.850088119506836}"
200672,1,2658.0,2658.0,False,0.625,"{""inversion_rho"":null,""inversion_channel"":31.5,""period_ms"":18.850088119506836}"
200672,1,2671.6001,2671.6001,False,1.0,"{""inversion_rho"":null,""inversion_channel"":31.5,""period_ms"":18.850088119506836}"
200672,1,2683.0001,2683.0001,False,1.0,"{""inversion_rho"":null,""inversion_channel"":5.0,""period_ms"":18.850088119506836}"
200672,1,2690.8,2690.8,False,1.0,"{""inversion_rho"":null,""inversion_channel"":6.0,""period_ms"":18.850088119506836}"
200672,1,2696.1999,2696.1999,False,1.0,"{""inversion_rho"":null,""inversion_channel"":31.5,""period_ms"":18.850088119506836}"
200672,1,2728.2,2728.2,False,1.0,"{""inversion_rho"":null,""inversion_channel"":31.5,""period_ms"":7.899999618530273}"
200672,1,2749.5999,2749.5999,False,1.0,"{""inversion_rho"":null,""inversion_channel"":32.0,""period_ms"":7.899999618530273}"
200672,1,2770.6001,2770.6001,False,1.0,"{""inversion_rho"":null,""inversion_channel"":31.5,""period_ms"":7.899999618530273}"
200672,1,2783.9999,2783.9999,False,0.625,"{""inversion_rho"":null,""inversion_channel"":32.5,""period_ms"":7.899999618530273}"
200672,1,2789.7,2789.7,False,1.0,"{""inversion_rho"":null,""inversion_channel"":31.5,""period_ms"":7.899999618530273}"
200672,1,2798.1999,2798.1999,False,1.0,"{""inversion_rho"":null,""inversion_channel"":31.5,""period_ms"":7.899999618530273}"
200672,1,2806.0999,2806.0999,False,0.25,"{""inversion_rho"":null,""inversion_channel"":31.5,""period_ms"":7.899999618530273}"
200672,1,2812.7999,2812.7999,False,0.25,"{""inversion_rho"":null,""inversion_channel"":31.0,""period_ms"":7.899999618530273}"
200672,1,2819.7,2819.7,False,1.0,"{""inversion_rho"":null,""inversion_channel"":31.5,""period_ms"":7.899999618530273}"
200672,1,2827.6,2827.6,False,1.0,"{""inversion_rho"":null,""inversion_channel"":31.5,""period_ms"":7.899999618530273}"
200672,1,2849.1001,2849.1001,False,1.0,"{""inversion_rho"":null,""inversion_channel"":31.5,""period_ms"":null}"
200672,1,2865.7,2865.7,False,0.875,"{""inversion_rho"":null,""inversion_channel"":31.5,""period_ms"":null}"
200672,1,2871.5999,2871.5999,False,0.625,"{""inversion_rho"":null,""inversion_channel"":31.5,""period_ms"":10.500073432922363}"
200672,1,2879.3001,2879.3001,False,1.0,"{""inversion_rho"":null,""inversion_channel"":31.5,""period_ms"":10.500073432922363}"
200672,1,2892.6001,2892.6001,False,0.5,"{""inversion_rho"":null,""inversion_channel"":31.5,""period_ms"":10.500073432922363}"
200672,1,2897.9001,2897.9001,False,1.0,"{""inversion_rho"":null,""inversion_channel"":31.5,""period_ms"":11.800050735473633}"
200672,1,2926.8999,2926.8999,False,1.0,"{""inversion_rho"":null,""inversion_channel"":31.5,""period_ms"":11.800050735473633}"
200672,1,2943.2001,2943.2001,False,0.25,"{""inversion_rho"":null,""inversion_channel"":4.5,""period_ms"":11.800050735473633}"
200672,1,2950.5,2950.5,False,1.0,"{""inversion_rho"":null,""inversion_channel"":32.0,""period_ms"":11.800050735473633}"
200672,1,2955.9,2955.9,False,1.0,"{""inversion_rho"":null,""inversion_channel"":5.0,""period_ms"":11.800050735473633}"
200672,1,2969.6,2969.6,False,1.0,"{""inversion_rho"":null,""inversion_channel"":32.0,""period_ms"":8.500099182128906}"
200672,1,2978.1001,2978.1001,False,1.0,"{""inversion_rho"":null,""inversion_channel"":31.5,""period_ms"":8.500099182128906}"
200672,1,2991.8001,2991.8001,False,0.25,"{""inversion_rho"":null,""inversion_channel"":39.5,""period_ms"":8.500099182128906}"
200672,1,2998.8999,2998.8999,False,1.0,"{""inversion_rho"":null,""inversion_channel"":31.5,""period_ms"":8.500099182128906}"
200672,1,3029.0999,3029.0999,False,1.0,"{""inversion_rho"":null,""inversion_channel"":30.5,""period_ms"":8.800029754638672}"
200672,1,3037.8001,3037.8001,False,0.375,"{""inversion_rho"":null,""inversion_channel"":5.5,""period_ms"":8.800029754638672}"
200672,1,3044.3001,3044.3001,False,1.0,"{""inversion_rho"":null,""inversion_channel"":30.0,""period_ms"":8.800029754638672}"
200672,1,3054.4,3054.4,False,0.5,"{""inversion_rho"":null,""inversion_channel"":32.0,""period_ms"":8.800029754638672}"
200672,1,3059.7999,3059.7999,False,1.0,"{""inversion_rho"":null,""inversion_channel"":31.5,""period_ms"":8.800029754638672}"
200672,1,3068.5999,3068.5999,False,1.0,"{""inversion_rho"":null,""inversion_channel"":31.0,""period_ms"":8.800029754638672}"
200672,1,3078.1,3078.1,False,1.0,"{""inversion_rho"":null,""inversion_channel"":31.5,""period_ms"":8.800029754638672}"
200672,1,3088.3,3088.3,False,1.0,"{""inversion_rho"":null,""inversion_channel"":34.5,""period_ms"":8.800029754638672}"
200672,1,3114.3999,3114.3999,False,1.0,"{""inversion_rho"":null,""inversion_channel"":31.5,""period_ms"":null}"
200672,1,3132.9999,3132.9999,False,1.0,"{""inversion_rho"":null,""inversion_channel"":31.5,""period_ms"":null}"
200672,1,3138.0,3138.0,False,0.25,"{""inversion_rho"":null,""inversion_channel"":31.5,""period_ms"":9.50002670288086}"
200672,1,3147.5,3147.5,False,1.0,"{""inversion_rho"":null,""inversion_channel"":31.5,""period_ms"":9.50002670288086}"
200672,1,3155.2,3155.2,False,1.0,"{""inversion_rho"":null,""inversion_channel"":31.5,""period_ms"":9.50002670288086}"
200672,1,3165.1001,3165.1001,False,0.25,"{""inversion_rho"":null,""inversion_channel"":31.5,""period_ms"":9.50002670288086}"
200672,1,3174.0,3174.0,False,0.375,"{""inversion_rho"":null,""inversion_channel"":31.5,""period_ms"":9.50002670288086}"
200672,1,3186.5001,3186.5001,False,1.0,"{""inversion_rho"":null,""inversion_channel"":31.5,""period_ms"":9.50002670288086}"
200672,1,3194.7,3194.7,False,1.0,"{""inversion_rho"":null,""inversion_channel"":31.0,""period_ms"":9.50002670288086}"
200672,1,3212.6999,3212.6999,False,0.25,"{""inversion_rho"":null,""inversion_channel"":32.0,""period_ms"":9.50002670288086}"
200672,1,3227.5,3227.5,False,1.0,"{""inversion_rho"":null,""inversion_channel"":32.0,""period_ms"":9.50002670288086}"
200672,1,3235.6999,3235.6999,False,1.0,"{""inversion_rho"":null,""inversion_channel"":30.5,""period_ms"":9.50002670288086}"
200672,1,3256.4001,3256.4001,False,0.25,"{""inversion_rho"":null,""inversion_channel"":30.0,""period_ms"":14.499902725219727}"
200672,1,3271.5001,3271.5001,False,1.0,"{""inversion_rho"":null,""inversion_channel"":39.5,""period_ms"":14.499902725219727}"
200672,1,3286.0,3286.0,False,1.0,"{""inversion_rho"":null,""inversion_channel"":35.5,""period_ms"":14.499902725219727}"
200672,1,3299.7999,3299.7999,False,1.0,"{""inversion_rho"":null,""inversion_channel"":31.5,""period_ms"":14.499902725219727}"
200672,1,3338.0001,3338.0001,False,1.0,"{""inversion_rho"":null,""inversion_channel"":27.5,""period_ms"":null}"
200672,1,3371.2001,3371.2001,False,0.25,"{""inversion_rho"":null,""inversion_channel"":31.5,""period_ms"":null}"
200672,1,3376.8001,3376.8001,False,1.0,"{""inversion_rho"":null,""inversion_channel"":38.5,""period_ms"":10.799884796142578}"
200672,1,3391.2001,3391.2001,False,0.5,"{""inversion_rho"":null,""inversion_channel"":31.5,""period_ms"":10.799884796142578}"
200672,1,3397.9001,3397.9001,False,0.875,"{""inversion_rho"":null,""inversion_channel"":33.0,""period_ms"":10.799884796142578}"
200672,1,3408.7,3408.7,False,1.0,"{""inversion_rho"":null,""inversion_channel"":29.5,""period_ms"":10.799884796142578}"
200672,1,3454.0,3454.0,False,1.0,"{""inversion_rho"":null,""inversion_channel"":30.0,""period_ms"":10.149955749511719}"
200672,1,3467.7999,3467.7999,False,1.0,"{""inversion_rho"":null,""inversion_channel"":31.5,""period_ms"":10.149955749511719}"
200672,1,3474.2999,3474.2999,False,1.0,"{""inversion_rho"":null,""inversion_channel"":30.5,""period_ms"":10.149955749511719}"
200672,1,3502.1999,3502.1999,False,0.375,"{""inversion_rho"":null,""inversion_channel"":31.5,""period_ms"":8.699893951416016}"
200672,1,3509.5999,3509.5999,False,1.0,"{""inversion_rho"":null,""inversion_channel"":30.5,""period_ms"":8.699893951416016}"
200672,1,3525.7001,3525.7001,False,0.875,"{""inversion_rho"":null,""inversion_channel"":32.5,""period_ms"":8.699893951416016}"
200672,1,3534.4,3534.4,False,1.0,"{""inversion_rho"":null,""inversion_channel"":30.5,""period_ms"":8.699893951416016}"
200672,1,3561.7001,3561.7001,False,1.0,"{""inversion_rho"":null,""inversion_channel"":30.0,""period_ms"":null}"
200672,1,3569.7,3569.7,False,0.25,"{""inversion_rho"":null,""inversion_channel"":31.5,""period_ms"":null}"
200672,1,3597.5001,3597.5001,False,1.0,"{""inversion_rho"":null,""inversion_channel"":31.5,""period_ms"":10.199785232543945}"
200672,1,3618.4001,3618.4001,False,1.0,"{""inversion_rho"":null,""inversion_channel"":31.5,""period_ms"":10.199785232543945}"
200672,1,3628.9999,3628.9999,False,0.375,"{""inversion_rho"":null,""inversion_channel"":31.5,""period_ms"":10.199785232543945}"
200672,1,3641.2001,3641.2001,False,0.375,"{""inversion_rho"":null,""inversion_channel"":30.0,""period_ms"":10.199785232543945}"
200672,1,3649.9,3649.9,False,1.0,"{""inversion_rho"":null,""inversion_channel"":30.5,""period_ms"":10.199785232543945}"
200672,1,3656.5001,3656.5001,False,1.0,"{""inversion_rho"":null,""inversion_channel"":33.5,""period_ms"":10.199785232543945}"
200672,1,3665.1001,3665.1001,False,1.0,"{""inversion_rho"":null,""inversion_channel"":30.5,""period_ms"":10.199785232543945}"
200672,1,3675.2999,3675.2999,False,1.0,"{""inversion_rho"":null,""inversion_channel"":36.5,""period_ms"":10.199785232543945}"
200672,1,3709.5001,3709.5001,False,0.25,"{""inversion_rho"":null,""inversion_channel"":31.5,""period_ms"":8.499979972839355}"
200672,1,3733.7,3733.7,False,0.375,"{""inversion_rho"":null,""inversion_channel"":31.5,""period_ms"":8.499979972839355}"
200672,1,3746.9001,3746.9001,False,1.0,"{""inversion_rho"":null,""inversion_channel"":31.0,""period_ms"":8.499979972839355}"
200672,1,3753.0999,3753.0999,False,0.375,"{""inversion_rho"":null,""inversion_channel"":31.5,""period_ms"":8.499979972839355}"
200672,1,3760.0999,3760.0999,False,0.25,"{""inversion_rho"":null,""inversion_channel"":31.5,""period_ms"":8.499979972839355}"
200672,1,3769.0001,3769.0001,False,0.375,"{""inversion_rho"":null,""inversion_channel"":17.5,""period_ms"":8.499979972839355}"
200672,1,3776.2001,3776.2001,False,1.0,"{""inversion_rho"":null,""inversion_channel"":29.5,""period_ms"":8.499979972839355}"
200672,1,3782.2001,3782.2001,False,0.25,"{""inversion_rho"":null,""inversion_channel"":30.0,""period_ms"":8.499979972839355}"
200672,1,3790.2999,3790.2999,False,0.375,"{""inversion_rho"":null,""inversion_channel"":2.5,""period_ms"":8.499979972839355}"
200672,1,3803.0,3803.0,False,0.625,"{""inversion_rho"":null,""inversion_channel"":30.5,""period_ms"":8.499979972839355}"
200672,1,3812.0,3812.0,False,1.0,"{""inversion_rho"":null,""inversion_channel"":28.5,""period_ms"":8.499979972839355}"
200672,1,3838.2001,3838.2001,False,0.75,"{""inversion_rho"":null,""inversion_channel"":27.0,""period_ms"":null}"
200672,1,3855.6001,3855.6001,False,0.25,"{""inversion_rho"":null,""inversion_channel"":39.5,""period_ms"":null}"
200672,1,3860.8,3860.8,False,0.25,"{""inversion_rho"":null,""inversion_channel"":28.5,""period_ms"":8.049964904785156}"
200672,1,3870.8999,3870.8999,False,0.5,"{""inversion_rho"":null,""inversion_channel"":34.5,""period_ms"":8.049964904785156}"
200672,1,3876.9,3876.9,False,1.0,"{""inversion_rho"":null,""inversion_channel"":29.5,""period_ms"":8.049964904785156}"
200672,1,3902.4999,3902.4999,False,1.0,"{""inversion_rho"":null,""inversion_channel"":29.0,""period_ms"":null}"
200672,1,3921.7999,3921.7999,False,0.375,"{""inversion_rho"":null,""inversion_channel"":28.5,""period_ms"":null}"
200672,1,3928.1001,3928.1001,False,0.5,"{""inversion_rho"":null,""inversion_channel"":28.5,""period_ms"":null}"
200672,1,3934.6001,3934.6001,False,0.375,"{""inversion_rho"":null,""inversion_channel"":40.0,""period_ms"":null}"
200672,1,3960.5,3960.5,False,0.875,"{""inversion_rho"":null,""inversion_channel"":29.5,""period_ms"":null}"
200672,1,3965.6999,3965.6999,False,1.0,"{""inversion_rho"":null,""inversion_channel"":29.5,""period_ms"":null}"
200672,1,3990.7,3990.7,False,1.0,"{""inversion_rho"":null,""inversion_channel"":29.5,""period_ms"":10.049939155578613}"
200672,1,4001.4,4001.4,False,0.375,"{""inversion_rho"":null,""inversion_channel"":31.5,""period_ms"":10.049939155578613}"
200672,1,4010.7999,4010.7999,False,1.0,"{""inversion_rho"":null,""inversion_channel"":28.5,""period_ms"":10.049939155578613}"
200672,1,4017.7999,4017.7999,False,0.375,"{""inversion_rho"":null,""inversion_channel"":31.5,""period_ms"":10.049939155578613}"
200672,1,4030.0999,4030.0999,False,1.0,"{""inversion_rho"":null,""inversion_channel"":27.5,""period_ms"":10.049939155578613}"
200672,1,4061.3999,4061.3999,False,1.0,"{""inversion_rho"":null,""inversion_channel"":29.0,""period_ms"":null}"
200672,1,4073.2002,4073.2002,False,1.0,"{""inversion_rho"":null,""inversion_channel"":29.5,""period_ms"":null}"
200672,1,4107.5001,4107.5001,False,1.0,"{""inversion_rho"":null,""inversion_channel"":28.0,""period_ms"":26.350021362304688}"
200672,1,4124.1002,4124.1002,False,0.25,"{""inversion_rho"":null,""inversion_channel"":28.5,""period_ms"":26.350021362304688}"
200672,1,4160.2001,4160.2001,False,0.875,"{""inversion_rho"":null,""inversion_channel"":39.5,""period_ms"":26.350021362304688}"
200672,1,4170.4001,4170.4001,False,1.0,"{""inversion_rho"":null,""inversion_channel"":27.5,""period_ms"":null}"
200672,1,4189.4999,4189.4999,False,0.5,"{""inversion_rho"":null,""inversion_channel"":26.5,""period_ms"":null}"
200672,1,4196.4998,4196.4998,False,1.0,"{""inversion_rho"":null,""inversion_channel"":25.5,""period_ms"":null}"
200672,1,4223.7,4223.7,False,1.0,"{""inversion_rho"":null,""inversion_channel"":27.5,""period_ms"":null}"
200672,1,4232.3999,4232.3999,False,1.0,"{""inversion_rho"":null,""inversion_channel"":27.5,""period_ms"":8.150100708007812}"
200672,1,4240.6001,4240.6001,False,0.375,"{""inversion_rho"":null,""inversion_channel"":24.5,""period_ms"":8.150100708007812}"
200672,1,4248.7001,4248.7001,False,1.0,"{""inversion_rho"":null,""inversion_channel"":24.5,""period_ms"":8.150100708007812}"
200672,1,4271.2998,4271.2998,False,1.0,"{""inversion_rho"":null,""inversion_channel"":25.0,""period_ms"":17.199993133544922}"
200672,1,4288.4998,4288.4998,False,0.375,"{""inversion_rho"":null,""inversion_channel"":24.5,""period_ms"":17.199993133544922}"
200672,1,4299.3999,4299.3999,False,1.0,"{""inversion_rho"":null,""inversion_channel"":24.5,""period_ms"":17.199993133544922}"
200672,1,4319.6998,4319.6998,False,0.25,"{""inversion_rho"":null,""inversion_channel"":28.5,""period_ms"":17.199993133544922}"
200672,1,4327.7998,4327.7998,False,1.0,"{""inversion_rho"":null,""inversion_channel"":28.5,""period_ms"":null}"
200672,1,4353.0002,4353.0002,False,0.25,"{""inversion_rho"":null,""inversion_channel"":25.5,""period_ms"":null}"
200672,1,4361.0001,4361.0001,False,0.5,"{""inversion_rho"":null,""inversion_channel"":25.5,""period_ms"":13.649940490722656}"
200672,1,4372.7999,4372.7999,False,1.0,"{""inversion_rho"":null,""inversion_channel"":24.5,""period_ms"":13.649940490722656}"
200672,1,4388.2999,4388.2999,False,1.0,"{""inversion_rho"":null,""inversion_channel"":24.5,""period_ms"":13.649940490722656}"
200672,1,4429.5998,4429.5998,False,1.0,"{""inversion_rho"":null,""inversion_channel"":25.0,""period_ms"":7.299900054931641}"
200672,1,4436.2001,4436.2001,False,1.0,"{""inversion_rho"":null,""inversion_channel"":24.0,""period_ms"":7.299900054931641}"
200672,1,4443.3999,4443.3999,False,1.0,"{""inversion_rho"":null,""inversion_channel"":9.5,""period_ms"":7.299900054931641}"
200672,1,4455.4,4455.4,False,1.0,"{""inversion_rho"":null,""inversion_channel"":24.5,""period_ms"":7.299900054931641}"
200672,1,4462.8,4462.8,False,1.0,"{""inversion_rho"":null,""inversion_channel"":13.5,""period_ms"":7.299900054931641}"
200672,1,4470.3002,4470.3002,False,1.0,"{""inversion_rho"":null,""inversion_channel"":13.5,""period_ms"":7.299900054931641}"
200672,1,4475.9998,4475.9998,False,0.25,"{""inversion_rho"":null,""inversion_channel"":22.5,""period_ms"":7.299900054931641}"
200672,1,4487.2999,4487.2999,False,0.375,"{""inversion_rho"":null,""inversion_channel"":13.5,""period_ms"":7.299900054931641}"
200672,1,4494.2999,4494.2999,False,0.25,"{""inversion_rho"":null,""inversion_channel"":15.5,""period_ms"":7.299900054931641}"
200672,1,4633.4,4633.4,False,1.0,"{""inversion_rho"":null,""inversion_channel"":22.5,""period_ms"":71.20013236999512}"
200672,1,4707.5,4707.5,False,1.0,"{""inversion_rho"":null,""inversion_channel"":18.0,""period_ms"":71.20013236999512}"
200672,1,4775.8002,4775.8002,False,0.875,"{""inversion_rho"":null,""inversion_channel"":19.5,""period_ms"":71.20013236999512}"
200672,1,4791.9002,4791.9002,False,1.0,"{""inversion_rho"":null,""inversion_channel"":21.5,""period_ms"":null}"
200672,1,4832.6001,4832.6001,False,0.5,"{""inversion_rho"":null,""inversion_channel"":32.5,""period_ms"":null}"
200672,1,4841.7001,4841.7001,False,0.875,"{""inversion_rho"":null,""inversion_channel"":22.5,""period_ms"":14.950037002563477}"
200672,1,4862.4001,4862.4001,False,0.625,"{""inversion_rho"":null,""inversion_channel"":40.0,""period_ms"":14.950037002563477}"
200672,1,4871.6002,4871.6002,False,0.75,"{""inversion_rho"":null,""inversion_channel"":21.5,""period_ms"":14.950037002563477}"
200672,1,4903.9998,4903.9998,False,0.375,"{""inversion_rho"":null,""inversion_channel"":33.0,""period_ms"":22.20010757446289}"
200672,1,4916.2998,4916.2998,False,1.0,"{""inversion_rho"":null,""inversion_channel"":22.5,""period_ms"":22.20010757446289}"
200672,1,4938.4999,4938.4999,False,1.0,"{""inversion_rho"":null,""inversion_channel"":20.0,""period_ms"":22.20010757446289}"
200672,1,4983.7999,4983.7999,False,1.0,"{""inversion_rho"":null,""inversion_channel"":31.5,""period_ms"":22.20010757446289}"
200672,1,4988.9998,4988.9998,False,1.0,"{""inversion_rho"":null,""inversion_channel"":19.5,""period_ms"":32.29999542236328}"
200672,1,5015.1,5015.1,False,1.0,"{""inversion_rho"":null,""inversion_channel"":22.0,""period_ms"":32.29999542236328}"
200672,1,5036.5,5036.5,False,1.0,"{""inversion_rho"":null,""inversion_channel"":20.0,""period_ms"":32.29999542236328}"
200672,1,5079.4001,5079.4001,False,1.0,"{""inversion_rho"":null,""inversion_channel"":17.5,""period_ms"":32.29999542236328}"
200672,1,5111.7001,5111.7001,False,1.0,"{""inversion_rho"":null,""inversion_channel"":38.0,""period_ms"":32.29999542236328}"
200672,1,5147.5,5147.5,False,0.375,"{""inversion_rho"":null,""inversion_channel"":14.5,""period_ms"":32.29999542236328}"
200672,1,5154.5,5154.5,False,0.625,"{""inversion_rho"":null,""inversion_channel"":25.0,""period_ms"":8.549928665161133}"
200672,1,5165.2002,5165.2002,False,0.25,"{""inversion_rho"":null,""inversion_channel"":23.0,""period_ms"":8.549928665161133}"
200672,1,5171.5999,5171.5999,False,0.375,"{""inversion_rho"":null,""inversion_channel"":25.0,""period_ms"":8.549928665161133}"
200672,1,65.3,85.4,True,1.0,"{""inversion_rho"":null,""inversion_channel"":7.5,""period_ms"":10.049998760223389}"
200672,1,1760.2,1821.0,True,1.0,"{""inversion_rho"":null,""inversion_channel"":44.5,""period_ms"":30.399978160858154}"
200672,1,1972.9,2173.5001,True,1.0,"{""inversion_rho"":null,""inversion_channel"":20.0,""period_ms"":65.3998851776123}"
200672,1,2351.2001,2696.1999,True,1.0,"{""inversion_rho"":null,""inversion_channel"":30.5,""period_ms"":18.850088119506836}"
200672,1,2728.2,2827.6,True,1.0,"{""inversion_rho"":null,""inversion_channel"":31.5,""period_ms"":7.899999618530273}"
200672,1,2871.5999,2892.6001,True,1.0,"{""inversion_rho"":null,""inversion_channel"":31.5,""period_ms"":10.500073432922363}"
200672,1,2897.9001,2955.9,True,1.0,"{""inversion_rho"":null,""inversion_channel"":31.5,""period_ms"":11.800050735473633}"
200672,1,2969.6,2998.8999,True,1.0,"{""inversion_rho"":null,""inversion_channel"":31.75,""period_ms"":8.500099182128906}"
200672,1,3029.0999,3088.3,True,1.0,"{""inversion_rho"":null,""inversion_channel"":31.25,""period_ms"":8.800029754638672}"
200672,1,3138.0,3235.6999,True,1.0,"{""inversion_rho"":null,""inversion_channel"":31.5,""period_ms"":9.50002670288086}"
200672,1,3256.4001,3299.7999,True,1.0,"{""inversion_rho"":null,""inversion_channel"":33.5,""period_ms"":14.499902725219727}"
200672,1,3376.8001,3408.7,True,1.0,"{""inversion_rho"":null,""inversion_channel"":32.25,""period_ms"":10.799884796142578}"
200672,1,3454.0,3474.2999,True,1.0,"{""inversion_rho"":null,""inversion_channel"":30.5,""period_ms"":10.149955749511719}"
200672,1,3502.1999,3534.4,True,1.0,"{""inversion_rho"":null,""inversion_channel"":31.0,""period_ms"":8.699893951416016}"
200672,1,3597.5001,3675.2999,True,1.0,"{""inversion_rho"":null,""inversion_channel"":31.5,""period_ms"":10.199785232543945}"
200672,1,3709.5001,3812.0,True,1.0,"{""inversion_rho"":null,""inversion_channel"":30.5,""period_ms"":8.499979972839355}"
200672,1,3860.8,3876.9,True,1.0,"{""inversion_rho"":null,""inversion_channel"":29.5,""period_ms"":8.049964904785156}"
200672,1,3990.7,4030.0999,True,1.0,"{""inversion_rho"":null,""inversion_channel"":29.5,""period_ms"":10.049939155578613}"
200672,1,4107.5001,4160.2001,True,1.0,"{""inversion_rho"":null,""inversion_channel"":28.5,""period_ms"":26.350021362304688}"
200672,1,4232.3999,4248.7001,True,1.0,"{""inversion_rho"":null,""inversion_channel"":24.5,""period_ms"":8.150100708007812}"
200672,1,4271.2998,4319.6998,True,1.0,"{""inversion_rho"":null,""inversion_channel"":24.75,""period_ms"":17.199993133544922}"
200672,1,4361.0001,4388.2999,True,1.0,"{""inversion_rho"":null,""inversion_channel"":24.5,""period_ms"":13.649940490722656}"
200672,1,4429.5998,4494.2999,True,1.0,"{""inversion_rho"":null,""inversion_channel"":15.5,""period_ms"":7.299900054931641}"
200672,1,4633.4,4775.8002,True,1.0,"{""inversion_rho"":null,""inversion_channel"":19.5,""period_ms"":71.20013236999512}"
200672,1,4841.7001,4871.6002,True,1.0,"{""inversion_rho"":null,""inversion_channel"":22.5,""period_ms"":14.950037002563477}"
200672,1,4903.9998,4983.7999,True,1.0,"{""inversion_rho"":null,""inversion_channel"":27.0,""period_ms"":22.20010757446289}"
200672,1,4988.9998,5147.5,True,1.0,"{""inversion_rho"":null,""inversion_channel"":19.75,""period_ms"":32.29999542236328}"
200672,1,5154.5,5171.5999,True,1.0,"{""inversion_rho"":null,""inversion_channel"":25.0,""period_ms"":8.549928665161133}"
200704,1,1204.3,1204.3,False,1.0,"{""inversion_rho"":null,""inversion_channel"":21.5,""period_ms"":null}"
200704,1,1225.4,1225.4,False,1.0,"{""inversion_rho"":null,""inversion_channel"":21.5,""period_ms"":null}"
200704,1,1367.4999,1367.4999,False,1.0,"{""inversion_rho"":null,""inversion_channel"":21.5,""period_ms"":18.199920654296875}"
200704,1,1387.3,1387.3,False,1.0,"{""inversion_rho"":null,""inversion_channel"":21.5,""period_ms"":18.199920654296875}"
200704,1,1406.9,1406.9,False,1.0,"{""inversion_rho"":null,""inversion_channel"":21.5,""period_ms"":18.199920654296875}"
200704,1,1426.3,1426.3,False,1.0,"{""inversion_rho"":null,""inversion_channel"":21.5,""period_ms"":18.199920654296875}"
200704,1,1445.9,1445.9,False,1.0,"{""inversion_rho"":null,""inversion_channel"":21.0,""period_ms"":18.199920654296875}"
200704,1,1465.1,1465.1,False,1.0,"{""inversion_rho"":null,""inversion_channel"":21.5,""period_ms"":18.199920654296875}"
200704,1,1483.8001,1483.8001,False,1.0,"{""inversion_rho"":null,""inversion_channel"":21.0,""period_ms"":18.199920654296875}"
200704,1,1502.6,1502.6,False,1.0,"{""inversion_rho"":null,""inversion_channel"":21.0,""period_ms"":18.199920654296875}"
200704,1,1521.1999,1521.1999,False,1.0,"{""inversion_rho"":null,""inversion_channel"":21.5,""period_ms"":18.199920654296875}"
200704,1,1539.7,1539.7,False,1.0,"{""inversion_rho"":null,""inversion_channel"":21.0,""period_ms"":18.199920654296875}"
200704,1,1557.8001,1557.8001,False,1.0,"{""inversion_rho"":null,""inversion_channel"":21.5,""period_ms"":18.199920654296875}"
200704,1,1576.0,1576.0,False,1.0,"{""inversion_rho"":null,""inversion_channel"":21.5,""period_ms"":18.199920654296875}"
200704,1,1594.3,1594.3,False,1.0,"{""inversion_rho"":null,""inversion_channel"":21.0,""period_ms"":18.199920654296875}"
200704,1,1612.0,1612.0,False,0.625,"{""inversion_rho"":null,""inversion_channel"":33.5,""period_ms"":18.199920654296875}"
200704,1,1630.1,1630.1,False,1.0,"{""inversion_rho"":null,""inversion_channel"":21.0,""period_ms"":18.199920654296875}"
200704,1,1648.2,1648.2,False,1.0,"{""inversion_rho"":null,""inversion_channel"":21.0,""period_ms"":18.199920654296875}"
200704,1,1666.0,1666.0,False,1.0,"{""inversion_rho"":null,""inversion_channel"":21.0,""period_ms"":18.199920654296875}"
200704,1,1683.9,1683.9,False,1.0,"{""inversion_rho"":null,""inversion_channel"":20.5,""period_ms"":18.199920654296875}"
200704,1,1701.6,1701.6,False,1.0,"{""inversion_rho"":null,""inversion_channel"":20.5,""period_ms"":18.199920654296875}"
200704,1,1719.6,1719.6,False,1.0,"{""inversion_rho"":null,""inversion_channel"":20.5,""period_ms"":18.199920654296875}"
200704,1,1737.6,1737.6,False,1.0,"{""inversion_rho"":null,""inversion_channel"":21.5,""period_ms"":18.199920654296875}"
200704,1,1755.3999,1755.3999,False,1.0,"{""inversion_rho"":null,""inversion_channel"":20.5,""period_ms"":18.199920654296875}"
200704,1,1773.1,1773.1,False,1.0,"{""inversion_rho"":null,""inversion_channel"":21.0,""period_ms"":18.199920654296875}"
200704,1,1790.2,1790.2,False,1.0,"{""inversion_rho"":null,""inversion_channel"":21.5,""period_ms"":18.199920654296875}"
200704,1,1806.8,1806.8,False,1.0,"{""inversion_rho"":null,""inversion_channel"":21.0,""period_ms"":18.199920654296875}"
200704,1,1823.7,1823.7,False,1.0,"{""inversion_rho"":null,""inversion_channel"":21.5,""period_ms"":18.199920654296875}"
200704,1,1841.5999,1841.5999,False,1.0,"{""inversion_rho"":null,""inversion_channel"":21.0,""period_ms"":18.199920654296875}"
200704,1,1859.2,1859.2,False,1.0,"{""inversion_rho"":null,""inversion_channel"":21.0,""period_ms"":18.199920654296875}"
200704,1,1877.2,1877.2,False,1.0,"{""inversion_rho"":null,""inversion_channel"":21.0,""period_ms"":18.199920654296875}"
200704,1,1895.0,1895.0,False,1.0,"{""inversion_rho"":null,""inversion_channel"":34.5,""period_ms"":18.199920654296875}"
200704,1,1912.9,1912.9,False,1.0,"{""inversion_rho"":null,""inversion_channel"":21.5,""period_ms"":18.199920654296875}"
200704,1,1930.8,1930.8,False,1.0,"{""inversion_rho"":null,""inversion_channel"":21.0,""period_ms"":18.199920654296875}"
200704,1,1949.0,1949.0,False,1.0,"{""inversion_rho"":null,""inversion_channel"":21.0,""period_ms"":18.199920654296875}"
200704,1,1967.3001,1967.3001,False,1.0,"{""inversion_rho"":null,""inversion_channel"":20.5,""period_ms"":18.199920654296875}"
200704,1,1985.2,1985.2,False,1.0,"{""inversion_rho"":null,""inversion_channel"":21.5,""period_ms"":18.199920654296875}"
200704,1,2003.0999,2003.0999,False,1.0,"{""inversion_rho"":null,""inversion_channel"":21.0,""period_ms"":18.199920654296875}"
200704,1,2020.6001,2020.6001,False,1.0,"{""inversion_rho"":null,""inversion_channel"":20.5,""period_ms"":18.199920654296875}"
200704,1,2039.2001,2039.2001,False,1.0,"{""inversion_rho"":null,""inversion_channel"":21.0,""period_ms"":18.199920654296875}"
200704,1,2058.3,2058.3,False,1.0,"{""inversion_rho"":null,""inversion_channel"":20.5,""period_ms"":18.199920654296875}"
200704,1,2078.1,2078.1,False,1.0,"{""inversion_rho"":null,""inversion_channel"":20.0,""period_ms"":18.199920654296875}"
200704,1,2098.7,2098.7,False,1.0,"{""inversion_rho"":null,""inversion_channel"":19.5,""period_ms"":18.199920654296875}"
200704,1,2119.9,2119.9,False,1.0,"{""inversion_rho"":null,""inversion_channel"":18.5,""period_ms"":18.199920654296875}"
200704,1,2141.4001,2141.4001,False,1.0,"{""inversion_rho"":null,""inversion_channel"":17.5,""period_ms"":18.199920654296875}"
200704,1,2162.6,2162.6,False,0.875,"{""inversion_rho"":null,""inversion_channel"":17.5,""period_ms"":18.199920654296875}"
200704,1,2184.2,2184.2,False,1.0,"{""inversion_rho"":null,""inversion_channel"":16.5,""period_ms"":18.199920654296875}"
200704,1,2205.3001,2205.3001,False,1.0,"{""inversion_rho"":null,""inversion_channel"":15.5,""period_ms"":18.199920654296875}"
200704,1,2226.1,2226.1,False,1.0,"{""inversion_rho"":null,""inversion_channel"":14.5,""period_ms"":18.199920654296875}"
200704,1,2246.3,2246.3,False,1.0,"{""inversion_rho"":null,""inversion_channel"":14.5,""period_ms"":18.199920654296875}"
200704,1,1367.4999,2246.3,True,1.0,"{""inversion_rho"":null,""inversion_channel"":21.0,""period_ms"":18.199920654296875}"
200712,1,1100.1,1100.1,False,1.0,"{""inversion_rho"":null,""inversion_channel"":21.5,""period_ms"":48.80005121231079}"
200712,1,1292.7001,1292.7001,False,1.0,"{""inversion_rho"":null,""inversion_channel"":32.5,""period_ms"":48.80005121231079}"
200712,1,1389.4,1389.4,False,1.0,"{""inversion_rho"":null,""inversion_channel"":20.5,""period_ms"":48.80005121231079}"
200712,1,1482.7,1482.7,False,1.0,"{""inversion_rho"":null,""inversion_channel"":33.5,""period_ms"":48.80005121231079}"
200712,1,1527.4,1527.4,False,1.0,"{""inversion_rho"":null,""inversion_channel"":20.0,""period_ms"":48.80005121231079}"
200712,1,1576.7,1576.7,False,1.0,"{""inversion_rho"":null,""inversion_channel"":19.5,""period_ms"":48.80005121231079}"
200712,1,1626.0,1626.0,False,1.0,"{""inversion_rho"":null,""inversion_channel"":19.5,""period_ms"":48.80005121231079}"
200712,1,1676.7,1676.7,False,1.0,"{""inversion_rho"":null,""inversion_channel"":19.0,""period_ms"":48.80005121231079}"
200712,1,1727.5,1727.5,False,1.0,"{""inversion_rho"":null,""inversion_channel"":18.5,""period_ms"":48.80005121231079}"
200712,1,1776.7,1776.7,False,1.0,"{""inversion_rho"":null,""inversion_channel"":19.0,""period_ms"":48.80005121231079}"
200712,1,1826.0,1826.0,False,1.0,"{""inversion_rho"":null,""inversion_channel"":18.5,""period_ms"":48.80005121231079}"
200712,1,1874.9,1874.9,False,0.375,"{""inversion_rho"":null,""inversion_channel"":19.0,""period_ms"":48.80005121231079}"
200712,1,1926.1,1926.1,False,1.0,"{""inversion_rho"":null,""inversion_channel"":18.5,""period_ms"":48.80005121231079}"
200712,1,1975.5,1975.5,False,1.0,"{""inversion_rho"":null,""inversion_channel"":18.0,""period_ms"":48.80005121231079}"
200712,1,2025.8999,2025.8999,False,1.0,"{""inversion_rho"":null,""inversion_channel"":17.5,""period_ms"":48.80005121231079}"
200712,1,2075.5999,2075.5999,False,1.0,"{""inversion_rho"":null,""inversion_channel"":18.0,""period_ms"":48.80005121231079}"
200712,1,2124.0001,2124.0001,False,0.875,"{""inversion_rho"":null,""inversion_channel"":18.5,""period_ms"":48.80005121231079}"
200712,1,2174.5999,2174.5999,False,1.0,"{""inversion_rho"":null,""inversion_channel"":17.5,""period_ms"":48.80005121231079}"
200712,1,2224.4999,2224.4999,False,1.0,"{""inversion_rho"":null,""inversion_channel"":17.5,""period_ms"":48.80005121231079}"
200712,1,2274.2,2274.2,False,1.0,"{""inversion_rho"":null,""inversion_channel"":17.5,""period_ms"":48.80005121231079}"
200712,1,2323.1001,2323.1001,False,1.0,"{""inversion_rho"":null,""inversion_channel"":18.0,""period_ms"":48.80005121231079}"
200712,1,2372.4999,2372.4999,False,1.0,"{""inversion_rho"":null,""inversion_channel"":17.5,""period_ms"":48.80005121231079}"
200712,1,2421.2,2421.2,False,1.0,"{""inversion_rho"":null,""inversion_channel"":18.5,""period_ms"":48.80005121231079}"
200712,1,2469.3,2469.3,False,1.0,"{""inversion_rho"":null,""inversion_channel"":17.5,""period_ms"":48.80005121231079}"
200712,1,2515.3999,2515.3999,False,0.625,"{""inversion_rho"":null,""inversion_channel"":17.5,""period_ms"":48.80005121231079}"
200712,1,2562.0999,2562.0999,False,1.0,"{""inversion_rho"":null,""inversion_channel"":17.5,""period_ms"":48.80005121231079}"
200712,1,2605.9,2605.9,False,0.875,"{""inversion_rho"":null,""inversion_channel"":18.0,""period_ms"":48.80005121231079}"
200712,1,2648.7999,2648.7999,False,1.0,"{""inversion_rho"":null,""inversion_channel"":19.0,""period_ms"":48.80005121231079}"
200712,1,2696.8,2696.8,False,1.0,"{""inversion_rho"":null,""inversion_channel"":17.5,""period_ms"":48.80005121231079}"
200712,1,2734.2999,2734.2999,False,0.375,"{""inversion_rho"":null,""inversion_channel"":18.5,""period_ms"":48.80005121231079}"
200712,1,2763.4001,2763.4001,False,1.0,"{""inversion_rho"":null,""inversion_channel"":18.5,""period_ms"":48.80005121231079}"
200712,1,2790.2999,2790.2999,False,0.75,"{""inversion_rho"":null,""inversion_channel"":17.5,""period_ms"":48.80005121231079}"
200712,1,2813.1001,2813.1001,False,1.0,"{""inversion_rho"":null,""inversion_channel"":18.0,""period_ms"":48.80005121231079}"
200712,1,2834.8999,2834.8999,False,1.0,"{""inversion_rho"":null,""inversion_channel"":18.5,""period_ms"":48.80005121231079}"
200712,1,2855.0999,2855.0999,False,1.0,"{""inversion_rho"":null,""inversion_channel"":18.5,""period_ms"":48.80005121231079}"
200712,1,2875.0999,2875.0999,False,1.0,"{""inversion_rho"":null,""inversion_channel"":17.5,""period_ms"":48.80005121231079}"
200712,1,2893.5001,2893.5001,False,1.0,"{""inversion_rho"":null,""inversion_channel"":17.5,""period_ms"":48.80005121231079}"
200712,1,2911.4001,2911.4001,False,1.0,"{""inversion_rho"":null,""inversion_channel"":17.5,""period_ms"":48.80005121231079}"
200712,1,2923.8,2923.8,False,1.0,"{""inversion_rho"":null,""inversion_channel"":35.5,""period_ms"":48.80005121231079}"
200712,1,2964.7999,2964.7999,False,0.625,"{""inversion_rho"":null,""inversion_channel"":7.5,""period_ms"":null}"
200712,1,1100.1,2923.8,True,1.0,"{""inversion_rho"":null,""inversion_channel"":18.5,""period_ms"":48.80005121231079}"
200738,1,62.2,62.2,False,0.375,"{""inversion_rho"":null,""inversion_channel"":3.5,""period_ms"":11.199995875358582}"
200738,1,70.9,70.9,False,1.0,"{""inversion_rho"":null,""inversion_channel"":3.5,""period_ms"":11.199995875358582}"
200738,1,82.1,82.1,False,1.0,"{""inversion_rho"":null,""inversion_channel"":3.5,""period_ms"":11.199995875358582}"
200738,1,97.8,97.8,False,1.0,"{""inversion_rho"":null,""inversion_channel"":5.5,""period_ms"":11.199995875358582}"
200738,1,1844.7,1844.7,False,0.375,"{""inversion_rho"":null,""inversion_channel"":14.0,""period_ms"":70.10006904602051}"
200738,1,1903.0,1903.0,False,1.0,"{""inversion_rho"":null,""inversion_channel"":13.5,""period_ms"":70.10006904602051}"
200738,1,1989.5,1989.5,False,0.625,"{""inversion_rho"":null,""inversion_channel"":13.0,""period_ms"":70.10006904602051}"
200738,1,2059.6001,2059.6001,False,1.0,"{""inversion_rho"":null,""inversion_channel"":13.5,""period_ms"":70.10006904602051}"
200738,1,2064.8999,2064.8999,False,1.0,"{""inversion_rho"":null,""inversion_channel"":11.5,""period_ms"":58.500051498413086}"
200738,1,2129.2,2129.2,False,1.0,"{""inversion_rho"":null,""inversion_channel"":13.0,""period_ms"":58.500051498413086}"
200738,1,2182.4,2182.4,False,1.0,"{""inversion_rho"":null,""inversion_channel"":13.5,""period_ms"":58.500051498413086}"
200738,1,2258.4,2258.4,False,1.0,"{""inversion_rho"":null,""inversion_channel"":12.5,""period_ms"":58.500051498413086}"
200738,1,2300.2999,2300.2999,False,1.0,"{""inversion_rho"":null,""inversion_channel"":13.5,""period_ms"":58.500051498413086}"
200738,1,2358.7999,2358.7999,False,1.0,"{""inversion_rho"":null,""inversion_channel"":13.5,""period_ms"":58.500051498413086}"
200738,1,2386.6,2386.6,False,1.0,"{""inversion_rho"":null,""inversion_channel"":13.5,""period_ms"":58.500051498413086}"
200738,1,2448.9999,2448.9999,False,1.0,"{""inversion_rho"":null,""inversion_channel"":13.5,""period_ms"":58.500051498413086}"
200738,1,2457.0999,2457.0999,False,1.0,"{""inversion_rho"":null,""inversion_channel"":12.0,""period_ms"":18.49997043609619}"
200738,1,2486.3999,2486.3999,False,1.0,"{""inversion_rho"":null,""inversion_channel"":13.0,""period_ms"":18.49997043609619}"
200738,1,2548.3999,2548.3999,False,1.0,"{""inversion_rho"":null,""inversion_channel"":14.5,""period_ms"":18.49997043609619}"
200738,1,2581.1999,2581.1999,False,1.0,"{""inversion_rho"":null,""inversion_channel"":13.5,""period_ms"":18.49997043609619}"
200738,1,2597.8,2597.8,False,1.0,"{""inversion_rho"":null,""inversion_channel"":14.5,""period_ms"":18.49997043609619}"
200738,1,2634.8,2634.8,False,1.0,"{""inversion_rho"":null,""inversion_channel"":14.5,""period_ms"":18.49997043609619}"
200738,1,2660.5,2660.5,False,1.0,"{""inversion_rho"":null,""inversion_channel"":14.5,""period_ms"":18.49997043609619}"
200738,1,2680.3999,2680.3999,False,1.0,"{""inversion_rho"":null,""inversion_channel"":14.0,""period_ms"":18.49997043609619}"
200738,1,2699.3001,2699.3001,False,1.0,"{""inversion_rho"":null,""inversion_channel"":14.0,""period_ms"":18.49997043609619}"
200738,1,2727.9,2727.9,False,1.0,"{""inversion_rho"":null,""inversion_channel"":13.0,""period_ms"":18.49997043609619}"
200738,1,2744.9,2744.9,False,1.0,"{""inversion_rho"":null,""inversion_channel"":13.5,""period_ms"":18.49997043609619}"
200738,1,2776.0,2776.0,False,1.0,"{""inversion_rho"":null,""inversion_channel"":13.5,""period_ms"":18.49997043609619}"
200738,1,2796.2999,2796.2999,False,1.0,"{""inversion_rho"":null,""inversion_channel"":12.5,""period_ms"":18.49997043609619}"
200738,1,2817.3001,2817.3001,False,1.0,"{""inversion_rho"":null,""inversion_channel"":12.5,""period_ms"":18.49997043609619}"
200738,1,2839.4001,2839.4001,False,1.0,"{""inversion_rho"":null,""inversion_channel"":11.5,""period_ms"":18.49997043609619}"
200738,1,2859.7,2859.7,False,1.0,"{""inversion_rho"":null,""inversion_channel"":11.0,""period_ms"":18.49997043609619}"
200738,1,2876.8001,2876.8001,False,1.0,"{""inversion_rho"":null,""inversion_channel"":11.0,""period_ms"":18.49997043609619}"
200738,1,2915.0,2915.0,False,1.0,"{""inversion_rho"":null,""inversion_channel"":34.5,""period_ms"":18.49997043609619}"
200738,1,2940.7001,2940.7001,False,1.0,"{""inversion_rho"":null,""inversion_channel"":9.5,""period_ms"":18.49997043609619}"
200738,1,2956.0001,2956.0001,False,1.0,"{""inversion_rho"":null,""inversion_channel"":33.5,""period_ms"":18.49997043609619}"
200738,1,2984.4,2984.4,False,1.0,"{""inversion_rho"":null,""inversion_channel"":33.5,""period_ms"":18.49997043609619}"
200738,1,3004.8001,3004.8001,False,1.0,"{""inversion_rho"":null,""inversion_channel"":33.5,""period_ms"":18.49997043609619}"
200738,1,3023.6001,3023.6001,False,1.0,"{""inversion_rho"":null,""inversion_channel"":33.5,""period_ms"":18.49997043609619}"
200738,1,3043.2,3043.2,False,1.0,"{""inversion_rho"":null,""inversion_channel"":8.5,""period_ms"":18.49997043609619}"
200738,1,3061.3999,3061.3999,False,0.875,"{""inversion_rho"":null,""inversion_channel"":8.0,""period_ms"":18.49997043609619}"
200738,1,3079.0,3079.0,False,1.0,"{""inversion_rho"":null,""inversion_channel"":32.0,""period_ms"":18.49997043609619}"
200738,1,3095.9001,3095.9001,False,1.0,"{""inversion_rho"":null,""inversion_channel"":31.5,""period_ms"":18.49997043609619}"
200738,1,3112.5,3112.5,False,1.0,"{""inversion_rho"":null,""inversion_channel"":31.5,""period_ms"":18.49997043609619}"
200738,1,3137.2001,3137.2001,False,1.0,"{""inversion_rho"":null,""inversion_channel"":31.5,""period_ms"":18.49997043609619}"
200738,1,3160.7001,3160.7001,False,1.0,"{""inversion_rho"":null,""inversion_channel"":30.5,""period_ms"":18.49997043609619}"
200738,1,3176.5001,3176.5001,False,1.0,"{""inversion_rho"":null,""inversion_channel"":7.5,""period_ms"":18.49997043609619}"
200738,1,3192.6999,3192.6999,False,1.0,"{""inversion_rho"":null,""inversion_channel"":7.5,""period_ms"":18.49997043609619}"
200738,1,3207.7999,3207.7999,False,1.0,"{""inversion_rho"":null,""inversion_channel"":7.5,""period_ms"":18.49997043609619}"
200738,1,3223.5999,3223.5999,False,1.0,"{""inversion_rho"":null,""inversion_channel"":8.0,""period_ms"":18.49997043609619}"
200738,1,3238.4,3238.4,False,1.0,"{""inversion_rho"":null,""inversion_channel"":7.5,""period_ms"":18.49997043609619}"
200738,1,3254.1001,3254.1001,False,1.0,"{""inversion_rho"":null,""inversion_channel"":26.5,""period_ms"":18.49997043609619}"
200738,1,3272.0001,3272.0001,False,1.0,"{""inversion_rho"":null,""inversion_channel"":8.0,""period_ms"":18.49997043609619}"
200738,1,3287.6,3287.6,False,1.0,"{""inversion_rho"":null,""inversion_channel"":24.5,""period_ms"":18.49997043609619}"
200738,1,3303.2,3303.2,False,1.0,"{""inversion_rho"":null,""inversion_channel"":24.0,""period_ms"":18.49997043609619}"
200738,1,3318.3,3318.3,False,1.0,"{""inversion_rho"":null,""inversion_channel"":21.5,""period_ms"":18.49997043609619}"
200738,1,3334.3999,3334.3999,False,1.0,"{""inversion_rho"":null,""inversion_channel"":21.5,""period_ms"":18.49997043609619}"
200738,1,3350.3001,3350.3001,False,1.0,"{""inversion_rho"":null,""inversion_channel"":21.5,""period_ms"":18.49997043609619}"
200738,1,3366.2,3366.2,False,1.0,"{""inversion_rho"":null,""inversion_channel"":20.5,""period_ms"":18.49997043609619}"
200738,1,3585.4001,3585.4001,False,1.0,"{""inversion_rho"":null,""inversion_channel"":20.0,""period_ms"":null}"
200738,1,62.2,97.8,True,1.0,"{""inversion_rho"":null,""inversion_channel"":3.5,""period_ms"":11.199995875358582}"
200738,1,1844.7,2059.6001,True,1.0,"{""inversion_rho"":null,""inversion_channel"":13.5,""period_ms"":70.10006904602051}"
200738,1,2064.8999,2448.9999,True,1.0,"{""inversion_rho"":null,""inversion_channel"":13.5,""period_ms"":58.500051498413086}"
200738,1,2457.0999,3366.2,True,1.0,"{""inversion_rho"":null,""inversion_channel"":14.0,""period_ms"":18.49997043609619}"
200847,1,56.5,56.5,False,1.0,"{""inversion_rho"":null,""inversion_channel"":35.5,""period_ms"":null}"
200847,1,2757.4,2757.4,False,1.0,"{""inversion_rho"":null,""inversion_channel"":19.0,""period_ms"":24.09982681274414}"
200847,1,2789.3,2789.3,False,1.0,"{""inversion_rho"":null,""inversion_channel"":18.5,""period_ms"":24.09982681274414}"
200847,1,2815.9001,2815.9001,False,1.0,"{""inversion_rho"":null,""inversion_channel"":18.5,""period_ms"":24.09982681274414}"
200847,1,2840.8,2840.8,False,1.0,"{""inversion_rho"":null,""inversion_channel"":18.5,""period_ms"":24.09982681274414}"
200847,1,2861.9001,2861.9001,False,1.0,"{""inversion_rho"":null,""inversion_channel"":18.5,""period_ms"":24.09982681274414}"
200847,1,2885.9999,2885.9999,False,1.0,"{""inversion_rho"":null,""inversion_channel"":19.0,""period_ms"":24.09982681274414}"
200847,1,2903.5001,2903.5001,False,0.375,"{""inversion_rho"":null,""inversion_channel"":18.5,""period_ms"":24.09982681274414}"
200847,1,2914.3,2914.3,False,1.0,"{""inversion_rho"":null,""inversion_channel"":16.5,""period_ms"":24.09982681274414}"
200847,1,2961.2,2961.2,False,0.375,"{""inversion_rho"":null,""inversion_channel"":5.5,""period_ms"":null}"
200847,1,2974.9999,2974.9999,False,1.0,"{""inversion_rho"":null,""inversion_channel"":12.5,""period_ms"":null}"
200847,1,2757.4,2914.3,True,1.0,"{""inversion_rho"":null,""inversion_channel"":18.5,""period_ms"":24.09982681274414}"
200875,1,66.2,66.2,False,1.0,"{""inversion_rho"":null,""inversion_channel"":4.5,""period_ms"":9.299997240304947}"
200875,1,77.4,77.4,False,0.875,"{""inversion_rho"":null,""inversion_channel"":3.5,""period_ms"":9.299997240304947}"
200875,1,84.8,84.8,False,0.25,"{""inversion_rho"":null,""inversion_channel"":3.5,""period_ms"":9.299997240304947}"
200875,1,3827.3001,3827.3001,False,1.0,"{""inversion_rho"":null,""inversion_channel"":33.5,""period_ms"":16.649961471557617}"
200875,1,3851.1,3851.1,False,1.0,"{""inversion_rho"":null,""inversion_channel"":31.5,""period_ms"":16.649961471557617}"
200875,1,3877.0001,3877.0001,False,1.0,"{""inversion_rho"":null,""inversion_channel"":31.5,""period_ms"":16.649961471557617}"
200875,1,3901.7,3901.7,False,1.0,"{""inversion_rho"":null,""inversion_channel"":31.5,""period_ms"":16.649961471557617}"
200875,1,3924.7999,3924.7999,False,1.0,"{""inversion_rho"":null,""inversion_channel"":31.5,""period_ms"":16.649961471557617}"
200875,1,3946.3,3946.3,False,1.0,"{""inversion_rho"":null,""inversion_channel"":30.5,""period_ms"":16.649961471557617}"
200875,1,3965.6999,3965.6999,False,0.375,"{""inversion_rho"":null,""inversion_channel"":31.5,""period_ms"":16.649961471557617}"
200875,1,3988.8999,3988.8999,False,1.0,"{""inversion_rho"":null,""inversion_channel"":30.5,""period_ms"":16.649961471557617}"
200875,1,4007.8001,4007.8001,False,1.0,"{""inversion_rho"":null,""inversion_channel"":31.5,""period_ms"":16.649961471557617}"
200875,1,4025.3,4025.3,False,1.0,"{""inversion_rho"":null,""inversion_channel"":31.5,""period_ms"":16.649961471557617}"
200875,1,4042.7999,4042.7999,False,1.0,"{""inversion_rho"":null,""inversion_channel"":31.5,""period_ms"":16.649961471557617}"
200875,1,4060.4,4060.4,False,1.0,"{""inversion_rho"":null,""inversion_channel"":31.5,""period_ms"":16.649961471557617}"
200875,1,4076.2,4076.2,False,1.0,"{""inversion_rho"":null,""inversion_channel"":30.0,""period_ms"":16.649961471557617}"
200875,1,4091.3,4091.3,False,1.0,"{""inversion_rho"":null,""inversion_channel"":6.5,""period_ms"":16.649961471557617}"
200875,1,4106.8001,4106.8001,False,1.0,"{""inversion_rho"":null,""inversion_channel"":29.5,""period_ms"":16.649961471557617}"
200875,1,4121.6998,4121.6998,False,1.0,"{""inversion_rho"":null,""inversion_channel"":29.5,""period_ms"":16.649961471557617}"
200875,1,4143.7998,4143.7998,False,1.0,"{""inversion_rho"":null,""inversion_channel"":28.0,""period_ms"":16.649961471557617}"
200875,1,4159.5001,4159.5001,False,1.0,"{""inversion_rho"":null,""inversion_channel"":28.0,""period_ms"":16.649961471557617}"
200875,1,4172.9002,4172.9002,False,1.0,"{""inversion_rho"":null,""inversion_channel"":5.0,""period_ms"":16.649961471557617}"
200875,1,4187.9001,4187.9001,False,1.0,"{""inversion_rho"":null,""inversion_channel"":27.5,""period_ms"":16.649961471557617}"
200875,1,4201.6001,4201.6001,False,1.0,"{""inversion_rho"":null,""inversion_channel"":26.0,""period_ms"":16.649961471557617}"
200875,1,4215.0002,4215.0002,False,1.0,"{""inversion_rho"":null,""inversion_channel"":27.5,""period_ms"":16.649961471557617}"
200875,1,4229.4998,4229.4998,False,1.0,"{""inversion_rho"":null,""inversion_channel"":26.5,""period_ms"":16.649961471557617}"
200875,1,4243.1002,4243.1002,False,1.0,"{""inversion_rho"":null,""inversion_channel"":25.0,""period_ms"":16.649961471557617}"
200875,1,4257.4,4257.4,False,1.0,"{""inversion_rho"":null,""inversion_channel"":24.5,""period_ms"":16.649961471557617}"
200875,1,66.2,84.8,True,1.0,"{""inversion_rho"":null,""inversion_channel"":3.5,""period_ms"":9.299997240304947}"
200875,1,3827.3001,4257.4,True,1.0,"{""inversion_rho"":null,""inversion_channel"":30.0,""period_ms"":16.649961471557617}"
200882,1,60.5,60.5,False,0.25,"{""inversion_rho"":null,""inversion_channel"":6.5,""period_ms"":11.099999770522118}"
200882,1,67.5,67.5,False,0.5,"{""inversion_rho"":null,""inversion_channel"":4.5,""period_ms"":11.099999770522118}"
200882,1,82.7,82.7,False,1.0,"{""inversion_rho"":null,""inversion_channel"":4.5,""period_ms"":11.099999770522118}"
200882,1,3916.5001,3916.5001,False,0.625,"{""inversion_rho"":null,""inversion_channel"":12.5,""period_ms"":15.650033950805664}"
200882,1,3943.5,3943.5,False,1.0,"{""inversion_rho"":null,""inversion_channel"":9.0,""period_ms"":15.650033950805664}"
200882,1,3967.0999,3967.0999,False,1.0,"{""inversion_rho"":null,""inversion_channel"":28.0,""period_ms"":15.650033950805664}"
200882,1,3989.2001,3989.2001,False,1.0,"{""inversion_rho"":null,""inversion_channel"":8.5,""period_ms"":15.650033950805664}"
200882,1,4008.2002,4008.2002,False,1.0,"{""inversion_rho"":null,""inversion_channel"":10.0,""period_ms"":15.650033950805664}"
200882,1,4025.1002,4025.1002,False,0.75,"{""inversion_rho"":null,""inversion_channel"":27.5,""period_ms"":15.650033950805664}"
200882,1,4040.2999,4040.2999,False,1.0,"{""inversion_rho"":null,""inversion_channel"":9.0,""period_ms"":15.650033950805664}"
200882,1,4053.8001,4053.8001,False,1.0,"{""inversion_rho"":null,""inversion_channel"":7.5,""period_ms"":15.650033950805664}"
200882,1,4068.6998,4068.6998,False,0.625,"{""inversion_rho"":null,""inversion_channel"":29.5,""period_ms"":15.650033950805664}"
200882,1,4083.4999,4083.4999,False,0.75,"{""inversion_rho"":null,""inversion_channel"":27.5,""period_ms"":15.650033950805664}"
200882,1,4099.2999,4099.2999,False,1.0,"{""inversion_rho"":null,""inversion_channel"":7.0,""period_ms"":15.650033950805664}"
200882,1,4113.9998,4113.9998,False,0.625,"{""inversion_rho"":null,""inversion_channel"":6.5,""period_ms"":15.650033950805664}"
200882,1,4129.0998,4129.0998,False,1.0,"{""inversion_rho"":null,""inversion_channel"":27.0,""period_ms"":15.650033950805664}"
200882,1,4144.1002,4144.1002,False,1.0,"{""inversion_rho"":null,""inversion_channel"":26.0,""period_ms"":15.650033950805664}"
200882,1,4159.4,4159.4,False,1.0,"{""inversion_rho"":null,""inversion_channel"":24.5,""period_ms"":15.650033950805664}"
200882,1,4175.0002,4175.0002,False,1.0,"{""inversion_rho"":null,""inversion_channel"":25.0,""period_ms"":15.650033950805664}"
200882,1,4190.7001,4190.7001,False,1.0,"{""inversion_rho"":null,""inversion_channel"":24.5,""period_ms"":15.650033950805664}"
200882,1,4206.6998,4206.6998,False,1.0,"{""inversion_rho"":null,""inversion_channel"":24.0,""period_ms"":15.650033950805664}"
200882,1,4222.3001,4222.3001,False,1.0,"{""inversion_rho"":null,""inversion_channel"":24.5,""period_ms"":15.650033950805664}"
200882,1,4238.2002,4238.2002,False,1.0,"{""inversion_rho"":null,""inversion_channel"":23.5,""period_ms"":15.650033950805664}"
200882,1,4254.6,4254.6,False,1.0,"{""inversion_rho"":null,""inversion_channel"":22.5,""period_ms"":15.650033950805664}"
200882,1,60.5,82.7,True,1.0,"{""inversion_rho"":null,""inversion_channel"":4.5,""period_ms"":11.099999770522118}"
200882,1,3916.5001,4254.6,True,1.0,"{""inversion_rho"":null,""inversion_channel"":24.0,""period_ms"":15.650033950805664}"
200889,1,66.7,66.7,False,1.0,"{""inversion_rho"":null,""inversion_channel"":4.5,""period_ms"":null}"
200889,1,79.9,79.9,False,1.0,"{""inversion_rho"":null,""inversion_channel"":5.5,""period_ms"":null}"
200889,1,4016.3002,4016.3002,False,1.0,"{""inversion_rho"":null,""inversion_channel"":31.5,""period_ms"":12.599945068359375}"
200889,1,4037.3998,4037.3998,False,1.0,"{""inversion_rho"":null,""inversion_channel"":28.5,""period_ms"":12.599945068359375}"
200889,1,4056.7999,4056.7999,False,1.0,"{""inversion_rho"":null,""inversion_channel"":29.5,""period_ms"":12.599945068359375}"
200889,1,4073.1001,4073.1001,False,1.0,"{""inversion_rho"":null,""inversion_channel"":27.5,""period_ms"":12.599945068359375}"
200889,1,4090.3001,4090.3001,False,1.0,"{""inversion_rho"":null,""inversion_channel"":29.0,""period_ms"":12.599945068359375}"
200889,1,4112.0,4112.0,False,1.0,"{""inversion_rho"":null,""inversion_channel"":28.5,""period_ms"":12.599945068359375}"
200889,1,4130.4998,4130.4998,False,1.0,"{""inversion_rho"":null,""inversion_channel"":27.5,""period_ms"":12.599945068359375}"
200889,1,4144.8002,4144.8002,False,1.0,"{""inversion_rho"":null,""inversion_channel"":26.5,""period_ms"":12.599945068359375}"
200889,1,4157.5999,4157.5999,False,1.0,"{""inversion_rho"":null,""inversion_channel"":28.5,""period_ms"":12.599945068359375}"
200889,1,4169.6,4169.6,False,1.0,"{""inversion_rho"":null,""inversion_channel"":27.5,""period_ms"":12.599945068359375}"
200889,1,4182.0002,4182.0002,False,1.0,"{""inversion_rho"":null,""inversion_channel"":27.5,""period_ms"":12.599945068359375}"
200889,1,4193.9001,4193.9001,False,1.0,"{""inversion_rho"":null,""inversion_channel"":24.5,""period_ms"":12.599945068359375}"
200889,1,4205.5998,4205.5998,False,1.0,"{""inversion_rho"":null,""inversion_channel"":5.5,""period_ms"":12.599945068359375}"
200889,1,4216.8002,4216.8002,False,0.625,"{""inversion_rho"":null,""inversion_channel"":25.5,""period_ms"":12.599945068359375}"
200889,1,4229.4002,4229.4002,False,0.875,"{""inversion_rho"":null,""inversion_channel"":24.5,""period_ms"":12.599945068359375}"
200889,1,4239.8,4239.8,False,1.0,"{""inversion_rho"":null,""inversion_channel"":24.5,""period_ms"":12.599945068359375}"
200889,1,4250.2999,4250.2999,False,1.0,"{""inversion_rho"":null,""inversion_channel"":24.0,""period_ms"":12.599945068359375}"
200889,1,4261.2,4261.2,False,1.0,"{""inversion_rho"":null,""inversion_channel"":25.0,""period_ms"":12.599945068359375}"
200889,1,4016.3002,4261.2,True,1.0,"{""inversion_rho"":null,""inversion_channel"":27.5,""period_ms"":12.599945068359375}"
200917,1,64.1,64.1,False,0.375,"{""inversion_rho"":null,""inversion_channel"":4.0,""period_ms"":10.350000113248825}"
200917,1,71.6,71.6,False,1.0,"{""inversion_rho"":null,""inversion_channel"":4.5,""period_ms"":10.350000113248825}"
200917,1,84.8,84.8,False,1.0,"{""inversion_rho"":null,""inversion_channel"":5.0,""period_ms"":10.350000113248825}"
200917,1,4438.7999,4438.7999,False,1.0,"{""inversion_rho"":null,""inversion_channel"":9.5,""period_ms"":17.699718475341797}"
200917,1,4462.5001,4462.5001,False,1.0,"{""inversion_rho"":null,""inversion_channel"":9.5,""period_ms"":17.699718475341797}"
200917,1,4484.0002,4484.0002,False,0.75,"{""inversion_rho"":null,""inversion_channel"":29.0,""period_ms"":17.699718475341797}"
200917,1,4503.6001,4503.6001,False,1.0,"{""inversion_rho"":null,""inversion_channel"":9.5,""period_ms"":17.699718475341797}"
200917,1,4521.2998,4521.2998,False,0.75,"{""inversion_rho"":null,""inversion_channel"":29.5,""period_ms"":17.699718475341797}"
200917,1,4539.0,4539.0,False,1.0,"{""inversion_rho"":null,""inversion_channel"":29.5,""period_ms"":17.699718475341797}"
200917,1,4556.7002,4556.7002,False,1.0,"{""inversion_rho"":null,""inversion_channel"":28.0,""period_ms"":17.699718475341797}"
200917,1,4574.3999,4574.3999,False,1.0,"{""inversion_rho"":null,""inversion_channel"":27.5,""period_ms"":17.699718475341797}"
200917,1,4591.5999,4591.5999,False,1.0,"{""inversion_rho"":null,""inversion_channel"":27.5,""period_ms"":17.699718475341797}"
200917,1,4608.6001,4608.6001,False,1.0,"{""inversion_rho"":null,""inversion_channel"":27.5,""period_ms"":17.699718475341797}"
200917,1,4624.0001,4624.0001,False,1.0,"{""inversion_rho"":null,""inversion_channel"":25.5,""period_ms"":17.699718475341797}"
200917,1,4639.4,4639.4,False,0.625,"{""inversion_rho"":null,""inversion_channel"":27.0,""period_ms"":17.699718475341797}"
200917,1,4656.0001,4656.0001,False,1.0,"{""inversion_rho"":null,""inversion_channel"":24.5,""period_ms"":17.699718475341797}"
200917,1,64.1,84.8,True,1.0,"{""inversion_rho"":null,""inversion_channel"":4.5,""period_ms"":10.350000113248825}"
200917,1,4438.7999,4656.0001,True,1.0,"{""inversion_rho"":null,""inversion_channel"":27.5,""period_ms"":17.699718475341797}"
200954,1,105.7,105.7,False,1.0,"{""inversion_rho"":null,""inversion_channel"":7.5,""period_ms"":null}"
200954,1,119.0,119.0,False,1.0,"{""inversion_rho"":null,""inversion_channel"":10.5,""period_ms"":null}"
200954,1,1867.2,1867.2,False,1.0,"{""inversion_rho"":null,""inversion_channel"":34.0,""period_ms"":null}"
200954,1,2034.8001,2034.8001,False,0.5,"{""inversion_rho"":null,""inversion_channel"":34.0,""period_ms"":null}"
200954,1,2437.5,2437.5,False,1.0,"{""inversion_rho"":null,""inversion_channel"":34.5,""period_ms"":87.55004405975342}"
200954,1,2615.0999,2615.0999,False,1.0,"{""inversion_rho"":null,""inversion_channel"":34.5,""period_ms"":87.55004405975342}"
200954,1,2703.8,2703.8,False,1.0,"{""inversion_rho"":null,""inversion_channel"":34.5,""period_ms"":87.55004405975342}"
200954,1,2790.0,2790.0,False,1.0,"{""inversion_rho"":null,""inversion_channel"":35.0,""period_ms"":87.55004405975342}"
200954,1,2875.6001,2875.6001,False,1.0,"{""inversion_rho"":null,""inversion_channel"":34.5,""period_ms"":87.55004405975342}"
200954,1,3039.0,3039.0,False,1.0,"{""inversion_rho"":null,""inversion_channel"":35.0,""period_ms"":87.55004405975342}"
200954,1,3129.4,3129.4,False,1.0,"{""inversion_rho"":null,""inversion_channel"":34.5,""period_ms"":87.55004405975342}"
200954,1,3217.2,3217.2,False,1.0,"{""inversion_rho"":null,""inversion_channel"":34.0,""period_ms"":87.55004405975342}"
200954,1,3304.5001,3304.5001,False,1.0,"{""inversion_rho"":null,""inversion_channel"":34.5,""period_ms"":87.55004405975342}"
200954,1,3388.0999,3388.0999,False,1.0,"{""inversion_rho"":null,""inversion_channel"":35.0,""period_ms"":87.55004405975342}"
200954,1,3450.9001,3450.9001,False,1.0,"{""inversion_rho"":null,""inversion_channel"":35.5,""period_ms"":87.55004405975342}"
200954,1,3524.1001,3524.1001,False,1.0,"{""inversion_rho"":null,""inversion_channel"":34.5,""period_ms"":87.55004405975342}"
200954,1,3600.3001,3600.3001,False,0.375,"{""inversion_rho"":null,""inversion_channel"":15.5,""period_ms"":87.55004405975342}"
200954,1,3687.5,3687.5,False,1.0,"{""inversion_rho"":null,""inversion_channel"":34.5,""period_ms"":87.55004405975342}"
200954,1,3772.2001,3772.2001,False,1.0,"{""inversion_rho"":null,""inversion_channel"":34.5,""period_ms"":87.55004405975342}"
200954,1,3862.5,3862.5,False,1.0,"{""inversion_rho"":null,""inversion_channel"":34.5,""period_ms"":87.55004405975342}"
200954,1,3951.8001,3951.8001,False,1.0,"{""inversion_rho"":null,""inversion_channel"":35.0,""period_ms"":87.55004405975342}"
200954,1,4041.9998,4041.9998,False,1.0,"{""inversion_rho"":null,""inversion_channel"":36.5,""period_ms"":87.55004405975342}"
200954,1,4100.8,4100.8,False,1.0,"{""inversion_rho"":null,""inversion_channel"":35.0,""period_ms"":87.55004405975342}"
200954,1,4203.7001,4203.7001,False,1.0,"{""inversion_rho"":null,""inversion_channel"":35.0,""period_ms"":87.55004405975342}"
200954,1,4336.9002,4336.9002,False,1.0,"{""inversion_rho"":null,""inversion_channel"":34.5,""period_ms"":87.55004405975342}"
200954,1,4999.3,4999.3,False,1.0,"{""inversion_rho"":null,""inversion_channel"":18.0,""period_ms"":null}"
200954,1,5070.3001,5070.3001,False,1.0,"{""inversion_rho"":null,""inversion_channel"":19.5,""period_ms"":null}"
200954,1,5095.0999,5095.0999,False,1.0,"{""inversion_rho"":null,""inversion_channel"":20.5,""period_ms"":15.10000228881836}"
200954,1,5115.2,5115.2,False,1.0,"{""inversion_rho"":null,""inversion_channel"":21.0,""period_ms"":15.10000228881836}"
200954,1,5136.3001,5136.3001,False,1.0,"{""inversion_rho"":null,""inversion_channel"":21.0,""period_ms"":15.10000228881836}"
200954,1,5157.5999,5157.5999,False,1.0,"{""inversion_rho"":null,""inversion_channel"":21.0,""period_ms"":15.10000228881836}"
200954,1,5180.5,5180.5,False,1.0,"{""inversion_rho"":null,""inversion_channel"":19.5,""period_ms"":15.10000228881836}"
200954,1,5203.0001,5203.0001,False,1.0,"{""inversion_rho"":null,""inversion_channel"":19.5,""period_ms"":15.10000228881836}"
200954,1,5226.3999,5226.3999,False,0.375,"{""inversion_rho"":null,""inversion_channel"":33.0,""period_ms"":15.10000228881836}"
200954,1,5248.4002,5248.4002,False,0.5,"{""inversion_rho"":null,""inversion_channel"":28.5,""period_ms"":15.10000228881836}"
200954,1,5266.7999,5266.7999,False,1.0,"{""inversion_rho"":null,""inversion_channel"":21.5,""period_ms"":15.10000228881836}"
200954,1,5283.7,5283.7,False,1.0,"{""inversion_rho"":null,""inversion_channel"":21.5,""period_ms"":15.10000228881836}"
200954,1,5298.6002,5298.6002,False,1.0,"{""inversion_rho"":null,""inversion_channel"":20.5,""period_ms"":15.10000228881836}"
200954,1,5313.7002,5313.7002,False,0.375,"{""inversion_rho"":null,""inversion_channel"":35.5,""period_ms"":15.10000228881836}"
200954,1,5327.7998,5327.7998,False,0.375,"{""inversion_rho"":null,""inversion_channel"":20.5,""period_ms"":15.10000228881836}"
200954,1,5342.9999,5342.9999,False,1.0,"{""inversion_rho"":null,""inversion_channel"":20.5,""period_ms"":15.10000228881836}"
200954,1,5356.8001,5356.8001,False,1.0,"{""inversion_rho"":null,""inversion_channel"":33.0,""period_ms"":15.10000228881836}"
200954,1,5371.6998,5371.6998,False,1.0,"{""inversion_rho"":null,""inversion_channel"":19.5,""period_ms"":15.10000228881836}"
200954,1,5387.0001,5387.0001,False,1.0,"{""inversion_rho"":null,""inversion_channel"":21.0,""period_ms"":15.10000228881836}"
200954,1,5401.7,5401.7,False,1.0,"{""inversion_rho"":null,""inversion_channel"":21.5,""period_ms"":15.10000228881836}"
200954,1,5414.5002,5414.5002,False,0.5,"{""inversion_rho"":null,""inversion_channel"":36.5,""period_ms"":15.10000228881836}"
200954,1,5430.3999,5430.3999,False,1.0,"{""inversion_rho"":null,""inversion_channel"":20.5,""period_ms"":15.10000228881836}"
200954,1,5445.7002,5445.7002,False,1.0,"{""inversion_rho"":null,""inversion_channel"":21.0,""period_ms"":15.10000228881836}"
200954,1,5460.5999,5460.5999,False,1.0,"{""inversion_rho"":null,""inversion_channel"":20.5,""period_ms"":15.10000228881836}"
200954,1,5475.6999,5475.6999,False,1.0,"{""inversion_rho"":null,""inversion_channel"":21.0,""period_ms"":15.10000228881836}"
200954,1,5490.6001,5490.6001,False,1.0,"{""inversion_rho"":null,""inversion_channel"":20.5,""period_ms"":15.10000228881836}"
200954,1,5505.3,5505.3,False,1.0,"{""inversion_rho"":null,""inversion_channel"":21.0,""period_ms"":15.10000228881836}"
200954,1,5520.1998,5520.1998,False,1.0,"{""inversion_rho"":null,""inversion_channel"":20.5,""period_ms"":15.10000228881836}"
200954,1,5534.9998,5534.9998,False,1.0,"{""inversion_rho"":null,""inversion_channel"":21.0,""period_ms"":15.10000228881836}"
200954,1,5550.0002,5550.0002,False,1.0,"{""inversion_rho"":null,""inversion_channel"":20.5,""period_ms"":15.10000228881836}"
200954,1,5564.8999,5564.8999,False,1.0,"{""inversion_rho"":null,""inversion_channel"":21.0,""period_ms"":15.10000228881836}"
200954,1,5580.1001,5580.1001,False,1.0,"{""inversion_rho"":null,""inversion_channel"":21.5,""period_ms"":15.10000228881836}"
200954,1,5595.6001,5595.6001,False,1.0,"{""inversion_rho"":null,""inversion_channel"":21.5,""period_ms"":15.10000228881836}"
200954,1,5610.6,5610.6,False,1.0,"{""inversion_rho"":null,""inversion_channel"":21.5,""period_ms"":15.10000228881836}"
200954,1,5625.7,5625.7,False,1.0,"{""inversion_rho"":null,""inversion_channel"":21.5,""period_ms"":15.10000228881836}"
200954,1,5641.6998,5641.6998,False,1.0,"{""inversion_rho"":null,""inversion_channel"":20.5,""period_ms"":15.10000228881836}"
200954,1,5656.7001,5656.7001,False,1.0,"{""inversion_rho"":null,""inversion_channel"":21.5,""period_ms"":15.10000228881836}"
200954,1,5672.1001,5672.1001,False,1.0,"{""inversion_rho"":null,""inversion_channel"":20.5,""period_ms"":15.10000228881836}"
200954,1,2437.5,4336.9002,True,1.0,"{""inversion_rho"":null,""inversion_channel"":34.5,""period_ms"":87.55004405975342}"
200954,1,5095.0999,5672.1001,True,1.0,"{""inversion_rho"":null,""inversion_channel"":21.0,""period_ms"":15.10000228881836}"
200958,1,59.8,59.8,False,1.0,"{""inversion_rho"":null,""inversion_channel"":10.5,""period_ms"":null}"
200958,1,105.1,105.1,False,1.0,"{""inversion_rho"":null,""inversion_channel"":7.0,""period_ms"":null}"
200958,1,113.7,113.7,False,1.0,"{""inversion_rho"":null,""inversion_channel"":10.5,""period_ms"":null}"
200958,1,120.7,120.7,False,1.0,"{""inversion_rho"":null,""inversion_channel"":10.5,""period_ms"":null}"
200958,1,1756.6,1756.6,False,1.0,"{""inversion_rho"":null,""inversion_channel"":34.5,""period_ms"":null}"
200958,1,2022.0001,2022.0001,False,1.0,"{""inversion_rho"":null,""inversion_channel"":34.5,""period_ms"":null}"
200958,1,2029.2001,2029.2001,False,0.25,"{""inversion_rho"":null,""inversion_channel"":14.0,""period_ms"":null}"
200958,1,2605.7,2605.7,False,1.0,"{""inversion_rho"":null,""inversion_channel"":35.0,""period_ms"":121.70016765594482}"
200958,1,2735.6999,2735.6999,False,1.0,"{""inversion_rho"":null,""inversion_channel"":35.5,""period_ms"":121.70016765594482}"
200958,1,2859.2,2859.2,False,1.0,"{""inversion_rho"":null,""inversion_channel"":35.5,""period_ms"":121.70016765594482}"
200958,1,2986.3999,2986.3999,False,1.0,"{""inversion_rho"":null,""inversion_channel"":35.5,""period_ms"":121.70016765594482}"
200958,1,3106.3001,3106.3001,False,1.0,"{""inversion_rho"":null,""inversion_channel"":35.5,""period_ms"":121.70016765594482}"
200958,1,3188.0,3188.0,False,1.0,"{""inversion_rho"":null,""inversion_channel"":33.5,""period_ms"":121.70016765594482}"
200958,1,3221.9999,3221.9999,False,1.0,"{""inversion_rho"":null,""inversion_channel"":16.5,""period_ms"":121.70016765594482}"
200958,1,3336.9999,3336.9999,False,1.0,"{""inversion_rho"":null,""inversion_channel"":35.0,""period_ms"":73.89998435974121}"
200958,1,3449.1999,3449.1999,False,1.0,"{""inversion_rho"":null,""inversion_channel"":35.0,""period_ms"":73.89998435974121}"
200958,1,3523.0999,3523.0999,False,0.625,"{""inversion_rho"":null,""inversion_channel"":15.5,""period_ms"":73.89998435974121}"
200958,1,3567.4,3567.4,False,1.0,"{""inversion_rho"":null,""inversion_channel"":35.5,""period_ms"":73.89998435974121}"
200958,1,3703.7001,3703.7001,False,1.0,"{""inversion_rho"":null,""inversion_channel"":34.5,""period_ms"":126.04999542236328}"
200958,1,3841.0001,3841.0001,False,1.0,"{""inversion_rho"":null,""inversion_channel"":17.5,""period_ms"":126.04999542236328}"
200958,1,3955.8001,3955.8001,False,0.375,"{""inversion_rho"":null,""inversion_channel"":34.5,""period_ms"":126.04999542236328}"
200958,1,3969.8,3969.8,False,1.0,"{""inversion_rho"":null,""inversion_channel"":35.0,""period_ms"":119.99988555908203}"
200958,1,4089.7999,4089.7999,False,0.75,"{""inversion_rho"":null,""inversion_channel"":34.5,""period_ms"":119.99988555908203}"
200958,1,4211.7,4211.7,False,1.0,"{""inversion_rho"":null,""inversion_channel"":35.5,""period_ms"":119.99988555908203}"
200958,1,4318.9998,4318.9998,False,0.875,"{""inversion_rho"":null,""inversion_channel"":34.5,""period_ms"":119.99988555908203}"
200958,1,4340.7998,4340.7998,False,1.0,"{""inversion_rho"":null,""inversion_channel"":35.5,""period_ms"":126.9998550415039}"
200958,1,4468.5001,4468.5001,False,1.0,"{""inversion_rho"":null,""inversion_channel"":35.5,""period_ms"":126.9998550415039}"
200958,1,4595.5,4595.5,False,1.0,"{""inversion_rho"":null,""inversion_channel"":35.5,""period_ms"":126.9998550415039}"
200958,1,4695.7002,4695.7002,False,0.25,"{""inversion_rho"":null,""inversion_channel"":15.0,""period_ms"":126.9998550415039}"
200958,1,4980.8998,4980.8998,False,1.0,"{""inversion_rho"":null,""inversion_channel"":34.5,""period_ms"":null}"
200958,1,5116.7002,5116.7002,False,1.0,"{""inversion_rho"":null,""inversion_channel"":35.5,""period_ms"":null}"
200958,1,5155.9,5155.9,False,1.0,"{""inversion_rho"":null,""inversion_channel"":35.5,""period_ms"":15.500068664550781}"
200958,1,5189.7998,5189.7998,False,1.0,"{""inversion_rho"":null,""inversion_channel"":35.0,""period_ms"":15.500068664550781}"
200958,1,5224.5998,5224.5998,False,1.0,"{""inversion_rho"":null,""inversion_channel"":34.5,""period_ms"":15.500068664550781}"
200958,1,5259.8,5259.8,False,1.0,"{""inversion_rho"":null,""inversion_channel"":33.5,""period_ms"":15.500068664550781}"
200958,1,5291.9998,5291.9998,False,1.0,"{""inversion_rho"":null,""inversion_channel"":33.5,""period_ms"":15.500068664550781}"
200958,1,5323.2999,5323.2999,False,1.0,"{""inversion_rho"":null,""inversion_channel"":33.5,""period_ms"":15.500068664550781}"
200958,1,5354.6,5354.6,False,1.0,"{""inversion_rho"":null,""inversion_channel"":33.0,""period_ms"":15.500068664550781}"
200958,1,5385.0002,5385.0002,False,1.0,"{""inversion_rho"":null,""inversion_channel"":32.5,""period_ms"":15.500068664550781}"
200958,1,5413.7001,5413.7001,False,1.0,"{""inversion_rho"":null,""inversion_channel"":32.5,""period_ms"":15.500068664550781}"
200958,1,5435.5001,5435.5001,False,1.0,"{""inversion_rho"":null,""inversion_channel"":32.5,""period_ms"":15.500068664550781}"
200958,1,5453.8999,5453.8999,False,1.0,"{""inversion_rho"":null,""inversion_channel"":32.0,""period_ms"":15.500068664550781}"
200958,1,5471.3998,5471.3998,False,1.0,"{""inversion_rho"":null,""inversion_channel"":13.0,""period_ms"":15.500068664550781}"
200958,1,5487.5998,5487.5998,False,1.0,"{""inversion_rho"":null,""inversion_channel"":31.5,""period_ms"":15.500068664550781}"
200958,1,5503.0999,5503.0999,False,1.0,"{""inversion_rho"":null,""inversion_channel"":12.5,""period_ms"":15.500068664550781}"
200958,1,5517.7002,5517.7002,False,0.875,"{""inversion_rho"":null,""inversion_channel"":23.5,""period_ms"":15.500068664550781}"
200958,1,5532.7001,5532.7001,False,1.0,"{""inversion_rho"":null,""inversion_channel"":11.5,""period_ms"":15.500068664550781}"
200958,1,5548.2001,5548.2001,False,0.625,"{""inversion_rho"":null,""inversion_channel"":11.5,""period_ms"":15.500068664550781}"
200958,1,5562.7999,5562.7999,False,1.0,"{""inversion_rho"":null,""inversion_channel"":11.5,""period_ms"":15.500068664550781}"
200958,1,5577.1999,5577.1999,False,1.0,"{""inversion_rho"":null,""inversion_channel"":11.5,""period_ms"":15.500068664550781}"
200958,1,5591.4001,5591.4001,False,0.75,"{""inversion_rho"":null,""inversion_channel"":27.5,""period_ms"":15.500068664550781}"
200958,1,5605.7,5605.7,False,1.0,"{""inversion_rho"":null,""inversion_channel"":11.5,""period_ms"":15.500068664550781}"
200958,1,5620.6999,5620.6999,False,1.0,"{""inversion_rho"":null,""inversion_channel"":14.0,""period_ms"":15.500068664550781}"
200958,1,5635.7002,5635.7002,False,1.0,"{""inversion_rho"":null,""inversion_channel"":27.5,""period_ms"":15.500068664550781}"
200958,1,5649.9,5649.9,False,1.0,"{""inversion_rho"":null,""inversion_channel"":10.5,""period_ms"":15.500068664550781}"
200958,1,5664.4001,5664.4001,False,1.0,"{""inversion_rho"":null,""inversion_channel"":10.5,""period_ms"":15.500068664550781}"
200958,1,5679.2002,5679.2002,False,1.0,"{""inversion_rho"":null,""inversion_channel"":10.5,""period_ms"":15.500068664550781}"
200958,1,2605.7,3221.9999,True,1.0,"{""inversion_rho"":null,""inversion_channel"":35.5,""period_ms"":121.70016765594482}"
200958,1,3336.9999,3567.4,True,1.0,"{""inversion_rho"":null,""inversion_channel"":35.0,""period_ms"":73.89998435974121}"
200958,1,3703.7001,3955.8001,True,1.0,"{""inversion_rho"":null,""inversion_channel"":34.5,""period_ms"":126.04999542236328}"
200958,1,3969.8,4318.9998,True,1.0,"{""inversion_rho"":null,""inversion_channel"":34.75,""period_ms"":119.99988555908203}"
200958,1,4340.7998,4695.7002,True,1.0,"{""inversion_rho"":null,""inversion_channel"":35.5,""period_ms"":126.9998550415039}"
200958,1,5155.9,5679.2002,True,1.0,"{""inversion_rho"":null,""inversion_channel"":27.5,""period_ms"":15.500068664550781}"
200986,1,64.7,64.7,False,0.625,"{""inversion_rho"":null,""inversion_channel"":7.5,""period_ms"":12.400001287460327}"
200986,1,77.1,77.1,False,1.0,"{""inversion_rho"":null,""inversion_channel"":7.5,""period_ms"":12.400001287460327}"
200986,1,93.3,93.3,False,1.0,"{""inversion_rho"":null,""inversion_channel"":7.5,""period_ms"":12.400001287460327}"
200986,1,99.9,99.9,False,0.625,"{""inversion_rho"":null,""inversion_channel"":6.5,""period_ms"":12.400001287460327}"
200986,1,1389.8,1389.8,False,0.375,"{""inversion_rho"":null,""inversion_channel"":9.0,""period_ms"":18.249988555908203}"
200986,1,1399.5,1399.5,False,1.0,"{""inversion_rho"":null,""inversion_channel"":10.5,""period_ms"":18.249988555908203}"
200986,1,1415.5999,1415.5999,False,1.0,"{""inversion_rho"":null,""inversion_channel"":3.5,""period_ms"":18.249988555908203}"
200986,1,1436.0,1436.0,False,1.0,"{""inversion_rho"":null,""inversion_channel"":39.5,""period_ms"":18.249988555908203}"
200986,1,1459.1,1459.1,False,1.0,"{""inversion_rho"":null,""inversion_channel"":4.5,""period_ms"":18.249988555908203}"
200986,1,1661.6,1661.6,False,1.0,"{""inversion_rho"":null,""inversion_channel"":3.5,""period_ms"":null}"
200986,1,1842.2,1842.2,False,0.75,"{""inversion_rho"":null,""inversion_channel"":12.5,""period_ms"":null}"
200986,1,1852.1,1852.1,False,1.0,"{""inversion_rho"":null,""inversion_channel"":24.5,""period_ms"":null}"
200986,1,1931.9,1931.9,False,1.0,"{""inversion_rho"":null,""inversion_channel"":8.5,""period_ms"":null}"
200986,1,1960.3,1960.3,False,1.0,"{""inversion_rho"":null,""inversion_channel"":12.0,""period_ms"":15.749990940093994}"
200986,1,1977.2,1977.2,False,1.0,"{""inversion_rho"":null,""inversion_channel"":24.5,""period_ms"":15.749990940093994}"
200986,1,1991.8,1991.8,False,1.0,"{""inversion_rho"":null,""inversion_channel"":23.0,""period_ms"":15.749990940093994}"
200986,1,2031.4,2031.4,False,1.0,"{""inversion_rho"":null,""inversion_channel"":22.5,""period_ms"":26.849865913391113}"
200986,1,2058.7001,2058.7001,False,1.0,"{""inversion_rho"":null,""inversion_channel"":21.5,""period_ms"":26.849865913391113}"
200986,1,2077.1,2077.1,False,1.0,"{""inversion_rho"":null,""inversion_channel"":17.5,""period_ms"":26.849865913391113}"
200986,1,2097.7001,2097.7001,False,0.5,"{""inversion_rho"":null,""inversion_channel"":21.5,""period_ms"":26.849865913391113}"
200986,1,2118.9001,2118.9001,False,1.0,"{""inversion_rho"":null,""inversion_channel"":23.5,""period_ms"":26.849865913391113}"
200986,1,2145.4999,2145.4999,False,1.0,"{""inversion_rho"":null,""inversion_channel"":39.5,""period_ms"":26.849865913391113}"
200986,1,2170.0001,2170.0001,False,1.0,"{""inversion_rho"":null,""inversion_channel"":16.5,""period_ms"":26.849865913391113}"
200986,1,2197.0999,2197.0999,False,1.0,"{""inversion_rho"":null,""inversion_channel"":16.5,""period_ms"":26.849865913391113}"
200986,1,2230.5,2230.5,False,1.0,"{""inversion_rho"":null,""inversion_channel"":25.0,""period_ms"":26.849865913391113}"
200986,1,2257.9,2257.9,False,1.0,"{""inversion_rho"":null,""inversion_channel"":17.5,""period_ms"":26.849865913391113}"
200986,1,2279.9001,2279.9001,False,1.0,"{""inversion_rho"":null,""inversion_channel"":17.5,""period_ms"":26.849865913391113}"
200986,1,2297.9,2297.9,False,0.625,"{""inversion_rho"":null,""inversion_channel"":31.0,""period_ms"":26.849865913391113}"
200986,1,2317.8,2317.8,False,1.0,"{""inversion_rho"":null,""inversion_channel"":17.5,""period_ms"":26.849865913391113}"
200986,1,2357.1999,2357.1999,False,1.0,"{""inversion_rho"":null,""inversion_channel"":16.5,""period_ms"":26.849865913391113}"
200986,1,2386.8001,2386.8001,False,1.0,"{""inversion_rho"":null,""inversion_channel"":17.5,""period_ms"":26.849865913391113}"
200986,1,2409.3001,2409.3001,False,0.625,"{""inversion_rho"":null,""inversion_channel"":25.0,""period_ms"":26.849865913391113}"
200986,1,2436.3999,2436.3999,False,1.0,"{""inversion_rho"":null,""inversion_channel"":16.5,""period_ms"":26.849865913391113}"
200986,1,2466.9001,2466.9001,False,1.0,"{""inversion_rho"":null,""inversion_channel"":17.5,""period_ms"":26.849865913391113}"
200986,1,2499.0001,2499.0001,False,1.0,"{""inversion_rho"":null,""inversion_channel"":17.5,""period_ms"":26.849865913391113}"
200986,1,2519.5,2519.5,False,1.0,"{""inversion_rho"":null,""inversion_channel"":25.5,""period_ms"":26.849865913391113}"
200986,1,2551.8,2551.8,False,0.375,"{""inversion_rho"":null,""inversion_channel"":16.5,""period_ms"":26.849865913391113}"
200986,1,2558.8,2558.8,False,1.0,"{""inversion_rho"":null,""inversion_channel"":16.5,""period_ms"":null}"
200986,1,2566.9,2566.9,False,0.5,"{""inversion_rho"":null,""inversion_channel"":27.0,""period_ms"":null}"
200986,1,2597.8,2597.8,False,1.0,"{""inversion_rho"":null,""inversion_channel"":14.5,""period_ms"":24.79994297027588}"
200986,1,2616.1001,2616.1001,False,0.625,"{""inversion_rho"":null,""inversion_channel"":21.5,""period_ms"":24.79994297027588}"
200986,1,2647.3999,2647.3999,False,1.0,"{""inversion_rho"":null,""inversion_channel"":39.5,""period_ms"":24.79994297027588}"
200986,1,2657.3,2657.3,False,1.0,"{""inversion_rho"":null,""inversion_channel"":31.5,""period_ms"":30.199885368347168}"
200986,1,2692.1,2692.1,False,1.0,"{""inversion_rho"":null,""inversion_channel"":26.5,""period_ms"":30.199885368347168}"
200986,1,2720.5999,2720.5999,False,0.5,"{""inversion_rho"":null,""inversion_channel"":25.5,""period_ms"":30.199885368347168}"
200986,1,2739.2001,2739.2001,False,1.0,"{""inversion_rho"":null,""inversion_channel"":15.5,""period_ms"":30.199885368347168}"
200986,1,2771.1,2771.1,False,1.0,"{""inversion_rho"":null,""inversion_channel"":25.5,""period_ms"":30.199885368347168}"
200986,1,2778.5001,2778.5001,False,1.0,"{""inversion_rho"":null,""inversion_channel"":41.0,""period_ms"":18.09978485107422}"
200986,1,2819.6001,2819.6001,False,1.0,"{""inversion_rho"":null,""inversion_channel"":16.5,""period_ms"":18.09978485107422}"
200986,1,2837.6999,2837.6999,False,0.625,"{""inversion_rho"":null,""inversion_channel"":9.5,""period_ms"":18.09978485107422}"
200986,1,2853.6999,2853.6999,False,1.0,"{""inversion_rho"":null,""inversion_channel"":17.5,""period_ms"":18.09978485107422}"
200986,1,2897.5999,2897.5999,False,0.25,"{""inversion_rho"":null,""inversion_channel"":24.0,""period_ms"":18.800020217895508}"
200986,1,2916.4,2916.4,False,1.0,"{""inversion_rho"":null,""inversion_channel"":16.5,""period_ms"":18.800020217895508}"
200986,1,2954.9999,2954.9999,False,0.375,"{""inversion_rho"":null,""inversion_channel"":25.5,""period_ms"":18.800020217895508}"
200986,1,2972.8999,2972.8999,False,1.0,"{""inversion_rho"":null,""inversion_channel"":17.0,""period_ms"":18.800020217895508}"
200986,1,3032.1,3032.1,False,1.0,"{""inversion_rho"":null,""inversion_channel"":39.5,""period_ms"":48.599958419799805}"
200986,1,3080.6999,3080.6999,False,1.0,"{""inversion_rho"":null,""inversion_channel"":16.5,""period_ms"":48.599958419799805}"
200986,1,3123.3001,3123.3001,False,1.0,"{""inversion_rho"":null,""inversion_channel"":17.5,""period_ms"":48.599958419799805}"
200986,1,3172.6999,3172.6999,False,1.0,"{""inversion_rho"":null,""inversion_channel"":18.5,""period_ms"":48.599958419799805}"
200986,1,3191.4001,3191.4001,False,1.0,"{""inversion_rho"":null,""inversion_channel"":17.5,""period_ms"":8.300065994262695}"
200986,1,3204.5,3204.5,False,1.0,"{""inversion_rho"":null,""inversion_channel"":16.0,""period_ms"":8.300065994262695}"
200986,1,3212.1999,3212.1999,False,0.625,"{""inversion_rho"":null,""inversion_channel"":26.0,""period_ms"":8.300065994262695}"
200986,1,3220.5,3220.5,False,1.0,"{""inversion_rho"":null,""inversion_channel"":27.5,""period_ms"":8.300065994262695}"
200986,1,3242.8999,3242.8999,False,1.0,"{""inversion_rho"":null,""inversion_channel"":14.5,""period_ms"":10.799884796142578}"
200986,1,3266.4001,3266.4001,False,1.0,"{""inversion_rho"":null,""inversion_channel"":27.5,""period_ms"":10.799884796142578}"
200986,1,3277.2,3277.2,False,1.0,"{""inversion_rho"":null,""inversion_channel"":20.0,""period_ms"":10.799884796142578}"
200986,1,3283.2999,3283.2999,False,1.0,"{""inversion_rho"":null,""inversion_channel"":27.5,""period_ms"":10.799884796142578}"
200986,1,3305.1,3305.1,False,1.0,"{""inversion_rho"":null,""inversion_channel"":15.5,""period_ms"":16.900062561035156}"
200986,1,3324.8999,3324.8999,False,1.0,"{""inversion_rho"":null,""inversion_channel"":16.0,""period_ms"":16.900062561035156}"
200986,1,3337.4,3337.4,False,0.375,"{""inversion_rho"":null,""inversion_channel"":21.5,""period_ms"":16.900062561035156}"
200986,1,3356.8001,3356.8001,False,1.0,"{""inversion_rho"":null,""inversion_channel"":27.5,""period_ms"":16.900062561035156}"
200986,1,3378.9001,3378.9001,False,1.0,"{""inversion_rho"":null,""inversion_channel"":15.5,""period_ms"":16.900062561035156}"
200986,1,3393.3001,3393.3001,False,1.0,"{""inversion_rho"":null,""inversion_channel"":27.0,""period_ms"":16.900062561035156}"
200986,1,3399.6999,3399.6999,False,1.0,"{""inversion_rho"":null,""inversion_channel"":16.0,""period_ms"":16.900062561035156}"
200986,1,3417.5999,3417.5999,False,1.0,"{""inversion_rho"":null,""inversion_channel"":27.5,""period_ms"":null}"
200986,1,3435.2,3435.2,False,0.75,"{""inversion_rho"":null,""inversion_channel"":24.5,""period_ms"":null}"
200986,1,3441.2,3441.2,False,1.0,"{""inversion_rho"":null,""inversion_channel"":24.5,""period_ms"":13.949990272521973}"
200986,1,3453.0001,3453.0001,False,1.0,"{""inversion_rho"":null,""inversion_channel"":18.5,""period_ms"":13.949990272521973}"
200986,1,3466.7001,3466.7001,False,1.0,"{""inversion_rho"":null,""inversion_channel"":27.5,""period_ms"":13.949990272521973}"
200986,1,3479.8,3479.8,False,1.0,"{""inversion_rho"":null,""inversion_channel"":18.5,""period_ms"":13.949990272521973}"
200986,1,3498.1999,3498.1999,False,1.0,"{""inversion_rho"":null,""inversion_channel"":18.5,""period_ms"":13.949990272521973}"
200986,1,3509.2001,3509.2001,False,1.0,"{""inversion_rho"":null,""inversion_channel"":25.5,""period_ms"":13.949990272521973}"
200986,1,3529.2001,3529.2001,False,0.25,"{""inversion_rho"":null,""inversion_channel"":27.5,""period_ms"":13.949990272521973}"
200986,1,3540.9999,3540.9999,False,1.0,"{""inversion_rho"":null,""inversion_channel"":17.0,""period_ms"":13.949990272521973}"
200986,1,3558.9001,3558.9001,False,1.0,"{""inversion_rho"":null,""inversion_channel"":27.5,""period_ms"":13.949990272521973}"
200986,1,3576.2,3576.2,False,1.0,"{""inversion_rho"":null,""inversion_channel"":15.5,""period_ms"":13.949990272521973}"
200986,1,3598.4001,3598.4001,False,1.0,"{""inversion_rho"":null,""inversion_channel"":13.5,""period_ms"":13.949990272521973}"
200986,1,3609.9,3609.9,False,1.0,"{""inversion_rho"":null,""inversion_channel"":15.5,""period_ms"":13.949990272521973}"
200986,1,3624.1,3624.1,False,1.0,"{""inversion_rho"":null,""inversion_channel"":27.5,""period_ms"":13.949990272521973}"
200986,1,3629.2,3629.2,False,0.75,"{""inversion_rho"":null,""inversion_channel"":25.5,""period_ms"":null}"
200986,1,3636.4,3636.4,False,1.0,"{""inversion_rho"":null,""inversion_channel"":25.5,""period_ms"":null}"
200986,1,3661.7,3661.7,False,1.0,"{""inversion_rho"":null,""inversion_channel"":15.5,""period_ms"":15.550017356872559}"
200986,1,3677.7,3677.7,False,0.5,"{""inversion_rho"":null,""inversion_channel"":23.5,""period_ms"":15.550017356872559}"
200986,1,3687.0,3687.0,False,0.625,"{""inversion_rho"":null,""inversion_channel"":23.5,""period_ms"":15.550017356872559}"
200986,1,3704.0,3704.0,False,1.0,"{""inversion_rho"":null,""inversion_channel"":18.5,""period_ms"":15.550017356872559}"
200986,1,3719.1,3719.1,False,1.0,"{""inversion_rho"":null,""inversion_channel"":27.5,""period_ms"":15.550017356872559}"
200986,1,3728.2,3728.2,False,1.0,"{""inversion_rho"":null,""inversion_channel"":15.5,""period_ms"":15.550017356872559}"
200986,1,3744.6001,3744.6001,False,0.5,"{""inversion_rho"":null,""inversion_channel"":27.5,""period_ms"":15.550017356872559}"
200986,1,3750.5,3750.5,False,1.0,"{""inversion_rho"":null,""inversion_channel"":18.5,""period_ms"":16.39997959136963}"
200986,1,3768.6999,3768.6999,False,1.0,"{""inversion_rho"":null,""inversion_channel"":27.0,""period_ms"":16.39997959136963}"
200986,1,3782.5,3782.5,False,0.5,"{""inversion_rho"":null,""inversion_channel"":26.5,""period_ms"":16.39997959136963}"
200986,1,3788.3,3788.3,False,1.0,"{""inversion_rho"":null,""inversion_channel"":15.5,""period_ms"":16.39997959136963}"
200986,1,3799.5,3799.5,False,1.0,"{""inversion_rho"":null,""inversion_channel"":15.0,""period_ms"":16.39997959136963}"
200986,1,3810.3001,3810.3001,False,1.0,"{""inversion_rho"":null,""inversion_channel"":26.0,""period_ms"":16.39997959136963}"
200986,1,3835.4001,3835.4001,False,1.0,"{""inversion_rho"":null,""inversion_channel"":27.5,""period_ms"":16.39997959136963}"
200986,1,3855.9,3855.9,False,1.0,"{""inversion_rho"":null,""inversion_channel"":26.5,""period_ms"":16.39997959136963}"
200986,1,3872.0,3872.0,False,1.0,"{""inversion_rho"":null,""inversion_channel"":25.5,""period_ms"":16.39997959136963}"
200986,1,3887.1,3887.1,False,1.0,"{""inversion_rho"":null,""inversion_channel"":25.5,""period_ms"":16.39997959136963}"
200986,1,3910.0001,3910.0001,False,1.0,"{""inversion_rho"":null,""inversion_channel"":15.0,""period_ms"":16.39997959136963}"
200986,1,3932.9,3932.9,False,1.0,"{""inversion_rho"":null,""inversion_channel"":14.0,""period_ms"":16.39997959136963}"
200986,1,3945.4999,3945.4999,False,1.0,"{""inversion_rho"":null,""inversion_channel"":25.0,""period_ms"":16.39997959136963}"
200986,1,3963.0001,3963.0001,False,1.0,"{""inversion_rho"":null,""inversion_channel"":24.5,""period_ms"":16.39997959136963}"
200986,1,3979.7001,3979.7001,False,1.0,"{""inversion_rho"":null,""inversion_channel"":15.5,""period_ms"":16.39997959136963}"
200986,1,3992.3999,3992.3999,False,0.375,"{""inversion_rho"":null,""inversion_channel"":23.0,""period_ms"":16.39997959136963}"
200986,1,4000.8001,4000.8001,False,1.0,"{""inversion_rho"":null,""inversion_channel"":14.5,""period_ms"":16.39997959136963}"
200986,1,4012.8999,4012.8999,False,0.75,"{""inversion_rho"":null,""inversion_channel"":31.5,""period_ms"":16.39997959136963}"
200986,1,4035.2998,4035.2998,False,0.625,"{""inversion_rho"":null,""inversion_channel"":39.0,""period_ms"":16.39997959136963}"
200986,1,4052.1998,4052.1998,False,1.0,"{""inversion_rho"":null,""inversion_channel"":40.0,""period_ms"":16.39997959136963}"
200986,1,4091.4998,4091.4998,False,1.0,"{""inversion_rho"":null,""inversion_channel"":35.5,""period_ms"":16.39997959136963}"
200986,1,4108.9001,4108.9001,False,0.25,"{""inversion_rho"":null,""inversion_channel"":26.5,""period_ms"":16.39997959136963}"
200986,1,4115.9,4115.9,False,0.625,"{""inversion_rho"":null,""inversion_channel"":27.5,""period_ms"":16.39997959136963}"
200986,1,4137.5999,4137.5999,False,1.0,"{""inversion_rho"":null,""inversion_channel"":22.5,""period_ms"":15.999794006347656}"
200986,1,4183.3,4183.3,False,1.0,"{""inversion_rho"":null,""inversion_channel"":22.5,""period_ms"":15.999794006347656}"
200986,1,4210.5999,4210.5999,False,0.375,"{""inversion_rho"":null,""inversion_channel"":27.5,""period_ms"":15.999794006347656}"
200986,1,4230.5002,4230.5002,False,1.0,"{""inversion_rho"":null,""inversion_channel"":31.5,""period_ms"":15.999794006347656}"
200986,1,4277.5998,4277.5998,False,1.0,"{""inversion_rho"":null,""inversion_channel"":20.5,""period_ms"":15.999794006347656}"
200986,1,4323.8001,4323.8001,False,1.0,"{""inversion_rho"":null,""inversion_channel"":18.5,""period_ms"":15.999794006347656}"
200986,1,4362.8998,4362.8998,False,1.0,"{""inversion_rho"":null,""inversion_channel"":34.0,""period_ms"":15.999794006347656}"
200986,1,4396.1,4396.1,False,1.0,"{""inversion_rho"":null,""inversion_channel"":33.5,""period_ms"":15.999794006347656}"
200986,1,4423.6999,4423.6999,False,1.0,"{""inversion_rho"":null,""inversion_channel"":33.5,""period_ms"":15.999794006347656}"
200986,1,4448.0,4448.0,False,1.0,"{""inversion_rho"":null,""inversion_channel"":33.5,""period_ms"":15.999794006347656}"
200986,1,4470.3999,4470.3999,False,1.0,"{""inversion_rho"":null,""inversion_channel"":33.5,""period_ms"":15.999794006347656}"
200986,1,4488.8,4488.8,False,1.0,"{""inversion_rho"":null,""inversion_channel"":15.5,""period_ms"":15.999794006347656}"
200986,1,4508.1,4508.1,False,1.0,"{""inversion_rho"":null,""inversion_channel"":15.5,""period_ms"":15.999794006347656}"
200986,1,4525.8002,4525.8002,False,1.0,"{""inversion_rho"":null,""inversion_channel"":16.5,""period_ms"":15.999794006347656}"
200986,1,4541.6999,4541.6999,False,0.75,"{""inversion_rho"":null,""inversion_channel"":14.5,""period_ms"":15.999794006347656}"
200986,1,4558.4002,4558.4002,False,0.625,"{""inversion_rho"":null,""inversion_channel"":14.5,""period_ms"":15.999794006347656}"
200986,1,4574.3999,4574.3999,False,1.0,"{""inversion_rho"":null,""inversion_channel"":15.5,""period_ms"":15.999794006347656}"
200986,1,4589.9,4589.9,False,1.0,"{""inversion_rho"":null,""inversion_channel"":14.5,""period_ms"":15.999794006347656}"
200986,1,4605.1998,4605.1998,False,0.75,"{""inversion_rho"":null,""inversion_channel"":25.5,""period_ms"":15.999794006347656}"
200986,1,4620.8,4620.8,False,1.0,"{""inversion_rho"":null,""inversion_channel"":14.0,""period_ms"":15.999794006347656}"
200986,1,4635.3998,4635.3998,False,1.0,"{""inversion_rho"":null,""inversion_channel"":13.5,""period_ms"":15.999794006347656}"
200986,1,4650.1002,4650.1002,False,1.0,"{""inversion_rho"":null,""inversion_channel"":14.0,""period_ms"":15.999794006347656}"
200986,1,4664.7,4664.7,False,1.0,"{""inversion_rho"":null,""inversion_channel"":13.0,""period_ms"":15.999794006347656}"
200986,1,4679.9998,4679.9998,False,1.0,"{""inversion_rho"":null,""inversion_channel"":13.5,""period_ms"":15.999794006347656}"
200986,1,4694.0999,4694.0999,False,0.625,"{""inversion_rho"":null,""inversion_channel"":26.5,""period_ms"":15.999794006347656}"
200986,1,4709.4002,4709.4002,False,1.0,"{""inversion_rho"":null,""inversion_channel"":27.5,""period_ms"":15.999794006347656}"
200986,1,4724.2999,4724.2999,False,1.0,"{""inversion_rho"":null,""inversion_channel"":24.5,""period_ms"":15.999794006347656}"
200986,1,4739.5,4739.5,False,1.0,"{""inversion_rho"":null,""inversion_channel"":26.5,""period_ms"":15.999794006347656}"
200986,1,4754.7002,4754.7002,False,1.0,"{""inversion_rho"":null,""inversion_channel"":23.0,""period_ms"":15.999794006347656}"
200986,1,4768.7998,4768.7998,False,1.0,"{""inversion_rho"":null,""inversion_channel"":22.0,""period_ms"":15.999794006347656}"
200986,1,64.7,99.9,True,1.0,"{""inversion_rho"":null,""inversion_channel"":7.5,""period_ms"":12.400001287460327}"
200986,1,1389.8,1459.1,True,1.0,"{""inversion_rho"":null,""inversion_channel"":9.0,""period_ms"":18.249988555908203}"
200986,1,1960.3,1991.8,True,1.0,"{""inversion_rho"":null,""inversion_channel"":23.0,""period_ms"":15.749990940093994}"
200986,1,2031.4,2551.8,True,1.0,"{""inversion_rho"":null,""inversion_channel"":17.5,""period_ms"":26.849865913391113}"
200986,1,2597.8,2647.3999,True,1.0,"{""inversion_rho"":null,""inversion_channel"":21.5,""period_ms"":24.79994297027588}"
200986,1,2657.3,2771.1,True,1.0,"{""inversion_rho"":null,""inversion_channel"":25.5,""period_ms"":30.199885368347168}"
200986,1,2778.5001,2853.6999,True,1.0,"{""inversion_rho"":null,""inversion_channel"":17.0,""period_ms"":18.09978485107422}"
200986,1,2897.5999,2972.8999,True,1.0,"{""inversion_rho"":null,""inversion_channel"":20.5,""period_ms"":18.800020217895508}"
200986,1,3032.1,3172.6999,True,1.0,"{""inversion_rho"":null,""inversion_channel"":18.0,""period_ms"":48.599958419799805}"
200986,1,3191.4001,3220.5,True,1.0,"{""inversion_rho"":null,""inversion_channel"":21.75,""period_ms"":8.300065994262695}"
200986,1,3242.8999,3283.2999,True,1.0,"{""inversion_rho"":null,""inversion_channel"":23.75,""period_ms"":10.799884796142578}"
200986,1,3305.1,3399.6999,True,1.0,"{""inversion_rho"":null,""inversion_channel"":16.0,""period_ms"":16.900062561035156}"
200986,1,3441.2,3624.1,True,1.0,"{""inversion_rho"":null,""inversion_channel"":18.5,""period_ms"":13.949990272521973}"
200986,1,3661.7,3744.6001,True,1.0,"{""inversion_rho"":null,""inversion_channel"":23.5,""period_ms"":15.550017356872559}"
200986,1,3750.5,4115.9,True,1.0,"{""inversion_rho"":null,""inversion_channel"":25.5,""period_ms"":16.39997959136963}"
200986,1,4137.5999,4768.7998,True,1.0,"{""inversion_rho"":null,""inversion_channel"":22.25,""period_ms"":15.999794006347656}"
200990,1,55.5,55.5,False,0.625,"{""inversion_rho"":null,""inversion_channel"":10.5,""period_ms"":9.89999994635582}"
200990,1,62.4,62.4,False,0.5,"{""inversion_rho"":null,""inversion_channel"":6.5,""period_ms"":9.89999994635582}"
200990,1,75.3,75.3,False,1.0,"{""inversion_rho"":null,""inversion_channel"":6.5,""period_ms"":9.89999994635582}"
200990,1,90.6,90.6,False,1.0,"{""inversion_rho"":null,""inversion_channel"":7.5,""period_ms"":9.89999994635582}"
200990,1,96.8,96.8,False,0.75,"{""inversion_rho"":null,""inversion_channel"":5.5,""period_ms"":9.89999994635582}"
200990,1,1523.7,1523.7,False,1.0,"{""inversion_rho"":null,""inversion_channel"":39.5,""period_ms"":22.300004959106445}"
200990,1,1550.8,1550.8,False,1.0,"{""inversion_rho"":null,""inversion_channel"":11.5,""period_ms"":22.300004959106445}"
200990,1,1592.7,1592.7,False,1.0,"{""inversion_rho"":null,""inversion_channel"":7.0,""period_ms"":22.300004959106445}"
200990,1,1610.2,1610.2,False,0.625,"{""inversion_rho"":null,""inversion_channel"":8.5,""period_ms"":22.300004959106445}"
200990,1,1626.9,1626.9,False,1.0,"{""inversion_rho"":null,""inversion_channel"":3.5,""period_ms"":22.300004959106445}"
200990,1,1641.6,1641.6,False,0.5,"{""inversion_rho"":null,""inversion_channel"":8.0,""period_ms"":22.300004959106445}"
200990,1,1670.0,1670.0,False,0.375,"{""inversion_rho"":null,""inversion_channel"":7.0,""period_ms"":22.300004959106445}"
200990,1,1680.4,1680.4,False,1.0,"{""inversion_rho"":null,""inversion_channel"":4.5,""period_ms"":17.50004291534424}"
200990,1,1710.1001,1710.1001,False,1.0,"{""inversion_rho"":null,""inversion_channel"":3.5,""period_ms"":17.50004291534424}"
200990,1,1727.0,1727.0,False,1.0,"{""inversion_rho"":null,""inversion_channel"":4.5,""period_ms"":17.50004291534424}"
200990,1,1744.5,1744.5,False,1.0,"{""inversion_rho"":null,""inversion_channel"":3.5,""period_ms"":17.50004291534424}"
200990,1,1765.6,1765.6,False,1.0,"{""inversion_rho"":null,""inversion_channel"":2.0,""period_ms"":17.50004291534424}"
200990,1,1776.8,1776.8,False,1.0,"{""inversion_rho"":null,""inversion_channel"":42.5,""period_ms"":17.50004291534424}"
200990,1,1790.0,1790.0,False,1.0,"{""inversion_rho"":null,""inversion_channel"":4.5,""period_ms"":17.50004291534424}"
200990,1,1820.3,1820.3,False,1.0,"{""inversion_rho"":null,""inversion_channel"":3.5,""period_ms"":17.50004291534424}"
200990,1,1844.4999,1844.4999,False,1.0,"{""inversion_rho"":null,""inversion_channel"":24.5,""period_ms"":17.50004291534424}"
200990,1,1877.5001,1877.5001,False,1.0,"{""inversion_rho"":null,""inversion_channel"":3.5,""period_ms"":17.50004291534424}"
200990,1,1895.4,1895.4,False,0.75,"{""inversion_rho"":null,""inversion_channel"":40.5,""period_ms"":17.50004291534424}"
200990,1,1908.8,1908.8,False,0.25,"{""inversion_rho"":null,""inversion_channel"":27.0,""period_ms"":17.50004291534424}"
200990,1,1927.2,1927.2,False,1.0,"{""inversion_rho"":null,""inversion_channel"":20.5,""period_ms"":17.50004291534424}"
200990,1,1945.2,1945.2,False,0.25,"{""inversion_rho"":null,""inversion_channel"":19.5,""period_ms"":17.50004291534424}"
200990,1,1955.3,1955.3,False,0.625,"{""inversion_rho"":null,""inversion_channel"":23.5,""period_ms"":17.50004291534424}"
200990,1,1962.1,1962.1,False,0.5,"{""inversion_rho"":null,""inversion_channel"":27.5,""period_ms"":17.50004291534424}"
200990,1,1975.7,1975.7,False,1.0,"{""inversion_rho"":null,""inversion_channel"":25.0,""period_ms"":17.50004291534424}"
200990,1,1997.4999,1997.4999,False,1.0,"{""inversion_rho"":null,""inversion_channel"":24.5,""period_ms"":17.50004291534424}"
200990,1,2030.9,2030.9,False,0.375,"{""inversion_rho"":null,""inversion_channel"":24.5,""period_ms"":17.50004291534424}"
200990,1,2044.6999,2044.6999,False,1.0,"{""inversion_rho"":null,""inversion_channel"":21.5,""period_ms"":17.50004291534424}"
200990,1,2055.2001,2055.2001,False,0.25,"{""inversion_rho"":null,""inversion_channel"":27.5,""period_ms"":17.50004291534424}"
200990,1,2061.0001,2061.0001,False,0.25,"{""inversion_rho"":null,""inversion_channel"":9.0,""period_ms"":17.50004291534424}"
200990,1,2082.0999,2082.0999,False,0.75,"{""inversion_rho"":null,""inversion_channel"":27.5,""period_ms"":9.699821472167969}"
200990,1,2095.5999,2095.5999,False,1.0,"{""inversion_rho"":null,""inversion_channel"":20.5,""period_ms"":9.699821472167969}"
200990,1,2104.7001,2104.7001,False,1.0,"{""inversion_rho"":null,""inversion_channel"":16.5,""period_ms"":9.699821472167969}"
200990,1,2114.1,2114.1,False,1.0,"{""inversion_rho"":null,""inversion_channel"":13.5,""period_ms"":9.699821472167969}"
200990,1,2123.1999,2123.1999,False,0.625,"{""inversion_rho"":null,""inversion_channel"":23.0,""period_ms"":9.699821472167969}"
200990,1,2133.5001,2133.5001,False,0.375,"{""inversion_rho"":null,""inversion_channel"":20.5,""period_ms"":9.699821472167969}"
200990,1,2143.1999,2143.1999,False,1.0,"{""inversion_rho"":null,""inversion_channel"":16.5,""period_ms"":9.699821472167969}"
200990,1,2159.9,2159.9,False,0.875,"{""inversion_rho"":null,""inversion_channel"":20.0,""period_ms"":9.699821472167969}"
200990,1,2165.8001,2165.8001,False,1.0,"{""inversion_rho"":null,""inversion_channel"":5.5,""period_ms"":11.6499662399292}"
200990,1,2178.9999,2178.9999,False,1.0,"{""inversion_rho"":null,""inversion_channel"":12.5,""period_ms"":11.6499662399292}"
200990,1,2196.3999,2196.3999,False,0.75,"{""inversion_rho"":null,""inversion_channel"":22.0,""period_ms"":11.6499662399292}"
200990,1,2206.5001,2206.5001,False,0.625,"{""inversion_rho"":null,""inversion_channel"":4.0,""period_ms"":11.6499662399292}"
200990,1,2211.6001,2211.6001,False,1.0,"{""inversion_rho"":null,""inversion_channel"":15.5,""period_ms"":11.6499662399292}"
200990,1,2227.5,2227.5,False,1.0,"{""inversion_rho"":null,""inversion_channel"":20.5,""period_ms"":14.500021934509277}"
200990,1,2238.3001,2238.3001,False,1.0,"{""inversion_rho"":null,""inversion_channel"":24.5,""period_ms"":14.500021934509277}"
200990,1,2256.5,2256.5,False,0.625,"{""inversion_rho"":null,""inversion_channel"":26.0,""period_ms"":14.500021934509277}"
200990,1,2262.5,2262.5,False,0.5,"{""inversion_rho"":null,""inversion_channel"":44.5,""period_ms"":11.799812316894531}"
200990,1,2270.2999,2270.2999,False,0.5,"{""inversion_rho"":null,""inversion_channel"":17.5,""period_ms"":11.799812316894531}"
200990,1,2284.3001,2284.3001,False,1.0,"{""inversion_rho"":null,""inversion_channel"":23.5,""period_ms"":11.799812316894531}"
200990,1,2296.0999,2296.0999,False,1.0,"{""inversion_rho"":null,""inversion_channel"":24.5,""period_ms"":11.799812316894531}"
200990,1,2304.8999,2304.8999,False,1.0,"{""inversion_rho"":null,""inversion_channel"":11.5,""period_ms"":11.799812316894531}"
200990,1,2323.0,2323.0,False,0.25,"{""inversion_rho"":null,""inversion_channel"":36.5,""period_ms"":11.799812316894531}"
200990,1,2335.0,2335.0,False,0.375,"{""inversion_rho"":null,""inversion_channel"":17.5,""period_ms"":11.799812316894531}"
200990,1,2340.1,2340.1,False,0.75,"{""inversion_rho"":null,""inversion_channel"":17.5,""period_ms"":11.799812316894531}"
200990,1,2355.0999,2355.0999,False,1.0,"{""inversion_rho"":null,""inversion_channel"":3.5,""period_ms"":15.799999237060547}"
200990,1,2372.7,2372.7,False,0.5,"{""inversion_rho"":null,""inversion_channel"":16.5,""period_ms"":15.799999237060547}"
200990,1,2393.5001,2393.5001,False,0.75,"{""inversion_rho"":null,""inversion_channel"":24.0,""period_ms"":15.799999237060547}"
200990,1,2407.5,2407.5,False,1.0,"{""inversion_rho"":null,""inversion_channel"":3.5,""period_ms"":15.799999237060547}"
200990,1,2417.3,2417.3,False,0.25,"{""inversion_rho"":null,""inversion_channel"":24.5,""period_ms"":15.799999237060547}"
200990,1,2445.6999,2445.6999,False,1.0,"{""inversion_rho"":null,""inversion_channel"":16.5,""period_ms"":13.000011444091797}"
200990,1,2458.6999,2458.6999,False,1.0,"{""inversion_rho"":null,""inversion_channel"":11.5,""period_ms"":13.000011444091797}"
200990,1,2474.4999,2474.4999,False,0.625,"{""inversion_rho"":null,""inversion_channel"":16.5,""period_ms"":13.000011444091797}"
200990,1,2490.2999,2490.2999,False,0.375,"{""inversion_rho"":null,""inversion_channel"":23.0,""period_ms"":13.000011444091797}"
200990,1,2499.5999,2499.5999,False,0.75,"{""inversion_rho"":null,""inversion_channel"":25.0,""period_ms"":13.000011444091797}"
200990,1,2513.0,2513.0,False,1.0,"{""inversion_rho"":null,""inversion_channel"":16.5,""period_ms"":13.000011444091797}"
200990,1,2526.0,2526.0,False,1.0,"{""inversion_rho"":null,""inversion_channel"":22.5,""period_ms"":13.000011444091797}"
200990,1,2536.5,2536.5,False,1.0,"{""inversion_rho"":null,""inversion_channel"":17.5,""period_ms"":13.000011444091797}"
200990,1,2543.4999,2543.4999,False,1.0,"{""inversion_rho"":null,""inversion_channel"":16.5,""period_ms"":13.000011444091797}"
200990,1,2558.5001,2558.5001,False,0.875,"{""inversion_rho"":null,""inversion_channel"":4.0,""period_ms"":13.000011444091797}"
200990,1,2569.7999,2569.7999,False,1.0,"{""inversion_rho"":null,""inversion_channel"":22.5,""period_ms"":13.000011444091797}"
200990,1,2583.4,2583.4,False,0.875,"{""inversion_rho"":null,""inversion_channel"":28.5,""period_ms"":13.000011444091797}"
200990,1,2593.8001,2593.8001,False,1.0,"{""inversion_rho"":null,""inversion_channel"":14.0,""period_ms"":13.000011444091797}"
200990,1,2608.5999,2608.5999,False,0.625,"{""inversion_rho"":null,""inversion_channel"":21.0,""period_ms"":13.000011444091797}"
200990,1,2622.0,2622.0,False,0.5,"{""inversion_rho"":null,""inversion_channel"":21.5,""period_ms"":13.000011444091797}"
200990,1,2627.3999,2627.3999,False,1.0,"{""inversion_rho"":null,""inversion_channel"":13.5,""period_ms"":13.000011444091797}"
200990,1,2641.3,2641.3,False,0.875,"{""inversion_rho"":null,""inversion_channel"":22.0,""period_ms"":12.449860572814941}"
200990,1,2646.3001,2646.3001,False,0.5,"{""inversion_rho"":null,""inversion_channel"":11.0,""period_ms"":12.449860572814941}"
200990,1,2654.5999,2654.5999,False,0.875,"{""inversion_rho"":null,""inversion_channel"":26.5,""period_ms"":12.449860572814941}"
200990,1,2670.1,2670.1,False,0.25,"{""inversion_rho"":null,""inversion_channel"":16.5,""period_ms"":12.449860572814941}"
200990,1,2683.3,2683.3,False,0.75,"{""inversion_rho"":null,""inversion_channel"":11.0,""period_ms"":12.449860572814941}"
200990,1,2695.2,2695.2,False,0.5,"{""inversion_rho"":null,""inversion_channel"":27.5,""period_ms"":12.449860572814941}"
200990,1,2706.0001,2706.0001,False,0.375,"{""inversion_rho"":null,""inversion_channel"":17.5,""period_ms"":12.449860572814941}"
200990,1,2716.9001,2716.9001,False,1.0,"{""inversion_rho"":null,""inversion_channel"":3.5,""period_ms"":12.449860572814941}"
200990,1,2734.1001,2734.1001,False,0.625,"{""inversion_rho"":null,""inversion_channel"":17.5,""period_ms"":12.449860572814941}"
200990,1,2746.5999,2746.5999,False,1.0,"{""inversion_rho"":null,""inversion_channel"":4.5,""period_ms"":12.449860572814941}"
200990,1,2759.1,2759.1,False,1.0,"{""inversion_rho"":null,""inversion_channel"":25.0,""period_ms"":12.449860572814941}"
200990,1,2770.6001,2770.6001,False,1.0,"{""inversion_rho"":null,""inversion_channel"":12.5,""period_ms"":12.449860572814941}"
200990,1,2783.0999,2783.0999,False,0.375,"{""inversion_rho"":null,""inversion_channel"":32.0,""period_ms"":12.449860572814941}"
200990,1,2804.5001,2804.5001,False,0.625,"{""inversion_rho"":null,""inversion_channel"":22.0,""period_ms"":12.449860572814941}"
200990,1,2822.5999,2822.5999,False,1.0,"{""inversion_rho"":null,""inversion_channel"":22.5,""period_ms"":12.449860572814941}"
200990,1,2836.2,2836.2,False,1.0,"{""inversion_rho"":null,""inversion_channel"":20.5,""period_ms"":12.449860572814941}"
200990,1,2848.5999,2848.5999,False,1.0,"{""inversion_rho"":null,""inversion_channel"":3.0,""period_ms"":12.449860572814941}"
200990,1,2860.8999,2860.8999,False,0.625,"{""inversion_rho"":null,""inversion_channel"":4.5,""period_ms"":12.449860572814941}"
200990,1,2867.6,2867.6,False,0.75,"{""inversion_rho"":null,""inversion_channel"":19.5,""period_ms"":12.449860572814941}"
200990,1,2874.9001,2874.9001,False,1.0,"{""inversion_rho"":null,""inversion_channel"":14.5,""period_ms"":12.449860572814941}"
200990,1,2888.2,2888.2,False,1.0,"{""inversion_rho"":null,""inversion_channel"":33.0,""period_ms"":12.449860572814941}"
200990,1,2896.8999,2896.8999,False,1.0,"{""inversion_rho"":null,""inversion_channel"":22.5,""period_ms"":12.449860572814941}"
200990,1,2909.4,2909.4,False,0.875,"{""inversion_rho"":null,""inversion_channel"":3.0,""period_ms"":12.449860572814941}"
200990,1,2924.5,2924.5,False,0.75,"{""inversion_rho"":null,""inversion_channel"":21.5,""period_ms"":12.449860572814941}"
200990,1,2937.7999,2937.7999,False,1.0,"{""inversion_rho"":null,""inversion_channel"":14.5,""period_ms"":12.449860572814941}"
200990,1,2948.1001,2948.1001,False,1.0,"{""inversion_rho"":null,""inversion_channel"":27.0,""period_ms"":12.449860572814941}"
200990,1,2954.9,2954.9,False,0.625,"{""inversion_rho"":null,""inversion_channel"":20.5,""period_ms"":12.449860572814941}"
200990,1,2963.8,2963.8,False,1.0,"{""inversion_rho"":null,""inversion_channel"":26.5,""period_ms"":12.449860572814941}"
200990,1,2978.4999,2978.4999,False,1.0,"{""inversion_rho"":null,""inversion_channel"":38.5,""period_ms"":12.449860572814941}"
200990,1,2991.8001,2991.8001,False,1.0,"{""inversion_rho"":null,""inversion_channel"":12.5,""period_ms"":12.449860572814941}"
200990,1,3002.1,3002.1,False,0.5,"{""inversion_rho"":null,""inversion_channel"":21.5,""period_ms"":12.449860572814941}"
200990,1,3008.8,3008.8,False,1.0,"{""inversion_rho"":null,""inversion_channel"":4.5,""period_ms"":12.449860572814941}"
200990,1,3024.4999,3024.4999,False,1.0,"{""inversion_rho"":null,""inversion_channel"":20.5,""period_ms"":12.449860572814941}"
200990,1,3030.1001,3030.1001,False,0.5,"{""inversion_rho"":null,""inversion_channel"":21.5,""period_ms"":null}"
200990,1,3047.4,3047.4,False,1.0,"{""inversion_rho"":null,""inversion_channel"":4.5,""period_ms"":null}"
200990,1,3053.2999,3053.2999,False,1.0,"{""inversion_rho"":null,""inversion_channel"":22.5,""period_ms"":11.800050735473633}"
200990,1,3066.4999,3066.4999,False,0.25,"{""inversion_rho"":null,""inversion_channel"":18.5,""period_ms"":11.800050735473633}"
200990,1,3084.0001,3084.0001,False,1.0,"{""inversion_rho"":null,""inversion_channel"":37.5,""period_ms"":11.800050735473633}"
200990,1,3097.6,3097.6,False,1.0,"{""inversion_rho"":null,""inversion_channel"":4.5,""period_ms"":11.800050735473633}"
200990,1,3111.3999,3111.3999,False,0.5,"{""inversion_rho"":null,""inversion_channel"":19.5,""period_ms"":11.800050735473633}"
200990,1,3117.5001,3117.5001,False,1.0,"{""inversion_rho"":null,""inversion_channel"":4.5,""period_ms"":11.800050735473633}"
200990,1,3129.4999,3129.4999,False,1.0,"{""inversion_rho"":null,""inversion_channel"":22.5,""period_ms"":11.800050735473633}"
200990,1,3140.6,3140.6,False,0.625,"{""inversion_rho"":null,""inversion_channel"":21.5,""period_ms"":11.800050735473633}"
200990,1,3151.0,3151.0,False,1.0,"{""inversion_rho"":null,""inversion_channel"":3.0,""period_ms"":11.800050735473633}"
200990,1,3165.2,3165.2,False,1.0,"{""inversion_rho"":null,""inversion_channel"":21.5,""period_ms"":11.800050735473633}"
200990,1,3177.0,3177.0,False,1.0,"{""inversion_rho"":null,""inversion_channel"":3.0,""period_ms"":11.800050735473633}"
200990,1,3188.8001,3188.8001,False,0.875,"{""inversion_rho"":null,""inversion_channel"":19.5,""period_ms"":11.800050735473633}"
200990,1,3195.6999,3195.6999,False,0.375,"{""inversion_rho"":null,""inversion_channel"":22.5,""period_ms"":11.800050735473633}"
200990,1,3201.0,3201.0,False,0.375,"{""inversion_rho"":null,""inversion_channel"":19.5,""period_ms"":11.800050735473633}"
200990,1,3221.9999,3221.9999,False,1.0,"{""inversion_rho"":null,""inversion_channel"":5.5,""period_ms"":11.00015640258789}"
200990,1,3233.0,3233.0,False,1.0,"{""inversion_rho"":null,""inversion_channel"":21.5,""period_ms"":11.00015640258789}"
200990,1,3245.5001,3245.5001,False,0.75,"{""inversion_rho"":null,""inversion_channel"":17.5,""period_ms"":11.00015640258789}"
200990,1,3256.0,3256.0,False,1.0,"{""inversion_rho"":null,""inversion_channel"":4.5,""period_ms"":11.00015640258789}"
200990,1,3283.7999,3283.7999,False,1.0,"{""inversion_rho"":null,""inversion_channel"":4.5,""period_ms"":null}"
200990,1,3298.8,3298.8,False,0.25,"{""inversion_rho"":null,""inversion_channel"":17.5,""period_ms"":null}"
200990,1,3304.3001,3304.3001,False,1.0,"{""inversion_rho"":null,""inversion_channel"":3.0,""period_ms"":null}"
200990,1,3322.7,3322.7,False,0.25,"{""inversion_rho"":null,""inversion_channel"":17.5,""period_ms"":null}"
200990,1,3327.8999,3327.8999,False,0.625,"{""inversion_rho"":null,""inversion_channel"":20.5,""period_ms"":12.30001449584961}"
200990,1,3337.1,3337.1,False,1.0,"{""inversion_rho"":null,""inversion_channel"":4.5,""period_ms"":12.30001449584961}"
200990,1,3349.8001,3349.8001,False,1.0,"{""inversion_rho"":null,""inversion_channel"":38.5,""period_ms"":12.30001449584961}"
200990,1,3362.4001,3362.4001,False,0.5,"{""inversion_rho"":null,""inversion_channel"":21.0,""period_ms"":12.30001449584961}"
200990,1,3376.3001,3376.3001,False,1.0,"{""inversion_rho"":null,""inversion_channel"":20.5,""period_ms"":12.30001449584961}"
200990,1,3392.0,3392.0,False,0.25,"{""inversion_rho"":null,""inversion_channel"":19.5,""period_ms"":12.30001449584961}"
200990,1,3404.0,3404.0,False,1.0,"{""inversion_rho"":null,""inversion_channel"":22.5,""period_ms"":12.30001449584961}"
200990,1,3416.3001,3416.3001,False,1.0,"{""inversion_rho"":null,""inversion_channel"":22.0,""period_ms"":12.30001449584961}"
200990,1,3426.1999,3426.1999,False,1.0,"{""inversion_rho"":null,""inversion_channel"":37.0,""period_ms"":12.30001449584961}"
200990,1,3436.3,3436.3,False,1.0,"{""inversion_rho"":null,""inversion_channel"":20.5,""period_ms"":12.30001449584961}"
200990,1,3448.2999,3448.2999,False,1.0,"{""inversion_rho"":null,""inversion_channel"":6.5,""period_ms"":12.30001449584961}"
200990,1,3462.5001,3462.5001,False,0.5,"{""inversion_rho"":null,""inversion_channel"":4.5,""period_ms"":12.30001449584961}"
200990,1,3467.6001,3467.6001,False,0.625,"{""inversion_rho"":null,""inversion_channel"":36.5,""period_ms"":11.099815368652344}"
200990,1,3478.6999,3478.6999,False,1.0,"{""inversion_rho"":null,""inversion_channel"":22.5,""period_ms"":11.099815368652344}"
200990,1,3492.8,3492.8,False,0.25,"{""inversion_rho"":null,""inversion_channel"":29.0,""period_ms"":11.099815368652344}"
200990,1,3499.8,3499.8,False,1.0,"{""inversion_rho"":null,""inversion_channel"":25.5,""period_ms"":11.099815368652344}"
200990,1,3519.7999,3519.7999,False,0.375,"{""inversion_rho"":null,""inversion_channel"":4.5,""period_ms"":12.199878692626953}"
200990,1,3532.3999,3532.3999,False,1.0,"{""inversion_rho"":null,""inversion_channel"":38.0,""period_ms"":12.199878692626953}"
200990,1,3542.9001,3542.9001,False,0.75,"{""inversion_rho"":null,""inversion_channel"":19.5,""period_ms"":12.199878692626953}"
200990,1,3555.1,3555.1,False,0.5,"{""inversion_rho"":null,""inversion_channel"":12.5,""period_ms"":12.199878692626953}"
200990,1,3576.6001,3576.6001,False,1.0,"{""inversion_rho"":null,""inversion_channel"":22.5,""period_ms"":12.199878692626953}"
200990,1,3590.3001,3590.3001,False,1.0,"{""inversion_rho"":null,""inversion_channel"":24.5,""period_ms"":12.199878692626953}"
200990,1,3600.3001,3600.3001,False,0.25,"{""inversion_rho"":null,""inversion_channel"":20.5,""period_ms"":12.199878692626953}"
200990,1,3608.4001,3608.4001,False,1.0,"{""inversion_rho"":null,""inversion_channel"":24.5,""period_ms"":12.199878692626953}"
200990,1,3617.8,3617.8,False,1.0,"{""inversion_rho"":null,""inversion_channel"":22.5,""period_ms"":12.199878692626953}"
200990,1,3630.8999,3630.8999,False,1.0,"{""inversion_rho"":null,""inversion_channel"":4.5,""period_ms"":12.199878692626953}"
200990,1,3643.5001,3643.5001,False,1.0,"{""inversion_rho"":null,""inversion_channel"":5.5,""period_ms"":12.199878692626953}"
200990,1,3654.2001,3654.2001,False,1.0,"{""inversion_rho"":null,""inversion_channel"":3.5,""period_ms"":12.199878692626953}"
200990,1,3669.8,3669.8,False,1.0,"{""inversion_rho"":null,""inversion_channel"":4.5,""period_ms"":12.199878692626953}"
200990,1,3686.0001,3686.0001,False,1.0,"{""inversion_rho"":null,""inversion_channel"":3.5,""period_ms"":12.199878692626953}"
200990,1,3697.9001,3697.9001,False,1.0,"{""inversion_rho"":null,""inversion_channel"":4.5,""period_ms"":12.199878692626953}"
200990,1,3709.3,3709.3,False,1.0,"{""inversion_rho"":null,""inversion_channel"":4.5,""period_ms"":12.199878692626953}"
200990,1,3748.1999,3748.1999,False,1.0,"{""inversion_rho"":null,""inversion_channel"":4.5,""period_ms"":null}"
200990,1,3783.2,3783.2,False,0.5,"{""inversion_rho"":null,""inversion_channel"":4.5,""period_ms"":null}"
200990,1,3794.6999,3794.6999,False,1.0,"{""inversion_rho"":null,""inversion_channel"":3.5,""period_ms"":29.199838638305664}"
200990,1,3827.1999,3827.1999,False,1.0,"{""inversion_rho"":null,""inversion_channel"":7.0,""period_ms"":29.199838638305664}"
200990,1,3849.8001,3849.8001,False,0.25,"{""inversion_rho"":null,""inversion_channel"":3.0,""period_ms"":29.199838638305664}"
200990,1,3878.9999,3878.9999,False,1.0,"{""inversion_rho"":null,""inversion_channel"":4.5,""period_ms"":29.199838638305664}"
200990,1,3888.7,3888.7,False,1.0,"{""inversion_rho"":null,""inversion_channel"":39.5,""period_ms"":11.899948120117188}"
200990,1,3901.7999,3901.7999,False,1.0,"{""inversion_rho"":null,""inversion_channel"":4.5,""period_ms"":11.899948120117188}"
200990,1,3912.4999,3912.4999,False,1.0,"{""inversion_rho"":null,""inversion_channel"":37.5,""period_ms"":11.899948120117188}"
200990,1,3939.5001,3939.5001,False,1.0,"{""inversion_rho"":null,""inversion_channel"":36.0,""period_ms"":14.099955558776855}"
200990,1,3949.7001,3949.7001,False,1.0,"{""inversion_rho"":null,""inversion_channel"":37.0,""period_ms"":14.099955558776855}"
200990,1,3967.4001,3967.4001,False,1.0,"{""inversion_rho"":null,""inversion_channel"":3.5,""period_ms"":14.099955558776855}"
200990,1,3982.3,3982.3,False,0.875,"{""inversion_rho"":null,""inversion_channel"":3.5,""period_ms"":14.099955558776855}"
200990,1,3995.6,3995.6,False,1.0,"{""inversion_rho"":null,""inversion_channel"":3.5,""period_ms"":14.099955558776855}"
200990,1,4098.0,4098.0,False,1.0,"{""inversion_rho"":null,""inversion_channel"":22.5,""period_ms"":null}"
200990,1,4166.5001,4166.5001,False,1.0,"{""inversion_rho"":null,""inversion_channel"":13.5,""period_ms"":null}"
200990,1,4182.7002,4182.7002,False,0.75,"{""inversion_rho"":null,""inversion_channel"":20.5,""period_ms"":16.199827194213867}"
200990,1,4206.6998,4206.6998,False,1.0,"{""inversion_rho"":null,""inversion_channel"":20.0,""period_ms"":16.199827194213867}"
200990,1,4235.7998,4235.7998,False,0.75,"{""inversion_rho"":null,""inversion_channel"":33.0,""period_ms"":16.199827194213867}"
200990,1,4267.2,4267.2,False,1.0,"{""inversion_rho"":null,""inversion_channel"":18.5,""period_ms"":16.199827194213867}"
200990,1,4297.8001,4297.8001,False,1.0,"{""inversion_rho"":null,""inversion_channel"":18.5,""period_ms"":16.199827194213867}"
200990,1,4352.7999,4352.7999,False,1.0,"{""inversion_rho"":null,""inversion_channel"":18.0,""period_ms"":16.199827194213867}"
200990,1,4376.8001,4376.8001,False,0.375,"{""inversion_rho"":null,""inversion_channel"":17.5,""period_ms"":16.199827194213867}"
200990,1,4400.4002,4400.4002,False,1.0,"{""inversion_rho"":null,""inversion_channel"":22.0,""period_ms"":16.199827194213867}"
200990,1,4421.8001,4421.8001,False,1.0,"{""inversion_rho"":null,""inversion_channel"":18.0,""period_ms"":16.199827194213867}"
200990,1,4441.2999,4441.2999,False,1.0,"{""inversion_rho"":null,""inversion_channel"":17.0,""period_ms"":16.199827194213867}"
200990,1,4460.7,4460.7,False,1.0,"{""inversion_rho"":null,""inversion_channel"":33.0,""period_ms"":16.199827194213867}"
200990,1,4479.1999,4479.1999,False,1.0,"{""inversion_rho"":null,""inversion_channel"":32.5,""period_ms"":16.199827194213867}"
200990,1,4496.9001,4496.9001,False,1.0,"{""inversion_rho"":null,""inversion_channel"":15.5,""period_ms"":16.199827194213867}"
200990,1,4513.5999,4513.5999,False,1.0,"{""inversion_rho"":null,""inversion_channel"":32.5,""period_ms"":16.199827194213867}"
200990,1,4530.7002,4530.7002,False,1.0,"{""inversion_rho"":null,""inversion_channel"":32.5,""period_ms"":16.199827194213867}"
200990,1,4547.5001,4547.5001,False,1.0,"{""inversion_rho"":null,""inversion_channel"":33.0,""period_ms"":16.199827194213867}"
200990,1,4563.3001,4563.3001,False,1.0,"{""inversion_rho"":null,""inversion_channel"":15.5,""period_ms"":16.199827194213867}"
200990,1,4579.8001,4579.8001,False,1.0,"{""inversion_rho"":null,""inversion_channel"":14.5,""period_ms"":16.199827194213867}"
200990,1,4594.2001,4594.2001,False,1.0,"{""inversion_rho"":null,""inversion_channel"":13.5,""period_ms"":16.199827194213867}"
200990,1,4610.0998,4610.0998,False,1.0,"{""inversion_rho"":null,""inversion_channel"":31.5,""period_ms"":16.199827194213867}"
200990,1,4625.1998,4625.1998,False,1.0,"{""inversion_rho"":null,""inversion_channel"":31.5,""period_ms"":16.199827194213867}"
200990,1,4638.9999,4638.9999,False,1.0,"{""inversion_rho"":null,""inversion_channel"":31.0,""period_ms"":16.199827194213867}"
200990,1,4654.7999,4654.7999,False,1.0,"{""inversion_rho"":null,""inversion_channel"":13.5,""period_ms"":16.199827194213867}"
200990,1,4670.1002,4670.1002,False,1.0,"{""inversion_rho"":null,""inversion_channel"":13.0,""period_ms"":16.199827194213867}"
200990,1,4683.8002,4683.8002,False,1.0,"{""inversion_rho"":null,""inversion_channel"":13.0,""period_ms"":16.199827194213867}"
200990,1,4699.3999,4699.3999,False,1.0,"{""inversion_rho"":null,""inversion_channel"":13.5,""period_ms"":16.199827194213867}"
200990,1,4714.0002,4714.0002,False,1.0,"{""inversion_rho"":null,""inversion_channel"":13.0,""period_ms"":16.199827194213867}"
200990,1,4728.4999,4728.4999,False,1.0,"{""inversion_rho"":null,""inversion_channel"":13.5,""period_ms"":16.199827194213867}"
200990,1,4742.8002,4742.8002,False,1.0,"{""inversion_rho"":null,""inversion_channel"":14.5,""period_ms"":16.199827194213867}"
200990,1,4757.0,4757.0,False,1.0,"{""inversion_rho"":null,""inversion_channel"":24.0,""period_ms"":16.199827194213867}"
200990,1,4771.6999,4771.6999,False,1.0,"{""inversion_rho"":null,""inversion_channel"":15.5,""period_ms"":16.199827194213867}"
200990,1,4785.9001,4785.9001,False,1.0,"{""inversion_rho"":null,""inversion_channel"":23.5,""period_ms"":16.199827194213867}"
200990,1,4800.7998,4800.7998,False,1.0,"{""inversion_rho"":null,""inversion_channel"":23.0,""period_ms"":16.199827194213867}"
200990,1,55.5,96.8,True,1.0,"{""inversion_rho"":null,""inversion_channel"":6.5,""period_ms"":9.89999994635582}"
200990,1,1523.7,1670.0,True,1.0,"{""inversion_rho"":null,""inversion_channel"":8.0,""period_ms"":22.300004959106445}"
200990,1,1680.4,2061.0001,True,1.0,"{""inversion_rho"":null,""inversion_channel"":21.0,""period_ms"":17.50004291534424}"
200990,1,2082.0999,2159.9,True,1.0,"{""inversion_rho"":null,""inversion_channel"":20.25,""period_ms"":9.699821472167969}"
200990,1,2165.8001,2211.6001,True,1.0,"{""inversion_rho"":null,""inversion_channel"":12.5,""period_ms"":11.6499662399292}"
200990,1,2227.5,2256.5,True,1.0,"{""inversion_rho"":null,""inversion_channel"":24.5,""period_ms"":14.500021934509277}"
200990,1,2262.5,2340.1,True,1.0,"{""inversion_rho"":null,""inversion_channel"":20.5,""period_ms"":11.799812316894531}"
200990,1,2355.0999,2417.3,True,1.0,"{""inversion_rho"":null,""inversion_channel"":16.5,""period_ms"":15.799999237060547}"
200990,1,2445.6999,2627.3999,True,1.0,"{""inversion_rho"":null,""inversion_channel"":17.0,""period_ms"":13.000011444091797}"
200990,1,2641.3,3024.4999,True,1.0,"{""inversion_rho"":null,""inversion_channel"":20.5,""period_ms"":12.449860572814941}"
200990,1,3053.2999,3201.0,True,1.0,"{""inversion_rho"":null,""inversion_channel"":19.5,""period_ms"":11.800050735473633}"
200990,1,3221.9999,3256.0,True,1.0,"{""inversion_rho"":null,""inversion_channel"":11.5,""period_ms"":11.00015640258789}"
200990,1,3327.8999,3462.5001,True,1.0,"{""inversion_rho"":null,""inversion_channel"":20.5,""period_ms"":12.30001449584961}"
200990,1,3467.6001,3499.8,True,1.0,"{""inversion_rho"":null,""inversion_channel"":27.25,""period_ms"":11.099815368652344}"
200990,1,3519.7999,3709.3,True,1.0,"{""inversion_rho"":null,""inversion_channel"":9.0,""period_ms"":12.199878692626953}"
200990,1,3794.6999,3878.9999,True,1.0,"{""inversion_rho"":null,""inversion_channel"":4.0,""period_ms"":29.199838638305664}"
200990,1,3888.7,3912.4999,True,1.0,"{""inversion_rho"":null,""inversion_channel"":37.5,""period_ms"":11.899948120117188}"
200990,1,3939.5001,3995.6,True,1.0,"{""inversion_rho"":null,""inversion_channel"":3.5,""period_ms"":14.099955558776855}"
200990,1,4182.7002,4800.7998,True,1.0,"{""inversion_rho"":null,""inversion_channel"":18.5,""period_ms"":16.199827194213867}"
201099,1,55.3,55.3,False,0.25,"{""inversion_rho"":null,""inversion_channel"":6.5,""period_ms"":7.000001147389412}"
201099,1,62.5,62.5,False,0.25,"{""inversion_rho"":null,""inversion_channel"":7.0,""period_ms"":7.000001147389412}"
201099,1,69.3,69.3,False,0.75,"{""inversion_rho"":null,""inversion_channel"":6.5,""period_ms"":7.000001147389412}"
201099,1,1454.3,1454.3,False,0.75,"{""inversion_rho"":null,""inversion_channel"":23.5,""period_ms"":29.54995632171631}"
201099,1,1475.8,1475.8,False,1.0,"{""inversion_rho"":null,""inversion_channel"":24.5,""period_ms"":29.54995632171631}"
201099,1,1513.4,1513.4,False,1.0,"{""inversion_rho"":null,""inversion_channel"":23.5,""period_ms"":29.54995632171631}"
201099,1,1681.7,1681.7,False,1.0,"{""inversion_rho"":null,""inversion_channel"":17.5,""period_ms"":40.30001163482666}"
201099,1,1746.6,1746.6,False,1.0,"{""inversion_rho"":null,""inversion_channel"":20.0,""period_ms"":40.30001163482666}"
201099,1,1786.9,1786.9,False,1.0,"{""inversion_rho"":null,""inversion_channel"":20.0,""period_ms"":40.30001163482666}"
201099,1,1811.7,1811.7,False,0.75,"{""inversion_rho"":null,""inversion_channel"":36.5,""period_ms"":40.30001163482666}"
201099,1,1821.3,1821.3,False,1.0,"{""inversion_rho"":null,""inversion_channel"":18.5,""period_ms"":21.499991416931152}"
201099,1,1850.4,1850.4,False,1.0,"{""inversion_rho"":null,""inversion_channel"":20.5,""period_ms"":21.499991416931152}"
201099,1,1871.9,1871.9,False,0.75,"{""inversion_rho"":null,""inversion_channel"":32.5,""period_ms"":21.499991416931152}"
201099,1,1882.9,1882.9,False,1.0,"{""inversion_rho"":null,""inversion_channel"":19.5,""period_ms"":21.499991416931152}"
201099,1,1894.0001,1894.0001,False,1.0,"{""inversion_rho"":null,""inversion_channel"":25.5,""period_ms"":21.499991416931152}"
201099,1,1911.9999,1911.9999,False,1.0,"{""inversion_rho"":null,""inversion_channel"":20.5,""period_ms"":21.499991416931152}"
201099,1,1936.9,1936.9,False,1.0,"{""inversion_rho"":null,""inversion_channel"":20.5,""period_ms"":21.499991416931152}"
201099,1,1960.2,1960.2,False,1.0,"{""inversion_rho"":null,""inversion_channel"":18.5,""period_ms"":21.499991416931152}"
201099,1,1967.0,1967.0,False,0.25,"{""inversion_rho"":null,""inversion_channel"":32.0,""period_ms"":19.900083541870117}"
201099,1,1981.6,1981.6,False,1.0,"{""inversion_rho"":null,""inversion_channel"":19.5,""period_ms"":19.900083541870117}"
201099,1,2001.8001,2001.8001,False,1.0,"{""inversion_rho"":null,""inversion_channel"":17.5,""period_ms"":19.900083541870117}"
201099,1,2024.9,2024.9,False,0.5,"{""inversion_rho"":null,""inversion_channel"":10.0,""period_ms"":19.900083541870117}"
201099,1,2046.6001,2046.6001,False,1.0,"{""inversion_rho"":null,""inversion_channel"":18.5,""period_ms"":19.900083541870117}"
201099,1,2067.4,2067.4,False,1.0,"{""inversion_rho"":null,""inversion_channel"":19.0,""period_ms"":19.900083541870117}"
201099,1,2086.4999,2086.4999,False,1.0,"{""inversion_rho"":null,""inversion_channel"":18.5,""period_ms"":19.900083541870117}"
201099,1,2106.1001,2106.1001,False,1.0,"{""inversion_rho"":null,""inversion_channel"":19.5,""period_ms"":19.900083541870117}"
201099,1,2124.5999,2124.5999,False,1.0,"{""inversion_rho"":null,""inversion_channel"":19.5,""period_ms"":19.900083541870117}"
201099,1,2141.9001,2141.9001,False,1.0,"{""inversion_rho"":null,""inversion_channel"":19.5,""period_ms"":19.900083541870117}"
201099,1,2164.4001,2164.4001,False,0.875,"{""inversion_rho"":null,""inversion_channel"":19.5,""period_ms"":19.900083541870117}"
201099,1,2191.7,2191.7,False,0.25,"{""inversion_rho"":null,""inversion_channel"":24.5,""period_ms"":19.900083541870117}"
201099,1,2202.8,2202.8,False,0.625,"{""inversion_rho"":null,""inversion_channel"":19.5,""period_ms"":19.900083541870117}"
201099,1,2236.9001,2236.9001,False,0.25,"{""inversion_rho"":null,""inversion_channel"":19.5,""period_ms"":12.299895286560059}"
201099,1,2252.6,2252.6,False,0.875,"{""inversion_rho"":null,""inversion_channel"":19.5,""period_ms"":12.299895286560059}"
201099,1,2261.4999,2261.4999,False,0.25,"{""inversion_rho"":null,""inversion_channel"":20.5,""period_ms"":12.299895286560059}"
201099,1,2305.2001,2305.2001,False,0.25,"{""inversion_rho"":null,""inversion_channel"":23.5,""period_ms"":11.84999942779541}"
201099,1,2319.2999,2319.2999,False,0.5,"{""inversion_rho"":null,""inversion_channel"":20.5,""period_ms"":11.84999942779541}"
201099,1,2328.9001,2328.9001,False,0.625,"{""inversion_rho"":null,""inversion_channel"":19.5,""period_ms"":11.84999942779541}"
201099,1,2353.6999,2353.6999,False,1.0,"{""inversion_rho"":null,""inversion_channel"":20.5,""period_ms"":14.800071716308594}"
201099,1,2372.4999,2372.4999,False,0.5,"{""inversion_rho"":null,""inversion_channel"":25.0,""period_ms"":14.800071716308594}"
201099,1,2383.3001,2383.3001,False,0.5,"{""inversion_rho"":null,""inversion_channel"":18.5,""period_ms"":14.800071716308594}"
201099,1,2418.4,2418.4,False,0.5,"{""inversion_rho"":null,""inversion_channel"":29.5,""period_ms"":11.600017547607422}"
201099,1,2440.7001,2440.7001,False,1.0,"{""inversion_rho"":null,""inversion_channel"":20.5,""period_ms"":11.600017547607422}"
201099,1,2460.7,2460.7,False,1.0,"{""inversion_rho"":null,""inversion_channel"":20.5,""period_ms"":11.600017547607422}"
201099,1,2488.3001,2488.3001,False,0.25,"{""inversion_rho"":null,""inversion_channel"":40.0,""period_ms"":11.600017547607422}"
201099,1,2499.9001,2499.9001,False,0.75,"{""inversion_rho"":null,""inversion_channel"":34.0,""period_ms"":11.600017547607422}"
201099,1,2509.1,2509.1,False,0.625,"{""inversion_rho"":null,""inversion_channel"":27.5,""period_ms"":11.600017547607422}"
201099,1,2523.2,2523.2,False,0.625,"{""inversion_rho"":null,""inversion_channel"":28.0,""period_ms"":11.600017547607422}"
201099,1,2534.9,2534.9,False,0.875,"{""inversion_rho"":null,""inversion_channel"":24.5,""period_ms"":11.600017547607422}"
201099,1,2546.5,2546.5,False,0.625,"{""inversion_rho"":null,""inversion_channel"":26.0,""period_ms"":11.600017547607422}"
201099,1,2558.1,2558.1,False,1.0,"{""inversion_rho"":null,""inversion_channel"":27.0,""period_ms"":11.600017547607422}"
201099,1,2567.8,2567.8,False,0.375,"{""inversion_rho"":null,""inversion_channel"":26.0,""period_ms"":11.600017547607422}"
201099,1,2580.6999,2580.6999,False,1.0,"{""inversion_rho"":null,""inversion_channel"":24.5,""period_ms"":11.600017547607422}"
201099,1,2592.9999,2592.9999,False,0.875,"{""inversion_rho"":null,""inversion_channel"":15.0,""period_ms"":11.600017547607422}"
201099,1,2601.7001,2601.7001,False,0.375,"{""inversion_rho"":null,""inversion_channel"":18.0,""period_ms"":11.600017547607422}"
201099,1,2616.3001,2616.3001,False,0.875,"{""inversion_rho"":null,""inversion_channel"":25.5,""period_ms"":11.600017547607422}"
201099,1,2622.2999,2622.2999,False,1.0,"{""inversion_rho"":null,""inversion_channel"":20.5,""period_ms"":11.600017547607422}"
201099,1,2627.8999,2627.8999,False,0.75,"{""inversion_rho"":null,""inversion_channel"":34.5,""period_ms"":11.600017547607422}"
201099,1,2638.7,2638.7,False,0.25,"{""inversion_rho"":null,""inversion_channel"":19.5,""period_ms"":11.600017547607422}"
201099,1,2651.0999,2651.0999,False,0.5,"{""inversion_rho"":null,""inversion_channel"":33.5,""period_ms"":11.600017547607422}"
201099,1,2662.8001,2662.8001,False,0.75,"{""inversion_rho"":null,""inversion_channel"":34.0,""period_ms"":11.600017547607422}"
201099,1,2671.6001,2671.6001,False,1.0,"{""inversion_rho"":null,""inversion_channel"":20.5,""period_ms"":11.600017547607422}"
201099,1,2686.0001,2686.0001,False,0.625,"{""inversion_rho"":null,""inversion_channel"":34.5,""period_ms"":11.600017547607422}"
201099,1,2691.8001,2691.8001,False,0.25,"{""inversion_rho"":null,""inversion_channel"":21.5,""period_ms"":11.600017547607422}"
201099,1,2697.7,2697.7,False,0.875,"{""inversion_rho"":null,""inversion_channel"":28.5,""period_ms"":11.600017547607422}"
201099,1,2709.3,2709.3,False,1.0,"{""inversion_rho"":null,""inversion_channel"":34.0,""period_ms"":11.600017547607422}"
201099,1,2720.9001,2720.9001,False,0.75,"{""inversion_rho"":null,""inversion_channel"":34.5,""period_ms"":11.600017547607422}"
201099,1,2732.5001,2732.5001,False,1.0,"{""inversion_rho"":null,""inversion_channel"":26.5,""period_ms"":11.600017547607422}"
201099,1,2742.8999,2742.8999,False,0.25,"{""inversion_rho"":null,""inversion_channel"":29.5,""period_ms"":11.600017547607422}"
201099,1,2755.8,2755.8,False,1.0,"{""inversion_rho"":null,""inversion_channel"":33.0,""period_ms"":11.600017547607422}"
201099,1,2767.4,2767.4,False,0.625,"{""inversion_rho"":null,""inversion_channel"":34.0,""period_ms"":11.600017547607422}"
201099,1,2779.0,2779.0,False,1.0,"{""inversion_rho"":null,""inversion_channel"":28.0,""period_ms"":11.600017547607422}"
201099,1,2790.7,2790.7,False,0.625,"{""inversion_rho"":null,""inversion_channel"":26.5,""period_ms"":11.600017547607422}"
201099,1,2802.3,2802.3,False,1.0,"{""inversion_rho"":null,""inversion_channel"":34.0,""period_ms"":11.600017547607422}"
201099,1,2813.9,2813.9,False,0.875,"{""inversion_rho"":null,""inversion_channel"":28.5,""period_ms"":11.600017547607422}"
201099,1,2825.5,2825.5,False,0.875,"{""inversion_rho"":null,""inversion_channel"":26.5,""period_ms"":11.600017547607422}"
201099,1,2836.1001,2836.1001,False,1.0,"{""inversion_rho"":null,""inversion_channel"":20.5,""period_ms"":11.600017547607422}"
201099,1,2848.7999,2848.7999,False,0.75,"{""inversion_rho"":null,""inversion_channel"":26.5,""period_ms"":11.600017547607422}"
201099,1,2854.1999,2854.1999,False,1.0,"{""inversion_rho"":null,""inversion_channel"":20.5,""period_ms"":11.600017547607422}"
201099,1,2860.4,2860.4,False,1.0,"{""inversion_rho"":null,""inversion_channel"":34.0,""period_ms"":11.600017547607422}"
201099,1,2869.8001,2869.8001,False,1.0,"{""inversion_rho"":null,""inversion_channel"":20.5,""period_ms"":11.600017547607422}"
201099,1,2890.5001,2890.5001,False,0.375,"{""inversion_rho"":null,""inversion_channel"":20.5,""period_ms"":11.600017547607422}"
201099,1,2907.0001,2907.0001,False,1.0,"{""inversion_rho"":null,""inversion_channel"":3.5,""period_ms"":11.600017547607422}"
201099,1,2918.6001,2918.6001,False,0.875,"{""inversion_rho"":null,""inversion_channel"":34.0,""period_ms"":11.600017547607422}"
201099,1,2924.7999,2924.7999,False,0.375,"{""inversion_rho"":null,""inversion_channel"":24.0,""period_ms"":11.600017547607422}"
201099,1,2930.2001,2930.2001,False,1.0,"{""inversion_rho"":null,""inversion_channel"":34.0,""period_ms"":11.600017547607422}"
201099,1,2941.8001,2941.8001,False,0.625,"{""inversion_rho"":null,""inversion_channel"":34.0,""period_ms"":11.600017547607422}"
201099,1,2953.5,2953.5,False,1.0,"{""inversion_rho"":null,""inversion_channel"":5.5,""period_ms"":11.600017547607422}"
201099,1,2964.0999,2964.0999,False,1.0,"{""inversion_rho"":null,""inversion_channel"":20.5,""period_ms"":11.600017547607422}"
201099,1,2976.7001,2976.7001,False,0.75,"{""inversion_rho"":null,""inversion_channel"":34.0,""period_ms"":11.600017547607422}"
201099,1,2988.3001,2988.3001,False,1.0,"{""inversion_rho"":null,""inversion_channel"":34.0,""period_ms"":11.600017547607422}"
201099,1,2995.8,2995.8,False,0.75,"{""inversion_rho"":null,""inversion_channel"":19.5,""period_ms"":11.600017547607422}"
201099,1,3019.7001,3019.7001,False,0.25,"{""inversion_rho"":null,""inversion_channel"":37.5,""period_ms"":26.999950408935547}"
201099,1,3056.9999,3056.9999,False,1.0,"{""inversion_rho"":null,""inversion_channel"":19.5,""period_ms"":26.999950408935547}"
201099,1,3079.9999,3079.9999,False,0.75,"{""inversion_rho"":null,""inversion_channel"":19.0,""period_ms"":26.999950408935547}"
201099,1,3117.6,3117.6,False,0.375,"{""inversion_rho"":null,""inversion_channel"":30.5,""period_ms"":26.999950408935547}"
201099,1,3144.5999,3144.5999,False,0.25,"{""inversion_rho"":null,""inversion_channel"":28.5,""period_ms"":26.999950408935547}"
201099,1,3164.4001,3164.4001,False,0.25,"{""inversion_rho"":null,""inversion_channel"":26.5,""period_ms"":26.999950408935547}"
201099,1,3169.8,3169.8,False,1.0,"{""inversion_rho"":null,""inversion_channel"":21.5,""period_ms"":28.300046920776367}"
201099,1,3230.7,3230.7,False,0.25,"{""inversion_rho"":null,""inversion_channel"":36.5,""period_ms"":28.300046920776367}"
201099,1,3259.0001,3259.0001,False,0.25,"{""inversion_rho"":null,""inversion_channel"":21.5,""period_ms"":28.300046920776367}"
201099,1,3301.8,3301.8,False,1.0,"{""inversion_rho"":null,""inversion_channel"":21.5,""period_ms"":28.300046920776367}"
201099,1,3325.0,3325.0,False,0.5,"{""inversion_rho"":null,""inversion_channel"":23.5,""period_ms"":28.300046920776367}"
201099,1,3346.4,3346.4,False,0.375,"{""inversion_rho"":null,""inversion_channel"":30.0,""period_ms"":28.300046920776367}"
201099,1,3412.9,3412.9,False,0.25,"{""inversion_rho"":null,""inversion_channel"":27.0,""period_ms"":23.10001850128174}"
201099,1,3461.7,3461.7,False,0.25,"{""inversion_rho"":null,""inversion_channel"":11.0,""period_ms"":23.10001850128174}"
201099,1,3485.1999,3485.1999,False,1.0,"{""inversion_rho"":null,""inversion_channel"":21.5,""period_ms"":23.10001850128174}"
201099,1,3526.7,3526.7,False,1.0,"{""inversion_rho"":null,""inversion_channel"":21.5,""period_ms"":23.10001850128174}"
201099,1,3545.5,3545.5,False,0.75,"{""inversion_rho"":null,""inversion_channel"":18.5,""period_ms"":23.10001850128174}"
201099,1,3562.7999,3562.7999,False,1.0,"{""inversion_rho"":null,""inversion_channel"":19.5,""period_ms"":23.10001850128174}"
201099,1,3604.3999,3604.3999,False,0.625,"{""inversion_rho"":null,""inversion_channel"":21.5,""period_ms"":23.10001850128174}"
201099,1,3627.1,3627.1,False,1.0,"{""inversion_rho"":null,""inversion_channel"":20.5,""period_ms"":23.10001850128174}"
201099,1,3651.5,3651.5,False,0.25,"{""inversion_rho"":null,""inversion_channel"":30.5,""period_ms"":23.10001850128174}"
201099,1,3667.7001,3667.7001,False,0.25,"{""inversion_rho"":null,""inversion_channel"":28.5,""period_ms"":23.10001850128174}"
201099,1,3674.9001,3674.9001,False,1.0,"{""inversion_rho"":null,""inversion_channel"":20.5,""period_ms"":23.10001850128174}"
201099,1,3695.8001,3695.8001,False,1.0,"{""inversion_rho"":null,""inversion_channel"":20.5,""period_ms"":null}"
201099,1,3739.3,3739.3,False,0.25,"{""inversion_rho"":null,""inversion_channel"":17.5,""period_ms"":null}"
201099,1,3747.2,3747.2,False,0.375,"{""inversion_rho"":null,""inversion_channel"":21.5,""period_ms"":null}"
201099,1,3756.5999,3756.5999,False,1.0,"{""inversion_rho"":null,""inversion_channel"":21.5,""period_ms"":null}"
201099,1,3780.2999,3780.2999,False,0.875,"{""inversion_rho"":null,""inversion_channel"":21.5,""period_ms"":20.050048828125}"
201099,1,3826.9,3826.9,False,1.0,"{""inversion_rho"":null,""inversion_channel"":20.5,""period_ms"":20.050048828125}"
201099,1,3850.8999,3850.8999,False,1.0,"{""inversion_rho"":null,""inversion_channel"":21.5,""period_ms"":20.050048828125}"
201099,1,3861.8,3861.8,False,0.25,"{""inversion_rho"":null,""inversion_channel"":22.5,""period_ms"":20.050048828125}"
201099,1,3872.9,3872.9,False,0.375,"{""inversion_rho"":null,""inversion_channel"":35.5,""period_ms"":20.050048828125}"
201099,1,3889.6,3889.6,False,0.25,"{""inversion_rho"":null,""inversion_channel"":29.0,""period_ms"":20.050048828125}"
201099,1,3917.3,3917.3,False,0.625,"{""inversion_rho"":null,""inversion_channel"":23.5,""period_ms"":20.050048828125}"
201099,1,3937.9001,3937.9001,False,1.0,"{""inversion_rho"":null,""inversion_channel"":20.5,""period_ms"":20.050048828125}"
201099,1,3959.1,3959.1,False,0.25,"{""inversion_rho"":null,""inversion_channel"":24.5,""period_ms"":20.050048828125}"
201099,1,3978.6,3978.6,False,1.0,"{""inversion_rho"":null,""inversion_channel"":29.5,""period_ms"":20.050048828125}"
201099,1,3996.5999,3996.5999,False,0.625,"{""inversion_rho"":null,""inversion_channel"":21.5,""period_ms"":20.050048828125}"
201099,1,4045.3,4045.3,False,0.25,"{""inversion_rho"":null,""inversion_channel"":24.0,""period_ms"":26.799678802490234}"
201099,1,4063.3001,4063.3001,False,0.875,"{""inversion_rho"":null,""inversion_channel"":23.5,""period_ms"":26.799678802490234}"
201099,1,4084.0998,4084.0998,False,1.0,"{""inversion_rho"":null,""inversion_channel"":21.5,""period_ms"":26.799678802490234}"
201099,1,4103.2,4103.2,False,0.25,"{""inversion_rho"":null,""inversion_channel"":22.5,""period_ms"":26.799678802490234}"
201099,1,4124.4001,4124.4001,False,0.25,"{""inversion_rho"":null,""inversion_channel"":20.5,""period_ms"":26.799678802490234}"
201099,1,4151.1998,4151.1998,False,1.0,"{""inversion_rho"":null,""inversion_channel"":19.0,""period_ms"":26.799678802490234}"
201099,1,4190.5999,4190.5999,False,0.5,"{""inversion_rho"":null,""inversion_channel"":19.5,""period_ms"":26.799678802490234}"
201099,1,4233.3999,4233.3999,False,0.625,"{""inversion_rho"":null,""inversion_channel"":20.5,""period_ms"":26.799678802490234}"
201099,1,4283.4001,4283.4001,False,0.5,"{""inversion_rho"":null,""inversion_channel"":22.5,""period_ms"":26.799678802490234}"
201099,1,4324.9002,4324.9002,False,0.25,"{""inversion_rho"":null,""inversion_channel"":21.5,""period_ms"":26.799678802490234}"
201099,1,4337.9002,4337.9002,False,1.0,"{""inversion_rho"":null,""inversion_channel"":19.5,""period_ms"":38.34986686706543}"
201099,1,4365.0999,4365.0999,False,0.25,"{""inversion_rho"":null,""inversion_channel"":23.5,""period_ms"":38.34986686706543}"
201099,1,4414.5999,4414.5999,False,1.0,"{""inversion_rho"":null,""inversion_channel"":26.0,""period_ms"":38.34986686706543}"
201099,1,4431.9,4431.9,False,0.625,"{""inversion_rho"":null,""inversion_channel"":18.5,""period_ms"":13.499975204467773}"
201099,1,4459.0998,4459.0998,False,0.5,"{""inversion_rho"":null,""inversion_channel"":19.5,""period_ms"":13.499975204467773}"
201099,1,4471.7999,4471.7999,False,0.25,"{""inversion_rho"":null,""inversion_channel"":18.5,""period_ms"":13.499975204467773}"
201099,1,4479.8999,4479.8999,False,0.75,"{""inversion_rho"":null,""inversion_channel"":18.5,""period_ms"":13.499975204467773}"
201099,1,4486.1002,4486.1002,False,0.25,"{""inversion_rho"":null,""inversion_channel"":30.0,""period_ms"":13.499975204467773}"
201099,1,4500.4001,4500.4001,False,1.0,"{""inversion_rho"":null,""inversion_channel"":18.5,""period_ms"":13.499975204467773}"
201099,1,4516.3002,4516.3002,False,0.5,"{""inversion_rho"":null,""inversion_channel"":28.5,""period_ms"":13.499975204467773}"
201099,1,4549.6001,4549.6001,False,0.5,"{""inversion_rho"":null,""inversion_channel"":34.5,""period_ms"":13.499975204467773}"
201099,1,4564.1999,4564.1999,False,1.0,"{""inversion_rho"":null,""inversion_channel"":37.5,""period_ms"":13.499975204467773}"
201099,1,4577.1999,4577.1999,False,0.25,"{""inversion_rho"":null,""inversion_channel"":19.5,""period_ms"":13.499975204467773}"
201099,1,4589.5,4589.5,False,0.5,"{""inversion_rho"":null,""inversion_channel"":21.5,""period_ms"":13.499975204467773}"
201099,1,4603.0998,4603.0998,False,1.0,"{""inversion_rho"":null,""inversion_channel"":20.5,""period_ms"":13.499975204467773}"
201099,1,4622.0002,4622.0002,False,0.375,"{""inversion_rho"":null,""inversion_channel"":33.5,""period_ms"":13.499975204467773}"
201099,1,4637.5999,4637.5999,False,1.0,"{""inversion_rho"":null,""inversion_channel"":20.5,""period_ms"":13.499975204467773}"
201099,1,4652.0,4652.0,False,1.0,"{""inversion_rho"":null,""inversion_channel"":20.5,""period_ms"":13.499975204467773}"
201099,1,4665.4,4665.4,False,1.0,"{""inversion_rho"":null,""inversion_channel"":20.5,""period_ms"":13.499975204467773}"
201099,1,4677.3,4677.3,False,0.375,"{""inversion_rho"":null,""inversion_channel"":32.0,""period_ms"":13.499975204467773}"
201099,1,4689.0001,4689.0001,False,0.25,"{""inversion_rho"":null,""inversion_channel"":37.5,""period_ms"":13.499975204467773}"
201099,1,4697.8002,4697.8002,False,1.0,"{""inversion_rho"":null,""inversion_channel"":20.5,""period_ms"":13.499975204467773}"
201099,1,55.3,69.3,True,1.0,"{""inversion_rho"":null,""inversion_channel"":6.5,""period_ms"":7.000001147389412}"
201099,1,1454.3,1513.4,True,1.0,"{""inversion_rho"":null,""inversion_channel"":23.5,""period_ms"":29.54995632171631}"
201099,1,1681.7,1811.7,True,1.0,"{""inversion_rho"":null,""inversion_channel"":20.0,""period_ms"":40.30001163482666}"
201099,1,1821.3,1960.2,True,1.0,"{""inversion_rho"":null,""inversion_channel"":20.5,""period_ms"":21.499991416931152}"
201099,1,1967.0,2202.8,True,1.0,"{""inversion_rho"":null,""inversion_channel"":19.5,""period_ms"":19.900083541870117}"
201099,1,2236.9001,2261.4999,True,1.0,"{""inversion_rho"":null,""inversion_channel"":19.5,""period_ms"":12.299895286560059}"
201099,1,2305.2001,2328.9001,True,1.0,"{""inversion_rho"":null,""inversion_channel"":20.5,""period_ms"":11.84999942779541}"
201099,1,2353.6999,2383.3001,True,1.0,"{""inversion_rho"":null,""inversion_channel"":20.5,""period_ms"":14.800071716308594}"
201099,1,2418.4,2995.8,True,1.0,"{""inversion_rho"":null,""inversion_channel"":26.5,""period_ms"":11.600017547607422}"
201099,1,3019.7001,3164.4001,True,1.0,"{""inversion_rho"":null,""inversion_channel"":27.5,""period_ms"":26.999950408935547}"
201099,1,3169.8,3346.4,True,1.0,"{""inversion_rho"":null,""inversion_channel"":22.5,""period_ms"":28.300046920776367}"
201099,1,3412.9,3674.9001,True,1.0,"{""inversion_rho"":null,""inversion_channel"":21.5,""period_ms"":23.10001850128174}"
201099,1,3780.2999,3996.5999,True,1.0,"{""inversion_rho"":null,""inversion_channel"":22.5,""period_ms"":20.050048828125}"
201099,1,4045.3,4324.9002,True,1.0,"{""inversion_rho"":null,""inversion_channel"":21.5,""period_ms"":26.799678802490234}"
201099,1,4337.9002,4414.5999,True,1.0,"{""inversion_rho"":null,""inversion_channel"":23.5,""period_ms"":38.34986686706543}"
201099,1,4431.9,4697.8002,True,1.0,"{""inversion_rho"":null,""inversion_channel"":20.5,""period_ms"":13.499975204467773}"
201107,1,32.5,32.5,False,0.25,"{""inversion_rho"":null,""inversion_channel"":22.0,""period_ms"":null}"
201107,1,53.3,53.3,False,0.5,"{""inversion_rho"":null,""inversion_channel"":8.5,""period_ms"":null}"
201107,1,59.5,59.5,False,0.25,"{""inversion_rho"":null,""inversion_channel"":6.5,""period_ms"":14.5999975502491}"
201107,1,75.3,75.3,False,0.25,"{""inversion_rho"":null,""inversion_channel"":8.5,""period_ms"":14.5999975502491}"
201107,1,88.7,88.7,False,1.0,"{""inversion_rho"":null,""inversion_channel"":6.0,""period_ms"":14.5999975502491}"
201107,1,1292.4,1292.4,False,1.0,"{""inversion_rho"":null,""inversion_channel"":27.0,""period_ms"":24.899959564208984}"
201107,1,1315.6,1315.6,False,1.0,"{""inversion_rho"":null,""inversion_channel"":26.5,""period_ms"":24.899959564208984}"
201107,1,1340.8999,1340.8999,False,1.0,"{""inversion_rho"":null,""inversion_channel"":27.0,""period_ms"":24.899959564208984}"
201107,1,1365.9,1365.9,False,1.0,"{""inversion_rho"":null,""inversion_channel"":26.5,""period_ms"":24.899959564208984}"
201107,1,1390.8,1390.8,False,1.0,"{""inversion_rho"":null,""inversion_channel"":25.5,""period_ms"":24.899959564208984}"
201107,1,1415.1,1415.1,False,1.0,"{""inversion_rho"":null,""inversion_channel"":24.5,""period_ms"":24.899959564208984}"
201107,1,1440.4,1440.4,False,1.0,"{""inversion_rho"":null,""inversion_channel"":26.0,""period_ms"":24.899959564208984}"
201107,1,1466.2,1466.2,False,1.0,"{""inversion_rho"":null,""inversion_channel"":24.5,""period_ms"":24.899959564208984}"
201107,1,1488.7,1488.7,False,0.875,"{""inversion_rho"":null,""inversion_channel"":23.5,""period_ms"":24.899959564208984}"
201107,1,1510.2,1510.2,False,1.0,"{""inversion_rho"":null,""inversion_channel"":24.0,""period_ms"":24.899959564208984}"
201107,1,1610.4,1610.4,False,0.75,"{""inversion_rho"":null,""inversion_channel"":19.5,""period_ms"":30.20000457763672}"
201107,1,1704.8,1704.8,False,1.0,"{""inversion_rho"":null,""inversion_channel"":19.5,""period_ms"":30.20000457763672}"
201107,1,1764.3,1764.3,False,1.0,"{""inversion_rho"":null,""inversion_channel"":20.5,""period_ms"":30.20000457763672}"
201107,1,1788.2,1788.2,False,1.0,"{""inversion_rho"":null,""inversion_channel"":19.0,""period_ms"":30.20000457763672}"
201107,1,1840.8999,1840.8999,False,1.0,"{""inversion_rho"":null,""inversion_channel"":21.5,""period_ms"":30.20000457763672}"
201107,1,1877.1,1877.1,False,1.0,"{""inversion_rho"":null,""inversion_channel"":20.5,""period_ms"":30.20000457763672}"
201107,1,1906.4,1906.4,False,1.0,"{""inversion_rho"":null,""inversion_channel"":18.5,""period_ms"":30.20000457763672}"
201107,1,1948.8,1948.8,False,1.0,"{""inversion_rho"":null,""inversion_channel"":20.0,""period_ms"":30.20000457763672}"
201107,1,1979.0,1979.0,False,1.0,"{""inversion_rho"":null,""inversion_channel"":21.5,""period_ms"":30.20000457763672}"
201107,1,1998.9001,1998.9001,False,1.0,"{""inversion_rho"":null,""inversion_channel"":18.0,""period_ms"":30.20000457763672}"
201107,1,2011.4999,2011.4999,False,0.625,"{""inversion_rho"":null,""inversion_channel"":27.5,""period_ms"":30.20000457763672}"
201107,1,2019.0001,2019.0001,False,0.25,"{""inversion_rho"":null,""inversion_channel"":32.0,""period_ms"":30.20000457763672}"
201107,1,2041.8,2041.8,False,1.0,"{""inversion_rho"":null,""inversion_channel"":20.5,""period_ms"":16.000032424926758}"
201107,1,2069.5,2069.5,False,0.75,"{""inversion_rho"":null,""inversion_channel"":20.5,""period_ms"":16.000032424926758}"
201107,1,2093.4,2093.4,False,1.0,"{""inversion_rho"":null,""inversion_channel"":18.5,""period_ms"":16.000032424926758}"
201107,1,2107.3999,2107.3999,False,0.625,"{""inversion_rho"":null,""inversion_channel"":28.0,""period_ms"":16.000032424926758}"
201107,1,2126.4,2126.4,False,0.875,"{""inversion_rho"":null,""inversion_channel"":20.0,""period_ms"":16.000032424926758}"
201107,1,2144.7001,2144.7001,False,1.0,"{""inversion_rho"":null,""inversion_channel"":21.5,""period_ms"":16.000032424926758}"
201107,1,2157.1,2157.1,False,1.0,"{""inversion_rho"":null,""inversion_channel"":17.5,""period_ms"":16.000032424926758}"
201107,1,2171.9999,2171.9999,False,0.75,"{""inversion_rho"":null,""inversion_channel"":28.5,""period_ms"":16.000032424926758}"
201107,1,2195.6,2195.6,False,1.0,"{""inversion_rho"":null,""inversion_channel"":40.0,""period_ms"":16.000032424926758}"
201107,1,2217.7999,2217.7999,False,1.0,"{""inversion_rho"":null,""inversion_channel"":20.0,""period_ms"":16.000032424926758}"
201107,1,2233.2001,2233.2001,False,0.875,"{""inversion_rho"":null,""inversion_channel"":17.5,""period_ms"":16.000032424926758}"
201107,1,2249.2001,2249.2001,False,0.5,"{""inversion_rho"":null,""inversion_channel"":23.0,""period_ms"":16.000032424926758}"
201107,1,2269.3,2269.3,False,1.0,"{""inversion_rho"":null,""inversion_channel"":21.5,""period_ms"":16.000032424926758}"
201107,1,2282.3,2282.3,False,1.0,"{""inversion_rho"":null,""inversion_channel"":19.5,""period_ms"":16.000032424926758}"
201107,1,2293.9999,2293.9999,False,1.0,"{""inversion_rho"":null,""inversion_channel"":20.5,""period_ms"":16.000032424926758}"
201107,1,2307.9,2307.9,False,1.0,"{""inversion_rho"":null,""inversion_channel"":23.0,""period_ms"":16.000032424926758}"
201107,1,2313.2999,2313.2999,False,0.25,"{""inversion_rho"":null,""inversion_channel"":31.0,""period_ms"":15.150070190429688}"
201107,1,2328.3,2328.3,False,1.0,"{""inversion_rho"":null,""inversion_channel"":20.5,""period_ms"":15.150070190429688}"
201107,1,2343.6,2343.6,False,1.0,"{""inversion_rho"":null,""inversion_channel"":19.5,""period_ms"":15.150070190429688}"
201107,1,2374.1,2374.1,False,1.0,"{""inversion_rho"":null,""inversion_channel"":19.5,""period_ms"":15.150070190429688}"
201107,1,2389.4999,2389.4999,False,0.875,"{""inversion_rho"":null,""inversion_channel"":19.0,""period_ms"":15.150070190429688}"
201107,1,2399.1001,2399.1001,False,0.625,"{""inversion_rho"":null,""inversion_channel"":19.0,""period_ms"":15.150070190429688}"
201107,1,2415.8001,2415.8001,False,1.0,"{""inversion_rho"":null,""inversion_channel"":26.5,""period_ms"":15.150070190429688}"
201107,1,2434.5,2434.5,False,1.0,"{""inversion_rho"":null,""inversion_channel"":19.5,""period_ms"":15.150070190429688}"
201107,1,2451.2999,2451.2999,False,1.0,"{""inversion_rho"":null,""inversion_channel"":19.5,""period_ms"":15.150070190429688}"
201107,1,2461.7,2461.7,False,1.0,"{""inversion_rho"":null,""inversion_channel"":18.5,""period_ms"":15.150070190429688}"
201107,1,2476.0001,2476.0001,False,0.5,"{""inversion_rho"":null,""inversion_channel"":29.0,""period_ms"":15.150070190429688}"
201107,1,2490.0,2490.0,False,1.0,"{""inversion_rho"":null,""inversion_channel"":20.5,""period_ms"":15.150070190429688}"
201107,1,2500.7,2500.7,False,1.0,"{""inversion_rho"":null,""inversion_channel"":20.5,""period_ms"":15.150070190429688}"
201107,1,2515.1999,2515.1999,False,0.25,"{""inversion_rho"":null,""inversion_channel"":29.0,""period_ms"":15.150070190429688}"
201107,1,2529.5999,2529.5999,False,1.0,"{""inversion_rho"":null,""inversion_channel"":20.5,""period_ms"":15.150070190429688}"
201107,1,2558.8,2558.8,False,1.0,"{""inversion_rho"":null,""inversion_channel"":20.5,""period_ms"":15.150070190429688}"
201107,1,2592.0999,2592.0999,False,1.0,"{""inversion_rho"":null,""inversion_channel"":19.5,""period_ms"":15.150070190429688}"
201107,1,2601.0001,2601.0001,False,0.25,"{""inversion_rho"":null,""inversion_channel"":36.5,""period_ms"":18.55003833770752}"
201107,1,2625.7,2625.7,False,1.0,"{""inversion_rho"":null,""inversion_channel"":19.5,""period_ms"":18.55003833770752}"
201107,1,2651.0999,2651.0999,False,1.0,"{""inversion_rho"":null,""inversion_channel"":19.5,""period_ms"":18.55003833770752}"
201107,1,2663.5001,2663.5001,False,0.875,"{""inversion_rho"":null,""inversion_channel"":19.5,""period_ms"":18.55003833770752}"
201107,1,2673.6,2673.6,False,1.0,"{""inversion_rho"":null,""inversion_channel"":19.5,""period_ms"":18.55003833770752}"
201107,1,2706.8,2706.8,False,1.0,"{""inversion_rho"":null,""inversion_channel"":33.0,""period_ms"":11.150002479553223}"
201107,1,2721.1001,2721.1001,False,1.0,"{""inversion_rho"":null,""inversion_channel"":19.5,""period_ms"":11.150002479553223}"
201107,1,2729.1,2729.1,False,0.75,"{""inversion_rho"":null,""inversion_channel"":19.0,""period_ms"":11.150002479553223}"
201107,1,2766.5999,2766.5999,False,1.0,"{""inversion_rho"":null,""inversion_channel"":20.0,""period_ms"":28.599977493286133}"
201107,1,2798.3,2798.3,False,1.0,"{""inversion_rho"":null,""inversion_channel"":20.0,""period_ms"":28.599977493286133}"
201107,1,2827.8,2827.8,False,1.0,"{""inversion_rho"":null,""inversion_channel"":18.5,""period_ms"":28.599977493286133}"
201107,1,2857.8999,2857.8999,False,1.0,"{""inversion_rho"":null,""inversion_channel"":20.0,""period_ms"":28.599977493286133}"
201107,1,2888.0999,2888.0999,False,1.0,"{""inversion_rho"":null,""inversion_channel"":20.5,""period_ms"":28.599977493286133}"
201107,1,2916.6999,2916.6999,False,1.0,"{""inversion_rho"":null,""inversion_channel"":19.5,""period_ms"":28.599977493286133}"
201107,1,2939.1,2939.1,False,0.875,"{""inversion_rho"":null,""inversion_channel"":20.0,""period_ms"":28.599977493286133}"
201107,1,2957.2999,2957.2999,False,1.0,"{""inversion_rho"":null,""inversion_channel"":19.5,""period_ms"":28.599977493286133}"
201107,1,2992.3999,2992.3999,False,0.625,"{""inversion_rho"":null,""inversion_channel"":20.5,""period_ms"":28.599977493286133}"
201107,1,3025.5001,3025.5001,False,1.0,"{""inversion_rho"":null,""inversion_channel"":19.5,""period_ms"":28.599977493286133}"
201107,1,3054.1,3054.1,False,0.625,"{""inversion_rho"":null,""inversion_channel"":20.0,""period_ms"":28.599977493286133}"
201107,1,3072.9001,3072.9001,False,1.0,"{""inversion_rho"":null,""inversion_channel"":19.0,""period_ms"":28.599977493286133}"
201107,1,3112.9,3112.9,False,1.0,"{""inversion_rho"":null,""inversion_channel"":20.0,""period_ms"":28.599977493286133}"
201107,1,3145.2,3145.2,False,1.0,"{""inversion_rho"":null,""inversion_channel"":19.0,""period_ms"":28.599977493286133}"
201107,1,3171.0,3171.0,False,1.0,"{""inversion_rho"":null,""inversion_channel"":20.0,""period_ms"":28.599977493286133}"
201107,1,3186.1999,3186.1999,False,1.0,"{""inversion_rho"":null,""inversion_channel"":20.5,""period_ms"":28.599977493286133}"
201107,1,3201.4,3201.4,False,1.0,"{""inversion_rho"":null,""inversion_channel"":17.5,""period_ms"":28.599977493286133}"
201107,1,3224.4,3224.4,False,0.5,"{""inversion_rho"":null,""inversion_channel"":33.0,""period_ms"":28.599977493286133}"
201107,1,3248.6999,3248.6999,False,1.0,"{""inversion_rho"":null,""inversion_channel"":19.0,""period_ms"":28.599977493286133}"
201107,1,3273.9999,3273.9999,False,0.75,"{""inversion_rho"":null,""inversion_channel"":21.0,""period_ms"":28.599977493286133}"
201107,1,3283.6001,3283.6001,False,0.875,"{""inversion_rho"":null,""inversion_channel"":19.5,""period_ms"":15.199899673461914}"
201107,1,3289.3,3289.3,False,1.0,"{""inversion_rho"":null,""inversion_channel"":18.5,""period_ms"":15.199899673461914}"
201107,1,3302.2001,3302.2001,False,0.75,"{""inversion_rho"":null,""inversion_channel"":24.5,""period_ms"":15.199899673461914}"
201107,1,3317.4,3317.4,False,0.75,"{""inversion_rho"":null,""inversion_channel"":19.5,""period_ms"":15.199899673461914}"
201107,1,3329.9,3329.9,False,1.0,"{""inversion_rho"":null,""inversion_channel"":18.5,""period_ms"":15.199899673461914}"
201107,1,3358.5,3358.5,False,1.0,"{""inversion_rho"":null,""inversion_channel"":16.5,""period_ms"":15.199899673461914}"
201107,1,3377.6,3377.6,False,1.0,"{""inversion_rho"":null,""inversion_channel"":18.5,""period_ms"":15.199899673461914}"
201107,1,3405.1001,3405.1001,False,0.875,"{""inversion_rho"":null,""inversion_channel"":20.0,""period_ms"":15.199899673461914}"
201107,1,3415.1001,3415.1001,False,1.0,"{""inversion_rho"":null,""inversion_channel"":18.5,""period_ms"":29.09994125366211}"
201107,1,3447.0,3447.0,False,1.0,"{""inversion_rho"":null,""inversion_channel"":20.0,""period_ms"":29.09994125366211}"
201107,1,3473.3,3473.3,False,1.0,"{""inversion_rho"":null,""inversion_channel"":20.5,""period_ms"":29.09994125366211}"
201107,1,3481.3001,3481.3001,False,0.375,"{""inversion_rho"":null,""inversion_channel"":31.5,""period_ms"":21.14999294281006}"
201107,1,3497.8001,3497.8001,False,1.0,"{""inversion_rho"":null,""inversion_channel"":18.5,""period_ms"":21.14999294281006}"
201107,1,3524.3001,3524.3001,False,1.0,"{""inversion_rho"":null,""inversion_channel"":18.5,""period_ms"":21.14999294281006}"
201107,1,3551.1999,3551.1999,False,1.0,"{""inversion_rho"":null,""inversion_channel"":20.5,""period_ms"":21.14999294281006}"
201107,1,3571.3999,3571.3999,False,1.0,"{""inversion_rho"":null,""inversion_channel"":20.0,""period_ms"":21.14999294281006}"
201107,1,3580.4,3580.4,False,1.0,"{""inversion_rho"":null,""inversion_channel"":18.0,""period_ms"":21.14999294281006}"
201107,1,3602.5,3602.5,False,1.0,"{""inversion_rho"":null,""inversion_channel"":20.5,""period_ms"":21.14999294281006}"
201107,1,3617.3,3617.3,False,1.0,"{""inversion_rho"":null,""inversion_channel"":17.5,""period_ms"":21.14999294281006}"
201107,1,3643.8999,3643.8999,False,1.0,"{""inversion_rho"":null,""inversion_channel"":20.5,""period_ms"":21.14999294281006}"
201107,1,3670.5999,3670.5999,False,1.0,"{""inversion_rho"":null,""inversion_channel"":18.5,""period_ms"":21.14999294281006}"
201107,1,3694.4001,3694.4001,False,1.0,"{""inversion_rho"":null,""inversion_channel"":20.5,""period_ms"":21.14999294281006}"
201107,1,3713.7001,3713.7001,False,1.0,"{""inversion_rho"":null,""inversion_channel"":19.5,""period_ms"":21.14999294281006}"
201107,1,3731.8001,3731.8001,False,1.0,"{""inversion_rho"":null,""inversion_channel"":17.5,""period_ms"":21.14999294281006}"
201107,1,3761.8999,3761.8999,False,1.0,"{""inversion_rho"":null,""inversion_channel"":20.5,""period_ms"":21.14999294281006}"
201107,1,3785.3999,3785.3999,False,1.0,"{""inversion_rho"":null,""inversion_channel"":20.0,""period_ms"":21.14999294281006}"
201107,1,3804.6,3804.6,False,1.0,"{""inversion_rho"":null,""inversion_channel"":21.0,""period_ms"":21.14999294281006}"
201107,1,3813.4999,3813.4999,False,1.0,"{""inversion_rho"":null,""inversion_channel"":17.5,""period_ms"":21.14999294281006}"
201107,1,3842.6001,3842.6001,False,0.375,"{""inversion_rho"":null,""inversion_channel"":18.5,""period_ms"":20.30014991760254}"
201107,1,3867.3,3867.3,False,1.0,"{""inversion_rho"":null,""inversion_channel"":17.5,""period_ms"":20.30014991760254}"
201107,1,3888.7999,3888.7999,False,1.0,"{""inversion_rho"":null,""inversion_channel"":14.5,""period_ms"":20.30014991760254}"
201107,1,3911.0999,3911.0999,False,1.0,"{""inversion_rho"":null,""inversion_channel"":17.5,""period_ms"":20.30014991760254}"
201107,1,3930.9001,3930.9001,False,0.625,"{""inversion_rho"":null,""inversion_channel"":19.0,""period_ms"":20.30014991760254}"
201107,1,3941.8001,3941.8001,False,0.375,"{""inversion_rho"":null,""inversion_channel"":19.5,""period_ms"":20.30014991760254}"
201107,1,3968.6999,3968.6999,False,0.25,"{""inversion_rho"":null,""inversion_channel"":18.5,""period_ms"":20.30014991760254}"
201107,1,3989.5,3989.5,False,1.0,"{""inversion_rho"":null,""inversion_channel"":17.5,""period_ms"":20.30014991760254}"
201107,1,4010.6001,4010.6001,False,0.375,"{""inversion_rho"":null,""inversion_channel"":14.5,""period_ms"":20.30014991760254}"
201107,1,4026.8998,4026.8998,False,0.5,"{""inversion_rho"":null,""inversion_channel"":15.5,""period_ms"":20.30014991760254}"
201107,1,4037.3998,4037.3998,False,0.625,"{""inversion_rho"":null,""inversion_channel"":19.5,""period_ms"":20.30014991760254}"
201107,1,4061.2001,4061.2001,False,0.5,"{""inversion_rho"":null,""inversion_channel"":20.5,""period_ms"":20.30014991760254}"
201107,1,4080.2999,4080.2999,False,1.0,"{""inversion_rho"":null,""inversion_channel"":19.5,""period_ms"":20.30014991760254}"
201107,1,4099.1001,4099.1001,False,1.0,"{""inversion_rho"":null,""inversion_channel"":16.5,""period_ms"":20.30014991760254}"
201107,1,4118.4001,4118.4001,False,0.625,"{""inversion_rho"":null,""inversion_channel"":16.5,""period_ms"":20.30014991760254}"
201107,1,4178.9999,4178.9999,False,0.5,"{""inversion_rho"":null,""inversion_channel"":28.5,""period_ms"":null}"
201107,1,4224.7,4224.7,False,0.375,"{""inversion_rho"":null,""inversion_channel"":15.0,""period_ms"":null}"
201107,1,4346.7002,4346.7002,False,0.375,"{""inversion_rho"":null,""inversion_channel"":29.5,""period_ms"":null}"
201107,1,4389.8001,4389.8001,False,1.0,"{""inversion_rho"":null,""inversion_channel"":23.5,""period_ms"":null}"
201107,1,4398.9,4398.9,False,0.5,"{""inversion_rho"":null,""inversion_channel"":19.5,""period_ms"":null}"
201107,1,59.5,88.7,True,1.0,"{""inversion_rho"":null,""inversion_channel"":6.5,""period_ms"":14.5999975502491}"
201107,1,1292.4,1510.2,True,1.0,"{""inversion_rho"":null,""inversion_channel"":25.75,""period_ms"":24.899959564208984}"
201107,1,1610.4,2019.0001,True,1.0,"{""inversion_rho"":null,""inversion_channel"":20.25,""period_ms"":30.20000457763672}"
201107,1,2041.8,2307.9,True,1.0,"{""inversion_rho"":null,""inversion_channel"":20.5,""period_ms"":16.000032424926758}"
201107,1,2313.2999,2592.0999,True,1.0,"{""inversion_rho"":null,""inversion_channel"":20.5,""period_ms"":15.150070190429688}"
201107,1,2601.0001,2673.6,True,1.0,"{""inversion_rho"":null,""inversion_channel"":19.5,""period_ms"":18.55003833770752}"
201107,1,2706.8,2729.1,True,1.0,"{""inversion_rho"":null,""inversion_channel"":19.5,""period_ms"":11.150002479553223}"
201107,1,2766.5999,3273.9999,True,1.0,"{""inversion_rho"":null,""inversion_channel"":20.0,""period_ms"":28.599977493286133}"
201107,1,3283.6001,3405.1001,True,1.0,"{""inversion_rho"":null,""inversion_channel"":19.0,""period_ms"":15.199899673461914}"
201107,1,3415.1001,3473.3,True,1.0,"{""inversion_rho"":null,""inversion_channel"":20.0,""period_ms"":29.09994125366211}"
201107,1,3481.3001,3813.4999,True,1.0,"{""inversion_rho"":null,""inversion_channel"":20.0,""period_ms"":21.14999294281006}"
201107,1,3842.6001,4118.4001,True,1.0,"{""inversion_rho"":null,""inversion_channel"":17.5,""period_ms"":20.30014991760254}"
201180,1,59.2,59.2,False,1.0,"{""inversion_rho"":null,""inversion_channel"":8.5,""period_ms"":null}"
201180,1,92.7,92.7,False,1.0,"{""inversion_rho"":null,""inversion_channel"":38.5,""period_ms"":null}"
201180,1,6095.3999,6095.3999,False,0.25,"{""inversion_rho"":null,""inversion_channel"":24.5,""period_ms"":null}"
201180,1,6116.4999,6116.4999,False,0.375,"{""inversion_rho"":null,""inversion_channel"":40.5,""period_ms"":null}"
201180,1,6124.8002,6124.8002,False,1.0,"{""inversion_rho"":null,""inversion_channel"":31.5,""period_ms"":null}"
201227,1,56.1,56.1,False,0.5,"{""inversion_rho"":null,""inversion_channel"":40.0,""period_ms"":null}"
201227,1,5238.5998,5238.5998,False,1.0,"{""inversion_rho"":null,""inversion_channel"":27.5,""period_ms"":23.099899291992188}"
201227,1,5265.6999,5265.6999,False,1.0,"{""inversion_rho"":null,""inversion_channel"":20.0,""period_ms"":23.099899291992188}"
201227,1,5281.6,5281.6,False,1.0,"{""inversion_rho"":null,""inversion_channel"":40.0,""period_ms"":23.099899291992188}"
201227,1,5299.3002,5299.3002,False,1.0,"{""inversion_rho"":null,""inversion_channel"":16.5,""period_ms"":23.099899291992188}"
201227,1,5308.4002,5308.4002,False,0.5,"{""inversion_rho"":null,""inversion_channel"":40.5,""period_ms"":23.099899291992188}"
201227,1,5330.9002,5330.9002,False,1.0,"{""inversion_rho"":null,""inversion_channel"":12.5,""period_ms"":23.099899291992188}"
201227,1,5354.6,5354.6,False,0.5,"{""inversion_rho"":null,""inversion_channel"":11.5,""period_ms"":23.099899291992188}"
201227,1,5380.4998,5380.4998,False,1.0,"{""inversion_rho"":null,""inversion_channel"":19.5,""period_ms"":23.099899291992188}"
201227,1,5416.5001,5416.5001,False,1.0,"{""inversion_rho"":null,""inversion_channel"":16.5,""period_ms"":23.099899291992188}"
201227,1,5428.8998,5428.8998,False,0.25,"{""inversion_rho"":null,""inversion_channel"":11.0,""period_ms"":11.84988021850586}"
201227,1,5440.8998,5440.8998,False,1.0,"{""inversion_rho"":null,""inversion_channel"":31.5,""period_ms"":11.84988021850586}"
201227,1,5454.8998,5454.8998,False,1.0,"{""inversion_rho"":null,""inversion_channel"":31.5,""period_ms"":11.84988021850586}"
201227,1,5464.3002,5464.3002,False,1.0,"{""inversion_rho"":null,""inversion_channel"":31.5,""period_ms"":11.84988021850586}"
201227,1,5475.9998,5475.9998,False,1.0,"{""inversion_rho"":null,""inversion_channel"":12.5,""period_ms"":11.84988021850586}"
201227,1,5238.5998,5416.5001,True,1.0,"{""inversion_rho"":null,""inversion_channel"":19.5,""period_ms"":23.099899291992188}"
201227,1,5428.8998,5475.9998,True,1.0,"{""inversion_rho"":null,""inversion_channel"":31.5,""period_ms"":11.84988021850586}"
201264,1,59.5,59.5,False,0.375,"{""inversion_rho"":null,""inversion_channel"":2.5,""period_ms"":null}"
201264,1,66.6,66.6,False,0.5,"{""inversion_rho"":null,""inversion_channel"":3.5,""period_ms"":null}"
201264,1,1552.8001,1552.8001,False,0.375,"{""inversion_rho"":null,""inversion_channel"":23.0,""period_ms"":50.49997568130493}"
201264,1,1606.9,1606.9,False,1.0,"{""inversion_rho"":null,""inversion_channel"":21.5,""period_ms"":50.49997568130493}"
201264,1,1653.8,1653.8,False,1.0,"{""inversion_rho"":null,""inversion_channel"":22.5,""period_ms"":50.49997568130493}"
201264,1,1804.6,1804.6,False,1.0,"{""inversion_rho"":null,""inversion_channel"":19.5,""period_ms"":115.70000648498535}"
201264,1,1959.8,1959.8,False,0.25,"{""inversion_rho"":null,""inversion_channel"":24.5,""period_ms"":115.70000648498535}"
201264,1,2036.0,2036.0,False,0.5,"{""inversion_rho"":null,""inversion_channel"":27.5,""period_ms"":115.70000648498535}"
201264,1,2051.1999,2051.1999,False,1.0,"{""inversion_rho"":null,""inversion_channel"":28.5,""period_ms"":null}"
201264,1,2060.3001,2060.3001,False,0.25,"{""inversion_rho"":null,""inversion_channel"":15.5,""period_ms"":null}"
201264,1,2104.3,2104.3,False,1.0,"{""inversion_rho"":null,""inversion_channel"":31.5,""period_ms"":null}"
201264,1,2117.3,2117.3,False,1.0,"{""inversion_rho"":null,""inversion_channel"":37.0,""period_ms"":null}"
201264,1,2159.8001,2159.8001,False,0.75,"{""inversion_rho"":null,""inversion_channel"":15.5,""period_ms"":null}"
201264,1,2209.1999,2209.1999,False,1.0,"{""inversion_rho"":null,""inversion_channel"":33.5,""period_ms"":null}"
201264,1,2226.8,2226.8,False,0.5,"{""inversion_rho"":null,""inversion_channel"":31.5,""period_ms"":null}"
201264,1,2236.9001,2236.9001,False,0.375,"{""inversion_rho"":null,""inversion_channel"":21.5,""period_ms"":null}"
201264,1,2262.7001,2262.7001,False,1.0,"{""inversion_rho"":null,""inversion_channel"":34.5,""period_ms"":54.75008487701416}"
201264,1,2318.8,2318.8,False,1.0,"{""inversion_rho"":null,""inversion_channel"":35.5,""period_ms"":54.75008487701416}"
201264,1,2374.0001,2374.0001,False,0.75,"{""inversion_rho"":null,""inversion_channel"":36.5,""period_ms"":54.75008487701416}"
201264,1,2430.5,2430.5,False,0.75,"{""inversion_rho"":null,""inversion_channel"":36.5,""period_ms"":54.75008487701416}"
201264,1,2459.8,2459.8,False,0.625,"{""inversion_rho"":null,""inversion_channel"":36.5,""period_ms"":54.75008487701416}"
201264,1,2482.1999,2482.1999,False,0.625,"{""inversion_rho"":null,""inversion_channel"":37.5,""period_ms"":54.75008487701416}"
201264,1,2536.5,2536.5,False,0.375,"{""inversion_rho"":null,""inversion_channel"":38.5,""period_ms"":54.75008487701416}"
201264,1,2584.6,2584.6,False,0.5,"{""inversion_rho"":null,""inversion_channel"":35.5,""period_ms"":54.75008487701416}"
201264,1,2685.6999,2685.6999,False,0.25,"{""inversion_rho"":null,""inversion_channel"":20.5,""period_ms"":54.75008487701416}"
201264,1,2693.7001,2693.7001,False,1.0,"{""inversion_rho"":null,""inversion_channel"":22.5,""period_ms"":null}"
201264,1,2701.1001,2701.1001,False,1.0,"{""inversion_rho"":null,""inversion_channel"":2.5,""period_ms"":null}"
201264,1,2725.8,2725.8,False,1.0,"{""inversion_rho"":null,""inversion_channel"":27.5,""period_ms"":null}"
201264,1,2765.7001,2765.7001,False,1.0,"{""inversion_rho"":null,""inversion_channel"":27.5,""period_ms"":null}"
201264,1,2872.0,2872.0,False,0.25,"{""inversion_rho"":null,""inversion_channel"":34.5,""period_ms"":null}"
201264,1,2884.8,2884.8,False,1.0,"{""inversion_rho"":null,""inversion_channel"":30.5,""period_ms"":null}"
201264,1,2923.8999,2923.8999,False,1.0,"{""inversion_rho"":null,""inversion_channel"":31.5,""period_ms"":null}"
201264,1,2960.3,2960.3,False,0.375,"{""inversion_rho"":null,""inversion_channel"":15.5,""period_ms"":null}"
201264,1,2965.8999,2965.8999,False,0.875,"{""inversion_rho"":null,""inversion_channel"":41.0,""period_ms"":37.10007667541504}"
201264,1,3005.0001,3005.0001,False,1.0,"{""inversion_rho"":null,""inversion_channel"":33.5,""period_ms"":37.10007667541504}"
201264,1,3040.1001,3040.1001,False,0.875,"{""inversion_rho"":null,""inversion_channel"":34.5,""period_ms"":37.10007667541504}"
201264,1,3047.4999,3047.4999,False,1.0,"{""inversion_rho"":null,""inversion_channel"":32.5,""period_ms"":6.550073623657227}"
201264,1,3055.5999,3055.5999,False,0.75,"{""inversion_rho"":null,""inversion_channel"":32.5,""period_ms"":6.550073623657227}"
201264,1,3060.6,3060.6,False,0.25,"{""inversion_rho"":null,""inversion_channel"":32.5,""period_ms"":6.550073623657227}"
201264,1,3075.4001,3075.4001,False,0.75,"{""inversion_rho"":null,""inversion_channel"":40.5,""period_ms"":19.299983978271484}"
201264,1,3085.7,3085.7,False,0.375,"{""inversion_rho"":null,""inversion_channel"":32.5,""period_ms"":19.299983978271484}"
201264,1,3105.0,3105.0,False,0.75,"{""inversion_rho"":null,""inversion_channel"":36.5,""period_ms"":19.299983978271484}"
201264,1,3135.5,3135.5,False,0.25,"{""inversion_rho"":null,""inversion_channel"":37.5,""period_ms"":19.299983978271484}"
201264,1,3231.9,3231.9,False,1.0,"{""inversion_rho"":null,""inversion_channel"":36.5,""period_ms"":26.649951934814453}"
201264,1,3272.5,3272.5,False,1.0,"{""inversion_rho"":null,""inversion_channel"":25.5,""period_ms"":26.649951934814453}"
201264,1,3292.3,3292.3,False,0.25,"{""inversion_rho"":null,""inversion_channel"":16.5,""period_ms"":26.649951934814453}"
201264,1,3307.3001,3307.3001,False,1.0,"{""inversion_rho"":null,""inversion_channel"":20.5,""period_ms"":26.649951934814453}"
201264,1,3336.7,3336.7,False,1.0,"{""inversion_rho"":null,""inversion_channel"":25.5,""period_ms"":26.649951934814453}"
201264,1,3368.0999,3368.0999,False,1.0,"{""inversion_rho"":null,""inversion_channel"":23.5,""period_ms"":26.649951934814453}"
201264,1,3392.0,3392.0,False,0.25,"{""inversion_rho"":null,""inversion_channel"":21.0,""period_ms"":26.649951934814453}"
201264,1,3400.7001,3400.7001,False,1.0,"{""inversion_rho"":null,""inversion_channel"":17.5,""period_ms"":23.849964141845703}"
201264,1,3427.5999,3427.5999,False,0.75,"{""inversion_rho"":null,""inversion_channel"":21.5,""period_ms"":23.849964141845703}"
201264,1,3452.1999,3452.1999,False,1.0,"{""inversion_rho"":null,""inversion_channel"":28.5,""period_ms"":23.849964141845703}"
201264,1,3472.8,3472.8,False,1.0,"{""inversion_rho"":null,""inversion_channel"":21.5,""period_ms"":23.849964141845703}"
201264,1,3490.0,3490.0,False,0.625,"{""inversion_rho"":null,""inversion_channel"":20.5,""period_ms"":23.849964141845703}"
201264,1,3508.6999,3508.6999,False,1.0,"{""inversion_rho"":null,""inversion_channel"":21.5,""period_ms"":23.849964141845703}"
201264,1,3539.5999,3539.5999,False,1.0,"{""inversion_rho"":null,""inversion_channel"":22.5,""period_ms"":23.849964141845703}"
201264,1,3563.9999,3563.9999,False,0.75,"{""inversion_rho"":null,""inversion_channel"":23.0,""period_ms"":23.849964141845703}"
201264,1,3587.6,3587.6,False,1.0,"{""inversion_rho"":null,""inversion_channel"":21.5,""period_ms"":23.849964141845703}"
201264,1,3606.3001,3606.3001,False,0.625,"{""inversion_rho"":null,""inversion_channel"":31.5,""period_ms"":23.849964141845703}"
201264,1,3617.0001,3617.0001,False,1.0,"{""inversion_rho"":null,""inversion_channel"":21.5,""period_ms"":23.849964141845703}"
201264,1,3641.7999,3641.7999,False,1.0,"{""inversion_rho"":null,""inversion_channel"":21.5,""period_ms"":23.849964141845703}"
201264,1,3669.4,3669.4,False,1.0,"{""inversion_rho"":null,""inversion_channel"":19.5,""period_ms"":23.849964141845703}"
201264,1,3700.5,3700.5,False,1.0,"{""inversion_rho"":null,""inversion_channel"":21.5,""period_ms"":23.849964141845703}"
201264,1,3726.7001,3726.7001,False,1.0,"{""inversion_rho"":null,""inversion_channel"":21.0,""period_ms"":23.849964141845703}"
201264,1,3744.0,3744.0,False,0.5,"{""inversion_rho"":null,""inversion_channel"":22.0,""period_ms"":23.849964141845703}"
201264,1,3770.6001,3770.6001,False,1.0,"{""inversion_rho"":null,""inversion_channel"":21.5,""period_ms"":23.849964141845703}"
201264,1,3800.0,3800.0,False,1.0,"{""inversion_rho"":null,""inversion_channel"":21.5,""period_ms"":23.849964141845703}"
201264,1,3821.1,3821.1,False,1.0,"{""inversion_rho"":null,""inversion_channel"":21.5,""period_ms"":23.849964141845703}"
201264,1,3838.2001,3838.2001,False,0.625,"{""inversion_rho"":null,""inversion_channel"":21.0,""period_ms"":23.849964141845703}"
201264,1,3865.4001,3865.4001,False,1.0,"{""inversion_rho"":null,""inversion_channel"":21.5,""period_ms"":23.849964141845703}"
201264,1,3900.8999,3900.8999,False,1.0,"{""inversion_rho"":null,""inversion_channel"":23.5,""period_ms"":23.849964141845703}"
201264,1,3926.8,3926.8,False,0.75,"{""inversion_rho"":null,""inversion_channel"":22.5,""period_ms"":23.849964141845703}"
201264,1,3950.4001,3950.4001,False,1.0,"{""inversion_rho"":null,""inversion_channel"":20.5,""period_ms"":23.849964141845703}"
201264,1,3972.1,3972.1,False,1.0,"{""inversion_rho"":null,""inversion_channel"":22.0,""period_ms"":23.849964141845703}"
201264,1,3991.1001,3991.1001,False,0.5,"{""inversion_rho"":null,""inversion_channel"":21.5,""period_ms"":23.849964141845703}"
201264,1,4009.6998,4009.6998,False,1.0,"{""inversion_rho"":null,""inversion_channel"":18.5,""period_ms"":23.849964141845703}"
201264,1,4032.3,4032.3,False,0.875,"{""inversion_rho"":null,""inversion_channel"":20.0,""period_ms"":23.849964141845703}"
201264,1,4058.7001,4058.7001,False,0.75,"{""inversion_rho"":null,""inversion_channel"":20.0,""period_ms"":23.849964141845703}"
201264,1,4082.7999,4082.7999,False,1.0,"{""inversion_rho"":null,""inversion_channel"":21.5,""period_ms"":23.849964141845703}"
201264,1,4093.4,4093.4,False,0.625,"{""inversion_rho"":null,""inversion_channel"":23.0,""period_ms"":23.849964141845703}"
201264,1,4130.4998,4130.4998,False,1.0,"{""inversion_rho"":null,""inversion_channel"":21.5,""period_ms"":85.00003814697266}"
201264,1,4172.8001,4172.8001,False,1.0,"{""inversion_rho"":null,""inversion_channel"":22.5,""period_ms"":85.00003814697266}"
201264,1,4257.8001,4257.8001,False,1.0,"{""inversion_rho"":null,""inversion_channel"":23.5,""period_ms"":85.00003814697266}"
201264,1,4382.7,4382.7,False,0.875,"{""inversion_rho"":null,""inversion_channel"":41.0,""period_ms"":85.00003814697266}"
201264,1,4403.5001,4403.5001,False,0.25,"{""inversion_rho"":null,""inversion_channel"":30.0,""period_ms"":21.34990692138672}"
201264,1,4430.1,4430.1,False,1.0,"{""inversion_rho"":null,""inversion_channel"":33.5,""period_ms"":21.34990692138672}"
201264,1,4466.7001,4466.7001,False,0.5,"{""inversion_rho"":null,""inversion_channel"":12.0,""period_ms"":21.34990692138672}"
201264,1,4482.8,4482.8,False,1.0,"{""inversion_rho"":null,""inversion_channel"":34.5,""period_ms"":21.34990692138672}"
201264,1,4495.4,4495.4,False,0.25,"{""inversion_rho"":null,""inversion_channel"":21.5,""period_ms"":21.34990692138672}"
201264,1,4532.4998,4532.4998,False,0.875,"{""inversion_rho"":null,""inversion_channel"":35.5,""period_ms"":57.700157165527344}"
201264,1,4584.8999,4584.8999,False,0.375,"{""inversion_rho"":null,""inversion_channel"":32.0,""period_ms"":57.700157165527344}"
201264,1,4642.6001,4642.6001,False,0.75,"{""inversion_rho"":null,""inversion_channel"":37.5,""period_ms"":57.700157165527344}"
201264,1,4672.2002,4672.2002,False,0.25,"{""inversion_rho"":null,""inversion_channel"":20.5,""period_ms"":57.700157165527344}"
201264,1,4706.1,4706.1,False,0.375,"{""inversion_rho"":null,""inversion_channel"":35.5,""period_ms"":57.700157165527344}"
201264,1,4768.7001,4768.7001,False,0.375,"{""inversion_rho"":null,""inversion_channel"":36.5,""period_ms"":57.700157165527344}"
201264,1,4886.7998,4886.7998,False,0.375,"{""inversion_rho"":null,""inversion_channel"":37.5,""period_ms"":57.700157165527344}"
201264,1,4939.4999,4939.4999,False,0.375,"{""inversion_rho"":null,""inversion_channel"":37.5,""period_ms"":57.700157165527344}"
201264,1,5047.8001,5047.8001,False,0.25,"{""inversion_rho"":null,""inversion_channel"":38.5,""period_ms"":57.700157165527344}"
201264,1,5155.3001,5155.3001,False,0.25,"{""inversion_rho"":null,""inversion_channel"":36.5,""period_ms"":57.700157165527344}"
201264,1,1552.8001,1653.8,True,1.0,"{""inversion_rho"":null,""inversion_channel"":22.5,""period_ms"":50.49997568130493}"
201264,1,1804.6,2036.0,True,1.0,"{""inversion_rho"":null,""inversion_channel"":24.5,""period_ms"":115.70000648498535}"
201264,1,2262.7001,2685.6999,True,1.0,"{""inversion_rho"":null,""inversion_channel"":36.5,""period_ms"":54.75008487701416}"
201264,1,2965.8999,3040.1001,True,1.0,"{""inversion_rho"":null,""inversion_channel"":34.5,""period_ms"":37.10007667541504}"
201264,1,3047.4999,3060.6,True,1.0,"{""inversion_rho"":null,""inversion_channel"":32.5,""period_ms"":6.550073623657227}"
201264,1,3075.4001,3135.5,True,1.0,"{""inversion_rho"":null,""inversion_channel"":37.0,""period_ms"":19.299983978271484}"
201264,1,3231.9,3392.0,True,1.0,"{""inversion_rho"":null,""inversion_channel"":23.5,""period_ms"":26.649951934814453}"
201264,1,3400.7001,4093.4,True,1.0,"{""inversion_rho"":null,""inversion_channel"":21.5,""period_ms"":23.849964141845703}"
201264,1,4130.4998,4382.7,True,1.0,"{""inversion_rho"":null,""inversion_channel"":23.0,""period_ms"":85.00003814697266}"
201264,1,4403.5001,4495.4,True,1.0,"{""inversion_rho"":null,""inversion_channel"":30.0,""period_ms"":21.34990692138672}"
201264,1,4532.4998,5155.3001,True,1.0,"{""inversion_rho"":null,""inversion_channel"":36.5,""period_ms"":57.700157165527344}"
201270,1,52.9,52.9,False,0.25,"{""inversion_rho"":null,""inversion_channel"":3.5,""period_ms"":10.200001299381256}"
201270,1,63.5,63.5,False,0.5,"{""inversion_rho"":null,""inversion_channel"":2.5,""period_ms"":10.200001299381256}"
201270,1,73.7,73.7,False,0.875,"{""inversion_rho"":null,""inversion_channel"":5.5,""period_ms"":10.200001299381256}"
201270,1,84.0,84.0,False,0.75,"{""inversion_rho"":null,""inversion_channel"":12.0,""period_ms"":10.200001299381256}"
201270,1,91.5,91.5,False,0.375,"{""inversion_rho"":null,""inversion_channel"":10.5,""period_ms"":10.200001299381256}"
201270,1,96.8,96.8,False,0.75,"{""inversion_rho"":null,""inversion_channel"":11.5,""period_ms"":10.200001299381256}"
201270,1,1479.4,1479.4,False,1.0,"{""inversion_rho"":null,""inversion_channel"":23.0,""period_ms"":33.6499810218811}"
201270,1,1512.9,1512.9,False,1.0,"{""inversion_rho"":null,""inversion_channel"":22.5,""period_ms"":33.6499810218811}"
201270,1,1540.0,1540.0,False,1.0,"{""inversion_rho"":null,""inversion_channel"":23.5,""period_ms"":33.6499810218811}"
201270,1,1597.7,1597.7,False,1.0,"{""inversion_rho"":null,""inversion_channel"":22.0,""period_ms"":33.6499810218811}"
201270,1,1631.5,1631.5,False,1.0,"{""inversion_rho"":null,""inversion_channel"":19.0,""period_ms"":33.6499810218811}"
201270,1,1893.8,1893.8,False,0.375,"{""inversion_rho"":null,""inversion_channel"":24.5,""period_ms"":null}"
201270,1,1942.1,1942.1,False,0.375,"{""inversion_rho"":null,""inversion_channel"":25.5,""period_ms"":null}"
201270,1,1954.9,1954.9,False,1.0,"{""inversion_rho"":null,""inversion_channel"":27.5,""period_ms"":18.999814987182617}"
201270,1,1977.3,1977.3,False,1.0,"{""inversion_rho"":null,""inversion_channel"":27.5,""period_ms"":18.999814987182617}"
201270,1,1995.8,1995.8,False,1.0,"{""inversion_rho"":null,""inversion_channel"":27.5,""period_ms"":18.999814987182617}"
201270,1,2011.2,2011.2,False,0.875,"{""inversion_rho"":null,""inversion_channel"":21.5,""period_ms"":18.999814987182617}"
201270,1,2038.0001,2038.0001,False,0.375,"{""inversion_rho"":null,""inversion_channel"":29.5,""period_ms"":18.999814987182617}"
201270,1,2056.9999,2056.9999,False,1.0,"{""inversion_rho"":null,""inversion_channel"":30.0,""period_ms"":18.999814987182617}"
201270,1,2064.4,2064.4,False,0.625,"{""inversion_rho"":null,""inversion_channel"":32.5,""period_ms"":19.00005340576172}"
201270,1,2073.9999,2073.9999,False,1.0,"{""inversion_rho"":null,""inversion_channel"":31.5,""period_ms"":19.00005340576172}"
201270,1,2097.1,2097.1,False,1.0,"{""inversion_rho"":null,""inversion_channel"":31.5,""period_ms"":19.00005340576172}"
201270,1,2116.1001,2116.1001,False,0.625,"{""inversion_rho"":null,""inversion_channel"":31.0,""period_ms"":19.00005340576172}"
201270,1,2122.6001,2122.6001,False,1.0,"{""inversion_rho"":null,""inversion_channel"":33.5,""period_ms"":11.999964714050293}"
201270,1,2135.2,2135.2,False,0.5,"{""inversion_rho"":null,""inversion_channel"":31.5,""period_ms"":11.999964714050293}"
201270,1,2141.7,2141.7,False,0.625,"{""inversion_rho"":null,""inversion_channel"":30.5,""period_ms"":11.999964714050293}"
201270,1,2153.1,2153.1,False,0.375,"{""inversion_rho"":null,""inversion_channel"":32.5,""period_ms"":11.999964714050293}"
201270,1,2174.9001,2174.9001,False,1.0,"{""inversion_rho"":null,""inversion_channel"":32.0,""period_ms"":11.999964714050293}"
201270,1,2180.3999,2180.3999,False,0.75,"{""inversion_rho"":null,""inversion_channel"":34.5,""period_ms"":9.70005989074707}"
201270,1,2192.6999,2192.6999,False,1.0,"{""inversion_rho"":null,""inversion_channel"":32.5,""period_ms"":9.70005989074707}"
201270,1,2199.8,2199.8,False,0.375,"{""inversion_rho"":null,""inversion_channel"":31.5,""period_ms"":9.70005989074707}"
201270,1,2236.1,2236.1,False,0.25,"{""inversion_rho"":null,""inversion_channel"":33.0,""period_ms"":9.70005989074707}"
201270,1,2241.2,2241.2,False,0.625,"{""inversion_rho"":null,""inversion_channel"":35.5,""period_ms"":9.70005989074707}"
201270,1,2253.7999,2253.7999,False,1.0,"{""inversion_rho"":null,""inversion_channel"":33.0,""period_ms"":9.70005989074707}"
201270,1,2263.5,2263.5,False,1.0,"{""inversion_rho"":null,""inversion_channel"":32.5,""period_ms"":9.70005989074707}"
201270,1,2306.9999,2306.9999,False,1.0,"{""inversion_rho"":null,""inversion_channel"":36.5,""period_ms"":64.69988822937012}"
201270,1,2373.1,2373.1,False,0.375,"{""inversion_rho"":null,""inversion_channel"":37.5,""period_ms"":64.69988822937012}"
201270,1,2437.7999,2437.7999,False,0.25,"{""inversion_rho"":null,""inversion_channel"":35.5,""period_ms"":64.69988822937012}"
201270,1,2501.1001,2501.1001,False,0.25,"{""inversion_rho"":null,""inversion_channel"":36.0,""period_ms"":64.69988822937012}"
201270,1,2624.2001,2624.2001,False,0.25,"{""inversion_rho"":null,""inversion_channel"":9.5,""period_ms"":64.69988822937012}"
201270,1,2680.3,2680.3,False,0.5,"{""inversion_rho"":null,""inversion_channel"":37.5,""period_ms"":64.69988822937012}"
201270,1,3089.7999,3089.7999,False,0.5,"{""inversion_rho"":null,""inversion_channel"":12.5,""period_ms"":null}"
201270,1,3095.5999,3095.5999,False,0.25,"{""inversion_rho"":null,""inversion_channel"":14.5,""period_ms"":null}"
201270,1,3113.1001,3113.1001,False,0.375,"{""inversion_rho"":null,""inversion_channel"":28.5,""period_ms"":null}"
201270,1,3249.1,3249.1,False,0.25,"{""inversion_rho"":null,""inversion_channel"":17.0,""period_ms"":null}"
201270,1,4428.0,4428.0,False,0.5,"{""inversion_rho"":null,""inversion_channel"":21.0,""period_ms"":null}"
201270,1,4545.1999,4545.1999,False,0.375,"{""inversion_rho"":null,""inversion_channel"":33.0,""period_ms"":null}"
201270,1,4552.1002,4552.1002,False,0.25,"{""inversion_rho"":null,""inversion_channel"":28.0,""period_ms"":null}"
201270,1,4570.9,4570.9,False,0.25,"{""inversion_rho"":null,""inversion_channel"":24.5,""period_ms"":null}"
201270,1,4576.3998,4576.3998,False,1.0,"{""inversion_rho"":null,""inversion_channel"":21.0,""period_ms"":17.600059509277344}"
201270,1,4584.7998,4584.7998,False,0.25,"{""inversion_rho"":null,""inversion_channel"":23.5,""period_ms"":17.600059509277344}"
201270,1,4598.3,4598.3,False,1.0,"{""inversion_rho"":null,""inversion_channel"":27.5,""period_ms"":17.600059509277344}"
201270,1,4628.6998,4628.6998,False,0.25,"{""inversion_rho"":null,""inversion_channel"":6.5,""period_ms"":17.600059509277344}"
201270,1,4654.6001,4654.6001,False,1.0,"{""inversion_rho"":null,""inversion_channel"":27.5,""period_ms"":17.600059509277344}"
201270,1,4680.2001,4680.2001,False,0.25,"{""inversion_rho"":null,""inversion_channel"":22.0,""period_ms"":17.600059509277344}"
201270,1,4697.8002,4697.8002,False,0.375,"{""inversion_rho"":null,""inversion_channel"":14.5,""period_ms"":17.600059509277344}"
201270,1,4707.6998,4707.6998,False,1.0,"{""inversion_rho"":null,""inversion_channel"":23.5,""period_ms"":17.600059509277344}"
201270,1,4733.5,4733.5,False,1.0,"{""inversion_rho"":null,""inversion_channel"":25.5,""period_ms"":21.449804306030273}"
201270,1,4763.1998,4763.1998,False,1.0,"{""inversion_rho"":null,""inversion_channel"":23.5,""period_ms"":21.449804306030273}"
201270,1,4792.6998,4792.6998,False,0.375,"{""inversion_rho"":null,""inversion_channel"":24.5,""period_ms"":21.449804306030273}"
201270,1,4819.3998,4819.3998,False,1.0,"{""inversion_rho"":null,""inversion_channel"":23.0,""period_ms"":21.449804306030273}"
201270,1,4844.6999,4844.6999,False,0.875,"{""inversion_rho"":null,""inversion_channel"":24.5,""period_ms"":21.449804306030273}"
201270,1,4876.6999,4876.6999,False,1.0,"{""inversion_rho"":null,""inversion_channel"":37.5,""period_ms"":21.449804306030273}"
201270,1,4904.2001,4904.2001,False,0.875,"{""inversion_rho"":null,""inversion_channel"":21.5,""period_ms"":21.449804306030273}"
201270,1,4927.8002,4927.8002,False,1.0,"{""inversion_rho"":null,""inversion_channel"":37.5,""period_ms"":21.449804306030273}"
201270,1,4949.2998,4949.2998,False,0.875,"{""inversion_rho"":null,""inversion_channel"":36.5,""period_ms"":21.449804306030273}"
201270,1,4972.3001,4972.3001,False,1.0,"{""inversion_rho"":null,""inversion_channel"":37.5,""period_ms"":21.449804306030273}"
201270,1,4995.2998,4995.2998,False,1.0,"{""inversion_rho"":null,""inversion_channel"":36.5,""period_ms"":21.449804306030273}"
201270,1,5013.5999,5013.5999,False,0.375,"{""inversion_rho"":null,""inversion_channel"":31.5,""period_ms"":21.449804306030273}"
201270,1,5035.3999,5035.3999,False,1.0,"{""inversion_rho"":null,""inversion_channel"":36.5,""period_ms"":21.449804306030273}"
201270,1,5056.7999,5056.7999,False,0.375,"{""inversion_rho"":null,""inversion_channel"":37.5,""period_ms"":21.449804306030273}"
201270,1,5078.4001,5078.4001,False,0.25,"{""inversion_rho"":null,""inversion_channel"":19.5,""period_ms"":21.449804306030273}"
201270,1,5098.5999,5098.5999,False,1.0,"{""inversion_rho"":null,""inversion_channel"":36.5,""period_ms"":21.449804306030273}"
201270,1,5115.6998,5115.6998,False,1.0,"{""inversion_rho"":null,""inversion_channel"":35.5,""period_ms"":21.449804306030273}"
201270,1,5133.2998,5133.2998,False,1.0,"{""inversion_rho"":null,""inversion_channel"":35.5,""period_ms"":21.449804306030273}"
201270,1,5151.3,5151.3,False,0.875,"{""inversion_rho"":null,""inversion_channel"":36.5,""period_ms"":21.449804306030273}"
201270,1,5171.1998,5171.1998,False,1.0,"{""inversion_rho"":null,""inversion_channel"":35.5,""period_ms"":21.449804306030273}"
201270,1,5179.8,5179.8,False,0.25,"{""inversion_rho"":null,""inversion_channel"":17.5,""period_ms"":21.449804306030273}"
201270,1,5189.4002,5189.4002,False,1.0,"{""inversion_rho"":null,""inversion_channel"":35.5,""period_ms"":21.449804306030273}"
201270,1,5203.4001,5203.4001,False,0.625,"{""inversion_rho"":null,""inversion_channel"":35.5,""period_ms"":21.449804306030273}"
201270,1,5219.2001,5219.2001,False,0.875,"{""inversion_rho"":null,""inversion_channel"":34.5,""period_ms"":21.449804306030273}"
201270,1,5232.2001,5232.2001,False,0.75,"{""inversion_rho"":null,""inversion_channel"":34.5,""period_ms"":21.449804306030273}"
201270,1,5253.3998,5253.3998,False,0.25,"{""inversion_rho"":null,""inversion_channel"":27.5,""period_ms"":21.449804306030273}"
201270,1,5283.5999,5283.5999,False,0.375,"{""inversion_rho"":null,""inversion_channel"":33.5,""period_ms"":21.449804306030273}"
201270,1,52.9,96.8,True,1.0,"{""inversion_rho"":null,""inversion_channel"":8.0,""period_ms"":10.200001299381256}"
201270,1,1479.4,1631.5,True,1.0,"{""inversion_rho"":null,""inversion_channel"":22.5,""period_ms"":33.6499810218811}"
201270,1,1954.9,2056.9999,True,1.0,"{""inversion_rho"":null,""inversion_channel"":27.5,""period_ms"":18.999814987182617}"
201270,1,2064.4,2116.1001,True,1.0,"{""inversion_rho"":null,""inversion_channel"":31.5,""period_ms"":19.00005340576172}"
201270,1,2122.6001,2174.9001,True,1.0,"{""inversion_rho"":null,""inversion_channel"":32.0,""period_ms"":11.999964714050293}"
201270,1,2180.3999,2199.8,True,1.0,"{""inversion_rho"":null,""inversion_channel"":32.5,""period_ms"":9.70005989074707}"
201270,1,2236.1,2263.5,True,1.0,"{""inversion_rho"":null,""inversion_channel"":33.0,""period_ms"":9.70005989074707}"
201270,1,2306.9999,2680.3,True,1.0,"{""inversion_rho"":null,""inversion_channel"":36.25,""period_ms"":64.69988822937012}"
201270,1,4576.3998,4707.6998,True,1.0,"{""inversion_rho"":null,""inversion_channel"":22.75,""period_ms"":17.600059509277344}"
201270,1,4733.5,5283.5999,True,1.0,"{""inversion_rho"":null,""inversion_channel"":35.5,""period_ms"":21.449804306030273}"
201395,1,43.2,43.2,False,0.375,"{""inversion_rho"":null,""inversion_channel"":19.5,""period_ms"":null}"
201395,1,49.7,49.7,False,0.375,"{""inversion_rho"":null,""inversion_channel"":9.5,""period_ms"":null}"
201395,1,67.5,67.5,False,1.0,"{""inversion_rho"":null,""inversion_channel"":8.5,""period_ms"":null}"
201395,1,1572.3,1572.3,False,1.0,"{""inversion_rho"":null,""inversion_channel"":16.5,""period_ms"":37.95003890991211}"
201395,1,1605.1,1605.1,False,1.0,"{""inversion_rho"":null,""inversion_channel"":15.5,""period_ms"":37.95003890991211}"
201395,1,1648.2,1648.2,False,1.0,"{""inversion_rho"":null,""inversion_channel"":13.5,""period_ms"":37.95003890991211}"
201395,1,1821.0,1821.0,False,0.625,"{""inversion_rho"":null,""inversion_channel"":13.5,""period_ms"":null}"
201395,1,1861.5,1861.5,False,1.0,"{""inversion_rho"":null,""inversion_channel"":35.0,""period_ms"":null}"
201395,1,1868.3,1868.3,False,0.75,"{""inversion_rho"":null,""inversion_channel"":5.5,""period_ms"":null}"
201395,1,1877.6,1877.6,False,1.0,"{""inversion_rho"":null,""inversion_channel"":40.5,""period_ms"":null}"
201395,1,1920.1,1920.1,False,1.0,"{""inversion_rho"":null,""inversion_channel"":40.5,""period_ms"":11.799931526184082}"
201395,1,1933.4,1933.4,False,1.0,"{""inversion_rho"":null,""inversion_channel"":43.5,""period_ms"":11.799931526184082}"
201395,1,1945.2,1945.2,False,1.0,"{""inversion_rho"":null,""inversion_channel"":5.5,""period_ms"":11.799931526184082}"
201395,1,1955.8001,1955.8001,False,1.0,"{""inversion_rho"":null,""inversion_channel"":3.5,""period_ms"":11.799931526184082}"
201395,1,1987.3,1987.3,False,1.0,"{""inversion_rho"":null,""inversion_channel"":2.5,""period_ms"":null}"
201395,1,2017.1001,2017.1001,False,1.0,"{""inversion_rho"":null,""inversion_channel"":4.5,""period_ms"":null}"
201395,1,2026.7,2026.7,False,1.0,"{""inversion_rho"":null,""inversion_channel"":2.5,""period_ms"":9.999990463256836}"
201395,1,2036.9999,2036.9999,False,1.0,"{""inversion_rho"":null,""inversion_channel"":2.5,""period_ms"":9.999990463256836}"
201395,1,2047.2,2047.2,False,1.0,"{""inversion_rho"":null,""inversion_channel"":40.5,""period_ms"":9.999990463256836}"
201395,1,2057.1001,2057.1001,False,1.0,"{""inversion_rho"":null,""inversion_channel"":7.0,""period_ms"":9.999990463256836}"
201395,1,2066.8001,2066.8001,False,1.0,"{""inversion_rho"":null,""inversion_channel"":3.5,""period_ms"":9.999990463256836}"
201395,1,2076.8001,2076.8001,False,1.0,"{""inversion_rho"":null,""inversion_channel"":4.5,""period_ms"":9.999990463256836}"
201395,1,2098.7,2098.7,False,1.0,"{""inversion_rho"":null,""inversion_channel"":3.5,""period_ms"":9.999990463256836}"
201395,1,2108.4001,2108.4001,False,1.0,"{""inversion_rho"":null,""inversion_channel"":3.5,""period_ms"":9.999990463256836}"
201395,1,2117.1999,2117.1999,False,1.0,"{""inversion_rho"":null,""inversion_channel"":2.5,""period_ms"":9.999990463256836}"
201395,1,2134.2001,2134.2001,False,1.0,"{""inversion_rho"":null,""inversion_channel"":2.5,""period_ms"":9.999990463256836}"
201395,1,2145.8001,2145.8001,False,1.0,"{""inversion_rho"":null,""inversion_channel"":5.5,""period_ms"":9.999990463256836}"
201395,1,2158.7999,2158.7999,False,1.0,"{""inversion_rho"":null,""inversion_channel"":2.5,""period_ms"":9.999990463256836}"
201395,1,2173.1,2173.1,False,1.0,"{""inversion_rho"":null,""inversion_channel"":2.5,""period_ms"":9.999990463256836}"
201395,1,2181.9,2181.9,False,1.0,"{""inversion_rho"":null,""inversion_channel"":3.0,""period_ms"":9.999990463256836}"
201395,1,2190.7001,2190.7001,False,1.0,"{""inversion_rho"":null,""inversion_channel"":1.5,""period_ms"":9.999990463256836}"
201395,1,2196.8,2196.8,False,1.0,"{""inversion_rho"":null,""inversion_channel"":2.5,""period_ms"":9.999990463256836}"
201395,1,2216.0001,2216.0001,False,1.0,"{""inversion_rho"":null,""inversion_channel"":1.5,""period_ms"":9.749889373779297}"
201395,1,2224.4999,2224.4999,False,1.0,"{""inversion_rho"":null,""inversion_channel"":1.5,""period_ms"":9.749889373779297}"
201395,1,2232.1,2232.1,False,1.0,"{""inversion_rho"":null,""inversion_channel"":1.5,""period_ms"":9.749889373779297}"
201395,1,2251.1001,2251.1001,False,1.0,"{""inversion_rho"":null,""inversion_channel"":2.5,""period_ms"":9.749889373779297}"
201395,1,2262.1,2262.1,False,0.5,"{""inversion_rho"":null,""inversion_channel"":9.5,""period_ms"":9.749889373779297}"
201395,1,2301.3,2301.3,False,1.0,"{""inversion_rho"":null,""inversion_channel"":1.5,""period_ms"":25.90012550354004}"
201395,1,2315.5999,2315.5999,False,1.0,"{""inversion_rho"":null,""inversion_channel"":1.5,""period_ms"":25.90012550354004}"
201395,1,2341.5,2341.5,False,1.0,"{""inversion_rho"":null,""inversion_channel"":2.5,""period_ms"":25.90012550354004}"
201395,1,2395.7,2395.7,False,1.0,"{""inversion_rho"":null,""inversion_channel"":1.5,""period_ms"":25.90012550354004}"
201395,1,2404.0999,2404.0999,False,1.0,"{""inversion_rho"":null,""inversion_channel"":1.5,""period_ms"":null}"
201395,1,2429.1,2429.1,False,1.0,"{""inversion_rho"":null,""inversion_channel"":1.5,""period_ms"":null}"
201395,1,2435.3001,2435.3001,False,1.0,"{""inversion_rho"":null,""inversion_channel"":22.5,""period_ms"":37.400007247924805}"
201395,1,2477.0999,2477.0999,False,1.0,"{""inversion_rho"":null,""inversion_channel"":2.5,""period_ms"":37.400007247924805}"
201395,1,2502.6,2502.6,False,1.0,"{""inversion_rho"":null,""inversion_channel"":1.5,""period_ms"":37.400007247924805}"
201395,1,2542.0001,2542.0001,False,1.0,"{""inversion_rho"":null,""inversion_channel"":2.0,""period_ms"":37.400007247924805}"
201395,1,2577.4,2577.4,False,1.0,"{""inversion_rho"":null,""inversion_channel"":8.5,""period_ms"":37.400007247924805}"
201395,1,2585.7999,2585.7999,False,1.0,"{""inversion_rho"":null,""inversion_channel"":9.0,""period_ms"":16.950011253356934}"
201395,1,2592.9,2592.9,False,1.0,"{""inversion_rho"":null,""inversion_channel"":1.5,""period_ms"":16.950011253356934}"
201395,1,2608.9001,2608.9001,False,1.0,"{""inversion_rho"":null,""inversion_channel"":1.5,""period_ms"":16.950011253356934}"
201395,1,2626.8001,2626.8001,False,0.5,"{""inversion_rho"":null,""inversion_channel"":11.0,""period_ms"":16.950011253356934}"
201395,1,2651.4001,2651.4001,False,0.625,"{""inversion_rho"":null,""inversion_channel"":11.5,""period_ms"":16.950011253356934}"
201395,1,2659.4,2659.4,False,1.0,"{""inversion_rho"":null,""inversion_channel"":1.5,""period_ms"":10.900020599365234}"
201395,1,2675.2999,2675.2999,False,1.0,"{""inversion_rho"":null,""inversion_channel"":1.5,""period_ms"":10.900020599365234}"
201395,1,2693.0001,2693.0001,False,1.0,"{""inversion_rho"":null,""inversion_channel"":2.0,""period_ms"":10.900020599365234}"
201395,1,2701.1001,2701.1001,False,1.0,"{""inversion_rho"":null,""inversion_channel"":1.5,""period_ms"":10.900020599365234}"
201395,1,2715.4,2715.4,False,1.0,"{""inversion_rho"":null,""inversion_channel"":3.5,""period_ms"":10.900020599365234}"
201395,1,2723.3,2723.3,False,1.0,"{""inversion_rho"":null,""inversion_channel"":2.5,""period_ms"":10.900020599365234}"
201395,1,2734.2,2734.2,False,1.0,"{""inversion_rho"":null,""inversion_channel"":3.5,""period_ms"":10.900020599365234}"
201395,1,2742.5001,2742.5001,False,1.0,"{""inversion_rho"":null,""inversion_channel"":2.5,""period_ms"":10.900020599365234}"
201395,1,3062.4001,3062.4001,False,1.0,"{""inversion_rho"":null,""inversion_channel"":1.5,""period_ms"":null}"
201395,1,3512.3999,3512.3999,False,0.25,"{""inversion_rho"":null,""inversion_channel"":20.5,""period_ms"":null}"
201395,1,3579.2,3579.2,False,0.375,"{""inversion_rho"":null,""inversion_channel"":39.5,""period_ms"":null}"
201395,1,3598.3,3598.3,False,1.0,"{""inversion_rho"":null,""inversion_channel"":19.0,""period_ms"":5.500078201293945}"
201395,1,3603.8001,3603.8001,False,0.25,"{""inversion_rho"":null,""inversion_channel"":17.5,""period_ms"":5.500078201293945}"
201395,1,3610.1,3610.1,False,0.25,"{""inversion_rho"":null,""inversion_channel"":16.5,""period_ms"":5.500078201293945}"
201395,1,3615.4001,3615.4001,False,0.5,"{""inversion_rho"":null,""inversion_channel"":15.5,""period_ms"":5.500078201293945}"
201395,1,3622.6001,3622.6001,False,1.0,"{""inversion_rho"":null,""inversion_channel"":19.5,""period_ms"":5.500078201293945}"
201395,1,3628.0999,3628.0999,False,0.375,"{""inversion_rho"":null,""inversion_channel"":16.5,""period_ms"":5.500078201293945}"
201395,1,3642.2999,3642.2999,False,0.625,"{""inversion_rho"":null,""inversion_channel"":15.5,""period_ms"":8.20004940032959}"
201395,1,3651.0,3651.0,False,0.25,"{""inversion_rho"":null,""inversion_channel"":14.5,""period_ms"":8.20004940032959}"
201395,1,3661.9999,3661.9999,False,0.875,"{""inversion_rho"":null,""inversion_channel"":13.5,""period_ms"":8.20004940032959}"
201395,1,3675.0,3675.0,False,1.0,"{""inversion_rho"":null,""inversion_channel"":24.5,""period_ms"":8.20004940032959}"
201395,1,3682.4,3682.4,False,1.0,"{""inversion_rho"":null,""inversion_channel"":3.5,""period_ms"":8.20004940032959}"
201395,1,3691.4999,3691.4999,False,1.0,"{""inversion_rho"":null,""inversion_channel"":37.5,""period_ms"":8.20004940032959}"
201395,1,3700.5,3700.5,False,1.0,"{""inversion_rho"":null,""inversion_channel"":4.0,""period_ms"":8.20004940032959}"
201395,1,3708.4,3708.4,False,1.0,"{""inversion_rho"":null,""inversion_channel"":3.5,""period_ms"":8.20004940032959}"
201395,1,3715.4,3715.4,False,1.0,"{""inversion_rho"":null,""inversion_channel"":2.5,""period_ms"":8.20004940032959}"
201395,1,3723.4001,3723.4001,False,1.0,"{""inversion_rho"":null,""inversion_channel"":2.5,""period_ms"":8.20004940032959}"
201395,1,3733.0,3733.0,False,1.0,"{""inversion_rho"":null,""inversion_channel"":3.5,""period_ms"":8.20004940032959}"
201395,1,3741.4,3741.4,False,0.25,"{""inversion_rho"":null,""inversion_channel"":10.5,""period_ms"":8.20004940032959}"
201395,1,3748.6999,3748.6999,False,1.0,"{""inversion_rho"":null,""inversion_channel"":2.5,""period_ms"":8.20004940032959}"
201395,1,3756.4001,3756.4001,False,0.5,"{""inversion_rho"":null,""inversion_channel"":11.5,""period_ms"":8.20004940032959}"
201395,1,3762.3999,3762.3999,False,0.375,"{""inversion_rho"":null,""inversion_channel"":44.5,""period_ms"":8.20004940032959}"
201395,1,3783.9,3783.9,False,1.0,"{""inversion_rho"":null,""inversion_channel"":25.0,""period_ms"":8.149981498718262}"
201395,1,3791.6,3791.6,False,1.0,"{""inversion_rho"":null,""inversion_channel"":39.0,""period_ms"":8.149981498718262}"
201395,1,3797.9,3797.9,False,1.0,"{""inversion_rho"":null,""inversion_channel"":14.0,""period_ms"":8.149981498718262}"
201395,1,3808.8,3808.8,False,0.625,"{""inversion_rho"":null,""inversion_channel"":21.5,""period_ms"":8.149981498718262}"
201395,1,3817.6,3817.6,False,1.0,"{""inversion_rho"":null,""inversion_channel"":3.5,""period_ms"":8.149981498718262}"
201395,1,3825.7,3825.7,False,1.0,"{""inversion_rho"":null,""inversion_channel"":2.5,""period_ms"":8.149981498718262}"
201395,1,3830.8001,3830.8001,False,0.375,"{""inversion_rho"":null,""inversion_channel"":24.5,""period_ms"":8.149981498718262}"
201395,1,3838.2001,3838.2001,False,1.0,"{""inversion_rho"":null,""inversion_channel"":37.5,""period_ms"":8.149981498718262}"
201395,1,3844.3,3844.3,False,1.0,"{""inversion_rho"":null,""inversion_channel"":13.5,""period_ms"":8.149981498718262}"
201395,1,3853.2,3853.2,False,1.0,"{""inversion_rho"":null,""inversion_channel"":2.5,""period_ms"":8.149981498718262}"
201395,1,3866.9,3866.9,False,0.375,"{""inversion_rho"":null,""inversion_channel"":20.5,""period_ms"":8.149981498718262}"
201395,1,3875.0999,3875.0999,False,1.0,"{""inversion_rho"":null,""inversion_channel"":27.5,""period_ms"":8.149981498718262}"
201395,1,3891.4001,3891.4001,False,1.0,"{""inversion_rho"":null,""inversion_channel"":17.5,""period_ms"":8.149981498718262}"
201395,1,3899.6999,3899.6999,False,1.0,"{""inversion_rho"":null,""inversion_channel"":2.5,""period_ms"":8.149981498718262}"
201395,1,3907.9001,3907.9001,False,1.0,"{""inversion_rho"":null,""inversion_channel"":2.5,""period_ms"":8.149981498718262}"
201395,1,3913.1999,3913.1999,False,0.5,"{""inversion_rho"":null,""inversion_channel"":14.0,""period_ms"":8.149981498718262}"
201395,1,3920.2001,3920.2001,False,1.0,"{""inversion_rho"":null,""inversion_channel"":2.5,""period_ms"":8.149981498718262}"
201395,1,3931.4001,3931.4001,False,1.0,"{""inversion_rho"":null,""inversion_channel"":2.5,""period_ms"":8.149981498718262}"
201395,1,3938.9,3938.9,False,1.0,"{""inversion_rho"":null,""inversion_channel"":14.5,""period_ms"":8.149981498718262}"
201395,1,3945.1001,3945.1001,False,0.75,"{""inversion_rho"":null,""inversion_channel"":14.5,""period_ms"":8.149981498718262}"
201395,1,3954.0,3954.0,False,1.0,"{""inversion_rho"":null,""inversion_channel"":2.5,""period_ms"":8.149981498718262}"
201395,1,3961.2999,3961.2999,False,1.0,"{""inversion_rho"":null,""inversion_channel"":27.5,""period_ms"":8.149981498718262}"
201395,1,3971.9,3971.9,False,1.0,"{""inversion_rho"":null,""inversion_channel"":3.5,""period_ms"":8.149981498718262}"
201395,1,3980.2001,3980.2001,False,1.0,"{""inversion_rho"":null,""inversion_channel"":2.5,""period_ms"":8.149981498718262}"
201395,1,3988.5001,3988.5001,False,1.0,"{""inversion_rho"":null,""inversion_channel"":14.5,""period_ms"":8.149981498718262}"
201395,1,3993.7,3993.7,False,0.75,"{""inversion_rho"":null,""inversion_channel"":14.5,""period_ms"":8.149981498718262}"
201395,1,4005.3,4005.3,False,0.75,"{""inversion_rho"":null,""inversion_channel"":14.5,""period_ms"":8.149981498718262}"
201395,1,4015.6999,4015.6999,False,0.75,"{""inversion_rho"":null,""inversion_channel"":14.5,""period_ms"":8.149981498718262}"
201395,1,4025.7001,4025.7001,False,1.0,"{""inversion_rho"":null,""inversion_channel"":16.5,""period_ms"":8.149981498718262}"
201395,1,4033.2999,4033.2999,False,1.0,"{""inversion_rho"":null,""inversion_channel"":1.5,""period_ms"":8.149981498718262}"
201395,1,4039.0,4039.0,False,1.0,"{""inversion_rho"":null,""inversion_channel"":17.0,""period_ms"":8.149981498718262}"
201395,1,4047.6999,4047.6999,False,0.75,"{""inversion_rho"":null,""inversion_channel"":14.5,""period_ms"":8.149981498718262}"
201395,1,4057.9,4057.9,False,1.0,"{""inversion_rho"":null,""inversion_channel"":44.5,""period_ms"":8.149981498718262}"
201395,1,4066.2999,4066.2999,False,1.0,"{""inversion_rho"":null,""inversion_channel"":4.5,""period_ms"":8.149981498718262}"
201395,1,4072.5999,4072.5999,False,0.875,"{""inversion_rho"":null,""inversion_channel"":37.5,""period_ms"":8.149981498718262}"
201395,1,4078.7001,4078.7001,False,1.0,"{""inversion_rho"":null,""inversion_channel"":4.5,""period_ms"":8.149981498718262}"
201395,1,4088.1,4088.1,False,1.0,"{""inversion_rho"":null,""inversion_channel"":2.5,""period_ms"":8.149981498718262}"
201395,1,4096.3001,4096.3001,False,1.0,"{""inversion_rho"":null,""inversion_channel"":2.5,""period_ms"":8.149981498718262}"
201395,1,4103.7998,4103.7998,False,1.0,"{""inversion_rho"":null,""inversion_channel"":37.5,""period_ms"":8.149981498718262}"
201395,1,4111.4998,4111.4998,False,1.0,"{""inversion_rho"":null,""inversion_channel"":2.5,""period_ms"":8.149981498718262}"
201395,1,4118.1002,4118.1002,False,0.875,"{""inversion_rho"":null,""inversion_channel"":14.5,""period_ms"":8.149981498718262}"
201395,1,4126.4,4126.4,False,0.875,"{""inversion_rho"":null,""inversion_channel"":14.5,""period_ms"":8.149981498718262}"
201395,1,4136.0998,4136.0998,False,1.0,"{""inversion_rho"":null,""inversion_channel"":14.5,""period_ms"":8.149981498718262}"
201395,1,4144.4998,4144.4998,False,1.0,"{""inversion_rho"":null,""inversion_channel"":1.5,""period_ms"":8.149981498718262}"
201395,1,4155.6001,4155.6001,False,0.625,"{""inversion_rho"":null,""inversion_channel"":15.5,""period_ms"":8.149981498718262}"
201395,1,4165.8001,4165.8001,False,1.0,"{""inversion_rho"":null,""inversion_channel"":1.5,""period_ms"":8.149981498718262}"
201395,1,4175.7002,4175.7002,False,1.0,"{""inversion_rho"":null,""inversion_channel"":24.5,""period_ms"":8.149981498718262}"
201395,1,4181.0002,4181.0002,False,0.75,"{""inversion_rho"":null,""inversion_channel"":14.5,""period_ms"":8.149981498718262}"
201395,1,4190.4998,4190.4998,False,1.0,"{""inversion_rho"":null,""inversion_channel"":25.5,""period_ms"":8.149981498718262}"
201395,1,4196.7001,4196.7001,False,0.75,"{""inversion_rho"":null,""inversion_channel"":16.5,""period_ms"":8.149981498718262}"
201395,1,4203.4998,4203.4998,False,1.0,"{""inversion_rho"":null,""inversion_channel"":15.5,""period_ms"":8.149981498718262}"
201395,1,4211.9002,4211.9002,False,1.0,"{""inversion_rho"":null,""inversion_channel"":16.5,""period_ms"":8.149981498718262}"
201395,1,4217.1998,4217.1998,False,1.0,"{""inversion_rho"":null,""inversion_channel"":24.5,""period_ms"":8.149981498718262}"
201395,1,4224.4,4224.4,False,1.0,"{""inversion_rho"":null,""inversion_channel"":11.5,""period_ms"":8.149981498718262}"
201395,1,4229.6,4229.6,False,0.75,"{""inversion_rho"":null,""inversion_channel"":16.5,""period_ms"":8.149981498718262}"
201395,1,4239.8,4239.8,False,0.875,"{""inversion_rho"":null,""inversion_channel"":16.5,""period_ms"":8.149981498718262}"
201395,1,4245.9002,4245.9002,False,1.0,"{""inversion_rho"":null,""inversion_channel"":2.5,""period_ms"":8.149981498718262}"
201395,1,4254.4999,4254.4999,False,0.625,"{""inversion_rho"":null,""inversion_channel"":1.5,""period_ms"":8.149981498718262}"
201395,1,4263.5999,4263.5999,False,1.0,"{""inversion_rho"":null,""inversion_channel"":1.5,""period_ms"":8.149981498718262}"
201395,1,4271.5001,4271.5001,False,1.0,"{""inversion_rho"":null,""inversion_channel"":16.5,""period_ms"":8.149981498718262}"
201395,1,4277.9999,4277.9999,False,1.0,"{""inversion_rho"":null,""inversion_channel"":9.5,""period_ms"":8.149981498718262}"
201395,1,4285.2998,4285.2998,False,1.0,"{""inversion_rho"":null,""inversion_channel"":11.0,""period_ms"":8.149981498718262}"
201395,1,4293.0002,4293.0002,False,0.625,"{""inversion_rho"":null,""inversion_channel"":16.5,""period_ms"":8.149981498718262}"
201395,1,4301.8999,4301.8999,False,1.0,"{""inversion_rho"":null,""inversion_channel"":16.5,""period_ms"":8.149981498718262}"
201395,1,4310.5001,4310.5001,False,1.0,"{""inversion_rho"":null,""inversion_channel"":24.5,""period_ms"":8.149981498718262}"
201395,1,4317.1,4317.1,False,1.0,"{""inversion_rho"":null,""inversion_channel"":14.5,""period_ms"":8.149981498718262}"
201395,1,4329.5999,4329.5999,False,1.0,"{""inversion_rho"":null,""inversion_channel"":25.5,""period_ms"":8.149981498718262}"
201395,1,4338.3999,4338.3999,False,1.0,"{""inversion_rho"":null,""inversion_channel"":24.5,""period_ms"":8.149981498718262}"
201395,1,4346.0002,4346.0002,False,1.0,"{""inversion_rho"":null,""inversion_channel"":25.5,""period_ms"":8.149981498718262}"
201395,1,4353.0998,4353.0998,False,1.0,"{""inversion_rho"":null,""inversion_channel"":12.0,""period_ms"":8.149981498718262}"
201395,1,4359.4999,4359.4999,False,1.0,"{""inversion_rho"":null,""inversion_channel"":16.5,""period_ms"":8.149981498718262}"
201395,1,4370.9998,4370.9998,False,0.5,"{""inversion_rho"":null,""inversion_channel"":14.5,""period_ms"":8.149981498718262}"
201395,1,4377.6999,4377.6999,False,1.0,"{""inversion_rho"":null,""inversion_channel"":1.5,""period_ms"":8.149981498718262}"
201395,1,4385.0999,4385.0999,False,1.0,"{""inversion_rho"":null,""inversion_channel"":14.5,""period_ms"":8.149981498718262}"
201395,1,4393.7998,4393.7998,False,1.0,"{""inversion_rho"":null,""inversion_channel"":13.5,""period_ms"":8.149981498718262}"
201395,1,4399.7002,4399.7002,False,1.0,"{""inversion_rho"":null,""inversion_channel"":1.5,""period_ms"":8.149981498718262}"
201395,1,4409.1001,4409.1001,False,0.25,"{""inversion_rho"":null,""inversion_channel"":5.5,""period_ms"":8.149981498718262}"
201395,1,4417.3999,4417.3999,False,1.0,"{""inversion_rho"":null,""inversion_channel"":16.5,""period_ms"":8.149981498718262}"
201395,1,4425.0002,4425.0002,False,1.0,"{""inversion_rho"":null,""inversion_channel"":16.5,""period_ms"":8.149981498718262}"
201395,1,4432.3001,4432.3001,False,1.0,"{""inversion_rho"":null,""inversion_channel"":16.5,""period_ms"":8.149981498718262}"
201395,1,4438.4999,4438.4999,False,1.0,"{""inversion_rho"":null,""inversion_channel"":1.5,""period_ms"":8.149981498718262}"
201395,1,4447.5999,4447.5999,False,1.0,"{""inversion_rho"":null,""inversion_channel"":18.5,""period_ms"":8.149981498718262}"
201395,1,4456.6998,4456.6998,False,1.0,"{""inversion_rho"":null,""inversion_channel"":14.5,""period_ms"":8.149981498718262}"
201395,1,4464.6001,4464.6001,False,1.0,"{""inversion_rho"":null,""inversion_channel"":38.0,""period_ms"":8.149981498718262}"
201395,1,4471.7999,4471.7999,False,1.0,"{""inversion_rho"":null,""inversion_channel"":38.5,""period_ms"":8.149981498718262}"
201395,1,4478.4999,4478.4999,False,1.0,"{""inversion_rho"":null,""inversion_channel"":2.5,""period_ms"":8.149981498718262}"
201395,1,4487.2999,4487.2999,False,1.0,"{""inversion_rho"":null,""inversion_channel"":16.5,""period_ms"":8.149981498718262}"
201395,1,4494.8001,4494.8001,False,1.0,"{""inversion_rho"":null,""inversion_channel"":16.5,""period_ms"":8.149981498718262}"
201395,1,4502.6999,4502.6999,False,1.0,"{""inversion_rho"":null,""inversion_channel"":16.5,""period_ms"":8.149981498718262}"
201395,1,4516.5,4516.5,False,1.0,"{""inversion_rho"":null,""inversion_channel"":16.5,""period_ms"":8.149981498718262}"
201395,1,4526.1998,4526.1998,False,0.25,"{""inversion_rho"":null,""inversion_channel"":23.5,""period_ms"":8.149981498718262}"
201395,1,4535.3999,4535.3999,False,1.0,"{""inversion_rho"":null,""inversion_channel"":2.0,""period_ms"":8.149981498718262}"
201395,1,4543.3002,4543.3002,False,1.0,"{""inversion_rho"":null,""inversion_channel"":2.5,""period_ms"":8.149981498718262}"
201395,1,4550.0002,4550.0002,False,1.0,"{""inversion_rho"":null,""inversion_channel"":17.5,""period_ms"":8.149981498718262}"
201395,1,4557.6,4557.6,False,0.375,"{""inversion_rho"":null,""inversion_channel"":6.0,""period_ms"":8.149981498718262}"
201395,1,4568.3999,4568.3999,False,0.375,"{""inversion_rho"":null,""inversion_channel"":6.5,""period_ms"":8.149981498718262}"
201395,1,4577.0998,4577.0998,False,1.0,"{""inversion_rho"":null,""inversion_channel"":13.5,""period_ms"":8.149981498718262}"
201395,1,4617.6,4617.6,False,0.25,"{""inversion_rho"":null,""inversion_channel"":13.5,""period_ms"":null}"
201395,1,4662.3001,4662.3001,False,0.25,"{""inversion_rho"":null,""inversion_channel"":14.5,""period_ms"":null}"
201395,1,1572.3,1648.2,True,1.0,"{""inversion_rho"":null,""inversion_channel"":15.5,""period_ms"":37.95003890991211}"
201395,1,1920.1,1955.8001,True,1.0,"{""inversion_rho"":null,""inversion_channel"":23.0,""period_ms"":11.799931526184082}"
201395,1,2026.7,2196.8,True,1.0,"{""inversion_rho"":null,""inversion_channel"":2.75,""period_ms"":9.999990463256836}"
201395,1,2216.0001,2262.1,True,1.0,"{""inversion_rho"":null,""inversion_channel"":1.5,""period_ms"":9.749889373779297}"
201395,1,2301.3,2395.7,True,1.0,"{""inversion_rho"":null,""inversion_channel"":1.5,""period_ms"":25.90012550354004}"
201395,1,2435.3001,2577.4,True,1.0,"{""inversion_rho"":null,""inversion_channel"":2.5,""period_ms"":37.400007247924805}"
201395,1,2585.7999,2651.4001,True,1.0,"{""inversion_rho"":null,""inversion_channel"":9.0,""period_ms"":16.950011253356934}"
201395,1,2659.4,2742.5001,True,1.0,"{""inversion_rho"":null,""inversion_channel"":2.25,""period_ms"":10.900020599365234}"
201395,1,3598.3,3628.0999,True,1.0,"{""inversion_rho"":null,""inversion_channel"":17.0,""period_ms"":5.500078201293945}"
201395,1,3642.2999,3762.3999,True,1.0,"{""inversion_rho"":null,""inversion_channel"":10.5,""period_ms"":8.20004940032959}"
201395,1,3783.9,4577.0998,True,1.0,"{""inversion_rho"":null,""inversion_channel"":14.5,""period_ms"":8.149981498718262}"
201447,1,2484.1001,2484.1001,False,1.0,"{""inversion_rho"":null,""inversion_channel"":24.5,""period_ms"":null}"
201488,1,41.5,41.5,False,0.25,"{""inversion_rho"":null,""inversion_channel"":7.5,""period_ms"":null}"
201488,1,50.2,50.2,False,0.75,"{""inversion_rho"":null,""inversion_channel"":7.0,""period_ms"":null}"
201488,1,163.2,163.2,False,0.25,"{""inversion_rho"":null,""inversion_channel"":23.0,""period_ms"":null}"
201488,1,1560.9,1560.9,False,0.75,"{""inversion_rho"":null,""inversion_channel"":25.5,""period_ms"":31.59993886947632}"
201488,1,1588.7001,1588.7001,False,0.875,"{""inversion_rho"":null,""inversion_channel"":24.5,""period_ms"":31.59993886947632}"
201488,1,1616.7001,1616.7001,False,0.875,"{""inversion_rho"":null,""inversion_channel"":24.5,""period_ms"":31.59993886947632}"
201488,1,1646.7,1646.7,False,1.0,"{""inversion_rho"":null,""inversion_channel"":25.0,""period_ms"":31.59993886947632}"
201488,1,1677.5,1677.5,False,1.0,"{""inversion_rho"":null,""inversion_channel"":24.5,""period_ms"":31.59993886947632}"
201488,1,1707.8,1707.8,False,1.0,"{""inversion_rho"":null,""inversion_channel"":23.5,""period_ms"":31.59993886947632}"
201488,1,1738.0,1738.0,False,1.0,"{""inversion_rho"":null,""inversion_channel"":24.0,""period_ms"":31.59993886947632}"
201488,1,1769.4,1769.4,False,1.0,"{""inversion_rho"":null,""inversion_channel"":23.5,""period_ms"":31.59993886947632}"
201488,1,1801.5,1801.5,False,1.0,"{""inversion_rho"":null,""inversion_channel"":24.5,""period_ms"":31.59993886947632}"
201488,1,1834.0,1834.0,False,1.0,"{""inversion_rho"":null,""inversion_channel"":24.0,""period_ms"":31.59993886947632}"
201488,1,1865.9,1865.9,False,1.0,"{""inversion_rho"":null,""inversion_channel"":23.5,""period_ms"":31.59993886947632}"
201488,1,1897.7,1897.7,False,1.0,"{""inversion_rho"":null,""inversion_channel"":23.5,""period_ms"":31.59993886947632}"
201488,1,1929.9999,1929.9999,False,1.0,"{""inversion_rho"":null,""inversion_channel"":34.0,""period_ms"":31.59993886947632}"
201488,1,1962.2,1962.2,False,1.0,"{""inversion_rho"":null,""inversion_channel"":23.0,""period_ms"":31.59993886947632}"
201488,1,1996.0999,1996.0999,False,1.0,"{""inversion_rho"":null,""inversion_channel"":23.5,""period_ms"":31.59993886947632}"
201488,1,2021.1999,2021.1999,False,1.0,"{""inversion_rho"":null,""inversion_channel"":28.0,""period_ms"":31.59993886947632}"
201488,1,2064.1999,2064.1999,False,1.0,"{""inversion_rho"":null,""inversion_channel"":27.5,""period_ms"":31.59993886947632}"
201488,1,2081.3,2081.3,False,1.0,"{""inversion_rho"":null,""inversion_channel"":16.5,""period_ms"":23.149967193603516}"
201488,1,2116.3001,2116.3001,False,0.875,"{""inversion_rho"":null,""inversion_channel"":33.5,""period_ms"":23.149967193603516}"
201488,1,2141.2001,2141.2001,False,1.0,"{""inversion_rho"":null,""inversion_channel"":34.0,""period_ms"":23.149967193603516}"
201488,1,2151.9001,2151.9001,False,1.0,"{""inversion_rho"":null,""inversion_channel"":29.0,""period_ms"":23.149967193603516}"
201488,1,2173.3,2173.3,False,0.625,"{""inversion_rho"":null,""inversion_channel"":28.5,""period_ms"":23.149967193603516}"
201488,1,2179.3001,2179.3001,False,1.0,"{""inversion_rho"":null,""inversion_channel"":3.5,""period_ms"":10.80012321472168}"
201488,1,2198.1001,2198.1001,False,0.625,"{""inversion_rho"":null,""inversion_channel"":33.5,""period_ms"":10.80012321472168}"
201488,1,2221.2,2221.2,False,0.75,"{""inversion_rho"":null,""inversion_channel"":34.0,""period_ms"":10.80012321472168}"
201488,1,2237.2,2237.2,False,1.0,"{""inversion_rho"":null,""inversion_channel"":31.5,""period_ms"":10.80012321472168}"
201488,1,2247.9,2247.9,False,0.625,"{""inversion_rho"":null,""inversion_channel"":34.0,""period_ms"":10.80012321472168}"
201488,1,2255.5001,2255.5001,False,1.0,"{""inversion_rho"":null,""inversion_channel"":3.5,""period_ms"":10.80012321472168}"
201488,1,2268.1999,2268.1999,False,0.375,"{""inversion_rho"":null,""inversion_channel"":32.0,""period_ms"":10.80012321472168}"
201488,1,2278.3999,2278.3999,False,1.0,"{""inversion_rho"":null,""inversion_channel"":3.5,""period_ms"":10.80012321472168}"
201488,1,2289.2001,2289.2001,False,0.25,"{""inversion_rho"":null,""inversion_channel"":34.0,""period_ms"":10.80012321472168}"
201488,1,2300.6001,2300.6001,False,1.0,"{""inversion_rho"":null,""inversion_channel"":3.5,""period_ms"":10.80012321472168}"
201488,1,2310.1001,2310.1001,False,0.5,"{""inversion_rho"":null,""inversion_channel"":28.0,""period_ms"":10.80012321472168}"
201488,1,2315.8,2315.8,False,1.0,"{""inversion_rho"":null,""inversion_channel"":31.5,""period_ms"":10.80012321472168}"
201488,1,2331.1999,2331.1999,False,0.375,"{""inversion_rho"":null,""inversion_channel"":34.0,""period_ms"":16.20006561279297}"
201488,1,2351.5,2351.5,False,0.25,"{""inversion_rho"":null,""inversion_channel"":3.5,""period_ms"":16.20006561279297}"
201488,1,2367.7001,2367.7001,False,0.25,"{""inversion_rho"":null,""inversion_channel"":12.0,""period_ms"":16.20006561279297}"
201488,1,2375.0,2375.0,False,1.0,"{""inversion_rho"":null,""inversion_channel"":3.5,""period_ms"":16.20006561279297}"
201488,1,2393.8,2393.8,False,1.0,"{""inversion_rho"":null,""inversion_channel"":19.5,""period_ms"":10.7499361038208}"
201488,1,2408.9,2408.9,False,0.25,"{""inversion_rho"":null,""inversion_channel"":7.0,""period_ms"":10.7499361038208}"
201488,1,2415.2999,2415.2999,False,0.375,"{""inversion_rho"":null,""inversion_channel"":33.0,""period_ms"":10.7499361038208}"
201488,1,2436.1999,2436.1999,False,0.5,"{""inversion_rho"":null,""inversion_channel"":35.0,""period_ms"":9.70005989074707}"
201488,1,2448.9999,2448.9999,False,1.0,"{""inversion_rho"":null,""inversion_channel"":21.5,""period_ms"":9.70005989074707}"
201488,1,2457.2001,2457.2001,False,0.5,"{""inversion_rho"":null,""inversion_channel"":27.5,""period_ms"":9.70005989074707}"
201488,1,2467.7,2467.7,False,1.0,"{""inversion_rho"":null,""inversion_channel"":19.0,""period_ms"":9.70005989074707}"
201488,1,2478.6,2478.6,False,0.25,"{""inversion_rho"":null,""inversion_channel"":17.5,""period_ms"":9.70005989074707}"
201488,1,2488.3001,2488.3001,False,0.25,"{""inversion_rho"":null,""inversion_channel"":19.5,""period_ms"":9.70005989074707}"
201488,1,2495.5001,2495.5001,False,0.875,"{""inversion_rho"":null,""inversion_channel"":3.0,""period_ms"":9.70005989074707}"
201488,1,2500.6001,2500.6001,False,0.25,"{""inversion_rho"":null,""inversion_channel"":5.0,""period_ms"":9.70005989074707}"
201488,1,2511.4,2511.4,False,0.25,"{""inversion_rho"":null,""inversion_channel"":17.5,""period_ms"":9.70005989074707}"
201488,1,2520.2999,2520.2999,False,0.375,"{""inversion_rho"":null,""inversion_channel"":20.0,""period_ms"":9.70005989074707}"
201488,1,2556.9999,2556.9999,False,0.375,"{""inversion_rho"":null,""inversion_channel"":16.5,""period_ms"":36.949992179870605}"
201488,1,2607.3,2607.3,False,0.375,"{""inversion_rho"":null,""inversion_channel"":37.0,""period_ms"":36.949992179870605}"
201488,1,2630.8999,2630.8999,False,0.375,"{""inversion_rho"":null,""inversion_channel"":37.5,""period_ms"":36.949992179870605}"
201488,1,2777.6,2777.6,False,0.25,"{""inversion_rho"":null,""inversion_channel"":11.5,""period_ms"":null}"
201488,1,2800.2999,2800.2999,False,1.0,"{""inversion_rho"":null,""inversion_channel"":38.0,""period_ms"":null}"
201488,1,2918.8001,2918.8001,False,1.0,"{""inversion_rho"":null,""inversion_channel"":5.5,""period_ms"":12.04991340637207}"
201488,1,2933.9001,2933.9001,False,1.0,"{""inversion_rho"":null,""inversion_channel"":33.5,""period_ms"":12.04991340637207}"
201488,1,2942.8999,2942.8999,False,0.75,"{""inversion_rho"":null,""inversion_channel"":36.5,""period_ms"":12.04991340637207}"
201488,1,3367.6,3367.6,False,1.0,"{""inversion_rho"":null,""inversion_channel"":6.5,""period_ms"":null}"
201488,1,3595.0,3595.0,False,1.0,"{""inversion_rho"":null,""inversion_channel"":13.5,""period_ms"":null}"
201488,1,3999.8,3999.8,False,1.0,"{""inversion_rho"":null,""inversion_channel"":2.5,""period_ms"":null}"
201488,1,4243.0,4243.0,False,0.25,"{""inversion_rho"":null,""inversion_channel"":36.5,""period_ms"":null}"
201488,1,4283.0,4283.0,False,1.0,"{""inversion_rho"":null,""inversion_channel"":3.5,""period_ms"":29.850006103515625}"
201488,1,4317.8,4317.8,False,1.0,"{""inversion_rho"":null,""inversion_channel"":2.5,""period_ms"":29.850006103515625}"
201488,1,4342.7,4342.7,False,0.375,"{""inversion_rho"":null,""inversion_channel"":2.5,""period_ms"":29.850006103515625}"
201488,1,4444.6001,4444.6001,False,1.0,"{""inversion_rho"":null,""inversion_channel"":37.0,""period_ms"":22.899627685546875}"
201488,1,4477.2,4477.2,False,0.375,"{""inversion_rho"":null,""inversion_channel"":2.5,""period_ms"":22.899627685546875}"
201488,1,4494.5002,4494.5002,False,1.0,"{""inversion_rho"":null,""inversion_channel"":2.5,""period_ms"":22.899627685546875}"
201488,1,4517.3998,4517.3998,False,1.0,"{""inversion_rho"":null,""inversion_channel"":3.5,""period_ms"":22.899627685546875}"
201488,1,4575.2001,4575.2001,False,0.25,"{""inversion_rho"":null,""inversion_channel"":2.5,""period_ms"":24.799823760986328}"
201488,1,4599.9999,4599.9999,False,0.75,"{""inversion_rho"":null,""inversion_channel"":4.5,""period_ms"":24.799823760986328}"
201488,1,4628.0999,4628.0999,False,0.375,"{""inversion_rho"":null,""inversion_channel"":36.5,""period_ms"":24.799823760986328}"
201488,1,4649.4002,4649.4002,False,0.625,"{""inversion_rho"":null,""inversion_channel"":2.5,""period_ms"":24.799823760986328}"
201488,1,4717.0,4717.0,False,0.5,"{""inversion_rho"":null,""inversion_channel"":2.5,""period_ms"":33.84995460510254}"
201488,1,4742.1999,4742.1999,False,0.5,"{""inversion_rho"":null,""inversion_channel"":2.5,""period_ms"":33.84995460510254}"
201488,1,4781.0998,4781.0998,False,0.5,"{""inversion_rho"":null,""inversion_channel"":2.5,""period_ms"":33.84995460510254}"
201488,1,4843.4,4843.4,False,1.0,"{""inversion_rho"":null,""inversion_channel"":37.0,""period_ms"":33.84995460510254}"
201488,1,4872.2,4872.2,False,0.875,"{""inversion_rho"":null,""inversion_channel"":3.5,""period_ms"":33.84995460510254}"
201488,1,4879.0998,4879.0998,False,1.0,"{""inversion_rho"":null,""inversion_channel"":2.5,""period_ms"":null}"
201488,1,4884.5,4884.5,False,0.5,"{""inversion_rho"":null,""inversion_channel"":36.5,""period_ms"":null}"
201488,1,4906.6,4906.6,False,0.375,"{""inversion_rho"":null,""inversion_channel"":5.0,""period_ms"":13.299942016601562}"
201488,1,4912.3001,4912.3001,False,0.625,"{""inversion_rho"":null,""inversion_channel"":2.5,""period_ms"":13.299942016601562}"
201488,1,4925.6001,4925.6001,False,0.25,"{""inversion_rho"":null,""inversion_channel"":2.5,""period_ms"":13.299942016601562}"
201488,1,4947.5999,4947.5999,False,0.375,"{""inversion_rho"":null,""inversion_channel"":36.5,""period_ms"":13.299942016601562}"
201488,1,5003.6998,5003.6998,False,1.0,"{""inversion_rho"":null,""inversion_channel"":4.5,""period_ms"":null}"
201488,1,5030.7002,5030.7002,False,0.5,"{""inversion_rho"":null,""inversion_channel"":21.0,""period_ms"":null}"
201488,1,5901.5002,5901.5002,False,1.0,"{""inversion_rho"":null,""inversion_channel"":20.5,""period_ms"":31.949996948242188}"
201488,1,5938.9,5938.9,False,1.0,"{""inversion_rho"":null,""inversion_channel"":20.5,""period_ms"":31.949996948242188}"
201488,1,5974.1998,5974.1998,False,1.0,"{""inversion_rho"":null,""inversion_channel"":20.5,""period_ms"":31.949996948242188}"
201488,1,6010.5,6010.5,False,1.0,"{""inversion_rho"":null,""inversion_channel"":20.5,""period_ms"":31.949996948242188}"
201488,1,6030.3998,6030.3998,False,1.0,"{""inversion_rho"":null,""inversion_channel"":20.5,""period_ms"":31.949996948242188}"
201488,1,6056.6001,6056.6001,False,1.0,"{""inversion_rho"":null,""inversion_channel"":20.5,""period_ms"":31.949996948242188}"
201488,1,6070.4999,6070.4999,False,1.0,"{""inversion_rho"":null,""inversion_channel"":20.5,""period_ms"":31.949996948242188}"
201488,1,6099.8001,6099.8001,False,1.0,"{""inversion_rho"":null,""inversion_channel"":21.0,""period_ms"":31.949996948242188}"
201488,1,6134.3999,6134.3999,False,1.0,"{""inversion_rho"":null,""inversion_channel"":19.5,""period_ms"":31.949996948242188}"
201488,1,1560.9,2064.1999,True,1.0,"{""inversion_rho"":null,""inversion_channel"":24.5,""period_ms"":31.59993886947632}"
201488,1,2081.3,2173.3,True,1.0,"{""inversion_rho"":null,""inversion_channel"":29.0,""period_ms"":23.149967193603516}"
201488,1,2179.3001,2315.8,True,1.0,"{""inversion_rho"":null,""inversion_channel"":31.5,""period_ms"":10.80012321472168}"
201488,1,2331.1999,2375.0,True,1.0,"{""inversion_rho"":null,""inversion_channel"":7.75,""period_ms"":16.20006561279297}"
201488,1,2393.8,2415.2999,True,1.0,"{""inversion_rho"":null,""inversion_channel"":19.5,""period_ms"":10.7499361038208}"
201488,1,2436.1999,2520.2999,True,1.0,"{""inversion_rho"":null,""inversion_channel"":19.25,""period_ms"":9.70005989074707}"
201488,1,2556.9999,2630.8999,True,1.0,"{""inversion_rho"":null,""inversion_channel"":37.0,""period_ms"":36.949992179870605}"
201488,1,2918.8001,2942.8999,True,1.0,"{""inversion_rho"":null,""inversion_channel"":33.5,""period_ms"":12.04991340637207}"
201488,1,4283.0,4342.7,True,1.0,"{""inversion_rho"":null,""inversion_channel"":2.5,""period_ms"":29.850006103515625}"
201488,1,4444.6001,4517.3998,True,1.0,"{""inversion_rho"":null,""inversion_channel"":3.0,""period_ms"":22.899627685546875}"
201488,1,4575.2001,4649.4002,True,1.0,"{""inversion_rho"":null,""inversion_channel"":3.5,""period_ms"":24.799823760986328}"
201488,1,4717.0,4872.2,True,1.0,"{""inversion_rho"":null,""inversion_channel"":2.5,""period_ms"":33.84995460510254}"
201488,1,4906.6,4947.5999,True,1.0,"{""inversion_rho"":null,""inversion_channel"":3.75,""period_ms"":13.299942016601562}"
201488,1,5901.5002,6134.3999,True,1.0,"{""inversion_rho"":null,""inversion_channel"":20.5,""period_ms"":31.949996948242188}"
201494,1,2200.0,2200.0,False,0.875,"{""inversion_rho"":null,""inversion_channel"":34.0,""period_ms"":null}"
201707,1,47.6,47.6,False,1.0,"{""inversion_rho"":null,""inversion_channel"":8.5,""period_ms"":10.049998760223389}"
201707,1,58.2,58.2,False,1.0,"{""inversion_rho"":null,""inversion_channel"":23.5,""period_ms"":10.049998760223389}"
201707,1,73.3,73.3,False,0.625,"{""inversion_rho"":null,""inversion_channel"":31.5,""period_ms"":10.049998760223389}"
201707,1,80.1,80.1,False,1.0,"{""inversion_rho"":null,""inversion_channel"":22.5,""period_ms"":10.049998760223389}"
201707,1,89.6,89.6,False,1.0,"{""inversion_rho"":null,""inversion_channel"":23.5,""period_ms"":10.049998760223389}"
201707,1,1159.6,1159.6,False,1.0,"{""inversion_rho"":null,""inversion_channel"":26.5,""period_ms"":10.249972343444824}"
201707,1,1191.2,1191.2,False,1.0,"{""inversion_rho"":null,""inversion_channel"":24.5,""period_ms"":10.249972343444824}"
201707,1,1207.7,1207.7,False,1.0,"{""inversion_rho"":null,""inversion_channel"":26.0,""period_ms"":10.249972343444824}"
201707,1,1223.9,1223.9,False,1.0,"{""inversion_rho"":null,""inversion_channel"":40.5,""period_ms"":10.249972343444824}"
201707,1,1234.8,1234.8,False,1.0,"{""inversion_rho"":null,""inversion_channel"":25.5,""period_ms"":10.249972343444824}"
201707,1,1242.1,1242.1,False,1.0,"{""inversion_rho"":null,""inversion_channel"":24.5,""period_ms"":10.249972343444824}"
201707,1,1253.1,1253.1,False,1.0,"{""inversion_rho"":null,""inversion_channel"":26.0,""period_ms"":10.249972343444824}"
201707,1,1262.0,1262.0,False,1.0,"{""inversion_rho"":null,""inversion_channel"":26.5,""period_ms"":10.249972343444824}"
201707,1,1279.0,1279.0,False,1.0,"{""inversion_rho"":null,""inversion_channel"":23.0,""period_ms"":10.249972343444824}"
201707,1,1286.8,1286.8,False,1.0,"{""inversion_rho"":null,""inversion_channel"":40.5,""period_ms"":10.249972343444824}"
201707,1,1293.1,1293.1,False,1.0,"{""inversion_rho"":null,""inversion_channel"":24.5,""period_ms"":10.249972343444824}"
201707,1,1298.9,1298.9,False,1.0,"{""inversion_rho"":null,""inversion_channel"":12.5,""period_ms"":10.249972343444824}"
201707,1,1310.8,1310.8,False,1.0,"{""inversion_rho"":null,""inversion_channel"":24.5,""period_ms"":10.249972343444824}"
201707,1,1317.1999,1317.1999,False,0.875,"{""inversion_rho"":null,""inversion_channel"":25.0,""period_ms"":10.249972343444824}"
201707,1,1332.9,1332.9,False,1.0,"{""inversion_rho"":null,""inversion_channel"":10.5,""period_ms"":10.249972343444824}"
201707,1,1341.3,1341.3,False,1.0,"{""inversion_rho"":null,""inversion_channel"":29.0,""period_ms"":10.249972343444824}"
201707,1,1349.2,1349.2,False,1.0,"{""inversion_rho"":null,""inversion_channel"":26.5,""period_ms"":10.249972343444824}"
201707,1,1362.2,1362.2,False,1.0,"{""inversion_rho"":null,""inversion_channel"":25.0,""period_ms"":10.249972343444824}"
201707,1,1368.1,1368.1,False,0.625,"{""inversion_rho"":null,""inversion_channel"":24.0,""period_ms"":10.249972343444824}"
201707,1,1377.7,1377.7,False,1.0,"{""inversion_rho"":null,""inversion_channel"":26.0,""period_ms"":10.249972343444824}"
201707,1,1399.7,1399.7,False,1.0,"{""inversion_rho"":null,""inversion_channel"":25.5,""period_ms"":10.249972343444824}"
201707,1,1405.1,1405.1,False,0.5,"{""inversion_rho"":null,""inversion_channel"":24.0,""period_ms"":9.100019931793213}"
201707,1,1416.6,1416.6,False,0.75,"{""inversion_rho"":null,""inversion_channel"":25.0,""period_ms"":9.100019931793213}"
201707,1,1423.3,1423.3,False,0.625,"{""inversion_rho"":null,""inversion_channel"":25.0,""period_ms"":9.100019931793213}"
201707,1,1455.3,1455.3,False,0.875,"{""inversion_rho"":null,""inversion_channel"":24.0,""period_ms"":11.500000953674316}"
201707,1,1484.0,1484.0,False,1.0,"{""inversion_rho"":null,""inversion_channel"":28.5,""period_ms"":11.500000953674316}"
201707,1,1495.5,1495.5,False,1.0,"{""inversion_rho"":null,""inversion_channel"":25.0,""period_ms"":11.500000953674316}"
201707,1,1515.4999,1515.4999,False,0.875,"{""inversion_rho"":null,""inversion_channel"":24.0,""period_ms"":11.500000953674316}"
201707,1,1524.7,1524.7,False,1.0,"{""inversion_rho"":null,""inversion_channel"":27.5,""period_ms"":11.500000953674316}"
201707,1,1533.0,1533.0,False,0.625,"{""inversion_rho"":null,""inversion_channel"":25.5,""period_ms"":11.500000953674316}"
201707,1,1565.8,1565.8,False,1.0,"{""inversion_rho"":null,""inversion_channel"":25.5,""period_ms"":10.100007057189941}"
201707,1,1575.2,1575.2,False,1.0,"{""inversion_rho"":null,""inversion_channel"":6.0,""period_ms"":10.100007057189941}"
201707,1,1581.2,1581.2,False,0.625,"{""inversion_rho"":null,""inversion_channel"":30.0,""period_ms"":10.100007057189941}"
201707,1,1588.3,1588.3,False,1.0,"{""inversion_rho"":null,""inversion_channel"":6.5,""period_ms"":10.100007057189941}"
201707,1,1602.1,1602.1,False,0.5,"{""inversion_rho"":null,""inversion_channel"":25.0,""period_ms"":10.100007057189941}"
201707,1,1612.9,1612.9,False,1.0,"{""inversion_rho"":null,""inversion_channel"":27.0,""period_ms"":10.100007057189941}"
201707,1,1626.7999,1626.7999,False,1.0,"{""inversion_rho"":null,""inversion_channel"":26.0,""period_ms"":10.100007057189941}"
201707,1,1638.2999,1638.2999,False,1.0,"{""inversion_rho"":null,""inversion_channel"":25.5,""period_ms"":10.100007057189941}"
201707,1,1646.6,1646.6,False,1.0,"{""inversion_rho"":null,""inversion_channel"":29.0,""period_ms"":10.100007057189941}"
201707,1,1676.8,1676.8,False,1.0,"{""inversion_rho"":null,""inversion_channel"":24.5,""period_ms"":null}"
201707,1,1682.1001,1682.1001,False,0.625,"{""inversion_rho"":null,""inversion_channel"":28.5,""period_ms"":null}"
201707,1,1705.8001,1705.8001,False,0.875,"{""inversion_rho"":null,""inversion_channel"":27.5,""period_ms"":12.000083923339844}"
201707,1,1732.8,1732.8,False,1.0,"{""inversion_rho"":null,""inversion_channel"":16.5,""period_ms"":12.000083923339844}"
201707,1,1744.7,1744.7,False,1.0,"{""inversion_rho"":null,""inversion_channel"":29.0,""period_ms"":12.000083923339844}"
201707,1,1756.7,1756.7,False,1.0,"{""inversion_rho"":null,""inversion_channel"":27.0,""period_ms"":12.000083923339844}"
201707,1,1775.3,1775.3,False,1.0,"{""inversion_rho"":null,""inversion_channel"":28.5,""period_ms"":12.000083923339844}"
201707,1,1784.4,1784.4,False,1.0,"{""inversion_rho"":null,""inversion_channel"":25.0,""period_ms"":12.000083923339844}"
201707,1,1799.2001,1799.2001,False,1.0,"{""inversion_rho"":null,""inversion_channel"":28.0,""period_ms"":12.000083923339844}"
201707,1,1809.7,1809.7,False,1.0,"{""inversion_rho"":null,""inversion_channel"":28.5,""period_ms"":12.000083923339844}"
201707,1,1835.4,1835.4,False,1.0,"{""inversion_rho"":null,""inversion_channel"":27.5,""period_ms"":12.000083923339844}"
201707,1,1853.0999,1853.0999,False,0.875,"{""inversion_rho"":null,""inversion_channel"":30.0,""period_ms"":12.000083923339844}"
201707,1,1861.5,1861.5,False,1.0,"{""inversion_rho"":null,""inversion_channel"":28.5,""period_ms"":12.000083923339844}"
201707,1,1871.3,1871.3,False,1.0,"{""inversion_rho"":null,""inversion_channel"":15.5,""period_ms"":12.000083923339844}"
201707,1,1934.2,1934.2,False,1.0,"{""inversion_rho"":null,""inversion_channel"":6.0,""period_ms"":13.99993896484375}"
201707,1,1948.2,1948.2,False,1.0,"{""inversion_rho"":null,""inversion_channel"":29.0,""period_ms"":13.99993896484375}"
201707,1,1963.4,1963.4,False,1.0,"{""inversion_rho"":null,""inversion_channel"":26.0,""period_ms"":13.99993896484375}"
201707,1,1983.9,1983.9,False,1.0,"{""inversion_rho"":null,""inversion_channel"":25.0,""period_ms"":13.99993896484375}"
201707,1,1992.2,1992.2,False,1.0,"{""inversion_rho"":null,""inversion_channel"":28.5,""period_ms"":13.99993896484375}"
201707,1,2001.4999,2001.4999,False,1.0,"{""inversion_rho"":null,""inversion_channel"":28.5,""period_ms"":13.99993896484375}"
201707,1,2034.4,2034.4,False,0.25,"{""inversion_rho"":null,""inversion_channel"":12.5,""period_ms"":71.40016555786133}"
201707,1,2146.6,2146.6,False,1.0,"{""inversion_rho"":null,""inversion_channel"":28.5,""period_ms"":71.40016555786133}"
201707,1,2207.2999,2207.2999,False,1.0,"{""inversion_rho"":null,""inversion_channel"":13.5,""period_ms"":71.40016555786133}"
201707,1,2278.7001,2278.7001,False,1.0,"{""inversion_rho"":null,""inversion_channel"":16.5,""period_ms"":71.40016555786133}"
201707,1,2299.2001,2299.2001,False,1.0,"{""inversion_rho"":null,""inversion_channel"":27.5,""period_ms"":8.699893951416016}"
201707,1,2308.3,2308.3,False,1.0,"{""inversion_rho"":null,""inversion_channel"":29.0,""period_ms"":8.699893951416016}"
201707,1,2316.8001,2316.8001,False,1.0,"{""inversion_rho"":null,""inversion_channel"":28.5,""period_ms"":8.699893951416016}"
201707,1,2325.5,2325.5,False,1.0,"{""inversion_rho"":null,""inversion_channel"":28.0,""period_ms"":8.699893951416016}"
201707,1,2446.5001,2446.5001,False,1.0,"{""inversion_rho"":null,""inversion_channel"":16.5,""period_ms"":null}"
201707,1,2459.1999,2459.1999,False,1.0,"{""inversion_rho"":null,""inversion_channel"":28.0,""period_ms"":null}"
201707,1,2530.4999,2530.4999,False,1.0,"{""inversion_rho"":null,""inversion_channel"":6.5,""period_ms"":13.80014419555664}"
201707,1,2541.8,2541.8,False,1.0,"{""inversion_rho"":null,""inversion_channel"":28.0,""period_ms"":13.80014419555664}"
201707,1,2550.2999,2550.2999,False,1.0,"{""inversion_rho"":null,""inversion_channel"":8.0,""period_ms"":13.80014419555664}"
201707,1,2566.6001,2566.6001,False,1.0,"{""inversion_rho"":null,""inversion_channel"":5.5,""period_ms"":13.80014419555664}"
201707,1,2585.7,2585.7,False,1.0,"{""inversion_rho"":null,""inversion_channel"":6.5,""period_ms"":13.80014419555664}"
201707,1,2759.8,2759.8,False,1.0,"{""inversion_rho"":null,""inversion_channel"":13.5,""period_ms"":70.50001621246338}"
201707,1,2836.9,2836.9,False,1.0,"{""inversion_rho"":null,""inversion_channel"":28.5,""period_ms"":70.50001621246338}"
201707,1,2900.8,2900.8,False,0.25,"{""inversion_rho"":null,""inversion_channel"":37.5,""period_ms"":70.50001621246338}"
201707,1,2918.9999,2918.9999,False,1.0,"{""inversion_rho"":null,""inversion_channel"":7.5,""period_ms"":36.70001029968262}"
201707,1,2971.2,2971.2,False,1.0,"{""inversion_rho"":null,""inversion_channel"":6.0,""period_ms"":36.70001029968262}"
201707,1,3007.9,3007.9,False,1.0,"{""inversion_rho"":null,""inversion_channel"":16.5,""period_ms"":36.70001029968262}"
201707,1,3035.5999,3035.5999,False,0.375,"{""inversion_rho"":null,""inversion_channel"":14.0,""period_ms"":36.70001029968262}"
201707,1,3128.3,3128.3,False,0.625,"{""inversion_rho"":null,""inversion_channel"":15.5,""period_ms"":35.449981689453125}"
201707,1,3164.0999,3164.0999,False,1.0,"{""inversion_rho"":null,""inversion_channel"":7.0,""period_ms"":35.449981689453125}"
201707,1,3199.1999,3199.1999,False,1.0,"{""inversion_rho"":null,""inversion_channel"":16.5,""period_ms"":35.449981689453125}"
201707,1,3210.2001,3210.2001,False,1.0,"{""inversion_rho"":null,""inversion_channel"":28.0,""period_ms"":7.799983024597168}"
201707,1,3218.1001,3218.1001,False,1.0,"{""inversion_rho"":null,""inversion_channel"":7.0,""period_ms"":7.799983024597168}"
201707,1,3225.8,3225.8,False,1.0,"{""inversion_rho"":null,""inversion_channel"":6.5,""period_ms"":7.799983024597168}"
201707,1,3253.5,3253.5,False,1.0,"{""inversion_rho"":null,""inversion_channel"":7.0,""period_ms"":74.65004920959473}"
201707,1,3299.4001,3299.4001,False,1.0,"{""inversion_rho"":null,""inversion_channel"":8.0,""period_ms"":74.65004920959473}"
201707,1,3402.8001,3402.8001,False,1.0,"{""inversion_rho"":null,""inversion_channel"":16.5,""period_ms"":74.65004920959473}"
201707,1,3431.7,3431.7,False,1.0,"{""inversion_rho"":null,""inversion_channel"":28.0,""period_ms"":42.29998588562012}"
201707,1,3478.6,3478.6,False,1.0,"{""inversion_rho"":null,""inversion_channel"":7.0,""period_ms"":42.29998588562012}"
201707,1,3516.3,3516.3,False,1.0,"{""inversion_rho"":null,""inversion_channel"":9.5,""period_ms"":42.29998588562012}"
201707,1,3548.1999,3548.1999,False,1.0,"{""inversion_rho"":null,""inversion_channel"":7.0,""period_ms"":42.29998588562012}"
201707,1,3623.6999,3623.6999,False,1.0,"{""inversion_rho"":null,""inversion_channel"":8.5,""period_ms"":42.29998588562012}"
201707,1,3646.5001,3646.5001,False,1.0,"{""inversion_rho"":null,""inversion_channel"":9.0,""period_ms"":54.0999174118042}"
201707,1,3685.1001,3685.1001,False,1.0,"{""inversion_rho"":null,""inversion_channel"":16.5,""period_ms"":54.0999174118042}"
201707,1,3754.6999,3754.6999,False,1.0,"{""inversion_rho"":null,""inversion_channel"":8.5,""period_ms"":54.0999174118042}"
201707,1,3973.2001,3973.2001,False,1.0,"{""inversion_rho"":null,""inversion_channel"":16.5,""period_ms"":null}"
201707,1,3981.6999,3981.6999,False,1.0,"{""inversion_rho"":null,""inversion_channel"":16.5,""period_ms"":null}"
201707,1,4013.8001,4013.8001,False,1.0,"{""inversion_rho"":null,""inversion_channel"":7.5,""period_ms"":43.199777603149414}"
201707,1,4058.3,4058.3,False,1.0,"{""inversion_rho"":null,""inversion_channel"":8.5,""period_ms"":43.199777603149414}"
201707,1,4079.1001,4079.1001,False,1.0,"{""inversion_rho"":null,""inversion_channel"":13.5,""period_ms"":43.199777603149414}"
201707,1,4120.9998,4120.9998,False,1.0,"{""inversion_rho"":null,""inversion_channel"":7.0,""period_ms"":43.199777603149414}"
201707,1,4198.9999,4198.9999,False,1.0,"{""inversion_rho"":null,""inversion_channel"":16.5,""period_ms"":43.199777603149414}"
201707,1,4209.4002,4209.4002,False,1.0,"{""inversion_rho"":null,""inversion_channel"":6.5,""period_ms"":null}"
201707,1,4223.7,4223.7,False,1.0,"{""inversion_rho"":null,""inversion_channel"":8.0,""period_ms"":null}"
201707,1,4267.2,4267.2,False,1.0,"{""inversion_rho"":null,""inversion_channel"":16.5,""period_ms"":37.89997100830078}"
201707,1,4305.1,4305.1,False,0.375,"{""inversion_rho"":null,""inversion_channel"":14.5,""period_ms"":37.89997100830078}"
201707,1,4343.9999,4343.9999,False,1.0,"{""inversion_rho"":null,""inversion_channel"":16.5,""period_ms"":37.89997100830078}"
201707,1,4383.8,4383.8,False,1.0,"{""inversion_rho"":null,""inversion_channel"":16.5,""period_ms"":37.89997100830078}"
201707,1,4401.7,4401.7,False,1.0,"{""inversion_rho"":null,""inversion_channel"":16.5,""period_ms"":37.89997100830078}"
201707,1,4410.8,4410.8,False,1.0,"{""inversion_rho"":null,""inversion_channel"":16.5,""period_ms"":37.89997100830078}"
201707,1,4433.8999,4433.8999,False,1.0,"{""inversion_rho"":null,""inversion_channel"":13.5,""period_ms"":null}"
201707,1,4449.9002,4449.9002,False,1.0,"{""inversion_rho"":null,""inversion_channel"":16.5,""period_ms"":null}"
201707,1,4509.3002,4509.3002,False,1.0,"{""inversion_rho"":null,""inversion_channel"":9.5,""period_ms"":70.19996643066406}"
201707,1,4560.8001,4560.8001,False,1.0,"{""inversion_rho"":null,""inversion_channel"":13.5,""period_ms"":70.19996643066406}"
201707,1,4649.7002,4649.7002,False,1.0,"{""inversion_rho"":null,""inversion_channel"":16.5,""period_ms"":70.19996643066406}"
201707,1,4665.4,4665.4,False,1.0,"{""inversion_rho"":null,""inversion_channel"":7.0,""period_ms"":21.34990692138672}"
201707,1,4681.7999,4681.7999,False,1.0,"{""inversion_rho"":null,""inversion_channel"":16.5,""period_ms"":21.34990692138672}"
201707,1,4696.3,4696.3,False,1.0,"{""inversion_rho"":null,""inversion_channel"":16.5,""period_ms"":21.34990692138672}"
201707,1,4722.6,4722.6,False,1.0,"{""inversion_rho"":null,""inversion_channel"":6.5,""period_ms"":21.34990692138672}"
201707,1,4781.4999,4781.4999,False,1.0,"{""inversion_rho"":null,""inversion_channel"":8.0,""period_ms"":21.34990692138672}"
201707,1,4799.0999,4799.0999,False,1.0,"{""inversion_rho"":null,""inversion_channel"":13.5,""period_ms"":62.799930572509766}"
201707,1,4845.0999,4845.0999,False,1.0,"{""inversion_rho"":null,""inversion_channel"":8.0,""period_ms"":62.799930572509766}"
201707,1,4920.4001,4920.4001,False,1.0,"{""inversion_rho"":null,""inversion_channel"":16.5,""period_ms"":62.799930572509766}"
201707,1,4983.2001,4983.2001,False,1.0,"{""inversion_rho"":null,""inversion_channel"":13.5,""period_ms"":62.799930572509766}"
201707,1,5005.4998,5005.4998,False,1.0,"{""inversion_rho"":null,""inversion_channel"":16.5,""period_ms"":null}"
201707,1,5014.1001,5014.1001,False,1.0,"{""inversion_rho"":null,""inversion_channel"":16.5,""period_ms"":null}"
201707,1,5094.2998,5094.2998,False,1.0,"{""inversion_rho"":null,""inversion_channel"":8.0,""period_ms"":null}"
201707,1,5152.2002,5152.2002,False,1.0,"{""inversion_rho"":null,""inversion_channel"":16.5,""period_ms"":null}"
201707,1,5314.8999,5314.8999,False,1.0,"{""inversion_rho"":null,""inversion_channel"":16.5,""period_ms"":null}"
201707,1,5328.1002,5328.1002,False,1.0,"{""inversion_rho"":null,""inversion_channel"":16.5,""period_ms"":null}"
201707,1,5401.8002,5401.8002,False,1.0,"{""inversion_rho"":null,""inversion_channel"":16.5,""period_ms"":null}"
201707,1,5435.2999,5435.2999,False,1.0,"{""inversion_rho"":null,""inversion_channel"":13.5,""period_ms"":null}"
201707,1,5559.5999,5559.5999,False,1.0,"{""inversion_rho"":null,""inversion_channel"":16.5,""period_ms"":39.00003433227539}"
201707,1,5597.8999,5597.8999,False,1.0,"{""inversion_rho"":null,""inversion_channel"":13.5,""period_ms"":39.00003433227539}"
201707,1,5637.5999,5637.5999,False,1.0,"{""inversion_rho"":null,""inversion_channel"":13.5,""period_ms"":39.00003433227539}"
201707,1,5674.9001,5674.9001,False,1.0,"{""inversion_rho"":null,""inversion_channel"":13.5,""period_ms"":39.00003433227539}"
201707,1,5714.6001,5714.6001,False,1.0,"{""inversion_rho"":null,""inversion_channel"":13.5,""period_ms"":39.00003433227539}"
201707,1,5729.8999,5729.8999,False,1.0,"{""inversion_rho"":null,""inversion_channel"":16.5,""period_ms"":17.89999008178711}"
201707,1,5754.3001,5754.3001,False,1.0,"{""inversion_rho"":null,""inversion_channel"":14.0,""period_ms"":17.89999008178711}"
201707,1,5765.6999,5765.6999,False,1.0,"{""inversion_rho"":null,""inversion_channel"":17.0,""period_ms"":17.89999008178711}"
201707,1,5801.4998,5801.4998,False,1.0,"{""inversion_rho"":null,""inversion_channel"":14.0,""period_ms"":null}"
201707,1,5844.6002,5844.6002,False,1.0,"{""inversion_rho"":null,""inversion_channel"":16.5,""period_ms"":null}"
201707,1,5854.7001,5854.7001,False,1.0,"{""inversion_rho"":null,""inversion_channel"":13.5,""period_ms"":null}"
201707,1,47.6,89.6,True,1.0,"{""inversion_rho"":null,""inversion_channel"":23.5,""period_ms"":10.049998760223389}"
201707,1,1159.6,1399.7,True,1.0,"{""inversion_rho"":null,""inversion_channel"":25.5,""period_ms"":10.249972343444824}"
201707,1,1405.1,1423.3,True,1.0,"{""inversion_rho"":null,""inversion_channel"":25.0,""period_ms"":9.100019931793213}"
201707,1,1455.3,1533.0,True,1.0,"{""inversion_rho"":null,""inversion_channel"":25.25,""period_ms"":11.500000953674316}"
201707,1,1565.8,1646.6,True,1.0,"{""inversion_rho"":null,""inversion_channel"":25.5,""period_ms"":10.100007057189941}"
201707,1,1705.8001,1871.3,True,1.0,"{""inversion_rho"":null,""inversion_channel"":27.75,""period_ms"":12.000083923339844}"
201707,1,1934.2,2001.4999,True,1.0,"{""inversion_rho"":null,""inversion_channel"":27.25,""period_ms"":13.99993896484375}"
201707,1,2034.4,2278.7001,True,1.0,"{""inversion_rho"":null,""inversion_channel"":15.0,""period_ms"":71.40016555786133}"
201707,1,2299.2001,2325.5,True,1.0,"{""inversion_rho"":null,""inversion_channel"":28.25,""period_ms"":8.699893951416016}"
201707,1,2530.4999,2585.7,True,1.0,"{""inversion_rho"":null,""inversion_channel"":6.5,""period_ms"":13.80014419555664}"
201707,1,2759.8,2900.8,True,1.0,"{""inversion_rho"":null,""inversion_channel"":28.5,""period_ms"":70.50001621246338}"
201707,1,2918.9999,3035.5999,True,1.0,"{""inversion_rho"":null,""inversion_channel"":10.75,""period_ms"":36.70001029968262}"
201707,1,3128.3,3199.1999,True,1.0,"{""inversion_rho"":null,""inversion_channel"":15.5,""period_ms"":35.449981689453125}"
201707,1,3210.2001,3225.8,True,1.0,"{""inversion_rho"":null,""inversion_channel"":7.0,""period_ms"":7.799983024597168}"
201707,1,3253.5,3402.8001,True,1.0,"{""inversion_rho"":null,""inversion_channel"":8.0,""period_ms"":74.65004920959473}"
201707,1,3431.7,3623.6999,True,1.0,"{""inversion_rho"":null,""inversion_channel"":8.5,""period_ms"":42.29998588562012}"
201707,1,3646.5001,3754.6999,True,1.0,"{""inversion_rho"":null,""inversion_channel"":9.0,""period_ms"":54.0999174118042}"
201707,1,4013.8001,4198.9999,True,1.0,"{""inversion_rho"":null,""inversion_channel"":8.5,""period_ms"":43.199777603149414}"
201707,1,4267.2,4410.8,True,1.0,"{""inversion_rho"":null,""inversion_channel"":16.5,""period_ms"":37.89997100830078}"
201707,1,4509.3002,4649.7002,True,1.0,"{""inversion_rho"":null,""inversion_channel"":13.5,""period_ms"":70.19996643066406}"
201707,1,4665.4,4781.4999,True,1.0,"{""inversion_rho"":null,""inversion_channel"":8.0,""period_ms"":21.34990692138672}"
201707,1,4799.0999,4983.2001,True,1.0,"{""inversion_rho"":null,""inversion_channel"":13.5,""period_ms"":62.799930572509766}"
201707,1,5559.5999,5714.6001,True,1.0,"{""inversion_rho"":null,""inversion_channel"":13.5,""period_ms"":39.00003433227539}"
201707,1,5729.8999,5765.6999,True,1.0,"{""inversion_rho"":null,""inversion_channel"":16.5,""period_ms"":17.89999008178711}"
201713,1,40.2,40.2,False,0.25,"{""inversion_rho"":null,""inversion_channel"":22.0,""period_ms"":6.350001320242882}"
201713,1,46.3,46.3,False,1.0,"{""inversion_rho"":null,""inversion_channel"":27.5,""period_ms"":6.350001320242882}"
201713,1,53.9,53.9,False,0.625,"{""inversion_rho"":null,""inversion_channel"":16.5,""period_ms"":6.350001320242882}"
201713,1,59.7,59.7,False,1.0,"{""inversion_rho"":null,""inversion_channel"":27.5,""period_ms"":6.350001320242882}"
201713,1,65.2,65.2,False,0.375,"{""inversion_rho"":null,""inversion_channel"":21.5,""period_ms"":6.350001320242882}"
201713,1,71.8,71.8,False,0.375,"{""inversion_rho"":null,""inversion_channel"":18.0,""period_ms"":6.350001320242882}"
201713,1,81.9,81.9,False,1.0,"{""inversion_rho"":null,""inversion_channel"":22.5,""period_ms"":6.350001320242882}"
201713,1,1108.5,1108.5,False,1.0,"{""inversion_rho"":null,""inversion_channel"":31.0,""period_ms"":16.99995994567871}"
201713,1,1129.3,1129.3,False,1.0,"{""inversion_rho"":null,""inversion_channel"":28.0,""period_ms"":16.99995994567871}"
201713,1,1141.3,1141.3,False,1.0,"{""inversion_rho"":null,""inversion_channel"":26.0,""period_ms"":16.99995994567871}"
201713,1,1152.2,1152.2,False,1.0,"{""inversion_rho"":null,""inversion_channel"":27.0,""period_ms"":16.99995994567871}"
201713,1,1169.1999,1169.1999,False,1.0,"{""inversion_rho"":null,""inversion_channel"":26.5,""period_ms"":16.99995994567871}"
201713,1,1200.2,1200.2,False,1.0,"{""inversion_rho"":null,""inversion_channel"":26.5,""period_ms"":16.99995994567871}"
201713,1,1209.3,1209.3,False,1.0,"{""inversion_rho"":null,""inversion_channel"":27.0,""period_ms"":null}"
201713,1,1217.6,1217.6,False,1.0,"{""inversion_rho"":null,""inversion_channel"":10.5,""period_ms"":null}"
201713,1,1244.8,1244.8,False,1.0,"{""inversion_rho"":null,""inversion_channel"":29.0,""period_ms"":12.000083923339844}"
201713,1,1257.5001,1257.5001,False,1.0,"{""inversion_rho"":null,""inversion_channel"":26.0,""period_ms"":12.000083923339844}"
201713,1,1281.2999,1281.2999,False,1.0,"{""inversion_rho"":null,""inversion_channel"":25.5,""period_ms"":12.000083923339844}"
201713,1,1292.6,1292.6,False,1.0,"{""inversion_rho"":null,""inversion_channel"":12.0,""period_ms"":12.000083923339844}"
201713,1,1300.2,1300.2,False,1.0,"{""inversion_rho"":null,""inversion_channel"":24.0,""period_ms"":12.000083923339844}"
201713,1,1318.5,1318.5,False,1.0,"{""inversion_rho"":null,""inversion_channel"":27.0,""period_ms"":12.000083923339844}"
201713,1,1331.7,1331.7,False,1.0,"{""inversion_rho"":null,""inversion_channel"":12.5,""period_ms"":12.000083923339844}"
201713,1,1339.2,1339.2,False,1.0,"{""inversion_rho"":null,""inversion_channel"":29.0,""period_ms"":12.000083923339844}"
201713,1,1346.4,1346.4,False,1.0,"{""inversion_rho"":null,""inversion_channel"":29.0,""period_ms"":12.000083923339844}"
201713,1,1381.5,1381.5,False,1.0,"{""inversion_rho"":null,""inversion_channel"":30.5,""period_ms"":11.449992656707764}"
201713,1,1392.9,1392.9,False,1.0,"{""inversion_rho"":null,""inversion_channel"":13.0,""period_ms"":11.449992656707764}"
201713,1,1414.6,1414.6,False,1.0,"{""inversion_rho"":null,""inversion_channel"":29.0,""period_ms"":11.449992656707764}"
201713,1,1426.0,1426.0,False,1.0,"{""inversion_rho"":null,""inversion_channel"":13.5,""period_ms"":11.449992656707764}"
201713,1,1437.5,1437.5,False,1.0,"{""inversion_rho"":null,""inversion_channel"":13.5,""period_ms"":11.449992656707764}"
201713,1,1448.4,1448.4,False,1.0,"{""inversion_rho"":null,""inversion_channel"":13.5,""period_ms"":11.449992656707764}"
201713,1,1454.8,1454.8,False,1.0,"{""inversion_rho"":null,""inversion_channel"":26.5,""period_ms"":11.449992656707764}"
201713,1,1466.3,1466.3,False,1.0,"{""inversion_rho"":null,""inversion_channel"":13.5,""period_ms"":11.449992656707764}"
201713,1,1494.7,1494.7,False,1.0,"{""inversion_rho"":null,""inversion_channel"":30.0,""period_ms"":11.449992656707764}"
201713,1,1502.3,1502.3,False,1.0,"{""inversion_rho"":null,""inversion_channel"":29.5,""period_ms"":null}"
201713,1,1528.2,1528.2,False,1.0,"{""inversion_rho"":null,""inversion_channel"":29.0,""period_ms"":null}"
201713,1,1537.2,1537.2,False,1.0,"{""inversion_rho"":null,""inversion_channel"":12.5,""period_ms"":10.399937629699707}"
201713,1,1546.6,1546.6,False,1.0,"{""inversion_rho"":null,""inversion_channel"":14.0,""period_ms"":10.399937629699707}"
201713,1,1556.1,1556.1,False,1.0,"{""inversion_rho"":null,""inversion_channel"":29.0,""period_ms"":10.399937629699707}"
201713,1,1566.4999,1566.4999,False,1.0,"{""inversion_rho"":null,""inversion_channel"":30.5,""period_ms"":10.399937629699707}"
201713,1,1576.3,1576.3,False,1.0,"{""inversion_rho"":null,""inversion_channel"":29.0,""period_ms"":10.399937629699707}"
201713,1,1586.7,1586.7,False,1.0,"{""inversion_rho"":null,""inversion_channel"":32.0,""period_ms"":10.399937629699707}"
201713,1,1605.7,1605.7,False,1.0,"{""inversion_rho"":null,""inversion_channel"":14.5,""period_ms"":10.399937629699707}"
201713,1,1620.1,1620.1,False,1.0,"{""inversion_rho"":null,""inversion_channel"":31.0,""period_ms"":10.399937629699707}"
201713,1,1629.6,1629.6,False,1.0,"{""inversion_rho"":null,""inversion_channel"":30.5,""period_ms"":10.399937629699707}"
201713,1,1638.1,1638.1,False,1.0,"{""inversion_rho"":null,""inversion_channel"":14.5,""period_ms"":10.399937629699707}"
201713,1,1652.6999,1652.6999,False,1.0,"{""inversion_rho"":null,""inversion_channel"":14.5,""period_ms"":10.399937629699707}"
201713,1,1678.4,1678.4,False,0.375,"{""inversion_rho"":null,""inversion_channel"":32.0,""period_ms"":10.399937629699707}"
201713,1,1687.6,1687.6,False,1.0,"{""inversion_rho"":null,""inversion_channel"":12.5,""period_ms"":null}"
201713,1,1718.0001,1718.0001,False,1.0,"{""inversion_rho"":null,""inversion_channel"":29.5,""period_ms"":null}"
201713,1,1723.3,1723.3,False,1.0,"{""inversion_rho"":null,""inversion_channel"":29.5,""period_ms"":7.800102233886719}"
201713,1,1730.2999,1730.2999,False,1.0,"{""inversion_rho"":null,""inversion_channel"":28.5,""period_ms"":7.800102233886719}"
201713,1,1740.5,1740.5,False,1.0,"{""inversion_rho"":null,""inversion_channel"":15.5,""period_ms"":7.800102233886719}"
201713,1,1747.4999,1747.4999,False,1.0,"{""inversion_rho"":null,""inversion_channel"":13.5,""period_ms"":7.800102233886719}"
201713,1,1755.3,1755.3,False,0.5,"{""inversion_rho"":null,""inversion_channel"":23.0,""period_ms"":7.800102233886719}"
201713,1,1774.2,1774.2,False,1.0,"{""inversion_rho"":null,""inversion_channel"":13.5,""period_ms"":7.800102233886719}"
201713,1,1779.4,1779.4,False,1.0,"{""inversion_rho"":null,""inversion_channel"":32.0,""period_ms"":12.750029563903809}"
201713,1,1792.9,1792.9,False,0.625,"{""inversion_rho"":null,""inversion_channel"":33.5,""period_ms"":12.750029563903809}"
201713,1,1804.9001,1804.9001,False,0.375,"{""inversion_rho"":null,""inversion_channel"":22.5,""period_ms"":12.750029563903809}"
201713,1,1842.4,1842.4,False,1.0,"{""inversion_rho"":null,""inversion_channel"":29.0,""period_ms"":13.000011444091797}"
201713,1,1856.2,1856.2,False,1.0,"{""inversion_rho"":null,""inversion_channel"":14.5,""period_ms"":13.000011444091797}"
201713,1,1868.4,1868.4,False,1.0,"{""inversion_rho"":null,""inversion_channel"":14.5,""period_ms"":13.000011444091797}"
201713,1,1878.2001,1878.2001,False,1.0,"{""inversion_rho"":null,""inversion_channel"":31.0,""period_ms"":13.000011444091797}"
201713,1,1894.7001,1894.7001,False,1.0,"{""inversion_rho"":null,""inversion_channel"":15.5,""period_ms"":13.000011444091797}"
201713,1,1900.0,1900.0,False,1.0,"{""inversion_rho"":null,""inversion_channel"":27.0,""period_ms"":15.200018882751465}"
201713,1,1909.2,1909.2,False,1.0,"{""inversion_rho"":null,""inversion_channel"":15.5,""period_ms"":15.200018882751465}"
201713,1,1923.1,1923.1,False,1.0,"{""inversion_rho"":null,""inversion_channel"":15.5,""period_ms"":15.200018882751465}"
201713,1,1938.3,1938.3,False,1.0,"{""inversion_rho"":null,""inversion_channel"":15.5,""period_ms"":15.200018882751465}"
201713,1,1950.7999,1950.7999,False,1.0,"{""inversion_rho"":null,""inversion_channel"":15.5,""period_ms"":15.200018882751465}"
201713,1,1962.8,1962.8,False,1.0,"{""inversion_rho"":null,""inversion_channel"":30.0,""period_ms"":15.200018882751465}"
201713,1,1978.8001,1978.8001,False,0.375,"{""inversion_rho"":null,""inversion_channel"":33.5,""period_ms"":15.200018882751465}"
201713,1,1998.1,1998.1,False,1.0,"{""inversion_rho"":null,""inversion_channel"":27.5,""period_ms"":15.200018882751465}"
201713,1,2017.7,2017.7,False,0.375,"{""inversion_rho"":null,""inversion_channel"":23.0,""period_ms"":15.200018882751465}"
201713,1,2058.7001,2058.7001,False,1.0,"{""inversion_rho"":null,""inversion_channel"":30.5,""period_ms"":15.200018882751465}"
201713,1,2071.5001,2071.5001,False,1.0,"{""inversion_rho"":null,""inversion_channel"":16.5,""period_ms"":10.499954223632812}"
201713,1,2087.6,2087.6,False,1.0,"{""inversion_rho"":null,""inversion_channel"":16.5,""period_ms"":10.499954223632812}"
201713,1,2106.6999,2106.6999,False,1.0,"{""inversion_rho"":null,""inversion_channel"":29.5,""period_ms"":10.499954223632812}"
201713,1,2117.1999,2117.1999,False,1.0,"{""inversion_rho"":null,""inversion_channel"":28.5,""period_ms"":10.499954223632812}"
201713,1,2126.2,2126.2,False,1.0,"{""inversion_rho"":null,""inversion_channel"":32.5,""period_ms"":10.499954223632812}"
201713,1,2134.0001,2134.0001,False,1.0,"{""inversion_rho"":null,""inversion_channel"":29.5,""period_ms"":10.499954223632812}"
201713,1,2156.1999,2156.1999,False,1.0,"{""inversion_rho"":null,""inversion_channel"":33.5,""period_ms"":7.299900054931641}"
201713,1,2171.2,2171.2,False,1.0,"{""inversion_rho"":null,""inversion_channel"":30.5,""period_ms"":7.299900054931641}"
201713,1,2177.4001,2177.4001,False,0.375,"{""inversion_rho"":null,""inversion_channel"":25.0,""period_ms"":7.299900054931641}"
201713,1,2184.7,2184.7,False,0.75,"{""inversion_rho"":null,""inversion_channel"":16.5,""period_ms"":7.299900054931641}"
201713,1,2205.3001,2205.3001,False,1.0,"{""inversion_rho"":null,""inversion_channel"":19.5,""period_ms"":11.999845504760742}"
201713,1,2222.4,2222.4,False,1.0,"{""inversion_rho"":null,""inversion_channel"":16.5,""period_ms"":11.999845504760742}"
201713,1,2231.8001,2231.8001,False,1.0,"{""inversion_rho"":null,""inversion_channel"":16.5,""period_ms"":11.999845504760742}"
201713,1,2246.0999,2246.0999,False,1.0,"{""inversion_rho"":null,""inversion_channel"":15.5,""period_ms"":11.999845504760742}"
201713,1,2262.0001,2262.0001,False,1.0,"{""inversion_rho"":null,""inversion_channel"":15.5,""period_ms"":11.999845504760742}"
201713,1,2269.9001,2269.9001,False,1.0,"{""inversion_rho"":null,""inversion_channel"":28.5,""period_ms"":11.999845504760742}"
201713,1,2280.9999,2280.9999,False,1.0,"{""inversion_rho"":null,""inversion_channel"":29.5,""period_ms"":11.999845504760742}"
201713,1,2290.1001,2290.1001,False,1.0,"{""inversion_rho"":null,""inversion_channel"":28.5,""period_ms"":11.999845504760742}"
201713,1,2302.0999,2302.0999,False,1.0,"{""inversion_rho"":null,""inversion_channel"":16.5,""period_ms"":11.999845504760742}"
201713,1,2313.9,2313.9,False,1.0,"{""inversion_rho"":null,""inversion_channel"":29.5,""period_ms"":11.999845504760742}"
201713,1,2332.2001,2332.2001,False,1.0,"{""inversion_rho"":null,""inversion_channel"":16.5,""period_ms"":11.999845504760742}"
201713,1,2341.2001,2341.2001,False,1.0,"{""inversion_rho"":null,""inversion_channel"":32.5,""period_ms"":11.999845504760742}"
201713,1,2354.0001,2354.0001,False,1.0,"{""inversion_rho"":null,""inversion_channel"":16.5,""period_ms"":11.999845504760742}"
201713,1,2364.0001,2364.0001,False,1.0,"{""inversion_rho"":null,""inversion_channel"":16.5,""period_ms"":11.999845504760742}"
201713,1,2379.8001,2379.8001,False,1.0,"{""inversion_rho"":null,""inversion_channel"":31.0,""period_ms"":11.999845504760742}"
201713,1,2396.6,2396.6,False,0.625,"{""inversion_rho"":null,""inversion_channel"":17.5,""period_ms"":11.999845504760742}"
201713,1,2405.9,2405.9,False,0.25,"{""inversion_rho"":null,""inversion_channel"":22.0,""period_ms"":11.999845504760742}"
201713,1,2420.9001,2420.9001,False,1.0,"{""inversion_rho"":null,""inversion_channel"":31.5,""period_ms"":11.999845504760742}"
201713,1,2426.3,2426.3,False,1.0,"{""inversion_rho"":null,""inversion_channel"":32.0,""period_ms"":9.400010108947754}"
201713,1,2433.5999,2433.5999,False,1.0,"{""inversion_rho"":null,""inversion_channel"":17.5,""period_ms"":9.400010108947754}"
201713,1,2445.1001,2445.1001,False,1.0,"{""inversion_rho"":null,""inversion_channel"":16.5,""period_ms"":9.400010108947754}"
201713,1,2460.3,2460.3,False,1.0,"{""inversion_rho"":null,""inversion_channel"":16.5,""period_ms"":9.400010108947754}"
201713,1,2467.5,2467.5,False,1.0,"{""inversion_rho"":null,""inversion_channel"":17.0,""period_ms"":9.400010108947754}"
201713,1,2485.8999,2485.8999,False,1.0,"{""inversion_rho"":null,""inversion_channel"":16.5,""period_ms"":15.799999237060547}"
201713,1,2501.6999,2501.6999,False,1.0,"{""inversion_rho"":null,""inversion_channel"":15.5,""period_ms"":15.799999237060547}"
201713,1,2519.9001,2519.9001,False,1.0,"{""inversion_rho"":null,""inversion_channel"":16.5,""period_ms"":15.799999237060547}"
201713,1,2531.1999,2531.1999,False,1.0,"{""inversion_rho"":null,""inversion_channel"":16.5,""period_ms"":15.799999237060547}"
201713,1,2572.7999,2572.7999,False,1.0,"{""inversion_rho"":null,""inversion_channel"":16.5,""period_ms"":10.300159454345703}"
201713,1,2583.1001,2583.1001,False,1.0,"{""inversion_rho"":null,""inversion_channel"":16.5,""period_ms"":10.300159454345703}"
201713,1,2592.9999,2592.9999,False,0.5,"{""inversion_rho"":null,""inversion_channel"":23.0,""period_ms"":10.300159454345703}"
201713,1,2604.8,2604.8,False,1.0,"{""inversion_rho"":null,""inversion_channel"":17.5,""period_ms"":10.300159454345703}"
201713,1,40.2,81.9,True,1.0,"{""inversion_rho"":null,""inversion_channel"":22.0,""period_ms"":6.350001320242882}"
201713,1,1108.5,1200.2,True,1.0,"{""inversion_rho"":null,""inversion_channel"":26.75,""period_ms"":16.99995994567871}"
201713,1,1244.8,1346.4,True,1.0,"{""inversion_rho"":null,""inversion_channel"":26.0,""period_ms"":12.000083923339844}"
201713,1,1381.5,1494.7,True,1.0,"{""inversion_rho"":null,""inversion_channel"":13.5,""period_ms"":11.449992656707764}"
201713,1,1537.2,1678.4,True,1.0,"{""inversion_rho"":null,""inversion_channel"":29.0,""period_ms"":10.399937629699707}"
201713,1,1723.3,1774.2,True,1.0,"{""inversion_rho"":null,""inversion_channel"":19.25,""period_ms"":7.800102233886719}"
201713,1,1779.4,1804.9001,True,1.0,"{""inversion_rho"":null,""inversion_channel"":32.0,""period_ms"":12.750029563903809}"
201713,1,1842.4,1894.7001,True,1.0,"{""inversion_rho"":null,""inversion_channel"":15.5,""period_ms"":13.000011444091797}"
201713,1,1900.0,2058.7001,True,1.0,"{""inversion_rho"":null,""inversion_channel"":25.0,""period_ms"":15.200018882751465}"
201713,1,2071.5001,2134.0001,True,1.0,"{""inversion_rho"":null,""inversion_channel"":29.0,""period_ms"":10.499954223632812}"
201713,1,2156.1999,2184.7,True,1.0,"{""inversion_rho"":null,""inversion_channel"":27.75,""period_ms"":7.299900054931641}"
201713,1,2205.3001,2420.9001,True,1.0,"{""inversion_rho"":null,""inversion_channel"":18.5,""period_ms"":11.999845504760742}"
201713,1,2426.3,2467.5,True,1.0,"{""inversion_rho"":null,""inversion_channel"":17.0,""period_ms"":9.400010108947754}"
201713,1,2485.8999,2531.1999,True,1.0,"{""inversion_rho"":null,""inversion_channel"":16.5,""period_ms"":15.799999237060547}"
201713,1,2572.7999,2604.8,True,1.0,"{""inversion_rho"":null,""inversion_channel"":17.0,""period_ms"":10.300159454345703}"
201822,1,54.8,54.8,False,0.25,"{""inversion_rho"":null,""inversion_channel"":12.5,""period_ms"":7.900003343820572}"
201822,1,62.7,62.7,False,1.0,"{""inversion_rho"":null,""inversion_channel"":20.5,""period_ms"":7.900003343820572}"
201822,1,75.3,75.3,False,1.0,"{""inversion_rho"":null,""inversion_channel"":10.5,""period_ms"":7.900003343820572}"
201822,1,80.9,80.9,False,0.75,"{""inversion_rho"":null,""inversion_channel"":9.5,""period_ms"":7.900003343820572}"
201822,1,4086.7,4086.7,False,1.0,"{""inversion_rho"":null,""inversion_channel"":39.5,""period_ms"":null}"
201822,1,4253.3998,4253.3998,False,0.75,"{""inversion_rho"":null,""inversion_channel"":40.5,""period_ms"":null}"
201822,1,4275.8002,4275.8002,False,1.0,"{""inversion_rho"":null,""inversion_channel"":13.5,""period_ms"":37.04977035522461}"
201822,1,4312.6001,4312.6001,False,0.5,"{""inversion_rho"":null,""inversion_channel"":39.5,""period_ms"":37.04977035522461}"
201822,1,4349.8998,4349.8998,False,1.0,"{""inversion_rho"":null,""inversion_channel"":19.0,""period_ms"":37.04977035522461}"
201822,1,4361.3,4361.3,False,0.75,"{""inversion_rho"":null,""inversion_channel"":38.5,""period_ms"":20.49994468688965}"
201822,1,4376.5998,4376.5998,False,0.75,"{""inversion_rho"":null,""inversion_channel"":16.0,""period_ms"":20.49994468688965}"
201822,1,4402.2999,4402.2999,False,0.5,"{""inversion_rho"":null,""inversion_channel"":39.5,""period_ms"":20.49994468688965}"
201822,1,4512.8002,4512.8002,False,1.0,"{""inversion_rho"":null,""inversion_channel"":11.5,""period_ms"":null}"
201822,1,4520.7,4520.7,False,0.5,"{""inversion_rho"":null,""inversion_channel"":12.0,""period_ms"":null}"
201822,1,54.8,80.9,True,1.0,"{""inversion_rho"":null,""inversion_channel"":11.5,""period_ms"":7.900003343820572}"
201822,1,4275.8002,4349.8998,True,1.0,"{""inversion_rho"":null,""inversion_channel"":19.0,""period_ms"":37.04977035522461}"
201822,1,4361.3,4402.2999,True,1.0,"{""inversion_rho"":null,""inversion_channel"":38.5,""period_ms"":20.49994468688965}"
201831,1,56.0,56.0,False,0.25,"{""inversion_rho"":null,""inversion_channel"":10.5,""period_ms"":10.499998927116394}"
201831,1,63.5,63.5,False,1.0,"{""inversion_rho"":null,""inversion_channel"":9.5,""period_ms"":10.499998927116394}"
201831,1,77.0,77.0,False,0.875,"{""inversion_rho"":null,""inversion_channel"":26.0,""period_ms"":10.499998927116394}"
201831,1,1827.0,1827.0,False,0.625,"{""inversion_rho"":null,""inversion_channel"":8.5,""period_ms"":null}"
201831,1,1833.6999,1833.6999,False,1.0,"{""inversion_rho"":null,""inversion_channel"":8.5,""period_ms"":null}"
201831,1,4435.5001,4435.5001,False,0.5,"{""inversion_rho"":null,""inversion_channel"":3.5,""period_ms"":null}"
201831,1,4701.0999,4701.0999,False,0.5,"{""inversion_rho"":null,""inversion_channel"":5.5,""period_ms"":null}"
201831,1,56.0,77.0,True,1.0,"{""inversion_rho"":null,""inversion_channel"":10.5,""period_ms"":10.499998927116394}"
201880,1,54.7,54.7,False,0.25,"{""inversion_rho"":null,""inversion_channel"":3.5,""period_ms"":13.999998569488525}"
201880,1,69.7,69.7,False,1.0,"{""inversion_rho"":null,""inversion_channel"":4.0,""period_ms"":13.999998569488525}"
201880,1,81.8,81.8,False,1.0,"{""inversion_rho"":null,""inversion_channel"":4.5,""period_ms"":13.999998569488525}"
201880,1,95.8,95.8,False,1.0,"{""inversion_rho"":null,""inversion_channel"":4.5,""period_ms"":13.999998569488525}"
201880,1,3037.6999,3037.6999,False,0.375,"{""inversion_rho"":null,""inversion_channel"":17.0,""period_ms"":18.69988441467285}"
201880,1,3056.0,3056.0,False,1.0,"{""inversion_rho"":null,""inversion_channel"":15.5,""period_ms"":18.69988441467285}"
201880,1,3074.7001,3074.7001,False,1.0,"{""inversion_rho"":null,""inversion_channel"":14.0,""period_ms"":18.69988441467285}"
201880,1,3093.4,3093.4,False,1.0,"{""inversion_rho"":null,""inversion_channel"":13.5,""period_ms"":18.69988441467285}"
201880,1,3165.2999,3165.2999,False,1.0,"{""inversion_rho"":null,""inversion_channel"":12.0,""period_ms"":15.999794006347656}"
201880,1,3183.3,3183.3,False,1.0,"{""inversion_rho"":null,""inversion_channel"":12.5,""period_ms"":15.999794006347656}"
201880,1,3201.1001,3201.1001,False,1.0,"{""inversion_rho"":null,""inversion_channel"":11.5,""period_ms"":15.999794006347656}"
201880,1,3217.7,3217.7,False,1.0,"{""inversion_rho"":null,""inversion_channel"":12.5,""period_ms"":15.999794006347656}"
201880,1,3233.5999,3233.5999,False,1.0,"{""inversion_rho"":null,""inversion_channel"":11.5,""period_ms"":15.999794006347656}"
201880,1,3249.2001,3249.2001,False,1.0,"{""inversion_rho"":null,""inversion_channel"":27.5,""period_ms"":15.999794006347656}"
201880,1,3265.1999,3265.1999,False,1.0,"{""inversion_rho"":null,""inversion_channel"":27.5,""period_ms"":15.999794006347656}"
201880,1,3280.7,3280.7,False,1.0,"{""inversion_rho"":null,""inversion_channel"":27.5,""period_ms"":15.999794006347656}"
201880,1,3296.2999,3296.2999,False,1.0,"{""inversion_rho"":null,""inversion_channel"":25.5,""period_ms"":15.999794006347656}"
201880,1,3312.4001,3312.4001,False,1.0,"{""inversion_rho"":null,""inversion_channel"":25.5,""period_ms"":15.999794006347656}"
201880,1,3423.8,3423.8,False,1.0,"{""inversion_rho"":null,""inversion_channel"":22.0,""period_ms"":15.599966049194336}"
201880,1,3439.4,3439.4,False,1.0,"{""inversion_rho"":null,""inversion_channel"":21.5,""period_ms"":15.599966049194336}"
201880,1,3454.9999,3454.9999,False,0.375,"{""inversion_rho"":null,""inversion_channel"":24.0,""period_ms"":15.599966049194336}"
201880,1,3577.4,3577.4,False,1.0,"{""inversion_rho"":null,""inversion_channel"":17.0,""period_ms"":null}"
201880,1,3638.5,3638.5,False,1.0,"{""inversion_rho"":null,""inversion_channel"":16.0,""period_ms"":null}"
201880,1,3653.8999,3653.8999,False,1.0,"{""inversion_rho"":null,""inversion_channel"":14.0,""period_ms"":29.000043869018555}"
201880,1,3699.8,3699.8,False,0.875,"{""inversion_rho"":null,""inversion_channel"":15.0,""period_ms"":29.000043869018555}"
201880,1,3772.5,3772.5,False,0.375,"{""inversion_rho"":null,""inversion_channel"":13.5,""period_ms"":29.000043869018555}"
201880,1,3817.1999,3817.1999,False,0.5,"{""inversion_rho"":null,""inversion_channel"":42.5,""period_ms"":29.000043869018555}"
201880,1,3846.2,3846.2,False,0.625,"{""inversion_rho"":null,""inversion_channel"":12.0,""period_ms"":29.000043869018555}"
201880,1,3860.8,3860.8,False,1.0,"{""inversion_rho"":null,""inversion_channel"":25.0,""period_ms"":29.000043869018555}"
201880,1,3889.4999,3889.4999,False,1.0,"{""inversion_rho"":null,""inversion_channel"":26.0,""period_ms"":29.000043869018555}"
201880,1,3918.2,3918.2,False,1.0,"{""inversion_rho"":null,""inversion_channel"":32.0,""period_ms"":29.000043869018555}"
201880,1,4002.6999,4002.6999,False,0.75,"{""inversion_rho"":null,""inversion_channel"":9.5,""period_ms"":null}"
201880,1,4016.9001,4016.9001,False,0.25,"{""inversion_rho"":null,""inversion_channel"":39.0,""period_ms"":null}"
201880,1,54.7,95.8,True,1.0,"{""inversion_rho"":null,""inversion_channel"":4.25,""period_ms"":13.999998569488525}"
201880,1,3037.6999,3093.4,True,1.0,"{""inversion_rho"":null,""inversion_channel"":14.75,""period_ms"":18.69988441467285}"
201880,1,3165.2999,3312.4001,True,1.0,"{""inversion_rho"":null,""inversion_channel"":19.0,""period_ms"":15.999794006347656}"
201880,1,3423.8,3454.9999,True,1.0,"{""inversion_rho"":null,""inversion_channel"":22.0,""period_ms"":15.599966049194336}"
201880,1,3653.8999,3918.2,True,1.0,"{""inversion_rho"":null,""inversion_channel"":20.0,""period_ms"":29.000043869018555}"
201948,1,46.8,46.8,False,0.75,"{""inversion_rho"":null,""inversion_channel"":21.0,""period_ms"":null}"
201948,1,57.4,57.4,False,1.0,"{""inversion_rho"":null,""inversion_channel"":23.5,""period_ms"":null}"
201948,1,1068.0,1068.0,False,1.0,"{""inversion_rho"":null,""inversion_channel"":26.5,""period_ms"":15.500009059906006}"
201948,1,1079.2,1079.2,False,0.625,"{""inversion_rho"":null,""inversion_channel"":34.0,""period_ms"":15.500009059906006}"
201948,1,1092.0,1092.0,False,0.625,"{""inversion_rho"":null,""inversion_channel"":44.5,""period_ms"":15.500009059906006}"
201948,1,1105.6,1105.6,False,1.0,"{""inversion_rho"":null,""inversion_channel"":25.0,""period_ms"":15.500009059906006}"
201948,1,1125.6,1125.6,False,1.0,"{""inversion_rho"":null,""inversion_channel"":25.0,""period_ms"":15.500009059906006}"
201948,1,1140.7,1140.7,False,1.0,"{""inversion_rho"":null,""inversion_channel"":26.5,""period_ms"":15.500009059906006}"
201948,1,1154.4,1154.4,False,1.0,"{""inversion_rho"":null,""inversion_channel"":26.0,""period_ms"":15.500009059906006}"
201948,1,1167.1,1167.1,False,1.0,"{""inversion_rho"":null,""inversion_channel"":8.0,""period_ms"":15.500009059906006}"
201948,1,1176.5,1176.5,False,1.0,"{""inversion_rho"":null,""inversion_channel"":26.0,""period_ms"":15.500009059906006}"
201948,1,1194.3001,1194.3001,False,0.625,"{""inversion_rho"":null,""inversion_channel"":24.0,""period_ms"":15.500009059906006}"
201948,1,1211.3,1211.3,False,1.0,"{""inversion_rho"":null,""inversion_channel"":25.5,""period_ms"":15.500009059906006}"
201948,1,1226.4,1226.4,False,1.0,"{""inversion_rho"":null,""inversion_channel"":24.5,""period_ms"":15.500009059906006}"
201948,1,1240.4,1240.4,False,1.0,"{""inversion_rho"":null,""inversion_channel"":24.5,""period_ms"":15.500009059906006}"
201948,1,1254.6999,1254.6999,False,1.0,"{""inversion_rho"":null,""inversion_channel"":25.0,""period_ms"":15.500009059906006}"
201948,1,1268.5,1268.5,False,1.0,"{""inversion_rho"":null,""inversion_channel"":26.5,""period_ms"":15.500009059906006}"
201948,1,1282.3,1282.3,False,1.0,"{""inversion_rho"":null,""inversion_channel"":24.5,""period_ms"":15.500009059906006}"
201948,1,1296.7,1296.7,False,1.0,"{""inversion_rho"":null,""inversion_channel"":24.5,""period_ms"":15.500009059906006}"
201948,1,1313.1,1313.1,False,1.0,"{""inversion_rho"":null,""inversion_channel"":25.0,""period_ms"":15.500009059906006}"
201948,1,1333.1,1333.1,False,1.0,"{""inversion_rho"":null,""inversion_channel"":24.5,""period_ms"":15.500009059906006}"
201948,1,1349.6,1349.6,False,1.0,"{""inversion_rho"":null,""inversion_channel"":23.0,""period_ms"":15.500009059906006}"
201948,1,1364.0,1364.0,False,1.0,"{""inversion_rho"":null,""inversion_channel"":26.5,""period_ms"":15.500009059906006}"
201948,1,1378.7,1378.7,False,1.0,"{""inversion_rho"":null,""inversion_channel"":24.5,""period_ms"":15.500009059906006}"
201948,1,1394.9,1394.9,False,1.0,"{""inversion_rho"":null,""inversion_channel"":23.5,""period_ms"":15.500009059906006}"
201948,1,1409.9,1409.9,False,1.0,"{""inversion_rho"":null,""inversion_channel"":23.5,""period_ms"":15.500009059906006}"
201948,1,1426.2,1426.2,False,1.0,"{""inversion_rho"":null,""inversion_channel"":24.5,""period_ms"":15.500009059906006}"
201948,1,1448.6001,1448.6001,False,1.0,"{""inversion_rho"":null,""inversion_channel"":24.5,""period_ms"":15.500009059906006}"
201948,1,1458.2,1458.2,False,0.25,"{""inversion_rho"":null,""inversion_channel"":15.5,""period_ms"":15.500009059906006}"
201948,1,1474.1,1474.1,False,1.0,"{""inversion_rho"":null,""inversion_channel"":24.5,""period_ms"":15.500009059906006}"
201948,1,1492.4999,1492.4999,False,1.0,"{""inversion_rho"":null,""inversion_channel"":23.0,""period_ms"":15.500009059906006}"
201948,1,1512.9,1512.9,False,1.0,"{""inversion_rho"":null,""inversion_channel"":24.5,""period_ms"":15.500009059906006}"
201948,1,1530.9,1530.9,False,1.0,"{""inversion_rho"":null,""inversion_channel"":24.0,""period_ms"":15.500009059906006}"
201948,1,1549.0,1549.0,False,1.0,"{""inversion_rho"":null,""inversion_channel"":24.5,""period_ms"":15.500009059906006}"
201948,1,1569.3001,1569.3001,False,1.0,"{""inversion_rho"":null,""inversion_channel"":24.5,""period_ms"":15.500009059906006}"
