shot,category,t_start,t_end,crowd,confidence,attrs
192045,1,4217.0,4217.0,False,0.5,"{""inversion_rho"":null,""inversion_channel"":37.0,""period_ms"":9.89985466003418}"
192045,1,4233.6001,4233.6001,False,1.0,"{""inversion_rho"":null,""inversion_channel"":39.5,""period_ms"":9.89985466003418}"
192045,1,4239.6998,4239.6998,False,1.0,"{""inversion_rho"":null,""inversion_channel"":39.5,""period_ms"":6.90007209777832}"
192045,1,4246.6002,4246.6002,False,1.0,"{""inversion_rho"":null,""inversion_channel"":39.0,""period_ms"":6.90007209777832}"
192045,1,4252.3999,4252.3999,False,0.375,"{""inversion_rho"":null,""inversion_channel"":37.5,""period_ms"":6.90007209777832}"
192045,1,4259.6002,4259.6002,False,1.0,"{""inversion_rho"":null,""inversion_channel"":39.5,""period_ms"":6.90007209777832}"
192045,1,4266.5,4266.5,False,1.0,"{""inversion_rho"":null,""inversion_channel"":39.5,""period_ms"":6.90007209777832}"
192045,1,4290.4,4290.4,False,1.0,"{""inversion_rho"":null,""inversion_channel"":40.5,""period_ms"":10.900020599365234}"
192045,1,4297.5001,4297.5001,False,0.25,"{""inversion_rho"":null,""inversion_channel"":12.0,""period_ms"":10.900020599365234}"
192045,1,4312.3999,4312.3999,False,1.0,"{""inversion_rho"":null,""inversion_channel"":39.0,""period_ms"":10.900020599365234}"
192045,1,4324.8,4324.8,False,1.0,"{""inversion_rho"":null,""inversion_channel"":39.0,""period_ms"":10.900020599365234}"
192045,1,4342.0,4342.0,False,1.0,"{""inversion_rho"":null,""inversion_channel"":39.0,""period_ms"":10.900020599365234}"
192045,1,4350.2998,4350.2998,False,1.0,"{""inversion_rho"":null,""inversion_channel"":38.5,""period_ms"":10.900020599365234}"
192045,1,4362.8001,4362.8001,False,1.0,"{""inversion_rho"":null,""inversion_channel"":39.5,""period_ms"":10.900020599365234}"
192045,1,4372.7999,4372.7999,False,0.625,"{""inversion_rho"":null,""inversion_channel"":26.5,""period_ms"":10.900020599365234}"
192045,1,4388.8001,4388.8001,False,1.0,"{""inversion_rho"":null,""inversion_channel"":39.5,""period_ms"":10.900020599365234}"
192045,1,4396.2002,4396.2002,False,0.75,"{""inversion_rho"":null,""inversion_channel"":27.5,""period_ms"":10.900020599365234}"
192045,1,4408.4001,4408.4001,False,0.25,"{""inversion_rho"":null,""inversion_channel"":27.5,""period_ms"":10.900020599365234}"
192045,1,4420.0001,4420.0001,False,1.0,"{""inversion_rho"":null,""inversion_channel"":39.5,""period_ms"":10.900020599365234}"
192045,1,4427.7,4427.7,False,1.0,"{""inversion_rho"":null,""inversion_channel"":27.5,""period_ms"":10.900020599365234}"
192045,1,4436.9998,4436.9998,False,1.0,"{""inversion_rho"":null,""inversion_channel"":39.5,""period_ms"":10.900020599365234}"
192045,1,4445.6,4445.6,False,1.0,"{""inversion_rho"":null,""inversion_channel"":39.5,""period_ms"":10.900020599365234}"
192045,1,4453.8002,4453.8002,False,1.0,"{""inversion_rho"":null,""inversion_channel"":39.0,""period_ms"":10.900020599365234}"
192045,1,4461.1001,4461.1001,False,1.0,"{""inversion_rho"":null,""inversion_channel"":40.0,""period_ms"":10.900020599365234}"
192045,1,4470.7999,4470.7999,False,0.5,"{""inversion_rho"":null,""inversion_channel"":10.0,""period_ms"":10.900020599365234}"
192045,1,4480.1998,4480.1998,False,0.5,"{""inversion_rho"":null,""inversion_channel"":39.0,""period_ms"":10.900020599365234}"
192045,1,4491.3998,4491.3998,False,1.0,"{""inversion_rho"":null,""inversion_channel"":39.5,""period_ms"":10.900020599365234}"
192045,1,4502.9998,4502.9998,False,1.0,"{""inversion_rho"":null,""inversion_channel"":39.5,""period_ms"":10.900020599365234}"
192045,1,4516.3002,4516.3002,False,1.0,"{""inversion_rho"":null,""inversion_channel"":27.5,""period_ms"":10.900020599365234}"
192045,1,4528.5001,4528.5001,False,0.875,"{""inversion_rho"":null,""inversion_channel"":39.5,""period_ms"":10.900020599365234}"
192045,1,4539.4001,4539.4001,False,1.0,"{""inversion_rho"":null,""inversion_channel"":9.5,""period_ms"":10.900020599365234}"
192045,1,4679.5998,4679.5998,False,1.0,"{""inversion_rho"":null,""inversion_channel"":39.5,""period_ms"":68.50004196166992}"
192045,1,4738.1001,4738.1001,False,1.0,"{""inversion_rho"":null,""inversion_channel"":39.5,""period_ms"":68.50004196166992}"
192045,1,4816.5998,4816.5998,False,0.75,"{""inversion_rho"":null,""inversion_channel"":39.5,""period_ms"":68.50004196166992}"
192045,1,4822.8998,4822.8998,False,1.0,"{""inversion_rho"":null,""inversion_channel"":39.5,""period_ms"":null}"
192045,1,4831.9998,4831.9998,False,1.0,"{""inversion_rho"":null,""inversion_channel"":39.5,""period_ms"":null}"
192045,1,4960.8998,4960.8998,False,1.0,"{""inversion_rho"":null,""inversion_channel"":39.5,""period_ms"":null}"
192045,1,5025.6,5025.6,False,1.0,"{""inversion_rho"":null,""inversion_channel"":27.5,""period_ms"":null}"
192045,1,5045.5999,5045.5999,False,1.0,"{""inversion_rho"":null,""inversion_channel"":39.0,""period_ms"":8.649826049804688}"
192045,1,5058.0001,5058.0001,False,1.0,"{""inversion_rho"":null,""inversion_channel"":27.5,""period_ms"":8.649826049804688}"
192045,1,5080.4,5080.4,False,1.0,"{""inversion_rho"":null,""inversion_channel"":39.0,""period_ms"":8.649826049804688}"
192045,1,5089.5,5089.5,False,1.0,"{""inversion_rho"":null,""inversion_channel"":39.5,""period_ms"":8.649826049804688}"
192045,1,5095.2001,5095.2001,False,0.5,"{""inversion_rho"":null,""inversion_channel"":39.0,""period_ms"":8.649826049804688}"
192045,1,5105.5999,5105.5999,False,1.0,"{""inversion_rho"":null,""inversion_channel"":39.5,""period_ms"":8.649826049804688}"
192045,1,5111.5999,5111.5999,False,1.0,"{""inversion_rho"":null,""inversion_channel"":39.5,""period_ms"":8.649826049804688}"
192045,1,5119.7,5119.7,False,1.0,"{""inversion_rho"":null,""inversion_channel"":39.0,""period_ms"":8.649826049804688}"
192045,1,5126.9002,5126.9002,False,1.0,"{""inversion_rho"":null,""inversion_channel"":27.5,""period_ms"":8.649826049804688}"
192045,1,5135.3998,5135.3998,False,1.0,"{""inversion_rho"":null,""inversion_channel"":27.5,""period_ms"":8.649826049804688}"
192045,1,5144.1998,5144.1998,False,0.875,"{""inversion_rho"":null,""inversion_channel"":39.5,""period_ms"":8.649826049804688}"
192045,1,5160.8,5160.8,False,1.0,"{""inversion_rho"":null,""inversion_channel"":27.5,""period_ms"":8.649826049804688}"
192045,1,5168.7002,5168.7002,False,1.0,"{""inversion_rho"":null,""inversion_channel"":39.5,""period_ms"":8.649826049804688}"
192045,1,5214.7999,5214.7999,False,1.0,"{""inversion_rho"":null,""inversion_channel"":39.5,""period_ms"":5.899906158447266}"
192045,1,5220.6998,5220.6998,False,0.75,"{""inversion_rho"":null,""inversion_channel"":39.5,""period_ms"":5.899906158447266}"
192045,1,5226.3999,5226.3999,False,0.625,"{""inversion_rho"":null,""inversion_channel"":28.0,""period_ms"":5.899906158447266}"
192045,1,5236.8999,5236.8999,False,1.0,"{""inversion_rho"":null,""inversion_channel"":39.0,""period_ms"":5.899906158447266}"
192045,1,5242.6,5242.6,False,0.75,"{""inversion_rho"":null,""inversion_channel"":39.0,""period_ms"":5.899906158447266}"
192045,1,5250.8998,5250.8998,False,1.0,"{""inversion_rho"":null,""inversion_channel"":27.5,""period_ms"":5.899906158447266}"
192045,1,5271.9998,5271.9998,False,1.0,"{""inversion_rho"":null,""inversion_channel"":39.5,""period_ms"":12.30001449584961}"
192045,1,5280.9,5280.9,False,1.0,"{""inversion_rho"":null,""inversion_channel"":39.0,""period_ms"":12.30001449584961}"
192045,1,5293.2,5293.2,False,1.0,"{""inversion_rho"":null,""inversion_channel"":39.0,""period_ms"":12.30001449584961}"
192045,1,5316.5998,5316.5998,False,1.0,"{""inversion_rho"":null,""inversion_channel"":39.5,""period_ms"":12.30001449584961}"
192045,1,5322.1998,5322.1998,False,0.875,"{""inversion_rho"":null,""inversion_channel"":27.5,""period_ms"":null}"
192045,1,5514.6999,5514.6999,False,1.0,"{""inversion_rho"":null,""inversion_channel"":38.5,""period_ms"":null}"
192045,1,5525.1002,5525.1002,False,1.0,"{""inversion_rho"":null,""inversion_channel"":38.0,""period_ms"":8.699893951416016}"
192045,1,5533.8001,5533.8001,False,1.0,"{""inversion_rho"":null,""inversion_channel"":40.5,""period_ms"":8.699893951416016}"
192045,1,5541.6002,5541.6002,False,0.625,"{""inversion_rho"":null,""inversion_channel"":39.5,""period_ms"":8.699893951416016}"
192045,1,5556.0999,5556.0999,False,1.0,"{""inversion_rho"":null,""inversion_channel"":39.5,""period_ms"":8.699893951416016}"
192045,1,5564.4999,5564.4999,False,1.0,"{""inversion_rho"":null,""inversion_channel"":39.5,""period_ms"":8.699893951416016}"
192045,1,5574.3999,5574.3999,False,1.0,"{""inversion_rho"":null,""inversion_channel"":39.5,""period_ms"":8.699893951416016}"
192045,1,5633.5001,5633.5001,False,1.0,"{""inversion_rho"":null,""inversion_channel"":11.5,""period_ms"":9.50002670288086}"
192045,1,5645.5998,5645.5998,False,1.0,"{""inversion_rho"":null,""inversion_channel"":27.5,""period_ms"":9.50002670288086}"
192045,1,5652.5002,5652.5002,False,1.0,"{""inversion_rho"":null,""inversion_channel"":39.5,""period_ms"":9.50002670288086}"
192045,1,5846.0002,5846.0002,False,1.0,"{""inversion_rho"":null,""inversion_channel"":40.5,""period_ms"":null}"
192045,1,5980.4001,5980.4001,False,0.75,"{""inversion_rho"":null,""inversion_channel"":27.5,""period_ms"":null}"
192045,1,5997.3001,5997.3001,False,1.0,"{""inversion_rho"":null,""inversion_channel"":39.5,""period_ms"":null}"
192045,1,6030.3998,6030.3998,False,0.25,"{""inversion_rho"":null,""inversion_channel"":28.5,""period_ms"":null}"
192045,1,6035.8,6035.8,False,1.0,"{""inversion_rho"":null,""inversion_channel"":37.5,""period_ms"":6.999969482421875}"
192045,1,6042.3002,6042.3002,False,1.0,"{""inversion_rho"":null,""inversion_channel"":39.0,""period_ms"":6.999969482421875}"
192045,1,6049.9001,6049.9001,False,1.0,"{""inversion_rho"":null,""inversion_channel"":27.0,""period_ms"":6.999969482421875}"
192045,1,6056.5,6056.5,False,1.0,"{""inversion_rho"":null,""inversion_channel"":27.5,""period_ms"":6.999969482421875}"
192045,1,6063.4999,6063.4999,False,1.0,"{""inversion_rho"":null,""inversion_channel"":39.5,""period_ms"":6.999969482421875}"
192045,1,6069.6998,6069.6998,False,0.875,"{""inversion_rho"":null,""inversion_channel"":27.5,""period_ms"":6.999969482421875}"
192045,1,6078.1002,6078.1002,False,1.0,"{""inversion_rho"":null,""inversion_channel"":27.5,""period_ms"":6.999969482421875}"
192045,1,6087.4,6087.4,False,1.0,"{""inversion_rho"":null,""inversion_channel"":27.5,""period_ms"":6.999969482421875}"
192045,1,6119.2999,6119.2999,False,1.0,"{""inversion_rho"":null,""inversion_channel"":27.5,""period_ms"":6.400108337402344}"
192045,1,6125.8998,6125.8998,False,1.0,"{""inversion_rho"":null,""inversion_channel"":10.0,""period_ms"":6.400108337402344}"
192045,1,6132.1001,6132.1001,False,0.75,"{""inversion_rho"":null,""inversion_channel"":39.5,""period_ms"":6.400108337402344}"
192045,1,2161.5,2178.9,True,1.0,"{""inversion_rho"":null,""inversion_channel"":23.5,""period_ms"":8.700013160705566}"
192045,1,3647.7001,3673.1999,True,1.0,"{""inversion_rho"":null,""inversion_channel"":38.5,""period_ms"":7.799863815307617}"
192045,1,4049.3002,4233.6001,True,1.0,"{""inversion_rho"":null,""inversion_channel"":39.0,""period_ms"":9.89985466003418}"
192045,1,4239.6998,4266.5,True,1.0,"{""inversion_rho"":null,""inversion_channel"":39.5,""period_ms"":6.90007209777832}"
192045,1,4290.4,4539.4001,True,1.0,"{""inversion_rho"":null,""inversion_channel"":39.0,""period_ms"":10.900020599365234}"
192045,1,4679.5998,4816.5998,True,1.0,"{""inversion_rho"":null,""inversion_channel"":39.5,""period_ms"":68.50004196166992}"
192045,1,5045.5999,5168.7002,True,1.0,"{""inversion_rho"":null,""inversion_channel"":39.0,""period_ms"":8.649826049804688}"
192045,1,5214.7999,5250.8998,True,1.0,"{""inversion_rho"":null,""inversion_channel"":39.0,""period_ms"":5.899906158447266}"
192045,1,5271.9998,5316.5998,True,1.0,"{""inversion_rho"":null,""inversion_channel"":39.25,""period_ms"":12.30001449584961}"
192045,1,5525.1002,5574.3999,True,1.0,"{""inversion_rho"":null,""inversion_channel"":39.5,""period_ms"":8.699893951416016}"
192045,1,5633.5001,5652.5002,True,1.0,"{""inversion_rho"":null,""inversion_channel"":27.5,""period_ms"":9.50002670288086}"
192045,1,6035.8,6087.4,True,1.0,"{""inversion_rho"":null,""inversion_channel"":27.5,""period_ms"":6.999969482421875}"
192045,1,6119.2999,6132.1001,True,1.0,"{""inversion_rho"":null,""inversion_channel"":27.5,""period_ms"":6.400108337402344}"
192090,1,60.1,60.1,False,0.625,"{""inversion_rho"":null,""inversion_channel"":8.0,""period_ms"":null}"
192090,1,1324.3001,1324.3001,False,0.875,"{""inversion_rho"":null,""inversion_channel"":20.5,""period_ms"":37.89997100830078}"
192090,1,1368.7,1368.7,False,1.0,"{""inversion_rho"":null,""inversion_channel"":17.5,""period_ms"":37.89997100830078}"
192090,1,1410.0,1410.0,False,1.0,"{""inversion_rho"":null,""inversion_channel"":17.5,""period_ms"":37.89997100830078}"
192090,1,1444.5,1444.5,False,1.0,"{""inversion_rho"":null,""inversion_channel"":16.5,""period_ms"":37.89997100830078}"
192090,1,1479.0,1479.0,False,1.0,"{""inversion_rho"":null,""inversion_channel"":17.0,""period_ms"":37.89997100830078}"
192090,1,1534.9,1534.9,False,1.0,"{""inversion_rho"":null,""inversion_channel"":16.5,""period_ms"":37.89997100830078}"
192090,1,1576.5001,1576.5001,False,1.0,"{""inversion_rho"":null,""inversion_channel"":14.5,""period_ms"":37.89997100830078}"
192090,1,1609.2,1609.2,False,1.0,"{""inversion_rho"":null,""inversion_channel"":14.0,""period_ms"":37.89997100830078}"
192090,1,1624.9,1624.9,False,1.0,"{""inversion_rho"":null,""inversion_channel"":14.5,""period_ms"":37.89997100830078}"
192090,1,1666.8,1666.8,False,1.0,"{""inversion_rho"":null,""inversion_channel"":14.0,""period_ms"":38.549959659576416}"
192090,1,1712.1,1712.1,False,1.0,"{""inversion_rho"":null,""inversion_channel"":14.5,""period_ms"":38.549959659576416}"
192090,1,1756.3,1756.3,False,1.0,"{""inversion_rho"":null,""inversion_channel"":13.5,""period_ms"":38.549959659576416}"
192090,1,1789.1999,1789.1999,False,1.0,"{""inversion_rho"":null,""inversion_channel"":13.0,""period_ms"":38.549959659576416}"
192090,1,1803.6,1803.6,False,1.0,"{""inversion_rho"":null,""inversion_channel"":14.5,""period_ms"":38.549959659576416}"
192090,1,1844.8,1844.8,False,1.0,"{""inversion_rho"":null,""inversion_channel"":13.5,""period_ms"":34.89995002746582}"
192090,1,1882.9,1882.9,False,1.0,"{""inversion_rho"":null,""inversion_channel"":13.5,""period_ms"":34.89995002746582}"
192090,1,1917.7999,1917.7999,False,1.0,"{""inversion_rho"":null,""inversion_channel"":12.5,""period_ms"":34.89995002746582}"
192090,1,1936.0,1936.0,False,1.0,"{""inversion_rho"":null,""inversion_channel"":13.5,""period_ms"":34.89995002746582}"
192090,1,1983.6,1983.6,False,1.0,"{""inversion_rho"":null,""inversion_channel"":11.5,""period_ms"":79.89978790283203}"
192090,1,2022.1,2022.1,False,1.0,"{""inversion_rho"":null,""inversion_channel"":10.5,""period_ms"":79.89978790283203}"
192090,1,2105.9999,2105.9999,False,1.0,"{""inversion_rho"":null,""inversion_channel"":9.5,""period_ms"":79.89978790283203}"
192090,1,2186.7001,2186.7001,False,1.0,"{""inversion_rho"":null,""inversion_channel"":10.5,""period_ms"":79.89978790283203}"
192090,1,2266.5999,2266.5999,False,1.0,"{""inversion_rho"":null,""inversion_channel"":14.5,""period_ms"":79.89978790283203}"
192090,1,2320.4,2320.4,False,1.0,"{""inversion_rho"":null,""inversion_channel"":16.5,""period_ms"":79.89978790283203}"
192090,1,2338.3999,2338.3999,False,1.0,"{""inversion_rho"":null,""inversion_channel"":18.5,""period_ms"":null}"
192090,1,2349.9,2349.9,False,0.375,"{""inversion_rho"":null,""inversion_channel"":19.5,""period_ms"":null}"
192090,1,2384.5999,2384.5999,False,1.0,"{""inversion_rho"":null,""inversion_channel"":15.0,""period_ms"":32.000064849853516}"
192090,1,2418.4,2418.4,False,1.0,"{""inversion_rho"":null,""inversion_channel"":14.0,""period_ms"":32.000064849853516}"
192090,1,2450.4001,2450.4001,False,1.0,"{""inversion_rho"":null,""inversion_channel"":14.5,""period_ms"":32.000064849853516}"
192090,1,2468.3001,2468.3001,False,1.0,"{""inversion_rho"":null,""inversion_channel"":16.5,""period_ms"":32.000064849853516}"
192090,1,2513.7,2513.7,False,1.0,"{""inversion_rho"":null,""inversion_channel"":15.5,""period_ms"":20.49994468688965}"
192090,1,2553.9,2553.9,False,1.0,"{""inversion_rho"":null,""inversion_channel"":16.5,""period_ms"":20.49994468688965}"
192090,1,2594.1,2594.1,False,1.0,"{""inversion_rho"":null,""inversion_channel"":17.5,""period_ms"":20.49994468688965}"
192090,1,2626.6,2626.6,False,1.0,"{""inversion_rho"":null,""inversion_channel"":17.0,""period_ms"":20.49994468688965}"
192090,1,2654.0999,2654.0999,False,1.0,"{""inversion_rho"":null,""inversion_channel"":16.5,""period_ms"":20.49994468688965}"
192090,1,2679.1,2679.1,False,1.0,"{""inversion_rho"":null,""inversion_channel"":16.5,""period_ms"":20.49994468688965}"
192090,1,2702.1,2702.1,False,1.0,"{""inversion_rho"":null,""inversion_channel"":14.0,""period_ms"":20.49994468688965}"
192090,1,2715.8999,2715.8999,False,1.0,"{""inversion_rho"":null,""inversion_channel"":15.5,""period_ms"":20.49994468688965}"
192090,1,2744.2,2744.2,False,1.0,"{""inversion_rho"":null,""inversion_channel"":13.5,""period_ms"":20.49994468688965}"
192090,1,2758.8999,2758.8999,False,1.0,"{""inversion_rho"":null,""inversion_channel"":13.5,""period_ms"":20.49994468688965}"
192090,1,2786.0,2786.0,False,1.0,"{""inversion_rho"":null,""inversion_channel"":14.0,""period_ms"":20.49994468688965}"
192090,1,2808.3999,2808.3999,False,1.0,"{""inversion_rho"":null,""inversion_channel"":14.5,""period_ms"":20.49994468688965}"
192090,1,2826.2999,2826.2999,False,0.25,"{""inversion_rho"":null,""inversion_channel"":25.5,""period_ms"":20.49994468688965}"
192090,1,2846.2999,2846.2999,False,1.0,"{""inversion_rho"":null,""inversion_channel"":14.5,""period_ms"":20.49994468688965}"
192090,1,2857.1999,2857.1999,False,0.375,"{""inversion_rho"":null,""inversion_channel"":25.5,""period_ms"":20.49994468688965}"
192090,1,2874.3999,2874.3999,False,1.0,"{""inversion_rho"":null,""inversion_channel"":15.5,""period_ms"":20.49994468688965}"
192090,1,2892.9,2892.9,False,1.0,"{""inversion_rho"":null,""inversion_channel"":13.0,""period_ms"":20.49994468688965}"
192090,1,2905.9,2905.9,False,1.0,"{""inversion_rho"":null,""inversion_channel"":14.5,""period_ms"":20.49994468688965}"
192090,1,2920.3,2920.3,False,0.375,"{""inversion_rho"":null,""inversion_channel"":30.5,""period_ms"":20.49994468688965}"
192090,1,2941.2999,2941.2999,False,1.0,"{""inversion_rho"":null,""inversion_channel"":14.0,""period_ms"":20.49994468688965}"
192090,1,2966.7001,2966.7001,False,1.0,"{""inversion_rho"":null,""inversion_channel"":13.0,""period_ms"":20.49994468688965}"
192090,1,2980.9999,2980.9999,False,1.0,"{""inversion_rho"":null,""inversion_channel"":15.5,""period_ms"":20.49994468688965}"
192090,1,2995.6999,2995.6999,False,0.25,"{""inversion_rho"":null,""inversion_channel"":30.5,""period_ms"":20.49994468688965}"
192090,1,3012.5,3012.5,False,1.0,"{""inversion_rho"":null,""inversion_channel"":14.5,""period_ms"":20.49994468688965}"
192090,1,3037.2,3037.2,False,1.0,"{""inversion_rho"":null,""inversion_channel"":14.0,""period_ms"":20.49994468688965}"
192090,1,3045.5,3045.5,False,1.0,"{""inversion_rho"":null,""inversion_channel"":15.5,""period_ms"":19.60015296936035}"
192090,1,3058.5999,3058.5999,False,0.375,"{""inversion_rho"":null,""inversion_channel"":33.5,""period_ms"":19.60015296936035}"
192090,1,3078.2001,3078.2001,False,1.0,"{""inversion_rho"":null,""inversion_channel"":15.5,""period_ms"":19.60015296936035}"
192090,1,3104.1999,3104.1999,False,1.0,"{""inversion_rho"":null,""inversion_channel"":13.5,""period_ms"":19.60015296936035}"
192090,1,3116.9,3116.9,False,1.0,"{""inversion_rho"":null,""inversion_channel"":14.5,""period_ms"":19.60015296936035}"
192090,1,3128.7999,3128.7999,False,1.0,"{""inversion_rho"":null,""inversion_channel"":21.0,""period_ms"":19.60015296936035}"
192090,1,3146.6,3146.6,False,1.0,"{""inversion_rho"":null,""inversion_channel"":14.5,""period_ms"":19.60015296936035}"
192090,1,3171.6001,3171.6001,False,1.0,"{""inversion_rho"":null,""inversion_channel"":16.5,""period_ms"":19.60015296936035}"
192090,1,3194.9999,3194.9999,False,1.0,"{""inversion_rho"":null,""inversion_channel"":14.5,""period_ms"":19.60015296936035}"
192090,1,3222.6,3222.6,False,1.0,"{""inversion_rho"":null,""inversion_channel"":14.0,""period_ms"":19.60015296936035}"
192090,1,3237.7999,3237.7999,False,1.0,"{""inversion_rho"":null,""inversion_channel"":16.5,""period_ms"":19.60015296936035}"
192090,1,3270.8001,3270.8001,False,1.0,"{""inversion_rho"":null,""inversion_channel"":15.0,""period_ms"":19.60015296936035}"
192090,1,3293.2,3293.2,False,1.0,"{""inversion_rho"":null,""inversion_channel"":14.5,""period_ms"":19.60015296936035}"
192090,1,3303.7,3303.7,False,0.625,"{""inversion_rho"":null,""inversion_channel"":22.5,""period_ms"":19.60015296936035}"
192090,1,3335.7,3335.7,False,1.0,"{""inversion_rho"":null,""inversion_channel"":16.0,""period_ms"":null}"
192090,1,3377.8999,3377.8999,False,1.0,"{""inversion_rho"":null,""inversion_channel"":15.5,""period_ms"":null}"
192090,1,3388.0999,3388.0999,False,0.375,"{""inversion_rho"":null,""inversion_channel"":31.5,""period_ms"":null}"
192090,1,3422.3001,3422.3001,False,1.0,"{""inversion_rho"":null,""inversion_channel"":11.5,""period_ms"":null}"
192090,1,3432.9,3432.9,False,0.25,"{""inversion_rho"":null,""inversion_channel"":31.5,""period_ms"":25.099992752075195}"
192090,1,3465.6999,3465.6999,False,1.0,"{""inversion_rho"":null,""inversion_channel"":14.0,""period_ms"":25.099992752075195}"
192090,1,3490.7999,3490.7999,False,1.0,"{""inversion_rho"":null,""inversion_channel"":12.5,""period_ms"":25.099992752075195}"
192090,1,3513.2999,3513.2999,False,1.0,"{""inversion_rho"":null,""inversion_channel"":10.5,""period_ms"":25.099992752075195}"
192090,1,3579.2999,3579.2999,False,1.0,"{""inversion_rho"":null,""inversion_channel"":13.0,""period_ms"":57.449936866760254}"
192090,1,3609.4,3609.4,False,1.0,"{""inversion_rho"":null,""inversion_channel"":12.0,""period_ms"":57.449936866760254}"
192090,1,3668.8001,3668.8001,False,1.0,"{""inversion_rho"":null,""inversion_channel"":12.5,""period_ms"":57.449936866760254}"
192090,1,3724.2999,3724.2999,False,1.0,"{""inversion_rho"":null,""inversion_channel"":10.0,""period_ms"":57.449936866760254}"
192090,1,3813.9999,3813.9999,False,1.0,"{""inversion_rho"":null,""inversion_channel"":9.5,""period_ms"":57.449936866760254}"
192090,1,3894.1,3894.1,False,0.375,"{""inversion_rho"":null,""inversion_channel"":18.5,""period_ms"":57.449936866760254}"
192090,1,3931.2999,3931.2999,False,0.25,"{""inversion_rho"":null,""inversion_channel"":10.5,""period_ms"":57.449936866760254}"
192090,1,3937.9001,3937.9001,False,1.0,"{""inversion_rho"":null,""inversion_channel"":5.5,""period_ms"":null}"
192090,1,3946.5001,3946.5001,False,1.0,"{""inversion_rho"":null,""inversion_channel"":11.5,""period_ms"":null}"
192090,1,4019.8002,4019.8002,False,1.0,"{""inversion_rho"":null,""inversion_channel"":10.5,""period_ms"":37.80007362365723}"
192090,1,4072.0,4072.0,False,1.0,"{""inversion_rho"":null,""inversion_channel"":11.5,""period_ms"":37.80007362365723}"
192090,1,4113.5998,4113.5998,False,1.0,"{""inversion_rho"":null,""inversion_channel"":12.5,""period_ms"":37.80007362365723}"
192090,1,4147.6002,4147.6002,False,1.0,"{""inversion_rho"":null,""inversion_channel"":14.5,""period_ms"":37.80007362365723}"
192090,1,4164.4001,4164.4001,False,1.0,"{""inversion_rho"":null,""inversion_channel"":15.0,""period_ms"":37.80007362365723}"
192090,1,4208.0998,4208.0998,False,1.0,"{""inversion_rho"":null,""inversion_channel"":12.5,""period_ms"":24.199962615966797}"
192090,1,4222.4002,4222.4002,False,1.0,"{""inversion_rho"":null,""inversion_channel"":14.5,""period_ms"":24.199962615966797}"
192090,1,4253.5,4253.5,False,1.0,"{""inversion_rho"":null,""inversion_channel"":13.5,""period_ms"":24.199962615966797}"
192090,1,4273.3002,4273.3002,False,1.0,"{""inversion_rho"":null,""inversion_channel"":15.5,""period_ms"":24.199962615966797}"
192090,1,4312.6001,4312.6001,False,1.0,"{""inversion_rho"":null,""inversion_channel"":16.0,""period_ms"":24.199962615966797}"
192090,1,4339.0002,4339.0002,False,1.0,"{""inversion_rho"":null,""inversion_channel"":17.0,""period_ms"":24.199962615966797}"
192090,1,4361.0001,4361.0001,False,1.0,"{""inversion_rho"":null,""inversion_channel"":40.0,""period_ms"":24.199962615966797}"
192090,1,4366.7998,4366.7998,False,1.0,"{""inversion_rho"":null,""inversion_channel"":17.5,""period_ms"":null}"
192090,1,4388.8001,4388.8001,False,1.0,"{""inversion_rho"":null,""inversion_channel"":13.5,""period_ms"":null}"
192090,1,4397.2001,4397.2001,False,1.0,"{""inversion_rho"":null,""inversion_channel"":16.5,""period_ms"":26.099681854248047}"
192090,1,4423.2998,4423.2998,False,1.0,"{""inversion_rho"":null,""inversion_channel"":13.5,""period_ms"":26.099681854248047}"
192090,1,4438.7002,4438.7002,False,1.0,"{""inversion_rho"":null,""inversion_channel"":14.5,""period_ms"":26.099681854248047}"
192090,1,4471.4999,4471.4999,False,1.0,"{""inversion_rho"":null,""inversion_channel"":16.5,""period_ms"":26.099681854248047}"
192090,1,4480.5999,4480.5999,False,0.375,"{""inversion_rho"":null,""inversion_channel"":32.5,""period_ms"":10.750055313110352}"
192090,1,4493.8998,4493.8998,False,1.0,"{""inversion_rho"":null,""inversion_channel"":14.0,""period_ms"":10.750055313110352}"
192090,1,4502.1,4502.1,False,1.0,"{""inversion_rho"":null,""inversion_channel"":14.0,""period_ms"":10.750055313110352}"
192090,1,4531.7998,4531.7998,False,1.0,"{""inversion_rho"":null,""inversion_channel"":15.5,""period_ms"":9.95016098022461}"
192090,1,4540.7,4540.7,False,0.875,"{""inversion_rho"":null,""inversion_channel"":33.5,""period_ms"":9.95016098022461}"
192090,1,4553.7,4553.7,False,1.0,"{""inversion_rho"":null,""inversion_channel"":13.0,""period_ms"":9.95016098022461}"
192090,1,4560.9999,4560.9999,False,1.0,"{""inversion_rho"":null,""inversion_channel"":14.0,""period_ms"":9.95016098022461}"
192090,1,4568.9998,4568.9998,False,0.625,"{""inversion_rho"":null,""inversion_channel"":32.0,""period_ms"":9.95016098022461}"
192090,1,4584.8999,4584.8999,False,1.0,"{""inversion_rho"":null,""inversion_channel"":13.5,""period_ms"":9.95016098022461}"
192090,1,4593.4,4593.4,False,1.0,"{""inversion_rho"":null,""inversion_channel"":15.5,""period_ms"":9.95016098022461}"
192090,1,4605.5999,4605.5999,False,0.375,"{""inversion_rho"":null,""inversion_channel"":34.5,""period_ms"":9.95016098022461}"
192090,1,4616.6,4616.6,False,0.875,"{""inversion_rho"":null,""inversion_channel"":13.0,""period_ms"":9.95016098022461}"
192090,1,4624.3,4624.3,False,1.0,"{""inversion_rho"":null,""inversion_channel"":15.0,""period_ms"":9.95016098022461}"
192090,1,4636.0998,4636.0998,False,0.25,"{""inversion_rho"":null,""inversion_channel"":33.5,""period_ms"":9.95016098022461}"
192090,1,4647.5,4647.5,False,0.75,"{""inversion_rho"":null,""inversion_channel"":13.5,""period_ms"":9.95016098022461}"
192090,1,4655.6001,4655.6001,False,1.0,"{""inversion_rho"":null,""inversion_channel"":14.5,""period_ms"":9.95016098022461}"
192090,1,4677.1998,4677.1998,False,1.0,"{""inversion_rho"":null,""inversion_channel"":13.5,""period_ms"":null}"
192090,1,4685.6999,4685.6999,False,1.0,"{""inversion_rho"":null,""inversion_channel"":14.5,""period_ms"":null}"
192090,1,4715.3001,4715.3001,False,1.0,"{""inversion_rho"":null,""inversion_channel"":16.5,""period_ms"":18.599987030029297}"
192090,1,4726.8,4726.8,False,0.25,"{""inversion_rho"":null,""inversion_channel"":33.5,""period_ms"":18.599987030029297}"
192090,1,4745.4,4745.4,False,1.0,"{""inversion_rho"":null,""inversion_channel"":14.5,""period_ms"":18.599987030029297}"
192090,1,4775.1999,4775.1999,False,1.0,"{""inversion_rho"":null,""inversion_channel"":15.5,""period_ms"":18.599987030029297}"
192090,1,4785.6002,4785.6002,False,0.75,"{""inversion_rho"":null,""inversion_channel"":33.5,""period_ms"":12.399911880493164}"
192090,1,4798.1,4798.1,False,0.875,"{""inversion_rho"":null,""inversion_channel"":15.0,""period_ms"":12.399911880493164}"
192090,1,4809.8001,4809.8001,False,1.0,"{""inversion_rho"":null,""inversion_channel"":14.5,""period_ms"":12.399911880493164}"
192090,1,4821.1002,4821.1002,False,0.25,"{""inversion_rho"":null,""inversion_channel"":33.0,""period_ms"":12.399911880493164}"
192090,1,4842.0,4842.0,False,1.0,"{""inversion_rho"":null,""inversion_channel"":16.5,""period_ms"":12.399911880493164}"
192090,1,4854.3,4854.3,False,0.25,"{""inversion_rho"":null,""inversion_channel"":24.5,""period_ms"":12.399911880493164}"
192090,1,4870.9998,4870.9998,False,1.0,"{""inversion_rho"":null,""inversion_channel"":14.5,""period_ms"":12.399911880493164}"
192090,1,4881.8002,4881.8002,False,0.25,"{""inversion_rho"":null,""inversion_channel"":33.5,""period_ms"":12.399911880493164}"
192090,1,4900.4998,4900.4998,False,1.0,"{""inversion_rho"":null,""inversion_channel"":15.0,""period_ms"":12.399911880493164}"
192090,1,4908.2999,4908.2999,False,0.5,"{""inversion_rho"":null,""inversion_channel"":25.0,""period_ms"":12.399911880493164}"
192090,1,4922.6999,4922.6999,False,1.0,"{""inversion_rho"":null,""inversion_channel"":13.0,""period_ms"":12.399911880493164}"
192090,1,4935.2999,4935.2999,False,1.0,"{""inversion_rho"":null,""inversion_channel"":14.5,""period_ms"":12.399911880493164}"
192090,1,4948.2002,4948.2002,False,0.875,"{""inversion_rho"":null,""inversion_channel"":31.5,""period_ms"":12.399911880493164}"
192090,1,4969.2998,4969.2998,False,1.0,"{""inversion_rho"":null,""inversion_channel"":15.5,""period_ms"":12.399911880493164}"
192090,1,4979.1002,4979.1002,False,0.625,"{""inversion_rho"":null,""inversion_channel"":33.5,""period_ms"":12.399911880493164}"
192090,1,4990.9,4990.9,False,1.0,"{""inversion_rho"":null,""inversion_channel"":13.5,""period_ms"":12.399911880493164}"
192090,1,5000.1001,5000.1001,False,1.0,"{""inversion_rho"":null,""inversion_channel"":16.5,""period_ms"":12.399911880493164}"
192090,1,5010.7999,5010.7999,False,0.5,"{""inversion_rho"":null,""inversion_channel"":28.5,""period_ms"":12.399911880493164}"
192090,1,5030.9,5030.9,False,1.0,"{""inversion_rho"":null,""inversion_channel"":15.5,""period_ms"":12.399911880493164}"
192090,1,5040.5002,5040.5002,False,0.625,"{""inversion_rho"":null,""inversion_channel"":25.5,""period_ms"":12.399911880493164}"
192090,1,5052.8002,5052.8002,False,1.0,"{""inversion_rho"":null,""inversion_channel"":13.5,""period_ms"":12.399911880493164}"
192090,1,5060.9002,5060.9002,False,1.0,"{""inversion_rho"":null,""inversion_channel"":15.5,""period_ms"":12.399911880493164}"
192090,1,5072.5002,5072.5002,False,0.5,"{""inversion_rho"":null,""inversion_channel"":24.5,""period_ms"":12.399911880493164}"
192090,1,5087.1,5087.1,False,1.0,"{""inversion_rho"":null,""inversion_channel"":15.5,""period_ms"":12.399911880493164}"
192090,1,5107.2001,5107.2001,False,1.0,"{""inversion_rho"":null,""inversion_channel"":13.5,""period_ms"":12.399911880493164}"
192090,1,5118.3,5118.3,False,1.0,"{""inversion_rho"":null,""inversion_channel"":13.5,""period_ms"":12.399911880493164}"
192090,1,5131.0,5131.0,False,1.0,"{""inversion_rho"":null,""inversion_channel"":15.5,""period_ms"":12.399911880493164}"
192090,1,5147.6002,5147.6002,False,0.875,"{""inversion_rho"":null,""inversion_channel"":31.5,""period_ms"":12.399911880493164}"
192090,1,5170.4001,5170.4001,False,1.0,"{""inversion_rho"":null,""inversion_channel"":15.5,""period_ms"":12.399911880493164}"
192090,1,5181.3998,5181.3998,False,0.25,"{""inversion_rho"":null,""inversion_channel"":27.5,""period_ms"":12.399911880493164}"
192090,1,5198.7,5198.7,False,0.875,"{""inversion_rho"":null,""inversion_channel"":15.5,""period_ms"":12.399911880493164}"
192090,1,5204.2999,5204.2999,False,0.375,"{""inversion_rho"":null,""inversion_channel"":32.5,""period_ms"":15.200138092041016}"
192090,1,5220.6001,5220.6001,False,1.0,"{""inversion_rho"":null,""inversion_channel"":13.5,""period_ms"":15.200138092041016}"
192090,1,5234.0999,5234.0999,False,1.0,"{""inversion_rho"":null,""inversion_channel"":15.5,""period_ms"":15.200138092041016}"
192090,1,5248.1999,5248.1999,False,0.375,"{""inversion_rho"":null,""inversion_channel"":31.5,""period_ms"":15.200138092041016}"
192090,1,5267.9,5267.9,False,1.0,"{""inversion_rho"":null,""inversion_channel"":15.5,""period_ms"":15.200138092041016}"
192090,1,5275.8999,5275.8999,False,0.625,"{""inversion_rho"":null,""inversion_channel"":28.5,""period_ms"":15.200138092041016}"
192090,1,5295.3,5295.3,False,1.0,"{""inversion_rho"":null,""inversion_channel"":15.5,""period_ms"":15.200138092041016}"
192090,1,5302.8998,5302.8998,False,0.375,"{""inversion_rho"":null,""inversion_channel"":32.0,""period_ms"":24.499893188476562}"
192090,1,5318.8,5318.8,False,1.0,"{""inversion_rho"":null,""inversion_channel"":15.0,""period_ms"":24.499893188476562}"
192090,1,5343.2999,5343.2999,False,1.0,"{""inversion_rho"":null,""inversion_channel"":15.5,""period_ms"":24.499893188476562}"
192090,1,5380.6,5380.6,False,1.0,"{""inversion_rho"":null,""inversion_channel"":17.0,""period_ms"":24.499893188476562}"
192090,1,5386.4999,5386.4999,False,0.5,"{""inversion_rho"":null,""inversion_channel"":32.5,""period_ms"":17.799854278564453}"
192090,1,5412.3001,5412.3001,False,1.0,"{""inversion_rho"":null,""inversion_channel"":16.5,""period_ms"":17.799854278564453}"
192090,1,5423.8,5423.8,False,0.75,"{""inversion_rho"":null,""inversion_channel"":32.5,""period_ms"":17.799854278564453}"
192090,1,5441.9999,5441.9999,False,1.0,"{""inversion_rho"":null,""inversion_channel"":17.5,""period_ms"":17.799854278564453}"
192090,1,5453.5999,5453.5999,False,0.375,"{""inversion_rho"":null,""inversion_channel"":24.5,""period_ms"":17.799854278564453}"
192090,1,5471.3998,5471.3998,False,1.0,"{""inversion_rho"":null,""inversion_channel"":15.5,""period_ms"":17.799854278564453}"
192090,1,5496.9001,5496.9001,False,1.0,"{""inversion_rho"":null,""inversion_channel"":14.0,""period_ms"":17.799854278564453}"
192090,1,5512.8002,5512.8002,False,1.0,"{""inversion_rho"":null,""inversion_channel"":16.5,""period_ms"":17.799854278564453}"
192090,1,5539.7,5539.7,False,1.0,"{""inversion_rho"":null,""inversion_channel"":13.5,""period_ms"":17.799854278564453}"
192090,1,5552.5999,5552.5999,False,1.0,"{""inversion_rho"":null,""inversion_channel"":16.5,""period_ms"":17.799854278564453}"
192090,1,5589.7002,5589.7002,False,1.0,"{""inversion_rho"":null,""inversion_channel"":15.5,""period_ms"":29.649972915649414}"
192090,1,5621.6002,5621.6002,False,1.0,"{""inversion_rho"":null,""inversion_channel"":17.5,""period_ms"":29.649972915649414}"
192090,1,5645.8998,5645.8998,False,1.0,"{""inversion_rho"":null,""inversion_channel"":14.5,""period_ms"":29.649972915649414}"
192090,1,5668.3002,5668.3002,False,1.0,"{""inversion_rho"":null,""inversion_channel"":12.5,""period_ms"":29.649972915649414}"
192090,1,5698.0,5698.0,False,1.0,"{""inversion_rho"":null,""inversion_channel"":13.5,""period_ms"":29.649972915649414}"
192090,1,5720.3002,5720.3002,False,1.0,"{""inversion_rho"":null,""inversion_channel"":12.5,""period_ms"":29.649972915649414}"
192090,1,5752.6999,5752.6999,False,1.0,"{""inversion_rho"":null,""inversion_channel"":31.0,""period_ms"":29.649972915649414}"
192090,1,5778.5001,5778.5001,False,1.0,"{""inversion_rho"":null,""inversion_channel"":12.0,""period_ms"":29.649972915649414}"
192090,1,5810.8001,5810.8001,False,1.0,"{""inversion_rho"":null,""inversion_channel"":40.0,""period_ms"":29.649972915649414}"
192090,1,5828.5999,5828.5999,False,1.0,"{""inversion_rho"":null,""inversion_channel"":10.5,""period_ms"":29.649972915649414}"
192090,1,5858.2001,5858.2001,False,1.0,"{""inversion_rho"":null,""inversion_channel"":12.5,""period_ms"":29.649972915649414}"
192090,1,5891.6001,5891.6001,False,1.0,"{""inversion_rho"":null,""inversion_channel"":11.0,""period_ms"":29.649972915649414}"
192090,1,5930.8,5930.8,False,1.0,"{""inversion_rho"":null,""inversion_channel"":10.5,""period_ms"":29.649972915649414}"
192090,1,5974.7,5974.7,False,1.0,"{""inversion_rho"":null,""inversion_channel"":10.0,""period_ms"":29.649972915649414}"
192090,1,6008.5001,6008.5001,False,1.0,"{""inversion_rho"":null,""inversion_channel"":9.5,""period_ms"":29.649972915649414}"
192090,1,6025.6,6025.6,False,0.375,"{""inversion_rho"":null,""inversion_channel"":35.5,""period_ms"":29.649972915649414}"
192090,1,6034.2002,6034.2002,False,1.0,"{""inversion_rho"":null,""inversion_channel"":9.5,""period_ms"":29.649972915649414}"
192090,1,6066.1001,6066.1001,False,1.0,"{""inversion_rho"":null,""inversion_channel"":9.5,""period_ms"":31.04996681213379}"
192090,1,6102.5,6102.5,False,1.0,"{""inversion_rho"":null,""inversion_channel"":9.5,""period_ms"":31.04996681213379}"
192090,1,6128.2001,6128.2001,False,1.0,"{""inversion_rho"":null,""inversion_channel"":8.5,""period_ms"":31.04996681213379}"
192090,1,1324.3001,1624.9,True,1.0,"{""inversion_rho"":null,""inversion_channel"":16.5,""period_ms"":37.89997100830078}"
192090,1,1666.8,1803.6,True,1.0,"{""inversion_rho"":null,""inversion_channel"":14.0,""period_ms"":38.549959659576416}"
192090,1,1844.8,1936.0,True,1.0,"{""inversion_rho"":null,""inversion_channel"":13.5,""period_ms"":34.89995002746582}"
192090,1,1983.6,2320.4,True,1.0,"{""inversion_rho"":null,""inversion_channel"":11.0,""period_ms"":79.89978790283203}"
192090,1,2384.5999,2468.3001,True,1.0,"{""inversion_rho"":null,""inversion_channel"":14.75,""period_ms"":32.000064849853516}"
192090,1,2513.7,3037.2,True,1.0,"{""inversion_rho"":null,""inversion_channel"":15.5,""period_ms"":20.49994468688965}"
192090,1,3045.5,3303.7,True,1.0,"{""inversion_rho"":null,""inversion_channel"":15.25,""period_ms"":19.60015296936035}"
192090,1,3432.9,3513.2999,True,1.0,"{""inversion_rho"":null,""inversion_channel"":13.25,""period_ms"":25.099992752075195}"
192090,1,3579.2999,3931.2999,True,1.0,"{""inversion_rho"":null,""inversion_channel"":12.0,""period_ms"":57.449936866760254}"
192090,1,4019.8002,4164.4001,True,1.0,"{""inversion_rho"":null,""inversion_channel"":12.5,""period_ms"":37.80007362365723}"
192090,1,4208.0998,4361.0001,True,1.0,"{""inversion_rho"":null,""inversion_channel"":15.5,""period_ms"":24.199962615966797}"
192090,1,4397.2001,4471.4999,True,1.0,"{""inversion_rho"":null,""inversion_channel"":15.5,""period_ms"":26.099681854248047}"
192090,1,4480.5999,4502.1,True,1.0,"{""inversion_rho"":null,""inversion_channel"":14.0,""period_ms"":10.750055313110352}"
192090,1,4531.7998,4655.6001,True,1.0,"{""inversion_rho"":null,""inversion_channel"":15.0,""period_ms"":9.95016098022461}"
192090,1,4715.3001,4775.1999,True,1.0,"{""inversion_rho"":null,""inversion_channel"":16.0,""period_ms"":18.599987030029297}"
192090,1,4785.6002,5198.7,True,1.0,"{""inversion_rho"":null,""inversion_channel"":15.5,""period_ms"":12.399911880493164}"
192090,1,5204.2999,5295.3,True,1.0,"{""inversion_rho"":null,""inversion_channel"":15.5,""period_ms"":15.200138092041016}"
192090,1,5302.8998,5380.6,True,1.0,"{""inversion_rho"":null,""inversion_channel"":16.25,""period_ms"":24.499893188476562}"
192090,1,5386.4999,5552.5999,True,1.0,"{""inversion_rho"":null,""inversion_channel"":16.5,""period_ms"":17.799854278564453}"
192090,1,5589.7002,6034.2002,True,1.0,"{""inversion_rho"":null,""inversion_channel"":12.5,""period_ms"":29.649972915649414}"
192090,1,6066.1001,6128.2001,True,1.0,"{""inversion_rho"":null,""inversion_channel"":9.5,""period_ms"":31.04996681213379}"
192148,1,65.9,65.9,False,1.0,"{""inversion_rho"":null,""inversion_channel"":7.5,""period_ms"":null}"
192148,1,1074.2,1074.2,False,1.0,"{""inversion_rho"":null,""inversion_channel"":33.5,""period_ms"":null}"
192148,1,1228.5,1228.5,False,1.0,"{""inversion_rho"":null,""inversion_channel"":34.0,""period_ms"":null}"
192148,1,1728.9,1728.9,False,1.0,"{""inversion_rho"":null,""inversion_channel"":20.5,""period_ms"":null}"
192148,1,5127.6999,5127.6999,False,1.0,"{""inversion_rho"":null,""inversion_channel"":22.5,""period_ms"":64.10002708435059}"
192148,1,5168.4999,5168.4999,False,1.0,"{""inversion_rho"":null,""inversion_channel"":22.5,""period_ms"":64.10002708435059}"
192148,1,5255.8999,5255.8999,False,0.5,"{""inversion_rho"":null,""inversion_channel"":22.5,""period_ms"":64.10002708435059}"
192148,1,5277.8001,5277.8001,False,1.0,"{""inversion_rho"":null,""inversion_channel"":23.5,""period_ms"":13.899803161621094}"
192148,1,5294.7998,5294.7998,False,1.0,"{""inversion_rho"":null,""inversion_channel"":23.5,""period_ms"":13.899803161621094}"
192148,1,5310.5001,5310.5001,False,1.0,"{""inversion_rho"":null,""inversion_channel"":24.0,""period_ms"":13.899803161621094}"
192148,1,5324.8,5324.8,False,1.0,"{""inversion_rho"":null,""inversion_channel"":23.0,""period_ms"":13.899803161621094}"
192148,1,5340.3001,5340.3001,False,1.0,"{""inversion_rho"":null,""inversion_channel"":22.5,""period_ms"":13.899803161621094}"
192148,1,5358.2001,5358.2001,False,1.0,"{""inversion_rho"":null,""inversion_channel"":24.0,""period_ms"":13.899803161621094}"
192148,1,5371.3999,5371.3999,False,0.5,"{""inversion_rho"":null,""inversion_channel"":22.5,""period_ms"":13.899803161621094}"
192148,1,5387.1002,5387.1002,False,1.0,"{""inversion_rho"":null,""inversion_channel"":21.5,""period_ms"":13.899803161621094}"
192148,1,5401.3,5401.3,False,1.0,"{""inversion_rho"":null,""inversion_channel"":22.5,""period_ms"":13.899803161621094}"
192148,1,5415.5002,5415.5002,False,1.0,"{""inversion_rho"":null,""inversion_channel"":23.5,""period_ms"":13.899803161621094}"
192148,1,5429.5001,5429.5001,False,0.875,"{""inversion_rho"":null,""inversion_channel"":23.0,""period_ms"":13.899803161621094}"
192148,1,5443.1,5443.1,False,1.0,"{""inversion_rho"":null,""inversion_channel"":21.5,""period_ms"":13.899803161621094}"
192148,1,5456.6002,5456.6002,False,1.0,"{""inversion_rho"":null,""inversion_channel"":23.0,""period_ms"":13.899803161621094}"
192148,1,5469.9001,5469.9001,False,0.5,"{""inversion_rho"":null,""inversion_channel"":30.0,""period_ms"":13.899803161621094}"
192148,1,5482.8,5482.8,False,1.0,"{""inversion_rho"":null,""inversion_channel"":22.5,""period_ms"":13.899803161621094}"
192148,1,5495.9002,5495.9002,False,1.0,"{""inversion_rho"":null,""inversion_channel"":34.0,""period_ms"":13.899803161621094}"
192148,1,5508.6999,5508.6999,False,1.0,"{""inversion_rho"":null,""inversion_channel"":22.0,""period_ms"":13.899803161621094}"
192148,1,5522.1,5522.1,False,1.0,"{""inversion_rho"":null,""inversion_channel"":31.5,""period_ms"":13.899803161621094}"
192148,1,5535.5,5535.5,False,1.0,"{""inversion_rho"":null,""inversion_channel"":25.5,""period_ms"":13.899803161621094}"
192148,1,5549.3999,5549.3999,False,1.0,"{""inversion_rho"":null,""inversion_channel"":25.5,""period_ms"":13.899803161621094}"
192148,1,5601.1,5601.1,False,0.875,"{""inversion_rho"":null,""inversion_channel"":30.5,""period_ms"":null}"
192148,1,5127.6999,5255.8999,True,1.0,"{""inversion_rho"":null,""inversion_channel"":22.5,""period_ms"":64.10002708435059}"
192148,1,5277.8001,5549.3999,True,1.0,"{""inversion_rho"":null,""inversion_channel"":23.25,""period_ms"":13.899803161621094}"
192149,1,79.9,79.9,False,1.0,"{""inversion_rho"":null,""inversion_channel"":5.5,""period_ms"":null}"
192149,1,1157.1,1157.1,False,1.0,"{""inversion_rho"":null,""inversion_channel"":23.5,""period_ms"":null}"
192149,1,4398.3002,4398.3002,False,1.0,"{""inversion_rho"":null,""inversion_channel"":19.5,""period_ms"":120.8498477935791}"
192149,1,4476.6998,4476.6998,False,1.0,"{""inversion_rho"":null,""inversion_channel"":18.0,""period_ms"":120.8498477935791}"
192149,1,4639.9999,4639.9999,False,0.625,"{""inversion_rho"":null,""inversion_channel"":18.5,""period_ms"":120.8498477935791}"
192149,1,5116.3998,5116.3998,False,1.0,"{""inversion_rho"":null,""inversion_channel"":19.5,""period_ms"":16.099929809570312}"
192149,1,5164.3,5164.3,False,1.0,"{""inversion_rho"":null,""inversion_channel"":22.5,""period_ms"":16.099929809570312}"
192149,1,5204.8001,5204.8001,False,0.5,"{""inversion_rho"":null,""inversion_channel"":20.5,""period_ms"":16.099929809570312}"
192149,1,5237.5998,5237.5998,False,1.0,"{""inversion_rho"":null,""inversion_channel"":22.0,""period_ms"":16.099929809570312}"
192149,1,5263.0,5263.0,False,1.0,"{""inversion_rho"":null,""inversion_channel"":21.5,""period_ms"":16.099929809570312}"
192149,1,5282.7001,5282.7001,False,1.0,"{""inversion_rho"":null,""inversion_channel"":22.5,""period_ms"":16.099929809570312}"
192149,1,5302.7,5302.7,False,1.0,"{""inversion_rho"":null,""inversion_channel"":22.5,""period_ms"":16.099929809570312}"
192149,1,5323.9002,5323.9002,False,1.0,"{""inversion_rho"":null,""inversion_channel"":22.5,""period_ms"":16.099929809570312}"
192149,1,5341.8002,5341.8002,False,1.0,"{""inversion_rho"":null,""inversion_channel"":23.0,""period_ms"":16.099929809570312}"
192149,1,5357.9001,5357.9001,False,1.0,"{""inversion_rho"":null,""inversion_channel"":22.0,""period_ms"":16.099929809570312}"
192149,1,5381.1002,5381.1002,False,1.0,"{""inversion_rho"":null,""inversion_channel"":22.5,""period_ms"":16.099929809570312}"
192149,1,5397.1,5397.1,False,0.625,"{""inversion_rho"":null,""inversion_channel"":21.0,""period_ms"":16.099929809570312}"
192149,1,5416.8,5416.8,False,1.0,"{""inversion_rho"":null,""inversion_channel"":22.0,""period_ms"":16.099929809570312}"
192149,1,5432.0002,5432.0002,False,1.0,"{""inversion_rho"":null,""inversion_channel"":21.5,""period_ms"":16.099929809570312}"
192149,1,5453.0001,5453.0001,False,1.0,"{""inversion_rho"":null,""inversion_channel"":22.0,""period_ms"":16.099929809570312}"
192149,1,5468.5998,5468.5998,False,1.0,"{""inversion_rho"":null,""inversion_channel"":21.5,""period_ms"":16.099929809570312}"
192149,1,5481.9999,5481.9999,False,1.0,"{""inversion_rho"":null,""inversion_channel"":21.5,""period_ms"":16.099929809570312}"
192149,1,5500.0,5500.0,False,1.0,"{""inversion_rho"":null,""inversion_channel"":22.5,""period_ms"":16.099929809570312}"
192149,1,5514.4,5514.4,False,1.0,"{""inversion_rho"":null,""inversion_channel"":21.5,""period_ms"":16.099929809570312}"
192149,1,5528.6002,5528.6002,False,1.0,"{""inversion_rho"":null,""inversion_channel"":22.5,""period_ms"":16.099929809570312}"
192149,1,5542.3999,5542.3999,False,1.0,"{""inversion_rho"":null,""inversion_channel"":22.5,""period_ms"":16.099929809570312}"
192149,1,5557.0002,5557.0002,False,1.0,"{""inversion_rho"":null,""inversion_channel"":24.0,""period_ms"":16.099929809570312}"
192149,1,5570.9,5570.9,False,1.0,"{""inversion_rho"":null,""inversion_channel"":27.5,""period_ms"":16.099929809570312}"
192149,1,5584.7998,5584.7998,False,1.0,"{""inversion_rho"":null,""inversion_channel"":24.5,""period_ms"":16.099929809570312}"
192149,1,5599.4,5599.4,False,1.0,"{""inversion_rho"":null,""inversion_channel"":22.5,""period_ms"":16.099929809570312}"
192149,1,5614.1,5614.1,False,1.0,"{""inversion_rho"":null,""inversion_channel"":21.0,""period_ms"":16.099929809570312}"
192149,1,5629.3998,5629.3998,False,0.75,"{""inversion_rho"":null,""inversion_channel"":18.0,""period_ms"":16.099929809570312}"
192149,1,5659.2002,5659.2002,False,0.375,"{""inversion_rho"":null,""inversion_channel"":20.5,""period_ms"":16.099929809570312}"
192149,1,4398.3002,4639.9999,True,1.0,"{""inversion_rho"":null,""inversion_channel"":18.5,""period_ms"":120.8498477935791}"
192149,1,5116.3998,5659.2002,True,1.0,"{""inversion_rho"":null,""inversion_channel"":22.0,""period_ms"":16.099929809570312}"
192152,1,82.7,82.7,False,0.5,"{""inversion_rho"":null,""inversion_channel"":3.5,""period_ms"":null}"
192152,1,2478.4999,2478.4999,False,0.25,"{""inversion_rho"":null,""inversion_channel"":18.5,""period_ms"":null}"
192152,1,2484.4999,2484.4999,False,1.0,"{""inversion_rho"":null,""inversion_channel"":17.5,""period_ms"":null}"
192152,1,2642.4999,2642.4999,False,0.625,"{""inversion_rho"":null,""inversion_channel"":19.0,""period_ms"":null}"
192152,1,2921.7999,2921.7999,False,1.0,"{""inversion_rho"":null,""inversion_channel"":19.0,""period_ms"":90.60001373291016}"
192152,1,2972.7001,2972.7001,False,0.875,"{""inversion_rho"":null,""inversion_channel"":18.5,""period_ms"":90.60001373291016}"
192152,1,3059.7,3059.7,False,1.0,"{""inversion_rho"":null,""inversion_channel"":18.5,""period_ms"":90.60001373291016}"
192152,1,3172.4,3172.4,False,1.0,"{""inversion_rho"":null,""inversion_channel"":20.0,""period_ms"":90.60001373291016}"
192152,1,3263.0,3263.0,False,1.0,"{""inversion_rho"":null,""inversion_channel"":17.5,""period_ms"":90.60001373291016}"
192152,1,3431.2999,3431.2999,False,0.375,"{""inversion_rho"":null,""inversion_channel"":19.0,""period_ms"":90.60001373291016}"
192152,1,3491.8001,3491.8001,False,0.625,"{""inversion_rho"":null,""inversion_channel"":18.5,""period_ms"":85.3499174118042}"
192152,1,3602.5,3602.5,False,1.0,"{""inversion_rho"":null,""inversion_channel"":19.0,""period_ms"":85.3499174118042}"
192152,1,3662.4999,3662.4999,False,1.0,"{""inversion_rho"":null,""inversion_channel"":17.5,""period_ms"":85.3499174118042}"
192152,1,3881.2001,3881.2001,False,0.375,"{""inversion_rho"":null,""inversion_channel"":19.0,""period_ms"":null}"
192152,1,4044.4002,4044.4002,False,0.375,"{""inversion_rho"":null,""inversion_channel"":20.5,""period_ms"":null}"
192152,1,4099.8998,4099.8998,False,0.75,"{""inversion_rho"":null,""inversion_channel"":18.5,""period_ms"":null}"
192152,1,4153.1,4153.1,False,0.375,"{""inversion_rho"":null,""inversion_channel"":19.0,""period_ms"":null}"
192152,1,4422.5998,4422.5998,False,0.625,"{""inversion_rho"":null,""inversion_channel"":18.0,""period_ms"":55.90009689331055}"
192152,1,4480.4001,4480.4001,False,0.875,"{""inversion_rho"":null,""inversion_channel"":18.5,""period_ms"":55.90009689331055}"
192152,1,4534.4,4534.4,False,1.0,"{""inversion_rho"":null,""inversion_channel"":19.5,""period_ms"":55.90009689331055}"
192152,1,4750.8998,4750.8998,False,1.0,"{""inversion_rho"":null,""inversion_channel"":19.5,""period_ms"":122.80011177062988}"
192152,1,4862.0,4862.0,False,0.875,"{""inversion_rho"":null,""inversion_channel"":19.0,""period_ms"":122.80011177062988}"
192152,1,4996.5,4996.5,False,1.0,"{""inversion_rho"":null,""inversion_channel"":20.5,""period_ms"":122.80011177062988}"
192152,1,5047.9999,5047.9999,False,0.75,"{""inversion_rho"":null,""inversion_channel"":19.0,""period_ms"":56.10036849975586}"
192152,1,5104.1002,5104.1002,False,0.875,"{""inversion_rho"":null,""inversion_channel"":19.5,""period_ms"":56.10036849975586}"
192152,1,5157.1002,5157.1002,False,1.0,"{""inversion_rho"":null,""inversion_channel"":22.0,""period_ms"":56.10036849975586}"
192152,1,5235.0998,5235.0998,False,1.0,"{""inversion_rho"":null,""inversion_channel"":21.5,""period_ms"":56.10036849975586}"
192152,1,5244.9002,5244.9002,False,1.0,"{""inversion_rho"":null,""inversion_channel"":22.5,""period_ms"":15.199899673461914}"
192152,1,5275.1999,5275.1999,False,1.0,"{""inversion_rho"":null,""inversion_channel"":21.5,""period_ms"":15.199899673461914}"
192152,1,5295.4001,5295.4001,False,1.0,"{""inversion_rho"":null,""inversion_channel"":22.5,""period_ms"":15.199899673461914}"
192152,1,5315.8002,5315.8002,False,1.0,"{""inversion_rho"":null,""inversion_channel"":23.0,""period_ms"":15.199899673461914}"
192152,1,5333.2,5333.2,False,1.0,"{""inversion_rho"":null,""inversion_channel"":22.5,""period_ms"":15.199899673461914}"
192152,1,5353.0002,5353.0002,False,0.625,"{""inversion_rho"":null,""inversion_channel"":22.5,""period_ms"":15.199899673461914}"
192152,1,5374.0001,5374.0001,False,1.0,"{""inversion_rho"":null,""inversion_channel"":22.5,""period_ms"":15.199899673461914}"
192152,1,5391.9001,5391.9001,False,1.0,"{""inversion_rho"":null,""inversion_channel"":22.0,""period_ms"":15.199899673461914}"
192152,1,5407.7001,5407.7001,False,1.0,"{""inversion_rho"":null,""inversion_channel"":21.5,""period_ms"":15.199899673461914}"
192152,1,5429.2002,5429.2002,False,1.0,"{""inversion_rho"":null,""inversion_channel"":22.0,""period_ms"":15.199899673461914}"
192152,1,5444.2,5444.2,False,1.0,"{""inversion_rho"":null,""inversion_channel"":22.0,""period_ms"":15.199899673461914}"
192152,1,5463.6002,5463.6002,False,1.0,"{""inversion_rho"":null,""inversion_channel"":22.0,""period_ms"":15.199899673461914}"
192152,1,5478.4002,5478.4002,False,1.0,"{""inversion_rho"":null,""inversion_channel"":21.5,""period_ms"":15.199899673461914}"
192152,1,5493.7,5493.7,False,1.0,"{""inversion_rho"":null,""inversion_channel"":22.0,""period_ms"":15.199899673461914}"
192152,1,5508.6002,5508.6002,False,1.0,"{""inversion_rho"":null,""inversion_channel"":21.5,""period_ms"":15.199899673461914}"
192152,1,5523.7002,5523.7002,False,1.0,"{""inversion_rho"":null,""inversion_channel"":20.5,""period_ms"":15.199899673461914}"
192152,1,5538.4002,5538.4002,False,1.0,"{""inversion_rho"":null,""inversion_channel"":21.5,""period_ms"":15.199899673461914}"
192152,1,5553.1001,5553.1001,False,1.0,"{""inversion_rho"":null,""inversion_channel"":22.5,""period_ms"":15.199899673461914}"
192152,1,5567.8,5567.8,False,0.875,"{""inversion_rho"":null,""inversion_channel"":22.5,""period_ms"":15.199899673461914}"
192152,1,5582.5,5582.5,False,1.0,"{""inversion_rho"":null,""inversion_channel"":28.5,""period_ms"":15.199899673461914}"
192152,1,5596.9,5596.9,False,1.0,"{""inversion_rho"":null,""inversion_channel"":23.5,""period_ms"":15.199899673461914}"
192152,1,5611.1999,5611.1999,False,1.0,"{""inversion_rho"":null,""inversion_channel"":23.5,""period_ms"":15.199899673461914}"
192152,1,5625.4001,5625.4001,False,0.25,"{""inversion_rho"":null,""inversion_channel"":22.0,""period_ms"":15.199899673461914}"
192152,1,2921.7999,3431.2999,True,1.0,"{""inversion_rho"":null,""inversion_channel"":18.75,""period_ms"":90.60001373291016}"
192152,1,3491.8001,3662.4999,True,1.0,"{""inversion_rho"":null,""inversion_channel"":18.5,""period_ms"":85.3499174118042}"
192152,1,4422.5998,4534.4,True,1.0,"{""inversion_rho"":null,""inversion_channel"":18.5,""period_ms"":55.90009689331055}"
192152,1,4750.8998,4996.5,True,1.0,"{""inversion_rho"":null,""inversion_channel"":19.5,""period_ms"":122.80011177062988}"
192152,1,5047.9999,5235.0998,True,1.0,"{""inversion_rho"":null,""inversion_channel"":20.5,""period_ms"":56.10036849975586}"
192152,1,5244.9002,5625.4001,True,1.0,"{""inversion_rho"":null,""inversion_channel"":22.0,""period_ms"":15.199899673461914}"
192154,1,55.3,55.3,False,0.25,"{""inversion_rho"":null,""inversion_channel"":10.0,""period_ms"":null}"
192154,1,60.6,60.6,False,0.875,"{""inversion_rho"":null,""inversion_channel"":7.5,""period_ms"":null}"
192154,1,1117.6,1117.6,False,1.0,"{""inversion_rho"":null,""inversion_channel"":22.5,""period_ms"":54.29995059967041}"
192154,1,1166.6,1166.6,False,1.0,"{""inversion_rho"":null,""inversion_channel"":23.0,""period_ms"":54.29995059967041}"
192154,1,1226.6001,1226.6001,False,1.0,"{""inversion_rho"":null,""inversion_channel"":22.0,""period_ms"":54.29995059967041}"
192154,1,1292.5,1292.5,False,1.0,"{""inversion_rho"":null,""inversion_channel"":22.0,""period_ms"":54.29995059967041}"
192154,1,1353.0,1353.0,False,1.0,"{""inversion_rho"":null,""inversion_channel"":33.5,""period_ms"":54.29995059967041}"
192154,1,1418.4,1418.4,False,1.0,"{""inversion_rho"":null,""inversion_channel"":21.5,""period_ms"":54.29995059967041}"
192154,1,1482.9,1482.9,False,1.0,"{""inversion_rho"":null,""inversion_channel"":21.0,""period_ms"":54.29995059967041}"
192154,1,1536.6,1536.6,False,1.0,"{""inversion_rho"":null,""inversion_channel"":21.5,""period_ms"":54.29995059967041}"
192154,1,1592.8,1592.8,False,0.875,"{""inversion_rho"":null,""inversion_channel"":22.0,""period_ms"":54.29995059967041}"
192154,1,1647.1,1647.1,False,1.0,"{""inversion_rho"":null,""inversion_channel"":20.5,""period_ms"":54.29995059967041}"
192154,1,1699.1,1699.1,False,0.875,"{""inversion_rho"":null,""inversion_channel"":20.0,""period_ms"":54.29995059967041}"
192154,1,1750.7,1750.7,False,1.0,"{""inversion_rho"":null,""inversion_channel"":19.5,""period_ms"":54.29995059967041}"
192154,1,1802.6,1802.6,False,1.0,"{""inversion_rho"":null,""inversion_channel"":20.5,""period_ms"":54.29995059967041}"
192154,1,1856.6,1856.6,False,1.0,"{""inversion_rho"":null,""inversion_channel"":19.0,""period_ms"":54.29995059967041}"
192154,1,1866.4,1866.4,False,1.0,"{""inversion_rho"":null,""inversion_channel"":19.5,""period_ms"":54.69989776611328}"
192154,1,1917.4,1917.4,False,1.0,"{""inversion_rho"":null,""inversion_channel"":20.5,""period_ms"":54.69989776611328}"
192154,1,1970.8,1970.8,False,1.0,"{""inversion_rho"":null,""inversion_channel"":19.5,""period_ms"":54.69989776611328}"
192154,1,2027.1001,2027.1001,False,1.0,"{""inversion_rho"":null,""inversion_channel"":19.5,""period_ms"":54.69989776611328}"
192154,1,2079.5,2079.5,False,1.0,"{""inversion_rho"":null,""inversion_channel"":19.0,""period_ms"":54.69989776611328}"
192154,1,2129.6999,2129.6999,False,0.5,"{""inversion_rho"":null,""inversion_channel"":21.0,""period_ms"":54.69989776611328}"
192154,1,2180.3999,2180.3999,False,1.0,"{""inversion_rho"":null,""inversion_channel"":20.0,""period_ms"":54.69989776611328}"
192154,1,2238.8,2238.8,False,1.0,"{""inversion_rho"":null,""inversion_channel"":19.5,""period_ms"":54.69989776611328}"
192154,1,2289.5,2289.5,False,1.0,"{""inversion_rho"":null,""inversion_channel"":19.5,""period_ms"":54.69989776611328}"
192154,1,2344.3999,2344.3999,False,1.0,"{""inversion_rho"":null,""inversion_channel"":20.0,""period_ms"":54.69989776611328}"
192154,1,2398.6001,2398.6001,False,1.0,"{""inversion_rho"":null,""inversion_channel"":19.5,""period_ms"":54.69989776611328}"
192154,1,2455.1001,2455.1001,False,1.0,"{""inversion_rho"":null,""inversion_channel"":18.5,""period_ms"":54.69989776611328}"
192154,1,2507.2,2507.2,False,1.0,"{""inversion_rho"":null,""inversion_channel"":19.5,""period_ms"":54.69989776611328}"
192154,1,2560.1001,2560.1001,False,1.0,"{""inversion_rho"":null,""inversion_channel"":19.5,""period_ms"":54.69989776611328}"
192154,1,2613.6,2613.6,False,1.0,"{""inversion_rho"":null,""inversion_channel"":19.0,""period_ms"":54.69989776611328}"
192154,1,2669.1,2669.1,False,1.0,"{""inversion_rho"":null,""inversion_channel"":19.5,""period_ms"":54.69989776611328}"
192154,1,2722.4,2722.4,False,1.0,"{""inversion_rho"":null,""inversion_channel"":19.5,""period_ms"":54.69989776611328}"
192154,1,2775.6,2775.6,False,1.0,"{""inversion_rho"":null,""inversion_channel"":20.0,""period_ms"":54.69989776611328}"
192154,1,2831.3,2831.3,False,1.0,"{""inversion_rho"":null,""inversion_channel"":19.0,""period_ms"":54.69989776611328}"
192154,1,2889.6,2889.6,False,1.0,"{""inversion_rho"":null,""inversion_channel"":19.5,""period_ms"":54.69989776611328}"
192154,1,2941.9999,2941.9999,False,1.0,"{""inversion_rho"":null,""inversion_channel"":19.5,""period_ms"":54.69989776611328}"
192154,1,2997.4999,2997.4999,False,1.0,"{""inversion_rho"":null,""inversion_channel"":19.5,""period_ms"":54.69989776611328}"
192154,1,3054.8999,3054.8999,False,1.0,"{""inversion_rho"":null,""inversion_channel"":19.0,""period_ms"":54.69989776611328}"
192154,1,3110.5001,3110.5001,False,1.0,"{""inversion_rho"":null,""inversion_channel"":19.0,""period_ms"":54.69989776611328}"
192154,1,3166.5001,3166.5001,False,1.0,"{""inversion_rho"":null,""inversion_channel"":20.0,""period_ms"":54.69989776611328}"
192154,1,3221.2999,3221.2999,False,1.0,"{""inversion_rho"":null,""inversion_channel"":20.0,""period_ms"":54.69989776611328}"
192154,1,3280.1001,3280.1001,False,1.0,"{""inversion_rho"":null,""inversion_channel"":20.0,""period_ms"":54.69989776611328}"
192154,1,3332.5,3332.5,False,1.0,"{""inversion_rho"":null,""inversion_channel"":19.5,""period_ms"":54.69989776611328}"
192154,1,3388.7,3388.7,False,1.0,"{""inversion_rho"":null,""inversion_channel"":19.5,""period_ms"":54.69989776611328}"
192154,1,3445.1001,3445.1001,False,1.0,"{""inversion_rho"":null,""inversion_channel"":19.0,""period_ms"":54.69989776611328}"
192154,1,3499.7001,3499.7001,False,0.25,"{""inversion_rho"":null,""inversion_channel"":19.5,""period_ms"":54.69989776611328}"
192154,1,3557.3001,3557.3001,False,1.0,"{""inversion_rho"":null,""inversion_channel"":19.5,""period_ms"":54.69989776611328}"
192154,1,3609.4999,3609.4999,False,1.0,"{""inversion_rho"":null,""inversion_channel"":18.5,""period_ms"":54.69989776611328}"
192154,1,3616.2,3616.2,False,1.0,"{""inversion_rho"":null,""inversion_channel"":19.0,""period_ms"":53.40003967285156}"
192154,1,3666.4,3666.4,False,1.0,"{""inversion_rho"":null,""inversion_channel"":18.5,""period_ms"":53.40003967285156}"
192154,1,3721.2999,3721.2999,False,1.0,"{""inversion_rho"":null,""inversion_channel"":19.5,""period_ms"":53.40003967285156}"
192154,1,3773.9,3773.9,False,1.0,"{""inversion_rho"":null,""inversion_channel"":20.0,""period_ms"":53.40003967285156}"
192154,1,3828.1,3828.1,False,1.0,"{""inversion_rho"":null,""inversion_channel"":18.5,""period_ms"":53.40003967285156}"
192154,1,3837.4,3837.4,False,1.0,"{""inversion_rho"":null,""inversion_channel"":18.5,""period_ms"":55.55009841918945}"
192154,1,3889.6,3889.6,False,1.0,"{""inversion_rho"":null,""inversion_channel"":19.5,""period_ms"":55.55009841918945}"
192154,1,3945.8001,3945.8001,False,1.0,"{""inversion_rho"":null,""inversion_channel"":19.5,""period_ms"":55.55009841918945}"
192154,1,4002.8,4002.8,False,1.0,"{""inversion_rho"":null,""inversion_channel"":20.0,""period_ms"":55.55009841918945}"
192154,1,4058.3,4058.3,False,1.0,"{""inversion_rho"":null,""inversion_channel"":19.5,""period_ms"":55.55009841918945}"
192154,1,4115.5,4115.5,False,1.0,"{""inversion_rho"":null,""inversion_channel"":19.5,""period_ms"":55.55009841918945}"
192154,1,4169.0998,4169.0998,False,1.0,"{""inversion_rho"":null,""inversion_channel"":20.5,""period_ms"":55.55009841918945}"
192154,1,4224.1998,4224.1998,False,1.0,"{""inversion_rho"":null,""inversion_channel"":19.5,""period_ms"":55.55009841918945}"
192154,1,4293.4999,4293.4999,False,1.0,"{""inversion_rho"":null,""inversion_channel"":18.5,""period_ms"":55.55009841918945}"
192154,1,4344.8,4344.8,False,1.0,"{""inversion_rho"":null,""inversion_channel"":19.5,""period_ms"":55.55009841918945}"
192154,1,4400.4002,4400.4002,False,1.0,"{""inversion_rho"":null,""inversion_channel"":20.0,""period_ms"":55.55009841918945}"
192154,1,4456.2998,4456.2998,False,0.375,"{""inversion_rho"":null,""inversion_channel"":19.0,""period_ms"":55.55009841918945}"
192154,1,4513.4001,4513.4001,False,1.0,"{""inversion_rho"":null,""inversion_channel"":19.5,""period_ms"":55.55009841918945}"
192154,1,4567.6999,4567.6999,False,1.0,"{""inversion_rho"":null,""inversion_channel"":19.5,""period_ms"":55.55009841918945}"
192154,1,4625.4001,4625.4001,False,1.0,"{""inversion_rho"":null,""inversion_channel"":19.5,""period_ms"":55.55009841918945}"
192154,1,4682.4002,4682.4002,False,0.75,"{""inversion_rho"":null,""inversion_channel"":18.5,""period_ms"":55.55009841918945}"
192154,1,4735.4999,4735.4999,False,1.0,"{""inversion_rho"":null,""inversion_channel"":20.0,""period_ms"":55.55009841918945}"
192154,1,4788.8999,4788.8999,False,1.0,"{""inversion_rho"":null,""inversion_channel"":19.5,""period_ms"":55.55009841918945}"
192154,1,4838.6002,4838.6002,False,1.0,"{""inversion_rho"":null,""inversion_channel"":19.5,""period_ms"":55.55009841918945}"
192154,1,4856.4,4856.4,False,1.0,"{""inversion_rho"":null,""inversion_channel"":18.0,""period_ms"":52.55007743835449}"
192154,1,4910.2998,4910.2998,False,1.0,"{""inversion_rho"":null,""inversion_channel"":19.0,""period_ms"":52.55007743835449}"
192154,1,4962.2998,4962.2998,False,1.0,"{""inversion_rho"":null,""inversion_channel"":19.5,""period_ms"":52.55007743835449}"
192154,1,5017.0002,5017.0002,False,0.5,"{""inversion_rho"":null,""inversion_channel"":18.5,""period_ms"":52.55007743835449}"
192154,1,5076.7999,5076.7999,False,1.0,"{""inversion_rho"":null,""inversion_channel"":20.5,""period_ms"":52.55007743835449}"
192154,1,5129.0002,5129.0002,False,1.0,"{""inversion_rho"":null,""inversion_channel"":21.0,""period_ms"":52.55007743835449}"
192154,1,5181.9,5181.9,False,1.0,"{""inversion_rho"":null,""inversion_channel"":20.0,""period_ms"":52.55007743835449}"
192154,1,5232.9001,5232.9001,False,1.0,"{""inversion_rho"":null,""inversion_channel"":19.5,""period_ms"":52.55007743835449}"
192154,1,5269.0001,5269.0001,False,1.0,"{""inversion_rho"":null,""inversion_channel"":19.0,""period_ms"":52.55007743835449}"
192154,1,5277.2999,5277.2999,False,1.0,"{""inversion_rho"":null,""inversion_channel"":17.5,""period_ms"":13.700008392333984}"
192154,1,5304.8,5304.8,False,1.0,"{""inversion_rho"":null,""inversion_channel"":19.5,""period_ms"":13.700008392333984}"
192154,1,5330.2999,5330.2999,False,1.0,"{""inversion_rho"":null,""inversion_channel"":18.5,""period_ms"":13.700008392333984}"
192154,1,5348.5999,5348.5999,False,1.0,"{""inversion_rho"":null,""inversion_channel"":19.5,""period_ms"":13.700008392333984}"
192154,1,5363.1001,5363.1001,False,0.625,"{""inversion_rho"":null,""inversion_channel"":19.5,""period_ms"":13.700008392333984}"
192154,1,5379.3001,5379.3001,False,1.0,"{""inversion_rho"":null,""inversion_channel"":18.5,""period_ms"":13.700008392333984}"
192154,1,5392.2,5392.2,False,0.25,"{""inversion_rho"":null,""inversion_channel"":18.5,""period_ms"":13.700008392333984}"
192154,1,5412.3001,5412.3001,False,1.0,"{""inversion_rho"":null,""inversion_channel"":18.5,""period_ms"":13.700008392333984}"
192154,1,5426.3,5426.3,False,1.0,"{""inversion_rho"":null,""inversion_channel"":18.0,""period_ms"":13.700008392333984}"
192154,1,5440.3,5440.3,False,1.0,"{""inversion_rho"":null,""inversion_channel"":18.5,""period_ms"":13.700008392333984}"
192154,1,5454.0,5454.0,False,1.0,"{""inversion_rho"":null,""inversion_channel"":19.5,""period_ms"":13.700008392333984}"
192154,1,5467.5999,5467.5999,False,1.0,"{""inversion_rho"":null,""inversion_channel"":19.0,""period_ms"":13.700008392333984}"
192154,1,5481.2002,5481.2002,False,1.0,"{""inversion_rho"":null,""inversion_channel"":18.5,""period_ms"":13.700008392333984}"
192154,1,5494.2999,5494.2999,False,0.75,"{""inversion_rho"":null,""inversion_channel"":18.5,""period_ms"":13.700008392333984}"
192154,1,5507.9002,5507.9002,False,0.625,"{""inversion_rho"":null,""inversion_channel"":21.5,""period_ms"":13.700008392333984}"
192154,1,5520.8001,5520.8001,False,0.625,"{""inversion_rho"":null,""inversion_channel"":42.5,""period_ms"":13.700008392333984}"
192154,1,5535.6002,5535.6002,False,1.0,"{""inversion_rho"":null,""inversion_channel"":19.5,""period_ms"":13.700008392333984}"
192154,1,5549.3002,5549.3002,False,1.0,"{""inversion_rho"":null,""inversion_channel"":21.5,""period_ms"":13.700008392333984}"
192154,1,5563.0999,5563.0999,False,1.0,"{""inversion_rho"":null,""inversion_channel"":20.0,""period_ms"":13.700008392333984}"
192154,1,5575.9001,5575.9001,False,0.625,"{""inversion_rho"":null,""inversion_channel"":20.5,""period_ms"":13.700008392333984}"
192154,1,5602.7002,5602.7002,False,0.25,"{""inversion_rho"":null,""inversion_channel"":15.5,""period_ms"":13.700008392333984}"
192154,1,5616.3001,5616.3001,False,0.25,"{""inversion_rho"":null,""inversion_channel"":13.0,""period_ms"":13.700008392333984}"
192154,1,5629.4999,5629.4999,False,0.375,"{""inversion_rho"":null,""inversion_channel"":29.0,""period_ms"":13.700008392333984}"
192154,1,5643.6,5643.6,False,0.375,"{""inversion_rho"":null,""inversion_channel"":28.0,""period_ms"":13.700008392333984}"
192154,1,5656.4002,5656.4002,False,1.0,"{""inversion_rho"":null,""inversion_channel"":33.0,""period_ms"":13.700008392333984}"
192154,1,5669.6,5669.6,False,0.875,"{""inversion_rho"":null,""inversion_channel"":32.5,""period_ms"":13.700008392333984}"
192154,1,5805.3999,5805.3999,False,0.25,"{""inversion_rho"":null,""inversion_channel"":35.5,""period_ms"":null}"
192154,1,1117.6,1856.6,True,1.0,"{""inversion_rho"":null,""inversion_channel"":21.5,""period_ms"":54.29995059967041}"
192154,1,1866.4,3609.4999,True,1.0,"{""inversion_rho"":null,""inversion_channel"":19.5,""period_ms"":54.69989776611328}"
192154,1,3616.2,3828.1,True,1.0,"{""inversion_rho"":null,""inversion_channel"":19.0,""period_ms"":53.40003967285156}"
192154,1,3837.4,4838.6002,True,1.0,"{""inversion_rho"":null,""inversion_channel"":19.5,""period_ms"":55.55009841918945}"
192154,1,4856.4,5269.0001,True,1.0,"{""inversion_rho"":null,""inversion_channel"":19.5,""period_ms"":52.55007743835449}"
192154,1,5277.2999,5669.6,True,1.0,"{""inversion_rho"":null,""inversion_channel"":19.5,""period_ms"":13.700008392333984}"
192159,1,69.4,69.4,False,0.25,"{""inversion_rho"":null,""inversion_channel"":11.5,""period_ms"":9.649999439716339}"
192159,1,80.1,80.1,False,1.0,"{""inversion_rho"":null,""inversion_channel"":6.5,""period_ms"":9.649999439716339}"
192159,1,88.7,88.7,False,0.375,"{""inversion_rho"":null,""inversion_channel"":7.5,""period_ms"":9.649999439716339}"
192159,1,1245.6,1245.6,False,1.0,"{""inversion_rho"":null,""inversion_channel"":23.0,""period_ms"":null}"
192159,1,1442.7,1442.7,False,1.0,"{""inversion_rho"":null,""inversion_channel"":21.0,""period_ms"":null}"
192159,1,2546.9999,2546.9999,False,1.0,"{""inversion_rho"":null,""inversion_channel"":20.0,""period_ms"":null}"
192159,1,5121.7999,5121.7999,False,1.0,"{""inversion_rho"":null,""inversion_channel"":20.5,""period_ms"":14.699935913085938}"
192159,1,5175.2,5175.2,False,1.0,"{""inversion_rho"":null,""inversion_channel"":19.5,""period_ms"":14.699935913085938}"
192159,1,5221.0002,5221.0002,False,1.0,"{""inversion_rho"":null,""inversion_channel"":19.5,""period_ms"":14.699935913085938}"
192159,1,5257.5998,5257.5998,False,1.0,"{""inversion_rho"":null,""inversion_channel"":19.5,""period_ms"":14.699935913085938}"
192159,1,5288.7001,5288.7001,False,1.0,"{""inversion_rho"":null,""inversion_channel"":19.5,""period_ms"":14.699935913085938}"
192159,1,5311.2001,5311.2001,False,0.375,"{""inversion_rho"":null,""inversion_channel"":19.0,""period_ms"":14.699935913085938}"
192159,1,5330.2999,5330.2999,False,0.375,"{""inversion_rho"":null,""inversion_channel"":19.0,""period_ms"":14.699935913085938}"
192159,1,5349.4,5349.4,False,1.0,"{""inversion_rho"":null,""inversion_channel"":19.5,""period_ms"":14.699935913085938}"
192159,1,5365.2,5365.2,False,1.0,"{""inversion_rho"":null,""inversion_channel"":18.5,""period_ms"":14.699935913085938}"
192159,1,5383.9998,5383.9998,False,1.0,"{""inversion_rho"":null,""inversion_channel"":19.0,""period_ms"":14.699935913085938}"
192159,1,5399.0998,5399.0998,False,1.0,"{""inversion_rho"":null,""inversion_channel"":19.0,""period_ms"":14.699935913085938}"
192159,1,5414.5999,5414.5999,False,1.0,"{""inversion_rho"":null,""inversion_channel"":17.5,""period_ms"":14.699935913085938}"
192159,1,5428.7,5428.7,False,1.0,"{""inversion_rho"":null,""inversion_channel"":18.0,""period_ms"":14.699935913085938}"
192159,1,5443.8,5443.8,False,1.0,"{""inversion_rho"":null,""inversion_channel"":19.0,""period_ms"":14.699935913085938}"
192159,1,5458.4999,5458.4999,False,1.0,"{""inversion_rho"":null,""inversion_channel"":17.5,""period_ms"":14.699935913085938}"
192159,1,5471.6001,5471.6001,False,0.625,"{""inversion_rho"":null,""inversion_channel"":17.5,""period_ms"":14.699935913085938}"
192159,1,5486.7001,5486.7001,False,1.0,"{""inversion_rho"":null,""inversion_channel"":18.0,""period_ms"":14.699935913085938}"
192159,1,5500.8998,5500.8998,False,1.0,"{""inversion_rho"":null,""inversion_channel"":17.5,""period_ms"":14.699935913085938}"
192159,1,5514.8001,5514.8001,False,1.0,"{""inversion_rho"":null,""inversion_channel"":18.5,""period_ms"":14.699935913085938}"
192159,1,5527.9999,5527.9999,False,1.0,"{""inversion_rho"":null,""inversion_channel"":18.0,""period_ms"":14.699935913085938}"
192159,1,5541.5001,5541.5001,False,1.0,"{""inversion_rho"":null,""inversion_channel"":18.0,""period_ms"":14.699935913085938}"
192159,1,5555.9001,5555.9001,False,1.0,"{""inversion_rho"":null,""inversion_channel"":17.5,""period_ms"":14.699935913085938}"
192159,1,5569.9,5569.9,False,1.0,"{""inversion_rho"":null,""inversion_channel"":30.5,""period_ms"":14.699935913085938}"
192159,1,5583.6,5583.6,False,1.0,"{""inversion_rho"":null,""inversion_channel"":19.0,""period_ms"":14.699935913085938}"
192159,1,5597.4998,5597.4998,False,1.0,"{""inversion_rho"":null,""inversion_channel"":18.5,""period_ms"":14.699935913085938}"
192159,1,5611.1999,5611.1999,False,1.0,"{""inversion_rho"":null,""inversion_channel"":40.5,""period_ms"":14.699935913085938}"
192159,1,5625.1998,5625.1998,False,0.25,"{""inversion_rho"":null,""inversion_channel"":14.5,""period_ms"":14.699935913085938}"
192159,1,5638.5999,5638.5999,False,0.5,"{""inversion_rho"":null,""inversion_channel"":16.5,""period_ms"":14.699935913085938}"
192159,1,69.4,88.7,True,1.0,"{""inversion_rho"":null,""inversion_channel"":7.5,""period_ms"":9.649999439716339}"
192159,1,5121.7999,5638.5999,True,1.0,"{""inversion_rho"":null,""inversion_channel"":18.75,""period_ms"":14.699935913085938}"
192221,1,82.5,82.5,False,1.0,"{""inversion_rho"":null,""inversion_channel"":4.5,""period_ms"":null}"
192222,1,59.5,59.5,False,0.375,"{""inversion_rho"":null,""inversion_channel"":6.5,""period_ms"":null}"
192222,1,68.1,68.1,False,1.0,"{""inversion_rho"":null,""inversion_channel"":39.5,""period_ms"":null}"
192222,1,6068.5,6068.5,False,1.0,"{""inversion_rho"":null,""inversion_channel"":36.0,""period_ms"":null}"
192223,1,66.1,66.1,False,1.0,"{""inversion_rho"":null,""inversion_channel"":7.5,""period_ms"":9.449999779462814}"
192223,1,73.2,73.2,False,0.5,"{""inversion_rho"":null,""inversion_channel"":8.5,""period_ms"":9.449999779462814}"
192223,1,85.0,85.0,False,0.625,"{""inversion_rho"":null,""inversion_channel"":12.5,""period_ms"":9.449999779462814}"
192223,1,66.1,85.0,True,1.0,"{""inversion_rho"":null,""inversion_channel"":8.5,""period_ms"":9.449999779462814}"
192224,1,62.2,62.2,False,0.625,"{""inversion_rho"":null,""inversion_channel"":44.0,""period_ms"":null}"
192224,1,71.6,71.6,False,1.0,"{""inversion_rho"":null,""inversion_channel"":7.5,""period_ms"":null}"
192224,1,1242.8,1242.8,False,1.0,"{""inversion_rho"":null,""inversion_channel"":21.0,""period_ms"":null}"
192224,1,1449.0,1449.0,False,0.25,"{""inversion_rho"":null,""inversion_channel"":22.0,""period_ms"":null}"
192224,1,1529.7,1529.7,False,1.0,"{""inversion_rho"":null,""inversion_channel"":11.5,""period_ms"":12.69996166229248}"
192224,1,1538.1,1538.1,False,1.0,"{""inversion_rho"":null,""inversion_channel"":12.0,""period_ms"":12.69996166229248}"
192224,1,1550.8,1550.8,False,1.0,"{""inversion_rho"":null,""inversion_channel"":13.5,""period_ms"":12.69996166229248}"
192224,1,1565.8,1565.8,False,0.375,"{""inversion_rho"":null,""inversion_channel"":39.5,""period_ms"":12.69996166229248}"
192224,1,1571.0,1571.0,False,1.0,"{""inversion_rho"":null,""inversion_channel"":34.5,""period_ms"":8.199930191040039}"
192224,1,1577.8,1577.8,False,1.0,"{""inversion_rho"":null,""inversion_channel"":18.5,""period_ms"":8.199930191040039}"
192224,1,1587.2999,1587.2999,False,1.0,"{""inversion_rho"":null,""inversion_channel"":18.5,""period_ms"":8.199930191040039}"
192224,1,1596.9,1596.9,False,1.0,"{""inversion_rho"":null,""inversion_channel"":18.5,""period_ms"":8.199930191040039}"
192224,1,1605.1,1605.1,False,1.0,"{""inversion_rho"":null,""inversion_channel"":39.5,""period_ms"":8.199930191040039}"
192224,1,1617.7,1617.7,False,1.0,"{""inversion_rho"":null,""inversion_channel"":19.0,""period_ms"":8.199930191040039}"
192224,1,1625.8,1625.8,False,1.0,"{""inversion_rho"":null,""inversion_channel"":39.5,""period_ms"":8.199930191040039}"
192224,1,1634.6999,1634.6999,False,1.0,"{""inversion_rho"":null,""inversion_channel"":39.5,""period_ms"":8.199930191040039}"
192224,1,1645.2,1645.2,False,1.0,"{""inversion_rho"":null,""inversion_channel"":18.5,""period_ms"":8.199930191040039}"
192224,1,1652.0,1652.0,False,1.0,"{""inversion_rho"":null,""inversion_channel"":20.0,""period_ms"":8.199930191040039}"
192224,1,1666.4,1666.4,False,1.0,"{""inversion_rho"":null,""inversion_channel"":20.5,""period_ms"":8.199930191040039}"
192224,1,1673.9,1673.9,False,1.0,"{""inversion_rho"":null,""inversion_channel"":19.0,""period_ms"":8.199930191040039}"
192224,1,1681.7,1681.7,False,0.625,"{""inversion_rho"":null,""inversion_channel"":19.0,""period_ms"":8.199930191040039}"
192224,1,1690.8,1690.8,False,1.0,"{""inversion_rho"":null,""inversion_channel"":21.5,""period_ms"":8.199930191040039}"
192224,1,1697.3,1697.3,False,1.0,"{""inversion_rho"":null,""inversion_channel"":21.5,""period_ms"":8.199930191040039}"
192224,1,1703.6999,1703.6999,False,1.0,"{""inversion_rho"":null,""inversion_channel"":21.5,""period_ms"":8.199930191040039}"
192224,1,1709.5,1709.5,False,1.0,"{""inversion_rho"":null,""inversion_channel"":20.5,""period_ms"":8.199930191040039}"
192224,1,1717.5,1717.5,False,1.0,"{""inversion_rho"":null,""inversion_channel"":21.0,""period_ms"":8.199930191040039}"
192224,1,1722.8,1722.8,False,1.0,"{""inversion_rho"":null,""inversion_channel"":22.0,""period_ms"":8.199930191040039}"
192224,1,1728.3,1728.3,False,0.625,"{""inversion_rho"":null,""inversion_channel"":21.5,""period_ms"":8.199930191040039}"
192224,1,1736.8,1736.8,False,1.0,"{""inversion_rho"":null,""inversion_channel"":21.0,""period_ms"":8.199930191040039}"
192224,1,1746.0999,1746.0999,False,1.0,"{""inversion_rho"":null,""inversion_channel"":21.5,""period_ms"":8.199930191040039}"
192224,1,1754.4,1754.4,False,1.0,"{""inversion_rho"":null,""inversion_channel"":22.0,""period_ms"":8.199930191040039}"
192224,1,1761.5,1761.5,False,1.0,"{""inversion_rho"":null,""inversion_channel"":23.5,""period_ms"":8.199930191040039}"
192224,1,1770.8,1770.8,False,1.0,"{""inversion_rho"":null,""inversion_channel"":22.0,""period_ms"":8.199930191040039}"
192224,1,1775.9,1775.9,False,0.25,"{""inversion_rho"":null,""inversion_channel"":8.5,""period_ms"":8.199930191040039}"
192224,1,1783.3,1783.3,False,1.0,"{""inversion_rho"":null,""inversion_channel"":20.0,""period_ms"":8.199930191040039}"
192224,1,1791.4,1791.4,False,1.0,"{""inversion_rho"":null,""inversion_channel"":21.5,""period_ms"":8.199930191040039}"
192224,1,1801.2,1801.2,False,1.0,"{""inversion_rho"":null,""inversion_channel"":23.0,""period_ms"":8.199930191040039}"
192224,1,1811.1,1811.1,False,1.0,"{""inversion_rho"":null,""inversion_channel"":23.5,""period_ms"":8.199930191040039}"
192224,1,1819.5,1819.5,False,1.0,"{""inversion_rho"":null,""inversion_channel"":23.5,""period_ms"":8.199930191040039}"
192224,1,1828.9,1828.9,False,1.0,"{""inversion_rho"":null,""inversion_channel"":19.5,""period_ms"":8.199930191040039}"
192224,1,1840.1999,1840.1999,False,1.0,"{""inversion_rho"":null,""inversion_channel"":21.5,""period_ms"":8.199930191040039}"
192224,1,1848.6,1848.6,False,1.0,"{""inversion_rho"":null,""inversion_channel"":21.0,""period_ms"":8.199930191040039}"
192224,1,1857.7,1857.7,False,1.0,"{""inversion_rho"":null,""inversion_channel"":22.5,""period_ms"":8.199930191040039}"
192224,1,1866.5,1866.5,False,1.0,"{""inversion_rho"":null,""inversion_channel"":18.5,""period_ms"":8.199930191040039}"
192224,1,1874.2,1874.2,False,1.0,"{""inversion_rho"":null,""inversion_channel"":22.5,""period_ms"":8.199930191040039}"
192224,1,1883.0,1883.0,False,1.0,"{""inversion_rho"":null,""inversion_channel"":22.5,""period_ms"":8.199930191040039}"
192224,1,1892.0,1892.0,False,1.0,"{""inversion_rho"":null,""inversion_channel"":22.5,""period_ms"":8.199930191040039}"
192224,1,1899.5,1899.5,False,0.75,"{""inversion_rho"":null,""inversion_channel"":31.5,""period_ms"":8.199930191040039}"
192224,1,1910.8,1910.8,False,1.0,"{""inversion_rho"":null,""inversion_channel"":22.0,""period_ms"":8.199930191040039}"
192224,1,1920.5,1920.5,False,1.0,"{""inversion_rho"":null,""inversion_channel"":22.5,""period_ms"":8.199930191040039}"
192224,1,1929.9999,1929.9999,False,1.0,"{""inversion_rho"":null,""inversion_channel"":23.0,""period_ms"":8.199930191040039}"
192224,1,1939.7,1939.7,False,1.0,"{""inversion_rho"":null,""inversion_channel"":23.5,""period_ms"":8.199930191040039}"
192224,1,1948.5,1948.5,False,1.0,"{""inversion_rho"":null,""inversion_channel"":23.5,""period_ms"":8.199930191040039}"
192224,1,1956.7,1956.7,False,1.0,"{""inversion_rho"":null,""inversion_channel"":23.5,""period_ms"":8.199930191040039}"
192224,1,1965.0,1965.0,False,1.0,"{""inversion_rho"":null,""inversion_channel"":23.5,""period_ms"":8.199930191040039}"
192224,1,1973.7,1973.7,False,1.0,"{""inversion_rho"":null,""inversion_channel"":21.5,""period_ms"":8.199930191040039}"
192224,1,1983.6,1983.6,False,1.0,"{""inversion_rho"":null,""inversion_channel"":22.5,""period_ms"":8.199930191040039}"
192224,1,1993.4,1993.4,False,1.0,"{""inversion_rho"":null,""inversion_channel"":21.5,""period_ms"":8.199930191040039}"
192224,1,2003.2001,2003.2001,False,1.0,"{""inversion_rho"":null,""inversion_channel"":22.5,""period_ms"":8.199930191040039}"
192224,1,2013.0,2013.0,False,1.0,"{""inversion_rho"":null,""inversion_channel"":21.5,""period_ms"":8.199930191040039}"
192224,1,2022.5,2022.5,False,0.75,"{""inversion_rho"":null,""inversion_channel"":41.5,""period_ms"":8.199930191040039}"
192224,1,2031.1999,2031.1999,False,1.0,"{""inversion_rho"":null,""inversion_channel"":22.5,""period_ms"":8.199930191040039}"
192224,1,2039.3,2039.3,False,1.0,"{""inversion_rho"":null,""inversion_channel"":21.0,""period_ms"":8.199930191040039}"
192224,1,2046.6001,2046.6001,False,1.0,"{""inversion_rho"":null,""inversion_channel"":21.5,""period_ms"":8.199930191040039}"
192224,1,2054.1999,2054.1999,False,1.0,"{""inversion_rho"":null,""inversion_channel"":18.5,""period_ms"":8.199930191040039}"
192224,1,2063.2999,2063.2999,False,1.0,"{""inversion_rho"":null,""inversion_channel"":23.5,""period_ms"":8.199930191040039}"
192224,1,2072.4001,2072.4001,False,1.0,"{""inversion_rho"":null,""inversion_channel"":23.5,""period_ms"":8.199930191040039}"
192224,1,2081.7001,2081.7001,False,1.0,"{""inversion_rho"":null,""inversion_channel"":41.5,""period_ms"":8.199930191040039}"
192224,1,2090.6999,2090.6999,False,1.0,"{""inversion_rho"":null,""inversion_channel"":22.5,""period_ms"":8.199930191040039}"
192224,1,2098.5999,2098.5999,False,1.0,"{""inversion_rho"":null,""inversion_channel"":23.5,""period_ms"":8.199930191040039}"
192224,1,2105.9999,2105.9999,False,1.0,"{""inversion_rho"":null,""inversion_channel"":23.5,""period_ms"":8.199930191040039}"
192224,1,2113.8999,2113.8999,False,1.0,"{""inversion_rho"":null,""inversion_channel"":23.5,""period_ms"":8.199930191040039}"
192224,1,2120.5001,2120.5001,False,1.0,"{""inversion_rho"":null,""inversion_channel"":21.5,""period_ms"":8.199930191040039}"
192224,1,2129.1001,2129.1001,False,1.0,"{""inversion_rho"":null,""inversion_channel"":22.5,""period_ms"":8.199930191040039}"
192224,1,2136.6999,2136.6999,False,1.0,"{""inversion_rho"":null,""inversion_channel"":22.5,""period_ms"":8.199930191040039}"
192224,1,2145.9999,2145.9999,False,1.0,"{""inversion_rho"":null,""inversion_channel"":21.5,""period_ms"":8.199930191040039}"
192224,1,2154.9001,2154.9001,False,1.0,"{""inversion_rho"":null,""inversion_channel"":22.5,""period_ms"":8.199930191040039}"
192224,1,2162.4,2162.4,False,1.0,"{""inversion_rho"":null,""inversion_channel"":22.5,""period_ms"":8.199930191040039}"
192224,1,2171.7999,2171.7999,False,1.0,"{""inversion_rho"":null,""inversion_channel"":22.5,""period_ms"":8.199930191040039}"
192224,1,2178.8001,2178.8001,False,1.0,"{""inversion_rho"":null,""inversion_channel"":22.5,""period_ms"":8.199930191040039}"
192224,1,2186.0001,2186.0001,False,1.0,"{""inversion_rho"":null,""inversion_channel"":23.5,""period_ms"":8.199930191040039}"
192224,1,2192.8,2192.8,False,1.0,"{""inversion_rho"":null,""inversion_channel"":23.0,""period_ms"":8.199930191040039}"
192224,1,2198.9999,2198.9999,False,1.0,"{""inversion_rho"":null,""inversion_channel"":22.0,""period_ms"":8.199930191040039}"
192224,1,2206.7001,2206.7001,False,1.0,"{""inversion_rho"":null,""inversion_channel"":21.5,""period_ms"":8.199930191040039}"
192224,1,2213.5,2213.5,False,1.0,"{""inversion_rho"":null,""inversion_channel"":22.5,""period_ms"":8.199930191040039}"
192224,1,2221.4,2221.4,False,1.0,"{""inversion_rho"":null,""inversion_channel"":22.5,""period_ms"":8.199930191040039}"
192224,1,2230.5,2230.5,False,1.0,"{""inversion_rho"":null,""inversion_channel"":22.0,""period_ms"":8.199930191040039}"
192224,1,2239.1,2239.1,False,1.0,"{""inversion_rho"":null,""inversion_channel"":3.5,""period_ms"":8.199930191040039}"
192224,1,2248.4,2248.4,False,1.0,"{""inversion_rho"":null,""inversion_channel"":22.5,""period_ms"":8.199930191040039}"
192224,1,2256.7999,2256.7999,False,1.0,"{""inversion_rho"":null,""inversion_channel"":22.5,""period_ms"":8.199930191040039}"
192224,1,2265.6,2265.6,False,1.0,"{""inversion_rho"":null,""inversion_channel"":21.5,""period_ms"":8.199930191040039}"
192224,1,2272.1,2272.1,False,1.0,"{""inversion_rho"":null,""inversion_channel"":22.5,""period_ms"":8.199930191040039}"
192224,1,2280.2,2280.2,False,1.0,"{""inversion_rho"":null,""inversion_channel"":22.5,""period_ms"":8.199930191040039}"
192224,1,2288.7001,2288.7001,False,1.0,"{""inversion_rho"":null,""inversion_channel"":22.5,""period_ms"":8.199930191040039}"
192224,1,2296.5,2296.5,False,1.0,"{""inversion_rho"":null,""inversion_channel"":22.5,""period_ms"":8.199930191040039}"
192224,1,2305.5,2305.5,False,0.375,"{""inversion_rho"":null,""inversion_channel"":21.5,""period_ms"":8.199930191040039}"
192224,1,2312.5,2312.5,False,1.0,"{""inversion_rho"":null,""inversion_channel"":21.5,""period_ms"":8.199930191040039}"
192224,1,2321.1999,2321.1999,False,1.0,"{""inversion_rho"":null,""inversion_channel"":21.5,""period_ms"":8.199930191040039}"
192224,1,2329.5,2329.5,False,1.0,"{""inversion_rho"":null,""inversion_channel"":23.0,""period_ms"":8.199930191040039}"
192224,1,2337.6999,2337.6999,False,1.0,"{""inversion_rho"":null,""inversion_channel"":19.5,""period_ms"":8.199930191040039}"
192224,1,2345.9001,2345.9001,False,0.5,"{""inversion_rho"":null,""inversion_channel"":4.0,""period_ms"":8.199930191040039}"
192224,1,2353.4999,2353.4999,False,0.5,"{""inversion_rho"":null,""inversion_channel"":25.0,""period_ms"":8.199930191040039}"
192224,1,2361.7001,2361.7001,False,0.25,"{""inversion_rho"":null,""inversion_channel"":27.5,""period_ms"":8.199930191040039}"
192224,1,2368.7,2368.7,False,1.0,"{""inversion_rho"":null,""inversion_channel"":21.5,""period_ms"":8.199930191040039}"
192224,1,2376.4,2376.4,False,0.625,"{""inversion_rho"":null,""inversion_channel"":27.5,""period_ms"":8.199930191040039}"
192224,1,2383.5001,2383.5001,False,0.875,"{""inversion_rho"":null,""inversion_channel"":20.5,""period_ms"":8.199930191040039}"
192224,1,2391.5999,2391.5999,False,1.0,"{""inversion_rho"":null,""inversion_channel"":22.5,""period_ms"":8.199930191040039}"
192224,1,2401.4001,2401.4001,False,0.25,"{""inversion_rho"":null,""inversion_channel"":24.5,""period_ms"":8.199930191040039}"
192224,1,2409.2,2409.2,False,1.0,"{""inversion_rho"":null,""inversion_channel"":22.5,""period_ms"":8.199930191040039}"
192224,1,2417.7001,2417.7001,False,1.0,"{""inversion_rho"":null,""inversion_channel"":21.0,""period_ms"":8.199930191040039}"
192224,1,2424.7999,2424.7999,False,1.0,"{""inversion_rho"":null,""inversion_channel"":19.5,""period_ms"":8.199930191040039}"
192224,1,2431.9,2431.9,False,0.875,"{""inversion_rho"":null,""inversion_channel"":22.5,""period_ms"":8.199930191040039}"
192224,1,2439.8,2439.8,False,1.0,"{""inversion_rho"":null,""inversion_channel"":22.5,""period_ms"":8.199930191040039}"
192224,1,2447.0,2447.0,False,1.0,"{""inversion_rho"":null,""inversion_channel"":20.0,""period_ms"":8.199930191040039}"
192224,1,2455.4999,2455.4999,False,1.0,"{""inversion_rho"":null,""inversion_channel"":22.5,""period_ms"":8.199930191040039}"
192224,1,2466.5,2466.5,False,1.0,"{""inversion_rho"":null,""inversion_channel"":23.5,""period_ms"":8.199930191040039}"
192224,1,2474.9999,2474.9999,False,1.0,"{""inversion_rho"":null,""inversion_channel"":19.5,""period_ms"":8.199930191040039}"
192224,1,2484.7,2484.7,False,0.375,"{""inversion_rho"":null,""inversion_channel"":4.5,""period_ms"":8.199930191040039}"
192224,1,2490.9,2490.9,False,1.0,"{""inversion_rho"":null,""inversion_channel"":22.5,""period_ms"":8.199930191040039}"
192224,1,2498.8999,2498.8999,False,0.875,"{""inversion_rho"":null,""inversion_channel"":22.5,""period_ms"":8.199930191040039}"
192224,1,2507.0,2507.0,False,1.0,"{""inversion_rho"":null,""inversion_channel"":22.5,""period_ms"":8.199930191040039}"
192224,1,2515.1,2515.1,False,1.0,"{""inversion_rho"":null,""inversion_channel"":22.5,""period_ms"":8.199930191040039}"
192224,1,2522.8,2522.8,False,1.0,"{""inversion_rho"":null,""inversion_channel"":22.5,""period_ms"":8.199930191040039}"
192224,1,2530.9,2530.9,False,1.0,"{""inversion_rho"":null,""inversion_channel"":21.5,""period_ms"":8.199930191040039}"
192224,1,2539.4001,2539.4001,False,1.0,"{""inversion_rho"":null,""inversion_channel"":22.5,""period_ms"":8.199930191040039}"
192224,1,2549.7999,2549.7999,False,1.0,"{""inversion_rho"":null,""inversion_channel"":22.0,""period_ms"":8.199930191040039}"
192224,1,2559.4001,2559.4001,False,1.0,"{""inversion_rho"":null,""inversion_channel"":22.0,""period_ms"":8.199930191040039}"
192224,1,2566.2999,2566.2999,False,0.5,"{""inversion_rho"":null,""inversion_channel"":29.0,""period_ms"":8.199930191040039}"
192224,1,2573.7,2573.7,False,1.0,"{""inversion_rho"":null,""inversion_channel"":22.5,""period_ms"":8.199930191040039}"
192224,1,2581.7001,2581.7001,False,1.0,"{""inversion_rho"":null,""inversion_channel"":20.5,""period_ms"":8.199930191040039}"
192224,1,2589.0,2589.0,False,1.0,"{""inversion_rho"":null,""inversion_channel"":21.0,""period_ms"":8.199930191040039}"
192224,1,2596.1001,2596.1001,False,1.0,"{""inversion_rho"":null,""inversion_channel"":22.5,""period_ms"":8.199930191040039}"
192224,1,2605.2001,2605.2001,False,1.0,"{""inversion_rho"":null,""inversion_channel"":21.5,""period_ms"":8.199930191040039}"
192224,1,2611.7001,2611.7001,False,1.0,"{""inversion_rho"":null,""inversion_channel"":20.5,""period_ms"":8.199930191040039}"
192224,1,2620.6,2620.6,False,0.875,"{""inversion_rho"":null,""inversion_channel"":21.0,""period_ms"":8.199930191040039}"
192224,1,2630.1999,2630.1999,False,0.25,"{""inversion_rho"":null,""inversion_channel"":23.0,""period_ms"":8.199930191040039}"
192224,1,2636.8001,2636.8001,False,1.0,"{""inversion_rho"":null,""inversion_channel"":20.5,""period_ms"":8.199930191040039}"
192224,1,2642.9,2642.9,False,1.0,"{""inversion_rho"":null,""inversion_channel"":22.5,""period_ms"":8.199930191040039}"
192224,1,2650.6,2650.6,False,1.0,"{""inversion_rho"":null,""inversion_channel"":19.5,""period_ms"":8.199930191040039}"
192224,1,2659.3001,2659.3001,False,0.25,"{""inversion_rho"":null,""inversion_channel"":22.5,""period_ms"":8.199930191040039}"
192224,1,2666.5001,2666.5001,False,1.0,"{""inversion_rho"":null,""inversion_channel"":21.5,""period_ms"":8.199930191040039}"
192224,1,2675.6001,2675.6001,False,1.0,"{""inversion_rho"":null,""inversion_channel"":21.5,""period_ms"":8.199930191040039}"
192224,1,2683.0001,2683.0001,False,1.0,"{""inversion_rho"":null,""inversion_channel"":22.0,""period_ms"":8.199930191040039}"
192224,1,2690.7001,2690.7001,False,1.0,"{""inversion_rho"":null,""inversion_channel"":21.5,""period_ms"":8.199930191040039}"
192224,1,2698.7,2698.7,False,1.0,"{""inversion_rho"":null,""inversion_channel"":21.5,""period_ms"":8.199930191040039}"
192224,1,2707.2999,2707.2999,False,1.0,"{""inversion_rho"":null,""inversion_channel"":21.5,""period_ms"":8.199930191040039}"
192224,1,2713.7001,2713.7001,False,1.0,"{""inversion_rho"":null,""inversion_channel"":21.5,""period_ms"":8.199930191040039}"
192224,1,2719.5001,2719.5001,False,1.0,"{""inversion_rho"":null,""inversion_channel"":21.0,""period_ms"":8.199930191040039}"
192224,1,2727.0,2727.0,False,1.0,"{""inversion_rho"":null,""inversion_channel"":19.5,""period_ms"":8.199930191040039}"
192224,1,2740.5,2740.5,False,0.75,"{""inversion_rho"":null,""inversion_channel"":21.5,""period_ms"":8.199930191040039}"
192224,1,2748.4,2748.4,False,0.25,"{""inversion_rho"":null,""inversion_channel"":23.5,""period_ms"":8.199930191040039}"
192224,1,2773.7999,2773.7999,False,0.875,"{""inversion_rho"":null,""inversion_channel"":23.5,""period_ms"":7.299900054931641}"
192224,1,2780.6001,2780.6001,False,1.0,"{""inversion_rho"":null,""inversion_channel"":21.5,""period_ms"":7.299900054931641}"
192224,1,2788.6,2788.6,False,1.0,"{""inversion_rho"":null,""inversion_channel"":20.5,""period_ms"":7.299900054931641}"
192224,1,2799.0,2799.0,False,1.0,"{""inversion_rho"":null,""inversion_channel"":25.5,""period_ms"":7.299900054931641}"
192224,1,2808.0001,2808.0001,False,1.0,"{""inversion_rho"":null,""inversion_channel"":20.5,""period_ms"":7.299900054931641}"
192224,1,2815.8,2815.8,False,1.0,"{""inversion_rho"":null,""inversion_channel"":20.5,""period_ms"":7.299900054931641}"
192224,1,2821.5001,2821.5001,False,1.0,"{""inversion_rho"":null,""inversion_channel"":20.5,""period_ms"":7.299900054931641}"
192224,1,2828.3,2828.3,False,1.0,"{""inversion_rho"":null,""inversion_channel"":21.0,""period_ms"":7.299900054931641}"
192224,1,2835.5999,2835.5999,False,1.0,"{""inversion_rho"":null,""inversion_channel"":21.0,""period_ms"":7.299900054931641}"
192224,1,2842.5,2842.5,False,1.0,"{""inversion_rho"":null,""inversion_channel"":20.5,""period_ms"":7.299900054931641}"
192224,1,2850.6999,2850.6999,False,1.0,"{""inversion_rho"":null,""inversion_channel"":21.0,""period_ms"":7.299900054931641}"
192224,1,2857.3,2857.3,False,0.375,"{""inversion_rho"":null,""inversion_channel"":21.5,""period_ms"":7.299900054931641}"
192224,1,2873.1999,2873.1999,False,1.0,"{""inversion_rho"":null,""inversion_channel"":20.5,""period_ms"":7.299900054931641}"
192224,1,2883.6999,2883.6999,False,0.375,"{""inversion_rho"":null,""inversion_channel"":23.5,""period_ms"":7.299900054931641}"
192224,1,2889.6,2889.6,False,0.875,"{""inversion_rho"":null,""inversion_channel"":22.5,""period_ms"":7.299900054931641}"
192224,1,2896.3001,2896.3001,False,1.0,"{""inversion_rho"":null,""inversion_channel"":19.5,""period_ms"":7.299900054931641}"
192224,1,2902.8001,2902.8001,False,1.0,"{""inversion_rho"":null,""inversion_channel"":21.5,""period_ms"":7.299900054931641}"
192224,1,2908.0999,2908.0999,False,1.0,"{""inversion_rho"":null,""inversion_channel"":21.5,""period_ms"":7.299900054931641}"
192224,1,2914.2001,2914.2001,False,1.0,"{""inversion_rho"":null,""inversion_channel"":21.5,""period_ms"":7.299900054931641}"
192224,1,2920.2001,2920.2001,False,1.0,"{""inversion_rho"":null,""inversion_channel"":20.5,""period_ms"":7.299900054931641}"
192224,1,2933.7001,2933.7001,False,1.0,"{""inversion_rho"":null,""inversion_channel"":20.5,""period_ms"":7.299900054931641}"
192224,1,2943.3999,2943.3999,False,0.25,"{""inversion_rho"":null,""inversion_channel"":41.5,""period_ms"":7.299900054931641}"
192224,1,2956.0001,2956.0001,False,1.0,"{""inversion_rho"":null,""inversion_channel"":20.0,""period_ms"":7.299900054931641}"
192224,1,2977.7999,2977.7999,False,1.0,"{""inversion_rho"":null,""inversion_channel"":20.5,""period_ms"":7.299900054931641}"
192224,1,2984.6001,2984.6001,False,1.0,"{""inversion_rho"":null,""inversion_channel"":19.0,""period_ms"":7.599949836730957}"
192224,1,2991.3001,2991.3001,False,1.0,"{""inversion_rho"":null,""inversion_channel"":3.5,""period_ms"":7.599949836730957}"
192224,1,2997.1001,2997.1001,False,1.0,"{""inversion_rho"":null,""inversion_channel"":19.0,""period_ms"":7.599949836730957}"
192224,1,3003.9001,3003.9001,False,1.0,"{""inversion_rho"":null,""inversion_channel"":19.5,""period_ms"":7.599949836730957}"
192224,1,3012.3999,3012.3999,False,0.375,"{""inversion_rho"":null,""inversion_channel"":3.5,""period_ms"":7.599949836730957}"
192224,1,3020.2999,3020.2999,False,1.0,"{""inversion_rho"":null,""inversion_channel"":21.5,""period_ms"":7.599949836730957}"
192224,1,3030.6001,3030.6001,False,0.375,"{""inversion_rho"":null,""inversion_channel"":22.5,""period_ms"":7.599949836730957}"
192224,1,3037.8001,3037.8001,False,0.25,"{""inversion_rho"":null,""inversion_channel"":23.5,""period_ms"":7.599949836730957}"
192224,1,3053.1001,3053.1001,False,1.0,"{""inversion_rho"":null,""inversion_channel"":20.5,""period_ms"":7.599949836730957}"
192224,1,3060.4,3060.4,False,0.5,"{""inversion_rho"":null,""inversion_channel"":3.5,""period_ms"":7.599949836730957}"
192224,1,3066.4001,3066.4001,False,1.0,"{""inversion_rho"":null,""inversion_channel"":23.5,""period_ms"":7.599949836730957}"
192224,1,3073.4,3073.4,False,1.0,"{""inversion_rho"":null,""inversion_channel"":20.5,""period_ms"":7.599949836730957}"
192224,1,3082.0,3082.0,False,0.25,"{""inversion_rho"":null,""inversion_channel"":12.5,""period_ms"":7.599949836730957}"
192224,1,3096.2999,3096.2999,False,1.0,"{""inversion_rho"":null,""inversion_channel"":21.0,""period_ms"":7.599949836730957}"
192224,1,3105.4001,3105.4001,False,1.0,"{""inversion_rho"":null,""inversion_channel"":19.5,""period_ms"":7.599949836730957}"
192224,1,3141.3,3141.3,False,0.375,"{""inversion_rho"":null,""inversion_channel"":23.5,""period_ms"":7.600069046020508}"
192224,1,3151.5,3151.5,False,0.5,"{""inversion_rho"":null,""inversion_channel"":23.5,""period_ms"":7.600069046020508}"
192224,1,3161.0999,3161.0999,False,0.5,"{""inversion_rho"":null,""inversion_channel"":23.0,""period_ms"":7.600069046020508}"
192224,1,3167.7001,3167.7001,False,1.0,"{""inversion_rho"":null,""inversion_channel"":24.5,""period_ms"":7.600069046020508}"
192224,1,3175.2999,3175.2999,False,1.0,"{""inversion_rho"":null,""inversion_channel"":19.5,""period_ms"":7.600069046020508}"
192224,1,3182.9,3182.9,False,1.0,"{""inversion_rho"":null,""inversion_channel"":19.5,""period_ms"":7.600069046020508}"
192224,1,3188.1001,3188.1001,False,1.0,"{""inversion_rho"":null,""inversion_channel"":19.5,""period_ms"":7.600069046020508}"
192224,1,3195.4999,3195.4999,False,1.0,"{""inversion_rho"":null,""inversion_channel"":19.5,""period_ms"":7.600069046020508}"
192224,1,3204.4001,3204.4001,False,0.375,"{""inversion_rho"":null,""inversion_channel"":13.5,""period_ms"":7.600069046020508}"
192224,1,3213.1,3213.1,False,1.0,"{""inversion_rho"":null,""inversion_channel"":20.0,""period_ms"":7.600069046020508}"
192224,1,3242.8,3242.8,False,1.0,"{""inversion_rho"":null,""inversion_channel"":20.5,""period_ms"":7.850050926208496}"
192224,1,3250.5,3250.5,False,1.0,"{""inversion_rho"":null,""inversion_channel"":20.5,""period_ms"":7.850050926208496}"
192224,1,3258.6999,3258.6999,False,1.0,"{""inversion_rho"":null,""inversion_channel"":20.5,""period_ms"":7.850050926208496}"
192224,1,3266.5,3266.5,False,1.0,"{""inversion_rho"":null,""inversion_channel"":20.5,""period_ms"":7.850050926208496}"
192224,1,3274.2,3274.2,False,1.0,"{""inversion_rho"":null,""inversion_channel"":18.5,""period_ms"":7.850050926208496}"
192224,1,3282.1,3282.1,False,1.0,"{""inversion_rho"":null,""inversion_channel"":21.0,""period_ms"":7.850050926208496}"
192224,1,3290.9,3290.9,False,1.0,"{""inversion_rho"":null,""inversion_channel"":16.5,""period_ms"":7.850050926208496}"
192224,1,3298.3,3298.3,False,1.0,"{""inversion_rho"":null,""inversion_channel"":20.5,""period_ms"":7.850050926208496}"
192224,1,3305.5999,3305.5999,False,1.0,"{""inversion_rho"":null,""inversion_channel"":20.5,""period_ms"":7.850050926208496}"
192224,1,3313.2,3313.2,False,1.0,"{""inversion_rho"":null,""inversion_channel"":20.5,""period_ms"":7.850050926208496}"
192224,1,3322.0,3322.0,False,1.0,"{""inversion_rho"":null,""inversion_channel"":20.5,""period_ms"":7.850050926208496}"
192224,1,3330.9,3330.9,False,1.0,"{""inversion_rho"":null,""inversion_channel"":21.5,""period_ms"":7.850050926208496}"
192224,1,3351.5,3351.5,False,0.5,"{""inversion_rho"":null,""inversion_channel"":23.0,""period_ms"":7.850050926208496}"
192224,1,3358.7,3358.7,False,1.0,"{""inversion_rho"":null,""inversion_channel"":21.0,""period_ms"":6.200075149536133}"
192224,1,3366.8001,3366.8001,False,0.75,"{""inversion_rho"":null,""inversion_channel"":20.5,""period_ms"":6.200075149536133}"
192224,1,3372.9,3372.9,False,0.5,"{""inversion_rho"":null,""inversion_channel"":19.5,""period_ms"":6.200075149536133}"
192224,1,3379.4,3379.4,False,1.0,"{""inversion_rho"":null,""inversion_channel"":20.0,""period_ms"":6.200075149536133}"
192224,1,3384.7001,3384.7001,False,1.0,"{""inversion_rho"":null,""inversion_channel"":21.5,""period_ms"":6.200075149536133}"
192224,1,3390.8,3390.8,False,1.0,"{""inversion_rho"":null,""inversion_channel"":21.0,""period_ms"":6.200075149536133}"
192224,1,3396.1999,3396.1999,False,1.0,"{""inversion_rho"":null,""inversion_channel"":21.0,""period_ms"":6.200075149536133}"
192224,1,3402.4999,3402.4999,False,1.0,"{""inversion_rho"":null,""inversion_channel"":21.5,""period_ms"":6.200075149536133}"
192224,1,3409.4,3409.4,False,1.0,"{""inversion_rho"":null,""inversion_channel"":20.5,""period_ms"":6.200075149536133}"
192224,1,3415.6001,3415.6001,False,1.0,"{""inversion_rho"":null,""inversion_channel"":20.5,""period_ms"":6.200075149536133}"
192224,1,3438.2999,3438.2999,False,1.0,"{""inversion_rho"":null,""inversion_channel"":21.0,""period_ms"":7.750153541564941}"
192224,1,3451.9,3451.9,False,1.0,"{""inversion_rho"":null,""inversion_channel"":3.5,""period_ms"":7.750153541564941}"
192224,1,3466.7001,3466.7001,False,1.0,"{""inversion_rho"":null,""inversion_channel"":23.5,""period_ms"":7.750153541564941}"
192224,1,3482.5001,3482.5001,False,0.25,"{""inversion_rho"":null,""inversion_channel"":16.0,""period_ms"":7.750153541564941}"
192224,1,3489.5,3489.5,False,0.25,"{""inversion_rho"":null,""inversion_channel"":23.5,""period_ms"":7.750153541564941}"
192224,1,3496.3,3496.3,False,1.0,"{""inversion_rho"":null,""inversion_channel"":18.5,""period_ms"":7.750153541564941}"
192224,1,3503.7999,3503.7999,False,0.875,"{""inversion_rho"":null,""inversion_channel"":16.5,""period_ms"":7.750153541564941}"
192224,1,3510.7999,3510.7999,False,1.0,"{""inversion_rho"":null,""inversion_channel"":17.5,""period_ms"":7.750153541564941}"
192224,1,3517.2,3517.2,False,1.0,"{""inversion_rho"":null,""inversion_channel"":18.5,""period_ms"":7.750153541564941}"
192224,1,3524.6,3524.6,False,1.0,"{""inversion_rho"":null,""inversion_channel"":18.0,""period_ms"":7.750153541564941}"
192224,1,3538.0001,3538.0001,False,0.25,"{""inversion_rho"":null,""inversion_channel"":5.5,""period_ms"":7.750153541564941}"
192224,1,3558.7001,3558.7001,False,1.0,"{""inversion_rho"":null,""inversion_channel"":21.0,""period_ms"":7.750153541564941}"
192224,1,3570.4,3570.4,False,0.5,"{""inversion_rho"":null,""inversion_channel"":22.5,""period_ms"":7.750153541564941}"
192224,1,3579.7,3579.7,False,0.375,"{""inversion_rho"":null,""inversion_channel"":7.5,""period_ms"":7.750153541564941}"
192224,1,3587.4,3587.4,False,0.25,"{""inversion_rho"":null,""inversion_channel"":22.5,""period_ms"":7.750153541564941}"
192224,1,3592.6001,3592.6001,False,1.0,"{""inversion_rho"":null,""inversion_channel"":20.5,""period_ms"":7.750153541564941}"
192224,1,3601.0001,3601.0001,False,1.0,"{""inversion_rho"":null,""inversion_channel"":19.5,""period_ms"":7.750153541564941}"
192224,1,3610.1,3610.1,False,1.0,"{""inversion_rho"":null,""inversion_channel"":20.5,""period_ms"":7.750153541564941}"
192224,1,3616.2,3616.2,False,1.0,"{""inversion_rho"":null,""inversion_channel"":20.5,""period_ms"":7.750153541564941}"
192224,1,3622.7,3622.7,False,1.0,"{""inversion_rho"":null,""inversion_channel"":21.0,""period_ms"":7.750153541564941}"
192224,1,3629.4999,3629.4999,False,1.0,"{""inversion_rho"":null,""inversion_channel"":20.5,""period_ms"":7.750153541564941}"
192224,1,3637.3,3637.3,False,1.0,"{""inversion_rho"":null,""inversion_channel"":20.5,""period_ms"":7.750153541564941}"
192224,1,3644.5,3644.5,False,1.0,"{""inversion_rho"":null,""inversion_channel"":19.0,""period_ms"":7.750153541564941}"
192224,1,3658.7999,3658.7999,False,0.25,"{""inversion_rho"":null,""inversion_channel"":15.5,""period_ms"":7.750153541564941}"
192224,1,3666.5001,3666.5001,False,0.5,"{""inversion_rho"":null,""inversion_channel"":14.0,""period_ms"":7.750153541564941}"
192224,1,3681.6001,3681.6001,False,1.0,"{""inversion_rho"":null,""inversion_channel"":20.5,""period_ms"":7.750153541564941}"
192224,1,3702.8,3702.8,False,0.875,"{""inversion_rho"":null,""inversion_channel"":23.5,""period_ms"":7.750153541564941}"
192224,1,3708.3001,3708.3001,False,0.625,"{""inversion_rho"":null,""inversion_channel"":18.5,""period_ms"":7.200002670288086}"
192224,1,3714.6001,3714.6001,False,1.0,"{""inversion_rho"":null,""inversion_channel"":19.5,""period_ms"":7.200002670288086}"
192224,1,3720.5,3720.5,False,0.875,"{""inversion_rho"":null,""inversion_channel"":19.5,""period_ms"":7.200002670288086}"
192224,1,3727.7,3727.7,False,1.0,"{""inversion_rho"":null,""inversion_channel"":19.5,""period_ms"":7.200002670288086}"
192224,1,3743.3,3743.3,False,1.0,"{""inversion_rho"":null,""inversion_channel"":20.5,""period_ms"":7.200002670288086}"
192224,1,3760.6001,3760.6001,False,0.5,"{""inversion_rho"":null,""inversion_channel"":14.5,""period_ms"":7.200002670288086}"
192224,1,3769.5999,3769.5999,False,0.375,"{""inversion_rho"":null,""inversion_channel"":8.0,""period_ms"":7.200002670288086}"
192224,1,3786.0999,3786.0999,False,1.0,"{""inversion_rho"":null,""inversion_channel"":19.5,""period_ms"":7.200002670288086}"
192224,1,3793.4,3793.4,False,1.0,"{""inversion_rho"":null,""inversion_channel"":18.0,""period_ms"":7.200002670288086}"
192224,1,3800.6999,3800.6999,False,1.0,"{""inversion_rho"":null,""inversion_channel"":22.5,""period_ms"":7.200002670288086}"
192224,1,3807.9,3807.9,False,1.0,"{""inversion_rho"":null,""inversion_channel"":19.5,""period_ms"":7.200002670288086}"
192224,1,3815.5999,3815.5999,False,1.0,"{""inversion_rho"":null,""inversion_channel"":21.5,""period_ms"":7.200002670288086}"
192224,1,3822.7999,3822.7999,False,1.0,"{""inversion_rho"":null,""inversion_channel"":21.0,""period_ms"":7.200002670288086}"
192224,1,3829.2999,3829.2999,False,1.0,"{""inversion_rho"":null,""inversion_channel"":21.0,""period_ms"":7.200002670288086}"
192224,1,3836.0,3836.0,False,1.0,"{""inversion_rho"":null,""inversion_channel"":20.5,""period_ms"":7.200002670288086}"
192224,1,3842.4001,3842.4001,False,1.0,"{""inversion_rho"":null,""inversion_channel"":19.0,""period_ms"":7.200002670288086}"
192224,1,3849.0,3849.0,False,1.0,"{""inversion_rho"":null,""inversion_channel"":20.0,""period_ms"":7.200002670288086}"
192224,1,3856.1001,3856.1001,False,1.0,"{""inversion_rho"":null,""inversion_channel"":23.5,""period_ms"":7.200002670288086}"
192224,1,3894.2001,3894.2001,False,0.25,"{""inversion_rho"":null,""inversion_channel"":22.5,""period_ms"":7.0999860763549805}"
192224,1,3901.2001,3901.2001,False,0.75,"{""inversion_rho"":null,""inversion_channel"":23.5,""period_ms"":7.0999860763549805}"
192224,1,3908.4001,3908.4001,False,1.0,"{""inversion_rho"":null,""inversion_channel"":17.5,""period_ms"":7.0999860763549805}"
192224,1,3929.6,3929.6,False,1.0,"{""inversion_rho"":null,""inversion_channel"":13.5,""period_ms"":null}"
192224,1,3936.8999,3936.8999,False,1.0,"{""inversion_rho"":null,""inversion_channel"":16.5,""period_ms"":null}"
192224,1,4011.2,4011.2,False,0.25,"{""inversion_rho"":null,""inversion_channel"":13.5,""period_ms"":20.64990997314453}"
192224,1,4030.9,4030.9,False,1.0,"{""inversion_rho"":null,""inversion_channel"":20.0,""period_ms"":20.64990997314453}"
192224,1,4052.4998,4052.4998,False,1.0,"{""inversion_rho"":null,""inversion_channel"":18.0,""period_ms"":20.64990997314453}"
192224,1,4058.8999,4058.8999,False,1.0,"{""inversion_rho"":null,""inversion_channel"":20.5,""period_ms"":7.499933242797852}"
192224,1,4065.3,4065.3,False,1.0,"{""inversion_rho"":null,""inversion_channel"":22.5,""period_ms"":7.499933242797852}"
192224,1,4078.0001,4078.0001,False,0.625,"{""inversion_rho"":null,""inversion_channel"":3.5,""period_ms"":7.499933242797852}"
192224,1,4086.8001,4086.8001,False,1.0,"{""inversion_rho"":null,""inversion_channel"":16.5,""period_ms"":7.499933242797852}"
192224,1,4095.6998,4095.6998,False,0.25,"{""inversion_rho"":null,""inversion_channel"":3.5,""period_ms"":7.499933242797852}"
192224,1,4105.5999,4105.5999,False,0.5,"{""inversion_rho"":null,""inversion_channel"":14.5,""period_ms"":7.499933242797852}"
192224,1,4111.4998,4111.4998,False,0.5,"{""inversion_rho"":null,""inversion_channel"":16.0,""period_ms"":7.499933242797852}"
192224,1,4118.5999,4118.5999,False,1.0,"{""inversion_rho"":null,""inversion_channel"":22.5,""period_ms"":7.499933242797852}"
192224,1,4126.2999,4126.2999,False,1.0,"{""inversion_rho"":null,""inversion_channel"":21.0,""period_ms"":7.499933242797852}"
192224,1,4133.4,4133.4,False,1.0,"{""inversion_rho"":null,""inversion_channel"":19.5,""period_ms"":7.499933242797852}"
192224,1,4140.2001,4140.2001,False,1.0,"{""inversion_rho"":null,""inversion_channel"":17.5,""period_ms"":7.499933242797852}"
192224,1,4147.6998,4147.6998,False,1.0,"{""inversion_rho"":null,""inversion_channel"":17.5,""period_ms"":7.499933242797852}"
192224,1,4155.2,4155.2,False,1.0,"{""inversion_rho"":null,""inversion_channel"":3.5,""period_ms"":7.499933242797852}"
192224,1,4174.6998,4174.6998,False,1.0,"{""inversion_rho"":null,""inversion_channel"":3.5,""period_ms"":58.59994888305664}"
192224,1,4221.6001,4221.6001,False,0.25,"{""inversion_rho"":null,""inversion_channel"":3.5,""period_ms"":58.59994888305664}"
192224,1,4283.0,4283.0,False,1.0,"{""inversion_rho"":null,""inversion_channel"":16.5,""period_ms"":58.59994888305664}"
192224,1,4341.5999,4341.5999,False,0.5,"{""inversion_rho"":null,""inversion_channel"":3.5,""period_ms"":58.59994888305664}"
192224,1,4353.4999,4353.4999,False,1.0,"{""inversion_rho"":null,""inversion_channel"":3.5,""period_ms"":5.800008773803711}"
192224,1,4359.6001,4359.6001,False,1.0,"{""inversion_rho"":null,""inversion_channel"":22.5,""period_ms"":5.800008773803711}"
192224,1,4365.0999,4365.0999,False,1.0,"{""inversion_rho"":null,""inversion_channel"":22.5,""period_ms"":5.800008773803711}"
192224,1,4399.7998,4399.7998,False,0.25,"{""inversion_rho"":null,""inversion_channel"":4.0,""period_ms"":null}"
192224,1,4406.6,4406.6,False,1.0,"{""inversion_rho"":null,""inversion_channel"":26.0,""period_ms"":null}"
192224,1,4440.4001,4440.4001,False,1.0,"{""inversion_rho"":null,""inversion_channel"":3.5,""period_ms"":8.450031280517578}"
192224,1,4449.3999,4449.3999,False,1.0,"{""inversion_rho"":null,""inversion_channel"":12.5,""period_ms"":8.450031280517578}"
192224,1,4457.3002,4457.3002,False,1.0,"{""inversion_rho"":null,""inversion_channel"":3.5,""period_ms"":8.450031280517578}"
192224,1,4464.3002,4464.3002,False,1.0,"{""inversion_rho"":null,""inversion_channel"":14.0,""period_ms"":8.450031280517578}"
192224,1,4480.9999,4480.9999,False,1.0,"{""inversion_rho"":null,""inversion_channel"":19.5,""period_ms"":8.450031280517578}"
192224,1,4549.0999,4549.0999,False,1.0,"{""inversion_rho"":null,""inversion_channel"":20.5,""period_ms"":6.999969482421875}"
192224,1,4559.4001,4559.4001,False,1.0,"{""inversion_rho"":null,""inversion_channel"":17.0,""period_ms"":6.999969482421875}"
192224,1,4565.4998,4565.4998,False,1.0,"{""inversion_rho"":null,""inversion_channel"":17.5,""period_ms"":6.999969482421875}"
192224,1,4573.0,4573.0,False,1.0,"{""inversion_rho"":null,""inversion_channel"":3.5,""period_ms"":6.999969482421875}"
192224,1,4580.2999,4580.2999,False,1.0,"{""inversion_rho"":null,""inversion_channel"":17.5,""period_ms"":6.999969482421875}"
192224,1,4587.1,4587.1,False,1.0,"{""inversion_rho"":null,""inversion_channel"":17.5,""period_ms"":6.999969482421875}"
192224,1,4594.9001,4594.9001,False,1.0,"{""inversion_rho"":null,""inversion_channel"":3.5,""period_ms"":6.999969482421875}"
192224,1,4601.6002,4601.6002,False,1.0,"{""inversion_rho"":null,""inversion_channel"":18.5,""period_ms"":6.999969482421875}"
192224,1,4609.2,4609.2,False,1.0,"{""inversion_rho"":null,""inversion_channel"":18.5,""period_ms"":6.999969482421875}"
192224,1,4616.7998,4616.7998,False,1.0,"{""inversion_rho"":null,""inversion_channel"":18.5,""period_ms"":6.999969482421875}"
192224,1,4623.7998,4623.7998,False,1.0,"{""inversion_rho"":null,""inversion_channel"":18.5,""period_ms"":6.999969482421875}"
192224,1,4630.3,4630.3,False,1.0,"{""inversion_rho"":null,""inversion_channel"":19.5,""period_ms"":6.999969482421875}"
192224,1,4635.7999,4635.7999,False,1.0,"{""inversion_rho"":null,""inversion_channel"":18.5,""period_ms"":6.999969482421875}"
192224,1,4642.3998,4642.3998,False,1.0,"{""inversion_rho"":null,""inversion_channel"":3.5,""period_ms"":6.999969482421875}"
192224,1,4692.5998,4692.5998,False,1.0,"{""inversion_rho"":null,""inversion_channel"":20.0,""period_ms"":7.600307464599609}"
192224,1,4700.2001,4700.2001,False,1.0,"{""inversion_rho"":null,""inversion_channel"":3.5,""period_ms"":7.600307464599609}"
192224,1,4715.0998,4715.0998,False,1.0,"{""inversion_rho"":null,""inversion_channel"":17.5,""period_ms"":7.600307464599609}"
192224,1,4722.7001,4722.7001,False,1.0,"{""inversion_rho"":null,""inversion_channel"":17.0,""period_ms"":7.600307464599609}"
192224,1,4736.1999,4736.1999,False,0.375,"{""inversion_rho"":null,""inversion_channel"":8.0,""period_ms"":7.600307464599609}"
192224,1,4742.6,4742.6,False,0.25,"{""inversion_rho"":null,""inversion_channel"":16.0,""period_ms"":7.600307464599609}"
192224,1,4785.9001,4785.9001,False,0.25,"{""inversion_rho"":null,""inversion_channel"":19.0,""period_ms"":7.800102233886719}"
192224,1,4795.8999,4795.8999,False,0.25,"{""inversion_rho"":null,""inversion_channel"":11.5,""period_ms"":7.800102233886719}"
192224,1,4810.6999,4810.6999,False,1.0,"{""inversion_rho"":null,""inversion_channel"":3.5,""period_ms"":7.800102233886719}"
192224,1,4819.3002,4819.3002,False,1.0,"{""inversion_rho"":null,""inversion_channel"":22.5,""period_ms"":7.800102233886719}"
192224,1,4836.8001,4836.8001,False,1.0,"{""inversion_rho"":null,""inversion_channel"":19.0,""period_ms"":7.800102233886719}"
192224,1,4844.6002,4844.6002,False,1.0,"{""inversion_rho"":null,""inversion_channel"":18.0,""period_ms"":7.800102233886719}"
192224,1,4851.6998,4851.6998,False,1.0,"{""inversion_rho"":null,""inversion_channel"":18.5,""period_ms"":7.800102233886719}"
192224,1,4859.2,4859.2,False,1.0,"{""inversion_rho"":null,""inversion_channel"":19.5,""period_ms"":7.800102233886719}"
192224,1,4866.0002,4866.0002,False,1.0,"{""inversion_rho"":null,""inversion_channel"":19.5,""period_ms"":7.800102233886719}"
192224,1,4879.2,4879.2,False,1.0,"{""inversion_rho"":null,""inversion_channel"":19.5,""period_ms"":7.800102233886719}"
192224,1,4886.3001,4886.3001,False,0.25,"{""inversion_rho"":null,""inversion_channel"":6.0,""period_ms"":7.800102233886719}"
192224,1,4892.3998,4892.3998,False,1.0,"{""inversion_rho"":null,""inversion_channel"":3.5,""period_ms"":7.800102233886719}"
192224,1,4951.0999,4951.0999,False,0.25,"{""inversion_rho"":null,""inversion_channel"":4.5,""period_ms"":18.94998550415039}"
192224,1,4962.6999,4962.6999,False,1.0,"{""inversion_rho"":null,""inversion_channel"":3.5,""period_ms"":18.94998550415039}"
192224,1,4982.8,4982.8,False,0.5,"{""inversion_rho"":null,""inversion_channel"":3.5,""period_ms"":18.94998550415039}"
192224,1,5010.9,5010.9,False,0.25,"{""inversion_rho"":null,""inversion_channel"":5.0,""period_ms"":18.94998550415039}"
192224,1,5028.6999,5028.6999,False,0.25,"{""inversion_rho"":null,""inversion_channel"":4.5,""period_ms"":18.94998550415039}"
192224,1,5083.4999,5083.4999,False,1.0,"{""inversion_rho"":null,""inversion_channel"":13.5,""period_ms"":6.7501068115234375}"
192224,1,5091.8002,5091.8002,False,1.0,"{""inversion_rho"":null,""inversion_channel"":3.5,""period_ms"":6.7501068115234375}"
192224,1,5099.2999,5099.2999,False,0.25,"{""inversion_rho"":null,""inversion_channel"":13.5,""period_ms"":6.7501068115234375}"
192224,1,5105.5002,5105.5002,False,1.0,"{""inversion_rho"":null,""inversion_channel"":19.0,""period_ms"":6.7501068115234375}"
192224,1,5112.8998,5112.8998,False,1.0,"{""inversion_rho"":null,""inversion_channel"":21.5,""period_ms"":6.7501068115234375}"
192224,1,5119.9999,5119.9999,False,1.0,"{""inversion_rho"":null,""inversion_channel"":19.5,""period_ms"":6.7501068115234375}"
192224,1,5126.9002,5126.9002,False,1.0,"{""inversion_rho"":null,""inversion_channel"":21.0,""period_ms"":6.7501068115234375}"
192224,1,5133.5001,5133.5001,False,0.75,"{""inversion_rho"":null,""inversion_channel"":20.0,""period_ms"":6.7501068115234375}"
192224,1,5139.9999,5139.9999,False,1.0,"{""inversion_rho"":null,""inversion_channel"":20.5,""period_ms"":6.7501068115234375}"
192224,1,5146.9002,5146.9002,False,1.0,"{""inversion_rho"":null,""inversion_channel"":19.0,""period_ms"":6.7501068115234375}"
192224,1,5155.3998,5155.3998,False,1.0,"{""inversion_rho"":null,""inversion_channel"":20.5,""period_ms"":6.7501068115234375}"
192224,1,5161.6001,5161.6001,False,0.25,"{""inversion_rho"":null,""inversion_channel"":20.5,""period_ms"":6.7501068115234375}"
192224,1,5166.6999,5166.6999,False,1.0,"{""inversion_rho"":null,""inversion_channel"":23.5,""period_ms"":6.7501068115234375}"
192224,1,5172.4,5172.4,False,1.0,"{""inversion_rho"":null,""inversion_channel"":23.5,""period_ms"":6.7501068115234375}"
192224,1,5177.7,5177.7,False,1.0,"{""inversion_rho"":null,""inversion_channel"":19.0,""period_ms"":6.7501068115234375}"
192224,1,5187.5,5187.5,False,0.5,"{""inversion_rho"":null,""inversion_channel"":23.5,""period_ms"":6.7501068115234375}"
192224,1,5193.5,5193.5,False,1.0,"{""inversion_rho"":null,""inversion_channel"":22.5,""period_ms"":6.7501068115234375}"
192224,1,5216.3,5216.3,False,1.0,"{""inversion_rho"":null,""inversion_channel"":22.5,""period_ms"":10.950088500976562}"
192224,1,5225.2002,5225.2002,False,0.25,"{""inversion_rho"":null,""inversion_channel"":15.5,""period_ms"":10.950088500976562}"
192224,1,5246.2001,5246.2001,False,1.0,"{""inversion_rho"":null,""inversion_channel"":21.0,""period_ms"":10.950088500976562}"
192224,1,5259.2001,5259.2001,False,1.0,"{""inversion_rho"":null,""inversion_channel"":22.5,""period_ms"":10.950088500976562}"
192224,1,5264.8001,5264.8001,False,1.0,"{""inversion_rho"":null,""inversion_channel"":18.5,""period_ms"":10.950088500976562}"
192224,1,5283.2999,5283.2999,False,0.625,"{""inversion_rho"":null,""inversion_channel"":22.5,""period_ms"":20.050048828125}"
192224,1,5299.9001,5299.9001,False,0.5,"{""inversion_rho"":null,""inversion_channel"":3.5,""period_ms"":20.050048828125}"
192224,1,5323.4,5323.4,False,0.75,"{""inversion_rho"":null,""inversion_channel"":13.5,""period_ms"":20.050048828125}"
192224,1,5329.2999,5329.2999,False,1.0,"{""inversion_rho"":null,""inversion_channel"":23.5,""period_ms"":7.400035858154297}"
192224,1,5337.9002,5337.9002,False,1.0,"{""inversion_rho"":null,""inversion_channel"":17.5,""period_ms"":7.400035858154297}"
192224,1,5344.9998,5344.9998,False,1.0,"{""inversion_rho"":null,""inversion_channel"":18.5,""period_ms"":7.400035858154297}"
192224,1,5354.0001,5354.0001,False,1.0,"{""inversion_rho"":null,""inversion_channel"":20.5,""period_ms"":7.400035858154297}"
192224,1,5362.5002,5362.5002,False,1.0,"{""inversion_rho"":null,""inversion_channel"":21.5,""period_ms"":7.400035858154297}"
192224,1,5369.9002,5369.9002,False,1.0,"{""inversion_rho"":null,""inversion_channel"":21.5,""period_ms"":7.400035858154297}"
192224,1,5378.0999,5378.0999,False,1.0,"{""inversion_rho"":null,""inversion_channel"":20.5,""period_ms"":7.400035858154297}"
192224,1,5385.7002,5385.7002,False,1.0,"{""inversion_rho"":null,""inversion_channel"":20.0,""period_ms"":7.400035858154297}"
192224,1,5391.6998,5391.6998,False,1.0,"{""inversion_rho"":null,""inversion_channel"":20.5,""period_ms"":7.400035858154297}"
192224,1,5398.5,5398.5,False,1.0,"{""inversion_rho"":null,""inversion_channel"":21.5,""period_ms"":7.400035858154297}"
192224,1,5405.9,5405.9,False,1.0,"{""inversion_rho"":null,""inversion_channel"":22.5,""period_ms"":7.400035858154297}"
192224,1,5412.9,5412.9,False,1.0,"{""inversion_rho"":null,""inversion_channel"":20.0,""period_ms"":7.400035858154297}"
192224,1,5422.4,5422.4,False,0.25,"{""inversion_rho"":null,""inversion_channel"":23.5,""period_ms"":7.400035858154297}"
192224,1,5428.1001,5428.1001,False,1.0,"{""inversion_rho"":null,""inversion_channel"":3.5,""period_ms"":7.400035858154297}"
192224,1,5443.5,5443.5,False,1.0,"{""inversion_rho"":null,""inversion_channel"":3.5,""period_ms"":8.100032806396484}"
192224,1,5452.0998,5452.0998,False,1.0,"{""inversion_rho"":null,""inversion_channel"":22.5,""period_ms"":8.100032806396484}"
192224,1,5460.1998,5460.1998,False,1.0,"{""inversion_rho"":null,""inversion_channel"":21.0,""period_ms"":8.100032806396484}"
192224,1,5467.0,5467.0,False,1.0,"{""inversion_rho"":null,""inversion_channel"":22.5,""period_ms"":8.100032806396484}"
192224,1,5488.9998,5488.9998,False,1.0,"{""inversion_rho"":null,""inversion_channel"":19.0,""period_ms"":10.200023651123047}"
192224,1,5494.4,5494.4,False,1.0,"{""inversion_rho"":null,""inversion_channel"":21.5,""period_ms"":10.200023651123047}"
192224,1,5500.8998,5500.8998,False,1.0,"{""inversion_rho"":null,""inversion_channel"":23.5,""period_ms"":10.200023651123047}"
192224,1,5514.8001,5514.8001,False,0.625,"{""inversion_rho"":null,""inversion_channel"":22.0,""period_ms"":10.200023651123047}"
192224,1,5521.4,5521.4,False,0.5,"{""inversion_rho"":null,""inversion_channel"":14.5,""period_ms"":10.200023651123047}"
192224,1,5535.2001,5535.2001,False,0.25,"{""inversion_rho"":null,""inversion_channel"":4.5,""period_ms"":10.200023651123047}"
192224,1,5554.8,5554.8,False,0.375,"{""inversion_rho"":null,""inversion_channel"":10.5,""period_ms"":10.200023651123047}"
192224,1,5560.8001,5560.8001,False,1.0,"{""inversion_rho"":null,""inversion_channel"":21.0,""period_ms"":8.150100708007812}"
192224,1,5567.1,5567.1,False,1.0,"{""inversion_rho"":null,""inversion_channel"":22.5,""period_ms"":8.150100708007812}"
192224,1,5576.0002,5576.0002,False,1.0,"{""inversion_rho"":null,""inversion_channel"":17.5,""period_ms"":8.150100708007812}"
192224,1,5592.2999,5592.2999,False,1.0,"{""inversion_rho"":null,""inversion_channel"":19.0,""period_ms"":8.150100708007812}"
192224,1,5609.3001,5609.3001,False,1.0,"{""inversion_rho"":null,""inversion_channel"":21.0,""period_ms"":8.150100708007812}"
192224,1,5616.9,5616.9,False,1.0,"{""inversion_rho"":null,""inversion_channel"":20.5,""period_ms"":8.150100708007812}"
192224,1,5624.0001,5624.0001,False,1.0,"{""inversion_rho"":null,""inversion_channel"":22.5,""period_ms"":8.150100708007812}"
192224,1,5632.2999,5632.2999,False,1.0,"{""inversion_rho"":null,""inversion_channel"":22.5,""period_ms"":8.150100708007812}"
192224,1,5649.4999,5649.4999,False,1.0,"{""inversion_rho"":null,""inversion_channel"":22.5,""period_ms"":8.150100708007812}"
192224,1,5660.2998,5660.2998,False,0.875,"{""inversion_rho"":null,""inversion_channel"":13.5,""period_ms"":8.150100708007812}"
192224,1,5677.8998,5677.8998,False,1.0,"{""inversion_rho"":null,""inversion_channel"":20.5,""period_ms"":8.150100708007812}"
192224,1,5685.9002,5685.9002,False,1.0,"{""inversion_rho"":null,""inversion_channel"":20.5,""period_ms"":8.150100708007812}"
192224,1,5693.9001,5693.9001,False,1.0,"{""inversion_rho"":null,""inversion_channel"":20.5,""period_ms"":8.150100708007812}"
192224,1,5701.3998,5701.3998,False,1.0,"{""inversion_rho"":null,""inversion_channel"":22.0,""period_ms"":8.150100708007812}"
192224,1,5708.7998,5708.7998,False,1.0,"{""inversion_rho"":null,""inversion_channel"":21.0,""period_ms"":8.150100708007812}"
192224,1,5716.8002,5716.8002,False,1.0,"{""inversion_rho"":null,""inversion_channel"":20.5,""period_ms"":8.150100708007812}"
192224,1,5732.3999,5732.3999,False,0.25,"{""inversion_rho"":null,""inversion_channel"":23.0,""period_ms"":8.150100708007812}"
192224,1,5738.2998,5738.2998,False,1.0,"{""inversion_rho"":null,""inversion_channel"":20.5,""period_ms"":null}"
192224,1,5780.6001,5780.6001,False,1.0,"{""inversion_rho"":null,""inversion_channel"":21.5,""period_ms"":null}"
192224,1,5788.7001,5788.7001,False,0.25,"{""inversion_rho"":null,""inversion_channel"":6.0,""period_ms"":13.049840927124023}"
192224,1,5804.2998,5804.2998,False,1.0,"{""inversion_rho"":null,""inversion_channel"":24.5,""period_ms"":13.049840927124023}"
192224,1,5814.7998,5814.7998,False,1.0,"{""inversion_rho"":null,""inversion_channel"":18.5,""period_ms"":13.049840927124023}"
192224,1,5847.3001,5847.3001,False,0.25,"{""inversion_rho"":null,""inversion_channel"":17.5,""period_ms"":null}"
192224,1,5855.1002,5855.1002,False,0.25,"{""inversion_rho"":null,""inversion_channel"":5.5,""period_ms"":null}"
192224,1,5879.0002,5879.0002,False,1.0,"{""inversion_rho"":null,""inversion_channel"":17.0,""period_ms"":7.700204849243164}"
192224,1,5886.4999,5886.4999,False,1.0,"{""inversion_rho"":null,""inversion_channel"":3.5,""period_ms"":7.700204849243164}"
192224,1,5894.4998,5894.4998,False,1.0,"{""inversion_rho"":null,""inversion_channel"":17.5,""period_ms"":7.700204849243164}"
192224,1,5902.2999,5902.2999,False,0.25,"{""inversion_rho"":null,""inversion_channel"":23.5,""period_ms"":7.700204849243164}"
192224,1,5909.2999,5909.2999,False,0.375,"{""inversion_rho"":null,""inversion_channel"":36.5,""period_ms"":7.700204849243164}"
192224,1,5917.3999,5917.3999,False,1.0,"{""inversion_rho"":null,""inversion_channel"":17.5,""period_ms"":7.700204849243164}"
192224,1,5925.0002,5925.0002,False,1.0,"{""inversion_rho"":null,""inversion_channel"":17.5,""period_ms"":7.700204849243164}"
192224,1,5938.6001,5938.6001,False,1.0,"{""inversion_rho"":null,""inversion_channel"":15.0,""period_ms"":7.700204849243164}"
192224,1,5944.3998,5944.3998,False,1.0,"{""inversion_rho"":null,""inversion_channel"":22.5,""period_ms"":7.700204849243164}"
192224,1,5964.7002,5964.7002,False,1.0,"{""inversion_rho"":null,""inversion_channel"":22.5,""period_ms"":null}"
192224,1,5994.2002,5994.2002,False,0.625,"{""inversion_rho"":null,""inversion_channel"":23.5,""period_ms"":null}"
192224,1,6002.6999,6002.6999,False,1.0,"{""inversion_rho"":null,""inversion_channel"":22.5,""period_ms"":null}"
192224,1,6120.5001,6120.5001,False,1.0,"{""inversion_rho"":null,""inversion_channel"":16.5,""period_ms"":null}"
192224,1,1529.7,1565.8,True,1.0,"{""inversion_rho"":null,""inversion_channel"":12.75,""period_ms"":12.69996166229248}"
192224,1,1571.0,2748.4,True,1.0,"{""inversion_rho"":null,""inversion_channel"":22.0,""period_ms"":8.199930191040039}"
192224,1,2773.7999,2977.7999,True,1.0,"{""inversion_rho"":null,""inversion_channel"":21.0,""period_ms"":7.299900054931641}"
192224,1,2984.6001,3105.4001,True,1.0,"{""inversion_rho"":null,""inversion_channel"":19.5,""period_ms"":7.599949836730957}"
192224,1,3141.3,3213.1,True,1.0,"{""inversion_rho"":null,""inversion_channel"":19.75,""period_ms"":7.600069046020508}"
192224,1,3242.8,3351.5,True,1.0,"{""inversion_rho"":null,""inversion_channel"":20.5,""period_ms"":7.850050926208496}"
192224,1,3358.7,3415.6001,True,1.0,"{""inversion_rho"":null,""inversion_channel"":20.75,""period_ms"":6.200075149536133}"
192224,1,3438.2999,3702.8,True,1.0,"{""inversion_rho"":null,""inversion_channel"":20.5,""period_ms"":7.750153541564941}"
192224,1,3708.3001,3856.1001,True,1.0,"{""inversion_rho"":null,""inversion_channel"":19.5,""period_ms"":7.200002670288086}"
192224,1,3894.2001,3908.4001,True,1.0,"{""inversion_rho"":null,""inversion_channel"":22.5,""period_ms"":7.0999860763549805}"
192224,1,4011.2,4052.4998,True,1.0,"{""inversion_rho"":null,""inversion_channel"":18.0,""period_ms"":20.64990997314453}"
192224,1,4058.8999,4155.2,True,1.0,"{""inversion_rho"":null,""inversion_channel"":17.5,""period_ms"":7.499933242797852}"
192224,1,4174.6998,4341.5999,True,1.0,"{""inversion_rho"":null,""inversion_channel"":3.5,""period_ms"":58.59994888305664}"
192224,1,4353.4999,4365.0999,True,1.0,"{""inversion_rho"":null,""inversion_channel"":22.5,""period_ms"":5.800008773803711}"
192224,1,4440.4001,4480.9999,True,1.0,"{""inversion_rho"":null,""inversion_channel"":12.5,""period_ms"":8.450031280517578}"
192224,1,4549.0999,4642.3998,True,1.0,"{""inversion_rho"":null,""inversion_channel"":18.0,""period_ms"":6.999969482421875}"
192224,1,4692.5998,4742.6,True,1.0,"{""inversion_rho"":null,""inversion_channel"":16.5,""period_ms"":7.600307464599609}"
192224,1,4785.9001,4892.3998,True,1.0,"{""inversion_rho"":null,""inversion_channel"":18.75,""period_ms"":7.800102233886719}"
192224,1,4951.0999,5028.6999,True,1.0,"{""inversion_rho"":null,""inversion_channel"":4.5,""period_ms"":18.94998550415039}"
192224,1,5083.4999,5193.5,True,1.0,"{""inversion_rho"":null,""inversion_channel"":20.5,""period_ms"":6.7501068115234375}"
192224,1,5216.3,5264.8001,True,1.0,"{""inversion_rho"":null,""inversion_channel"":21.0,""period_ms"":10.950088500976562}"
192224,1,5283.2999,5323.4,True,1.0,"{""inversion_rho"":null,""inversion_channel"":13.5,""period_ms"":20.050048828125}"
192224,1,5329.2999,5428.1001,True,1.0,"{""inversion_rho"":null,""inversion_channel"":20.5,""period_ms"":7.400035858154297}"
192224,1,5443.5,5467.0,True,1.0,"{""inversion_rho"":null,""inversion_channel"":21.75,""period_ms"":8.100032806396484}"
192224,1,5488.9998,5554.8,True,1.0,"{""inversion_rho"":null,""inversion_channel"":19.0,""period_ms"":10.200023651123047}"
192224,1,5560.8001,5732.3999,True,1.0,"{""inversion_rho"":null,""inversion_channel"":21.0,""period_ms"":8.150100708007812}"
192224,1,5788.7001,5814.7998,True,1.0,"{""inversion_rho"":null,""inversion_channel"":18.5,""period_ms"":13.049840927124023}"
192224,1,5879.0002,5944.3998,True,1.0,"{""inversion_rho"":null,""inversion_channel"":17.5,""period_ms"":7.700204849243164}"
192226,1,34.5,34.5,False,0.25,"{""inversion_rho"":null,""inversion_channel"":4.5,""period_ms"":null}"
192226,1,73.0,73.0,False,1.0,"{""inversion_rho"":null,""inversion_channel"":39.5,""period_ms"":null}"
192226,1,5076.0999,5076.0999,False,1.0,"{""inversion_rho"":null,""inversion_channel"":17.5,""period_ms"":null}"
192226,1,5089.7002,5089.7002,False,0.625,"{""inversion_rho"":null,""inversion_channel"":17.5,""period_ms"":null}"
192226,1,5157.1999,5157.1999,False,0.875,"{""inversion_rho"":null,""inversion_channel"":18.5,""period_ms"":9.799957275390625}"
192226,1,5163.3,5163.3,False,0.375,"{""inversion_rho"":null,""inversion_channel"":24.5,""period_ms"":9.799957275390625}"
192226,1,5174.0999,5174.0999,False,0.25,"{""inversion_rho"":null,""inversion_channel"":10.5,""period_ms"":9.799957275390625}"
192226,1,5180.6998,5180.6998,False,1.0,"{""inversion_rho"":null,""inversion_channel"":20.5,""period_ms"":9.799957275390625}"
192226,1,5193.3999,5193.3999,False,0.75,"{""inversion_rho"":null,""inversion_channel"":21.5,""period_ms"":9.799957275390625}"
192226,1,5203.1999,5203.1999,False,0.625,"{""inversion_rho"":null,""inversion_channel"":19.5,""period_ms"":9.799957275390625}"
192226,1,5222.0001,5222.0001,False,1.0,"{""inversion_rho"":null,""inversion_channel"":18.0,""period_ms"":9.799957275390625}"
192226,1,5230.5002,5230.5002,False,0.625,"{""inversion_rho"":null,""inversion_channel"":18.5,""period_ms"":9.799957275390625}"
192226,1,5258.2998,5258.2998,False,0.75,"{""inversion_rho"":null,""inversion_channel"":17.5,""period_ms"":null}"
192226,1,5293.9,5293.9,False,1.0,"{""inversion_rho"":null,""inversion_channel"":18.0,""period_ms"":null}"
192226,1,5306.0999,5306.0999,False,0.625,"{""inversion_rho"":null,""inversion_channel"":17.5,""period_ms"":9.900093078613281}"
192226,1,5316.0,5316.0,False,0.375,"{""inversion_rho"":null,""inversion_channel"":19.5,""period_ms"":9.900093078613281}"
192226,1,5326.2,5326.2,False,0.875,"{""inversion_rho"":null,""inversion_channel"":35.0,""period_ms"":9.900093078613281}"
192226,1,5332.2001,5332.2001,False,1.0,"{""inversion_rho"":null,""inversion_channel"":19.5,""period_ms"":9.900093078613281}"
192226,1,5341.4001,5341.4001,False,1.0,"{""inversion_rho"":null,""inversion_channel"":19.5,""period_ms"":9.900093078613281}"
192226,1,5356.5001,5356.5001,False,1.0,"{""inversion_rho"":null,""inversion_channel"":34.5,""period_ms"":9.900093078613281}"
192226,1,5614.9998,5614.9998,False,0.375,"{""inversion_rho"":null,""inversion_channel"":19.5,""period_ms"":null}"
192226,1,5622.7002,5622.7002,False,1.0,"{""inversion_rho"":null,""inversion_channel"":19.0,""period_ms"":null}"
192226,1,6014.4,6014.4,False,0.75,"{""inversion_rho"":null,""inversion_channel"":9.5,""period_ms"":7.55000114440918}"
192226,1,6019.8002,6019.8002,False,1.0,"{""inversion_rho"":null,""inversion_channel"":13.5,""period_ms"":7.55000114440918}"
192226,1,6029.5,6029.5,False,0.625,"{""inversion_rho"":null,""inversion_channel"":33.0,""period_ms"":7.55000114440918}"
192226,1,5157.1999,5230.5002,True,1.0,"{""inversion_rho"":null,""inversion_channel"":19.0,""period_ms"":9.799957275390625}"
192226,1,5306.0999,5356.5001,True,1.0,"{""inversion_rho"":null,""inversion_channel"":19.5,""period_ms"":9.900093078613281}"
192226,1,6014.4,6029.5,True,1.0,"{""inversion_rho"":null,""inversion_channel"":13.5,""period_ms"":7.55000114440918}"
192228,1,71.6,71.6,False,1.0,"{""inversion_rho"":null,""inversion_channel"":39.5,""period_ms"":null}"
192228,1,4466.1002,4466.1002,False,0.625,"{""inversion_rho"":null,""inversion_channel"":20.5,""period_ms"":6.399631500244141}"
192228,1,4472.4998,4472.4998,False,0.25,"{""inversion_rho"":null,""inversion_channel"":22.5,""period_ms"":6.399631500244141}"
192228,1,4478.4999,4478.4999,False,0.5,"{""inversion_rho"":null,""inversion_channel"":21.0,""period_ms"":6.399631500244141}"
192228,1,4489.6998,4489.6998,False,0.875,"{""inversion_rho"":null,""inversion_channel"":37.5,""period_ms"":6.399631500244141}"
192228,1,6012.4998,6012.4998,False,1.0,"{""inversion_rho"":null,""inversion_channel"":16.5,""period_ms"":null}"
192228,1,6018.3001,6018.3001,False,0.375,"{""inversion_rho"":null,""inversion_channel"":21.5,""period_ms"":null}"
192228,1,6034.4,6034.4,False,1.0,"{""inversion_rho"":null,""inversion_channel"":21.5,""period_ms"":null}"
192228,1,6045.5999,6045.5999,False,0.25,"{""inversion_rho"":null,""inversion_channel"":14.5,""period_ms"":null}"
192228,1,4466.1002,4489.6998,True,1.0,"{""inversion_rho"":null,""inversion_channel"":21.75,""period_ms"":6.399631500244141}"
192229,1,81.5,81.5,False,0.875,"{""inversion_rho"":null,""inversion_channel"":3.5,""period_ms"":null}"
192229,1,6014.8001,6014.8001,False,1.0,"{""inversion_rho"":null,""inversion_channel"":19.5,""period_ms"":10.649919509887695}"
192229,1,6021.5998,6021.5998,False,1.0,"{""inversion_rho"":null,""inversion_channel"":23.5,""period_ms"":10.649919509887695}"
192229,1,6036.0999,6036.0999,False,0.25,"{""inversion_rho"":null,""inversion_channel"":24.5,""period_ms"":10.649919509887695}"
192229,1,6014.8001,6036.0999,True,1.0,"{""inversion_rho"":null,""inversion_channel"":23.5,""period_ms"":10.649919509887695}"
192230,1,69.3,69.3,False,1.0,"{""inversion_rho"":null,""inversion_channel"":39.5,""period_ms"":null}"
192230,1,149.0,149.0,False,0.25,"{""inversion_rho"":null,""inversion_channel"":32.5,""period_ms"":null}"
192230,1,3082.0999,3082.0999,False,0.75,"{""inversion_rho"":null,""inversion_channel"":7.5,""period_ms"":null}"
192230,1,3133.4,3133.4,False,0.5,"{""inversion_rho"":null,""inversion_channel"":7.5,""period_ms"":null}"
192230,1,3143.6999,3143.6999,False,0.5,"{""inversion_rho"":null,""inversion_channel"":7.5,""period_ms"":null}"
192230,1,3405.6001,3405.6001,False,0.5,"{""inversion_rho"":null,""inversion_channel"":9.5,""period_ms"":8.049964904785156}"
192230,1,3415.4999,3415.4999,False,1.0,"{""inversion_rho"":null,""inversion_channel"":18.0,""period_ms"":8.049964904785156}"
192230,1,3421.7,3421.7,False,0.375,"{""inversion_rho"":null,""inversion_channel"":21.5,""period_ms"":8.049964904785156}"
192230,1,3494.2999,3494.2999,False,0.25,"{""inversion_rho"":null,""inversion_channel"":11.5,""period_ms"":null}"
192230,1,5998.0001,5998.0001,False,1.0,"{""inversion_rho"":null,""inversion_channel"":18.0,""period_ms"":null}"
192230,1,6023.7002,6023.7002,False,1.0,"{""inversion_rho"":null,""inversion_channel"":19.5,""period_ms"":null}"
192230,1,3405.6001,3421.7,True,1.0,"{""inversion_rho"":null,""inversion_channel"":18.0,""period_ms"":8.049964904785156}"
192231,1,81.8,81.8,False,0.875,"{""inversion_rho"":null,""inversion_channel"":3.5,""period_ms"":null}"
192231,1,6015.6999,6015.6999,False,1.0,"{""inversion_rho"":null,""inversion_channel"":21.5,""period_ms"":null}"
192231,1,6021.5001,6021.5001,False,0.375,"{""inversion_rho"":null,""inversion_channel"":22.5,""period_ms"":null}"
192232,1,68.4,68.4,False,1.0,"{""inversion_rho"":null,""inversion_channel"":5.5,""period_ms"":null}"
192232,1,4638.8998,4638.8998,False,1.0,"{""inversion_rho"":null,""inversion_channel"":20.0,""period_ms"":null}"
192232,1,6014.2002,6014.2002,False,1.0,"{""inversion_rho"":null,""inversion_channel"":7.0,""period_ms"":null}"
192233,1,63.1,63.1,False,1.0,"{""inversion_rho"":null,""inversion_channel"":37.0,""period_ms"":null}"
192233,1,6012.7001,6012.7001,False,1.0,"{""inversion_rho"":null,""inversion_channel"":28.5,""period_ms"":10.200023651123047}"
192233,1,6020.9999,6020.9999,False,0.375,"{""inversion_rho"":null,""inversion_channel"":33.5,""period_ms"":10.200023651123047}"
192233,1,6033.1001,6033.1001,False,0.5,"{""inversion_rho"":null,""inversion_channel"":33.5,""period_ms"":10.200023651123047}"
192233,1,6092.9999,6092.9999,False,0.25,"{""inversion_rho"":null,""inversion_channel"":12.0,""period_ms"":null}"
192233,1,6102.6001,6102.6001,False,0.375,"{""inversion_rho"":null,""inversion_channel"":13.5,""period_ms"":null}"
192233,1,6129.6,6129.6,False,1.0,"{""inversion_rho"":null,""inversion_channel"":13.5,""period_ms"":null}"
192233,1,6012.7001,6033.1001,True,1.0,"{""inversion_rho"":null,""inversion_channel"":33.5,""period_ms"":10.200023651123047}"
192275,1,43.8,43.8,False,0.25,"{""inversion_rho"":null,""inversion_channel"":15.5,""period_ms"":5.499999970197678}"
192275,1,50.9,50.9,False,0.375,"{""inversion_rho"":null,""inversion_channel"":37.5,""period_ms"":5.499999970197678}"
192275,1,56.0,56.0,False,0.75,"{""inversion_rho"":null,""inversion_channel"":8.0,""period_ms"":5.499999970197678}"
192275,1,61.5,61.5,False,0.625,"{""inversion_rho"":null,""inversion_channel"":6.5,""period_ms"":5.499999970197678}"
192275,1,77.8,77.8,False,0.5,"{""inversion_rho"":null,""inversion_channel"":13.5,""period_ms"":null}"
192275,1,1626.7,1626.7,False,1.0,"{""inversion_rho"":null,""inversion_channel"":20.5,""period_ms"":70.34999132156372}"
192275,1,1700.2,1700.2,False,1.0,"{""inversion_rho"":null,""inversion_channel"":20.5,""period_ms"":70.34999132156372}"
192275,1,1769.7001,1769.7001,False,1.0,"{""inversion_rho"":null,""inversion_channel"":19.5,""period_ms"":70.34999132156372}"
192275,1,1840.8999,1840.8999,False,1.0,"{""inversion_rho"":null,""inversion_channel"":19.5,""period_ms"":70.34999132156372}"
192275,1,1906.2999,1906.2999,False,1.0,"{""inversion_rho"":null,""inversion_channel"":19.0,""period_ms"":70.34999132156372}"
192275,1,1915.7,1915.7,False,1.0,"{""inversion_rho"":null,""inversion_channel"":18.5,""period_ms"":45.89998722076416}"
192275,1,1979.3,1979.3,False,1.0,"{""inversion_rho"":null,""inversion_channel"":19.0,""period_ms"":45.89998722076416}"
192275,1,2007.4999,2007.4999,False,1.0,"{""inversion_rho"":null,""inversion_channel"":18.5,""period_ms"":45.89998722076416}"
192275,1,2079.2,2079.2,False,1.0,"{""inversion_rho"":null,""inversion_channel"":19.5,""period_ms"":65.95003604888916}"
192275,1,2146.6999,2146.6999,False,1.0,"{""inversion_rho"":null,""inversion_channel"":19.5,""period_ms"":65.95003604888916}"
192275,1,2213.5,2213.5,False,1.0,"{""inversion_rho"":null,""inversion_channel"":19.5,""period_ms"":65.95003604888916}"
192275,1,2249.1,2249.1,False,1.0,"{""inversion_rho"":null,""inversion_channel"":17.5,""period_ms"":65.95003604888916}"
192275,1,2314.1999,2314.1999,False,1.0,"{""inversion_rho"":null,""inversion_channel"":19.0,""period_ms"":65.95003604888916}"
192275,1,2349.9,2349.9,False,1.0,"{""inversion_rho"":null,""inversion_channel"":19.0,""period_ms"":65.95003604888916}"
192275,1,2419.4,2419.4,False,1.0,"{""inversion_rho"":null,""inversion_channel"":18.5,""period_ms"":65.95003604888916}"
192275,1,2462.6,2462.6,False,1.0,"{""inversion_rho"":null,""inversion_channel"":18.0,""period_ms"":65.95003604888916}"
192275,1,2534.1001,2534.1001,False,1.0,"{""inversion_rho"":null,""inversion_channel"":18.5,""period_ms"":65.95003604888916}"
192275,1,2558.5001,2558.5001,False,1.0,"{""inversion_rho"":null,""inversion_channel"":18.0,""period_ms"":69.24998760223389}"
192275,1,2627.8,2627.8,False,0.75,"{""inversion_rho"":null,""inversion_channel"":19.5,""period_ms"":69.24998760223389}"
192275,1,2698.9,2698.9,False,1.0,"{""inversion_rho"":null,""inversion_channel"":19.5,""period_ms"":69.24998760223389}"
192275,1,2762.3999,2762.3999,False,1.0,"{""inversion_rho"":null,""inversion_channel"":19.0,""period_ms"":69.24998760223389}"
192275,1,2804.8,2804.8,False,1.0,"{""inversion_rho"":null,""inversion_channel"":19.0,""period_ms"":69.24998760223389}"
192275,1,2887.0001,2887.0001,False,1.0,"{""inversion_rho"":null,""inversion_channel"":19.5,""period_ms"":69.24998760223389}"
192275,1,2954.7999,2954.7999,False,1.0,"{""inversion_rho"":null,""inversion_channel"":19.5,""period_ms"":69.24998760223389}"
192275,1,3024.6999,3024.6999,False,1.0,"{""inversion_rho"":null,""inversion_channel"":19.5,""period_ms"":69.24998760223389}"
192275,1,3093.9,3093.9,False,1.0,"{""inversion_rho"":null,""inversion_channel"":19.5,""period_ms"":69.24998760223389}"
192275,1,3159.6,3159.6,False,1.0,"{""inversion_rho"":null,""inversion_channel"":19.5,""period_ms"":69.24998760223389}"
192275,1,3225.4,3225.4,False,1.0,"{""inversion_rho"":null,""inversion_channel"":19.5,""period_ms"":69.24998760223389}"
192275,1,3293.0,3293.0,False,1.0,"{""inversion_rho"":null,""inversion_channel"":19.5,""period_ms"":69.24998760223389}"
192275,1,3363.6999,3363.6999,False,1.0,"{""inversion_rho"":null,""inversion_channel"":19.5,""period_ms"":69.24998760223389}"
192275,1,3431.0999,3431.0999,False,1.0,"{""inversion_rho"":null,""inversion_channel"":19.5,""period_ms"":69.24998760223389}"
192275,1,3497.2,3497.2,False,1.0,"{""inversion_rho"":null,""inversion_channel"":19.5,""period_ms"":69.24998760223389}"
192275,1,3562.4001,3562.4001,False,1.0,"{""inversion_rho"":null,""inversion_channel"":19.5,""period_ms"":69.24998760223389}"
192275,1,3631.7999,3631.7999,False,1.0,"{""inversion_rho"":null,""inversion_channel"":19.5,""period_ms"":69.24998760223389}"
192275,1,3701.9999,3701.9999,False,1.0,"{""inversion_rho"":null,""inversion_channel"":19.5,""period_ms"":69.24998760223389}"
192275,1,3768.4,3768.4,False,1.0,"{""inversion_rho"":null,""inversion_channel"":19.5,""period_ms"":69.24998760223389}"
192275,1,3838.2001,3838.2001,False,1.0,"{""inversion_rho"":null,""inversion_channel"":19.5,""period_ms"":69.24998760223389}"
192275,1,3908.2,3908.2,False,1.0,"{""inversion_rho"":null,""inversion_channel"":19.5,""period_ms"":69.24998760223389}"
192275,1,3980.7,3980.7,False,1.0,"{""inversion_rho"":null,""inversion_channel"":19.5,""period_ms"":69.24998760223389}"
192275,1,4052.1002,4052.1002,False,1.0,"{""inversion_rho"":null,""inversion_channel"":19.5,""period_ms"":69.24998760223389}"
192275,1,4122.9,4122.9,False,1.0,"{""inversion_rho"":null,""inversion_channel"":19.5,""period_ms"":69.24998760223389}"
192275,1,4188.0999,4188.0999,False,1.0,"{""inversion_rho"":null,""inversion_channel"":19.5,""period_ms"":69.24998760223389}"
192275,1,4253.0999,4253.0999,False,1.0,"{""inversion_rho"":null,""inversion_channel"":19.5,""period_ms"":69.24998760223389}"
192275,1,4323.8001,4323.8001,False,1.0,"{""inversion_rho"":null,""inversion_channel"":19.5,""period_ms"":69.24998760223389}"
192275,1,4393.7998,4393.7998,False,1.0,"{""inversion_rho"":null,""inversion_channel"":19.5,""period_ms"":69.24998760223389}"
192275,1,4464.3998,4464.3998,False,1.0,"{""inversion_rho"":null,""inversion_channel"":19.5,""period_ms"":69.24998760223389}"
192275,1,4533.7,4533.7,False,1.0,"{""inversion_rho"":null,""inversion_channel"":19.5,""period_ms"":69.24998760223389}"
192275,1,4600.5998,4600.5998,False,1.0,"{""inversion_rho"":null,""inversion_channel"":19.5,""period_ms"":69.24998760223389}"
192275,1,4669.4999,4669.4999,False,1.0,"{""inversion_rho"":null,""inversion_channel"":19.5,""period_ms"":69.24998760223389}"
192275,1,4738.8,4738.8,False,1.0,"{""inversion_rho"":null,""inversion_channel"":19.5,""period_ms"":69.24998760223389}"
192275,1,4807.0998,4807.0998,False,1.0,"{""inversion_rho"":null,""inversion_channel"":19.5,""period_ms"":69.24998760223389}"
192275,1,4876.5001,4876.5001,False,1.0,"{""inversion_rho"":null,""inversion_channel"":19.5,""period_ms"":69.24998760223389}"
192275,1,4942.9002,4942.9002,False,1.0,"{""inversion_rho"":null,""inversion_channel"":19.5,""period_ms"":69.24998760223389}"
192275,1,5010.7002,5010.7002,False,1.0,"{""inversion_rho"":null,""inversion_channel"":19.5,""period_ms"":69.24998760223389}"
192275,1,5032.1002,5032.1002,False,0.25,"{""inversion_rho"":null,""inversion_channel"":36.0,""period_ms"":49.20005798339844}"
192275,1,5084.8999,5084.8999,False,1.0,"{""inversion_rho"":null,""inversion_channel"":19.5,""period_ms"":49.20005798339844}"
192275,1,5167.2001,5167.2001,False,1.0,"{""inversion_rho"":null,""inversion_channel"":18.5,""period_ms"":49.20005798339844}"
192275,1,5224.5002,5224.5002,False,1.0,"{""inversion_rho"":null,""inversion_channel"":16.5,""period_ms"":49.20005798339844}"
192275,1,5270.1998,5270.1998,False,1.0,"{""inversion_rho"":null,""inversion_channel"":15.5,""period_ms"":49.20005798339844}"
192275,1,5319.3998,5319.3998,False,1.0,"{""inversion_rho"":null,""inversion_channel"":14.5,""period_ms"":49.20005798339844}"
192275,1,5348.8998,5348.8998,False,1.0,"{""inversion_rho"":null,""inversion_channel"":15.5,""period_ms"":49.20005798339844}"
192275,1,5383.8,5383.8,False,1.0,"{""inversion_rho"":null,""inversion_channel"":14.5,""period_ms"":49.20005798339844}"
192275,1,5390.3999,5390.3999,False,1.0,"{""inversion_rho"":null,""inversion_channel"":36.5,""period_ms"":16.299724578857422}"
192275,1,5412.7002,5412.7002,False,1.0,"{""inversion_rho"":null,""inversion_channel"":14.5,""period_ms"":16.299724578857422}"
192275,1,5431.3998,5431.3998,False,1.0,"{""inversion_rho"":null,""inversion_channel"":35.5,""period_ms"":16.299724578857422}"
192275,1,5458.4999,5458.4999,False,1.0,"{""inversion_rho"":null,""inversion_channel"":14.0,""period_ms"":16.299724578857422}"
192275,1,5475.5998,5475.5998,False,1.0,"{""inversion_rho"":null,""inversion_channel"":34.5,""period_ms"":16.299724578857422}"
192275,1,5502.5001,5502.5001,False,1.0,"{""inversion_rho"":null,""inversion_channel"":33.5,""period_ms"":16.299724578857422}"
192275,1,5518.7998,5518.7998,False,1.0,"{""inversion_rho"":null,""inversion_channel"":13.5,""period_ms"":16.299724578857422}"
192275,1,5534.8001,5534.8001,False,1.0,"{""inversion_rho"":null,""inversion_channel"":14.0,""period_ms"":16.299724578857422}"
192275,1,5553.7,5553.7,False,1.0,"{""inversion_rho"":null,""inversion_channel"":32.5,""period_ms"":16.299724578857422}"
192275,1,5568.9001,5568.9001,False,0.625,"{""inversion_rho"":null,""inversion_channel"":33.0,""period_ms"":16.299724578857422}"
192275,1,5584.0998,5584.0998,False,1.0,"{""inversion_rho"":null,""inversion_channel"":13.0,""period_ms"":16.299724578857422}"
192275,1,5599.8998,5599.8998,False,1.0,"{""inversion_rho"":null,""inversion_channel"":32.0,""period_ms"":16.299724578857422}"
192275,1,5614.9998,5614.9998,False,1.0,"{""inversion_rho"":null,""inversion_channel"":31.5,""period_ms"":16.299724578857422}"
192275,1,5629.7002,5629.7002,False,1.0,"{""inversion_rho"":null,""inversion_channel"":13.0,""period_ms"":16.299724578857422}"
192275,1,43.8,61.5,True,1.0,"{""inversion_rho"":null,""inversion_channel"":11.75,""period_ms"":5.499999970197678}"
192275,1,1626.7,1906.2999,True,1.0,"{""inversion_rho"":null,""inversion_channel"":19.5,""period_ms"":70.34999132156372}"
192275,1,1915.7,2007.4999,True,1.0,"{""inversion_rho"":null,""inversion_channel"":18.5,""period_ms"":45.89998722076416}"
192275,1,2079.2,2534.1001,True,1.0,"{""inversion_rho"":null,""inversion_channel"":19.0,""period_ms"":65.95003604888916}"
192275,1,2558.5001,5010.7002,True,1.0,"{""inversion_rho"":null,""inversion_channel"":19.5,""period_ms"":69.24998760223389}"
192275,1,5032.1002,5383.8,True,1.0,"{""inversion_rho"":null,""inversion_channel"":16.0,""period_ms"":49.20005798339844}"
192275,1,5390.3999,5629.7002,True,1.0,"{""inversion_rho"":null,""inversion_channel"":31.75,""period_ms"":16.299724578857422}"
192276,1,52.8,52.8,False,0.375,"{""inversion_rho"":null,""inversion_channel"":6.5,""period_ms"":7.649999111890793}"
192276,1,61.5,61.5,False,1.0,"{""inversion_rho"":null,""inversion_channel"":9.0,""period_ms"":7.649999111890793}"
192276,1,68.1,68.1,False,0.75,"{""inversion_rho"":null,""inversion_channel"":6.5,""period_ms"":7.649999111890793}"
192276,1,1297.7,1297.7,False,0.25,"{""inversion_rho"":null,""inversion_channel"":23.5,""period_ms"":100.09992122650146}"
192276,1,1397.8,1397.8,False,0.25,"{""inversion_rho"":null,""inversion_channel"":21.0,""period_ms"":100.09992122650146}"
192276,1,1494.5,1494.5,False,1.0,"{""inversion_rho"":null,""inversion_channel"":20.5,""period_ms"":100.09992122650146}"
192276,1,1727.0,1727.0,False,1.0,"{""inversion_rho"":null,""inversion_channel"":20.0,""period_ms"":100.09992122650146}"
192276,1,1801.1,1801.1,False,1.0,"{""inversion_rho"":null,""inversion_channel"":20.0,""period_ms"":69.0000057220459}"
192276,1,1874.6001,1874.6001,False,1.0,"{""inversion_rho"":null,""inversion_channel"":20.0,""period_ms"":69.0000057220459}"
192276,1,1950.6,1950.6,False,1.0,"{""inversion_rho"":null,""inversion_channel"":19.5,""period_ms"":69.0000057220459}"
192276,1,2020.2999,2020.2999,False,1.0,"{""inversion_rho"":null,""inversion_channel"":19.5,""period_ms"":69.0000057220459}"
192276,1,2085.9001,2085.9001,False,1.0,"{""inversion_rho"":null,""inversion_channel"":19.5,""period_ms"":69.0000057220459}"
192276,1,2152.4999,2152.4999,False,1.0,"{""inversion_rho"":null,""inversion_channel"":19.5,""period_ms"":69.0000057220459}"
192276,1,2222.7001,2222.7001,False,1.0,"{""inversion_rho"":null,""inversion_channel"":19.5,""period_ms"":69.0000057220459}"
192276,1,2292.5,2292.5,False,1.0,"{""inversion_rho"":null,""inversion_channel"":19.5,""period_ms"":69.0000057220459}"
192276,1,2362.7999,2362.7999,False,1.0,"{""inversion_rho"":null,""inversion_channel"":19.5,""period_ms"":69.0000057220459}"
192276,1,2432.9,2432.9,False,1.0,"{""inversion_rho"":null,""inversion_channel"":19.5,""period_ms"":69.0000057220459}"
192276,1,2499.7001,2499.7001,False,1.0,"{""inversion_rho"":null,""inversion_channel"":19.5,""period_ms"":69.0000057220459}"
192276,1,2566.0,2566.0,False,1.0,"{""inversion_rho"":null,""inversion_channel"":19.5,""period_ms"":69.0000057220459}"
192276,1,2636.2,2636.2,False,1.0,"{""inversion_rho"":null,""inversion_channel"":19.5,""period_ms"":69.0000057220459}"
192276,1,2705.3001,2705.3001,False,1.0,"{""inversion_rho"":null,""inversion_channel"":19.5,""period_ms"":69.0000057220459}"
192276,1,2772.0001,2772.0001,False,1.0,"{""inversion_rho"":null,""inversion_channel"":19.5,""period_ms"":69.0000057220459}"
192276,1,2839.4001,2839.4001,False,1.0,"{""inversion_rho"":null,""inversion_channel"":19.5,""period_ms"":69.0000057220459}"
192276,1,2911.0,2911.0,False,1.0,"{""inversion_rho"":null,""inversion_channel"":19.5,""period_ms"":69.0000057220459}"
192276,1,2976.9001,2976.9001,False,1.0,"{""inversion_rho"":null,""inversion_channel"":19.5,""period_ms"":69.0000057220459}"
192276,1,3022.8,3022.8,False,1.0,"{""inversion_rho"":null,""inversion_channel"":18.5,""period_ms"":69.0000057220459}"
192276,1,3103.8001,3103.8001,False,1.0,"{""inversion_rho"":null,""inversion_channel"":19.5,""period_ms"":69.0000057220459}"
192276,1,3176.1,3176.1,False,1.0,"{""inversion_rho"":null,""inversion_channel"":19.5,""period_ms"":69.0000057220459}"
192276,1,3244.9999,3244.9999,False,1.0,"{""inversion_rho"":null,""inversion_channel"":19.5,""period_ms"":69.0000057220459}"
192276,1,3313.2999,3313.2999,False,1.0,"{""inversion_rho"":null,""inversion_channel"":19.5,""period_ms"":69.0000057220459}"
192276,1,3381.3,3381.3,False,1.0,"{""inversion_rho"":null,""inversion_channel"":19.5,""period_ms"":69.0000057220459}"
192276,1,3446.8999,3446.8999,False,1.0,"{""inversion_rho"":null,""inversion_channel"":18.5,""period_ms"":69.0000057220459}"
192276,1,3467.9,3467.9,False,1.0,"{""inversion_rho"":null,""inversion_channel"":18.0,""period_ms"":null}"
192276,1,3532.2001,3532.2001,False,1.0,"{""inversion_rho"":null,""inversion_channel"":18.5,""period_ms"":null}"
192276,1,3554.6,3554.6,False,1.0,"{""inversion_rho"":null,""inversion_channel"":18.5,""period_ms"":69.9000358581543}"
192276,1,3625.5,3625.5,False,1.0,"{""inversion_rho"":null,""inversion_channel"":19.5,""period_ms"":69.9000358581543}"
192276,1,3695.3001,3695.3001,False,1.0,"{""inversion_rho"":null,""inversion_channel"":19.5,""period_ms"":69.9000358581543}"
192276,1,3765.3999,3765.3999,False,1.0,"{""inversion_rho"":null,""inversion_channel"":19.5,""period_ms"":69.9000358581543}"
192276,1,3836.6001,3836.6001,False,1.0,"{""inversion_rho"":null,""inversion_channel"":19.5,""period_ms"":69.9000358581543}"
192276,1,3905.8001,3905.8001,False,1.0,"{""inversion_rho"":null,""inversion_channel"":19.5,""period_ms"":69.9000358581543}"
192276,1,3970.7999,3970.7999,False,1.0,"{""inversion_rho"":null,""inversion_channel"":19.5,""period_ms"":69.9000358581543}"
192276,1,4042.9001,4042.9001,False,1.0,"{""inversion_rho"":null,""inversion_channel"":19.5,""period_ms"":69.9000358581543}"
192276,1,4116.7002,4116.7002,False,1.0,"{""inversion_rho"":null,""inversion_channel"":19.5,""period_ms"":69.9000358581543}"
192276,1,4188.0002,4188.0002,False,1.0,"{""inversion_rho"":null,""inversion_channel"":19.5,""period_ms"":69.9000358581543}"
192276,1,4260.0002,4260.0002,False,1.0,"{""inversion_rho"":null,""inversion_channel"":19.5,""period_ms"":69.9000358581543}"
192276,1,4328.8002,4328.8002,False,1.0,"{""inversion_rho"":null,""inversion_channel"":19.5,""period_ms"":69.9000358581543}"
192276,1,4395.9999,4395.9999,False,1.0,"{""inversion_rho"":null,""inversion_channel"":19.5,""period_ms"":69.9000358581543}"
192276,1,4466.0001,4466.0001,False,1.0,"{""inversion_rho"":null,""inversion_channel"":19.5,""period_ms"":69.9000358581543}"
192276,1,4533.5002,4533.5002,False,1.0,"{""inversion_rho"":null,""inversion_channel"":19.5,""period_ms"":69.9000358581543}"
192276,1,4599.9999,4599.9999,False,1.0,"{""inversion_rho"":null,""inversion_channel"":19.5,""period_ms"":69.9000358581543}"
192276,1,4669.6,4669.6,False,1.0,"{""inversion_rho"":null,""inversion_channel"":19.5,""period_ms"":69.9000358581543}"
192276,1,4752.5001,4752.5001,False,1.0,"{""inversion_rho"":null,""inversion_channel"":19.5,""period_ms"":69.9000358581543}"
192276,1,4822.4001,4822.4001,False,1.0,"{""inversion_rho"":null,""inversion_channel"":18.5,""period_ms"":69.9000358581543}"
192276,1,4852.3002,4852.3002,False,1.0,"{""inversion_rho"":null,""inversion_channel"":18.0,""period_ms"":69.9000358581543}"
192276,1,4924.3999,4924.3999,False,1.0,"{""inversion_rho"":null,""inversion_channel"":18.5,""period_ms"":69.9000358581543}"
192276,1,4979.3,4979.3,False,1.0,"{""inversion_rho"":null,""inversion_channel"":17.5,""period_ms"":69.9000358581543}"
192276,1,5000.9999,5000.9999,False,0.25,"{""inversion_rho"":null,""inversion_channel"":14.5,""period_ms"":9.50002670288086}"
192276,1,5012.5999,5012.5999,False,0.25,"{""inversion_rho"":null,""inversion_channel"":34.5,""period_ms"":9.50002670288086}"
192276,1,5020.0,5020.0,False,0.25,"{""inversion_rho"":null,""inversion_channel"":34.5,""period_ms"":9.50002670288086}"
192276,1,5060.9002,5060.9002,False,1.0,"{""inversion_rho"":null,""inversion_channel"":19.5,""period_ms"":null}"
192276,1,5149.7002,5149.7002,False,1.0,"{""inversion_rho"":null,""inversion_channel"":18.5,""period_ms"":null}"
192276,1,5175.6001,5175.6001,False,1.0,"{""inversion_rho"":null,""inversion_channel"":21.0,""period_ms"":42.50001907348633}"
192276,1,5218.9999,5218.9999,False,1.0,"{""inversion_rho"":null,""inversion_channel"":17.5,""period_ms"":42.50001907348633}"
192276,1,5260.6001,5260.6001,False,1.0,"{""inversion_rho"":null,""inversion_channel"":14.5,""period_ms"":42.50001907348633}"
192276,1,5274.0998,5274.0998,False,1.0,"{""inversion_rho"":null,""inversion_channel"":15.5,""period_ms"":30.40027618408203}"
192276,1,5308.0001,5308.0001,False,1.0,"{""inversion_rho"":null,""inversion_channel"":14.5,""period_ms"":30.40027618408203}"
192276,1,5323.9999,5323.9999,False,1.0,"{""inversion_rho"":null,""inversion_channel"":15.5,""period_ms"":30.40027618408203}"
192276,1,5354.4002,5354.4002,False,1.0,"{""inversion_rho"":null,""inversion_channel"":14.5,""period_ms"":30.40027618408203}"
192276,1,5364.3999,5364.3999,False,1.0,"{""inversion_rho"":null,""inversion_channel"":36.5,""period_ms"":32.09996223449707}"
192276,1,5403.8,5403.8,False,1.0,"{""inversion_rho"":null,""inversion_channel"":36.5,""period_ms"":32.09996223449707}"
192276,1,5428.5998,5428.5998,False,1.0,"{""inversion_rho"":null,""inversion_channel"":13.5,""period_ms"":32.09996223449707}"
192276,1,5433.7001,5433.7001,False,1.0,"{""inversion_rho"":null,""inversion_channel"":35.5,""period_ms"":12.850046157836914}"
192276,1,5451.7002,5451.7002,False,1.0,"{""inversion_rho"":null,""inversion_channel"":13.5,""period_ms"":12.850046157836914}"
192276,1,5459.4002,5459.4002,False,1.0,"{""inversion_rho"":null,""inversion_channel"":35.0,""period_ms"":12.850046157836914}"
192276,1,5479.4998,5479.4998,False,1.0,"{""inversion_rho"":null,""inversion_channel"":34.0,""period_ms"":17.89999008178711}"
192276,1,5497.7002,5497.7002,False,1.0,"{""inversion_rho"":null,""inversion_channel"":34.0,""period_ms"":17.89999008178711}"
192276,1,5516.2001,5516.2001,False,1.0,"{""inversion_rho"":null,""inversion_channel"":33.5,""period_ms"":17.89999008178711}"
192276,1,5536.0999,5536.0999,False,1.0,"{""inversion_rho"":null,""inversion_channel"":32.5,""period_ms"":17.89999008178711}"
192276,1,5552.8998,5552.8998,False,1.0,"{""inversion_rho"":null,""inversion_channel"":12.5,""period_ms"":17.89999008178711}"
192276,1,5573.0,5573.0,False,1.0,"{""inversion_rho"":null,""inversion_channel"":32.5,""period_ms"":17.89999008178711}"
192276,1,5590.8999,5590.8999,False,1.0,"{""inversion_rho"":null,""inversion_channel"":31.5,""period_ms"":17.89999008178711}"
192276,1,5606.2002,5606.2002,False,0.375,"{""inversion_rho"":null,""inversion_channel"":12.5,""period_ms"":17.89999008178711}"
192276,1,5621.7999,5621.7999,False,1.0,"{""inversion_rho"":null,""inversion_channel"":13.5,""period_ms"":17.89999008178711}"
192276,1,5637.0001,5637.0001,False,1.0,"{""inversion_rho"":null,""inversion_channel"":28.5,""period_ms"":17.89999008178711}"
192276,1,52.8,68.1,True,1.0,"{""inversion_rho"":null,""inversion_channel"":6.5,""period_ms"":7.649999111890793}"
192276,1,1297.7,1727.0,True,1.0,"{""inversion_rho"":null,""inversion_channel"":20.75,""period_ms"":100.09992122650146}"
192276,1,1801.1,3446.8999,True,1.0,"{""inversion_rho"":null,""inversion_channel"":19.5,""period_ms"":69.0000057220459}"
192276,1,3554.6,4979.3,True,1.0,"{""inversion_rho"":null,""inversion_channel"":19.5,""period_ms"":69.9000358581543}"
192276,1,5000.9999,5020.0,True,1.0,"{""inversion_rho"":null,""inversion_channel"":34.5,""period_ms"":9.50002670288086}"
192276,1,5175.6001,5260.6001,True,1.0,"{""inversion_rho"":null,""inversion_channel"":17.5,""period_ms"":42.50001907348633}"
192276,1,5274.0998,5354.4002,True,1.0,"{""inversion_rho"":null,""inversion_channel"":15.0,""period_ms"":30.40027618408203}"
192276,1,5364.3999,5428.5998,True,1.0,"{""inversion_rho"":null,""inversion_channel"":36.5,""period_ms"":32.09996223449707}"
192276,1,5433.7001,5459.4002,True,1.0,"{""inversion_rho"":null,""inversion_channel"":35.0,""period_ms"":12.850046157836914}"
192276,1,5479.4998,5637.0001,True,1.0,"{""inversion_rho"":null,""inversion_channel"":32.0,""period_ms"":17.89999008178711}"
192277,1,64.0,64.0,False,0.75,"{""inversion_rho"":null,""inversion_channel"":6.5,""period_ms"":null}"
192277,1,80.8,80.8,False,1.0,"{""inversion_rho"":null,""inversion_channel"":7.5,""period_ms"":null}"
192277,1,1220.4,1220.4,False,1.0,"{""inversion_rho"":null,""inversion_channel"":22.5,""period_ms"":71.55001163482666}"
192277,1,1307.1001,1307.1001,False,0.5,"{""inversion_rho"":null,""inversion_channel"":23.0,""period_ms"":71.55001163482666}"
192277,1,1402.6999,1402.6999,False,1.0,"{""inversion_rho"":null,""inversion_channel"":20.5,""period_ms"":71.55001163482666}"
192277,1,1493.0,1493.0,False,1.0,"{""inversion_rho"":null,""inversion_channel"":20.0,""period_ms"":71.55001163482666}"
192277,1,1649.6,1649.6,False,1.0,"{""inversion_rho"":null,""inversion_channel"":20.5,""period_ms"":71.55001163482666}"
192277,1,1724.7,1724.7,False,1.0,"{""inversion_rho"":null,""inversion_channel"":20.5,""period_ms"":71.55001163482666}"
192277,1,1799.2001,1799.2001,False,1.0,"{""inversion_rho"":null,""inversion_channel"":19.5,""period_ms"":71.55001163482666}"
192277,1,1873.0,1873.0,False,1.0,"{""inversion_rho"":null,""inversion_channel"":19.5,""period_ms"":71.55001163482666}"
192277,1,1944.6,1944.6,False,1.0,"{""inversion_rho"":null,""inversion_channel"":19.5,""period_ms"":71.55001163482666}"
192277,1,2028.1,2028.1,False,1.0,"{""inversion_rho"":null,""inversion_channel"":19.5,""period_ms"":71.55001163482666}"
192277,1,2106.2,2106.2,False,1.0,"{""inversion_rho"":null,""inversion_channel"":19.5,""period_ms"":71.55001163482666}"
192277,1,2179.8999,2179.8999,False,1.0,"{""inversion_rho"":null,""inversion_channel"":19.5,""period_ms"":71.55001163482666}"
192277,1,2255.8,2255.8,False,1.0,"{""inversion_rho"":null,""inversion_channel"":19.5,""period_ms"":71.55001163482666}"
192277,1,2330.3001,2330.3001,False,1.0,"{""inversion_rho"":null,""inversion_channel"":19.5,""period_ms"":71.55001163482666}"
192277,1,2403.8999,2403.8999,False,1.0,"{""inversion_rho"":null,""inversion_channel"":19.5,""period_ms"":71.55001163482666}"
192277,1,2478.4,2478.4,False,1.0,"{""inversion_rho"":null,""inversion_channel"":19.5,""period_ms"":71.55001163482666}"
192277,1,2546.9999,2546.9999,False,1.0,"{""inversion_rho"":null,""inversion_channel"":19.5,""period_ms"":71.55001163482666}"
192277,1,2612.0999,2612.0999,False,1.0,"{""inversion_rho"":null,""inversion_channel"":19.5,""period_ms"":71.55001163482666}"
192277,1,2682.6999,2682.6999,False,1.0,"{""inversion_rho"":null,""inversion_channel"":19.5,""period_ms"":71.55001163482666}"
192277,1,2750.5,2750.5,False,1.0,"{""inversion_rho"":null,""inversion_channel"":19.5,""period_ms"":71.55001163482666}"
192277,1,2814.8999,2814.8999,False,1.0,"{""inversion_rho"":null,""inversion_channel"":19.0,""period_ms"":71.55001163482666}"
192277,1,2887.3,2887.3,False,1.0,"{""inversion_rho"":null,""inversion_channel"":19.5,""period_ms"":71.55001163482666}"
192277,1,2958.9,2958.9,False,1.0,"{""inversion_rho"":null,""inversion_channel"":19.5,""period_ms"":71.55001163482666}"
192277,1,3027.9,3027.9,False,1.0,"{""inversion_rho"":null,""inversion_channel"":19.5,""period_ms"":71.55001163482666}"
192277,1,3098.5,3098.5,False,1.0,"{""inversion_rho"":null,""inversion_channel"":19.5,""period_ms"":71.55001163482666}"
192277,1,3170.0001,3170.0001,False,1.0,"{""inversion_rho"":null,""inversion_channel"":19.5,""period_ms"":71.55001163482666}"
192277,1,3240.2999,3240.2999,False,1.0,"{""inversion_rho"":null,""inversion_channel"":19.5,""period_ms"":71.55001163482666}"
192277,1,3310.2,3310.2,False,1.0,"{""inversion_rho"":null,""inversion_channel"":19.5,""period_ms"":71.55001163482666}"
192277,1,3373.8999,3373.8999,False,1.0,"{""inversion_rho"":null,""inversion_channel"":18.5,""period_ms"":71.55001163482666}"
192277,1,3404.0999,3404.0999,False,1.0,"{""inversion_rho"":null,""inversion_channel"":18.5,""period_ms"":71.55001163482666}"
192277,1,3473.5,3473.5,False,1.0,"{""inversion_rho"":null,""inversion_channel"":19.0,""period_ms"":71.55001163482666}"
192277,1,3531.3001,3531.3001,False,1.0,"{""inversion_rho"":null,""inversion_channel"":18.5,""period_ms"":71.55001163482666}"
192277,1,3612.7,3612.7,False,1.0,"{""inversion_rho"":null,""inversion_channel"":18.5,""period_ms"":71.55001163482666}"
192277,1,3648.7,3648.7,False,1.0,"{""inversion_rho"":null,""inversion_channel"":18.0,""period_ms"":71.55001163482666}"
192277,1,3713.3999,3713.3999,False,0.625,"{""inversion_rho"":null,""inversion_channel"":19.0,""period_ms"":71.55001163482666}"
192277,1,3740.9,3740.9,False,1.0,"{""inversion_rho"":null,""inversion_channel"":19.0,""period_ms"":71.55001163482666}"
192277,1,3807.9,3807.9,False,1.0,"{""inversion_rho"":null,""inversion_channel"":19.5,""period_ms"":71.55001163482666}"
192277,1,3825.7,3825.7,False,1.0,"{""inversion_rho"":null,""inversion_channel"":19.5,""period_ms"":66.59984588623047}"
192277,1,3892.2999,3892.2999,False,1.0,"{""inversion_rho"":null,""inversion_channel"":18.5,""period_ms"":66.59984588623047}"
192277,1,3943.0001,3943.0001,False,1.0,"{""inversion_rho"":null,""inversion_channel"":18.5,""period_ms"":66.59984588623047}"
192277,1,4019.4998,4019.4998,False,1.0,"{""inversion_rho"":null,""inversion_channel"":18.5,""period_ms"":66.59984588623047}"
192277,1,4041.9002,4041.9002,False,1.0,"{""inversion_rho"":null,""inversion_channel"":18.5,""period_ms"":69.20003890991211}"
192277,1,4112.8998,4112.8998,False,1.0,"{""inversion_rho"":null,""inversion_channel"":19.5,""period_ms"":69.20003890991211}"
192277,1,4182.9,4182.9,False,1.0,"{""inversion_rho"":null,""inversion_channel"":19.5,""period_ms"":69.20003890991211}"
192277,1,4250.5999,4250.5999,False,1.0,"{""inversion_rho"":null,""inversion_channel"":19.5,""period_ms"":69.20003890991211}"
192277,1,4321.8999,4321.8999,False,1.0,"{""inversion_rho"":null,""inversion_channel"":19.5,""period_ms"":69.20003890991211}"
192277,1,4395.4,4395.4,False,1.0,"{""inversion_rho"":null,""inversion_channel"":19.5,""period_ms"":69.20003890991211}"
192277,1,4470.0999,4470.0999,False,1.0,"{""inversion_rho"":null,""inversion_channel"":19.5,""period_ms"":69.20003890991211}"
192277,1,4540.9999,4540.9999,False,1.0,"{""inversion_rho"":null,""inversion_channel"":19.5,""period_ms"":69.20003890991211}"
192277,1,4609.4999,4609.4999,False,1.0,"{""inversion_rho"":null,""inversion_channel"":19.5,""period_ms"":69.20003890991211}"
192277,1,4678.8001,4678.8001,False,1.0,"{""inversion_rho"":null,""inversion_channel"":19.5,""period_ms"":69.20003890991211}"
192277,1,4748.0001,4748.0001,False,1.0,"{""inversion_rho"":null,""inversion_channel"":19.5,""period_ms"":69.20003890991211}"
192277,1,4817.2002,4817.2002,False,1.0,"{""inversion_rho"":null,""inversion_channel"":19.5,""period_ms"":69.20003890991211}"
192277,1,4887.0001,4887.0001,False,1.0,"{""inversion_rho"":null,""inversion_channel"":19.5,""period_ms"":69.20003890991211}"
192277,1,4957.2001,4957.2001,False,1.0,"{""inversion_rho"":null,""inversion_channel"":19.5,""period_ms"":69.20003890991211}"
192277,1,5025.4998,5025.4998,False,1.0,"{""inversion_rho"":null,""inversion_channel"":19.5,""period_ms"":69.20003890991211}"
192277,1,5097.3001,5097.3001,False,1.0,"{""inversion_rho"":null,""inversion_channel"":19.0,""period_ms"":69.20003890991211}"
192277,1,5160.9998,5160.9998,False,1.0,"{""inversion_rho"":null,""inversion_channel"":18.5,""period_ms"":69.20003890991211}"
192277,1,5208.2,5208.2,False,1.0,"{""inversion_rho"":null,""inversion_channel"":16.5,""period_ms"":69.20003890991211}"
192277,1,5231.4,5231.4,False,1.0,"{""inversion_rho"":null,""inversion_channel"":15.5,""period_ms"":69.20003890991211}"
192277,1,5277.2999,5277.2999,False,1.0,"{""inversion_rho"":null,""inversion_channel"":16.5,""period_ms"":69.20003890991211}"
192277,1,5311.8,5311.8,False,1.0,"{""inversion_rho"":null,""inversion_channel"":37.5,""period_ms"":69.20003890991211}"
192277,1,5343.1001,5343.1001,False,1.0,"{""inversion_rho"":null,""inversion_channel"":15.5,""period_ms"":69.20003890991211}"
192277,1,5378.9001,5378.9001,False,1.0,"{""inversion_rho"":null,""inversion_channel"":14.5,""period_ms"":69.20003890991211}"
192277,1,5386.4999,5386.4999,False,1.0,"{""inversion_rho"":null,""inversion_channel"":36.5,""period_ms"":21.850109100341797}"
192277,1,5408.4001,5408.4001,False,1.0,"{""inversion_rho"":null,""inversion_channel"":14.5,""period_ms"":21.850109100341797}"
192277,1,5430.2001,5430.2001,False,1.0,"{""inversion_rho"":null,""inversion_channel"":13.5,""period_ms"":21.850109100341797}"
192277,1,5436.9001,5436.9001,False,1.0,"{""inversion_rho"":null,""inversion_channel"":35.5,""period_ms"":17.600059509277344}"
192277,1,5456.2001,5456.2001,False,1.0,"{""inversion_rho"":null,""inversion_channel"":13.5,""period_ms"":17.600059509277344}"
192277,1,5471.3001,5471.3001,False,1.0,"{""inversion_rho"":null,""inversion_channel"":34.5,""period_ms"":17.600059509277344}"
192277,1,5496.2001,5496.2001,False,0.25,"{""inversion_rho"":null,""inversion_channel"":34.5,""period_ms"":17.600059509277344}"
192277,1,5515.6002,5515.6002,False,1.0,"{""inversion_rho"":null,""inversion_channel"":13.0,""period_ms"":17.600059509277344}"
192277,1,5531.0998,5531.0998,False,0.25,"{""inversion_rho"":null,""inversion_channel"":16.5,""period_ms"":17.600059509277344}"
192277,1,5549.7999,5549.7999,False,1.0,"{""inversion_rho"":null,""inversion_channel"":14.5,""period_ms"":17.600059509277344}"
192277,1,5567.2002,5567.2002,False,1.0,"{""inversion_rho"":null,""inversion_channel"":14.5,""period_ms"":17.600059509277344}"
192277,1,5580.9999,5580.9999,False,1.0,"{""inversion_rho"":null,""inversion_channel"":31.5,""period_ms"":17.600059509277344}"
192277,1,5596.9,5596.9,False,1.0,"{""inversion_rho"":null,""inversion_channel"":31.5,""period_ms"":17.600059509277344}"
192277,1,5620.1,5620.1,False,0.5,"{""inversion_rho"":null,""inversion_channel"":17.0,""period_ms"":17.600059509277344}"
192277,1,5637.7001,5637.7001,False,1.0,"{""inversion_rho"":null,""inversion_channel"":14.0,""period_ms"":17.600059509277344}"
192277,1,1220.4,3807.9,True,1.0,"{""inversion_rho"":null,""inversion_channel"":19.5,""period_ms"":71.55001163482666}"
192277,1,3825.7,4019.4998,True,1.0,"{""inversion_rho"":null,""inversion_channel"":18.5,""period_ms"":66.59984588623047}"
192277,1,4041.9002,5378.9001,True,1.0,"{""inversion_rho"":null,""inversion_channel"":19.5,""period_ms"":69.20003890991211}"
192277,1,5386.4999,5430.2001,True,1.0,"{""inversion_rho"":null,""inversion_channel"":14.5,""period_ms"":21.850109100341797}"
192277,1,5436.9001,5637.7001,True,1.0,"{""inversion_rho"":null,""inversion_channel"":16.75,""period_ms"":17.600059509277344}"
192279,1,60.4,60.4,False,0.75,"{""inversion_rho"":null,""inversion_channel"":6.5,""period_ms"":null}"
192279,1,1781.9,1781.9,False,1.0,"{""inversion_rho"":null,""inversion_channel"":20.0,""period_ms"":69.89991664886475}"
192279,1,1854.9,1854.9,False,1.0,"{""inversion_rho"":null,""inversion_channel"":19.5,""period_ms"":69.89991664886475}"
192279,1,1927.3,1927.3,False,1.0,"{""inversion_rho"":null,""inversion_channel"":19.5,""period_ms"":69.89991664886475}"
192279,1,1998.4,1998.4,False,1.0,"{""inversion_rho"":null,""inversion_channel"":19.5,""period_ms"":69.89991664886475}"
192279,1,2069.4001,2069.4001,False,1.0,"{""inversion_rho"":null,""inversion_channel"":19.5,""period_ms"":69.89991664886475}"
192279,1,2140.0001,2140.0001,False,1.0,"{""inversion_rho"":null,""inversion_channel"":19.5,""period_ms"":69.89991664886475}"
192279,1,2209.8,2209.8,False,1.0,"{""inversion_rho"":null,""inversion_channel"":19.5,""period_ms"":69.89991664886475}"
192279,1,2282.5999,2282.5999,False,1.0,"{""inversion_rho"":null,""inversion_channel"":19.5,""period_ms"":69.89991664886475}"
192279,1,2353.3001,2353.3001,False,1.0,"{""inversion_rho"":null,""inversion_channel"":19.0,""period_ms"":69.89991664886475}"
192279,1,2423.3,2423.3,False,1.0,"{""inversion_rho"":null,""inversion_channel"":19.0,""period_ms"":69.89991664886475}"
192279,1,2497.1001,2497.1001,False,1.0,"{""inversion_rho"":null,""inversion_channel"":19.0,""period_ms"":69.89991664886475}"
192279,1,2564.8999,2564.8999,False,0.875,"{""inversion_rho"":null,""inversion_channel"":19.5,""period_ms"":69.89991664886475}"
192279,1,2594.8999,2594.8999,False,1.0,"{""inversion_rho"":null,""inversion_channel"":17.5,""period_ms"":69.89991664886475}"
192279,1,2663.8,2663.8,False,1.0,"{""inversion_rho"":null,""inversion_channel"":18.5,""period_ms"":69.89991664886475}"
192279,1,2695.9,2695.9,False,1.0,"{""inversion_rho"":null,""inversion_channel"":18.5,""period_ms"":69.89991664886475}"
192279,1,2766.3,2766.3,False,1.0,"{""inversion_rho"":null,""inversion_channel"":18.5,""period_ms"":69.89991664886475}"
192279,1,2803.2,2803.2,False,1.0,"{""inversion_rho"":null,""inversion_channel"":18.0,""period_ms"":69.89991664886475}"
192279,1,2878.0999,2878.0999,False,1.0,"{""inversion_rho"":null,""inversion_channel"":19.0,""period_ms"":69.89991664886475}"
192279,1,2951.1001,2951.1001,False,1.0,"{""inversion_rho"":null,""inversion_channel"":19.5,""period_ms"":69.89991664886475}"
192279,1,3025.1,3025.1,False,1.0,"{""inversion_rho"":null,""inversion_channel"":19.5,""period_ms"":69.89991664886475}"
192279,1,3095.3,3095.3,False,1.0,"{""inversion_rho"":null,""inversion_channel"":19.5,""period_ms"":69.89991664886475}"
192279,1,3164.9001,3164.9001,False,1.0,"{""inversion_rho"":null,""inversion_channel"":19.5,""period_ms"":69.89991664886475}"
192279,1,3231.4999,3231.4999,False,1.0,"{""inversion_rho"":null,""inversion_channel"":19.0,""period_ms"":69.89991664886475}"
192279,1,3299.9001,3299.9001,False,1.0,"{""inversion_rho"":null,""inversion_channel"":19.5,""period_ms"":69.89991664886475}"
192279,1,3366.6,3366.6,False,1.0,"{""inversion_rho"":null,""inversion_channel"":18.5,""period_ms"":69.89991664886475}"
192279,1,3414.7999,3414.7999,False,1.0,"{""inversion_rho"":null,""inversion_channel"":18.5,""period_ms"":69.89991664886475}"
192279,1,3506.0999,3506.0999,False,1.0,"{""inversion_rho"":null,""inversion_channel"":19.5,""period_ms"":69.89991664886475}"
192279,1,3584.1999,3584.1999,False,1.0,"{""inversion_rho"":null,""inversion_channel"":19.5,""period_ms"":69.89991664886475}"
192279,1,3655.4,3655.4,False,1.0,"{""inversion_rho"":null,""inversion_channel"":19.0,""period_ms"":69.89991664886475}"
192279,1,3722.4,3722.4,False,1.0,"{""inversion_rho"":null,""inversion_channel"":19.5,""period_ms"":69.89991664886475}"
192279,1,3785.1,3785.1,False,1.0,"{""inversion_rho"":null,""inversion_channel"":18.5,""period_ms"":69.89991664886475}"
192279,1,3819.0,3819.0,False,1.0,"{""inversion_rho"":null,""inversion_channel"":18.5,""period_ms"":69.89991664886475}"
192279,1,3886.3001,3886.3001,False,1.0,"{""inversion_rho"":null,""inversion_channel"":19.0,""period_ms"":69.89991664886475}"
192279,1,3922.1001,3922.1001,False,1.0,"{""inversion_rho"":null,""inversion_channel"":18.5,""period_ms"":69.89991664886475}"
192279,1,3990.6001,3990.6001,False,1.0,"{""inversion_rho"":null,""inversion_channel"":18.5,""period_ms"":69.89991664886475}"
192279,1,3999.5,3999.5,False,1.0,"{""inversion_rho"":null,""inversion_channel"":18.5,""period_ms"":69.49996948242188}"
192279,1,4063.7002,4063.7002,False,1.0,"{""inversion_rho"":null,""inversion_channel"":18.5,""period_ms"":69.49996948242188}"
192279,1,4099.5998,4099.5998,False,1.0,"{""inversion_rho"":null,""inversion_channel"":18.5,""period_ms"":69.49996948242188}"
192279,1,4171.5002,4171.5002,False,1.0,"{""inversion_rho"":null,""inversion_channel"":18.5,""period_ms"":69.49996948242188}"
192279,1,4205.8001,4205.8001,False,1.0,"{""inversion_rho"":null,""inversion_channel"":18.0,""period_ms"":69.49996948242188}"
192279,1,4282.0001,4282.0001,False,1.0,"{""inversion_rho"":null,""inversion_channel"":19.0,""period_ms"":69.49996948242188}"
192279,1,4351.5,4351.5,False,1.0,"{""inversion_rho"":null,""inversion_channel"":19.5,""period_ms"":69.49996948242188}"
192279,1,4421.1998,4421.1998,False,1.0,"{""inversion_rho"":null,""inversion_channel"":19.5,""period_ms"":69.49996948242188}"
192279,1,4489.5,4489.5,False,1.0,"{""inversion_rho"":null,""inversion_channel"":19.5,""period_ms"":69.49996948242188}"
192279,1,4556.0999,4556.0999,False,1.0,"{""inversion_rho"":null,""inversion_channel"":19.5,""period_ms"":69.49996948242188}"
192279,1,4621.3002,4621.3002,False,1.0,"{""inversion_rho"":null,""inversion_channel"":19.5,""period_ms"":69.49996948242188}"
192279,1,4692.1,4692.1,False,1.0,"{""inversion_rho"":null,""inversion_channel"":19.5,""period_ms"":69.49996948242188}"
192279,1,4762.5999,4762.5999,False,1.0,"{""inversion_rho"":null,""inversion_channel"":19.5,""period_ms"":69.49996948242188}"
192279,1,4830.5001,4830.5001,False,1.0,"{""inversion_rho"":null,""inversion_channel"":19.0,""period_ms"":69.49996948242188}"
192279,1,4902.5998,4902.5998,False,1.0,"{""inversion_rho"":null,""inversion_channel"":19.5,""period_ms"":69.49996948242188}"
192279,1,4974.5002,4974.5002,False,1.0,"{""inversion_rho"":null,""inversion_channel"":19.0,""period_ms"":69.49996948242188}"
192279,1,5003.0999,5003.0999,False,0.25,"{""inversion_rho"":null,""inversion_channel"":30.0,""period_ms"":null}"
192279,1,5014.5001,5014.5001,False,0.5,"{""inversion_rho"":null,""inversion_channel"":8.0,""period_ms"":null}"
192279,1,5046.0,5046.0,False,1.0,"{""inversion_rho"":null,""inversion_channel"":19.5,""period_ms"":62.200069427490234}"
192279,1,5116.4999,5116.4999,False,1.0,"{""inversion_rho"":null,""inversion_channel"":18.5,""period_ms"":62.200069427490234}"
192279,1,5178.7,5178.7,False,1.0,"{""inversion_rho"":null,""inversion_channel"":14.5,""period_ms"":62.200069427490234}"
192279,1,5233.0999,5233.0999,False,1.0,"{""inversion_rho"":null,""inversion_channel"":16.0,""period_ms"":62.200069427490234}"
192279,1,5250.1998,5250.1998,False,1.0,"{""inversion_rho"":null,""inversion_channel"":16.0,""period_ms"":26.75008773803711}"
192279,1,5286.6998,5286.6998,False,1.0,"{""inversion_rho"":null,""inversion_channel"":14.5,""period_ms"":26.75008773803711}"
192279,1,5303.7,5303.7,False,1.0,"{""inversion_rho"":null,""inversion_channel"":14.5,""period_ms"":26.75008773803711}"
192279,1,5349.4,5349.4,False,1.0,"{""inversion_rho"":null,""inversion_channel"":36.5,""period_ms"":16.550064086914062}"
192279,1,5379.3001,5379.3001,False,0.5,"{""inversion_rho"":null,""inversion_channel"":15.5,""period_ms"":16.550064086914062}"
192279,1,5399.0002,5399.0002,False,1.0,"{""inversion_rho"":null,""inversion_channel"":14.0,""period_ms"":16.550064086914062}"
192279,1,5413.7998,5413.7998,False,1.0,"{""inversion_rho"":null,""inversion_channel"":35.5,""period_ms"":16.550064086914062}"
192279,1,5440.8002,5440.8002,False,1.0,"{""inversion_rho"":null,""inversion_channel"":35.0,""period_ms"":16.550064086914062}"
192279,1,5458.0998,5458.0998,False,1.0,"{""inversion_rho"":null,""inversion_channel"":35.0,""period_ms"":16.550064086914062}"
192279,1,5473.4001,5473.4001,False,1.0,"{""inversion_rho"":null,""inversion_channel"":34.5,""period_ms"":16.550064086914062}"
192279,1,5489.5,5489.5,False,1.0,"{""inversion_rho"":null,""inversion_channel"":34.5,""period_ms"":16.550064086914062}"
192279,1,5507.5002,5507.5002,False,1.0,"{""inversion_rho"":null,""inversion_channel"":33.5,""period_ms"":16.550064086914062}"
192279,1,5523.2,5523.2,False,0.875,"{""inversion_rho"":null,""inversion_channel"":12.5,""period_ms"":16.550064086914062}"
192279,1,5539.7,5539.7,False,0.625,"{""inversion_rho"":null,""inversion_channel"":12.5,""period_ms"":16.550064086914062}"
192279,1,5554.5998,5554.5998,False,0.25,"{""inversion_rho"":null,""inversion_channel"":12.5,""period_ms"":16.550064086914062}"
192279,1,5573.9999,5573.9999,False,1.0,"{""inversion_rho"":null,""inversion_channel"":32.0,""period_ms"":16.550064086914062}"
192279,1,5588.3999,5588.3999,False,0.375,"{""inversion_rho"":null,""inversion_channel"":13.0,""period_ms"":16.550064086914062}"
192279,1,5605.0,5605.0,False,1.0,"{""inversion_rho"":null,""inversion_channel"":19.0,""period_ms"":16.550064086914062}"
192279,1,5620.2002,5620.2002,False,0.625,"{""inversion_rho"":null,""inversion_channel"":19.0,""period_ms"":16.550064086914062}"
192279,1,5638.2999,5638.2999,False,1.0,"{""inversion_rho"":null,""inversion_channel"":26.5,""period_ms"":16.550064086914062}"
192279,1,1781.9,3990.6001,True,1.0,"{""inversion_rho"":null,""inversion_channel"":19.0,""period_ms"":69.89991664886475}"
192279,1,3999.5,4974.5002,True,1.0,"{""inversion_rho"":null,""inversion_channel"":19.25,""period_ms"":69.49996948242188}"
192279,1,5046.0,5233.0999,True,1.0,"{""inversion_rho"":null,""inversion_channel"":17.25,""period_ms"":62.200069427490234}"
192279,1,5250.1998,5303.7,True,1.0,"{""inversion_rho"":null,""inversion_channel"":14.5,""period_ms"":26.75008773803711}"
192279,1,5349.4,5638.2999,True,1.0,"{""inversion_rho"":null,""inversion_channel"":26.5,""period_ms"":16.550064086914062}"
192309,1,67.2,67.2,False,0.625,"{""inversion_rho"":null,""inversion_channel"":3.5,""period_ms"":null}"
192309,1,1714.2,1714.2,False,0.375,"{""inversion_rho"":null,""inversion_channel"":19.0,""period_ms"":null}"
192309,1,1990.8,1990.8,False,0.375,"{""inversion_rho"":null,""inversion_channel"":9.0,""period_ms"":null}"
192309,1,2000.2999,2000.2999,False,1.0,"{""inversion_rho"":null,""inversion_channel"":4.5,""period_ms"":null}"
192309,1,2058.3999,2058.3999,False,0.875,"{""inversion_rho"":null,""inversion_channel"":6.5,""period_ms"":13.15009593963623}"
192309,1,2075.7,2075.7,False,0.5,"{""inversion_rho"":null,""inversion_channel"":3.5,""period_ms"":13.15009593963623}"
192309,1,2084.3999,2084.3999,False,1.0,"{""inversion_rho"":null,""inversion_channel"":33.5,""period_ms"":13.15009593963623}"
192309,1,2095.9001,2095.9001,False,0.875,"{""inversion_rho"":null,""inversion_channel"":1.5,""period_ms"":13.15009593963623}"
192309,1,2112.0999,2112.0999,False,0.5,"{""inversion_rho"":null,""inversion_channel"":2.5,""period_ms"":13.15009593963623}"
192309,1,2126.9,2126.9,False,1.0,"{""inversion_rho"":null,""inversion_channel"":2.5,""period_ms"":13.15009593963623}"
192309,1,2142.4,2142.4,False,0.75,"{""inversion_rho"":null,""inversion_channel"":3.5,""period_ms"":13.15009593963623}"
192309,1,2153.6,2153.6,False,0.25,"{""inversion_rho"":null,""inversion_channel"":6.5,""period_ms"":13.15009593963623}"
192309,1,2164.0999,2164.0999,False,1.0,"{""inversion_rho"":null,""inversion_channel"":8.5,""period_ms"":13.15009593963623}"
192309,1,2201.9,2201.9,False,1.0,"{""inversion_rho"":null,""inversion_channel"":37.0,""period_ms"":null}"
192309,1,2207.5,2207.5,False,0.75,"{""inversion_rho"":null,""inversion_channel"":17.0,""period_ms"":null}"
192309,1,2223.0999,2223.0999,False,0.875,"{""inversion_rho"":null,""inversion_channel"":2.5,""period_ms"":null}"
192309,1,2255.1,2255.1,False,1.0,"{""inversion_rho"":null,""inversion_channel"":9.5,""period_ms"":null}"
192309,1,2260.7,2260.7,False,0.75,"{""inversion_rho"":null,""inversion_channel"":13.5,""period_ms"":7.299900054931641}"
192309,1,2267.8001,2267.8001,False,0.75,"{""inversion_rho"":null,""inversion_channel"":21.5,""period_ms"":7.299900054931641}"
192309,1,2283.9,2283.9,False,0.375,"{""inversion_rho"":null,""inversion_channel"":2.5,""period_ms"":7.299900054931641}"
192309,1,2291.1999,2291.1999,False,0.625,"{""inversion_rho"":null,""inversion_channel"":20.5,""period_ms"":7.299900054931641}"
192309,1,2314.8999,2314.8999,False,0.375,"{""inversion_rho"":null,""inversion_channel"":9.5,""period_ms"":10.699987411499023}"
192309,1,2327.8999,2327.8999,False,1.0,"{""inversion_rho"":null,""inversion_channel"":23.5,""period_ms"":10.699987411499023}"
192309,1,2333.3001,2333.3001,False,0.625,"{""inversion_rho"":null,""inversion_channel"":1.5,""period_ms"":10.699987411499023}"
192309,1,2339.0,2339.0,False,0.75,"{""inversion_rho"":null,""inversion_channel"":21.5,""period_ms"":10.699987411499023}"
192309,1,2345.0,2345.0,False,1.0,"{""inversion_rho"":null,""inversion_channel"":24.5,""period_ms"":10.699987411499023}"
192309,1,2357.6,2357.6,False,0.375,"{""inversion_rho"":null,""inversion_channel"":14.5,""period_ms"":10.699987411499023}"
192309,1,2363.6999,2363.6999,False,0.5,"{""inversion_rho"":null,""inversion_channel"":10.5,""period_ms"":10.699987411499023}"
192309,1,2369.7,2369.7,False,1.0,"{""inversion_rho"":null,""inversion_channel"":27.5,""period_ms"":10.699987411499023}"
192309,1,2380.0001,2380.0001,False,0.25,"{""inversion_rho"":null,""inversion_channel"":13.5,""period_ms"":10.699987411499023}"
192309,1,2395.2999,2395.2999,False,1.0,"{""inversion_rho"":null,""inversion_channel"":38.5,""period_ms"":10.699987411499023}"
192309,1,2425.6001,2425.6001,False,0.375,"{""inversion_rho"":null,""inversion_channel"":3.5,""period_ms"":10.699987411499023}"
192309,1,2441.6001,2441.6001,False,0.625,"{""inversion_rho"":null,""inversion_channel"":37.0,""period_ms"":10.699987411499023}"
192309,1,2452.3001,2452.3001,False,0.25,"{""inversion_rho"":null,""inversion_channel"":28.5,""period_ms"":10.699987411499023}"
192309,1,2471.0,2471.0,False,0.5,"{""inversion_rho"":null,""inversion_channel"":10.5,""period_ms"":10.699987411499023}"
192309,1,2476.9001,2476.9001,False,0.75,"{""inversion_rho"":null,""inversion_channel"":29.5,""period_ms"":null}"
192309,1,2501.4,2501.4,False,0.375,"{""inversion_rho"":null,""inversion_channel"":3.5,""period_ms"":null}"
192309,1,2506.9001,2506.9001,False,0.25,"{""inversion_rho"":null,""inversion_channel"":22.0,""period_ms"":11.499881744384766}"
192309,1,2530.4,2530.4,False,1.0,"{""inversion_rho"":null,""inversion_channel"":31.0,""period_ms"":11.499881744384766}"
192309,1,2550.2999,2550.2999,False,1.0,"{""inversion_rho"":null,""inversion_channel"":11.0,""period_ms"":11.499881744384766}"
192309,1,2561.3,2561.3,False,0.625,"{""inversion_rho"":null,""inversion_channel"":8.5,""period_ms"":11.499881744384766}"
192309,1,2573.6001,2573.6001,False,1.0,"{""inversion_rho"":null,""inversion_channel"":9.0,""period_ms"":11.499881744384766}"
192309,1,2585.3,2585.3,False,0.5,"{""inversion_rho"":null,""inversion_channel"":22.5,""period_ms"":11.499881744384766}"
192309,1,2596.2999,2596.2999,False,0.375,"{""inversion_rho"":null,""inversion_channel"":28.0,""period_ms"":11.499881744384766}"
192309,1,2601.9001,2601.9001,False,0.5,"{""inversion_rho"":null,""inversion_channel"":13.0,""period_ms"":11.499881744384766}"
192309,1,2615.2,2615.2,False,0.875,"{""inversion_rho"":null,""inversion_channel"":40.5,""period_ms"":11.499881744384766}"
192309,1,2621.3,2621.3,False,1.0,"{""inversion_rho"":null,""inversion_channel"":23.5,""period_ms"":11.499881744384766}"
192309,1,2629.9,2629.9,False,0.75,"{""inversion_rho"":null,""inversion_channel"":13.5,""period_ms"":11.499881744384766}"
192309,1,2648.7999,2648.7999,False,1.0,"{""inversion_rho"":null,""inversion_channel"":36.0,""period_ms"":11.499881744384766}"
192309,1,2656.5001,2656.5001,False,0.5,"{""inversion_rho"":null,""inversion_channel"":23.5,""period_ms"":11.499881744384766}"
192309,1,2667.7999,2667.7999,False,0.75,"{""inversion_rho"":null,""inversion_channel"":8.0,""period_ms"":11.499881744384766}"
192309,1,2675.2,2675.2,False,0.5,"{""inversion_rho"":null,""inversion_channel"":37.5,""period_ms"":11.499881744384766}"
192309,1,2687.5,2687.5,False,0.75,"{""inversion_rho"":null,""inversion_channel"":23.5,""period_ms"":11.499881744384766}"
192309,1,2706.3999,2706.3999,False,0.5,"{""inversion_rho"":null,""inversion_channel"":12.5,""period_ms"":11.499881744384766}"
192309,1,2712.1999,2712.1999,False,0.375,"{""inversion_rho"":null,""inversion_channel"":39.0,""period_ms"":6.150007247924805}"
192309,1,2717.9999,2717.9999,False,0.5,"{""inversion_rho"":null,""inversion_channel"":39.5,""period_ms"":6.150007247924805}"
192309,1,2723.2001,2723.2001,False,0.375,"{""inversion_rho"":null,""inversion_channel"":13.5,""period_ms"":6.150007247924805}"
192309,1,2729.7001,2729.7001,False,0.375,"{""inversion_rho"":null,""inversion_channel"":22.0,""period_ms"":6.150007247924805}"
192309,1,2742.5001,2742.5001,False,1.0,"{""inversion_rho"":null,""inversion_channel"":41.5,""period_ms"":6.150007247924805}"
192309,1,4505.4002,4505.4002,False,1.0,"{""inversion_rho"":null,""inversion_channel"":36.5,""period_ms"":65.05012512207031}"
192309,1,4572.4001,4572.4001,False,1.0,"{""inversion_rho"":null,""inversion_channel"":30.5,""period_ms"":65.05012512207031}"
192309,1,4637.7001,4637.7001,False,1.0,"{""inversion_rho"":null,""inversion_channel"":37.0,""period_ms"":65.05012512207031}"
192309,1,4700.0999,4700.0999,False,1.0,"{""inversion_rho"":null,""inversion_channel"":30.5,""period_ms"":65.05012512207031}"
192309,1,4764.9002,4764.9002,False,1.0,"{""inversion_rho"":null,""inversion_channel"":30.5,""period_ms"":65.05012512207031}"
192309,1,4826.9,4826.9,False,1.0,"{""inversion_rho"":null,""inversion_channel"":36.5,""period_ms"":65.05012512207031}"
192309,1,4895.9999,4895.9999,False,1.0,"{""inversion_rho"":null,""inversion_channel"":31.5,""period_ms"":65.05012512207031}"
192309,1,4906.8999,4906.8999,False,0.5,"{""inversion_rho"":null,""inversion_channel"":27.5,""period_ms"":null}"
192309,1,4912.4999,4912.4999,False,0.25,"{""inversion_rho"":null,""inversion_channel"":26.0,""period_ms"":null}"
192309,1,4952.7001,4952.7001,False,0.5,"{""inversion_rho"":null,""inversion_channel"":30.5,""period_ms"":18.500089645385742}"
192309,1,4970.3002,4970.3002,False,1.0,"{""inversion_rho"":null,""inversion_channel"":19.5,""period_ms"":18.500089645385742}"
192309,1,4999.3,4999.3,False,0.625,"{""inversion_rho"":null,""inversion_channel"":38.5,""period_ms"":18.500089645385742}"
192309,1,5018.7001,5018.7001,False,0.5,"{""inversion_rho"":null,""inversion_channel"":39.0,""period_ms"":18.500089645385742}"
192309,1,5032.4001,5032.4001,False,1.0,"{""inversion_rho"":null,""inversion_channel"":18.5,""period_ms"":18.500089645385742}"
192309,1,5068.1,5068.1,False,0.25,"{""inversion_rho"":null,""inversion_channel"":39.5,""period_ms"":null}"
192309,1,5076.7999,5076.7999,False,0.75,"{""inversion_rho"":null,""inversion_channel"":36.5,""period_ms"":null}"
192309,1,5110.4002,5110.4002,False,0.25,"{""inversion_rho"":null,""inversion_channel"":33.5,""period_ms"":null}"
192309,1,5125.9999,5125.9999,False,0.25,"{""inversion_rho"":null,""inversion_channel"":39.0,""period_ms"":null}"
192309,1,5131.1998,5131.1998,False,0.25,"{""inversion_rho"":null,""inversion_channel"":40.0,""period_ms"":null}"
192309,1,5969.8,5969.8,False,0.25,"{""inversion_rho"":null,""inversion_channel"":24.5,""period_ms"":13.80014419555664}"
192309,1,5983.6001,5983.6001,False,0.375,"{""inversion_rho"":null,""inversion_channel"":32.0,""period_ms"":13.80014419555664}"
192309,1,5995.2998,5995.2998,False,1.0,"{""inversion_rho"":null,""inversion_channel"":9.5,""period_ms"":13.80014419555664}"
192309,1,6001.2999,6001.2999,False,0.625,"{""inversion_rho"":null,""inversion_channel"":27.0,""period_ms"":13.80014419555664}"
192309,1,6010.3002,6010.3002,False,0.25,"{""inversion_rho"":null,""inversion_channel"":25.5,""period_ms"":13.80014419555664}"
192309,1,6024.0002,6024.0002,False,0.375,"{""inversion_rho"":null,""inversion_channel"":30.5,""period_ms"":13.80014419555664}"
192309,1,6042.1,6042.1,False,0.25,"{""inversion_rho"":null,""inversion_channel"":25.5,""period_ms"":13.80014419555664}"
192309,1,6073.9999,6073.9999,False,0.25,"{""inversion_rho"":null,""inversion_channel"":11.5,""period_ms"":13.80014419555664}"
192309,1,6090.0002,6090.0002,False,0.25,"{""inversion_rho"":null,""inversion_channel"":10.5,""period_ms"":13.80014419555664}"
192309,1,6106.8001,6106.8001,False,0.25,"{""inversion_rho"":null,""inversion_channel"":23.5,""period_ms"":13.80014419555664}"
192309,1,6115.9,6115.9,False,0.375,"{""inversion_rho"":null,""inversion_channel"":23.5,""period_ms"":13.80014419555664}"
192309,1,6134.6002,6134.6002,False,0.5,"{""inversion_rho"":null,""inversion_channel"":17.5,""period_ms"":13.80014419555664}"
192309,1,2058.3999,2164.0999,True,1.0,"{""inversion_rho"":null,""inversion_channel"":3.5,""period_ms"":13.15009593963623}"
192309,1,2260.7,2291.1999,True,1.0,"{""inversion_rho"":null,""inversion_channel"":17.0,""period_ms"":7.299900054931641}"
192309,1,2314.8999,2471.0,True,1.0,"{""inversion_rho"":null,""inversion_channel"":18.0,""period_ms"":10.699987411499023}"
192309,1,2506.9001,2706.3999,True,1.0,"{""inversion_rho"":null,""inversion_channel"":22.5,""period_ms"":11.499881744384766}"
192309,1,2712.1999,2742.5001,True,1.0,"{""inversion_rho"":null,""inversion_channel"":39.0,""period_ms"":6.150007247924805}"
192309,1,4505.4002,4895.9999,True,1.0,"{""inversion_rho"":null,""inversion_channel"":31.5,""period_ms"":65.05012512207031}"
192309,1,4952.7001,5032.4001,True,1.0,"{""inversion_rho"":null,""inversion_channel"":30.5,""period_ms"":18.500089645385742}"
192309,1,5969.8,6134.6002,True,1.0,"{""inversion_rho"":null,""inversion_channel"":24.0,""period_ms"":13.80014419555664}"
192387,1,62.5,62.5,False,0.875,"{""inversion_rho"":null,""inversion_channel"":8.0,""period_ms"":null}"
192387,1,1595.7,1595.7,False,1.0,"{""inversion_rho"":null,""inversion_channel"":19.5,""period_ms"":95.39997577667236}"
192387,1,1691.1,1691.1,False,0.75,"{""inversion_rho"":null,""inversion_channel"":19.5,""period_ms"":95.39997577667236}"
192387,1,1886.6,1886.6,False,0.5,"{""inversion_rho"":null,""inversion_channel"":7.5,""period_ms"":95.39997577667236}"
192387,1,1982.0,1982.0,False,1.0,"{""inversion_rho"":null,""inversion_channel"":7.5,""period_ms"":95.39997577667236}"
192387,1,2004.6,2004.6,False,1.0,"{""inversion_rho"":null,""inversion_channel"":7.5,""period_ms"":19.700050354003906}"
192387,1,2024.3001,2024.3001,False,1.0,"{""inversion_rho"":null,""inversion_channel"":4.0,""period_ms"":19.700050354003906}"
192387,1,2057.4999,2057.4999,False,1.0,"{""inversion_rho"":null,""inversion_channel"":6.0,""period_ms"":19.700050354003906}"
192387,1,2071.7001,2071.7001,False,1.0,"{""inversion_rho"":null,""inversion_channel"":11.5,""period_ms"":19.700050354003906}"
192387,1,2087.5001,2087.5001,False,0.625,"{""inversion_rho"":null,""inversion_channel"":8.5,""period_ms"":19.700050354003906}"
192387,1,2107.6,2107.6,False,1.0,"{""inversion_rho"":null,""inversion_channel"":16.5,""period_ms"":19.700050354003906}"
192387,1,2113.6,2113.6,False,1.0,"{""inversion_rho"":null,""inversion_channel"":13.5,""period_ms"":7.800102233886719}"
192387,1,2121.4001,2121.4001,False,1.0,"{""inversion_rho"":null,""inversion_channel"":5.5,""period_ms"":7.800102233886719}"
192387,1,2128.2001,2128.2001,False,1.0,"{""inversion_rho"":null,""inversion_channel"":39.5,""period_ms"":7.800102233886719}"
192387,1,2142.9999,2142.9999,False,0.375,"{""inversion_rho"":null,""inversion_channel"":15.5,""period_ms"":7.800102233886719}"
192387,1,2149.9,2149.9,False,0.5,"{""inversion_rho"":null,""inversion_channel"":36.0,""period_ms"":7.800102233886719}"
192387,1,2166.8999,2166.8999,False,0.875,"{""inversion_rho"":null,""inversion_channel"":36.0,""period_ms"":7.800102233886719}"
192387,1,2182.1001,2182.1001,False,0.25,"{""inversion_rho"":null,""inversion_channel"":5.5,""period_ms"":7.800102233886719}"
192387,1,2191.9,2191.9,False,0.875,"{""inversion_rho"":null,""inversion_channel"":41.5,""period_ms"":7.800102233886719}"
192387,1,2197.5,2197.5,False,0.375,"{""inversion_rho"":null,""inversion_channel"":4.5,""period_ms"":7.800102233886719}"
192387,1,2204.9,2204.9,False,0.25,"{""inversion_rho"":null,""inversion_channel"":17.5,""period_ms"":7.800102233886719}"
192387,1,2236.7001,2236.7001,False,1.0,"{""inversion_rho"":null,""inversion_channel"":2.5,""period_ms"":null}"
192387,1,2247.8001,2247.8001,False,1.0,"{""inversion_rho"":null,""inversion_channel"":3.5,""period_ms"":null}"
192387,1,2301.3999,2301.3999,False,0.25,"{""inversion_rho"":null,""inversion_channel"":1.5,""period_ms"":null}"
192387,1,5084.4998,5084.4998,False,0.375,"{""inversion_rho"":null,""inversion_channel"":26.5,""period_ms"":null}"
192387,1,5098.3,5098.3,False,0.375,"{""inversion_rho"":null,""inversion_channel"":39.5,""period_ms"":null}"
192387,1,1595.7,1982.0,True,1.0,"{""inversion_rho"":null,""inversion_channel"":13.5,""period_ms"":95.39997577667236}"
192387,1,2004.6,2107.6,True,1.0,"{""inversion_rho"":null,""inversion_channel"":8.0,""period_ms"":19.700050354003906}"
192387,1,2113.6,2204.9,True,1.0,"{""inversion_rho"":null,""inversion_channel"":16.5,""period_ms"":7.800102233886719}"
192404,1,53.7,53.7,False,0.25,"{""inversion_rho"":null,""inversion_channel"":2.5,""period_ms"":16.999997198581696}"
192404,1,71.3,71.3,False,0.875,"{""inversion_rho"":null,""inversion_channel"":2.5,""period_ms"":16.999997198581696}"
192404,1,88.3,88.3,False,0.5,"{""inversion_rho"":null,""inversion_channel"":1.5,""period_ms"":16.999997198581696}"
192404,1,97.7,97.7,False,1.0,"{""inversion_rho"":null,""inversion_channel"":5.5,""period_ms"":16.999997198581696}"
192404,1,138.3,138.3,False,0.625,"{""inversion_rho"":null,""inversion_channel"":7.5,""period_ms"":null}"
192404,1,164.0,164.0,False,1.0,"{""inversion_rho"":null,""inversion_channel"":7.5,""period_ms"":null}"
192404,1,1989.2,1989.2,False,0.75,"{""inversion_rho"":null,""inversion_channel"":6.0,""period_ms"":null}"
192404,1,2000.6001,2000.6001,False,1.0,"{""inversion_rho"":null,""inversion_channel"":9.0,""period_ms"":null}"
192404,1,2061.1999,2061.1999,False,1.0,"{""inversion_rho"":null,""inversion_channel"":11.5,""period_ms"":null}"
192404,1,2068.5,2068.5,False,0.875,"{""inversion_rho"":null,""inversion_channel"":4.5,""period_ms"":null}"
192404,1,2091.8,2091.8,False,1.0,"{""inversion_rho"":null,""inversion_channel"":7.5,""period_ms"":39.90006446838379}"
192404,1,2120.3001,2120.3001,False,0.625,"{""inversion_rho"":null,""inversion_channel"":2.5,""period_ms"":39.90006446838379}"
192404,1,2160.2001,2160.2001,False,0.375,"{""inversion_rho"":null,""inversion_channel"":5.0,""period_ms"":39.90006446838379}"
192404,1,2211.8001,2211.8001,False,0.5,"{""inversion_rho"":null,""inversion_channel"":4.0,""period_ms"":39.90006446838379}"
192404,1,2230.9,2230.9,False,1.0,"{""inversion_rho"":null,""inversion_channel"":2.5,""period_ms"":36.300063133239746}"
192404,1,2277.2999,2277.2999,False,0.625,"{""inversion_rho"":null,""inversion_channel"":16.5,""period_ms"":36.300063133239746}"
192404,1,2315.3,2315.3,False,0.375,"{""inversion_rho"":null,""inversion_channel"":2.5,""period_ms"":36.300063133239746}"
192404,1,2331.1999,2331.1999,False,1.0,"{""inversion_rho"":null,""inversion_channel"":2.5,""period_ms"":36.300063133239746}"
192404,1,2365.7999,2365.7999,False,1.0,"{""inversion_rho"":null,""inversion_channel"":2.5,""period_ms"":36.300063133239746}"
192404,1,2377.6,2377.6,False,1.0,"{""inversion_rho"":null,""inversion_channel"":3.5,""period_ms"":null}"
192404,1,2393.8,2393.8,False,1.0,"{""inversion_rho"":null,""inversion_channel"":2.5,""period_ms"":null}"
192404,1,2443.3,2443.3,False,1.0,"{""inversion_rho"":null,""inversion_channel"":1.5,""period_ms"":null}"
192404,1,2456.8,2456.8,False,0.625,"{""inversion_rho"":null,""inversion_channel"":3.5,""period_ms"":null}"
192404,1,5808.1999,5808.1999,False,1.0,"{""inversion_rho"":null,""inversion_channel"":32.0,""period_ms"":12.799978256225586}"
192404,1,5828.0001,5828.0001,False,0.625,"{""inversion_rho"":null,""inversion_channel"":31.5,""period_ms"":12.799978256225586}"
192404,1,5847.4998,5847.4998,False,1.0,"{""inversion_rho"":null,""inversion_channel"":32.0,""period_ms"":12.799978256225586}"
192404,1,5864.9001,5864.9001,False,1.0,"{""inversion_rho"":null,""inversion_channel"":16.5,""period_ms"":12.799978256225586}"
192404,1,5902.5998,5902.5998,False,0.375,"{""inversion_rho"":null,""inversion_channel"":31.5,""period_ms"":12.799978256225586}"
192404,1,5919.3001,5919.3001,False,0.25,"{""inversion_rho"":null,""inversion_channel"":33.5,""period_ms"":12.799978256225586}"
192404,1,5941.1001,5941.1001,False,1.0,"{""inversion_rho"":null,""inversion_channel"":34.5,""period_ms"":12.799978256225586}"
192404,1,5951.9,5951.9,False,0.25,"{""inversion_rho"":null,""inversion_channel"":25.5,""period_ms"":12.799978256225586}"
192404,1,5965.4002,5965.4002,False,1.0,"{""inversion_rho"":null,""inversion_channel"":31.5,""period_ms"":12.799978256225586}"
192404,1,5973.5999,5973.5999,False,1.0,"{""inversion_rho"":null,""inversion_channel"":29.0,""period_ms"":12.799978256225586}"
192404,1,5980.5002,5980.5002,False,1.0,"{""inversion_rho"":null,""inversion_channel"":28.5,""period_ms"":12.799978256225586}"
192404,1,5992.6,5992.6,False,1.0,"{""inversion_rho"":null,""inversion_channel"":7.5,""period_ms"":12.799978256225586}"
192404,1,6001.2999,6001.2999,False,1.0,"{""inversion_rho"":null,""inversion_channel"":33.0,""period_ms"":12.799978256225586}"
192404,1,6011.0998,6011.0998,False,0.875,"{""inversion_rho"":null,""inversion_channel"":30.5,""period_ms"":12.799978256225586}"
192404,1,6019.1002,6019.1002,False,1.0,"{""inversion_rho"":null,""inversion_channel"":8.5,""period_ms"":12.799978256225586}"
192404,1,6041.2002,6041.2002,False,0.5,"{""inversion_rho"":null,""inversion_channel"":14.0,""period_ms"":8.39996337890625}"
192404,1,6050.2,6050.2,False,1.0,"{""inversion_rho"":null,""inversion_channel"":4.5,""period_ms"":8.39996337890625}"
192404,1,6063.3001,6063.3001,False,1.0,"{""inversion_rho"":null,""inversion_channel"":12.0,""period_ms"":8.39996337890625}"
192404,1,6071.1002,6071.1002,False,1.0,"{""inversion_rho"":null,""inversion_channel"":16.5,""period_ms"":8.39996337890625}"
192404,1,6076.7002,6076.7002,False,1.0,"{""inversion_rho"":null,""inversion_channel"":5.5,""period_ms"":8.39996337890625}"
192404,1,6094.2001,6094.2001,False,0.875,"{""inversion_rho"":null,""inversion_channel"":19.0,""period_ms"":6.899833679199219}"
192404,1,6105.0,6105.0,False,0.625,"{""inversion_rho"":null,""inversion_channel"":8.5,""period_ms"":6.899833679199219}"
192404,1,6111.8999,6111.8999,False,0.625,"{""inversion_rho"":null,""inversion_channel"":12.5,""period_ms"":6.899833679199219}"
192404,1,6118.1002,6118.1002,False,0.625,"{""inversion_rho"":null,""inversion_channel"":16.5,""period_ms"":6.899833679199219}"
192404,1,53.7,97.7,True,1.0,"{""inversion_rho"":null,""inversion_channel"":2.5,""period_ms"":16.999997198581696}"
192404,1,2091.8,2211.8001,True,1.0,"{""inversion_rho"":null,""inversion_channel"":4.5,""period_ms"":39.90006446838379}"
192404,1,2230.9,2365.7999,True,1.0,"{""inversion_rho"":null,""inversion_channel"":2.5,""period_ms"":36.300063133239746}"
192404,1,5808.1999,6019.1002,True,1.0,"{""inversion_rho"":null,""inversion_channel"":31.5,""period_ms"":12.799978256225586}"
192404,1,6041.2002,6076.7002,True,1.0,"{""inversion_rho"":null,""inversion_channel"":12.0,""period_ms"":8.39996337890625}"
192404,1,6094.2001,6118.1002,True,1.0,"{""inversion_rho"":null,""inversion_channel"":14.5,""period_ms"":6.899833679199219}"
192423,1,55.0,55.0,False,0.25,"{""inversion_rho"":null,""inversion_channel"":13.5,""period_ms"":9.950000792741776}"
192423,1,66.0,66.0,False,0.625,"{""inversion_rho"":null,""inversion_channel"":12.0,""period_ms"":9.950000792741776}"
192423,1,74.9,74.9,False,1.0,"{""inversion_rho"":null,""inversion_channel"":5.5,""period_ms"":9.950000792741776}"
192423,1,80.7,80.7,False,1.0,"{""inversion_rho"":null,""inversion_channel"":7.5,""period_ms"":9.950000792741776}"
192423,1,93.1,93.1,False,1.0,"{""inversion_rho"":null,""inversion_channel"":5.5,""period_ms"":9.950000792741776}"
192423,1,100.7,100.7,False,0.375,"{""inversion_rho"":null,""inversion_channel"":3.5,""period_ms"":9.950000792741776}"
192423,1,115.0,115.0,False,1.0,"{""inversion_rho"":null,""inversion_channel"":7.5,""period_ms"":9.950000792741776}"
192423,1,123.9,123.9,False,1.0,"{""inversion_rho"":null,""inversion_channel"":6.5,""period_ms"":9.950000792741776}"
192423,1,138.5,138.5,False,1.0,"{""inversion_rho"":null,""inversion_channel"":8.5,""period_ms"":9.950000792741776}"
192423,1,179.0,179.0,False,1.0,"{""inversion_rho"":null,""inversion_channel"":8.5,""period_ms"":null}"
192423,1,194.1,194.1,False,0.5,"{""inversion_rho"":null,""inversion_channel"":8.5,""period_ms"":null}"
192423,1,1237.6,1237.6,False,1.0,"{""inversion_rho"":null,""inversion_channel"":6.5,""period_ms"":null}"
192423,1,1285.0,1285.0,False,0.5,"{""inversion_rho"":null,""inversion_channel"":2.5,""period_ms"":null}"
192423,1,1298.7,1298.7,False,0.75,"{""inversion_rho"":null,""inversion_channel"":4.5,""period_ms"":null}"
192423,1,1479.0,1479.0,False,0.375,"{""inversion_rho"":null,""inversion_channel"":6.5,""period_ms"":null}"
192423,1,1488.5,1488.5,False,0.75,"{""inversion_rho"":null,""inversion_channel"":4.5,""period_ms"":44.74997520446777}"
192423,1,1531.8,1531.8,False,0.75,"{""inversion_rho"":null,""inversion_channel"":4.5,""period_ms"":44.74997520446777}"
192423,1,1577.9999,1577.9999,False,0.375,"{""inversion_rho"":null,""inversion_channel"":6.5,""period_ms"":44.74997520446777}"
192423,1,1595.1999,1595.1999,False,0.75,"{""inversion_rho"":null,""inversion_channel"":39.5,""period_ms"":42.750000953674316}"
192423,1,1653.3999,1653.3999,False,0.75,"{""inversion_rho"":null,""inversion_channel"":11.0,""period_ms"":42.750000953674316}"
192423,1,1680.6999,1680.6999,False,0.625,"{""inversion_rho"":null,""inversion_channel"":7.0,""period_ms"":42.750000953674316}"
192423,1,1776.5,1776.5,False,0.875,"{""inversion_rho"":null,""inversion_channel"":4.5,""period_ms"":17.300009727478027}"
192423,1,1812.8999,1812.8999,False,1.0,"{""inversion_rho"":null,""inversion_channel"":3.5,""period_ms"":17.300009727478027}"
192423,1,1830.2,1830.2,False,0.375,"{""inversion_rho"":null,""inversion_channel"":41.5,""period_ms"":17.300009727478027}"
192423,1,1844.0,1844.0,False,1.0,"{""inversion_rho"":null,""inversion_channel"":8.5,""period_ms"":17.300009727478027}"
192423,1,1891.7,1891.7,False,0.25,"{""inversion_rho"":null,""inversion_channel"":8.0,""period_ms"":null}"
192423,1,1969.7,1969.7,False,0.625,"{""inversion_rho"":null,""inversion_channel"":8.5,""period_ms"":null}"
192423,1,1997.0,1997.0,False,1.0,"{""inversion_rho"":null,""inversion_channel"":3.0,""period_ms"":48.799991607666016}"
192423,1,2058.0001,2058.0001,False,1.0,"{""inversion_rho"":null,""inversion_channel"":4.5,""period_ms"":48.799991607666016}"
192423,1,2094.6,2094.6,False,0.25,"{""inversion_rho"":null,""inversion_channel"":6.0,""period_ms"":48.799991607666016}"
192423,1,2107.0001,2107.0001,False,1.0,"{""inversion_rho"":null,""inversion_channel"":3.5,""period_ms"":null}"
192423,1,2119.0,2119.0,False,0.875,"{""inversion_rho"":null,""inversion_channel"":4.5,""period_ms"":null}"
192423,1,2218.6,2218.6,False,0.625,"{""inversion_rho"":null,""inversion_channel"":4.5,""period_ms"":23.50020408630371}"
192423,1,2237.0999,2237.0999,False,0.625,"{""inversion_rho"":null,""inversion_channel"":5.5,""period_ms"":23.50020408630371}"
192423,1,2260.6001,2260.6001,False,0.375,"{""inversion_rho"":null,""inversion_channel"":5.5,""period_ms"":23.50020408630371}"
192423,1,2295.3,2295.3,False,0.375,"{""inversion_rho"":null,""inversion_channel"":1.5,""period_ms"":23.50020408630371}"
192423,1,2302.0,2302.0,False,1.0,"{""inversion_rho"":null,""inversion_channel"":4.5,""period_ms"":33.90002250671387}"
192423,1,2317.3001,2317.3001,False,0.75,"{""inversion_rho"":null,""inversion_channel"":4.5,""period_ms"":33.90002250671387}"
192423,1,2351.2001,2351.2001,False,1.0,"{""inversion_rho"":null,""inversion_channel"":4.5,""period_ms"":33.90002250671387}"
192423,1,2400.0001,2400.0001,False,0.875,"{""inversion_rho"":null,""inversion_channel"":4.5,""period_ms"":33.90002250671387}"
192423,1,2407.5999,2407.5999,False,0.5,"{""inversion_rho"":null,""inversion_channel"":10.5,""period_ms"":55.25004863739014}"
192423,1,2441.4999,2441.4999,False,0.5,"{""inversion_rho"":null,""inversion_channel"":4.5,""period_ms"":55.25004863739014}"
192423,1,2477.9,2477.9,False,0.875,"{""inversion_rho"":null,""inversion_channel"":4.5,""period_ms"":55.25004863739014}"
192423,1,2545.9001,2545.9001,False,0.875,"{""inversion_rho"":null,""inversion_channel"":4.5,""period_ms"":55.25004863739014}"
192423,1,2597.5001,2597.5001,False,0.25,"{""inversion_rho"":null,""inversion_channel"":4.5,""period_ms"":55.25004863739014}"
192423,1,2629.8001,2629.8001,False,0.75,"{""inversion_rho"":null,""inversion_channel"":4.5,""period_ms"":55.25004863739014}"
192423,1,2689.1999,2689.1999,False,0.75,"{""inversion_rho"":null,""inversion_channel"":7.0,""period_ms"":55.25004863739014}"
192423,1,2748.1,2748.1,False,1.0,"{""inversion_rho"":null,""inversion_channel"":4.5,""period_ms"":55.25004863739014}"
192423,1,2818.7001,2818.7001,False,0.5,"{""inversion_rho"":null,""inversion_channel"":4.5,""period_ms"":55.25004863739014}"
192423,1,2850.5001,2850.5001,False,1.0,"{""inversion_rho"":null,""inversion_channel"":4.5,""period_ms"":55.25004863739014}"
192423,1,2921.6001,2921.6001,False,0.25,"{""inversion_rho"":null,""inversion_channel"":4.5,""period_ms"":55.25004863739014}"
192423,1,2939.6,2939.6,False,1.0,"{""inversion_rho"":null,""inversion_channel"":3.5,""period_ms"":51.300048828125}"
192423,1,3010.5,3010.5,False,0.75,"{""inversion_rho"":null,""inversion_channel"":4.5,""period_ms"":51.300048828125}"
192423,1,3047.4999,3047.4999,False,0.5,"{""inversion_rho"":null,""inversion_channel"":4.5,""period_ms"":51.300048828125}"
192423,1,3136.1001,3136.1001,False,0.75,"{""inversion_rho"":null,""inversion_channel"":4.5,""period_ms"":51.300048828125}"
192423,1,3187.4001,3187.4001,False,1.0,"{""inversion_rho"":null,""inversion_channel"":3.0,""period_ms"":51.300048828125}"
192423,1,3211.0,3211.0,False,0.5,"{""inversion_rho"":null,""inversion_channel"":8.0,""period_ms"":51.300048828125}"
192423,1,3263.4001,3263.4001,False,0.5,"{""inversion_rho"":null,""inversion_channel"":3.5,""period_ms"":51.300048828125}"
192423,1,3307.1001,3307.1001,False,0.625,"{""inversion_rho"":null,""inversion_channel"":4.5,""period_ms"":51.300048828125}"
192423,1,3427.4001,3427.4001,False,1.0,"{""inversion_rho"":null,""inversion_channel"":2.5,""period_ms"":37.94991970062256}"
192423,1,3462.8,3462.8,False,1.0,"{""inversion_rho"":null,""inversion_channel"":2.0,""period_ms"":37.94991970062256}"
192423,1,3503.3,3503.3,False,1.0,"{""inversion_rho"":null,""inversion_channel"":38.5,""period_ms"":37.94991970062256}"
192423,1,3546.2,3546.2,False,1.0,"{""inversion_rho"":null,""inversion_channel"":35.5,""period_ms"":37.94991970062256}"
192423,1,3569.7999,3569.7999,False,1.0,"{""inversion_rho"":null,""inversion_channel"":37.5,""period_ms"":37.94991970062256}"
192423,1,3740.0,3740.0,False,1.0,"{""inversion_rho"":null,""inversion_channel"":1.5,""period_ms"":32.850027084350586}"
192423,1,3767.4999,3767.4999,False,1.0,"{""inversion_rho"":null,""inversion_channel"":2.5,""period_ms"":32.850027084350586}"
192423,1,3800.1001,3800.1001,False,1.0,"{""inversion_rho"":null,""inversion_channel"":2.5,""period_ms"":32.850027084350586}"
192423,1,3844.6,3844.6,False,1.0,"{""inversion_rho"":null,""inversion_channel"":37.5,""period_ms"":32.850027084350586}"
192423,1,3895.6001,3895.6001,False,1.0,"{""inversion_rho"":null,""inversion_channel"":2.5,""period_ms"":32.850027084350586}"
192423,1,3927.2001,3927.2001,False,1.0,"{""inversion_rho"":null,""inversion_channel"":2.5,""period_ms"":32.850027084350586}"
192423,1,3960.3,3960.3,False,1.0,"{""inversion_rho"":null,""inversion_channel"":1.5,""period_ms"":32.850027084350586}"
192423,1,3971.2999,3971.2999,False,1.0,"{""inversion_rho"":null,""inversion_channel"":2.5,""period_ms"":null}"
192423,1,3986.1,3986.1,False,1.0,"{""inversion_rho"":null,""inversion_channel"":2.5,""period_ms"":null}"
192423,1,4028.2998,4028.2998,False,1.0,"{""inversion_rho"":null,""inversion_channel"":2.5,""period_ms"":16.299962997436523}"
192423,1,4063.9,4063.9,False,1.0,"{""inversion_rho"":null,""inversion_channel"":2.5,""period_ms"":16.299962997436523}"
192423,1,4086.5998,4086.5998,False,1.0,"{""inversion_rho"":null,""inversion_channel"":2.5,""period_ms"":16.299962997436523}"
192423,1,4096.4999,4096.4999,False,1.0,"{""inversion_rho"":null,""inversion_channel"":2.5,""period_ms"":16.299962997436523}"
192423,1,4104.8002,4104.8002,False,0.875,"{""inversion_rho"":null,""inversion_channel"":2.5,""period_ms"":16.299962997436523}"
192423,1,4136.8999,4136.8999,False,0.75,"{""inversion_rho"":null,""inversion_channel"":2.5,""period_ms"":10.100126266479492}"
192423,1,4146.2002,4146.2002,False,0.75,"{""inversion_rho"":null,""inversion_channel"":2.5,""period_ms"":10.100126266479492}"
192423,1,4157.1002,4157.1002,False,1.0,"{""inversion_rho"":null,""inversion_channel"":2.5,""period_ms"":10.100126266479492}"
192423,1,4201.0002,4201.0002,False,1.0,"{""inversion_rho"":null,""inversion_channel"":6.5,""period_ms"":null}"
192423,1,4209.4998,4209.4998,False,0.625,"{""inversion_rho"":null,""inversion_channel"":7.5,""period_ms"":null}"
192423,1,4233.3002,4233.3002,False,1.0,"{""inversion_rho"":null,""inversion_channel"":2.5,""period_ms"":24.199962615966797}"
192423,1,4257.5002,4257.5002,False,1.0,"{""inversion_rho"":null,""inversion_channel"":4.5,""period_ms"":24.199962615966797}"
192423,1,4267.4999,4267.4999,False,1.0,"{""inversion_rho"":null,""inversion_channel"":5.5,""period_ms"":24.199962615966797}"
192423,1,4283.9999,4283.9999,False,1.0,"{""inversion_rho"":null,""inversion_channel"":10.5,""period_ms"":24.199962615966797}"
192423,1,4321.0001,4321.0001,False,1.0,"{""inversion_rho"":null,""inversion_channel"":5.5,""period_ms"":24.199962615966797}"
192423,1,4348.5999,4348.5999,False,1.0,"{""inversion_rho"":null,""inversion_channel"":11.5,""period_ms"":24.199962615966797}"
192423,1,4358.3002,4358.3002,False,1.0,"{""inversion_rho"":null,""inversion_channel"":12.0,""period_ms"":12.350082397460938}"
192423,1,4376.4,4376.4,False,1.0,"{""inversion_rho"":null,""inversion_channel"":14.5,""period_ms"":12.350082397460938}"
192423,1,4384.9001,4384.9001,False,1.0,"{""inversion_rho"":null,""inversion_channel"":15.5,""period_ms"":12.350082397460938}"
192423,1,4401.1002,4401.1002,False,1.0,"{""inversion_rho"":null,""inversion_channel"":37.0,""period_ms"":12.350082397460938}"
192423,1,4409.2002,4409.2002,False,1.0,"{""inversion_rho"":null,""inversion_channel"":12.5,""period_ms"":12.350082397460938}"
192423,1,4439.0001,4439.0001,False,1.0,"{""inversion_rho"":null,""inversion_channel"":11.0,""period_ms"":20.299911499023438}"
192423,1,4451.3001,4451.3001,False,1.0,"{""inversion_rho"":null,""inversion_channel"":38.5,""period_ms"":20.299911499023438}"
192423,1,4461.5998,4461.5998,False,1.0,"{""inversion_rho"":null,""inversion_channel"":37.5,""period_ms"":20.299911499023438}"
192423,1,4472.7998,4472.7998,False,1.0,"{""inversion_rho"":null,""inversion_channel"":37.5,""period_ms"":20.299911499023438}"
192423,1,4482.5001,4482.5001,False,1.0,"{""inversion_rho"":null,""inversion_channel"":20.0,""period_ms"":20.299911499023438}"
192423,1,4503.3002,4503.3002,False,1.0,"{""inversion_rho"":null,""inversion_channel"":11.5,""period_ms"":20.299911499023438}"
192423,1,4517.9,4517.9,False,1.0,"{""inversion_rho"":null,""inversion_channel"":35.5,""period_ms"":20.299911499023438}"
192423,1,4528.9998,4528.9998,False,1.0,"{""inversion_rho"":null,""inversion_channel"":21.5,""period_ms"":20.299911499023438}"
192423,1,4540.8001,4540.8001,False,1.0,"{""inversion_rho"":null,""inversion_channel"":12.0,""period_ms"":20.299911499023438}"
192423,1,4547.2999,4547.2999,False,1.0,"{""inversion_rho"":null,""inversion_channel"":21.5,""period_ms"":20.299911499023438}"
192423,1,4553.4,4553.4,False,0.75,"{""inversion_rho"":null,""inversion_channel"":16.5,""period_ms"":20.299911499023438}"
192423,1,4568.3999,4568.3999,False,0.625,"{""inversion_rho"":null,""inversion_channel"":4.5,""period_ms"":20.299911499023438}"
192423,1,4580.6999,4580.6999,False,0.625,"{""inversion_rho"":null,""inversion_channel"":18.5,""period_ms"":20.299911499023438}"
192423,1,4589.5,4589.5,False,1.0,"{""inversion_rho"":null,""inversion_channel"":37.0,""period_ms"":20.299911499023438}"
192423,1,4605.5002,4605.5002,False,1.0,"{""inversion_rho"":null,""inversion_channel"":18.5,""period_ms"":20.299911499023438}"
192423,1,4620.6999,4620.6999,False,0.25,"{""inversion_rho"":null,""inversion_channel"":15.5,""period_ms"":20.299911499023438}"
192423,1,4647.6998,4647.6998,False,1.0,"{""inversion_rho"":null,""inversion_channel"":37.5,""period_ms"":20.299911499023438}"
192423,1,4683.5999,4683.5999,False,0.5,"{""inversion_rho"":null,""inversion_channel"":2.5,""period_ms"":20.299911499023438}"
192423,1,4723.0,4723.0,False,1.0,"{""inversion_rho"":null,""inversion_channel"":2.5,""period_ms"":20.299911499023438}"
192423,1,4744.8001,4744.8001,False,1.0,"{""inversion_rho"":null,""inversion_channel"":2.5,""period_ms"":20.299911499023438}"
192423,1,4761.2,4761.2,False,1.0,"{""inversion_rho"":null,""inversion_channel"":1.5,""period_ms"":20.299911499023438}"
192423,1,4775.4002,4775.4002,False,1.0,"{""inversion_rho"":null,""inversion_channel"":2.5,""period_ms"":20.299911499023438}"
192423,1,4798.2998,4798.2998,False,1.0,"{""inversion_rho"":null,""inversion_channel"":1.5,""period_ms"":20.299911499023438}"
192423,1,4828.5999,4828.5999,False,1.0,"{""inversion_rho"":null,""inversion_channel"":1.5,""period_ms"":20.299911499023438}"
192423,1,4845.3999,4845.3999,False,1.0,"{""inversion_rho"":null,""inversion_channel"":2.5,""period_ms"":20.299911499023438}"
192423,1,4864.2001,4864.2001,False,1.0,"{""inversion_rho"":null,""inversion_channel"":2.5,""period_ms"":20.299911499023438}"
192423,1,4873.7001,4873.7001,False,1.0,"{""inversion_rho"":null,""inversion_channel"":2.5,""period_ms"":20.299911499023438}"
192423,1,4887.5999,4887.5999,False,1.0,"{""inversion_rho"":null,""inversion_channel"":2.0,""period_ms"":20.299911499023438}"
192423,1,4904.0999,4904.0999,False,1.0,"{""inversion_rho"":null,""inversion_channel"":2.5,""period_ms"":20.299911499023438}"
192423,1,4926.4002,4926.4002,False,1.0,"{""inversion_rho"":null,""inversion_channel"":36.5,""period_ms"":20.299911499023438}"
192423,1,4948.5002,4948.5002,False,1.0,"{""inversion_rho"":null,""inversion_channel"":1.5,""period_ms"":20.299911499023438}"
192423,1,4969.9001,4969.9001,False,1.0,"{""inversion_rho"":null,""inversion_channel"":1.5,""period_ms"":20.299911499023438}"
192423,1,4991.3001,4991.3001,False,1.0,"{""inversion_rho"":null,""inversion_channel"":2.5,""period_ms"":20.299911499023438}"
192423,1,5011.8999,5011.8999,False,1.0,"{""inversion_rho"":null,""inversion_channel"":1.5,""period_ms"":20.299911499023438}"
192423,1,5049.9001,5049.9001,False,1.0,"{""inversion_rho"":null,""inversion_channel"":1.5,""period_ms"":20.299911499023438}"
192423,1,5070.2,5070.2,False,1.0,"{""inversion_rho"":null,""inversion_channel"":36.0,""period_ms"":20.299911499023438}"
192423,1,5088.5,5088.5,False,1.0,"{""inversion_rho"":null,""inversion_channel"":2.5,""period_ms"":20.299911499023438}"
192423,1,5108.3002,5108.3002,False,1.0,"{""inversion_rho"":null,""inversion_channel"":1.5,""period_ms"":20.299911499023438}"
192423,1,5132.5998,5132.5998,False,1.0,"{""inversion_rho"":null,""inversion_channel"":2.5,""period_ms"":20.299911499023438}"
192423,1,5167.7999,5167.7999,False,1.0,"{""inversion_rho"":null,""inversion_channel"":4.5,""period_ms"":20.299911499023438}"
192423,1,5197.4001,5197.4001,False,1.0,"{""inversion_rho"":null,""inversion_channel"":8.5,""period_ms"":20.299911499023438}"
192423,1,5224.9999,5224.9999,False,1.0,"{""inversion_rho"":null,""inversion_channel"":10.0,""period_ms"":20.299911499023438}"
192423,1,5255.8999,5255.8999,False,1.0,"{""inversion_rho"":null,""inversion_channel"":10.5,""period_ms"":20.299911499023438}"
192423,1,5306.5,5306.5,False,1.0,"{""inversion_rho"":null,""inversion_channel"":37.5,""period_ms"":20.299911499023438}"
192423,1,5363.8,5363.8,False,1.0,"{""inversion_rho"":null,""inversion_channel"":1.5,""period_ms"":20.299911499023438}"
192423,1,5389.8001,5389.8001,False,1.0,"{""inversion_rho"":null,""inversion_channel"":38.5,""period_ms"":20.299911499023438}"
192423,1,5424.2001,5424.2001,False,1.0,"{""inversion_rho"":null,""inversion_channel"":39.0,""period_ms"":20.299911499023438}"
192423,1,5461.9999,5461.9999,False,1.0,"{""inversion_rho"":null,""inversion_channel"":37.5,""period_ms"":20.299911499023438}"
192423,1,5586.5998,5586.5998,False,1.0,"{""inversion_rho"":null,""inversion_channel"":19.0,""period_ms"":null}"
192423,1,5705.5998,5705.5998,False,1.0,"{""inversion_rho"":null,""inversion_channel"":33.5,""period_ms"":null}"
192423,1,5737.0,5737.0,False,1.0,"{""inversion_rho"":null,""inversion_channel"":17.5,""period_ms"":17.149925231933594}"
192423,1,5759.5,5759.5,False,1.0,"{""inversion_rho"":null,""inversion_channel"":17.5,""period_ms"":17.149925231933594}"
192423,1,5779.3002,5779.3002,False,1.0,"{""inversion_rho"":null,""inversion_channel"":17.5,""period_ms"":17.149925231933594}"
192423,1,5799.5,5799.5,False,1.0,"{""inversion_rho"":null,""inversion_channel"":17.5,""period_ms"":17.149925231933594}"
192423,1,5815.7001,5815.7001,False,1.0,"{""inversion_rho"":null,""inversion_channel"":17.5,""period_ms"":17.149925231933594}"
192423,1,5829.9999,5829.9999,False,1.0,"{""inversion_rho"":null,""inversion_channel"":17.5,""period_ms"":17.149925231933594}"
192423,1,5844.6999,5844.6999,False,1.0,"{""inversion_rho"":null,""inversion_channel"":17.5,""period_ms"":17.149925231933594}"
192423,1,5859.4999,5859.4999,False,1.0,"{""inversion_rho"":null,""inversion_channel"":17.0,""period_ms"":17.149925231933594}"
192423,1,5880.4002,5880.4002,False,1.0,"{""inversion_rho"":null,""inversion_channel"":17.0,""period_ms"":17.149925231933594}"
192423,1,5904.2001,5904.2001,False,1.0,"{""inversion_rho"":null,""inversion_channel"":15.5,""period_ms"":17.149925231933594}"
192423,1,5929.1,5929.1,False,1.0,"{""inversion_rho"":null,""inversion_channel"":16.0,""period_ms"":17.149925231933594}"
192423,1,5953.1002,5953.1002,False,1.0,"{""inversion_rho"":null,""inversion_channel"":14.5,""period_ms"":17.149925231933594}"
192423,1,5975.2002,5975.2002,False,1.0,"{""inversion_rho"":null,""inversion_channel"":14.5,""period_ms"":17.149925231933594}"
192423,1,5998.7998,5998.7998,False,1.0,"{""inversion_rho"":null,""inversion_channel"":16.0,""period_ms"":17.149925231933594}"
192423,1,6020.8001,6020.8001,False,1.0,"{""inversion_rho"":null,""inversion_channel"":31.5,""period_ms"":17.149925231933594}"
192423,1,6038.8999,6038.8999,False,1.0,"{""inversion_rho"":null,""inversion_channel"":15.5,""period_ms"":17.149925231933594}"
192423,1,6054.9002,6054.9002,False,1.0,"{""inversion_rho"":null,""inversion_channel"":13.5,""period_ms"":17.149925231933594}"
192423,1,6069.5,6069.5,False,1.0,"{""inversion_rho"":null,""inversion_channel"":14.5,""period_ms"":17.149925231933594}"
192423,1,6083.3001,6083.3001,False,1.0,"{""inversion_rho"":null,""inversion_channel"":13.5,""period_ms"":17.149925231933594}"
192423,1,6096.3001,6096.3001,False,1.0,"{""inversion_rho"":null,""inversion_channel"":14.5,""period_ms"":17.149925231933594}"
192423,1,6109.7002,6109.7002,False,1.0,"{""inversion_rho"":null,""inversion_channel"":13.0,""period_ms"":17.149925231933594}"
192423,1,6121.6998,6121.6998,False,0.75,"{""inversion_rho"":null,""inversion_channel"":14.5,""period_ms"":17.149925231933594}"
192423,1,6134.6998,6134.6998,False,1.0,"{""inversion_rho"":null,""inversion_channel"":15.5,""period_ms"":17.149925231933594}"
192423,1,55.0,138.5,True,1.0,"{""inversion_rho"":null,""inversion_channel"":7.5,""period_ms"":9.950000792741776}"
192423,1,1488.5,1577.9999,True,1.0,"{""inversion_rho"":null,""inversion_channel"":4.5,""period_ms"":44.74997520446777}"
192423,1,1595.1999,1680.6999,True,1.0,"{""inversion_rho"":null,""inversion_channel"":11.0,""period_ms"":42.750000953674316}"
192423,1,1776.5,1844.0,True,1.0,"{""inversion_rho"":null,""inversion_channel"":6.5,""period_ms"":17.300009727478027}"
192423,1,1997.0,2094.6,True,1.0,"{""inversion_rho"":null,""inversion_channel"":4.5,""period_ms"":48.799991607666016}"
192423,1,2218.6,2295.3,True,1.0,"{""inversion_rho"":null,""inversion_channel"":5.0,""period_ms"":23.50020408630371}"
192423,1,2302.0,2400.0001,True,1.0,"{""inversion_rho"":null,""inversion_channel"":4.5,""period_ms"":33.90002250671387}"
192423,1,2407.5999,2921.6001,True,1.0,"{""inversion_rho"":null,""inversion_channel"":4.5,""period_ms"":55.25004863739014}"
192423,1,2939.6,3307.1001,True,1.0,"{""inversion_rho"":null,""inversion_channel"":4.5,""period_ms"":51.300048828125}"
192423,1,3427.4001,3569.7999,True,1.0,"{""inversion_rho"":null,""inversion_channel"":35.5,""period_ms"":37.94991970062256}"
192423,1,3740.0,3960.3,True,1.0,"{""inversion_rho"":null,""inversion_channel"":2.5,""period_ms"":32.850027084350586}"
192423,1,4028.2998,4104.8002,True,1.0,"{""inversion_rho"":null,""inversion_channel"":2.5,""period_ms"":16.299962997436523}"
192423,1,4136.8999,4157.1002,True,1.0,"{""inversion_rho"":null,""inversion_channel"":2.5,""period_ms"":10.100126266479492}"
192423,1,4233.3002,4348.5999,True,1.0,"{""inversion_rho"":null,""inversion_channel"":5.5,""period_ms"":24.199962615966797}"
192423,1,4358.3002,4409.2002,True,1.0,"{""inversion_rho"":null,""inversion_channel"":14.5,""period_ms"":12.350082397460938}"
192423,1,4439.0001,5461.9999,True,1.0,"{""inversion_rho"":null,""inversion_channel"":9.25,""period_ms"":20.299911499023438}"
192423,1,5737.0,6134.6998,True,1.0,"{""inversion_rho"":null,""inversion_channel"":16.0,""period_ms"":17.149925231933594}"
192424,1,51.2,51.2,False,0.25,"{""inversion_rho"":null,""inversion_channel"":6.5,""period_ms"":24.500001221895218}"
192424,1,75.7,75.7,False,1.0,"{""inversion_rho"":null,""inversion_channel"":6.5,""period_ms"":24.500001221895218}"
192424,1,88.8,88.8,False,1.0,"{""inversion_rho"":null,""inversion_channel"":5.5,""period_ms"":24.500001221895218}"
192424,1,107.3,107.3,False,0.25,"{""inversion_rho"":null,""inversion_channel"":39.5,""period_ms"":24.500001221895218}"
192424,1,139.2,139.2,False,1.0,"{""inversion_rho"":null,""inversion_channel"":8.5,""period_ms"":24.500001221895218}"
192424,1,193.9,193.9,False,1.0,"{""inversion_rho"":null,""inversion_channel"":9.5,""period_ms"":24.500001221895218}"
192424,1,1257.9,1257.9,False,1.0,"{""inversion_rho"":null,""inversion_channel"":7.5,""period_ms"":null}"
192424,1,1279.0999,1279.0999,False,0.5,"{""inversion_rho"":null,""inversion_channel"":38.0,""period_ms"":null}"
192424,1,4528.6999,4528.6999,False,0.25,"{""inversion_rho"":null,""inversion_channel"":8.0,""period_ms"":null}"
192424,1,4541.2998,4541.2998,False,1.0,"{""inversion_rho"":null,""inversion_channel"":24.0,""period_ms"":null}"
192424,1,4589.7999,4589.7999,False,1.0,"{""inversion_rho"":null,""inversion_channel"":27.0,""period_ms"":12.399673461914062}"
192424,1,4607.9001,4607.9001,False,1.0,"{""inversion_rho"":null,""inversion_channel"":13.5,""period_ms"":12.399673461914062}"
192424,1,4618.5002,4618.5002,False,1.0,"{""inversion_rho"":null,""inversion_channel"":24.5,""period_ms"":12.399673461914062}"
192424,1,4630.8999,4630.8999,False,1.0,"{""inversion_rho"":null,""inversion_channel"":24.5,""period_ms"":12.399673461914062}"
192424,1,5705.9002,5705.9002,False,1.0,"{""inversion_rho"":null,""inversion_channel"":34.5,""period_ms"":15.300273895263672}"
192424,1,5746.5,5746.5,False,1.0,"{""inversion_rho"":null,""inversion_channel"":17.5,""period_ms"":15.300273895263672}"
192424,1,5788.4998,5788.4998,False,1.0,"{""inversion_rho"":null,""inversion_channel"":18.0,""period_ms"":15.300273895263672}"
192424,1,5806.3002,5806.3002,False,1.0,"{""inversion_rho"":null,""inversion_channel"":18.5,""period_ms"":15.300273895263672}"
192424,1,5822.5002,5822.5002,False,0.625,"{""inversion_rho"":null,""inversion_channel"":17.5,""period_ms"":15.300273895263672}"
192424,1,5837.6999,5837.6999,False,1.0,"{""inversion_rho"":null,""inversion_channel"":17.5,""period_ms"":15.300273895263672}"
192424,1,5853.0002,5853.0002,False,1.0,"{""inversion_rho"":null,""inversion_channel"":17.0,""period_ms"":15.300273895263672}"
192424,1,5866.6,5866.6,False,0.375,"{""inversion_rho"":null,""inversion_channel"":16.5,""period_ms"":15.300273895263672}"
192424,1,5880.7998,5880.7998,False,1.0,"{""inversion_rho"":null,""inversion_channel"":16.5,""period_ms"":15.300273895263672}"
192424,1,5895.8998,5895.8998,False,1.0,"{""inversion_rho"":null,""inversion_channel"":14.5,""period_ms"":15.300273895263672}"
192424,1,5911.9,5911.9,False,1.0,"{""inversion_rho"":null,""inversion_channel"":14.5,""period_ms"":15.300273895263672}"
192424,1,5928.0,5928.0,False,1.0,"{""inversion_rho"":null,""inversion_channel"":13.5,""period_ms"":15.300273895263672}"
192424,1,5941.7,5941.7,False,1.0,"{""inversion_rho"":null,""inversion_channel"":13.5,""period_ms"":15.300273895263672}"
192424,1,5955.6999,5955.6999,False,1.0,"{""inversion_rho"":null,""inversion_channel"":12.5,""period_ms"":15.300273895263672}"
192424,1,5969.9001,5969.9001,False,1.0,"{""inversion_rho"":null,""inversion_channel"":12.5,""period_ms"":15.300273895263672}"
192424,1,5983.6998,5983.6998,False,1.0,"{""inversion_rho"":null,""inversion_channel"":13.5,""period_ms"":15.300273895263672}"
192424,1,5997.7002,5997.7002,False,1.0,"{""inversion_rho"":null,""inversion_channel"":14.0,""period_ms"":15.300273895263672}"
192424,1,6013.1001,6013.1001,False,1.0,"{""inversion_rho"":null,""inversion_channel"":14.5,""period_ms"":15.300273895263672}"
192424,1,6031.8999,6031.8999,False,1.0,"{""inversion_rho"":null,""inversion_channel"":13.5,""period_ms"":15.300273895263672}"
192424,1,6049.3002,6049.3002,False,1.0,"{""inversion_rho"":null,""inversion_channel"":13.5,""period_ms"":15.300273895263672}"
192424,1,6054.5001,6054.5001,False,1.0,"{""inversion_rho"":null,""inversion_channel"":11.5,""period_ms"":15.000343322753906}"
192424,1,6072.1998,6072.1998,False,1.0,"{""inversion_rho"":null,""inversion_channel"":12.5,""period_ms"":15.000343322753906}"
192424,1,6088.9001,6088.9001,False,1.0,"{""inversion_rho"":null,""inversion_channel"":31.5,""period_ms"":15.000343322753906}"
192424,1,6103.4999,6103.4999,False,1.0,"{""inversion_rho"":null,""inversion_channel"":12.5,""period_ms"":15.000343322753906}"
192424,1,6118.5002,6118.5002,False,1.0,"{""inversion_rho"":null,""inversion_channel"":12.5,""period_ms"":15.000343322753906}"
192424,1,6132.1001,6132.1001,False,1.0,"{""inversion_rho"":null,""inversion_channel"":14.0,""period_ms"":15.000343322753906}"
192424,1,51.2,193.9,True,1.0,"{""inversion_rho"":null,""inversion_channel"":7.5,""period_ms"":24.500001221895218}"
192424,1,4589.7999,4630.8999,True,1.0,"{""inversion_rho"":null,""inversion_channel"":24.5,""period_ms"":12.399673461914062}"
192424,1,5705.9002,6049.3002,True,1.0,"{""inversion_rho"":null,""inversion_channel"":14.5,""period_ms"":15.300273895263672}"
192424,1,6054.5001,6132.1001,True,1.0,"{""inversion_rho"":null,""inversion_channel"":12.5,""period_ms"":15.000343322753906}"
192425,1,59.9,59.9,False,1.0,"{""inversion_rho"":null,""inversion_channel"":7.5,""period_ms"":11.200003325939178}"
192425,1,67.2,67.2,False,0.75,"{""inversion_rho"":null,""inversion_channel"":11.5,""period_ms"":11.200003325939178}"
192425,1,78.4,78.4,False,1.0,"{""inversion_rho"":null,""inversion_channel"":7.5,""period_ms"":11.200003325939178}"
192425,1,91.0,91.0,False,0.5,"{""inversion_rho"":null,""inversion_channel"":7.5,""period_ms"":11.200003325939178}"
192425,1,410.8,410.8,False,0.5,"{""inversion_rho"":null,""inversion_channel"":10.5,""period_ms"":null}"
192425,1,484.5,484.5,False,0.25,"{""inversion_rho"":null,""inversion_channel"":20.0,""period_ms"":null}"
192425,1,506.1,506.1,False,1.0,"{""inversion_rho"":null,""inversion_channel"":21.0,""period_ms"":38.59996795654297}"
192425,1,521.1,521.1,False,1.0,"{""inversion_rho"":null,""inversion_channel"":20.5,""period_ms"":38.59996795654297}"
192425,1,543.5,543.5,False,0.875,"{""inversion_rho"":null,""inversion_channel"":20.0,""period_ms"":38.59996795654297}"
192425,1,582.1,582.1,False,0.875,"{""inversion_rho"":null,""inversion_channel"":17.5,""period_ms"":38.59996795654297}"
192425,1,630.5,630.5,False,0.625,"{""inversion_rho"":null,""inversion_channel"":17.5,""period_ms"":38.59996795654297}"
192425,1,683.2,683.2,False,1.0,"{""inversion_rho"":null,""inversion_channel"":18.5,""period_ms"":38.59996795654297}"
192425,1,710.0,710.0,False,1.0,"{""inversion_rho"":null,""inversion_channel"":16.5,""period_ms"":38.59996795654297}"
192425,1,762.4,762.4,False,1.0,"{""inversion_rho"":null,""inversion_channel"":19.5,""period_ms"":38.59996795654297}"
192425,1,792.1,792.1,False,1.0,"{""inversion_rho"":null,""inversion_channel"":15.5,""period_ms"":38.59996795654297}"
192425,1,851.5,851.5,False,1.0,"{""inversion_rho"":null,""inversion_channel"":17.5,""period_ms"":38.59996795654297}"
192425,1,869.0,869.0,False,1.0,"{""inversion_rho"":null,""inversion_channel"":14.5,""period_ms"":60.29999256134033}"
192425,1,927.3,927.3,False,1.0,"{""inversion_rho"":null,""inversion_channel"":15.5,""period_ms"":60.29999256134033}"
192425,1,989.6,989.6,False,1.0,"{""inversion_rho"":null,""inversion_channel"":18.0,""period_ms"":60.29999256134033}"
192425,1,1167.7001,1167.7001,False,1.0,"{""inversion_rho"":null,""inversion_channel"":20.5,""period_ms"":14.199972152709961}"
192425,1,1192.0,1192.0,False,1.0,"{""inversion_rho"":null,""inversion_channel"":21.5,""period_ms"":14.199972152709961}"
192425,1,1204.9,1204.9,False,1.0,"{""inversion_rho"":null,""inversion_channel"":19.5,""period_ms"":14.199972152709961}"
192425,1,1211.5,1211.5,False,1.0,"{""inversion_rho"":null,""inversion_channel"":20.5,""period_ms"":14.199972152709961}"
192425,1,1227.0,1227.0,False,1.0,"{""inversion_rho"":null,""inversion_channel"":5.5,""period_ms"":14.199972152709961}"
192425,1,1246.3,1246.3,False,1.0,"{""inversion_rho"":null,""inversion_channel"":11.5,""period_ms"":14.199972152709961}"
192425,1,1255.1,1255.1,False,1.0,"{""inversion_rho"":null,""inversion_channel"":18.5,""period_ms"":14.199972152709961}"
192425,1,1265.6,1265.6,False,1.0,"{""inversion_rho"":null,""inversion_channel"":27.5,""period_ms"":14.199972152709961}"
192425,1,1290.8,1290.8,False,1.0,"{""inversion_rho"":null,""inversion_channel"":37.5,""period_ms"":14.199972152709961}"
192425,1,1391.1999,1391.1999,False,1.0,"{""inversion_rho"":null,""inversion_channel"":29.5,""period_ms"":29.050052165985107}"
192425,1,1409.7,1409.7,False,0.25,"{""inversion_rho"":null,""inversion_channel"":4.5,""period_ms"":29.050052165985107}"
192425,1,1449.3001,1449.3001,False,1.0,"{""inversion_rho"":null,""inversion_channel"":12.5,""period_ms"":29.050052165985107}"
192425,1,1463.1,1463.1,False,1.0,"{""inversion_rho"":null,""inversion_channel"":25.5,""period_ms"":null}"
192425,1,1525.9,1525.9,False,0.375,"{""inversion_rho"":null,""inversion_channel"":19.0,""period_ms"":null}"
192425,1,1544.1999,1544.1999,False,0.5,"{""inversion_rho"":null,""inversion_channel"":4.5,""period_ms"":59.09991264343262}"
192425,1,1572.1,1572.1,False,1.0,"{""inversion_rho"":null,""inversion_channel"":3.0,""period_ms"":59.09991264343262}"
192425,1,1631.2,1631.2,False,0.875,"{""inversion_rho"":null,""inversion_channel"":4.5,""period_ms"":59.09991264343262}"
192425,1,1721.1,1721.1,False,0.25,"{""inversion_rho"":null,""inversion_channel"":5.0,""period_ms"":59.09991264343262}"
192425,1,4949.1,4949.1,False,1.0,"{""inversion_rho"":null,""inversion_channel"":5.5,""period_ms"":null}"
192425,1,5758.5001,5758.5001,False,1.0,"{""inversion_rho"":null,""inversion_channel"":19.5,""period_ms"":91.24994277954102}"
192425,1,5814.1999,5814.1999,False,0.25,"{""inversion_rho"":null,""inversion_channel"":27.5,""period_ms"":91.24994277954102}"
192425,1,5941.0,5941.0,False,1.0,"{""inversion_rho"":null,""inversion_channel"":16.5,""period_ms"":91.24994277954102}"
192425,1,5960.1002,5960.1002,False,1.0,"{""inversion_rho"":null,""inversion_channel"":14.5,""period_ms"":13.100147247314453}"
192425,1,5979.1002,5979.1002,False,1.0,"{""inversion_rho"":null,""inversion_channel"":15.5,""period_ms"":13.100147247314453}"
192425,1,5998.4002,5998.4002,False,1.0,"{""inversion_rho"":null,""inversion_channel"":15.5,""period_ms"":13.100147247314453}"
192425,1,6016.3002,6016.3002,False,1.0,"{""inversion_rho"":null,""inversion_channel"":14.5,""period_ms"":13.100147247314453}"
192425,1,6032.3,6032.3,False,1.0,"{""inversion_rho"":null,""inversion_channel"":14.5,""period_ms"":13.100147247314453}"
192425,1,6046.9999,6046.9999,False,1.0,"{""inversion_rho"":null,""inversion_channel"":14.0,""period_ms"":13.100147247314453}"
192425,1,6060.5001,6060.5001,False,1.0,"{""inversion_rho"":null,""inversion_channel"":14.0,""period_ms"":13.100147247314453}"
192425,1,6073.2002,6073.2002,False,1.0,"{""inversion_rho"":null,""inversion_channel"":32.5,""period_ms"":13.100147247314453}"
192425,1,6085.4001,6085.4001,False,1.0,"{""inversion_rho"":null,""inversion_channel"":31.5,""period_ms"":13.100147247314453}"
192425,1,6097.1999,6097.1999,False,1.0,"{""inversion_rho"":null,""inversion_channel"":13.0,""period_ms"":13.100147247314453}"
192425,1,6109.3998,6109.3998,False,1.0,"{""inversion_rho"":null,""inversion_channel"":13.5,""period_ms"":13.100147247314453}"
192425,1,6120.9002,6120.9002,False,1.0,"{""inversion_rho"":null,""inversion_channel"":13.5,""period_ms"":13.100147247314453}"
192425,1,6132.8001,6132.8001,False,1.0,"{""inversion_rho"":null,""inversion_channel"":31.0,""period_ms"":13.100147247314453}"
192425,1,59.9,91.0,True,1.0,"{""inversion_rho"":null,""inversion_channel"":7.5,""period_ms"":11.200003325939178}"
192425,1,506.1,851.5,True,1.0,"{""inversion_rho"":null,""inversion_channel"":18.0,""period_ms"":38.59996795654297}"
192425,1,869.0,989.6,True,1.0,"{""inversion_rho"":null,""inversion_channel"":15.5,""period_ms"":60.29999256134033}"
192425,1,1167.7001,1290.8,True,1.0,"{""inversion_rho"":null,""inversion_channel"":20.5,""period_ms"":14.199972152709961}"
192425,1,1391.1999,1449.3001,True,1.0,"{""inversion_rho"":null,""inversion_channel"":12.5,""period_ms"":29.050052165985107}"
192425,1,1544.1999,1721.1,True,1.0,"{""inversion_rho"":null,""inversion_channel"":4.5,""period_ms"":59.09991264343262}"
192425,1,5758.5001,5941.0,True,1.0,"{""inversion_rho"":null,""inversion_channel"":19.5,""period_ms"":91.24994277954102}"
192425,1,5960.1002,6132.8001,True,1.0,"{""inversion_rho"":null,""inversion_channel"":14.5,""period_ms"":13.100147247314453}"
192431,1,61.9,61.9,False,0.875,"{""inversion_rho"":null,""inversion_channel"":6.5,""period_ms"":6.350003182888031}"
192431,1,75.1,75.1,False,1.0,"{""inversion_rho"":null,""inversion_channel"":6.5,""period_ms"":6.350003182888031}"
192431,1,81.6,81.6,False,1.0,"{""inversion_rho"":null,""inversion_channel"":13.5,""period_ms"":6.350003182888031}"
192431,1,87.3,87.3,False,0.625,"{""inversion_rho"":null,""inversion_channel"":10.5,""period_ms"":6.350003182888031}"
192431,1,93.5,93.5,False,0.875,"{""inversion_rho"":null,""inversion_channel"":8.5,""period_ms"":6.350003182888031}"
192431,1,165.2,165.2,False,1.0,"{""inversion_rho"":null,""inversion_channel"":8.5,""period_ms"":9.800001978874207}"
192431,1,181.4,181.4,False,1.0,"{""inversion_rho"":null,""inversion_channel"":7.5,""period_ms"":9.800001978874207}"
192431,1,191.2,191.2,False,0.625,"{""inversion_rho"":null,""inversion_channel"":7.5,""period_ms"":9.800001978874207}"
192431,1,196.8,196.8,False,0.5,"{""inversion_rho"":null,""inversion_channel"":5.5,""period_ms"":9.800001978874207}"
192431,1,5662.0002,5662.0002,False,1.0,"{""inversion_rho"":null,""inversion_channel"":33.5,""period_ms"":58.09974670410156}"
192431,1,5742.4002,5742.4002,False,1.0,"{""inversion_rho"":null,""inversion_channel"":14.5,""period_ms"":58.09974670410156}"
192431,1,5776.5002,5776.5002,False,0.875,"{""inversion_rho"":null,""inversion_channel"":14.5,""period_ms"":58.09974670410156}"
192431,1,5834.6,5834.6,False,1.0,"{""inversion_rho"":null,""inversion_channel"":13.5,""period_ms"":58.09974670410156}"
192431,1,5857.1,5857.1,False,1.0,"{""inversion_rho"":null,""inversion_channel"":12.5,""period_ms"":15.94996452331543}"
192431,1,5877.2998,5877.2998,False,0.875,"{""inversion_rho"":null,""inversion_channel"":11.5,""period_ms"":15.94996452331543}"
192431,1,5896.5998,5896.5998,False,1.0,"{""inversion_rho"":null,""inversion_channel"":10.5,""period_ms"":15.94996452331543}"
192431,1,5914.1002,5914.1002,False,1.0,"{""inversion_rho"":null,""inversion_channel"":10.5,""period_ms"":15.94996452331543}"
192431,1,5930.3999,5930.3999,False,0.875,"{""inversion_rho"":null,""inversion_channel"":31.5,""period_ms"":15.94996452331543}"
192431,1,5946.0001,5946.0001,False,1.0,"{""inversion_rho"":null,""inversion_channel"":10.5,""period_ms"":15.94996452331543}"
192431,1,5960.8002,5960.8002,False,0.75,"{""inversion_rho"":null,""inversion_channel"":10.0,""period_ms"":15.94996452331543}"
192431,1,5976.2998,5976.2998,False,1.0,"{""inversion_rho"":null,""inversion_channel"":9.5,""period_ms"":15.94996452331543}"
192431,1,5991.3001,5991.3001,False,1.0,"{""inversion_rho"":null,""inversion_channel"":9.0,""period_ms"":15.94996452331543}"
192431,1,61.9,93.5,True,1.0,"{""inversion_rho"":null,""inversion_channel"":8.5,""period_ms"":6.350003182888031}"
192431,1,165.2,196.8,True,1.0,"{""inversion_rho"":null,""inversion_channel"":7.5,""period_ms"":9.800001978874207}"
192431,1,5662.0002,5834.6,True,1.0,"{""inversion_rho"":null,""inversion_channel"":14.5,""period_ms"":58.09974670410156}"
192431,1,5857.1,5991.3001,True,1.0,"{""inversion_rho"":null,""inversion_channel"":10.5,""period_ms"":15.94996452331543}"
192432,1,41.7,41.7,False,0.625,"{""inversion_rho"":null,""inversion_channel"":38.5,""period_ms"":12.500002980232239}"
192432,1,57.0,57.0,False,0.375,"{""inversion_rho"":null,""inversion_channel"":9.5,""period_ms"":12.500002980232239}"
192432,1,66.9,66.9,False,0.875,"{""inversion_rho"":null,""inversion_channel"":5.5,""period_ms"":12.500002980232239}"
192432,1,79.4,79.4,False,1.0,"{""inversion_rho"":null,""inversion_channel"":6.5,""period_ms"":12.500002980232239}"
192432,1,86.5,86.5,False,1.0,"{""inversion_rho"":null,""inversion_channel"":5.5,""period_ms"":12.500002980232239}"
192432,1,99.4,99.4,False,1.0,"{""inversion_rho"":null,""inversion_channel"":7.5,""period_ms"":12.500002980232239}"
192432,1,124.6,124.6,False,1.0,"{""inversion_rho"":null,""inversion_channel"":7.5,""period_ms"":12.500002980232239}"
192432,1,136.9,136.9,False,1.0,"{""inversion_rho"":null,""inversion_channel"":7.5,""period_ms"":12.500002980232239}"
192432,1,151.8,151.8,False,0.625,"{""inversion_rho"":null,""inversion_channel"":10.5,""period_ms"":12.500002980232239}"
192432,1,157.9,157.9,False,0.25,"{""inversion_rho"":null,""inversion_channel"":30.5,""period_ms"":12.500002980232239}"
192432,1,1262.3,1262.3,False,1.0,"{""inversion_rho"":null,""inversion_channel"":7.0,""period_ms"":21.600008010864258}"
192432,1,1281.2001,1281.2001,False,1.0,"{""inversion_rho"":null,""inversion_channel"":31.5,""period_ms"":21.600008010864258}"
192432,1,1328.1,1328.1,False,1.0,"{""inversion_rho"":null,""inversion_channel"":3.5,""period_ms"":21.600008010864258}"
192432,1,1349.7,1349.7,False,1.0,"{""inversion_rho"":null,""inversion_channel"":5.5,""period_ms"":21.600008010864258}"
192432,1,1423.1,1423.1,False,0.25,"{""inversion_rho"":null,""inversion_channel"":4.5,""period_ms"":null}"
192432,1,1663.3,1663.3,False,0.75,"{""inversion_rho"":null,""inversion_channel"":6.5,""period_ms"":null}"
192432,1,1673.6,1673.6,False,0.875,"{""inversion_rho"":null,""inversion_channel"":32.5,""period_ms"":50.24999380111694}"
192432,1,1694.2,1694.2,False,0.5,"{""inversion_rho"":null,""inversion_channel"":21.5,""period_ms"":50.24999380111694}"
192432,1,1714.6,1714.6,False,0.875,"{""inversion_rho"":null,""inversion_channel"":29.5,""period_ms"":50.24999380111694}"
192432,1,1760.4001,1760.4001,False,1.0,"{""inversion_rho"":null,""inversion_channel"":9.5,""period_ms"":50.24999380111694}"
192432,1,1815.1,1815.1,False,0.25,"{""inversion_rho"":null,""inversion_channel"":15.0,""period_ms"":50.24999380111694}"
192432,1,1937.4,1937.4,False,1.0,"{""inversion_rho"":null,""inversion_channel"":14.5,""period_ms"":50.24999380111694}"
192432,1,1997.9,1997.9,False,1.0,"{""inversion_rho"":null,""inversion_channel"":9.5,""period_ms"":50.24999380111694}"
192432,1,2003.9001,2003.9001,False,0.375,"{""inversion_rho"":null,""inversion_channel"":11.5,""period_ms"":9.799957275390625}"
192432,1,2014.2,2014.2,False,1.0,"{""inversion_rho"":null,""inversion_channel"":12.5,""period_ms"":9.799957275390625}"
192432,1,2022.7001,2022.7001,False,0.375,"{""inversion_rho"":null,""inversion_channel"":11.5,""period_ms"":9.799957275390625}"
192432,1,2043.9,2043.9,False,1.0,"{""inversion_rho"":null,""inversion_channel"":12.5,""period_ms"":9.799957275390625}"
192432,1,2053.7,2053.7,False,0.375,"{""inversion_rho"":null,""inversion_channel"":12.5,""period_ms"":9.799957275390625}"
192432,1,2058.8,2058.8,False,1.0,"{""inversion_rho"":null,""inversion_channel"":12.5,""period_ms"":9.799957275390625}"
192432,1,2192.1999,2192.1999,False,1.0,"{""inversion_rho"":null,""inversion_channel"":9.5,""period_ms"":11.399984359741211}"
192432,1,2212.8,2212.8,False,0.5,"{""inversion_rho"":null,""inversion_channel"":26.0,""period_ms"":11.399984359741211}"
192432,1,2224.2,2224.2,False,1.0,"{""inversion_rho"":null,""inversion_channel"":35.0,""period_ms"":11.399984359741211}"
192432,1,2231.1001,2231.1001,False,0.5,"{""inversion_rho"":null,""inversion_channel"":33.5,""period_ms"":11.399984359741211}"
192432,1,2250.5,2250.5,False,0.875,"{""inversion_rho"":null,""inversion_channel"":27.5,""period_ms"":76.6000747680664}"
192432,1,2318.9001,2318.9001,False,1.0,"{""inversion_rho"":null,""inversion_channel"":10.5,""period_ms"":76.6000747680664}"
192432,1,2403.7001,2403.7001,False,0.75,"{""inversion_rho"":null,""inversion_channel"":5.5,""period_ms"":76.6000747680664}"
192432,1,41.7,157.9,True,1.0,"{""inversion_rho"":null,""inversion_channel"":7.5,""period_ms"":12.500002980232239}"
192432,1,1262.3,1349.7,True,1.0,"{""inversion_rho"":null,""inversion_channel"":6.25,""period_ms"":21.600008010864258}"
192432,1,1673.6,1997.9,True,1.0,"{""inversion_rho"":null,""inversion_channel"":15.0,""period_ms"":50.24999380111694}"
192432,1,2003.9001,2058.8,True,1.0,"{""inversion_rho"":null,""inversion_channel"":12.5,""period_ms"":9.799957275390625}"
192432,1,2192.1999,2231.1001,True,1.0,"{""inversion_rho"":null,""inversion_channel"":29.75,""period_ms"":11.399984359741211}"
192432,1,2250.5,2403.7001,True,1.0,"{""inversion_rho"":null,""inversion_channel"":10.5,""period_ms"":76.6000747680664}"
192433,1,142.0,142.0,False,0.25,"{""inversion_rho"":null,""inversion_channel"":38.0,""period_ms"":null}"
192433,1,157.9,157.9,False,1.0,"{""inversion_rho"":null,""inversion_channel"":11.5,""period_ms"":null}"
192433,1,394.6,394.6,False,0.25,"{""inversion_rho"":null,""inversion_channel"":7.5,""period_ms"":null}"
192433,1,417.1,417.1,False,1.0,"{""inversion_rho"":null,""inversion_channel"":20.5,""period_ms"":null}"
192433,1,507.7,507.7,False,1.0,"{""inversion_rho"":null,""inversion_channel"":19.0,""period_ms"":28.199970722198486}"
192433,1,527.8,527.8,False,0.625,"{""inversion_rho"":null,""inversion_channel"":18.5,""period_ms"":28.199970722198486}"
192433,1,556.0,556.0,False,0.875,"{""inversion_rho"":null,""inversion_channel"":18.5,""period_ms"":28.199970722198486}"
192433,1,593.0,593.0,False,0.875,"{""inversion_rho"":null,""inversion_channel"":17.5,""period_ms"":28.199970722198486}"
192433,1,635.8,635.8,False,1.0,"{""inversion_rho"":null,""inversion_channel"":19.0,""period_ms"":28.199970722198486}"
192433,1,662.5,662.5,False,1.0,"{""inversion_rho"":null,""inversion_channel"":16.5,""period_ms"":28.199970722198486}"
192433,1,711.2,711.2,False,1.0,"{""inversion_rho"":null,""inversion_channel"":18.5,""period_ms"":28.199970722198486}"
192433,1,736.2,736.2,False,1.0,"{""inversion_rho"":null,""inversion_channel"":16.5,""period_ms"":28.199970722198486}"
192433,1,803.5,803.5,False,1.0,"{""inversion_rho"":null,""inversion_channel"":16.5,""period_ms"":62.55000829696655}"
192433,1,870.1,870.1,False,1.0,"{""inversion_rho"":null,""inversion_channel"":16.5,""period_ms"":62.55000829696655}"
192433,1,928.6,928.6,False,0.75,"{""inversion_rho"":null,""inversion_channel"":18.0,""period_ms"":62.55000829696655}"
192433,1,941.3,941.3,False,1.0,"{""inversion_rho"":null,""inversion_channel"":6.5,""period_ms"":null}"
192433,1,988.9,988.9,False,1.0,"{""inversion_rho"":null,""inversion_channel"":35.0,""period_ms"":null}"
192433,1,1114.1,1114.1,False,1.0,"{""inversion_rho"":null,""inversion_channel"":17.5,""period_ms"":23.69999885559082}"
192433,1,1130.6,1130.6,False,1.0,"{""inversion_rho"":null,""inversion_channel"":18.5,""period_ms"":23.69999885559082}"
192433,1,1161.5,1161.5,False,0.375,"{""inversion_rho"":null,""inversion_channel"":4.5,""period_ms"":23.69999885559082}"
192433,1,1173.4999,1173.4999,False,0.875,"{""inversion_rho"":null,""inversion_channel"":21.5,""period_ms"":16.700029373168945}"
192433,1,1190.3,1190.3,False,0.25,"{""inversion_rho"":null,""inversion_channel"":21.5,""period_ms"":16.700029373168945}"
192433,1,1206.9,1206.9,False,1.0,"{""inversion_rho"":null,""inversion_channel"":39.0,""period_ms"":16.700029373168945}"
192433,1,1212.8,1212.8,False,0.5,"{""inversion_rho"":null,""inversion_channel"":24.0,""period_ms"":7.3999762535095215}"
192433,1,1221.6001,1221.6001,False,0.75,"{""inversion_rho"":null,""inversion_channel"":6.5,""period_ms"":7.3999762535095215}"
192433,1,1227.6,1227.6,False,1.0,"{""inversion_rho"":null,""inversion_channel"":2.5,""period_ms"":7.3999762535095215}"
192433,1,1242.9,1242.9,False,1.0,"{""inversion_rho"":null,""inversion_channel"":33.0,""period_ms"":12.049973011016846}"
192433,1,1271.9001,1271.9001,False,1.0,"{""inversion_rho"":null,""inversion_channel"":8.5,""period_ms"":12.049973011016846}"
192433,1,1284.2,1284.2,False,1.0,"{""inversion_rho"":null,""inversion_channel"":27.5,""period_ms"":12.049973011016846}"
192433,1,1296.0,1296.0,False,0.75,"{""inversion_rho"":null,""inversion_channel"":9.5,""period_ms"":12.049973011016846}"
192433,1,1307.5,1307.5,False,1.0,"{""inversion_rho"":null,""inversion_channel"":20.0,""period_ms"":12.049973011016846}"
192433,1,1445.9,1445.9,False,0.625,"{""inversion_rho"":null,""inversion_channel"":4.5,""period_ms"":null}"
192433,1,1461.7,1461.7,False,0.625,"{""inversion_rho"":null,""inversion_channel"":5.5,""period_ms"":null}"
192433,1,1563.1,1563.1,False,0.625,"{""inversion_rho"":null,""inversion_channel"":39.5,""period_ms"":17.099976539611816}"
192433,1,1585.4,1585.4,False,1.0,"{""inversion_rho"":null,""inversion_channel"":11.5,""period_ms"":17.099976539611816}"
192433,1,1602.5,1602.5,False,0.25,"{""inversion_rho"":null,""inversion_channel"":8.0,""period_ms"":17.099976539611816}"
192433,1,1615.2,1615.2,False,1.0,"{""inversion_rho"":null,""inversion_channel"":12.5,""period_ms"":17.099976539611816}"
192433,1,1681.8,1681.8,False,1.0,"{""inversion_rho"":null,""inversion_channel"":11.5,""period_ms"":null}"
192433,1,1752.3,1752.3,False,0.625,"{""inversion_rho"":null,""inversion_channel"":7.5,""period_ms"":null}"
192433,1,2050.8001,2050.8001,False,1.0,"{""inversion_rho"":null,""inversion_channel"":10.5,""period_ms"":40.94994068145752}"
192433,1,2104.7001,2104.7001,False,0.875,"{""inversion_rho"":null,""inversion_channel"":12.5,""period_ms"":40.94994068145752}"
192433,1,2163.3999,2163.3999,False,1.0,"{""inversion_rho"":null,""inversion_channel"":12.5,""period_ms"":40.94994068145752}"
192433,1,2190.9001,2190.9001,False,1.0,"{""inversion_rho"":null,""inversion_channel"":12.5,""period_ms"":40.94994068145752}"
192433,1,2218.9,2218.9,False,0.75,"{""inversion_rho"":null,""inversion_channel"":12.5,""period_ms"":40.94994068145752}"
192433,1,2315.5,2315.5,False,1.0,"{""inversion_rho"":null,""inversion_channel"":10.5,""period_ms"":null}"
192433,1,2341.9001,2341.9001,False,1.0,"{""inversion_rho"":null,""inversion_channel"":11.5,""period_ms"":null}"
192433,1,2412.4,2412.4,False,0.5,"{""inversion_rho"":null,""inversion_channel"":5.5,""period_ms"":null}"
192433,1,2536.5,2536.5,False,1.0,"{""inversion_rho"":null,""inversion_channel"":11.5,""period_ms"":null}"
192433,1,2583.1001,2583.1001,False,0.25,"{""inversion_rho"":null,""inversion_channel"":5.5,""period_ms"":null}"
192433,1,2605.6001,2605.6001,False,0.375,"{""inversion_rho"":null,""inversion_channel"":24.5,""period_ms"":null}"
192433,1,2612.7,2612.7,False,0.875,"{""inversion_rho"":null,""inversion_channel"":22.5,""period_ms"":10.450005531311035}"
192433,1,2621.7,2621.7,False,0.75,"{""inversion_rho"":null,""inversion_channel"":34.0,""period_ms"":10.450005531311035}"
192433,1,2633.6,2633.6,False,0.5,"{""inversion_rho"":null,""inversion_channel"":35.5,""period_ms"":10.450005531311035}"
192433,1,2732.8,2732.8,False,0.625,"{""inversion_rho"":null,""inversion_channel"":5.5,""period_ms"":null}"
192433,1,2761.8999,2761.8999,False,1.0,"{""inversion_rho"":null,""inversion_channel"":24.5,""period_ms"":null}"
192433,1,2771.8,2771.8,False,0.75,"{""inversion_rho"":null,""inversion_channel"":34.5,""period_ms"":9.099960327148438}"
192433,1,2780.9,2780.9,False,0.625,"{""inversion_rho"":null,""inversion_channel"":34.0,""period_ms"":9.099960327148438}"
192433,1,2786.0,2786.0,False,0.875,"{""inversion_rho"":null,""inversion_channel"":20.5,""period_ms"":9.099960327148438}"
192433,1,2795.7001,2795.7001,False,0.5,"{""inversion_rho"":null,""inversion_channel"":11.5,""period_ms"":9.099960327148438}"
192433,1,2891.2001,2891.2001,False,0.625,"{""inversion_rho"":null,""inversion_channel"":9.5,""period_ms"":null}"
192433,1,507.7,736.2,True,1.0,"{""inversion_rho"":null,""inversion_channel"":18.5,""period_ms"":28.199970722198486}"
192433,1,803.5,928.6,True,1.0,"{""inversion_rho"":null,""inversion_channel"":16.5,""period_ms"":62.55000829696655}"
192433,1,1114.1,1161.5,True,1.0,"{""inversion_rho"":null,""inversion_channel"":17.5,""period_ms"":23.69999885559082}"
192433,1,1173.4999,1206.9,True,1.0,"{""inversion_rho"":null,""inversion_channel"":21.5,""period_ms"":16.700029373168945}"
192433,1,1212.8,1227.6,True,1.0,"{""inversion_rho"":null,""inversion_channel"":6.5,""period_ms"":7.3999762535095215}"
192433,1,1242.9,1307.5,True,1.0,"{""inversion_rho"":null,""inversion_channel"":20.0,""period_ms"":12.049973011016846}"
192433,1,1563.1,1615.2,True,1.0,"{""inversion_rho"":null,""inversion_channel"":12.0,""period_ms"":17.099976539611816}"
192433,1,2050.8001,2218.9,True,1.0,"{""inversion_rho"":null,""inversion_channel"":12.5,""period_ms"":40.94994068145752}"
192433,1,2612.7,2633.6,True,1.0,"{""inversion_rho"":null,""inversion_channel"":34.0,""period_ms"":10.450005531311035}"
192433,1,2771.8,2795.7001,True,1.0,"{""inversion_rho"":null,""inversion_channel"":27.25,""period_ms"":9.099960327148438}"
192434,1,43.8,43.8,False,0.625,"{""inversion_rho"":null,""inversion_channel"":8.5,""period_ms"":8.949998766183853}"
192434,1,52.2,52.2,False,0.875,"{""inversion_rho"":null,""inversion_channel"":7.5,""period_ms"":8.949998766183853}"
192434,1,64.0,64.0,False,1.0,"{""inversion_rho"":null,""inversion_channel"":6.5,""period_ms"":8.949998766183853}"
192434,1,69.9,69.9,False,0.75,"{""inversion_rho"":null,""inversion_channel"":10.5,""period_ms"":8.949998766183853}"
192434,1,79.2,79.2,False,1.0,"{""inversion_rho"":null,""inversion_channel"":6.5,""period_ms"":8.949998766183853}"
192434,1,85.4,85.4,False,1.0,"{""inversion_rho"":null,""inversion_channel"":6.5,""period_ms"":8.949998766183853}"
192434,1,90.7,90.7,False,0.5,"{""inversion_rho"":null,""inversion_channel"":10.5,""period_ms"":8.949998766183853}"
192434,1,96.1,96.1,False,0.5,"{""inversion_rho"":null,""inversion_channel"":10.5,""period_ms"":8.949998766183853}"
192434,1,103.4,103.4,False,1.0,"{""inversion_rho"":null,""inversion_channel"":7.5,""period_ms"":8.949998766183853}"
192434,1,111.1,111.1,False,1.0,"{""inversion_rho"":null,""inversion_channel"":5.5,""period_ms"":8.949998766183853}"
192434,1,125.7,125.7,False,1.0,"{""inversion_rho"":null,""inversion_channel"":8.5,""period_ms"":8.949998766183853}"
192434,1,134.3,134.3,False,1.0,"{""inversion_rho"":null,""inversion_channel"":9.5,""period_ms"":8.949998766183853}"
192434,1,145.1,145.1,False,0.75,"{""inversion_rho"":null,""inversion_channel"":6.5,""period_ms"":8.949998766183853}"
192434,1,164.5,164.5,False,0.5,"{""inversion_rho"":null,""inversion_channel"":8.5,""period_ms"":8.949998766183853}"
192434,1,178.2,178.2,False,1.0,"{""inversion_rho"":null,""inversion_channel"":7.5,""period_ms"":8.949998766183853}"
192434,1,195.4,195.4,False,0.875,"{""inversion_rho"":null,""inversion_channel"":7.5,""period_ms"":8.949998766183853}"
192434,1,209.2,209.2,False,0.25,"{""inversion_rho"":null,""inversion_channel"":9.5,""period_ms"":8.949998766183853}"
192434,1,246.1,246.1,False,0.75,"{""inversion_rho"":null,""inversion_channel"":6.5,""period_ms"":12.99998164176941}"
192434,1,265.8,265.8,False,0.625,"{""inversion_rho"":null,""inversion_channel"":7.5,""period_ms"":12.99998164176941}"
192434,1,284.9,284.9,False,1.0,"{""inversion_rho"":null,""inversion_channel"":10.5,""period_ms"":12.99998164176941}"
192434,1,297.9,297.9,False,0.25,"{""inversion_rho"":null,""inversion_channel"":37.5,""period_ms"":12.99998164176941}"
192434,1,303.5,303.5,False,0.5,"{""inversion_rho"":null,""inversion_channel"":16.5,""period_ms"":12.99998164176941}"
192434,1,313.0,313.0,False,0.25,"{""inversion_rho"":null,""inversion_channel"":2.0,""period_ms"":12.99998164176941}"
192434,1,324.4,324.4,False,1.0,"{""inversion_rho"":null,""inversion_channel"":24.5,""period_ms"":12.99998164176941}"
192434,1,351.6,351.6,False,0.875,"{""inversion_rho"":null,""inversion_channel"":8.5,""period_ms"":12.99998164176941}"
192434,1,546.4,546.4,False,0.5,"{""inversion_rho"":null,""inversion_channel"":25.0,""period_ms"":46.59998416900635}"
192434,1,666.2,666.2,False,1.0,"{""inversion_rho"":null,""inversion_channel"":18.5,""period_ms"":46.59998416900635}"
192434,1,720.7,720.7,False,1.0,"{""inversion_rho"":null,""inversion_channel"":19.0,""period_ms"":46.59998416900635}"
192434,1,767.3,767.3,False,1.0,"{""inversion_rho"":null,""inversion_channel"":20.5,""period_ms"":46.59998416900635}"
192434,1,819.4,819.4,False,1.0,"{""inversion_rho"":null,""inversion_channel"":18.5,""period_ms"":46.59998416900635}"
192434,1,874.3,874.3,False,1.0,"{""inversion_rho"":null,""inversion_channel"":19.5,""period_ms"":46.59998416900635}"
192434,1,906.8,906.8,False,1.0,"{""inversion_rho"":null,""inversion_channel"":1.5,""period_ms"":46.59998416900635}"
192434,1,932.1,932.1,False,1.0,"{""inversion_rho"":null,""inversion_channel"":17.5,""period_ms"":46.59998416900635}"
192434,1,954.4,954.4,False,1.0,"{""inversion_rho"":null,""inversion_channel"":1.5,""period_ms"":46.59998416900635}"
192434,1,984.6,984.6,False,1.0,"{""inversion_rho"":null,""inversion_channel"":17.5,""period_ms"":46.59998416900635}"
192434,1,1098.7,1098.7,False,1.0,"{""inversion_rho"":null,""inversion_channel"":1.5,""period_ms"":23.24998378753662}"
192434,1,1125.7,1125.7,False,1.0,"{""inversion_rho"":null,""inversion_channel"":2.5,""period_ms"":23.24998378753662}"
192434,1,1145.2,1145.2,False,1.0,"{""inversion_rho"":null,""inversion_channel"":6.0,""period_ms"":23.24998378753662}"
192434,1,1196.1,1196.1,False,1.0,"{""inversion_rho"":null,""inversion_channel"":20.5,""period_ms"":12.000024318695068}"
192434,1,1208.4,1208.4,False,0.375,"{""inversion_rho"":null,""inversion_channel"":19.5,""period_ms"":12.000024318695068}"
192434,1,1220.1,1220.1,False,1.0,"{""inversion_rho"":null,""inversion_channel"":20.0,""period_ms"":12.000024318695068}"
192434,1,1234.7,1234.7,False,1.0,"{""inversion_rho"":null,""inversion_channel"":20.5,""period_ms"":12.000024318695068}"
192434,1,1244.6001,1244.6001,False,1.0,"{""inversion_rho"":null,""inversion_channel"":19.5,""period_ms"":12.000024318695068}"
192434,1,1299.8,1299.8,False,1.0,"{""inversion_rho"":null,""inversion_channel"":19.5,""period_ms"":10.399997234344482}"
192434,1,1310.7001,1310.7001,False,1.0,"{""inversion_rho"":null,""inversion_channel"":20.0,""period_ms"":10.399997234344482}"
192434,1,1322.1999,1322.1999,False,1.0,"{""inversion_rho"":null,""inversion_channel"":32.5,""period_ms"":10.399997234344482}"
192434,1,1330.2,1330.2,False,0.75,"{""inversion_rho"":null,""inversion_channel"":4.5,""period_ms"":10.399997234344482}"
192434,1,1338.4,1338.4,False,1.0,"{""inversion_rho"":null,""inversion_channel"":39.5,""period_ms"":10.399997234344482}"
192434,1,1348.3,1348.3,False,1.0,"{""inversion_rho"":null,""inversion_channel"":27.0,""period_ms"":10.399997234344482}"
192434,1,1371.0001,1371.0001,False,0.5,"{""inversion_rho"":null,""inversion_channel"":27.5,""period_ms"":10.399997234344482}"
192434,1,1379.5,1379.5,False,1.0,"{""inversion_rho"":null,""inversion_channel"":27.5,""period_ms"":10.800004005432129}"
192434,1,1391.8,1391.8,False,1.0,"{""inversion_rho"":null,""inversion_channel"":4.5,""period_ms"":10.800004005432129}"
192434,1,1402.6,1402.6,False,1.0,"{""inversion_rho"":null,""inversion_channel"":11.5,""period_ms"":10.800004005432129}"
192434,1,1408.5,1408.5,False,0.375,"{""inversion_rho"":null,""inversion_channel"":25.5,""period_ms"":10.800004005432129}"
192434,1,1451.6,1451.6,False,0.75,"{""inversion_rho"":null,""inversion_channel"":9.0,""period_ms"":21.80004119873047}"
192434,1,1460.7,1460.7,False,1.0,"{""inversion_rho"":null,""inversion_channel"":13.5,""period_ms"":21.80004119873047}"
192434,1,1476.3,1476.3,False,1.0,"{""inversion_rho"":null,""inversion_channel"":10.5,""period_ms"":21.80004119873047}"
192434,1,1491.6,1491.6,False,1.0,"{""inversion_rho"":null,""inversion_channel"":23.0,""period_ms"":21.80004119873047}"
192434,1,1505.3,1505.3,False,1.0,"{""inversion_rho"":null,""inversion_channel"":18.5,""period_ms"":21.80004119873047}"
192434,1,1537.9,1537.9,False,1.0,"{""inversion_rho"":null,""inversion_channel"":10.5,""period_ms"":21.80004119873047}"
192434,1,1559.7,1559.7,False,0.375,"{""inversion_rho"":null,""inversion_channel"":41.5,""period_ms"":21.80004119873047}"
192434,1,1583.4,1583.4,False,1.0,"{""inversion_rho"":null,""inversion_channel"":3.5,""period_ms"":21.80004119873047}"
192434,1,1638.5,1638.5,False,1.0,"{""inversion_rho"":null,""inversion_channel"":4.5,""period_ms"":21.80004119873047}"
192434,1,1719.0,1719.0,False,1.0,"{""inversion_rho"":null,""inversion_channel"":4.5,""period_ms"":21.80004119873047}"
192434,1,1749.8,1749.8,False,0.75,"{""inversion_rho"":null,""inversion_channel"":8.5,""period_ms"":null}"
192434,1,1768.6,1768.6,False,1.0,"{""inversion_rho"":null,""inversion_channel"":3.5,""period_ms"":null}"
192434,1,1844.4999,1844.4999,False,0.625,"{""inversion_rho"":null,""inversion_channel"":4.5,""period_ms"":21.05003595352173}"
192434,1,1886.4,1886.4,False,1.0,"{""inversion_rho"":null,""inversion_channel"":6.5,""period_ms"":21.05003595352173}"
192434,1,1915.2,1915.2,False,0.25,"{""inversion_rho"":null,""inversion_channel"":4.0,""period_ms"":21.05003595352173}"
192434,1,1928.5001,1928.5001,False,0.375,"{""inversion_rho"":null,""inversion_channel"":6.5,""period_ms"":21.05003595352173}"
192434,1,1938.5999,1938.5999,False,0.75,"{""inversion_rho"":null,""inversion_channel"":3.5,""period_ms"":21.05003595352173}"
192434,1,1968.0001,1968.0001,False,0.875,"{""inversion_rho"":null,""inversion_channel"":9.5,""period_ms"":41.349947452545166}"
192434,1,2023.0999,2023.0999,False,0.875,"{""inversion_rho"":null,""inversion_channel"":5.0,""period_ms"":41.349947452545166}"
192434,1,2050.6999,2050.6999,False,1.0,"{""inversion_rho"":null,""inversion_channel"":2.5,""period_ms"":41.349947452545166}"
192434,1,2057.4,2057.4,False,1.0,"{""inversion_rho"":null,""inversion_channel"":2.5,""period_ms"":39.45004940032959}"
192434,1,2110.3001,2110.3001,False,0.75,"{""inversion_rho"":null,""inversion_channel"":2.5,""period_ms"":39.45004940032959}"
192434,1,2136.3001,2136.3001,False,0.375,"{""inversion_rho"":null,""inversion_channel"":6.5,""period_ms"":39.45004940032959}"
192434,1,2141.7,2141.7,False,0.875,"{""inversion_rho"":null,""inversion_channel"":4.5,""period_ms"":42.750000953674316}"
192434,1,2184.4001,2184.4001,False,1.0,"{""inversion_rho"":null,""inversion_channel"":3.5,""period_ms"":42.750000953674316}"
192434,1,2208.9,2208.9,False,1.0,"{""inversion_rho"":null,""inversion_channel"":4.5,""period_ms"":42.750000953674316}"
192434,1,2264.4,2264.4,False,1.0,"{""inversion_rho"":null,""inversion_channel"":3.5,""period_ms"":42.750000953674316}"
192434,1,2307.2,2307.2,False,1.0,"{""inversion_rho"":null,""inversion_channel"":3.5,""period_ms"":42.750000953674316}"
192434,1,2324.1999,2324.1999,False,0.25,"{""inversion_rho"":null,""inversion_channel"":4.5,""period_ms"":32.10020065307617}"
192434,1,2344.8999,2344.8999,False,0.25,"{""inversion_rho"":null,""inversion_channel"":7.5,""period_ms"":32.10020065307617}"
192434,1,2377.0001,2377.0001,False,0.375,"{""inversion_rho"":null,""inversion_channel"":4.5,""period_ms"":32.10020065307617}"
192434,1,2432.1001,2432.1001,False,1.0,"{""inversion_rho"":null,""inversion_channel"":2.5,""period_ms"":32.10020065307617}"
192434,1,2453.7001,2453.7001,False,0.625,"{""inversion_rho"":null,""inversion_channel"":8.0,""period_ms"":50.50003528594971}"
192434,1,2480.9999,2480.9999,False,0.75,"{""inversion_rho"":null,""inversion_channel"":4.5,""period_ms"":50.50003528594971}"
192434,1,2527.9,2527.9,False,1.0,"{""inversion_rho"":null,""inversion_channel"":4.5,""period_ms"":50.50003528594971}"
192434,1,2582.0,2582.0,False,1.0,"{""inversion_rho"":null,""inversion_channel"":4.5,""period_ms"":50.50003528594971}"
192434,1,2697.9001,2697.9001,False,0.25,"{""inversion_rho"":null,""inversion_channel"":7.0,""period_ms"":50.50003528594971}"
192434,1,2736.7001,2736.7001,False,1.0,"{""inversion_rho"":null,""inversion_channel"":1.5,""period_ms"":null}"
192434,1,2763.2999,2763.2999,False,0.875,"{""inversion_rho"":null,""inversion_channel"":3.5,""period_ms"":null}"
192434,1,2848.5999,2848.5999,False,1.0,"{""inversion_rho"":null,""inversion_channel"":11.0,""period_ms"":null}"
192434,1,3324.3001,3324.3001,False,1.0,"{""inversion_rho"":null,""inversion_channel"":2.5,""period_ms"":null}"
192434,1,3544.5001,3544.5001,False,1.0,"{""inversion_rho"":null,""inversion_channel"":2.5,""period_ms"":null}"
192434,1,5118.1002,5118.1002,False,1.0,"{""inversion_rho"":null,""inversion_channel"":1.5,""period_ms"":null}"
192434,1,5600.6999,5600.6999,False,1.0,"{""inversion_rho"":null,""inversion_channel"":17.5,""period_ms"":22.500038146972656}"
192434,1,5633.4,5633.4,False,1.0,"{""inversion_rho"":null,""inversion_channel"":17.5,""period_ms"":22.500038146972656}"
192434,1,5655.9,5655.9,False,1.0,"{""inversion_rho"":null,""inversion_channel"":18.5,""period_ms"":22.500038146972656}"
192434,1,5667.3999,5667.3999,False,1.0,"{""inversion_rho"":null,""inversion_channel"":21.5,""period_ms"":22.500038146972656}"
192434,1,5742.6,5742.6,False,1.0,"{""inversion_rho"":null,""inversion_channel"":14.5,""period_ms"":19.800186157226562}"
192434,1,5767.3001,5767.3001,False,1.0,"{""inversion_rho"":null,""inversion_channel"":13.5,""period_ms"":19.800186157226562}"
192434,1,5788.4998,5788.4998,False,1.0,"{""inversion_rho"":null,""inversion_channel"":13.5,""period_ms"":19.800186157226562}"
192434,1,5808.1002,5808.1002,False,1.0,"{""inversion_rho"":null,""inversion_channel"":12.5,""period_ms"":19.800186157226562}"
192434,1,5827.8999,5827.8999,False,1.0,"{""inversion_rho"":null,""inversion_channel"":12.0,""period_ms"":19.800186157226562}"
192434,1,5847.7001,5847.7001,False,1.0,"{""inversion_rho"":null,""inversion_channel"":11.5,""period_ms"":19.800186157226562}"
192434,1,5870.4,5870.4,False,1.0,"{""inversion_rho"":null,""inversion_channel"":11.0,""period_ms"":19.800186157226562}"
192434,1,5894.8002,5894.8002,False,1.0,"{""inversion_rho"":null,""inversion_channel"":10.5,""period_ms"":19.800186157226562}"
192434,1,5917.9001,5917.9001,False,1.0,"{""inversion_rho"":null,""inversion_channel"":9.5,""period_ms"":19.800186157226562}"
192434,1,5937.6001,5937.6001,False,1.0,"{""inversion_rho"":null,""inversion_channel"":9.5,""period_ms"":19.800186157226562}"
192434,1,5954.8001,5954.8001,False,1.0,"{""inversion_rho"":null,""inversion_channel"":8.5,""period_ms"":19.800186157226562}"
192434,1,5973.4001,5973.4001,False,0.875,"{""inversion_rho"":null,""inversion_channel"":5.5,""period_ms"":19.800186157226562}"
192434,1,6001.9999,6001.9999,False,0.625,"{""inversion_rho"":null,""inversion_channel"":34.5,""period_ms"":19.800186157226562}"
192434,1,6014.9002,6014.9002,False,1.0,"{""inversion_rho"":null,""inversion_channel"":31.5,""period_ms"":19.800186157226562}"
192434,1,43.8,209.2,True,1.0,"{""inversion_rho"":null,""inversion_channel"":7.5,""period_ms"":8.949998766183853}"
192434,1,246.1,351.6,True,1.0,"{""inversion_rho"":null,""inversion_channel"":9.5,""period_ms"":12.99998164176941}"
192434,1,546.4,984.6,True,1.0,"{""inversion_rho"":null,""inversion_channel"":18.5,""period_ms"":46.59998416900635}"
192434,1,1098.7,1145.2,True,1.0,"{""inversion_rho"":null,""inversion_channel"":2.5,""period_ms"":23.24998378753662}"
192434,1,1196.1,1244.6001,True,1.0,"{""inversion_rho"":null,""inversion_channel"":20.0,""period_ms"":12.000024318695068}"
192434,1,1299.8,1371.0001,True,1.0,"{""inversion_rho"":null,""inversion_channel"":27.0,""period_ms"":10.399997234344482}"
192434,1,1379.5,1408.5,True,1.0,"{""inversion_rho"":null,""inversion_channel"":18.5,""period_ms"":10.800004005432129}"
192434,1,1451.6,1719.0,True,1.0,"{""inversion_rho"":null,""inversion_channel"":10.5,""period_ms"":21.80004119873047}"
192434,1,1844.4999,1938.5999,True,1.0,"{""inversion_rho"":null,""inversion_channel"":4.5,""period_ms"":21.05003595352173}"
192434,1,1968.0001,2050.6999,True,1.0,"{""inversion_rho"":null,""inversion_channel"":5.0,""period_ms"":41.349947452545166}"
192434,1,2057.4,2136.3001,True,1.0,"{""inversion_rho"":null,""inversion_channel"":2.5,""period_ms"":39.45004940032959}"
192434,1,2141.7,2307.2,True,1.0,"{""inversion_rho"":null,""inversion_channel"":3.5,""period_ms"":42.750000953674316}"
192434,1,2324.1999,2432.1001,True,1.0,"{""inversion_rho"":null,""inversion_channel"":4.5,""period_ms"":32.10020065307617}"
192434,1,2453.7001,2697.9001,True,1.0,"{""inversion_rho"":null,""inversion_channel"":4.5,""period_ms"":50.50003528594971}"
192434,1,5600.6999,5667.3999,True,1.0,"{""inversion_rho"":null,""inversion_channel"":18.0,""period_ms"":22.500038146972656}"
192434,1,5742.6,6014.9002,True,1.0,"{""inversion_rho"":null,""inversion_channel"":11.75,""period_ms"":19.800186157226562}"
192721,1,55.0,55.0,False,0.625,"{""inversion_rho"":null,""inversion_channel"":7.0,""period_ms"":17.949998378753662}"
192721,1,66.5,66.5,False,1.0,"{""inversion_rho"":null,""inversion_channel"":8.5,""period_ms"":17.949998378753662}"
192721,1,90.9,90.9,False,1.0,"{""inversion_rho"":null,""inversion_channel"":7.5,""period_ms"":17.949998378753662}"
192721,1,1427.9,1427.9,False,1.0,"{""inversion_rho"":null,""inversion_channel"":9.5,""period_ms"":null}"
192721,1,1697.1999,1697.1999,False,0.375,"{""inversion_rho"":null,""inversion_channel"":24.0,""period_ms"":null}"
192721,1,1720.1999,1720.1999,False,0.375,"{""inversion_rho"":null,""inversion_channel"":6.5,""period_ms"":null}"
192721,1,1850.0,1850.0,False,0.25,"{""inversion_rho"":null,""inversion_channel"":11.5,""period_ms"":null}"
192721,1,1971.1,1971.1,False,0.5,"{""inversion_rho"":null,""inversion_channel"":5.5,""period_ms"":null}"
192721,1,1992.6,1992.6,False,1.0,"{""inversion_rho"":null,""inversion_channel"":22.0,""period_ms"":null}"
192721,1,2004.6999,2004.6999,False,1.0,"{""inversion_rho"":null,""inversion_channel"":20.5,""period_ms"":null}"
192721,1,2113.8,2113.8,False,0.25,"{""inversion_rho"":null,""inversion_channel"":11.5,""period_ms"":null}"
192721,1,2240.5,2240.5,False,1.0,"{""inversion_rho"":null,""inversion_channel"":4.5,""period_ms"":null}"
192721,1,2259.7001,2259.7001,False,1.0,"{""inversion_rho"":null,""inversion_channel"":22.0,""period_ms"":35.34996509552002}"
192721,1,2285.5,2285.5,False,1.0,"{""inversion_rho"":null,""inversion_channel"":20.5,""period_ms"":35.34996509552002}"
192721,1,2330.4,2330.4,False,0.25,"{""inversion_rho"":null,""inversion_channel"":34.5,""period_ms"":35.34996509552002}"
192721,1,2443.5,2443.5,False,0.375,"{""inversion_rho"":null,""inversion_channel"":8.5,""period_ms"":null}"
192721,1,2457.5,2457.5,False,0.375,"{""inversion_rho"":null,""inversion_channel"":36.0,""period_ms"":null}"
192721,1,2518.5001,2518.5001,False,1.0,"{""inversion_rho"":null,""inversion_channel"":11.5,""period_ms"":10.799884796142578}"
192721,1,2529.3,2529.3,False,0.625,"{""inversion_rho"":null,""inversion_channel"":5.5,""period_ms"":10.799884796142578}"
192721,1,2543.2,2543.2,False,1.0,"{""inversion_rho"":null,""inversion_channel"":10.5,""period_ms"":10.799884796142578}"
192721,1,2550.0,2550.0,False,1.0,"{""inversion_rho"":null,""inversion_channel"":11.5,""period_ms"":10.799884796142578}"
192721,1,2681.2,2681.2,False,1.0,"{""inversion_rho"":null,""inversion_channel"":6.5,""period_ms"":61.100006103515625}"
192721,1,2712.5001,2712.5001,False,0.875,"{""inversion_rho"":null,""inversion_channel"":19.0,""period_ms"":61.100006103515625}"
192721,1,2773.6001,2773.6001,False,1.0,"{""inversion_rho"":null,""inversion_channel"":9.5,""period_ms"":61.100006103515625}"
192721,1,2849.2,2849.2,False,1.0,"{""inversion_rho"":null,""inversion_channel"":11.5,""period_ms"":61.100006103515625}"
192721,1,2861.5,2861.5,False,0.75,"{""inversion_rho"":null,""inversion_channel"":5.5,""period_ms"":17.800092697143555}"
192721,1,2879.3001,2879.3001,False,1.0,"{""inversion_rho"":null,""inversion_channel"":29.5,""period_ms"":17.800092697143555}"
192721,1,2888.7,2888.7,False,1.0,"{""inversion_rho"":null,""inversion_channel"":11.5,""period_ms"":17.800092697143555}"
192721,1,2907.5,2907.5,False,0.5,"{""inversion_rho"":null,""inversion_channel"":22.0,""period_ms"":17.800092697143555}"
192721,1,2971.1001,2971.1001,False,1.0,"{""inversion_rho"":null,""inversion_channel"":5.5,""period_ms"":null}"
192721,1,3056.9,3056.9,False,0.625,"{""inversion_rho"":null,""inversion_channel"":10.5,""period_ms"":null}"
192721,1,3084.0001,3084.0001,False,1.0,"{""inversion_rho"":null,""inversion_channel"":14.5,""period_ms"":null}"
192721,1,3243.2001,3243.2001,False,1.0,"{""inversion_rho"":null,""inversion_channel"":5.5,""period_ms"":null}"
192721,1,3259.3999,3259.3999,False,0.75,"{""inversion_rho"":null,""inversion_channel"":31.5,""period_ms"":null}"
192721,1,3425.6999,3425.6999,False,0.5,"{""inversion_rho"":null,""inversion_channel"":4.5,""period_ms"":null}"
192721,1,3436.8,3436.8,False,0.875,"{""inversion_rho"":null,""inversion_channel"":25.0,""period_ms"":null}"
192721,1,3499.0001,3499.0001,False,1.0,"{""inversion_rho"":null,""inversion_channel"":6.5,""period_ms"":null}"
192721,1,3691.0999,3691.0999,False,1.0,"{""inversion_rho"":null,""inversion_channel"":7.0,""period_ms"":15.000104904174805}"
192721,1,3709.0001,3709.0001,False,0.5,"{""inversion_rho"":null,""inversion_channel"":27.5,""period_ms"":15.000104904174805}"
192721,1,3721.1001,3721.1001,False,1.0,"{""inversion_rho"":null,""inversion_channel"":22.5,""period_ms"":15.000104904174805}"
192721,1,3752.8,3752.8,False,0.75,"{""inversion_rho"":null,""inversion_channel"":20.5,""period_ms"":10.600090026855469}"
192721,1,3762.7001,3762.7001,False,0.625,"{""inversion_rho"":null,""inversion_channel"":34.0,""period_ms"":10.600090026855469}"
192721,1,3787.4,3787.4,False,0.75,"{""inversion_rho"":null,""inversion_channel"":20.0,""period_ms"":10.600090026855469}"
192721,1,3799.3,3799.3,False,0.5,"{""inversion_rho"":null,""inversion_channel"":19.5,""period_ms"":10.600090026855469}"
192721,1,3809.9,3809.9,False,0.375,"{""inversion_rho"":null,""inversion_channel"":23.5,""period_ms"":10.600090026855469}"
192721,1,3819.7999,3819.7999,False,1.0,"{""inversion_rho"":null,""inversion_channel"":31.5,""period_ms"":10.600090026855469}"
192721,1,3862.6001,3862.6001,False,1.0,"{""inversion_rho"":null,""inversion_channel"":18.5,""period_ms"":77.14998722076416}"
192721,1,3954.2,3954.2,False,1.0,"{""inversion_rho"":null,""inversion_channel"":10.0,""period_ms"":77.14998722076416}"
192721,1,4016.9001,4016.9001,False,1.0,"{""inversion_rho"":null,""inversion_channel"":12.0,""period_ms"":77.14998722076416}"
192721,1,4250.5002,4250.5002,False,0.375,"{""inversion_rho"":null,""inversion_channel"":5.5,""period_ms"":7.649898529052734}"
192721,1,4258.8,4258.8,False,0.375,"{""inversion_rho"":null,""inversion_channel"":25.5,""period_ms"":7.649898529052734}"
192721,1,4265.8,4265.8,False,0.5,"{""inversion_rho"":null,""inversion_channel"":23.0,""period_ms"":7.649898529052734}"
192721,1,4326.0002,4326.0002,False,1.0,"{""inversion_rho"":null,""inversion_channel"":20.0,""period_ms"":null}"
192721,1,4453.7001,4453.7001,False,1.0,"{""inversion_rho"":null,""inversion_channel"":19.0,""period_ms"":null}"
192721,1,4464.3002,4464.3002,False,0.375,"{""inversion_rho"":null,""inversion_channel"":16.5,""period_ms"":7.299900054931641}"
192721,1,4471.3001,4471.3001,False,0.625,"{""inversion_rho"":null,""inversion_channel"":26.5,""period_ms"":7.299900054931641}"
192721,1,4488.6999,4488.6999,False,1.0,"{""inversion_rho"":null,""inversion_channel"":37.0,""period_ms"":7.299900054931641}"
192721,1,4496.5,4496.5,False,0.75,"{""inversion_rho"":null,""inversion_channel"":16.5,""period_ms"":7.299900054931641}"
192721,1,4503.3998,4503.3998,False,0.875,"{""inversion_rho"":null,""inversion_channel"":19.0,""period_ms"":7.299900054931641}"
192721,1,4509.9001,4509.9001,False,0.5,"{""inversion_rho"":null,""inversion_channel"":36.0,""period_ms"":7.299900054931641}"
192721,1,4515.2998,4515.2998,False,1.0,"{""inversion_rho"":null,""inversion_channel"":15.5,""period_ms"":7.299900054931641}"
192721,1,4526.8002,4526.8002,False,1.0,"{""inversion_rho"":null,""inversion_channel"":21.0,""period_ms"":7.299900054931641}"
192721,1,4534.4,4534.4,False,1.0,"{""inversion_rho"":null,""inversion_channel"":20.0,""period_ms"":7.299900054931641}"
192721,1,4546.5999,4546.5999,False,0.5,"{""inversion_rho"":null,""inversion_channel"":20.5,""period_ms"":7.299900054931641}"
192721,1,4552.7,4552.7,False,0.625,"{""inversion_rho"":null,""inversion_channel"":24.0,""period_ms"":7.299900054931641}"
192721,1,4595.3999,4595.3999,False,0.25,"{""inversion_rho"":null,""inversion_channel"":17.5,""period_ms"":10.750055313110352}"
192721,1,4602.9,4602.9,False,0.5,"{""inversion_rho"":null,""inversion_channel"":5.5,""period_ms"":10.750055313110352}"
192721,1,4609.6001,4609.6001,False,0.25,"{""inversion_rho"":null,""inversion_channel"":24.0,""period_ms"":10.750055313110352}"
192721,1,4617.7001,4617.7001,False,1.0,"{""inversion_rho"":null,""inversion_channel"":27.5,""period_ms"":10.750055313110352}"
192721,1,4628.9001,4628.9001,False,1.0,"{""inversion_rho"":null,""inversion_channel"":27.5,""period_ms"":10.750055313110352}"
192721,1,4639.2002,4639.2002,False,1.0,"{""inversion_rho"":null,""inversion_channel"":25.5,""period_ms"":10.750055313110352}"
192721,1,4652.2002,4652.2002,False,1.0,"{""inversion_rho"":null,""inversion_channel"":24.5,""period_ms"":10.750055313110352}"
192721,1,4665.4,4665.4,False,0.625,"{""inversion_rho"":null,""inversion_channel"":36.5,""period_ms"":10.750055313110352}"
192721,1,4672.5998,4672.5998,False,0.75,"{""inversion_rho"":null,""inversion_channel"":25.5,""period_ms"":10.750055313110352}"
192721,1,4678.7,4678.7,False,0.875,"{""inversion_rho"":null,""inversion_channel"":26.0,""period_ms"":10.750055313110352}"
192721,1,4690.8998,4690.8998,False,1.0,"{""inversion_rho"":null,""inversion_channel"":24.5,""period_ms"":10.750055313110352}"
192721,1,4709.0001,4709.0001,False,0.5,"{""inversion_rho"":null,""inversion_channel"":27.5,""period_ms"":10.750055313110352}"
192721,1,4725.5001,4725.5001,False,0.875,"{""inversion_rho"":null,""inversion_channel"":22.0,""period_ms"":10.750055313110352}"
192721,1,4732.1,4732.1,False,0.75,"{""inversion_rho"":null,""inversion_channel"":27.5,""period_ms"":6.100177764892578}"
192721,1,4738.2002,4738.2002,False,1.0,"{""inversion_rho"":null,""inversion_channel"":21.5,""period_ms"":6.100177764892578}"
192721,1,4746.9001,4746.9001,False,0.75,"{""inversion_rho"":null,""inversion_channel"":25.5,""period_ms"":6.100177764892578}"
192721,1,4752.3999,4752.3999,False,0.625,"{""inversion_rho"":null,""inversion_channel"":23.5,""period_ms"":6.100177764892578}"
192721,1,4757.5998,4757.5998,False,0.5,"{""inversion_rho"":null,""inversion_channel"":20.5,""period_ms"":6.100177764892578}"
192721,1,4766.3002,4766.3002,False,0.75,"{""inversion_rho"":null,""inversion_channel"":24.0,""period_ms"":6.100177764892578}"
192721,1,4804.5998,4804.5998,False,0.625,"{""inversion_rho"":null,""inversion_channel"":24.0,""period_ms"":9.800195693969727}"
192721,1,4810.5001,4810.5001,False,0.5,"{""inversion_rho"":null,""inversion_channel"":27.5,""period_ms"":9.800195693969727}"
192721,1,4824.2002,4824.2002,False,0.75,"{""inversion_rho"":null,""inversion_channel"":25.5,""period_ms"":9.800195693969727}"
192721,1,4829.4001,4829.4001,False,0.5,"{""inversion_rho"":null,""inversion_channel"":24.5,""period_ms"":null}"
192721,1,4849.4,4849.4,False,1.0,"{""inversion_rho"":null,""inversion_channel"":25.5,""period_ms"":null}"
192721,1,4855.5999,4855.5999,False,0.875,"{""inversion_rho"":null,""inversion_channel"":23.0,""period_ms"":6.100177764892578}"
192721,1,4865.6001,4865.6001,False,0.375,"{""inversion_rho"":null,""inversion_channel"":19.0,""period_ms"":6.100177764892578}"
192721,1,4871.0999,4871.0999,False,0.625,"{""inversion_rho"":null,""inversion_channel"":21.5,""period_ms"":6.100177764892578}"
192721,1,4877.2001,4877.2001,False,0.75,"{""inversion_rho"":null,""inversion_channel"":24.5,""period_ms"":6.100177764892578}"
192721,1,4907.7001,4907.7001,False,0.875,"{""inversion_rho"":null,""inversion_channel"":23.0,""period_ms"":6.499767303466797}"
192721,1,4913.1999,4913.1999,False,0.875,"{""inversion_rho"":null,""inversion_channel"":25.5,""period_ms"":6.499767303466797}"
192721,1,4924.2001,4924.2001,False,0.75,"{""inversion_rho"":null,""inversion_channel"":21.5,""period_ms"":6.499767303466797}"
192721,1,4930.6998,4930.6998,False,0.625,"{""inversion_rho"":null,""inversion_channel"":25.0,""period_ms"":6.499767303466797}"
192721,1,4947.3,4947.3,False,0.375,"{""inversion_rho"":null,""inversion_channel"":24.5,""period_ms"":null}"
192721,1,4965.7998,4965.7998,False,0.875,"{""inversion_rho"":null,""inversion_channel"":23.5,""period_ms"":null}"
192721,1,4971.4999,4971.4999,False,1.0,"{""inversion_rho"":null,""inversion_channel"":25.5,""period_ms"":10.300159454345703}"
192721,1,4976.8,4976.8,False,0.625,"{""inversion_rho"":null,""inversion_channel"":20.0,""period_ms"":10.300159454345703}"
192721,1,4987.1001,4987.1001,False,0.75,"{""inversion_rho"":null,""inversion_channel"":23.5,""period_ms"":10.300159454345703}"
192721,1,4997.4999,4997.4999,False,0.75,"{""inversion_rho"":null,""inversion_channel"":21.0,""period_ms"":10.300159454345703}"
192721,1,5073.0,5073.0,False,0.625,"{""inversion_rho"":null,""inversion_channel"":29.0,""period_ms"":8.599996566772461}"
192721,1,5078.8999,5078.8999,False,0.625,"{""inversion_rho"":null,""inversion_channel"":28.5,""period_ms"":8.599996566772461}"
192721,1,5087.6999,5087.6999,False,0.625,"{""inversion_rho"":null,""inversion_channel"":30.0,""period_ms"":8.599996566772461}"
192721,1,5096.0999,5096.0999,False,0.625,"{""inversion_rho"":null,""inversion_channel"":28.0,""period_ms"":8.599996566772461}"
192721,1,5104.8999,5104.8999,False,0.75,"{""inversion_rho"":null,""inversion_channel"":28.0,""period_ms"":8.599996566772461}"
192721,1,5113.4,5113.4,False,1.0,"{""inversion_rho"":null,""inversion_channel"":6.5,""period_ms"":8.599996566772461}"
192721,1,5122.0999,5122.0999,False,0.875,"{""inversion_rho"":null,""inversion_channel"":29.5,""period_ms"":8.599996566772461}"
192721,1,5131.0,5131.0,False,1.0,"{""inversion_rho"":null,""inversion_channel"":10.5,""period_ms"":8.599996566772461}"
192721,1,5137.3,5137.3,False,0.75,"{""inversion_rho"":null,""inversion_channel"":12.5,""period_ms"":8.599996566772461}"
192721,1,55.0,90.9,True,1.0,"{""inversion_rho"":null,""inversion_channel"":7.5,""period_ms"":17.949998378753662}"
192721,1,2259.7001,2330.4,True,1.0,"{""inversion_rho"":null,""inversion_channel"":22.0,""period_ms"":35.34996509552002}"
192721,1,2518.5001,2550.0,True,1.0,"{""inversion_rho"":null,""inversion_channel"":11.0,""period_ms"":10.799884796142578}"
192721,1,2681.2,2849.2,True,1.0,"{""inversion_rho"":null,""inversion_channel"":10.5,""period_ms"":61.100006103515625}"
192721,1,2861.5,2907.5,True,1.0,"{""inversion_rho"":null,""inversion_channel"":16.75,""period_ms"":17.800092697143555}"
192721,1,3691.0999,3721.1001,True,1.0,"{""inversion_rho"":null,""inversion_channel"":22.5,""period_ms"":15.000104904174805}"
192721,1,3752.8,3819.7999,True,1.0,"{""inversion_rho"":null,""inversion_channel"":22.0,""period_ms"":10.600090026855469}"
192721,1,3862.6001,4016.9001,True,1.0,"{""inversion_rho"":null,""inversion_channel"":12.0,""period_ms"":77.14998722076416}"
192721,1,4250.5002,4265.8,True,1.0,"{""inversion_rho"":null,""inversion_channel"":23.0,""period_ms"":7.649898529052734}"
192721,1,4464.3002,4552.7,True,1.0,"{""inversion_rho"":null,""inversion_channel"":20.5,""period_ms"":7.299900054931641}"
192721,1,4595.3999,4725.5001,True,1.0,"{""inversion_rho"":null,""inversion_channel"":25.5,""period_ms"":10.750055313110352}"
192721,1,4732.1,4766.3002,True,1.0,"{""inversion_rho"":null,""inversion_channel"":23.75,""period_ms"":6.100177764892578}"
192721,1,4804.5998,4824.2002,True,1.0,"{""inversion_rho"":null,""inversion_channel"":25.5,""period_ms"":9.800195693969727}"
192721,1,4855.5999,4877.2001,True,1.0,"{""inversion_rho"":null,""inversion_channel"":22.25,""period_ms"":6.100177764892578}"
192721,1,4907.7001,4930.6998,True,1.0,"{""inversion_rho"":null,""inversion_channel"":24.0,""period_ms"":6.499767303466797}"
192721,1,4971.4999,4997.4999,True,1.0,"{""inversion_rho"":null,""inversion_channel"":22.25,""period_ms"":10.300159454345703}"
192721,1,5073.0,5137.3,True,1.0,"{""inversion_rho"":null,""inversion_channel"":28.0,""period_ms"":8.599996566772461}"
192732,1,49.7,49.7,False,0.25,"{""inversion_rho"":null,""inversion_channel"":4.5,""period_ms"":9.550001472234726}"
192732,1,56.8,56.8,False,0.375,"{""inversion_rho"":null,""inversion_channel"":4.5,""period_ms"":9.550001472234726}"
192732,1,68.8,68.8,False,0.875,"{""inversion_rho"":null,""inversion_channel"":8.5,""period_ms"":9.550001472234726}"
192732,1,99.1,99.1,False,1.0,"{""inversion_rho"":null,""inversion_channel"":8.5,""period_ms"":null}"
192732,1,3674.5,3674.5,False,0.875,"{""inversion_rho"":null,""inversion_channel"":13.5,""period_ms"":102.5000810623169}"
192732,1,3773.9,3773.9,False,0.375,"{""inversion_rho"":null,""inversion_channel"":11.5,""period_ms"":102.5000810623169}"
192732,1,3864.1,3864.1,False,1.0,"{""inversion_rho"":null,""inversion_channel"":10.5,""period_ms"":102.5000810623169}"
192732,1,3969.7001,3969.7001,False,0.375,"{""inversion_rho"":null,""inversion_channel"":7.5,""period_ms"":102.5000810623169}"
192732,1,4068.8,4068.8,False,0.75,"{""inversion_rho"":null,""inversion_channel"":12.5,""period_ms"":102.5000810623169}"
192732,1,4179.2002,4179.2002,False,1.0,"{""inversion_rho"":null,""inversion_channel"":7.5,""period_ms"":102.5000810623169}"
192732,1,4382.9999,4382.9999,False,0.5,"{""inversion_rho"":null,""inversion_channel"":12.5,""period_ms"":102.5000810623169}"
192732,1,4505.4998,4505.4998,False,0.375,"{""inversion_rho"":null,""inversion_channel"":6.5,""period_ms"":102.5000810623169}"
192732,1,4560.2999,4560.2999,False,1.0,"{""inversion_rho"":null,""inversion_channel"":26.0,""period_ms"":102.5000810623169}"
192732,1,4567.6999,4567.6999,False,0.25,"{""inversion_rho"":null,""inversion_channel"":26.0,""period_ms"":null}"
192732,1,4579.9999,4579.9999,False,0.875,"{""inversion_rho"":null,""inversion_channel"":10.5,""period_ms"":null}"
192732,1,4733.7999,4733.7999,False,0.25,"{""inversion_rho"":null,""inversion_channel"":26.0,""period_ms"":110.39996147155762}"
192732,1,4823.9002,4823.9002,False,0.875,"{""inversion_rho"":null,""inversion_channel"":12.5,""period_ms"":110.39996147155762}"
192732,1,4954.5999,4954.5999,False,1.0,"{""inversion_rho"":null,""inversion_channel"":21.5,""period_ms"":110.39996147155762}"
192732,1,4965.4002,4965.4002,False,1.0,"{""inversion_rho"":null,""inversion_channel"":26.0,""period_ms"":null}"
192732,1,5054.1,5054.1,False,1.0,"{""inversion_rho"":null,""inversion_channel"":10.5,""period_ms"":null}"
192732,1,5061.2001,5061.2001,False,0.5,"{""inversion_rho"":null,""inversion_channel"":27.0,""period_ms"":6.649971008300781}"
192732,1,5069.5,5069.5,False,0.25,"{""inversion_rho"":null,""inversion_channel"":42.5,""period_ms"":6.649971008300781}"
192732,1,5079.4001,5079.4001,False,0.25,"{""inversion_rho"":null,""inversion_channel"":24.5,""period_ms"":6.649971008300781}"
192732,1,5086.9002,5086.9002,False,0.375,"{""inversion_rho"":null,""inversion_channel"":27.5,""period_ms"":6.649971008300781}"
192732,1,5092.8001,5092.8001,False,0.75,"{""inversion_rho"":null,""inversion_channel"":30.5,""period_ms"":6.649971008300781}"
192732,1,5099.4,5099.4,False,1.0,"{""inversion_rho"":null,""inversion_channel"":10.5,""period_ms"":6.649971008300781}"
192732,1,5105.5999,5105.5999,False,0.75,"{""inversion_rho"":null,""inversion_channel"":30.0,""period_ms"":6.649971008300781}"
192732,1,5116.0002,5116.0002,False,1.0,"{""inversion_rho"":null,""inversion_channel"":12.0,""period_ms"":6.649971008300781}"
192732,1,5121.6998,5121.6998,False,0.75,"{""inversion_rho"":null,""inversion_channel"":30.5,""period_ms"":6.649971008300781}"
192732,1,5131.1998,5131.1998,False,1.0,"{""inversion_rho"":null,""inversion_channel"":12.5,""period_ms"":6.649971008300781}"
192732,1,5137.7001,5137.7001,False,0.5,"{""inversion_rho"":null,""inversion_channel"":25.0,""period_ms"":6.649971008300781}"
192732,1,5144.4001,5144.4001,False,0.75,"{""inversion_rho"":null,""inversion_channel"":23.0,""period_ms"":6.649971008300781}"
192732,1,5149.6,5149.6,False,0.625,"{""inversion_rho"":null,""inversion_channel"":22.0,""period_ms"":6.649971008300781}"
192732,1,5155.7002,5155.7002,False,1.0,"{""inversion_rho"":null,""inversion_channel"":11.5,""period_ms"":6.649971008300781}"
192732,1,5167.1,5167.1,False,0.25,"{""inversion_rho"":null,""inversion_channel"":31.5,""period_ms"":6.649971008300781}"
192732,1,49.7,68.8,True,1.0,"{""inversion_rho"":null,""inversion_channel"":4.5,""period_ms"":9.550001472234726}"
192732,1,3674.5,4560.2999,True,1.0,"{""inversion_rho"":null,""inversion_channel"":11.5,""period_ms"":102.5000810623169}"
192732,1,4733.7999,4954.5999,True,1.0,"{""inversion_rho"":null,""inversion_channel"":21.5,""period_ms"":110.39996147155762}"
192732,1,5061.2001,5167.1,True,1.0,"{""inversion_rho"":null,""inversion_channel"":25.0,""period_ms"":6.649971008300781}"
192735,1,58.5,58.5,False,0.625,"{""inversion_rho"":null,""inversion_channel"":4.5,""period_ms"":11.600002646446228}"
192735,1,73.8,73.8,False,0.25,"{""inversion_rho"":null,""inversion_channel"":10.5,""period_ms"":11.600002646446228}"
192735,1,85.4,85.4,False,1.0,"{""inversion_rho"":null,""inversion_channel"":5.5,""period_ms"":11.600002646446228}"
192735,1,95.3,95.3,False,1.0,"{""inversion_rho"":null,""inversion_channel"":7.5,""period_ms"":11.600002646446228}"
192735,1,5609.4999,5609.4999,False,1.0,"{""inversion_rho"":null,""inversion_channel"":27.5,""period_ms"":null}"
192735,1,5864.6002,5864.6002,False,0.5,"{""inversion_rho"":null,""inversion_channel"":22.0,""period_ms"":8.199930191040039}"
192735,1,5872.9,5872.9,False,0.5,"{""inversion_rho"":null,""inversion_channel"":21.5,""period_ms"":8.199930191040039}"
192735,1,5881.3,5881.3,False,1.0,"{""inversion_rho"":null,""inversion_channel"":23.0,""period_ms"":8.199930191040039}"
192735,1,5889.4,5889.4,False,1.0,"{""inversion_rho"":null,""inversion_channel"":23.5,""period_ms"":8.199930191040039}"
192735,1,5897.3999,5897.3999,False,1.0,"{""inversion_rho"":null,""inversion_channel"":23.5,""period_ms"":8.199930191040039}"
192735,1,6080.2999,6080.2999,False,1.0,"{""inversion_rho"":null,""inversion_channel"":21.5,""period_ms"":8.500099182128906}"
192735,1,6088.5,6088.5,False,1.0,"{""inversion_rho"":null,""inversion_channel"":21.5,""period_ms"":8.500099182128906}"
192735,1,6097.3001,6097.3001,False,1.0,"{""inversion_rho"":null,""inversion_channel"":21.0,""period_ms"":8.500099182128906}"
192735,1,58.5,95.3,True,1.0,"{""inversion_rho"":null,""inversion_channel"":6.5,""period_ms"":11.600002646446228}"
192735,1,5864.6002,5897.3999,True,1.0,"{""inversion_rho"":null,""inversion_channel"":23.0,""period_ms"":8.199930191040039}"
192735,1,6080.2999,6097.3001,True,1.0,"{""inversion_rho"":null,""inversion_channel"":21.5,""period_ms"":8.500099182128906}"
192741,1,63.6,63.6,False,1.0,"{""inversion_rho"":null,""inversion_channel"":7.5,""period_ms"":null}"
192741,1,87.6,87.6,False,1.0,"{""inversion_rho"":null,""inversion_channel"":8.0,""period_ms"":null}"
192741,1,94.5,94.5,False,1.0,"{""inversion_rho"":null,""inversion_channel"":8.5,""period_ms"":null}"
192741,1,4162.3001,4162.3001,False,0.75,"{""inversion_rho"":null,""inversion_channel"":13.5,""period_ms"":null}"
192751,1,76.1,76.1,False,1.0,"{""inversion_rho"":null,""inversion_channel"":8.5,""period_ms"":9.350001811981201}"
192751,1,84.6,84.6,False,1.0,"{""inversion_rho"":null,""inversion_channel"":8.5,""period_ms"":9.350001811981201}"
192751,1,94.8,94.8,False,0.75,"{""inversion_rho"":null,""inversion_channel"":8.5,""period_ms"":9.350001811981201}"
192751,1,5265.2001,5265.2001,False,1.0,"{""inversion_rho"":null,""inversion_channel"":21.5,""period_ms"":34.69991683959961}"
192751,1,5299.9001,5299.9001,False,1.0,"{""inversion_rho"":null,""inversion_channel"":22.0,""period_ms"":34.69991683959961}"
192751,1,5332.6001,5332.6001,False,1.0,"{""inversion_rho"":null,""inversion_channel"":19.5,""period_ms"":34.69991683959961}"
192751,1,5411.3998,5411.3998,False,1.0,"{""inversion_rho"":null,""inversion_channel"":20.0,""period_ms"":34.69991683959961}"
192751,1,5434.8001,5434.8001,False,1.0,"{""inversion_rho"":null,""inversion_channel"":21.0,""period_ms"":15.850067138671875}"
192751,1,5454.1001,5454.1001,False,1.0,"{""inversion_rho"":null,""inversion_channel"":23.0,""period_ms"":15.850067138671875}"
192751,1,5470.2001,5470.2001,False,1.0,"{""inversion_rho"":null,""inversion_channel"":21.0,""period_ms"":15.850067138671875}"
192751,1,5484.0999,5484.0999,False,1.0,"{""inversion_rho"":null,""inversion_channel"":21.5,""period_ms"":15.850067138671875}"
192751,1,5499.7001,5499.7001,False,1.0,"{""inversion_rho"":null,""inversion_channel"":32.5,""period_ms"":15.850067138671875}"
192751,1,76.1,94.8,True,1.0,"{""inversion_rho"":null,""inversion_channel"":8.5,""period_ms"":9.350001811981201}"
192751,1,5265.2001,5411.3998,True,1.0,"{""inversion_rho"":null,""inversion_channel"":20.75,""period_ms"":34.69991683959961}"
192751,1,5434.8001,5499.7001,True,1.0,"{""inversion_rho"":null,""inversion_channel"":21.5,""period_ms"":15.850067138671875}"
192755,1,53.2,53.2,False,0.5,"{""inversion_rho"":null,""inversion_channel"":5.5,""period_ms"":7.0500001311302185}"
192755,1,60.7,60.7,False,1.0,"{""inversion_rho"":null,""inversion_channel"":6.5,""period_ms"":7.0500001311302185}"
192755,1,67.3,67.3,False,0.5,"{""inversion_rho"":null,""inversion_channel"":7.5,""period_ms"":7.0500001311302185}"
192755,1,99.1,99.1,False,0.5,"{""inversion_rho"":null,""inversion_channel"":11.5,""period_ms"":null}"
192755,1,4191.7,4191.7,False,0.75,"{""inversion_rho"":null,""inversion_channel"":8.5,""period_ms"":15.049934387207031}"
192755,1,4204.0,4204.0,False,1.0,"{""inversion_rho"":null,""inversion_channel"":6.5,""period_ms"":15.049934387207031}"
192755,1,4220.0999,4220.0999,False,1.0,"{""inversion_rho"":null,""inversion_channel"":9.5,""period_ms"":15.049934387207031}"
192755,1,4234.0999,4234.0999,False,1.0,"{""inversion_rho"":null,""inversion_channel"":6.5,""period_ms"":15.049934387207031}"
192755,1,4259.2001,4259.2001,False,0.5,"{""inversion_rho"":null,""inversion_channel"":7.5,""period_ms"":15.049934387207031}"
192755,1,4268.4002,4268.4002,False,1.0,"{""inversion_rho"":null,""inversion_channel"":6.5,""period_ms"":10.799884796142578}"
192755,1,4273.7999,4273.7999,False,1.0,"{""inversion_rho"":null,""inversion_channel"":1.5,""period_ms"":10.799884796142578}"
192755,1,4284.5998,4284.5998,False,1.0,"{""inversion_rho"":null,""inversion_channel"":7.0,""period_ms"":10.799884796142578}"
192755,1,4310.5998,4310.5998,False,1.0,"{""inversion_rho"":null,""inversion_channel"":7.0,""period_ms"":10.799884796142578}"
192755,1,4317.9998,4317.9998,False,1.0,"{""inversion_rho"":null,""inversion_channel"":4.5,""period_ms"":19.499778747558594}"
192755,1,4328.3,4328.3,False,1.0,"{""inversion_rho"":null,""inversion_channel"":8.5,""period_ms"":19.499778747558594}"
192755,1,4347.7998,4347.7998,False,1.0,"{""inversion_rho"":null,""inversion_channel"":6.5,""period_ms"":19.499778747558594}"
192755,1,4373.3001,4373.3001,False,1.0,"{""inversion_rho"":null,""inversion_channel"":7.5,""period_ms"":19.499778747558594}"
192755,1,4476.9001,4476.9001,False,1.0,"{""inversion_rho"":null,""inversion_channel"":2.5,""period_ms"":12.850046157836914}"
192755,1,4488.8,4488.8,False,1.0,"{""inversion_rho"":null,""inversion_channel"":7.5,""period_ms"":12.850046157836914}"
192755,1,4508.8,4508.8,False,1.0,"{""inversion_rho"":null,""inversion_channel"":4.5,""period_ms"":12.850046157836914}"
192755,1,4522.2998,4522.2998,False,1.0,"{""inversion_rho"":null,""inversion_channel"":5.5,""period_ms"":12.850046157836914}"
192755,1,4530.9,4530.9,False,1.0,"{""inversion_rho"":null,""inversion_channel"":7.5,""period_ms"":12.850046157836914}"
192755,1,4537.7002,4537.7002,False,1.0,"{""inversion_rho"":null,""inversion_channel"":7.5,""period_ms"":12.850046157836914}"
192755,1,4554.6999,4554.6999,False,1.0,"{""inversion_rho"":null,""inversion_channel"":5.0,""period_ms"":12.850046157836914}"
192755,1,4567.5001,4567.5001,False,1.0,"{""inversion_rho"":null,""inversion_channel"":7.5,""period_ms"":12.850046157836914}"
192755,1,4580.4,4580.4,False,1.0,"{""inversion_rho"":null,""inversion_channel"":8.5,""period_ms"":12.850046157836914}"
192755,1,4683.4998,4683.4998,False,1.0,"{""inversion_rho"":null,""inversion_channel"":7.5,""period_ms"":125.5502700805664}"
192755,1,4768.7001,4768.7001,False,0.5,"{""inversion_rho"":null,""inversion_channel"":7.5,""period_ms"":125.5502700805664}"
192755,1,4837.6999,4837.6999,False,1.0,"{""inversion_rho"":null,""inversion_channel"":7.5,""period_ms"":125.5502700805664}"
192755,1,5004.4999,5004.4999,False,1.0,"{""inversion_rho"":null,""inversion_channel"":6.5,""period_ms"":125.5502700805664}"
192755,1,5170.4001,5170.4001,False,1.0,"{""inversion_rho"":null,""inversion_channel"":34.0,""period_ms"":125.5502700805664}"
192755,1,5211.9002,5211.9002,False,1.0,"{""inversion_rho"":null,""inversion_channel"":23.5,""period_ms"":26.400089263916016}"
192755,1,5251.2999,5251.2999,False,1.0,"{""inversion_rho"":null,""inversion_channel"":23.5,""period_ms"":26.400089263916016}"
192755,1,5283.9999,5283.9999,False,1.0,"{""inversion_rho"":null,""inversion_channel"":24.0,""period_ms"":26.400089263916016}"
192755,1,5312.3999,5312.3999,False,1.0,"{""inversion_rho"":null,""inversion_channel"":24.0,""period_ms"":26.400089263916016}"
192755,1,5340.7001,5340.7001,False,1.0,"{""inversion_rho"":null,""inversion_channel"":22.5,""period_ms"":26.400089263916016}"
192755,1,5367.7001,5367.7001,False,1.0,"{""inversion_rho"":null,""inversion_channel"":22.0,""period_ms"":26.400089263916016}"
192755,1,5394.1002,5394.1002,False,1.0,"{""inversion_rho"":null,""inversion_channel"":21.5,""period_ms"":26.400089263916016}"
192755,1,5420.0001,5420.0001,False,1.0,"{""inversion_rho"":null,""inversion_channel"":21.5,""period_ms"":26.400089263916016}"
192755,1,5443.2001,5443.2001,False,1.0,"{""inversion_rho"":null,""inversion_channel"":24.5,""period_ms"":26.400089263916016}"
192755,1,5461.8001,5461.8001,False,1.0,"{""inversion_rho"":null,""inversion_channel"":24.0,""period_ms"":26.400089263916016}"
192755,1,5478.0002,5478.0002,False,1.0,"{""inversion_rho"":null,""inversion_channel"":18.5,""period_ms"":26.400089263916016}"
192755,1,5495.2998,5495.2998,False,0.375,"{""inversion_rho"":null,""inversion_channel"":16.5,""period_ms"":26.400089263916016}"
192755,1,53.2,67.3,True,1.0,"{""inversion_rho"":null,""inversion_channel"":6.5,""period_ms"":7.0500001311302185}"
192755,1,4191.7,4259.2001,True,1.0,"{""inversion_rho"":null,""inversion_channel"":7.5,""period_ms"":15.049934387207031}"
192755,1,4268.4002,4310.5998,True,1.0,"{""inversion_rho"":null,""inversion_channel"":6.75,""period_ms"":10.799884796142578}"
192755,1,4317.9998,4373.3001,True,1.0,"{""inversion_rho"":null,""inversion_channel"":7.0,""period_ms"":19.499778747558594}"
192755,1,4476.9001,4580.4,True,1.0,"{""inversion_rho"":null,""inversion_channel"":7.5,""period_ms"":12.850046157836914}"
192755,1,4683.4998,5170.4001,True,1.0,"{""inversion_rho"":null,""inversion_channel"":7.5,""period_ms"":125.5502700805664}"
192755,1,5211.9002,5495.2998,True,1.0,"{""inversion_rho"":null,""inversion_channel"":23.0,""period_ms"":26.400089263916016}"
192756,1,53.6,53.6,False,0.375,"{""inversion_rho"":null,""inversion_channel"":5.5,""period_ms"":null}"
192756,1,61.9,61.9,False,1.0,"{""inversion_rho"":null,""inversion_channel"":6.5,""period_ms"":null}"
192756,1,98.9,98.9,False,1.0,"{""inversion_rho"":null,""inversion_channel"":6.0,""period_ms"":null}"
192756,1,104.7,104.7,False,0.5,"{""inversion_rho"":null,""inversion_channel"":8.5,""period_ms"":null}"
192756,1,1180.5,1180.5,False,1.0,"{""inversion_rho"":null,""inversion_channel"":25.5,""period_ms"":null}"
192756,1,1557.1001,1557.1001,False,1.0,"{""inversion_rho"":null,""inversion_channel"":7.5,""period_ms"":37.54997253417969}"
192756,1,1598.6,1598.6,False,0.25,"{""inversion_rho"":null,""inversion_channel"":5.5,""period_ms"":37.54997253417969}"
192756,1,1632.2,1632.2,False,1.0,"{""inversion_rho"":null,""inversion_channel"":7.5,""period_ms"":37.54997253417969}"
192756,1,1722.1,1722.1,False,0.625,"{""inversion_rho"":null,""inversion_channel"":10.5,""period_ms"":33.799946308135986}"
192756,1,1758.4,1758.4,False,1.0,"{""inversion_rho"":null,""inversion_channel"":7.5,""period_ms"":33.799946308135986}"
192756,1,1776.0,1776.0,False,0.625,"{""inversion_rho"":null,""inversion_channel"":8.5,""period_ms"":33.799946308135986}"
192756,1,1807.3,1807.3,False,0.625,"{""inversion_rho"":null,""inversion_channel"":8.0,""period_ms"":33.799946308135986}"
192756,1,1844.3,1844.3,False,0.875,"{""inversion_rho"":null,""inversion_channel"":8.5,""period_ms"":33.799946308135986}"
192756,1,2215.4,2215.4,False,0.25,"{""inversion_rho"":null,""inversion_channel"":9.5,""period_ms"":null}"
192756,1,2227.9999,2227.9999,False,0.875,"{""inversion_rho"":null,""inversion_channel"":9.5,""period_ms"":null}"
192756,1,2305.5,2305.5,False,0.5,"{""inversion_rho"":null,""inversion_channel"":36.0,""period_ms"":16.949892044067383}"
192756,1,2382.4,2382.4,False,1.0,"{""inversion_rho"":null,""inversion_channel"":7.5,""period_ms"":16.949892044067383}"
192756,1,2415.1001,2415.1001,False,1.0,"{""inversion_rho"":null,""inversion_channel"":8.5,""period_ms"":16.949892044067383}"
192756,1,2428.6001,2428.6001,False,0.25,"{""inversion_rho"":null,""inversion_channel"":8.5,""period_ms"":16.949892044067383}"
192756,1,2448.9999,2448.9999,False,0.5,"{""inversion_rho"":null,""inversion_channel"":10.0,""period_ms"":16.949892044067383}"
192756,1,2461.4,2461.4,False,1.0,"{""inversion_rho"":null,""inversion_channel"":5.5,""period_ms"":16.949892044067383}"
192756,1,2472.4,2472.4,False,0.5,"{""inversion_rho"":null,""inversion_channel"":9.5,""period_ms"":16.949892044067383}"
192756,1,2524.4,2524.4,False,0.5,"{""inversion_rho"":null,""inversion_channel"":8.5,""period_ms"":25.39992332458496}"
192756,1,2541.6,2541.6,False,0.375,"{""inversion_rho"":null,""inversion_channel"":5.5,""period_ms"":25.39992332458496}"
192756,1,2566.9999,2566.9999,False,0.75,"{""inversion_rho"":null,""inversion_channel"":7.5,""period_ms"":25.39992332458496}"
192756,1,2615.5,2615.5,False,1.0,"{""inversion_rho"":null,""inversion_channel"":11.0,""period_ms"":25.39992332458496}"
192756,1,2620.8999,2620.8999,False,1.0,"{""inversion_rho"":null,""inversion_channel"":5.0,""period_ms"":50.8500337600708}"
192756,1,2666.6999,2666.6999,False,1.0,"{""inversion_rho"":null,""inversion_channel"":10.5,""period_ms"":50.8500337600708}"
192756,1,2722.6,2722.6,False,0.5,"{""inversion_rho"":null,""inversion_channel"":8.5,""period_ms"":50.8500337600708}"
192756,1,2738.8999,2738.8999,False,0.625,"{""inversion_rho"":null,""inversion_channel"":7.5,""period_ms"":null}"
192756,1,2760.0999,2760.0999,False,1.0,"{""inversion_rho"":null,""inversion_channel"":3.0,""period_ms"":null}"
192756,1,2828.3,2828.3,False,0.375,"{""inversion_rho"":null,""inversion_channel"":11.0,""period_ms"":null}"
192756,1,2848.0,2848.0,False,0.5,"{""inversion_rho"":null,""inversion_channel"":8.5,""period_ms"":null}"
192756,1,3014.3001,3014.3001,False,0.25,"{""inversion_rho"":null,""inversion_channel"":7.5,""period_ms"":null}"
192756,1,3035.5999,3035.5999,False,0.75,"{""inversion_rho"":null,""inversion_channel"":7.5,""period_ms"":null}"
192756,1,3176.8,3176.8,False,1.0,"{""inversion_rho"":null,""inversion_channel"":4.5,""period_ms"":28.149962425231934}"
192756,1,3199.6,3199.6,False,0.75,"{""inversion_rho"":null,""inversion_channel"":9.5,""period_ms"":28.149962425231934}"
192756,1,3233.0999,3233.0999,False,1.0,"{""inversion_rho"":null,""inversion_channel"":2.5,""period_ms"":28.149962425231934}"
192756,1,3245.5001,3245.5001,False,0.375,"{""inversion_rho"":null,""inversion_channel"":12.0,""period_ms"":null}"
192756,1,3314.6,3314.6,False,0.875,"{""inversion_rho"":null,""inversion_channel"":2.5,""period_ms"":null}"
192756,1,3332.4001,3332.4001,False,0.375,"{""inversion_rho"":null,""inversion_channel"":6.5,""period_ms"":16.99995994567871}"
192756,1,3348.0999,3348.0999,False,0.875,"{""inversion_rho"":null,""inversion_channel"":43.5,""period_ms"":16.99995994567871}"
192756,1,3366.4,3366.4,False,0.75,"{""inversion_rho"":null,""inversion_channel"":40.5,""period_ms"":16.99995994567871}"
192756,1,3534.9,3534.9,False,0.375,"{""inversion_rho"":null,""inversion_channel"":7.5,""period_ms"":47.04999923706055}"
192756,1,3579.4001,3579.4001,False,0.375,"{""inversion_rho"":null,""inversion_channel"":7.5,""period_ms"":47.04999923706055}"
192756,1,3628.9999,3628.9999,False,1.0,"{""inversion_rho"":null,""inversion_channel"":12.0,""period_ms"":47.04999923706055}"
192756,1,3641.3,3641.3,False,1.0,"{""inversion_rho"":null,""inversion_channel"":12.0,""period_ms"":85.89982986450195}"
192756,1,3709.0001,3709.0001,False,1.0,"{""inversion_rho"":null,""inversion_channel"":4.5,""period_ms"":85.89982986450195}"
192756,1,3794.8999,3794.8999,False,0.875,"{""inversion_rho"":null,""inversion_channel"":2.5,""period_ms"":85.89982986450195}"
192756,1,3924.9001,3924.9001,False,1.0,"{""inversion_rho"":null,""inversion_channel"":10.5,""period_ms"":85.89982986450195}"
192756,1,3952.8,3952.8,False,0.875,"{""inversion_rho"":null,""inversion_channel"":6.5,""period_ms"":null}"
192756,1,3958.8001,3958.8001,False,0.625,"{""inversion_rho"":null,""inversion_channel"":4.0,""period_ms"":null}"
192756,1,3984.4,3984.4,False,0.375,"{""inversion_rho"":null,""inversion_channel"":9.0,""period_ms"":16.300201416015625}"
192756,1,3990.9,3990.9,False,1.0,"{""inversion_rho"":null,""inversion_channel"":4.0,""period_ms"":16.300201416015625}"
192756,1,3997.4999,3997.4999,False,0.875,"{""inversion_rho"":null,""inversion_channel"":7.5,""period_ms"":16.300201416015625}"
192756,1,4013.8001,4013.8001,False,0.625,"{""inversion_rho"":null,""inversion_channel"":4.5,""period_ms"":16.300201416015625}"
192756,1,4039.5002,4039.5002,False,0.375,"{""inversion_rho"":null,""inversion_channel"":4.0,""period_ms"":16.300201416015625}"
192756,1,4056.7002,4056.7002,False,0.25,"{""inversion_rho"":null,""inversion_channel"":9.0,""period_ms"":16.300201416015625}"
192756,1,4089.0002,4089.0002,False,0.625,"{""inversion_rho"":null,""inversion_channel"":11.0,""period_ms"":16.300201416015625}"
192756,1,4105.0,4105.0,False,1.0,"{""inversion_rho"":null,""inversion_channel"":10.0,""period_ms"":16.300201416015625}"
192756,1,4110.7001,4110.7001,False,1.0,"{""inversion_rho"":null,""inversion_channel"":9.0,""period_ms"":8.649826049804688}"
192756,1,4116.3998,4116.3998,False,1.0,"{""inversion_rho"":null,""inversion_channel"":11.5,""period_ms"":8.649826049804688}"
192756,1,4127.9998,4127.9998,False,0.625,"{""inversion_rho"":null,""inversion_channel"":9.5,""period_ms"":8.649826049804688}"
192756,1,4193.6002,4193.6002,False,1.0,"{""inversion_rho"":null,""inversion_channel"":5.5,""period_ms"":14.850139617919922}"
192756,1,4202.7998,4202.7998,False,0.5,"{""inversion_rho"":null,""inversion_channel"":7.5,""period_ms"":14.850139617919922}"
192756,1,4216.5999,4216.5999,False,0.25,"{""inversion_rho"":null,""inversion_channel"":9.0,""period_ms"":14.850139617919922}"
192756,1,4250.8998,4250.8998,False,1.0,"{""inversion_rho"":null,""inversion_channel"":5.5,""period_ms"":14.850139617919922}"
192756,1,4276.7,4276.7,False,1.0,"{""inversion_rho"":null,""inversion_channel"":6.5,""period_ms"":14.850139617919922}"
192756,1,4291.2002,4291.2002,False,0.75,"{""inversion_rho"":null,""inversion_channel"":7.0,""period_ms"":14.850139617919922}"
192756,1,4298.8,4298.8,False,0.75,"{""inversion_rho"":null,""inversion_channel"":6.5,""period_ms"":14.850139617919922}"
192756,1,4314.0001,4314.0001,False,0.5,"{""inversion_rho"":null,""inversion_channel"":6.5,""period_ms"":14.850139617919922}"
192756,1,4338.2001,4338.2001,False,1.0,"{""inversion_rho"":null,""inversion_channel"":6.5,""period_ms"":14.850139617919922}"
192756,1,4346.7002,4346.7002,False,1.0,"{""inversion_rho"":null,""inversion_channel"":5.5,""period_ms"":7.09986686706543}"
192756,1,4354.0001,4354.0001,False,0.625,"{""inversion_rho"":null,""inversion_channel"":7.5,""period_ms"":7.09986686706543}"
192756,1,4360.8999,4360.8999,False,1.0,"{""inversion_rho"":null,""inversion_channel"":7.5,""period_ms"":7.09986686706543}"
192756,1,4393.0998,4393.0998,False,1.0,"{""inversion_rho"":null,""inversion_channel"":6.5,""period_ms"":null}"
192756,1,4407.4998,4407.4998,False,1.0,"{""inversion_rho"":null,""inversion_channel"":6.5,""period_ms"":null}"
192756,1,4443.9998,4443.9998,False,1.0,"{""inversion_rho"":null,""inversion_channel"":6.5,""period_ms"":11.99960708618164}"
192756,1,4459.1999,4459.1999,False,1.0,"{""inversion_rho"":null,""inversion_channel"":6.0,""period_ms"":11.99960708618164}"
192756,1,4477.7002,4477.7002,False,0.625,"{""inversion_rho"":null,""inversion_channel"":7.5,""period_ms"":11.99960708618164}"
192756,1,4489.6998,4489.6998,False,1.0,"{""inversion_rho"":null,""inversion_channel"":6.5,""period_ms"":11.99960708618164}"
192756,1,4497.0999,4497.0999,False,1.0,"{""inversion_rho"":null,""inversion_channel"":6.5,""period_ms"":11.99960708618164}"
192756,1,4504.6,4504.6,False,0.625,"{""inversion_rho"":null,""inversion_channel"":7.5,""period_ms"":11.99960708618164}"
192756,1,4527.8001,4527.8001,False,1.0,"{""inversion_rho"":null,""inversion_channel"":8.0,""period_ms"":null}"
192756,1,4567.1,4567.1,False,0.75,"{""inversion_rho"":null,""inversion_channel"":23.0,""period_ms"":null}"
192756,1,4580.5001,4580.5001,False,1.0,"{""inversion_rho"":null,""inversion_channel"":10.5,""period_ms"":5.499839782714844}"
192756,1,4585.7,4585.7,False,0.5,"{""inversion_rho"":null,""inversion_channel"":9.5,""period_ms"":5.499839782714844}"
192756,1,4591.4998,4591.4998,False,1.0,"{""inversion_rho"":null,""inversion_channel"":9.0,""period_ms"":5.499839782714844}"
192756,1,4626.5001,4626.5001,False,0.25,"{""inversion_rho"":null,""inversion_channel"":5.5,""period_ms"":31.69989585876465}"
192756,1,4659.6999,4659.6999,False,0.625,"{""inversion_rho"":null,""inversion_channel"":6.5,""period_ms"":31.69989585876465}"
192756,1,4689.8999,4689.8999,False,0.5,"{""inversion_rho"":null,""inversion_channel"":6.0,""period_ms"":31.69989585876465}"
192756,1,4717.8998,4717.8998,False,0.25,"{""inversion_rho"":null,""inversion_channel"":6.5,""period_ms"":31.69989585876465}"
192756,1,4755.8999,4755.8999,False,1.0,"{""inversion_rho"":null,""inversion_channel"":6.5,""period_ms"":31.69989585876465}"
192756,1,4943.6002,4943.6002,False,1.0,"{""inversion_rho"":null,""inversion_channel"":22.0,""period_ms"":13.199806213378906}"
192756,1,4957.2001,4957.2001,False,0.75,"{""inversion_rho"":null,""inversion_channel"":10.5,""period_ms"":13.199806213378906}"
192756,1,4969.9998,4969.9998,False,0.25,"{""inversion_rho"":null,""inversion_channel"":4.5,""period_ms"":13.199806213378906}"
192756,1,5008.8,5008.8,False,0.875,"{""inversion_rho"":null,""inversion_channel"":36.5,""period_ms"":null}"
192756,1,5137.4002,5137.4002,False,0.5,"{""inversion_rho"":null,""inversion_channel"":7.5,""period_ms"":null}"
192756,1,5147.9001,5147.9001,False,1.0,"{""inversion_rho"":null,""inversion_channel"":35.0,""period_ms"":null}"
192756,1,5154.2001,5154.2001,False,1.0,"{""inversion_rho"":null,""inversion_channel"":21.5,""period_ms"":null}"
192756,1,5174.3999,5174.3999,False,1.0,"{""inversion_rho"":null,""inversion_channel"":19.0,""period_ms"":8.550167083740234}"
192756,1,5179.6999,5179.6999,False,1.0,"{""inversion_rho"":null,""inversion_channel"":37.0,""period_ms"":8.550167083740234}"
192756,1,5187.7999,5187.7999,False,0.75,"{""inversion_rho"":null,""inversion_channel"":8.0,""period_ms"":8.550167083740234}"
192756,1,5207.9,5207.9,False,1.0,"{""inversion_rho"":null,""inversion_channel"":19.5,""period_ms"":8.550167083740234}"
192756,1,5221.4999,5221.4999,False,0.25,"{""inversion_rho"":null,""inversion_channel"":23.0,""period_ms"":8.550167083740234}"
192756,1,5229.0001,5229.0001,False,0.625,"{""inversion_rho"":null,""inversion_channel"":22.5,""period_ms"":8.550167083740234}"
192756,1,5236.3,5236.3,False,0.375,"{""inversion_rho"":null,""inversion_channel"":20.5,""period_ms"":8.550167083740234}"
192756,1,5247.0999,5247.0999,False,0.25,"{""inversion_rho"":null,""inversion_channel"":23.0,""period_ms"":8.550167083740234}"
192756,1,5256.1002,5256.1002,False,1.0,"{""inversion_rho"":null,""inversion_channel"":16.5,""period_ms"":8.550167083740234}"
192756,1,5280.9,5280.9,False,1.0,"{""inversion_rho"":null,""inversion_channel"":40.0,""period_ms"":12.800216674804688}"
192756,1,5306.3998,5306.3998,False,1.0,"{""inversion_rho"":null,""inversion_channel"":40.0,""period_ms"":12.800216674804688}"
192756,1,5319.2,5319.2,False,1.0,"{""inversion_rho"":null,""inversion_channel"":13.5,""period_ms"":12.800216674804688}"
192756,1,5331.6998,5331.6998,False,1.0,"{""inversion_rho"":null,""inversion_channel"":16.5,""period_ms"":12.800216674804688}"
192756,1,1557.1001,1632.2,True,1.0,"{""inversion_rho"":null,""inversion_channel"":7.5,""period_ms"":37.54997253417969}"
192756,1,1722.1,1844.3,True,1.0,"{""inversion_rho"":null,""inversion_channel"":8.5,""period_ms"":33.799946308135986}"
192756,1,2305.5,2472.4,True,1.0,"{""inversion_rho"":null,""inversion_channel"":8.5,""period_ms"":16.949892044067383}"
192756,1,2524.4,2615.5,True,1.0,"{""inversion_rho"":null,""inversion_channel"":8.0,""period_ms"":25.39992332458496}"
192756,1,2620.8999,2722.6,True,1.0,"{""inversion_rho"":null,""inversion_channel"":8.5,""period_ms"":50.8500337600708}"
192756,1,3176.8,3233.0999,True,1.0,"{""inversion_rho"":null,""inversion_channel"":4.5,""period_ms"":28.149962425231934}"
192756,1,3332.4001,3366.4,True,1.0,"{""inversion_rho"":null,""inversion_channel"":40.5,""period_ms"":16.99995994567871}"
192756,1,3534.9,3628.9999,True,1.0,"{""inversion_rho"":null,""inversion_channel"":7.5,""period_ms"":47.04999923706055}"
192756,1,3641.3,3924.9001,True,1.0,"{""inversion_rho"":null,""inversion_channel"":7.5,""period_ms"":85.89982986450195}"
192756,1,3984.4,4105.0,True,1.0,"{""inversion_rho"":null,""inversion_channel"":8.25,""period_ms"":16.300201416015625}"
192756,1,4110.7001,4127.9998,True,1.0,"{""inversion_rho"":null,""inversion_channel"":9.5,""period_ms"":8.649826049804688}"
192756,1,4193.6002,4338.2001,True,1.0,"{""inversion_rho"":null,""inversion_channel"":6.5,""period_ms"":14.850139617919922}"
192756,1,4346.7002,4360.8999,True,1.0,"{""inversion_rho"":null,""inversion_channel"":7.5,""period_ms"":7.09986686706543}"
192756,1,4443.9998,4504.6,True,1.0,"{""inversion_rho"":null,""inversion_channel"":6.5,""period_ms"":11.99960708618164}"
192756,1,4580.5001,4591.4998,True,1.0,"{""inversion_rho"":null,""inversion_channel"":9.5,""period_ms"":5.499839782714844}"
192756,1,4626.5001,4755.8999,True,1.0,"{""inversion_rho"":null,""inversion_channel"":6.5,""period_ms"":31.69989585876465}"
192756,1,4943.6002,4969.9998,True,1.0,"{""inversion_rho"":null,""inversion_channel"":10.5,""period_ms"":13.199806213378906}"
192756,1,5174.3999,5256.1002,True,1.0,"{""inversion_rho"":null,""inversion_channel"":20.5,""period_ms"":8.550167083740234}"
192756,1,5280.9,5331.6998,True,1.0,"{""inversion_rho"":null,""inversion_channel"":28.25,""period_ms"":12.800216674804688}"
192761,1,50.5,50.5,False,0.75,"{""inversion_rho"":null,""inversion_channel"":5.5,""period_ms"":15.000002458691597}"
192761,1,57.8,57.8,False,0.625,"{""inversion_rho"":null,""inversion_channel"":6.5,""period_ms"":15.000002458691597}"
192761,1,67.1,67.1,False,0.5,"{""inversion_rho"":null,""inversion_channel"":8.0,""period_ms"":15.000002458691597}"
192761,1,87.8,87.8,False,1.0,"{""inversion_rho"":null,""inversion_channel"":9.0,""period_ms"":15.000002458691597}"
192761,1,127.6,127.6,False,1.0,"{""inversion_rho"":null,""inversion_channel"":7.5,""period_ms"":15.000002458691597}"
192761,1,5356.8001,5356.8001,False,1.0,"{""inversion_rho"":null,""inversion_channel"":22.0,""period_ms"":7.700443267822266}"
192761,1,5366.0998,5366.0998,False,1.0,"{""inversion_rho"":null,""inversion_channel"":20.0,""period_ms"":7.700443267822266}"
192761,1,5376.1001,5376.1001,False,0.875,"{""inversion_rho"":null,""inversion_channel"":22.5,""period_ms"":7.700443267822266}"
192761,1,5386.0002,5386.0002,False,0.75,"{""inversion_rho"":null,""inversion_channel"":20.0,""period_ms"":7.700443267822266}"
192761,1,5395.0,5395.0,False,0.375,"{""inversion_rho"":null,""inversion_channel"":19.5,""period_ms"":7.700443267822266}"
192761,1,5410.2998,5410.2998,False,1.0,"{""inversion_rho"":null,""inversion_channel"":20.5,""period_ms"":7.700443267822266}"
192761,1,5425.3001,5425.3001,False,0.5,"{""inversion_rho"":null,""inversion_channel"":21.5,""period_ms"":7.700443267822266}"
192761,1,5433.0001,5433.0001,False,1.0,"{""inversion_rho"":null,""inversion_channel"":22.0,""period_ms"":7.700443267822266}"
192761,1,5440.4998,5440.4998,False,1.0,"{""inversion_rho"":null,""inversion_channel"":22.0,""period_ms"":7.700443267822266}"
192761,1,5448.2002,5448.2002,False,0.625,"{""inversion_rho"":null,""inversion_channel"":20.0,""period_ms"":7.700443267822266}"
192761,1,5455.4,5455.4,False,0.375,"{""inversion_rho"":null,""inversion_channel"":33.0,""period_ms"":7.700443267822266}"
192761,1,5462.6999,5462.6999,False,0.625,"{""inversion_rho"":null,""inversion_channel"":20.5,""period_ms"":7.700443267822266}"
192761,1,5469.9998,5469.9998,False,1.0,"{""inversion_rho"":null,""inversion_channel"":20.0,""period_ms"":7.700443267822266}"
192761,1,5476.6002,5476.6002,False,1.0,"{""inversion_rho"":null,""inversion_channel"":33.0,""period_ms"":7.700443267822266}"
192761,1,50.5,127.6,True,1.0,"{""inversion_rho"":null,""inversion_channel"":7.5,""period_ms"":15.000002458691597}"
192761,1,5356.8001,5476.6002,True,1.0,"{""inversion_rho"":null,""inversion_channel"":21.0,""period_ms"":7.700443267822266}"
192766,1,67.2,67.2,False,0.375,"{""inversion_rho"":null,""inversion_channel"":7.5,""period_ms"":null}"
192766,1,82.9,82.9,False,0.75,"{""inversion_rho"":null,""inversion_channel"":9.5,""period_ms"":null}"
192914,1,69.2,69.2,False,0.5,"{""inversion_rho"":null,""inversion_channel"":2.5,""period_ms"":20.899999886751175}"
192914,1,79.6,79.6,False,0.5,"{""inversion_rho"":null,""inversion_channel"":12.5,""period_ms"":20.899999886751175}"
192914,1,96.8,96.8,False,0.375,"{""inversion_rho"":null,""inversion_channel"":3.5,""period_ms"":20.899999886751175}"
192914,1,121.4,121.4,False,0.625,"{""inversion_rho"":null,""inversion_channel"":1.5,""period_ms"":20.899999886751175}"
192914,1,154.8,154.8,False,1.0,"{""inversion_rho"":null,""inversion_channel"":6.5,""period_ms"":20.899999886751175}"
192914,1,1442.5,1442.5,False,1.0,"{""inversion_rho"":null,""inversion_channel"":1.5,""period_ms"":24.250030517578125}"
192914,1,1473.0,1473.0,False,0.625,"{""inversion_rho"":null,""inversion_channel"":1.5,""period_ms"":24.250030517578125}"
192914,1,1491.0001,1491.0001,False,1.0,"{""inversion_rho"":null,""inversion_channel"":2.5,""period_ms"":24.250030517578125}"
192914,1,1589.6,1589.6,False,0.75,"{""inversion_rho"":null,""inversion_channel"":2.5,""period_ms"":22.099971771240234}"
192914,1,1621.0001,1621.0001,False,0.25,"{""inversion_rho"":null,""inversion_channel"":2.5,""period_ms"":22.099971771240234}"
192914,1,1638.8,1638.8,False,1.0,"{""inversion_rho"":null,""inversion_channel"":9.0,""period_ms"":22.099971771240234}"
192914,1,1650.5001,1650.5001,False,1.0,"{""inversion_rho"":null,""inversion_channel"":3.5,""period_ms"":22.099971771240234}"
192914,1,1662.5,1662.5,False,1.0,"{""inversion_rho"":null,""inversion_channel"":5.5,""period_ms"":22.099971771240234}"
192914,1,1684.6,1684.6,False,1.0,"{""inversion_rho"":null,""inversion_channel"":16.5,""period_ms"":22.099971771240234}"
192914,1,1707.1,1707.1,False,1.0,"{""inversion_rho"":null,""inversion_channel"":8.5,""period_ms"":22.099971771240234}"
192914,1,1733.3,1733.3,False,1.0,"{""inversion_rho"":null,""inversion_channel"":3.5,""period_ms"":22.099971771240234}"
192914,1,3685.8001,3685.8001,False,1.0,"{""inversion_rho"":null,""inversion_channel"":23.5,""period_ms"":38.34998607635498}"
192914,1,3715.1999,3715.1999,False,0.25,"{""inversion_rho"":null,""inversion_channel"":22.0,""period_ms"":38.34998607635498}"
192914,1,3762.5,3762.5,False,0.625,"{""inversion_rho"":null,""inversion_channel"":18.5,""period_ms"":38.34998607635498}"
192914,1,3772.5,3772.5,False,0.25,"{""inversion_rho"":null,""inversion_channel"":18.5,""period_ms"":null}"
192914,1,3789.2001,3789.2001,False,1.0,"{""inversion_rho"":null,""inversion_channel"":17.5,""period_ms"":null}"
192914,1,5800.7002,5800.7002,False,1.0,"{""inversion_rho"":null,""inversion_channel"":13.0,""period_ms"":18.799781799316406}"
192914,1,5840.6,5840.6,False,1.0,"{""inversion_rho"":null,""inversion_channel"":12.5,""period_ms"":18.799781799316406}"
192914,1,5873.0998,5873.0998,False,0.5,"{""inversion_rho"":null,""inversion_channel"":16.5,""period_ms"":18.799781799316406}"
192914,1,5900.8002,5900.8002,False,0.375,"{""inversion_rho"":null,""inversion_channel"":21.0,""period_ms"":18.799781799316406}"
192914,1,5925.4999,5925.4999,False,0.75,"{""inversion_rho"":null,""inversion_channel"":33.5,""period_ms"":18.799781799316406}"
192914,1,5947.7,5947.7,False,1.0,"{""inversion_rho"":null,""inversion_channel"":11.5,""period_ms"":18.799781799316406}"
192914,1,5968.8001,5968.8001,False,0.5,"{""inversion_rho"":null,""inversion_channel"":11.5,""period_ms"":18.799781799316406}"
192914,1,5988.4,5988.4,False,1.0,"{""inversion_rho"":null,""inversion_channel"":10.5,""period_ms"":18.799781799316406}"
192914,1,6007.1998,6007.1998,False,1.0,"{""inversion_rho"":null,""inversion_channel"":26.0,""period_ms"":18.799781799316406}"
192914,1,6024.9,6024.9,False,1.0,"{""inversion_rho"":null,""inversion_channel"":27.5,""period_ms"":18.799781799316406}"
192914,1,6042.7999,6042.7999,False,1.0,"{""inversion_rho"":null,""inversion_channel"":10.5,""period_ms"":18.799781799316406}"
192914,1,6061.5001,6061.5001,False,1.0,"{""inversion_rho"":null,""inversion_channel"":26.0,""period_ms"":18.799781799316406}"
192914,1,6079.5002,6079.5002,False,1.0,"{""inversion_rho"":null,""inversion_channel"":23.5,""period_ms"":18.799781799316406}"
192914,1,6096.2,6096.2,False,1.0,"{""inversion_rho"":null,""inversion_channel"":24.0,""period_ms"":18.799781799316406}"
192914,1,6112.1001,6112.1001,False,1.0,"{""inversion_rho"":null,""inversion_channel"":23.5,""period_ms"":18.799781799316406}"
192914,1,6128.6001,6128.6001,False,1.0,"{""inversion_rho"":null,""inversion_channel"":22.5,""period_ms"":18.799781799316406}"
192914,1,69.2,154.8,True,1.0,"{""inversion_rho"":null,""inversion_channel"":3.5,""period_ms"":20.899999886751175}"
192914,1,1442.5,1491.0001,True,1.0,"{""inversion_rho"":null,""inversion_channel"":1.5,""period_ms"":24.250030517578125}"
192914,1,1589.6,1733.3,True,1.0,"{""inversion_rho"":null,""inversion_channel"":4.5,""period_ms"":22.099971771240234}"
192914,1,3685.8001,3762.5,True,1.0,"{""inversion_rho"":null,""inversion_channel"":22.0,""period_ms"":38.34998607635498}"
192914,1,5800.7002,6128.6001,True,1.0,"{""inversion_rho"":null,""inversion_channel"":21.75,""period_ms"":18.799781799316406}"
192969,1,605.4,605.4,False,0.25,"{""inversion_rho"":null,""inversion_channel"":34.5,""period_ms"":null}"
192969,1,1207.7,1207.7,False,1.0,"{""inversion_rho"":null,""inversion_channel"":22.0,""period_ms"":72.2000002861023}"
192969,1,1273.5,1273.5,False,1.0,"{""inversion_rho"":null,""inversion_channel"":21.5,""period_ms"":72.2000002861023}"
192969,1,1343.7001,1343.7001,False,1.0,"{""inversion_rho"":null,""inversion_channel"":20.5,""period_ms"":72.2000002861023}"
192969,1,1416.6,1416.6,False,1.0,"{""inversion_rho"":null,""inversion_channel"":21.0,""period_ms"":72.2000002861023}"
192969,1,1491.2,1491.2,False,1.0,"{""inversion_rho"":null,""inversion_channel"":21.0,""period_ms"":72.2000002861023}"
192969,1,1562.3,1562.3,False,1.0,"{""inversion_rho"":null,""inversion_channel"":20.0,""period_ms"":72.2000002861023}"
192969,1,1635.8,1635.8,False,1.0,"{""inversion_rho"":null,""inversion_channel"":21.0,""period_ms"":72.2000002861023}"
192969,1,1707.9,1707.9,False,1.0,"{""inversion_rho"":null,""inversion_channel"":20.5,""period_ms"":72.2000002861023}"
192969,1,1777.6,1777.6,False,1.0,"{""inversion_rho"":null,""inversion_channel"":20.5,""period_ms"":72.2000002861023}"
192969,1,1850.9001,1850.9001,False,1.0,"{""inversion_rho"":null,""inversion_channel"":20.5,""period_ms"":72.2000002861023}"
192969,1,1922.0001,1922.0001,False,1.0,"{""inversion_rho"":null,""inversion_channel"":20.5,""period_ms"":72.2000002861023}"
192969,1,1994.3,1994.3,False,1.0,"{""inversion_rho"":null,""inversion_channel"":20.0,""period_ms"":72.2000002861023}"
192969,1,2066.4001,2066.4001,False,1.0,"{""inversion_rho"":null,""inversion_channel"":20.0,""period_ms"":72.2000002861023}"
192969,1,2140.0001,2140.0001,False,1.0,"{""inversion_rho"":null,""inversion_channel"":20.5,""period_ms"":72.2000002861023}"
192969,1,2211.6001,2211.6001,False,0.75,"{""inversion_rho"":null,""inversion_channel"":20.5,""period_ms"":72.2000002861023}"
192969,1,2281.8999,2281.8999,False,1.0,"{""inversion_rho"":null,""inversion_channel"":19.0,""period_ms"":72.2000002861023}"
192969,1,2354.1999,2354.1999,False,1.0,"{""inversion_rho"":null,""inversion_channel"":19.5,""period_ms"":72.2000002861023}"
192969,1,2426.8999,2426.8999,False,1.0,"{""inversion_rho"":null,""inversion_channel"":20.5,""period_ms"":72.2000002861023}"
192969,1,2498.1999,2498.1999,False,1.0,"{""inversion_rho"":null,""inversion_channel"":19.5,""period_ms"":72.2000002861023}"
192969,1,2571.1999,2571.1999,False,1.0,"{""inversion_rho"":null,""inversion_channel"":20.5,""period_ms"":72.2000002861023}"
192969,1,2643.1,2643.1,False,1.0,"{""inversion_rho"":null,""inversion_channel"":20.5,""period_ms"":72.2000002861023}"
192969,1,2715.6,2715.6,False,1.0,"{""inversion_rho"":null,""inversion_channel"":20.5,""period_ms"":72.2000002861023}"
192969,1,2787.9,2787.9,False,0.875,"{""inversion_rho"":null,""inversion_channel"":18.5,""period_ms"":72.2000002861023}"
192969,1,2861.5,2861.5,False,1.0,"{""inversion_rho"":null,""inversion_channel"":20.5,""period_ms"":72.2000002861023}"
192969,1,2931.0999,2931.0999,False,1.0,"{""inversion_rho"":null,""inversion_channel"":19.5,""period_ms"":72.2000002861023}"
192969,1,2958.8001,2958.8001,False,1.0,"{""inversion_rho"":null,""inversion_channel"":18.5,""period_ms"":72.45016098022461}"
192969,1,3026.0,3026.0,False,1.0,"{""inversion_rho"":null,""inversion_channel"":19.5,""period_ms"":72.45016098022461}"
192969,1,3098.4001,3098.4001,False,1.0,"{""inversion_rho"":null,""inversion_channel"":20.0,""period_ms"":72.45016098022461}"
192969,1,3171.9999,3171.9999,False,1.0,"{""inversion_rho"":null,""inversion_channel"":20.0,""period_ms"":72.45016098022461}"
192969,1,3243.7,3243.7,False,0.375,"{""inversion_rho"":null,""inversion_channel"":20.5,""period_ms"":72.45016098022461}"
192969,1,3317.6,3317.6,False,1.0,"{""inversion_rho"":null,""inversion_channel"":20.5,""period_ms"":72.45016098022461}"
192969,1,3389.3001,3389.3001,False,0.75,"{""inversion_rho"":null,""inversion_channel"":18.5,""period_ms"":72.45016098022461}"
192969,1,3460.9001,3460.9001,False,1.0,"{""inversion_rho"":null,""inversion_channel"":20.5,""period_ms"":72.45016098022461}"
192969,1,3533.6001,3533.6001,False,1.0,"{""inversion_rho"":null,""inversion_channel"":20.5,""period_ms"":72.45016098022461}"
192969,1,3607.3999,3607.3999,False,1.0,"{""inversion_rho"":null,""inversion_channel"":19.5,""period_ms"":72.45016098022461}"
192969,1,3679.3001,3679.3001,False,1.0,"{""inversion_rho"":null,""inversion_channel"":20.0,""period_ms"":72.45016098022461}"
192969,1,3750.0999,3750.0999,False,1.0,"{""inversion_rho"":null,""inversion_channel"":20.0,""period_ms"":72.45016098022461}"
192969,1,3823.2,3823.2,False,0.375,"{""inversion_rho"":null,""inversion_channel"":20.5,""period_ms"":72.45016098022461}"
192969,1,3895.6001,3895.6001,False,1.0,"{""inversion_rho"":null,""inversion_channel"":20.5,""period_ms"":72.45016098022461}"
192969,1,3966.3999,3966.3999,False,1.0,"{""inversion_rho"":null,""inversion_channel"":20.5,""period_ms"":72.45016098022461}"
192969,1,4036.9,4036.9,False,1.0,"{""inversion_rho"":null,""inversion_channel"":20.5,""period_ms"":72.45016098022461}"
192969,1,4110.0998,4110.0998,False,1.0,"{""inversion_rho"":null,""inversion_channel"":20.0,""period_ms"":72.45016098022461}"
192969,1,4182.6,4182.6,False,1.0,"{""inversion_rho"":null,""inversion_channel"":20.5,""period_ms"":72.45016098022461}"
192969,1,4255.4002,4255.4002,False,1.0,"{""inversion_rho"":null,""inversion_channel"":20.0,""period_ms"":72.45016098022461}"
192969,1,4331.6002,4331.6002,False,1.0,"{""inversion_rho"":null,""inversion_channel"":20.5,""period_ms"":72.45016098022461}"
192969,1,4405.6001,4405.6001,False,1.0,"{""inversion_rho"":null,""inversion_channel"":20.5,""period_ms"":72.45016098022461}"
192969,1,4478.4002,4478.4002,False,1.0,"{""inversion_rho"":null,""inversion_channel"":20.5,""period_ms"":72.45016098022461}"
192969,1,4549.0999,4549.0999,False,1.0,"{""inversion_rho"":null,""inversion_channel"":20.0,""period_ms"":72.45016098022461}"
192969,1,4554.2998,4554.2998,False,1.0,"{""inversion_rho"":null,""inversion_channel"":19.0,""period_ms"":71.79975509643555}"
192969,1,4619.7,4619.7,False,1.0,"{""inversion_rho"":null,""inversion_channel"":20.0,""period_ms"":71.79975509643555}"
192969,1,4689.7001,4689.7001,False,1.0,"{""inversion_rho"":null,""inversion_channel"":20.5,""period_ms"":71.79975509643555}"
192969,1,4760.3998,4760.3998,False,1.0,"{""inversion_rho"":null,""inversion_channel"":20.5,""period_ms"":71.79975509643555}"
192969,1,4835.4001,4835.4001,False,1.0,"{""inversion_rho"":null,""inversion_channel"":19.5,""period_ms"":71.79975509643555}"
192969,1,4909.4,4909.4,False,1.0,"{""inversion_rho"":null,""inversion_channel"":20.5,""period_ms"":71.79975509643555}"
192969,1,4980.2999,4980.2999,False,0.75,"{""inversion_rho"":null,""inversion_channel"":20.5,""period_ms"":71.79975509643555}"
192969,1,5052.4998,5052.4998,False,0.25,"{""inversion_rho"":null,""inversion_channel"":19.5,""period_ms"":71.79975509643555}"
192969,1,5125.9999,5125.9999,False,1.0,"{""inversion_rho"":null,""inversion_channel"":20.5,""period_ms"":71.79975509643555}"
192969,1,5165.5998,5165.5998,False,1.0,"{""inversion_rho"":null,""inversion_channel"":18.5,""period_ms"":71.79975509643555}"
192969,1,5227.0002,5227.0002,False,1.0,"{""inversion_rho"":null,""inversion_channel"":19.5,""period_ms"":71.79975509643555}"
192969,1,5298.6999,5298.6999,False,1.0,"{""inversion_rho"":null,""inversion_channel"":19.5,""period_ms"":71.79975509643555}"
192969,1,5368.8002,5368.8002,False,1.0,"{""inversion_rho"":null,""inversion_channel"":20.0,""period_ms"":71.79975509643555}"
192969,1,5443.5,5443.5,False,1.0,"{""inversion_rho"":null,""inversion_channel"":20.5,""period_ms"":71.79975509643555}"
192969,1,5517.9,5517.9,False,1.0,"{""inversion_rho"":null,""inversion_channel"":20.5,""period_ms"":71.79975509643555}"
192969,1,5591.1999,5591.1999,False,1.0,"{""inversion_rho"":null,""inversion_channel"":20.5,""period_ms"":71.79975509643555}"
192969,1,5661.6001,5661.6001,False,0.5,"{""inversion_rho"":null,""inversion_channel"":18.5,""period_ms"":71.79975509643555}"
192969,1,5734.3001,5734.3001,False,0.625,"{""inversion_rho"":null,""inversion_channel"":19.5,""period_ms"":71.79975509643555}"
192969,1,5806.2,5806.2,False,0.75,"{""inversion_rho"":null,""inversion_channel"":21.0,""period_ms"":71.79975509643555}"
192969,1,5876.5001,5876.5001,False,1.0,"{""inversion_rho"":null,""inversion_channel"":20.5,""period_ms"":71.79975509643555}"
192969,1,5948.1001,5948.1001,False,1.0,"{""inversion_rho"":null,""inversion_channel"":20.5,""period_ms"":71.79975509643555}"
192969,1,6020.0,6020.0,False,1.0,"{""inversion_rho"":null,""inversion_channel"":19.5,""period_ms"":71.79975509643555}"
192969,1,6094.2998,6094.2998,False,1.0,"{""inversion_rho"":null,""inversion_channel"":19.5,""period_ms"":71.79975509643555}"
192969,1,1207.7,2931.0999,True,1.0,"{""inversion_rho"":null,""inversion_channel"":20.5,""period_ms"":72.2000002861023}"
192969,1,2958.8001,4549.0999,True,1.0,"{""inversion_rho"":null,""inversion_channel"":20.5,""period_ms"":72.45016098022461}"
192969,1,4554.2998,6094.2998,True,1.0,"{""inversion_rho"":null,""inversion_channel"":20.0,""period_ms"":71.79975509643555}"
192996,1,122.1,122.1,False,0.25,"{""inversion_rho"":null,""inversion_channel"":18.5,""period_ms"":null}"
192996,1,135.9,135.9,False,0.5,"{""inversion_rho"":null,""inversion_channel"":31.5,""period_ms"":null}"
192996,1,1218.9,1218.9,False,0.625,"{""inversion_rho"":null,""inversion_channel"":14.5,""period_ms"":null}"
192996,1,1304.9001,1304.9001,False,0.625,"{""inversion_rho"":null,""inversion_channel"":31.5,""period_ms"":null}"
192996,1,1336.9,1336.9,False,1.0,"{""inversion_rho"":null,""inversion_channel"":18.0,""period_ms"":18.19998025894165}"
192996,1,1353.3,1353.3,False,0.625,"{""inversion_rho"":null,""inversion_channel"":31.5,""period_ms"":18.19998025894165}"
192996,1,1373.3,1373.3,False,0.5,"{""inversion_rho"":null,""inversion_channel"":18.5,""period_ms"":18.19998025894165}"
192996,1,1468.7999,1468.7999,False,0.625,"{""inversion_rho"":null,""inversion_channel"":16.5,""period_ms"":31.800031661987305}"
192996,1,1501.9,1501.9,False,0.25,"{""inversion_rho"":null,""inversion_channel"":1.5,""period_ms"":31.800031661987305}"
192996,1,1550.1,1550.1,False,0.625,"{""inversion_rho"":null,""inversion_channel"":15.0,""period_ms"":31.800031661987305}"
192996,1,1572.1999,1572.1999,False,1.0,"{""inversion_rho"":null,""inversion_channel"":25.5,""period_ms"":31.800031661987305}"
192996,1,1602.3999,1602.3999,False,1.0,"{""inversion_rho"":null,""inversion_channel"":11.0,""period_ms"":31.800031661987305}"
192996,1,1622.2,1622.2,False,0.625,"{""inversion_rho"":null,""inversion_channel"":12.0,""period_ms"":31.800031661987305}"
192996,1,1661.5,1661.5,False,1.0,"{""inversion_rho"":null,""inversion_channel"":17.5,""period_ms"":31.800031661987305}"
192996,1,1693.3,1693.3,False,0.625,"{""inversion_rho"":null,""inversion_channel"":13.0,""period_ms"":31.800031661987305}"
192996,1,1705.0,1705.0,False,0.625,"{""inversion_rho"":null,""inversion_channel"":18.0,""period_ms"":9.350001811981201}"
192996,1,1718.0001,1718.0001,False,0.625,"{""inversion_rho"":null,""inversion_channel"":15.5,""period_ms"":9.350001811981201}"
192996,1,1723.7,1723.7,False,0.25,"{""inversion_rho"":null,""inversion_channel"":18.0,""period_ms"":9.350001811981201}"
192996,1,1748.3,1748.3,False,1.0,"{""inversion_rho"":null,""inversion_channel"":12.0,""period_ms"":20.799994468688965}"
192996,1,1759.3,1759.3,False,1.0,"{""inversion_rho"":null,""inversion_channel"":12.5,""period_ms"":20.799994468688965}"
192996,1,1781.9,1781.9,False,0.875,"{""inversion_rho"":null,""inversion_channel"":12.0,""period_ms"":20.799994468688965}"
192996,1,1800.0,1800.0,False,0.375,"{""inversion_rho"":null,""inversion_channel"":17.0,""period_ms"":20.799994468688965}"
192996,1,1823.4,1823.4,False,1.0,"{""inversion_rho"":null,""inversion_channel"":10.5,""period_ms"":20.799994468688965}"
192996,1,1840.8,1840.8,False,0.75,"{""inversion_rho"":null,""inversion_channel"":11.5,""period_ms"":20.799994468688965}"
192996,1,1861.6,1861.6,False,1.0,"{""inversion_rho"":null,""inversion_channel"":10.5,""period_ms"":20.799994468688965}"
192996,1,1911.6,1911.6,False,1.0,"{""inversion_rho"":null,""inversion_channel"":31.5,""period_ms"":20.799994468688965}"
192996,1,1949.8,1949.8,False,1.0,"{""inversion_rho"":null,""inversion_channel"":10.5,""period_ms"":20.799994468688965}"
192996,1,1966.1,1966.1,False,1.0,"{""inversion_rho"":null,""inversion_channel"":10.5,""period_ms"":20.799994468688965}"
192996,1,2014.2,2014.2,False,1.0,"{""inversion_rho"":null,""inversion_channel"":4.0,""period_ms"":66.30003452301025}"
192996,1,2054.8999,2054.8999,False,1.0,"{""inversion_rho"":null,""inversion_channel"":31.5,""period_ms"":66.30003452301025}"
192996,1,2146.8,2146.8,False,0.875,"{""inversion_rho"":null,""inversion_channel"":16.5,""period_ms"":66.30003452301025}"
192996,1,2169.8999,2169.8999,False,0.375,"{""inversion_rho"":null,""inversion_channel"":17.5,""period_ms"":14.700055122375488}"
192996,1,2188.8001,2188.8001,False,1.0,"{""inversion_rho"":null,""inversion_channel"":31.5,""period_ms"":14.700055122375488}"
192996,1,2199.3001,2199.3001,False,1.0,"{""inversion_rho"":null,""inversion_channel"":13.5,""period_ms"":14.700055122375488}"
192996,1,2239.1,2239.1,False,0.5,"{""inversion_rho"":null,""inversion_channel"":18.5,""period_ms"":35.30001640319824}"
192996,1,2255.7001,2255.7001,False,1.0,"{""inversion_rho"":null,""inversion_channel"":31.5,""period_ms"":35.30001640319824}"
192996,1,2290.0,2290.0,False,0.5,"{""inversion_rho"":null,""inversion_channel"":15.0,""period_ms"":35.30001640319824}"
192996,1,2335.7,2335.7,False,0.625,"{""inversion_rho"":null,""inversion_channel"":17.0,""period_ms"":35.30001640319824}"
192996,1,2357.1999,2357.1999,False,0.875,"{""inversion_rho"":null,""inversion_channel"":16.5,""period_ms"":35.30001640319824}"
192996,1,2393.5001,2393.5001,False,0.625,"{""inversion_rho"":null,""inversion_channel"":18.5,""period_ms"":35.30001640319824}"
192996,1,2411.4001,2411.4001,False,0.25,"{""inversion_rho"":null,""inversion_channel"":16.5,""period_ms"":35.30001640319824}"
192996,1,2454.7999,2454.7999,False,0.25,"{""inversion_rho"":null,""inversion_channel"":19.0,""period_ms"":35.30001640319824}"
192996,1,2536.6001,2536.6001,False,0.5,"{""inversion_rho"":null,""inversion_channel"":23.5,""period_ms"":35.30001640319824}"
192996,1,2543.0,2543.0,False,0.625,"{""inversion_rho"":null,""inversion_channel"":21.0,""period_ms"":null}"
192996,1,2620.8999,2620.8999,False,0.625,"{""inversion_rho"":null,""inversion_channel"":19.5,""period_ms"":null}"
192996,1,2634.1,2634.1,False,0.625,"{""inversion_rho"":null,""inversion_channel"":18.5,""period_ms"":20.200014114379883}"
192996,1,2643.6999,2643.6999,False,0.875,"{""inversion_rho"":null,""inversion_channel"":25.5,""period_ms"":20.200014114379883}"
192996,1,2663.8999,2663.8999,False,1.0,"{""inversion_rho"":null,""inversion_channel"":21.0,""period_ms"":20.200014114379883}"
192996,1,2684.9,2684.9,False,1.0,"{""inversion_rho"":null,""inversion_channel"":21.0,""period_ms"":20.200014114379883}"
192996,1,2691.6001,2691.6001,False,0.625,"{""inversion_rho"":null,""inversion_channel"":19.0,""period_ms"":39.39998149871826}"
192996,1,2717.0999,2717.0999,False,1.0,"{""inversion_rho"":null,""inversion_channel"":24.5,""period_ms"":39.39998149871826}"
192996,1,2770.4,2770.4,False,1.0,"{""inversion_rho"":null,""inversion_channel"":17.5,""period_ms"":39.39998149871826}"
192996,1,2945.4999,2945.4999,False,1.0,"{""inversion_rho"":null,""inversion_channel"":26.5,""period_ms"":12.89987564086914}"
192996,1,2957.5,2957.5,False,0.875,"{""inversion_rho"":null,""inversion_channel"":32.5,""period_ms"":12.89987564086914}"
192996,1,2972.3001,2972.3001,False,0.375,"{""inversion_rho"":null,""inversion_channel"":19.5,""period_ms"":12.89987564086914}"
192996,1,2985.1999,2985.1999,False,0.375,"{""inversion_rho"":null,""inversion_channel"":19.0,""period_ms"":12.89987564086914}"
192996,1,3046.7,3046.7,False,1.0,"{""inversion_rho"":null,""inversion_channel"":4.0,""period_ms"":null}"
192996,1,3172.3001,3172.3001,False,1.0,"{""inversion_rho"":null,""inversion_channel"":22.5,""period_ms"":null}"
192996,1,3190.5,3190.5,False,0.25,"{""inversion_rho"":null,""inversion_channel"":36.5,""period_ms"":10.249972343444824}"
192996,1,3195.8001,3195.8001,False,0.375,"{""inversion_rho"":null,""inversion_channel"":2.5,""period_ms"":10.249972343444824}"
192996,1,3206.3,3206.3,False,1.0,"{""inversion_rho"":null,""inversion_channel"":22.0,""period_ms"":10.249972343444824}"
192996,1,3224.8001,3224.8001,False,0.375,"{""inversion_rho"":null,""inversion_channel"":9.0,""period_ms"":10.249972343444824}"
192996,1,3234.6001,3234.6001,False,0.5,"{""inversion_rho"":null,""inversion_channel"":36.5,""period_ms"":10.249972343444824}"
192996,1,3244.6001,3244.6001,False,1.0,"{""inversion_rho"":null,""inversion_channel"":32.5,""period_ms"":10.249972343444824}"
192996,1,3255.1,3255.1,False,1.0,"{""inversion_rho"":null,""inversion_channel"":21.5,""period_ms"":10.249972343444824}"
192996,1,3344.1999,3344.1999,False,1.0,"{""inversion_rho"":null,""inversion_channel"":20.5,""period_ms"":null}"
192996,1,3362.2,3362.2,False,0.5,"{""inversion_rho"":null,""inversion_channel"":17.0,""period_ms"":null}"
192996,1,3369.2999,3369.2999,False,0.625,"{""inversion_rho"":null,""inversion_channel"":14.0,""period_ms"":8.700013160705566}"
192996,1,3376.9,3376.9,False,0.875,"{""inversion_rho"":null,""inversion_channel"":24.5,""period_ms"":8.700013160705566}"
192996,1,3383.5001,3383.5001,False,0.875,"{""inversion_rho"":null,""inversion_channel"":37.5,""period_ms"":8.700013160705566}"
192996,1,3394.1,3394.1,False,0.625,"{""inversion_rho"":null,""inversion_channel"":25.0,""period_ms"":8.700013160705566}"
192996,1,3403.8999,3403.8999,False,0.375,"{""inversion_rho"":null,""inversion_channel"":23.0,""period_ms"":8.700013160705566}"
192996,1,3448.2,3448.2,False,0.25,"{""inversion_rho"":null,""inversion_channel"":24.5,""period_ms"":8.149981498718262}"
192996,1,3457.0999,3457.0999,False,0.375,"{""inversion_rho"":null,""inversion_channel"":36.5,""period_ms"":8.149981498718262}"
192996,1,3464.5,3464.5,False,0.5,"{""inversion_rho"":null,""inversion_channel"":4.5,""period_ms"":8.149981498718262}"
192996,1,3523.9999,3523.9999,False,1.0,"{""inversion_rho"":null,""inversion_channel"":27.5,""period_ms"":9.750008583068848}"
192996,1,3531.1,3531.1,False,1.0,"{""inversion_rho"":null,""inversion_channel"":27.5,""period_ms"":9.750008583068848}"
192996,1,3541.1999,3541.1999,False,0.5,"{""inversion_rho"":null,""inversion_channel"":24.5,""period_ms"":9.750008583068848}"
192996,1,3547.9,3547.9,False,0.875,"{""inversion_rho"":null,""inversion_channel"":27.5,""period_ms"":9.750008583068848}"
192996,1,3557.3001,3557.3001,False,0.75,"{""inversion_rho"":null,""inversion_channel"":26.5,""period_ms"":9.750008583068848}"
192996,1,3566.4999,3566.4999,False,0.25,"{""inversion_rho"":null,""inversion_channel"":23.0,""period_ms"":9.750008583068848}"
192996,1,3581.0001,3581.0001,False,0.25,"{""inversion_rho"":null,""inversion_channel"":17.5,""period_ms"":9.750008583068848}"
192996,1,3593.2,3593.2,False,0.875,"{""inversion_rho"":null,""inversion_channel"":24.0,""period_ms"":9.750008583068848}"
192996,1,3612.6001,3612.6001,False,1.0,"{""inversion_rho"":null,""inversion_channel"":26.5,""period_ms"":9.750008583068848}"
192996,1,3618.4001,3618.4001,False,1.0,"{""inversion_rho"":null,""inversion_channel"":6.0,""period_ms"":null}"
192996,1,3687.7999,3687.7999,False,0.375,"{""inversion_rho"":null,""inversion_channel"":37.0,""period_ms"":null}"
192996,1,3698.0,3698.0,False,0.25,"{""inversion_rho"":null,""inversion_channel"":24.5,""period_ms"":null}"
192996,1,3706.1,3706.1,False,0.5,"{""inversion_rho"":null,""inversion_channel"":8.0,""period_ms"":null}"
192996,1,3774.6,3774.6,False,0.875,"{""inversion_rho"":null,""inversion_channel"":25.5,""period_ms"":null}"
192996,1,3805.7001,3805.7001,False,0.25,"{""inversion_rho"":null,""inversion_channel"":25.0,""period_ms"":null}"
192996,1,3817.1999,3817.1999,False,0.875,"{""inversion_rho"":null,""inversion_channel"":5.5,""period_ms"":44.39997673034668}"
192996,1,3861.5999,3861.5999,False,1.0,"{""inversion_rho"":null,""inversion_channel"":7.0,""period_ms"":44.39997673034668}"
192996,1,3895.9,3895.9,False,0.875,"{""inversion_rho"":null,""inversion_channel"":37.0,""period_ms"":44.39997673034668}"
192996,1,3956.8999,3956.8999,False,0.75,"{""inversion_rho"":null,""inversion_channel"":5.5,""period_ms"":44.39997673034668}"
192996,1,3965.5001,3965.5001,False,1.0,"{""inversion_rho"":null,""inversion_channel"":28.5,""period_ms"":50.70018768310547}"
192996,1,4039.7,4039.7,False,0.5,"{""inversion_rho"":null,""inversion_channel"":14.5,""period_ms"":50.70018768310547}"
192996,1,4082.7999,4082.7999,False,0.5,"{""inversion_rho"":null,""inversion_channel"":39.5,""period_ms"":50.70018768310547}"
192996,1,4133.5001,4133.5001,False,0.5,"{""inversion_rho"":null,""inversion_channel"":30.5,""period_ms"":50.70018768310547}"
192996,1,4144.0001,4144.0001,False,0.375,"{""inversion_rho"":null,""inversion_channel"":28.5,""period_ms"":18.69988441467285}"
192996,1,4157.0001,4157.0001,False,0.25,"{""inversion_rho"":null,""inversion_channel"":27.0,""period_ms"":18.69988441467285}"
192996,1,4181.3998,4181.3998,False,0.625,"{""inversion_rho"":null,""inversion_channel"":25.5,""period_ms"":18.69988441467285}"
192996,1,4248.8999,4248.8999,False,0.25,"{""inversion_rho"":null,""inversion_channel"":1.5,""period_ms"":61.100006103515625}"
192996,1,4336.0,4336.0,False,1.0,"{""inversion_rho"":null,""inversion_channel"":37.5,""period_ms"":61.100006103515625}"
192996,1,4371.0999,4371.0999,False,1.0,"{""inversion_rho"":null,""inversion_channel"":36.5,""period_ms"":61.100006103515625}"
192996,1,4698.7,4698.7,False,0.25,"{""inversion_rho"":null,""inversion_channel"":26.5,""period_ms"":13.700008392333984}"
192996,1,4706.8,4706.8,False,0.25,"{""inversion_rho"":null,""inversion_channel"":26.5,""period_ms"":13.700008392333984}"
192996,1,4726.1,4726.1,False,0.625,"{""inversion_rho"":null,""inversion_channel"":16.0,""period_ms"":13.700008392333984}"
192996,1,4732.2998,4732.2998,False,0.5,"{""inversion_rho"":null,""inversion_channel"":21.0,""period_ms"":9.50002670288086}"
192996,1,4743.0,4743.0,False,0.375,"{""inversion_rho"":null,""inversion_channel"":36.5,""period_ms"":9.50002670288086}"
192996,1,4756.8002,4756.8002,False,0.5,"{""inversion_rho"":null,""inversion_channel"":8.0,""period_ms"":9.50002670288086}"
192996,1,4765.1,4765.1,False,0.25,"{""inversion_rho"":null,""inversion_channel"":27.5,""period_ms"":9.50002670288086}"
192996,1,4772.9998,4772.9998,False,0.25,"{""inversion_rho"":null,""inversion_channel"":28.5,""period_ms"":9.50002670288086}"
192996,1,5028.6999,5028.6999,False,0.5,"{""inversion_rho"":null,""inversion_channel"":36.5,""period_ms"":21.500110626220703}"
192996,1,5046.9999,5046.9999,False,0.375,"{""inversion_rho"":null,""inversion_channel"":28.5,""period_ms"":21.500110626220703}"
192996,1,5066.2999,5066.2999,False,1.0,"{""inversion_rho"":null,""inversion_channel"":36.5,""period_ms"":21.500110626220703}"
192996,1,5109.9,5109.9,False,1.0,"{""inversion_rho"":null,""inversion_channel"":21.5,""period_ms"":21.500110626220703}"
192996,1,5133.6002,5133.6002,False,1.0,"{""inversion_rho"":null,""inversion_channel"":20.5,""period_ms"":21.500110626220703}"
192996,1,5210.5999,5210.5999,False,1.0,"{""inversion_rho"":null,""inversion_channel"":18.5,""period_ms"":16.700267791748047}"
192996,1,5227.3002,5227.3002,False,1.0,"{""inversion_rho"":null,""inversion_channel"":18.0,""period_ms"":16.700267791748047}"
192996,1,5258.9002,5258.9002,False,1.0,"{""inversion_rho"":null,""inversion_channel"":17.0,""period_ms"":16.700267791748047}"
192996,1,5281.4999,5281.4999,False,1.0,"{""inversion_rho"":null,""inversion_channel"":16.5,""period_ms"":16.700267791748047}"
192996,1,5290.8001,5290.8001,False,0.5,"{""inversion_rho"":null,""inversion_channel"":16.5,""period_ms"":16.700267791748047}"
192996,1,5307.4002,5307.4002,False,0.5,"{""inversion_rho"":null,""inversion_channel"":17.0,""period_ms"":16.700267791748047}"
192996,1,5540.8001,5540.8001,False,1.0,"{""inversion_rho"":null,""inversion_channel"":14.5,""period_ms"":null}"
192996,1,5593.8001,5593.8001,False,1.0,"{""inversion_rho"":null,""inversion_channel"":13.5,""period_ms"":null}"
192996,1,5612.8998,5612.8998,False,0.75,"{""inversion_rho"":null,""inversion_channel"":12.5,""period_ms"":9.50002670288086}"
192996,1,5632.1001,5632.1001,False,1.0,"{""inversion_rho"":null,""inversion_channel"":14.0,""period_ms"":9.50002670288086}"
192996,1,5644.0001,5644.0001,False,1.0,"{""inversion_rho"":null,""inversion_channel"":13.5,""period_ms"":9.50002670288086}"
192996,1,5651.7,5651.7,False,1.0,"{""inversion_rho"":null,""inversion_channel"":11.5,""period_ms"":9.50002670288086}"
192996,1,5668.6001,5668.6001,False,1.0,"{""inversion_rho"":null,""inversion_channel"":32.5,""period_ms"":9.50002670288086}"
192996,1,5677.1998,5677.1998,False,1.0,"{""inversion_rho"":null,""inversion_channel"":12.5,""period_ms"":9.50002670288086}"
192996,1,5693.2998,5693.2998,False,0.875,"{""inversion_rho"":null,""inversion_channel"":34.0,""period_ms"":9.50002670288086}"
192996,1,5702.3001,5702.3001,False,1.0,"{""inversion_rho"":null,""inversion_channel"":7.0,""period_ms"":9.50002670288086}"
192996,1,5713.2001,5713.2001,False,1.0,"{""inversion_rho"":null,""inversion_channel"":33.5,""period_ms"":9.50002670288086}"
192996,1,5723.4998,5723.4998,False,1.0,"{""inversion_rho"":null,""inversion_channel"":35.5,""period_ms"":9.50002670288086}"
192996,1,5730.1002,5730.1002,False,0.625,"{""inversion_rho"":null,""inversion_channel"":7.5,""period_ms"":9.50002670288086}"
192996,1,5737.0,5737.0,False,1.0,"{""inversion_rho"":null,""inversion_channel"":34.5,""period_ms"":9.50002670288086}"
192996,1,5746.5,5746.5,False,1.0,"{""inversion_rho"":null,""inversion_channel"":35.0,""period_ms"":9.50002670288086}"
192996,1,5756.0,5756.0,False,0.625,"{""inversion_rho"":null,""inversion_channel"":35.0,""period_ms"":9.50002670288086}"
192996,1,5765.2998,5765.2998,False,1.0,"{""inversion_rho"":null,""inversion_channel"":5.5,""period_ms"":9.50002670288086}"
192996,1,5776.5999,5776.5999,False,1.0,"{""inversion_rho"":null,""inversion_channel"":34.0,""period_ms"":9.50002670288086}"
192996,1,1336.9,1373.3,True,1.0,"{""inversion_rho"":null,""inversion_channel"":18.5,""period_ms"":18.19998025894165}"
192996,1,1468.7999,1693.3,True,1.0,"{""inversion_rho"":null,""inversion_channel"":14.0,""period_ms"":31.800031661987305}"
192996,1,1705.0,1723.7,True,1.0,"{""inversion_rho"":null,""inversion_channel"":18.0,""period_ms"":9.350001811981201}"
192996,1,1748.3,1966.1,True,1.0,"{""inversion_rho"":null,""inversion_channel"":11.75,""period_ms"":20.799994468688965}"
192996,1,2014.2,2146.8,True,1.0,"{""inversion_rho"":null,""inversion_channel"":16.5,""period_ms"":66.30003452301025}"
192996,1,2169.8999,2199.3001,True,1.0,"{""inversion_rho"":null,""inversion_channel"":17.5,""period_ms"":14.700055122375488}"
192996,1,2239.1,2536.6001,True,1.0,"{""inversion_rho"":null,""inversion_channel"":18.5,""period_ms"":35.30001640319824}"
192996,1,2634.1,2684.9,True,1.0,"{""inversion_rho"":null,""inversion_channel"":21.0,""period_ms"":20.200014114379883}"
192996,1,2691.6001,2770.4,True,1.0,"{""inversion_rho"":null,""inversion_channel"":19.0,""period_ms"":39.39998149871826}"
192996,1,2945.4999,2985.1999,True,1.0,"{""inversion_rho"":null,""inversion_channel"":23.0,""period_ms"":12.89987564086914}"
192996,1,3190.5,3255.1,True,1.0,"{""inversion_rho"":null,""inversion_channel"":22.0,""period_ms"":10.249972343444824}"
192996,1,3369.2999,3403.8999,True,1.0,"{""inversion_rho"":null,""inversion_channel"":24.5,""period_ms"":8.700013160705566}"
192996,1,3448.2,3464.5,True,1.0,"{""inversion_rho"":null,""inversion_channel"":24.5,""period_ms"":8.149981498718262}"
192996,1,3523.9999,3612.6001,True,1.0,"{""inversion_rho"":null,""inversion_channel"":26.5,""period_ms"":9.750008583068848}"
192996,1,3817.1999,3956.8999,True,1.0,"{""inversion_rho"":null,""inversion_channel"":6.25,""period_ms"":44.39997673034668}"
192996,1,3965.5001,4133.5001,True,1.0,"{""inversion_rho"":null,""inversion_channel"":29.5,""period_ms"":50.70018768310547}"
192996,1,4144.0001,4181.3998,True,1.0,"{""inversion_rho"":null,""inversion_channel"":27.0,""period_ms"":18.69988441467285}"
192996,1,4248.8999,4371.0999,True,1.0,"{""inversion_rho"":null,""inversion_channel"":36.5,""period_ms"":61.100006103515625}"
192996,1,4698.7,4726.1,True,1.0,"{""inversion_rho"":null,""inversion_channel"":26.5,""period_ms"":13.700008392333984}"
192996,1,4732.2998,4772.9998,True,1.0,"{""inversion_rho"":null,""inversion_channel"":27.5,""period_ms"":9.50002670288086}"
192996,1,5028.6999,5133.6002,True,1.0,"{""inversion_rho"":null,""inversion_channel"":28.5,""period_ms"":21.500110626220703}"
192996,1,5210.5999,5307.4002,True,1.0,"{""inversion_rho"":null,""inversion_channel"":17.0,""period_ms"":16.700267791748047}"
192996,1,5612.8998,5776.5999,True,1.0,"{""inversion_rho"":null,""inversion_channel"":23.25,""period_ms"":9.50002670288086}"
193008,1,58.4,58.4,False,0.5,"{""inversion_rho"":null,""inversion_channel"":2.5,""period_ms"":10.200001299381256}"
193008,1,67.6,67.6,False,1.0,"{""inversion_rho"":null,""inversion_channel"":5.0,""period_ms"":10.200001299381256}"
193008,1,77.8,77.8,False,0.5,"{""inversion_rho"":null,""inversion_channel"":33.0,""period_ms"":10.200001299381256}"
193008,1,95.7,95.7,False,1.0,"{""inversion_rho"":null,""inversion_channel"":30.5,""period_ms"":10.200001299381256}"
193008,1,144.3,144.3,False,1.0,"{""inversion_rho"":null,""inversion_channel"":32.0,""period_ms"":null}"
193008,1,154.2,154.2,False,0.625,"{""inversion_rho"":null,""inversion_channel"":34.5,""period_ms"":null}"
193008,1,1687.2,1687.2,False,0.375,"{""inversion_rho"":null,""inversion_channel"":33.5,""period_ms"":60.900092124938965}"
193008,1,1748.1,1748.1,False,1.0,"{""inversion_rho"":null,""inversion_channel"":31.5,""period_ms"":60.900092124938965}"
193008,1,1795.7,1795.7,False,1.0,"{""inversion_rho"":null,""inversion_channel"":12.0,""period_ms"":60.900092124938965}"
193008,1,1866.1,1866.1,False,1.0,"{""inversion_rho"":null,""inversion_channel"":12.0,""period_ms"":60.900092124938965}"
193008,1,1940.8,1940.8,False,1.0,"{""inversion_rho"":null,""inversion_channel"":33.5,""period_ms"":60.900092124938965}"
193008,1,1991.5,1991.5,False,1.0,"{""inversion_rho"":null,""inversion_channel"":15.5,""period_ms"":60.900092124938965}"
193008,1,2007.7,2007.7,False,1.0,"{""inversion_rho"":null,""inversion_channel"":13.5,""period_ms"":56.10001087188721}"
193008,1,2087.5001,2087.5001,False,1.0,"{""inversion_rho"":null,""inversion_channel"":12.5,""period_ms"":56.10001087188721}"
193008,1,2119.9,2119.9,False,1.0,"{""inversion_rho"":null,""inversion_channel"":31.5,""period_ms"":56.10001087188721}"
193008,1,2231.4,2231.4,False,1.0,"{""inversion_rho"":null,""inversion_channel"":1.5,""period_ms"":31.399965286254883}"
193008,1,2262.8,2262.8,False,1.0,"{""inversion_rho"":null,""inversion_channel"":11.5,""period_ms"":31.399965286254883}"
193008,1,2296.0,2296.0,False,1.0,"{""inversion_rho"":null,""inversion_channel"":13.5,""period_ms"":31.399965286254883}"
193008,1,2316.9,2316.9,False,1.0,"{""inversion_rho"":null,""inversion_channel"":31.5,""period_ms"":31.399965286254883}"
193008,1,2386.4,2386.4,False,1.0,"{""inversion_rho"":null,""inversion_channel"":13.0,""period_ms"":37.7500057220459}"
193008,1,2424.9001,2424.9001,False,1.0,"{""inversion_rho"":null,""inversion_channel"":13.5,""period_ms"":37.7500057220459}"
193008,1,2459.7001,2459.7001,False,1.0,"{""inversion_rho"":null,""inversion_channel"":11.0,""period_ms"":37.7500057220459}"
193008,1,2517.4,2517.4,False,1.0,"{""inversion_rho"":null,""inversion_channel"":12.5,""period_ms"":37.7500057220459}"
193008,1,2554.4,2554.4,False,1.0,"{""inversion_rho"":null,""inversion_channel"":13.5,""period_ms"":37.7500057220459}"
193008,1,2888.2999,2888.2999,False,1.0,"{""inversion_rho"":null,""inversion_channel"":9.5,""period_ms"":8.499979972839355}"
193008,1,2899.2,2899.2,False,0.5,"{""inversion_rho"":null,""inversion_channel"":9.5,""period_ms"":8.499979972839355}"
193008,1,2905.2999,2905.2999,False,0.875,"{""inversion_rho"":null,""inversion_channel"":8.5,""period_ms"":8.499979972839355}"
193008,1,3036.2,3036.2,False,1.0,"{""inversion_rho"":null,""inversion_channel"":18.0,""period_ms"":null}"
193008,1,4264.9999,4264.9999,False,1.0,"{""inversion_rho"":null,""inversion_channel"":32.5,""period_ms"":132.55000114440918}"
193008,1,4450.3002,4450.3002,False,0.375,"{""inversion_rho"":null,""inversion_channel"":10.0,""period_ms"":132.55000114440918}"
193008,1,4530.0999,4530.0999,False,1.0,"{""inversion_rho"":null,""inversion_channel"":2.5,""period_ms"":132.55000114440918}"
193008,1,4537.7998,4537.7998,False,0.25,"{""inversion_rho"":null,""inversion_channel"":22.5,""period_ms"":8.299827575683594}"
193008,1,4548.6002,4548.6002,False,1.0,"{""inversion_rho"":null,""inversion_channel"":3.5,""period_ms"":8.299827575683594}"
193008,1,4560.5001,4560.5001,False,1.0,"{""inversion_rho"":null,""inversion_channel"":12.0,""period_ms"":8.299827575683594}"
193008,1,4570.3001,4570.3001,False,0.625,"{""inversion_rho"":null,""inversion_channel"":2.5,""period_ms"":8.299827575683594}"
193008,1,4593.5001,4593.5001,False,0.375,"{""inversion_rho"":null,""inversion_channel"":12.5,""period_ms"":8.299827575683594}"
193008,1,4603.0998,4603.0998,False,0.625,"{""inversion_rho"":null,""inversion_channel"":36.5,""period_ms"":8.299827575683594}"
193008,1,4610.7998,4610.7998,False,0.375,"{""inversion_rho"":null,""inversion_channel"":32.0,""period_ms"":8.299827575683594}"
193008,1,4616.0002,4616.0002,False,0.5,"{""inversion_rho"":null,""inversion_channel"":36.5,""period_ms"":8.299827575683594}"
193008,1,4621.6998,4621.6998,False,0.25,"{""inversion_rho"":null,""inversion_channel"":10.0,""period_ms"":8.299827575683594}"
193008,1,4632.2999,4632.2999,False,0.5,"{""inversion_rho"":null,""inversion_channel"":17.5,""period_ms"":8.299827575683594}"
193008,1,4637.8999,4637.8999,False,0.5,"{""inversion_rho"":null,""inversion_channel"":32.0,""period_ms"":8.299827575683594}"
193008,1,4647.3999,4647.3999,False,1.0,"{""inversion_rho"":null,""inversion_channel"":4.5,""period_ms"":8.299827575683594}"
193008,1,4657.4001,4657.4001,False,0.5,"{""inversion_rho"":null,""inversion_channel"":11.5,""period_ms"":8.299827575683594}"
193008,1,4665.7,4665.7,False,1.0,"{""inversion_rho"":null,""inversion_channel"":5.5,""period_ms"":8.299827575683594}"
193008,1,4679.2998,4679.2998,False,0.625,"{""inversion_rho"":null,""inversion_channel"":18.0,""period_ms"":8.299827575683594}"
193008,1,4687.6998,4687.6998,False,0.375,"{""inversion_rho"":null,""inversion_channel"":38.0,""period_ms"":8.299827575683594}"
193008,1,4694.7999,4694.7999,False,0.25,"{""inversion_rho"":null,""inversion_channel"":33.5,""period_ms"":8.299827575683594}"
193008,1,4701.0002,4701.0002,False,0.25,"{""inversion_rho"":null,""inversion_channel"":36.0,""period_ms"":8.299827575683594}"
193008,1,4706.2998,4706.2998,False,0.25,"{""inversion_rho"":null,""inversion_channel"":37.5,""period_ms"":8.299827575683594}"
193008,1,4711.7,4711.7,False,1.0,"{""inversion_rho"":null,""inversion_channel"":4.5,""period_ms"":8.299827575683594}"
193008,1,4717.9999,4717.9999,False,0.375,"{""inversion_rho"":null,""inversion_channel"":13.5,""period_ms"":8.299827575683594}"
193008,1,4725.1,4725.1,False,1.0,"{""inversion_rho"":null,""inversion_channel"":39.5,""period_ms"":8.299827575683594}"
193008,1,4736.5999,4736.5999,False,0.25,"{""inversion_rho"":null,""inversion_channel"":17.5,""period_ms"":8.299827575683594}"
193008,1,4744.9002,4744.9002,False,0.25,"{""inversion_rho"":null,""inversion_channel"":10.0,""period_ms"":8.299827575683594}"
193008,1,4750.9999,4750.9999,False,0.25,"{""inversion_rho"":null,""inversion_channel"":17.5,""period_ms"":8.299827575683594}"
193008,1,4757.1998,4757.1998,False,0.75,"{""inversion_rho"":null,""inversion_channel"":12.5,""period_ms"":8.299827575683594}"
193008,1,58.4,95.7,True,1.0,"{""inversion_rho"":null,""inversion_channel"":17.75,""period_ms"":10.200001299381256}"
193008,1,1687.2,1991.5,True,1.0,"{""inversion_rho"":null,""inversion_channel"":23.5,""period_ms"":60.900092124938965}"
193008,1,2007.7,2119.9,True,1.0,"{""inversion_rho"":null,""inversion_channel"":13.5,""period_ms"":56.10001087188721}"
193008,1,2231.4,2316.9,True,1.0,"{""inversion_rho"":null,""inversion_channel"":12.5,""period_ms"":31.399965286254883}"
193008,1,2386.4,2554.4,True,1.0,"{""inversion_rho"":null,""inversion_channel"":13.0,""period_ms"":37.7500057220459}"
193008,1,2888.2999,2905.2999,True,1.0,"{""inversion_rho"":null,""inversion_channel"":9.5,""period_ms"":8.499979972839355}"
193008,1,4264.9999,4530.0999,True,1.0,"{""inversion_rho"":null,""inversion_channel"":10.0,""period_ms"":132.55000114440918}"
193008,1,4537.7998,4757.1998,True,1.0,"{""inversion_rho"":null,""inversion_channel"":17.5,""period_ms"":8.299827575683594}"
193016,1,106.6,106.6,False,1.0,"{""inversion_rho"":null,""inversion_channel"":22.5,""period_ms"":null}"
193016,1,231.4,231.4,False,0.25,"{""inversion_rho"":null,""inversion_channel"":38.0,""period_ms"":null}"
193016,1,237.4,237.4,False,0.5,"{""inversion_rho"":null,""inversion_channel"":31.5,""period_ms"":null}"
193016,1,248.2,248.2,False,0.375,"{""inversion_rho"":null,""inversion_channel"":22.0,""period_ms"":null}"
193016,1,1133.9,1133.9,False,0.875,"{""inversion_rho"":null,""inversion_channel"":9.5,""period_ms"":null}"
193016,1,1230.9999,1230.9999,False,0.875,"{""inversion_rho"":null,""inversion_channel"":9.5,""period_ms"":null}"
193016,1,1251.0,1251.0,False,0.875,"{""inversion_rho"":null,""inversion_channel"":27.0,""period_ms"":null}"
193016,1,1360.5,1360.5,False,1.0,"{""inversion_rho"":null,""inversion_channel"":27.0,""period_ms"":null}"
193016,1,1403.2,1403.2,False,0.875,"{""inversion_rho"":null,""inversion_channel"":27.5,""period_ms"":33.699989318847656}"
193016,1,1426.6,1426.6,False,1.0,"{""inversion_rho"":null,""inversion_channel"":8.0,""period_ms"":33.699989318847656}"
193016,1,1479.4,1479.4,False,1.0,"{""inversion_rho"":null,""inversion_channel"":7.0,""period_ms"":33.699989318847656}"
193016,1,1513.1,1513.1,False,0.75,"{""inversion_rho"":null,""inversion_channel"":8.0,""period_ms"":33.699989318847656}"
193016,1,1552.3,1552.3,False,1.0,"{""inversion_rho"":null,""inversion_channel"":11.0,""period_ms"":33.699989318847656}"
193016,1,1595.7,1595.7,False,1.0,"{""inversion_rho"":null,""inversion_channel"":25.5,""period_ms"":33.699989318847656}"
193016,1,1628.3,1628.3,False,0.875,"{""inversion_rho"":null,""inversion_channel"":13.0,""period_ms"":33.699989318847656}"
193016,1,1658.5,1658.5,False,1.0,"{""inversion_rho"":null,""inversion_channel"":28.5,""period_ms"":33.699989318847656}"
193016,1,1783.1,1783.1,False,1.0,"{""inversion_rho"":null,""inversion_channel"":25.5,""period_ms"":45.65000534057617}"
193016,1,1834.2,1834.2,False,1.0,"{""inversion_rho"":null,""inversion_channel"":26.5,""period_ms"":45.65000534057617}"
193016,1,1874.4,1874.4,False,1.0,"{""inversion_rho"":null,""inversion_channel"":28.0,""period_ms"":45.65000534057617}"
193016,1,1936.2,1936.2,False,1.0,"{""inversion_rho"":null,""inversion_channel"":6.5,""period_ms"":45.65000534057617}"
193016,1,1991.8,1991.8,False,1.0,"{""inversion_rho"":null,""inversion_channel"":28.5,""period_ms"":45.65000534057617}"
193016,1,2016.0999,2016.0999,False,1.0,"{""inversion_rho"":null,""inversion_channel"":28.5,""period_ms"":45.65000534057617}"
193016,1,2035.7001,2035.7001,False,1.0,"{""inversion_rho"":null,""inversion_channel"":8.5,""period_ms"":45.65000534057617}"
193016,1,2237.0,2237.0,False,1.0,"{""inversion_rho"":null,""inversion_channel"":2.5,""period_ms"":null}"
193016,1,2475.4,2475.4,False,1.0,"{""inversion_rho"":null,""inversion_channel"":21.0,""period_ms"":null}"
193016,1,2528.7001,2528.7001,False,0.75,"{""inversion_rho"":null,""inversion_channel"":3.5,""period_ms"":130.8000087738037}"
193016,1,2644.0001,2644.0001,False,1.0,"{""inversion_rho"":null,""inversion_channel"":22.5,""period_ms"":130.8000087738037}"
193016,1,2793.0,2793.0,False,0.75,"{""inversion_rho"":null,""inversion_channel"":12.5,""period_ms"":130.8000087738037}"
193016,1,2923.8,2923.8,False,1.0,"{""inversion_rho"":null,""inversion_channel"":31.0,""period_ms"":130.8000087738037}"
193016,1,2929.6999,2929.6999,False,1.0,"{""inversion_rho"":null,""inversion_channel"":14.5,""period_ms"":20.49994468688965}"
193016,1,2956.1999,2956.1999,False,1.0,"{""inversion_rho"":null,""inversion_channel"":29.5,""period_ms"":20.49994468688965}"
193016,1,2967.4001,2967.4001,False,1.0,"{""inversion_rho"":null,""inversion_channel"":28.0,""period_ms"":20.49994468688965}"
193016,1,2988.8,2988.8,False,0.625,"{""inversion_rho"":null,""inversion_channel"":14.5,""period_ms"":20.49994468688965}"
193016,1,3009.3,3009.3,False,1.0,"{""inversion_rho"":null,""inversion_channel"":14.5,""period_ms"":20.49994468688965}"
193016,1,3029.4001,3029.4001,False,1.0,"{""inversion_rho"":null,""inversion_channel"":20.5,""period_ms"":20.49994468688965}"
193016,1,3036.0999,3036.0999,False,0.5,"{""inversion_rho"":null,""inversion_channel"":14.5,""period_ms"":null}"
193016,1,3073.2,3073.2,False,0.375,"{""inversion_rho"":null,""inversion_channel"":28.0,""period_ms"":null}"
193016,1,3172.2,3172.2,False,0.375,"{""inversion_rho"":null,""inversion_channel"":19.0,""period_ms"":7.100105285644531}"
193016,1,3185.2,3185.2,False,1.0,"{""inversion_rho"":null,""inversion_channel"":35.5,""period_ms"":7.100105285644531}"
193016,1,3192.3001,3192.3001,False,0.5,"{""inversion_rho"":null,""inversion_channel"":17.5,""period_ms"":7.100105285644531}"
193016,1,3198.2,3198.2,False,0.625,"{""inversion_rho"":null,""inversion_channel"":18.5,""period_ms"":7.100105285644531}"
193016,1,3265.8,3265.8,False,1.0,"{""inversion_rho"":null,""inversion_channel"":27.0,""period_ms"":null}"
193016,1,3352.2999,3352.2999,False,1.0,"{""inversion_rho"":null,""inversion_channel"":29.5,""period_ms"":null}"
193016,1,3359.2999,3359.2999,False,0.375,"{""inversion_rho"":null,""inversion_channel"":19.5,""period_ms"":12.250065803527832}"
193016,1,3372.9999,3372.9999,False,0.375,"{""inversion_rho"":null,""inversion_channel"":19.5,""period_ms"":12.250065803527832}"
193016,1,3383.8,3383.8,False,0.75,"{""inversion_rho"":null,""inversion_channel"":29.5,""period_ms"":12.250065803527832}"
193016,1,3418.6001,3418.6001,False,0.25,"{""inversion_rho"":null,""inversion_channel"":32.5,""period_ms"":58.300018310546875}"
193016,1,3452.3001,3452.3001,False,1.0,"{""inversion_rho"":null,""inversion_channel"":24.5,""period_ms"":58.300018310546875}"
193016,1,3535.2001,3535.2001,False,0.875,"{""inversion_rho"":null,""inversion_channel"":34.5,""period_ms"":58.300018310546875}"
193016,1,3546.2999,3546.2999,False,1.0,"{""inversion_rho"":null,""inversion_channel"":29.5,""period_ms"":46.050071716308594}"
193016,1,3598.7,3598.7,False,0.5,"{""inversion_rho"":null,""inversion_channel"":20.5,""period_ms"":46.050071716308594}"
193016,1,3638.4001,3638.4001,False,0.75,"{""inversion_rho"":null,""inversion_channel"":9.0,""period_ms"":46.050071716308594}"
193016,1,3753.5999,3753.5999,False,1.0,"{""inversion_rho"":null,""inversion_channel"":25.5,""period_ms"":15.850067138671875}"
193016,1,3770.8001,3770.8001,False,0.375,"{""inversion_rho"":null,""inversion_channel"":14.0,""period_ms"":15.850067138671875}"
193016,1,3781.5001,3781.5001,False,1.0,"{""inversion_rho"":null,""inversion_channel"":22.0,""period_ms"":15.850067138671875}"
193016,1,3796.0,3796.0,False,0.5,"{""inversion_rho"":null,""inversion_channel"":20.5,""period_ms"":15.850067138671875}"
193016,1,3816.9999,3816.9999,False,0.625,"{""inversion_rho"":null,""inversion_channel"":29.5,""period_ms"":15.850067138671875}"
193016,1,3878.4001,3878.4001,False,0.875,"{""inversion_rho"":null,""inversion_channel"":6.5,""period_ms"":13.99993896484375}"
193016,1,3896.1,3896.1,False,0.25,"{""inversion_rho"":null,""inversion_channel"":7.5,""period_ms"":13.99993896484375}"
193016,1,3910.1,3910.1,False,0.75,"{""inversion_rho"":null,""inversion_channel"":6.5,""period_ms"":13.99993896484375}"
193016,1,3921.6001,3921.6001,False,1.0,"{""inversion_rho"":null,""inversion_channel"":8.0,""period_ms"":13.99993896484375}"
193016,1,3937.3,3937.3,False,0.875,"{""inversion_rho"":null,""inversion_channel"":8.0,""period_ms"":13.99993896484375}"
193016,1,3944.4001,3944.4001,False,1.0,"{""inversion_rho"":null,""inversion_channel"":19.0,""period_ms"":13.99993896484375}"
193016,1,4030.6001,4030.6001,False,1.0,"{""inversion_rho"":null,""inversion_channel"":23.5,""period_ms"":9.399890899658203}"
193016,1,4049.5,4049.5,False,1.0,"{""inversion_rho"":null,""inversion_channel"":25.0,""period_ms"":9.399890899658203}"
193016,1,4058.7001,4058.7001,False,1.0,"{""inversion_rho"":null,""inversion_channel"":20.5,""period_ms"":9.399890899658203}"
193016,1,4066.4001,4066.4001,False,0.25,"{""inversion_rho"":null,""inversion_channel"":6.0,""period_ms"":9.399890899658203}"
193016,1,4073.2999,4073.2999,False,0.625,"{""inversion_rho"":null,""inversion_channel"":11.5,""period_ms"":9.399890899658203}"
193016,1,4079.0,4079.0,False,0.625,"{""inversion_rho"":null,""inversion_channel"":9.0,""period_ms"":9.399890899658203}"
193016,1,4088.3999,4088.3999,False,1.0,"{""inversion_rho"":null,""inversion_channel"":27.5,""period_ms"":9.399890899658203}"
193016,1,4104.0001,4104.0001,False,0.625,"{""inversion_rho"":null,""inversion_channel"":24.5,""period_ms"":9.399890899658203}"
193016,1,4121.2001,4121.2001,False,0.5,"{""inversion_rho"":null,""inversion_channel"":21.5,""period_ms"":9.399890899658203}"
193016,1,4137.7001,4137.7001,False,1.0,"{""inversion_rho"":null,""inversion_channel"":23.0,""period_ms"":9.399890899658203}"
193016,1,4235.4999,4235.4999,False,1.0,"{""inversion_rho"":null,""inversion_channel"":35.5,""period_ms"":17.049789428710938}"
193016,1,4244.5002,4244.5002,False,1.0,"{""inversion_rho"":null,""inversion_channel"":24.5,""period_ms"":17.049789428710938}"
193016,1,4261.8999,4261.8999,False,1.0,"{""inversion_rho"":null,""inversion_channel"":24.5,""period_ms"":17.049789428710938}"
193016,1,4278.2001,4278.2001,False,0.25,"{""inversion_rho"":null,""inversion_channel"":25.5,""period_ms"":17.049789428710938}"
193016,1,4298.5001,4298.5001,False,1.0,"{""inversion_rho"":null,""inversion_channel"":5.5,""period_ms"":17.049789428710938}"
193016,1,4315.1999,4315.1999,False,0.375,"{""inversion_rho"":null,""inversion_channel"":37.5,""period_ms"":17.049789428710938}"
193016,1,4335.1998,4335.1998,False,0.25,"{""inversion_rho"":null,""inversion_channel"":25.5,""period_ms"":17.049789428710938}"
193016,1,4351.6998,4351.6998,False,1.0,"{""inversion_rho"":null,""inversion_channel"":37.0,""period_ms"":17.049789428710938}"
193016,1,4366.4999,4366.4999,False,0.5,"{""inversion_rho"":null,""inversion_channel"":12.5,""period_ms"":17.049789428710938}"
193016,1,4382.8001,4382.8001,False,0.5,"{""inversion_rho"":null,""inversion_channel"":27.5,""period_ms"":17.049789428710938}"
193016,1,4392.9,4392.9,False,0.375,"{""inversion_rho"":null,""inversion_channel"":27.0,""period_ms"":17.049789428710938}"
193016,1,4414.5002,4414.5002,False,0.5,"{""inversion_rho"":null,""inversion_channel"":37.0,""period_ms"":17.049789428710938}"
193016,1,4442.5001,4442.5001,False,0.25,"{""inversion_rho"":null,""inversion_channel"":36.5,""period_ms"":17.049789428710938}"
193016,1,4461.0,4461.0,False,0.625,"{""inversion_rho"":null,""inversion_channel"":7.5,""period_ms"":17.049789428710938}"
193016,1,4495.9002,4495.9002,False,0.25,"{""inversion_rho"":null,""inversion_channel"":25.0,""period_ms"":17.049789428710938}"
193016,1,4509.6002,4509.6002,False,0.375,"{""inversion_rho"":null,""inversion_channel"":38.5,""period_ms"":null}"
193016,1,4550.3001,4550.3001,False,0.75,"{""inversion_rho"":null,""inversion_channel"":8.0,""period_ms"":null}"
193016,1,4559.1002,4559.1002,False,0.75,"{""inversion_rho"":null,""inversion_channel"":7.5,""period_ms"":14.899969100952148}"
193016,1,4570.9,4570.9,False,0.5,"{""inversion_rho"":null,""inversion_channel"":7.5,""period_ms"":14.899969100952148}"
193016,1,4578.7001,4578.7001,False,1.0,"{""inversion_rho"":null,""inversion_channel"":34.5,""period_ms"":14.899969100952148}"
193016,1,4596.7002,4596.7002,False,0.5,"{""inversion_rho"":null,""inversion_channel"":27.0,""period_ms"":14.899969100952148}"
193016,1,4632.7,4632.7,False,1.0,"{""inversion_rho"":null,""inversion_channel"":22.5,""period_ms"":14.899969100952148}"
193016,1,4643.6,4643.6,False,0.625,"{""inversion_rho"":null,""inversion_channel"":10.5,""period_ms"":23.149967193603516}"
193016,1,4659.2002,4659.2002,False,1.0,"{""inversion_rho"":null,""inversion_channel"":25.0,""period_ms"":23.149967193603516}"
193016,1,4689.8999,4689.8999,False,0.25,"{""inversion_rho"":null,""inversion_channel"":7.5,""period_ms"":23.149967193603516}"
193016,1,4699.2002,4699.2002,False,1.0,"{""inversion_rho"":null,""inversion_channel"":8.5,""period_ms"":9.399890899658203}"
193016,1,4707.3998,4707.3998,False,0.375,"{""inversion_rho"":null,""inversion_channel"":18.0,""period_ms"":9.399890899658203}"
193016,1,4722.4002,4722.4002,False,0.25,"{""inversion_rho"":null,""inversion_channel"":9.5,""period_ms"":9.399890899658203}"
193016,1,4731.8001,4731.8001,False,1.0,"{""inversion_rho"":null,""inversion_channel"":9.5,""period_ms"":9.399890899658203}"
193016,1,4743.3,4743.3,False,1.0,"{""inversion_rho"":null,""inversion_channel"":33.0,""period_ms"":9.399890899658203}"
193016,1,4748.7001,4748.7001,False,0.625,"{""inversion_rho"":null,""inversion_channel"":24.0,""period_ms"":9.399890899658203}"
193016,1,4772.2001,4772.2001,False,0.625,"{""inversion_rho"":null,""inversion_channel"":24.5,""period_ms"":24.100065231323242}"
193016,1,4798.8,4798.8,False,0.625,"{""inversion_rho"":null,""inversion_channel"":21.5,""period_ms"":24.100065231323242}"
193016,1,4820.4002,4820.4002,False,0.875,"{""inversion_rho"":null,""inversion_channel"":24.0,""period_ms"":24.100065231323242}"
193016,1,4838.3002,4838.3002,False,0.5,"{""inversion_rho"":null,""inversion_channel"":27.5,""period_ms"":24.100065231323242}"
193016,1,4876.6999,4876.6999,False,0.5,"{""inversion_rho"":null,""inversion_channel"":8.0,""period_ms"":24.100065231323242}"
193016,1,4889.2002,4889.2002,False,0.5,"{""inversion_rho"":null,""inversion_channel"":8.0,""period_ms"":17.89999008178711}"
193016,1,4899.7998,4899.7998,False,1.0,"{""inversion_rho"":null,""inversion_channel"":27.5,""period_ms"":17.89999008178711}"
193016,1,4918.3998,4918.3998,False,0.75,"{""inversion_rho"":null,""inversion_channel"":23.5,""period_ms"":17.89999008178711}"
193016,1,4935.5998,4935.5998,False,0.5,"{""inversion_rho"":null,""inversion_channel"":24.5,""period_ms"":17.89999008178711}"
193016,1,4954.5999,4954.5999,False,0.75,"{""inversion_rho"":null,""inversion_channel"":21.5,""period_ms"":17.89999008178711}"
193016,1,5021.9998,5021.9998,False,1.0,"{""inversion_rho"":null,""inversion_channel"":38.0,""period_ms"":28.30028533935547}"
193016,1,5064.3001,5064.3001,False,1.0,"{""inversion_rho"":null,""inversion_channel"":31.5,""period_ms"":28.30028533935547}"
193016,1,5093.5998,5093.5998,False,0.75,"{""inversion_rho"":null,""inversion_channel"":26.5,""period_ms"":28.30028533935547}"
193016,1,5121.9001,5121.9001,False,0.625,"{""inversion_rho"":null,""inversion_channel"":15.0,""period_ms"":28.30028533935547}"
193016,1,5155.3998,5155.3998,False,1.0,"{""inversion_rho"":null,""inversion_channel"":37.0,""period_ms"":28.30028533935547}"
193016,1,5183.7001,5183.7001,False,1.0,"{""inversion_rho"":null,""inversion_channel"":12.0,""period_ms"":28.30028533935547}"
193016,1,5208.7998,5208.7998,False,0.625,"{""inversion_rho"":null,""inversion_channel"":27.5,""period_ms"":28.30028533935547}"
193016,1,5222.7001,5222.7001,False,1.0,"{""inversion_rho"":null,""inversion_channel"":27.5,""period_ms"":28.30028533935547}"
193016,1,5231.2999,5231.2999,False,1.0,"{""inversion_rho"":null,""inversion_channel"":27.5,""period_ms"":28.30028533935547}"
193016,1,5254.0002,5254.0002,False,0.625,"{""inversion_rho"":null,""inversion_channel"":25.5,""period_ms"":24.60002899169922}"
193016,1,5278.6002,5278.6002,False,0.875,"{""inversion_rho"":null,""inversion_channel"":25.5,""period_ms"":24.60002899169922}"
193016,1,5296.8001,5296.8001,False,0.5,"{""inversion_rho"":null,""inversion_channel"":25.5,""period_ms"":24.60002899169922}"
193016,1,5319.6998,5319.6998,False,1.0,"{""inversion_rho"":null,""inversion_channel"":36.5,""period_ms"":24.60002899169922}"
193016,1,5350.9002,5350.9002,False,1.0,"{""inversion_rho"":null,""inversion_channel"":36.5,""period_ms"":24.60002899169922}"
193016,1,5390.5001,5390.5001,False,1.0,"{""inversion_rho"":null,""inversion_channel"":28.5,""period_ms"":24.60002899169922}"
193016,1,5397.8,5397.8,False,1.0,"{""inversion_rho"":null,""inversion_channel"":4.5,""period_ms"":null}"
193016,1,5403.2001,5403.2001,False,0.875,"{""inversion_rho"":null,""inversion_channel"":17.0,""period_ms"":null}"
193016,1,5418.9,5418.9,False,0.875,"{""inversion_rho"":null,""inversion_channel"":25.0,""period_ms"":23.200273513793945}"
193016,1,5441.8001,5441.8001,False,0.375,"{""inversion_rho"":null,""inversion_channel"":23.5,""period_ms"":23.200273513793945}"
193016,1,5456.9998,5456.9998,False,0.75,"{""inversion_rho"":null,""inversion_channel"":22.5,""period_ms"":23.200273513793945}"
193016,1,5480.5002,5480.5002,False,0.75,"{""inversion_rho"":null,""inversion_channel"":21.5,""period_ms"":23.200273513793945}"
193016,1,5518.0998,5518.0998,False,1.0,"{""inversion_rho"":null,""inversion_channel"":38.0,""period_ms"":23.200273513793945}"
193016,1,5543.0002,5543.0002,False,0.75,"{""inversion_rho"":null,""inversion_channel"":7.5,""period_ms"":23.200273513793945}"
193016,1,5565.8002,5565.8002,False,0.75,"{""inversion_rho"":null,""inversion_channel"":17.5,""period_ms"":23.200273513793945}"
193016,1,5571.7001,5571.7001,False,1.0,"{""inversion_rho"":null,""inversion_channel"":36.5,""period_ms"":6.2999725341796875}"
193016,1,5577.4002,5577.4002,False,1.0,"{""inversion_rho"":null,""inversion_channel"":18.0,""period_ms"":6.2999725341796875}"
193016,1,5590.0998,5590.0998,False,1.0,"{""inversion_rho"":null,""inversion_channel"":16.5,""period_ms"":6.2999725341796875}"
193016,1,5596.3998,5596.3998,False,1.0,"{""inversion_rho"":null,""inversion_channel"":16.5,""period_ms"":6.2999725341796875}"
193016,1,5626.2002,5626.2002,False,1.0,"{""inversion_rho"":null,""inversion_channel"":16.5,""period_ms"":null}"
193016,1,5673.9001,5673.9001,False,1.0,"{""inversion_rho"":null,""inversion_channel"":24.5,""period_ms"":null}"
193016,1,5690.8002,5690.8002,False,1.0,"{""inversion_rho"":null,""inversion_channel"":14.5,""period_ms"":32.09996223449707}"
193016,1,5733.7999,5733.7999,False,1.0,"{""inversion_rho"":null,""inversion_channel"":13.5,""period_ms"":32.09996223449707}"
193016,1,5755.0001,5755.0001,False,1.0,"{""inversion_rho"":null,""inversion_channel"":18.5,""period_ms"":32.09996223449707}"
193016,1,5817.2002,5817.2002,False,1.0,"{""inversion_rho"":null,""inversion_channel"":18.5,""period_ms"":59.70001220703125}"
193016,1,5875.4001,5875.4001,False,1.0,"{""inversion_rho"":null,""inversion_channel"":11.5,""period_ms"":59.70001220703125}"
193016,1,5935.1001,5935.1001,False,1.0,"{""inversion_rho"":null,""inversion_channel"":6.5,""period_ms"":59.70001220703125}"
193016,1,5997.0999,5997.0999,False,1.0,"{""inversion_rho"":null,""inversion_channel"":24.5,""period_ms"":59.70001220703125}"
193016,1,1403.2,1658.5,True,1.0,"{""inversion_rho"":null,""inversion_channel"":12.0,""period_ms"":33.699989318847656}"
193016,1,1783.1,2035.7001,True,1.0,"{""inversion_rho"":null,""inversion_channel"":26.5,""period_ms"":45.65000534057617}"
193016,1,2528.7001,2923.8,True,1.0,"{""inversion_rho"":null,""inversion_channel"":17.5,""period_ms"":130.8000087738037}"
193016,1,2929.6999,3029.4001,True,1.0,"{""inversion_rho"":null,""inversion_channel"":17.5,""period_ms"":20.49994468688965}"
193016,1,3172.2,3198.2,True,1.0,"{""inversion_rho"":null,""inversion_channel"":18.75,""period_ms"":7.100105285644531}"
193016,1,3359.2999,3383.8,True,1.0,"{""inversion_rho"":null,""inversion_channel"":19.5,""period_ms"":12.250065803527832}"
193016,1,3418.6001,3535.2001,True,1.0,"{""inversion_rho"":null,""inversion_channel"":32.5,""period_ms"":58.300018310546875}"
193016,1,3546.2999,3638.4001,True,1.0,"{""inversion_rho"":null,""inversion_channel"":20.5,""period_ms"":46.050071716308594}"
193016,1,3753.5999,3816.9999,True,1.0,"{""inversion_rho"":null,""inversion_channel"":22.0,""period_ms"":15.850067138671875}"
193016,1,3878.4001,3944.4001,True,1.0,"{""inversion_rho"":null,""inversion_channel"":7.75,""period_ms"":13.99993896484375}"
193016,1,4030.6001,4137.7001,True,1.0,"{""inversion_rho"":null,""inversion_channel"":22.25,""period_ms"":9.399890899658203}"
193016,1,4235.4999,4495.9002,True,1.0,"{""inversion_rho"":null,""inversion_channel"":25.5,""period_ms"":17.049789428710938}"
193016,1,4559.1002,4632.7,True,1.0,"{""inversion_rho"":null,""inversion_channel"":22.5,""period_ms"":14.899969100952148}"
193016,1,4643.6,4689.8999,True,1.0,"{""inversion_rho"":null,""inversion_channel"":10.5,""period_ms"":23.149967193603516}"
193016,1,4699.2002,4748.7001,True,1.0,"{""inversion_rho"":null,""inversion_channel"":13.75,""period_ms"":9.399890899658203}"
193016,1,4772.2001,4876.6999,True,1.0,"{""inversion_rho"":null,""inversion_channel"":24.0,""period_ms"":24.100065231323242}"
193016,1,4889.2002,4954.5999,True,1.0,"{""inversion_rho"":null,""inversion_channel"":23.5,""period_ms"":17.89999008178711}"
193016,1,5021.9998,5231.2999,True,1.0,"{""inversion_rho"":null,""inversion_channel"":27.5,""period_ms"":28.30028533935547}"
193016,1,5254.0002,5390.5001,True,1.0,"{""inversion_rho"":null,""inversion_channel"":27.0,""period_ms"":24.60002899169922}"
193016,1,5418.9,5565.8002,True,1.0,"{""inversion_rho"":null,""inversion_channel"":22.5,""period_ms"":23.200273513793945}"
193016,1,5571.7001,5596.3998,True,1.0,"{""inversion_rho"":null,""inversion_channel"":17.25,""period_ms"":6.2999725341796875}"
193016,1,5690.8002,5755.0001,True,1.0,"{""inversion_rho"":null,""inversion_channel"":14.5,""period_ms"":32.09996223449707}"
193016,1,5817.2002,5997.0999,True,1.0,"{""inversion_rho"":null,""inversion_channel"":15.0,""period_ms"":59.70001220703125}"
193022,1,57.4,57.4,False,0.25,"{""inversion_rho"":null,""inversion_channel"":35.5,""period_ms"":5.800001323223114}"
193022,1,66.5,66.5,False,0.25,"{""inversion_rho"":null,""inversion_channel"":35.5,""period_ms"":5.800001323223114}"
193022,1,72.3,72.3,False,0.25,"{""inversion_rho"":null,""inversion_channel"":39.5,""period_ms"":5.800001323223114}"
193022,1,77.5,77.5,False,0.25,"{""inversion_rho"":null,""inversion_channel"":40.0,""period_ms"":5.800001323223114}"
193022,1,122.3,122.3,False,0.5,"{""inversion_rho"":null,""inversion_channel"":40.0,""period_ms"":14.499999582767487}"
193022,1,131.0,131.0,False,0.75,"{""inversion_rho"":null,""inversion_channel"":22.5,""period_ms"":14.499999582767487}"
193022,1,151.3,151.3,False,0.875,"{""inversion_rho"":null,""inversion_channel"":39.5,""period_ms"":14.499999582767487}"
193022,1,208.0,208.0,False,0.875,"{""inversion_rho"":null,""inversion_channel"":29.5,""period_ms"":null}"
193022,1,225.8,225.8,False,0.625,"{""inversion_rho"":null,""inversion_channel"":32.5,""period_ms"":null}"
193022,1,232.1,232.1,False,0.375,"{""inversion_rho"":null,""inversion_channel"":32.0,""period_ms"":null}"
193022,1,1744.9,1744.9,False,1.0,"{""inversion_rho"":null,""inversion_channel"":28.5,""period_ms"":30.900001525878906}"
193022,1,1763.9,1763.9,False,1.0,"{""inversion_rho"":null,""inversion_channel"":28.0,""period_ms"":30.900001525878906}"
193022,1,1806.7,1806.7,False,1.0,"{""inversion_rho"":null,""inversion_channel"":8.5,""period_ms"":30.900001525878906}"
193022,1,1823.6001,1823.6001,False,0.5,"{""inversion_rho"":null,""inversion_channel"":28.0,""period_ms"":40.6000018119812}"
193022,1,1884.6,1884.6,False,1.0,"{""inversion_rho"":null,""inversion_channel"":10.5,""period_ms"":40.6000018119812}"
193022,1,1912.8,1912.8,False,1.0,"{""inversion_rho"":null,""inversion_channel"":11.5,""period_ms"":40.6000018119812}"
193022,1,1978.0999,1978.0999,False,1.0,"{""inversion_rho"":null,""inversion_channel"":24.5,""period_ms"":40.6000018119812}"
193022,1,2015.5001,2015.5001,False,1.0,"{""inversion_rho"":null,""inversion_channel"":27.5,""period_ms"":40.6000018119812}"
193022,1,2059.2999,2059.2999,False,1.0,"{""inversion_rho"":null,""inversion_channel"":28.5,""period_ms"":40.6000018119812}"
193022,1,2088.3,2088.3,False,0.875,"{""inversion_rho"":null,""inversion_channel"":29.5,""period_ms"":40.6000018119812}"
193022,1,2462.5001,2462.5001,False,0.875,"{""inversion_rho"":null,""inversion_channel"":7.0,""period_ms"":null}"
193022,1,2552.9001,2552.9001,False,0.5,"{""inversion_rho"":null,""inversion_channel"":31.5,""period_ms"":null}"
193022,1,2576.4,2576.4,False,1.0,"{""inversion_rho"":null,""inversion_channel"":4.5,""period_ms"":null}"
193022,1,2586.1001,2586.1001,False,1.0,"{""inversion_rho"":null,""inversion_channel"":2.5,""period_ms"":null}"
193022,1,2807.6999,2807.6999,False,1.0,"{""inversion_rho"":null,""inversion_channel"":21.5,""period_ms"":32.1500301361084}"
193022,1,2833.3001,2833.3001,False,0.875,"{""inversion_rho"":null,""inversion_channel"":5.5,""period_ms"":32.1500301361084}"
193022,1,2872.0,2872.0,False,0.625,"{""inversion_rho"":null,""inversion_channel"":9.5,""period_ms"":32.1500301361084}"
193022,1,3033.2999,3033.2999,False,0.625,"{""inversion_rho"":null,""inversion_channel"":14.5,""period_ms"":65.1998519897461}"
193022,1,3124.0001,3124.0001,False,1.0,"{""inversion_rho"":null,""inversion_channel"":8.0,""period_ms"":65.1998519897461}"
193022,1,3189.1999,3189.1999,False,1.0,"{""inversion_rho"":null,""inversion_channel"":8.5,""period_ms"":65.1998519897461}"
193022,1,3223.2001,3223.2001,False,0.5,"{""inversion_rho"":null,""inversion_channel"":29.0,""period_ms"":65.1998519897461}"
193022,1,3236.0001,3236.0001,False,1.0,"{""inversion_rho"":null,""inversion_channel"":14.5,""period_ms"":82.35001564025879}"
193022,1,3289.9001,3289.9001,False,0.625,"{""inversion_rho"":null,""inversion_channel"":10.5,""period_ms"":82.35001564025879}"
193022,1,3400.7001,3400.7001,False,1.0,"{""inversion_rho"":null,""inversion_channel"":19.5,""period_ms"":82.35001564025879}"
193022,1,3437.4001,3437.4001,False,0.875,"{""inversion_rho"":null,""inversion_channel"":13.5,""period_ms"":72.44992256164551}"
193022,1,3523.9,3523.9,False,1.0,"{""inversion_rho"":null,""inversion_channel"":19.5,""period_ms"":72.44992256164551}"
193022,1,3582.2999,3582.2999,False,1.0,"{""inversion_rho"":null,""inversion_channel"":30.0,""period_ms"":72.44992256164551}"
193022,1,3605.4001,3605.4001,False,1.0,"{""inversion_rho"":null,""inversion_channel"":35.5,""period_ms"":10.299921035766602}"
193022,1,3616.4,3616.4,False,0.75,"{""inversion_rho"":null,""inversion_channel"":17.0,""period_ms"":10.299921035766602}"
193022,1,3625.9999,3625.9999,False,0.5,"{""inversion_rho"":null,""inversion_channel"":17.5,""period_ms"":10.299921035766602}"
193022,1,3638.6001,3638.6001,False,1.0,"{""inversion_rho"":null,""inversion_channel"":15.5,""period_ms"":10.299921035766602}"
193022,1,3645.4,3645.4,False,0.75,"{""inversion_rho"":null,""inversion_channel"":16.5,""period_ms"":10.299921035766602}"
193022,1,3677.7,3677.7,False,1.0,"{""inversion_rho"":null,""inversion_channel"":18.0,""period_ms"":26.24988555908203}"
193022,1,3707.9999,3707.9999,False,0.5,"{""inversion_rho"":null,""inversion_channel"":16.5,""period_ms"":26.24988555908203}"
193022,1,3725.5001,3725.5001,False,0.25,"{""inversion_rho"":null,""inversion_channel"":15.5,""period_ms"":26.24988555908203}"
193022,1,3747.7,3747.7,False,0.5,"{""inversion_rho"":null,""inversion_channel"":2.0,""period_ms"":26.24988555908203}"
193022,1,3789.5999,3789.5999,False,0.75,"{""inversion_rho"":null,""inversion_channel"":17.5,""period_ms"":26.24988555908203}"
193022,1,3802.7999,3802.7999,False,1.0,"{""inversion_rho"":null,""inversion_channel"":21.5,""period_ms"":null}"
193022,1,3809.0999,3809.0999,False,0.375,"{""inversion_rho"":null,""inversion_channel"":18.5,""period_ms"":null}"
193022,1,4004.6,4004.6,False,0.375,"{""inversion_rho"":null,""inversion_channel"":21.0,""period_ms"":null}"
193022,1,4014.2002,4014.2002,False,1.0,"{""inversion_rho"":null,""inversion_channel"":19.5,""period_ms"":null}"
193022,1,4054.1,4054.1,False,0.25,"{""inversion_rho"":null,""inversion_channel"":20.5,""period_ms"":8.85009765625}"
193022,1,4060.6999,4060.6999,False,0.5,"{""inversion_rho"":null,""inversion_channel"":20.0,""period_ms"":8.85009765625}"
193022,1,4071.8002,4071.8002,False,0.375,"{""inversion_rho"":null,""inversion_channel"":40.0,""period_ms"":8.85009765625}"
193022,1,4101.6002,4101.6002,False,1.0,"{""inversion_rho"":null,""inversion_channel"":22.5,""period_ms"":null}"
193022,1,4109.3001,4109.3001,False,0.625,"{""inversion_rho"":null,""inversion_channel"":23.5,""period_ms"":null}"
193022,1,4152.0,4152.0,False,0.25,"{""inversion_rho"":null,""inversion_channel"":33.0,""period_ms"":null}"
193022,1,4213.6002,4213.6002,False,0.25,"{""inversion_rho"":null,""inversion_channel"":28.5,""period_ms"":null}"
193022,1,4227.7999,4227.7999,False,0.5,"{""inversion_rho"":null,""inversion_channel"":37.0,""period_ms"":49.60012435913086}"
193022,1,4277.4,4277.4,False,0.25,"{""inversion_rho"":null,""inversion_channel"":18.5,""period_ms"":49.60012435913086}"
193022,1,4317.4,4317.4,False,0.625,"{""inversion_rho"":null,""inversion_channel"":37.5,""period_ms"":49.60012435913086}"
193022,1,4382.7,4382.7,False,1.0,"{""inversion_rho"":null,""inversion_channel"":17.5,""period_ms"":49.60012435913086}"
193022,1,4396.1,4396.1,False,0.25,"{""inversion_rho"":null,""inversion_channel"":18.5,""period_ms"":null}"
193022,1,4402.4,4402.4,False,0.75,"{""inversion_rho"":null,""inversion_channel"":40.0,""period_ms"":null}"
193022,1,4423.1,4423.1,False,1.0,"{""inversion_rho"":null,""inversion_channel"":37.0,""period_ms"":92.79990196228027}"
193022,1,4501.1001,4501.1001,False,0.375,"{""inversion_rho"":null,""inversion_channel"":12.0,""period_ms"":92.79990196228027}"
193022,1,4608.6998,4608.6998,False,0.75,"{""inversion_rho"":null,""inversion_channel"":38.5,""period_ms"":92.79990196228027}"
193022,1,4627.9998,4627.9998,False,0.375,"{""inversion_rho"":null,""inversion_channel"":8.5,""period_ms"":null}"
193022,1,4636.3001,4636.3001,False,1.0,"{""inversion_rho"":null,""inversion_channel"":19.5,""period_ms"":null}"
193022,1,4664.5999,4664.5999,False,0.625,"{""inversion_rho"":null,""inversion_channel"":21.5,""period_ms"":28.500080108642578}"
193022,1,4705.1001,4705.1001,False,0.25,"{""inversion_rho"":null,""inversion_channel"":14.0,""period_ms"":28.500080108642578}"
193022,1,4753.7999,4753.7999,False,0.25,"{""inversion_rho"":null,""inversion_channel"":23.5,""period_ms"":28.500080108642578}"
193022,1,4779.2001,4779.2001,False,1.0,"{""inversion_rho"":null,""inversion_channel"":23.0,""period_ms"":28.500080108642578}"
193022,1,4794.6,4794.6,False,0.5,"{""inversion_rho"":null,""inversion_channel"":39.0,""period_ms"":28.500080108642578}"
193022,1,4826.2,4826.2,False,0.375,"{""inversion_rho"":null,""inversion_channel"":7.0,""period_ms"":28.500080108642578}"
193022,1,4842.9999,4842.9999,False,0.625,"{""inversion_rho"":null,""inversion_channel"":39.5,""period_ms"":28.500080108642578}"
193022,1,4856.5001,4856.5001,False,0.75,"{""inversion_rho"":null,""inversion_channel"":6.5,""period_ms"":28.500080108642578}"
193022,1,4889.5998,4889.5998,False,0.75,"{""inversion_rho"":null,""inversion_channel"":7.5,""period_ms"":28.500080108642578}"
193022,1,4902.6999,4902.6999,False,1.0,"{""inversion_rho"":null,""inversion_channel"":23.5,""period_ms"":null}"
193022,1,4914.5002,4914.5002,False,0.375,"{""inversion_rho"":null,""inversion_channel"":23.5,""period_ms"":null}"
193022,1,4948.1001,4948.1001,False,0.75,"{""inversion_rho"":null,""inversion_channel"":37.0,""period_ms"":null}"
193022,1,4974.8001,4974.8001,False,0.5,"{""inversion_rho"":null,""inversion_channel"":37.0,""period_ms"":null}"
193022,1,4982.3999,4982.3999,False,0.25,"{""inversion_rho"":null,""inversion_channel"":17.5,""period_ms"":11.39974594116211}"
193022,1,5000.1001,5000.1001,False,0.25,"{""inversion_rho"":null,""inversion_channel"":14.5,""period_ms"":11.39974594116211}"
193022,1,5011.4999,5011.4999,False,0.25,"{""inversion_rho"":null,""inversion_channel"":37.5,""period_ms"":11.39974594116211}"
193022,1,5017.4999,5017.4999,False,1.0,"{""inversion_rho"":null,""inversion_channel"":39.5,""period_ms"":11.39974594116211}"
193022,1,5046.1001,5046.1001,False,0.5,"{""inversion_rho"":null,""inversion_channel"":27.5,""period_ms"":11.399984359741211}"
193022,1,5057.7002,5057.7002,False,0.875,"{""inversion_rho"":null,""inversion_channel"":37.5,""period_ms"":11.399984359741211}"
193022,1,5069.7999,5069.7999,False,0.625,"{""inversion_rho"":null,""inversion_channel"":25.5,""period_ms"":11.399984359741211}"
193022,1,5080.9999,5080.9999,False,0.375,"{""inversion_rho"":null,""inversion_channel"":24.0,""period_ms"":11.399984359741211}"
193022,1,5086.2002,5086.2002,False,0.375,"{""inversion_rho"":null,""inversion_channel"":23.5,""period_ms"":11.399984359741211}"
193022,1,5145.8998,5145.8998,False,0.25,"{""inversion_rho"":null,""inversion_channel"":23.5,""period_ms"":null}"
193022,1,5155.6001,5155.6001,False,1.0,"{""inversion_rho"":null,""inversion_channel"":36.5,""period_ms"":null}"
193022,1,5180.5,5180.5,False,0.25,"{""inversion_rho"":null,""inversion_channel"":24.5,""period_ms"":null}"
193022,1,5218.2002,5218.2002,False,0.375,"{""inversion_rho"":null,""inversion_channel"":24.0,""period_ms"":null}"
193022,1,5231.1001,5231.1001,False,0.625,"{""inversion_rho"":null,""inversion_channel"":22.5,""period_ms"":38.69986534118652}"
193022,1,5285.6998,5285.6998,False,0.5,"{""inversion_rho"":null,""inversion_channel"":14.5,""period_ms"":38.69986534118652}"
193022,1,5308.4998,5308.4998,False,0.75,"{""inversion_rho"":null,""inversion_channel"":14.5,""period_ms"":38.69986534118652}"
193022,1,5392.4999,5392.4999,False,1.0,"{""inversion_rho"":null,""inversion_channel"":10.5,""period_ms"":13.99993896484375}"
193022,1,5409.2999,5409.2999,False,1.0,"{""inversion_rho"":null,""inversion_channel"":20.5,""period_ms"":13.99993896484375}"
193022,1,5420.4998,5420.4998,False,1.0,"{""inversion_rho"":null,""inversion_channel"":8.5,""period_ms"":13.99993896484375}"
193022,1,5459.7001,5459.7001,False,0.625,"{""inversion_rho"":null,""inversion_channel"":7.5,""period_ms"":15.749931335449219}"
193022,1,5478.4002,5478.4002,False,0.625,"{""inversion_rho"":null,""inversion_channel"":6.5,""period_ms"":15.749931335449219}"
193022,1,5491.2,5491.2,False,1.0,"{""inversion_rho"":null,""inversion_channel"":5.5,""period_ms"":15.749931335449219}"
193022,1,5535.6002,5535.6002,False,1.0,"{""inversion_rho"":null,""inversion_channel"":14.5,""period_ms"":55.34982681274414}"
193022,1,5587.2002,5587.2002,False,0.625,"{""inversion_rho"":null,""inversion_channel"":5.5,""period_ms"":55.34982681274414}"
193022,1,5646.2998,5646.2998,False,1.0,"{""inversion_rho"":null,""inversion_channel"":32.0,""period_ms"":55.34982681274414}"
193022,1,5655.9,5655.9,False,0.625,"{""inversion_rho"":null,""inversion_channel"":6.5,""period_ms"":63.899993896484375}"
193022,1,5719.8,5719.8,False,1.0,"{""inversion_rho"":null,""inversion_channel"":31.5,""period_ms"":63.899993896484375}"
193022,1,5757.1998,5757.1998,False,1.0,"{""inversion_rho"":null,""inversion_channel"":32.5,""period_ms"":63.899993896484375}"
193022,1,5826.3998,5826.3998,False,1.0,"{""inversion_rho"":null,""inversion_channel"":13.5,""period_ms"":63.899993896484375}"
193022,1,5903.8,5903.8,False,1.0,"{""inversion_rho"":null,""inversion_channel"":12.5,""period_ms"":63.899993896484375}"
193022,1,5963.1,5963.1,False,1.0,"{""inversion_rho"":null,""inversion_channel"":28.0,""period_ms"":63.899993896484375}"
193022,1,5980.0,5980.0,False,1.0,"{""inversion_rho"":null,""inversion_channel"":9.5,""period_ms"":null}"
193022,1,6036.0999,6036.0999,False,1.0,"{""inversion_rho"":null,""inversion_channel"":8.5,""period_ms"":null}"
193022,1,57.4,77.5,True,1.0,"{""inversion_rho"":null,""inversion_channel"":37.5,""period_ms"":5.800001323223114}"
193022,1,122.3,151.3,True,1.0,"{""inversion_rho"":null,""inversion_channel"":39.5,""period_ms"":14.499999582767487}"
193022,1,1744.9,1806.7,True,1.0,"{""inversion_rho"":null,""inversion_channel"":28.0,""period_ms"":30.900001525878906}"
193022,1,1823.6001,2088.3,True,1.0,"{""inversion_rho"":null,""inversion_channel"":27.5,""period_ms"":40.6000018119812}"
193022,1,2807.6999,2872.0,True,1.0,"{""inversion_rho"":null,""inversion_channel"":9.5,""period_ms"":32.1500301361084}"
193022,1,3033.2999,3223.2001,True,1.0,"{""inversion_rho"":null,""inversion_channel"":11.5,""period_ms"":65.1998519897461}"
193022,1,3236.0001,3400.7001,True,1.0,"{""inversion_rho"":null,""inversion_channel"":14.5,""period_ms"":82.35001564025879}"
193022,1,3437.4001,3582.2999,True,1.0,"{""inversion_rho"":null,""inversion_channel"":19.5,""period_ms"":72.44992256164551}"
193022,1,3605.4001,3645.4,True,1.0,"{""inversion_rho"":null,""inversion_channel"":17.0,""period_ms"":10.299921035766602}"
193022,1,3677.7,3789.5999,True,1.0,"{""inversion_rho"":null,""inversion_channel"":16.5,""period_ms"":26.24988555908203}"
193022,1,4054.1,4071.8002,True,1.0,"{""inversion_rho"":null,""inversion_channel"":20.5,""period_ms"":8.85009765625}"
193022,1,4227.7999,4382.7,True,1.0,"{""inversion_rho"":null,""inversion_channel"":27.75,""period_ms"":49.60012435913086}"
193022,1,4423.1,4608.6998,True,1.0,"{""inversion_rho"":null,""inversion_channel"":37.0,""period_ms"":92.79990196228027}"
193022,1,4664.5999,4889.5998,True,1.0,"{""inversion_rho"":null,""inversion_channel"":21.5,""period_ms"":28.500080108642578}"
193022,1,4982.3999,5017.4999,True,1.0,"{""inversion_rho"":null,""inversion_channel"":27.5,""period_ms"":11.39974594116211}"
193022,1,5046.1001,5086.2002,True,1.0,"{""inversion_rho"":null,""inversion_channel"":25.5,""period_ms"":11.399984359741211}"
193022,1,5231.1001,5308.4998,True,1.0,"{""inversion_rho"":null,""inversion_channel"":14.5,""period_ms"":38.69986534118652}"
193022,1,5392.4999,5420.4998,True,1.0,"{""inversion_rho"":null,""inversion_channel"":10.5,""period_ms"":13.99993896484375}"
193022,1,5459.7001,5491.2,True,1.0,"{""inversion_rho"":null,""inversion_channel"":6.5,""period_ms"":15.749931335449219}"
193022,1,5535.6002,5646.2998,True,1.0,"{""inversion_rho"":null,""inversion_channel"":14.5,""period_ms"":55.34982681274414}"
193022,1,5655.9,5963.1,True,1.0,"{""inversion_rho"":null,""inversion_channel"":20.75,""period_ms"":63.899993896484375}"
193024,1,112.3,112.3,False,0.5,"{""inversion_rho"":null,""inversion_channel"":23.5,""period_ms"":6.899997591972351}"
193024,1,118.9,118.9,False,0.625,"{""inversion_rho"":null,""inversion_channel"":25.0,""period_ms"":6.899997591972351}"
193024,1,125.8,125.8,False,0.25,"{""inversion_rho"":null,""inversion_channel"":28.0,""period_ms"":6.899997591972351}"
193024,1,133.5,133.5,False,0.625,"{""inversion_rho"":null,""inversion_channel"":25.5,""period_ms"":6.899997591972351}"
193024,1,1246.7,1246.7,False,1.0,"{""inversion_rho"":null,""inversion_channel"":25.5,""period_ms"":50.999999046325684}"
193024,1,1295.7,1295.7,False,1.0,"{""inversion_rho"":null,""inversion_channel"":16.5,""period_ms"":50.999999046325684}"
193024,1,1325.2,1325.2,False,0.375,"{""inversion_rho"":null,""inversion_channel"":21.5,""period_ms"":50.999999046325684}"
193024,1,1360.9999,1360.9999,False,1.0,"{""inversion_rho"":null,""inversion_channel"":28.5,""period_ms"":50.999999046325684}"
193024,1,1431.5,1431.5,False,1.0,"{""inversion_rho"":null,""inversion_channel"":6.5,""period_ms"":50.999999046325684}"
193024,1,1482.5,1482.5,False,1.0,"{""inversion_rho"":null,""inversion_channel"":27.5,""period_ms"":50.999999046325684}"
193024,1,1546.9,1546.9,False,0.875,"{""inversion_rho"":null,""inversion_channel"":28.0,""period_ms"":50.999999046325684}"
193024,1,1690.4,1690.4,False,0.625,"{""inversion_rho"":null,""inversion_channel"":28.0,""period_ms"":50.999999046325684}"
193024,1,1722.2,1722.2,False,1.0,"{""inversion_rho"":null,""inversion_channel"":28.5,""period_ms"":35.60006618499756}"
193024,1,1753.3,1753.3,False,1.0,"{""inversion_rho"":null,""inversion_channel"":28.0,""period_ms"":35.60006618499756}"
193024,1,1788.4001,1788.4001,False,1.0,"{""inversion_rho"":null,""inversion_channel"":26.5,""period_ms"":35.60006618499756}"
193024,1,1823.8,1823.8,False,1.0,"{""inversion_rho"":null,""inversion_channel"":26.5,""period_ms"":35.60006618499756}"
193024,1,1886.2,1886.2,False,1.0,"{""inversion_rho"":null,""inversion_channel"":25.5,""period_ms"":35.60006618499756}"
193024,1,1921.8,1921.8,False,1.0,"{""inversion_rho"":null,""inversion_channel"":10.0,""period_ms"":35.60006618499756}"
193024,1,1969.9,1969.9,False,1.0,"{""inversion_rho"":null,""inversion_channel"":28.0,""period_ms"":35.60006618499756}"
193024,1,2016.2001,2016.2001,False,1.0,"{""inversion_rho"":null,""inversion_channel"":28.5,""period_ms"":35.60006618499756}"
193024,1,2033.0,2033.0,False,1.0,"{""inversion_rho"":null,""inversion_channel"":28.5,""period_ms"":13.499975204467773}"
193024,1,2052.2001,2052.2001,False,1.0,"{""inversion_rho"":null,""inversion_channel"":7.5,""period_ms"":13.499975204467773}"
193024,1,2059.9999,2059.9999,False,0.25,"{""inversion_rho"":null,""inversion_channel"":11.0,""period_ms"":13.499975204467773}"
193024,1,2092.5,2092.5,False,1.0,"{""inversion_rho"":null,""inversion_channel"":10.5,""period_ms"":200.20008087158203}"
193024,1,2292.7001,2292.7001,False,1.0,"{""inversion_rho"":null,""inversion_channel"":10.5,""period_ms"":200.20008087158203}"
193024,1,2490.5,2490.5,False,1.0,"{""inversion_rho"":null,""inversion_channel"":31.5,""period_ms"":200.20008087158203}"
193024,1,2706.3,2706.3,False,0.75,"{""inversion_rho"":null,""inversion_channel"":5.5,""period_ms"":200.20008087158203}"
193024,1,2732.3999,2732.3999,False,0.25,"{""inversion_rho"":null,""inversion_channel"":6.5,""period_ms"":50.05013942718506}"
193024,1,2784.1001,2784.1001,False,0.375,"{""inversion_rho"":null,""inversion_channel"":34.0,""period_ms"":50.05013942718506}"
193024,1,2815.1,2815.1,False,1.0,"{""inversion_rho"":null,""inversion_channel"":8.5,""period_ms"":50.05013942718506}"
193024,1,2863.5001,2863.5001,False,0.75,"{""inversion_rho"":null,""inversion_channel"":3.5,""period_ms"":50.05013942718506}"
193024,1,2943.3999,2943.3999,False,0.75,"{""inversion_rho"":null,""inversion_channel"":7.0,""period_ms"":50.05013942718506}"
193024,1,2955.4,2955.4,False,0.75,"{""inversion_rho"":null,""inversion_channel"":7.5,""period_ms"":null}"
193024,1,2983.4001,2983.4001,False,0.875,"{""inversion_rho"":null,""inversion_channel"":7.5,""period_ms"":null}"
193024,1,3081.1999,3081.1999,False,1.0,"{""inversion_rho"":null,""inversion_channel"":13.5,""period_ms"":51.15008354187012}"
193024,1,3126.8001,3126.8001,False,0.625,"{""inversion_rho"":null,""inversion_channel"":9.5,""period_ms"":51.15008354187012}"
193024,1,3183.5001,3183.5001,False,0.5,"{""inversion_rho"":null,""inversion_channel"":9.5,""period_ms"":51.15008354187012}"
193024,1,3244.1001,3244.1001,False,1.0,"{""inversion_rho"":null,""inversion_channel"":16.5,""period_ms"":51.15008354187012}"
193024,1,3272.3999,3272.3999,False,1.0,"{""inversion_rho"":null,""inversion_channel"":16.5,""period_ms"":51.15008354187012}"
193024,1,3428.2999,3428.2999,False,0.25,"{""inversion_rho"":null,""inversion_channel"":12.5,""period_ms"":null}"
193024,1,3479.1,3479.1,False,0.625,"{""inversion_rho"":null,""inversion_channel"":12.5,""period_ms"":null}"
193024,1,3490.4001,3490.4001,False,0.5,"{""inversion_rho"":null,""inversion_channel"":13.0,""period_ms"":11.749982833862305}"
193024,1,3499.5999,3499.5999,False,0.75,"{""inversion_rho"":null,""inversion_channel"":14.0,""period_ms"":11.749982833862305}"
193024,1,3513.9,3513.9,False,0.25,"{""inversion_rho"":null,""inversion_channel"":14.0,""period_ms"":11.749982833862305}"
193024,1,3549.9001,3549.9001,False,0.625,"{""inversion_rho"":null,""inversion_channel"":13.5,""period_ms"":79.45001125335693}"
193024,1,3604.7001,3604.7001,False,1.0,"{""inversion_rho"":null,""inversion_channel"":29.0,""period_ms"":79.45001125335693}"
193024,1,3708.8001,3708.8001,False,1.0,"{""inversion_rho"":null,""inversion_channel"":35.5,""period_ms"":79.45001125335693}"
193024,1,3720.5999,3720.5999,False,0.75,"{""inversion_rho"":null,""inversion_channel"":16.5,""period_ms"":null}"
193024,1,3921.0,3921.0,False,1.0,"{""inversion_rho"":null,""inversion_channel"":19.5,""period_ms"":null}"
193024,1,3952.5001,3952.5001,False,0.875,"{""inversion_rho"":null,""inversion_channel"":14.5,""period_ms"":60.249924659729004}"
193024,1,4027.8001,4027.8001,False,1.0,"{""inversion_rho"":null,""inversion_channel"":19.5,""period_ms"":60.249924659729004}"
193024,1,4073.0,4073.0,False,1.0,"{""inversion_rho"":null,""inversion_channel"":13.5,""period_ms"":60.249924659729004}"
193024,1,4079.7,4079.7,False,0.375,"{""inversion_rho"":null,""inversion_channel"":16.5,""period_ms"":6.599903106689453}"
193024,1,4085.8002,4085.8002,False,0.5,"{""inversion_rho"":null,""inversion_channel"":16.5,""period_ms"":6.599903106689453}"
193024,1,4092.4001,4092.4001,False,0.5,"{""inversion_rho"":null,""inversion_channel"":17.5,""period_ms"":6.599903106689453}"
193024,1,4102.0999,4102.0999,False,0.375,"{""inversion_rho"":null,""inversion_channel"":16.5,""period_ms"":6.599903106689453}"
193024,1,4185.8001,4185.8001,False,0.25,"{""inversion_rho"":null,""inversion_channel"":14.5,""period_ms"":null}"
193024,1,4263.1998,4263.1998,False,1.0,"{""inversion_rho"":null,""inversion_channel"":31.5,""period_ms"":null}"
193024,1,4275.0001,4275.0001,False,0.75,"{""inversion_rho"":null,""inversion_channel"":20.5,""period_ms"":null}"
193024,1,4323.5998,4323.5998,False,0.5,"{""inversion_rho"":null,""inversion_channel"":37.0,""period_ms"":null}"
193024,1,4342.7,4342.7,False,0.625,"{""inversion_rho"":null,""inversion_channel"":39.5,""period_ms"":53.1001091003418}"
193024,1,4391.0999,4391.0999,False,1.0,"{""inversion_rho"":null,""inversion_channel"":23.5,""period_ms"":53.1001091003418}"
193024,1,4448.9002,4448.9002,False,0.875,"{""inversion_rho"":null,""inversion_channel"":23.0,""period_ms"":53.1001091003418}"
193024,1,4463.2001,4463.2001,False,0.25,"{""inversion_rho"":null,""inversion_channel"":16.5,""period_ms"":12.700080871582031}"
193024,1,4471.3998,4471.3998,False,1.0,"{""inversion_rho"":null,""inversion_channel"":32.5,""period_ms"":12.700080871582031}"
193024,1,4478.7998,4478.7998,False,0.875,"{""inversion_rho"":null,""inversion_channel"":24.5,""period_ms"":12.700080871582031}"
193024,1,4490.6001,4490.6001,False,0.875,"{""inversion_rho"":null,""inversion_channel"":24.0,""period_ms"":12.700080871582031}"
193024,1,4504.0998,4504.0998,False,0.625,"{""inversion_rho"":null,""inversion_channel"":23.5,""period_ms"":12.700080871582031}"
193024,1,4517.0002,4517.0002,False,0.625,"{""inversion_rho"":null,""inversion_channel"":25.5,""period_ms"":12.700080871582031}"
193024,1,4528.9001,4528.9001,False,0.875,"{""inversion_rho"":null,""inversion_channel"":23.0,""period_ms"":12.700080871582031}"
193024,1,4545.7001,4545.7001,False,0.5,"{""inversion_rho"":null,""inversion_channel"":24.0,""period_ms"":12.700080871582031}"
193024,1,4559.1002,4559.1002,False,1.0,"{""inversion_rho"":null,""inversion_channel"":24.0,""period_ms"":12.700080871582031}"
193024,1,4575.3999,4575.3999,False,0.5,"{""inversion_rho"":null,""inversion_channel"":25.5,""period_ms"":12.700080871582031}"
193024,1,4588.1,4588.1,False,1.0,"{""inversion_rho"":null,""inversion_channel"":27.0,""period_ms"":12.700080871582031}"
193024,1,4602.3002,4602.3002,False,0.375,"{""inversion_rho"":null,""inversion_channel"":27.5,""period_ms"":12.700080871582031}"
193024,1,4616.7998,4616.7998,False,0.625,"{""inversion_rho"":null,""inversion_channel"":27.5,""period_ms"":12.700080871582031}"
193024,1,4632.5998,4632.5998,False,1.0,"{""inversion_rho"":null,""inversion_channel"":27.5,""period_ms"":12.700080871582031}"
193024,1,4646.5001,4646.5001,False,0.625,"{""inversion_rho"":null,""inversion_channel"":26.5,""period_ms"":12.700080871582031}"
193024,1,4660.8,4660.8,False,1.0,"{""inversion_rho"":null,""inversion_channel"":26.0,""period_ms"":12.700080871582031}"
193024,1,4676.0998,4676.0998,False,1.0,"{""inversion_rho"":null,""inversion_channel"":27.5,""period_ms"":12.700080871582031}"
193024,1,4684.1998,4684.1998,False,1.0,"{""inversion_rho"":null,""inversion_channel"":24.0,""period_ms"":12.700080871582031}"
193024,1,4698.1001,4698.1001,False,1.0,"{""inversion_rho"":null,""inversion_channel"":24.0,""period_ms"":12.700080871582031}"
193024,1,4709.0001,4709.0001,False,0.5,"{""inversion_rho"":null,""inversion_channel"":25.0,""period_ms"":12.700080871582031}"
193024,1,4721.4999,4721.4999,False,1.0,"{""inversion_rho"":null,""inversion_channel"":22.0,""period_ms"":12.700080871582031}"
193024,1,4734.3001,4734.3001,False,0.625,"{""inversion_rho"":null,""inversion_channel"":22.5,""period_ms"":12.700080871582031}"
193024,1,4746.6998,4746.6998,False,1.0,"{""inversion_rho"":null,""inversion_channel"":25.0,""period_ms"":12.700080871582031}"
193024,1,4759.5,4759.5,False,0.75,"{""inversion_rho"":null,""inversion_channel"":25.0,""period_ms"":12.700080871582031}"
193024,1,4775.3,4775.3,False,1.0,"{""inversion_rho"":null,""inversion_channel"":26.0,""period_ms"":12.700080871582031}"
193024,1,4788.1999,4788.1999,False,1.0,"{""inversion_rho"":null,""inversion_channel"":26.0,""period_ms"":12.700080871582031}"
193024,1,4799.0999,4799.0999,False,1.0,"{""inversion_rho"":null,""inversion_channel"":30.0,""period_ms"":12.700080871582031}"
193024,1,4811.1,4811.1,False,1.0,"{""inversion_rho"":null,""inversion_channel"":25.5,""period_ms"":12.700080871582031}"
193024,1,4825.7999,4825.7999,False,0.875,"{""inversion_rho"":null,""inversion_channel"":23.5,""period_ms"":12.700080871582031}"
193024,1,4852.0002,4852.0002,False,1.0,"{""inversion_rho"":null,""inversion_channel"":40.0,""period_ms"":12.700080871582031}"
193024,1,4864.6002,4864.6002,False,1.0,"{""inversion_rho"":null,""inversion_channel"":23.5,""period_ms"":12.700080871582031}"
193024,1,4877.2001,4877.2001,False,0.25,"{""inversion_rho"":null,""inversion_channel"":21.0,""period_ms"":12.700080871582031}"
193024,1,4890.1,4890.1,False,1.0,"{""inversion_rho"":null,""inversion_channel"":40.5,""period_ms"":12.700080871582031}"
193024,1,4900.4998,4900.4998,False,1.0,"{""inversion_rho"":null,""inversion_channel"":22.5,""period_ms"":12.700080871582031}"
193024,1,4913.1999,4913.1999,False,1.0,"{""inversion_rho"":null,""inversion_channel"":23.5,""period_ms"":12.700080871582031}"
193024,1,4935.2002,4935.2002,False,1.0,"{""inversion_rho"":null,""inversion_channel"":20.0,""period_ms"":12.700080871582031}"
193024,1,4947.3,4947.3,False,0.875,"{""inversion_rho"":null,""inversion_channel"":18.5,""period_ms"":12.700080871582031}"
193024,1,4958.3001,4958.3001,False,0.5,"{""inversion_rho"":null,""inversion_channel"":19.5,""period_ms"":12.700080871582031}"
193024,1,4971.2,4971.2,False,1.0,"{""inversion_rho"":null,""inversion_channel"":18.5,""period_ms"":12.700080871582031}"
193024,1,4984.3998,4984.3998,False,1.0,"{""inversion_rho"":null,""inversion_channel"":20.5,""period_ms"":12.700080871582031}"
193024,1,4995.4,4995.4,False,1.0,"{""inversion_rho"":null,""inversion_channel"":20.5,""period_ms"":12.700080871582031}"
193024,1,5007.4,5007.4,False,1.0,"{""inversion_rho"":null,""inversion_channel"":20.5,""period_ms"":12.700080871582031}"
193024,1,5022.9001,5022.9001,False,1.0,"{""inversion_rho"":null,""inversion_channel"":22.5,""period_ms"":12.700080871582031}"
193024,1,5035.1,5035.1,False,1.0,"{""inversion_rho"":null,""inversion_channel"":29.5,""period_ms"":12.700080871582031}"
193024,1,5055.3999,5055.3999,False,1.0,"{""inversion_rho"":null,""inversion_channel"":27.0,""period_ms"":12.700080871582031}"
193024,1,5065.5999,5065.5999,False,1.0,"{""inversion_rho"":null,""inversion_channel"":26.5,""period_ms"":12.700080871582031}"
193024,1,5076.0999,5076.0999,False,0.625,"{""inversion_rho"":null,""inversion_channel"":37.0,""period_ms"":12.700080871582031}"
193024,1,5082.6998,5082.6998,False,0.75,"{""inversion_rho"":null,""inversion_channel"":37.0,""period_ms"":12.700080871582031}"
193024,1,5092.9999,5092.9999,False,1.0,"{""inversion_rho"":null,""inversion_channel"":39.5,""period_ms"":12.700080871582031}"
193024,1,5107.1,5107.1,False,1.0,"{""inversion_rho"":null,""inversion_channel"":39.5,""period_ms"":12.700080871582031}"
193024,1,5117.3,5117.3,False,1.0,"{""inversion_rho"":null,""inversion_channel"":39.5,""period_ms"":12.700080871582031}"
193024,1,5124.4998,5124.4998,False,1.0,"{""inversion_rho"":null,""inversion_channel"":24.0,""period_ms"":12.700080871582031}"
193024,1,5130.3,5130.3,False,1.0,"{""inversion_rho"":null,""inversion_channel"":39.5,""period_ms"":12.700080871582031}"
193024,1,5146.5001,5146.5001,False,1.0,"{""inversion_rho"":null,""inversion_channel"":39.5,""period_ms"":12.599945068359375}"
193024,1,5156.8999,5156.8999,False,1.0,"{""inversion_rho"":null,""inversion_channel"":38.0,""period_ms"":12.599945068359375}"
193024,1,5172.5998,5172.5998,False,1.0,"{""inversion_rho"":null,""inversion_channel"":39.5,""period_ms"":12.599945068359375}"
193024,1,5181.0999,5181.0999,False,1.0,"{""inversion_rho"":null,""inversion_channel"":29.0,""period_ms"":12.599945068359375}"
193024,1,5189.0001,5189.0001,False,0.375,"{""inversion_rho"":null,""inversion_channel"":40.0,""period_ms"":12.599945068359375}"
193024,1,5204.8998,5204.8998,False,1.0,"{""inversion_rho"":null,""inversion_channel"":12.5,""period_ms"":12.599945068359375}"
193024,1,5218.9999,5218.9999,False,1.0,"{""inversion_rho"":null,""inversion_channel"":39.5,""period_ms"":12.599945068359375}"
193024,1,5231.5998,5231.5998,False,1.0,"{""inversion_rho"":null,""inversion_channel"":11.5,""period_ms"":12.599945068359375}"
193024,1,5248.7001,5248.7001,False,0.25,"{""inversion_rho"":null,""inversion_channel"":24.5,""period_ms"":12.599945068359375}"
193024,1,5259.3002,5259.3002,False,1.0,"{""inversion_rho"":null,""inversion_channel"":27.5,""period_ms"":12.599945068359375}"
193024,1,5267.9,5267.9,False,0.5,"{""inversion_rho"":null,""inversion_channel"":18.5,""period_ms"":12.599945068359375}"
193024,1,5286.3002,5286.3002,False,1.0,"{""inversion_rho"":null,""inversion_channel"":29.0,""period_ms"":12.599945068359375}"
193024,1,5363.9002,5363.9002,False,1.0,"{""inversion_rho"":null,""inversion_channel"":40.5,""period_ms"":66.99991226196289}"
193024,1,5434.1998,5434.1998,False,1.0,"{""inversion_rho"":null,""inversion_channel"":30.0,""period_ms"":66.99991226196289}"
193024,1,5497.9,5497.9,False,1.0,"{""inversion_rho"":null,""inversion_channel"":25.5,""period_ms"":66.99991226196289}"
193024,1,5506.8998,5506.8998,False,1.0,"{""inversion_rho"":null,""inversion_channel"":12.5,""period_ms"":22.500038146972656}"
193024,1,5515.3999,5515.3999,False,1.0,"{""inversion_rho"":null,""inversion_channel"":15.5,""period_ms"":22.500038146972656}"
193024,1,5529.3002,5529.3002,False,0.625,"{""inversion_rho"":null,""inversion_channel"":16.5,""period_ms"":22.500038146972656}"
193024,1,5560.4,5560.4,False,1.0,"{""inversion_rho"":null,""inversion_channel"":29.5,""period_ms"":22.500038146972656}"
193024,1,5601.5,5601.5,False,1.0,"{""inversion_rho"":null,""inversion_channel"":12.5,""period_ms"":22.500038146972656}"
193024,1,5608.6998,5608.6998,False,1.0,"{""inversion_rho"":null,""inversion_channel"":21.5,""period_ms"":null}"
193024,1,112.3,133.5,True,1.0,"{""inversion_rho"":null,""inversion_channel"":25.25,""period_ms"":6.899997591972351}"
193024,1,1246.7,1690.4,True,1.0,"{""inversion_rho"":null,""inversion_channel"":26.5,""period_ms"":50.999999046325684}"
193024,1,1722.2,2016.2001,True,1.0,"{""inversion_rho"":null,""inversion_channel"":27.25,""period_ms"":35.60006618499756}"
193024,1,2033.0,2059.9999,True,1.0,"{""inversion_rho"":null,""inversion_channel"":11.0,""period_ms"":13.499975204467773}"
193024,1,2092.5,2706.3,True,1.0,"{""inversion_rho"":null,""inversion_channel"":10.5,""period_ms"":200.20008087158203}"
193024,1,2732.3999,2943.3999,True,1.0,"{""inversion_rho"":null,""inversion_channel"":7.0,""period_ms"":50.05013942718506}"
193024,1,3081.1999,3272.3999,True,1.0,"{""inversion_rho"":null,""inversion_channel"":13.5,""period_ms"":51.15008354187012}"
193024,1,3490.4001,3513.9,True,1.0,"{""inversion_rho"":null,""inversion_channel"":14.0,""period_ms"":11.749982833862305}"
193024,1,3549.9001,3708.8001,True,1.0,"{""inversion_rho"":null,""inversion_channel"":29.0,""period_ms"":79.45001125335693}"
193024,1,3952.5001,4073.0,True,1.0,"{""inversion_rho"":null,""inversion_channel"":14.5,""period_ms"":60.249924659729004}"
193024,1,4079.7,4102.0999,True,1.0,"{""inversion_rho"":null,""inversion_channel"":16.5,""period_ms"":6.599903106689453}"
193024,1,4342.7,4448.9002,True,1.0,"{""inversion_rho"":null,""inversion_channel"":23.5,""period_ms"":53.1001091003418}"
193024,1,4463.2001,5130.3,True,1.0,"{""inversion_rho"":null,""inversion_channel"":25.0,""period_ms"":12.700080871582031}"
193024,1,5146.5001,5286.3002,True,1.0,"{""inversion_rho"":null,""inversion_channel"":29.0,""period_ms"":12.599945068359375}"
193024,1,5363.9002,5497.9,True,1.0,"{""inversion_rho"":null,""inversion_channel"":30.0,""period_ms"":66.99991226196289}"
193024,1,5506.8998,5601.5,True,1.0,"{""inversion_rho"":null,""inversion_channel"":15.5,""period_ms"":22.500038146972656}"
193075,1,74.7,74.7,False,0.25,"{""inversion_rho"":null,""inversion_channel"":31.5,""period_ms"":null}"
193075,1,970.1,970.1,False,0.5,"{""inversion_rho"":null,""inversion_channel"":20.5,""period_ms"":null}"
193075,1,2320.9,2320.9,False,1.0,"{""inversion_rho"":null,""inversion_channel"":31.5,""period_ms"":null}"
193075,1,2355.2001,2355.2001,False,1.0,"{""inversion_rho"":null,""inversion_channel"":31.5,""period_ms"":null}"
193075,1,2525.7001,2525.7001,False,1.0,"{""inversion_rho"":null,""inversion_channel"":31.5,""period_ms"":null}"
193075,1,2629.3001,2629.3001,False,1.0,"{""inversion_rho"":null,""inversion_channel"":21.5,""period_ms"":null}"
193075,1,2662.6999,2662.6999,False,1.0,"{""inversion_rho"":null,""inversion_channel"":21.5,""period_ms"":34.150004386901855}"
193075,1,2728.3001,2728.3001,False,1.0,"{""inversion_rho"":null,""inversion_channel"":31.5,""period_ms"":34.150004386901855}"
193075,1,2760.9,2760.9,False,1.0,"{""inversion_rho"":null,""inversion_channel"":31.5,""period_ms"":34.150004386901855}"
193075,1,2795.2001,2795.2001,False,0.5,"{""inversion_rho"":null,""inversion_channel"":22.0,""period_ms"":34.150004386901855}"
193075,1,2829.2,2829.2,False,1.0,"{""inversion_rho"":null,""inversion_channel"":21.5,""period_ms"":34.150004386901855}"
193075,1,2990.7999,2990.7999,False,1.0,"{""inversion_rho"":null,""inversion_channel"":31.5,""period_ms"":113.55006694793701}"
193075,1,3091.3,3091.3,False,1.0,"{""inversion_rho"":null,""inversion_channel"":21.5,""period_ms"":113.55006694793701}"
193075,1,3217.9,3217.9,False,1.0,"{""inversion_rho"":null,""inversion_channel"":31.5,""period_ms"":113.55006694793701}"
193075,1,3534.4,3534.4,False,1.0,"{""inversion_rho"":null,""inversion_channel"":22.5,""period_ms"":null}"
193075,1,3559.7,3559.7,False,0.625,"{""inversion_rho"":null,""inversion_channel"":22.5,""period_ms"":null}"
193075,1,2662.6999,2829.2,True,1.0,"{""inversion_rho"":null,""inversion_channel"":22.0,""period_ms"":34.150004386901855}"
193075,1,2990.7999,3217.9,True,1.0,"{""inversion_rho"":null,""inversion_channel"":31.5,""period_ms"":113.55006694793701}"
193087,1,54.6,54.6,False,0.25,"{""inversion_rho"":null,""inversion_channel"":5.0,""period_ms"":17.349999397993088}"
193087,1,76.5,76.5,False,0.375,"{""inversion_rho"":null,""inversion_channel"":8.0,""period_ms"":17.349999397993088}"
193087,1,89.3,89.3,False,0.25,"{""inversion_rho"":null,""inversion_channel"":2.5,""period_ms"":17.349999397993088}"
193087,1,3617.0001,3617.0001,False,1.0,"{""inversion_rho"":null,""inversion_channel"":21.0,""period_ms"":null}"
193087,1,4195.3001,4195.3001,False,1.0,"{""inversion_rho"":null,""inversion_channel"":21.5,""period_ms"":null}"
193087,1,4594.2998,4594.2998,False,1.0,"{""inversion_rho"":null,""inversion_channel"":21.5,""period_ms"":null}"
193087,1,5180.1,5180.1,False,1.0,"{""inversion_rho"":null,""inversion_channel"":21.5,""period_ms"":16.8001651763916}"
193087,1,5199.2002,5199.2002,False,1.0,"{""inversion_rho"":null,""inversion_channel"":22.0,""period_ms"":16.8001651763916}"
193087,1,5217.1998,5217.1998,False,0.875,"{""inversion_rho"":null,""inversion_channel"":21.0,""period_ms"":16.8001651763916}"
193087,1,5234.0999,5234.0999,False,1.0,"{""inversion_rho"":null,""inversion_channel"":22.0,""period_ms"":16.8001651763916}"
193087,1,5250.5002,5250.5002,False,1.0,"{""inversion_rho"":null,""inversion_channel"":21.0,""period_ms"":16.8001651763916}"
193087,1,5266.5,5266.5,False,1.0,"{""inversion_rho"":null,""inversion_channel"":22.5,""period_ms"":16.8001651763916}"
193087,1,5283.1998,5283.1998,False,1.0,"{""inversion_rho"":null,""inversion_channel"":21.0,""period_ms"":16.8001651763916}"
193087,1,5300.0002,5300.0002,False,1.0,"{""inversion_rho"":null,""inversion_channel"":20.5,""period_ms"":16.8001651763916}"
193087,1,5317.2002,5317.2002,False,1.0,"{""inversion_rho"":null,""inversion_channel"":20.5,""period_ms"":16.8001651763916}"
193087,1,5333.9,5333.9,False,1.0,"{""inversion_rho"":null,""inversion_channel"":19.5,""period_ms"":16.8001651763916}"
193087,1,5350.6999,5350.6999,False,1.0,"{""inversion_rho"":null,""inversion_channel"":20.0,""period_ms"":16.8001651763916}"
193087,1,5367.8002,5367.8002,False,1.0,"{""inversion_rho"":null,""inversion_channel"":19.5,""period_ms"":16.8001651763916}"
193087,1,5384.5,5384.5,False,1.0,"{""inversion_rho"":null,""inversion_channel"":19.0,""period_ms"":16.8001651763916}"
193087,1,5402.2999,5402.2999,False,1.0,"{""inversion_rho"":null,""inversion_channel"":18.5,""period_ms"":16.8001651763916}"
193087,1,5419.7001,5419.7001,False,1.0,"{""inversion_rho"":null,""inversion_channel"":19.0,""period_ms"":16.8001651763916}"
193087,1,5436.8,5436.8,False,1.0,"{""inversion_rho"":null,""inversion_channel"":19.0,""period_ms"":16.8001651763916}"
193087,1,5453.4998,5453.4998,False,1.0,"{""inversion_rho"":null,""inversion_channel"":19.0,""period_ms"":16.8001651763916}"
193087,1,5469.8,5469.8,False,1.0,"{""inversion_rho"":null,""inversion_channel"":18.5,""period_ms"":16.8001651763916}"
193087,1,5486.4998,5486.4998,False,1.0,"{""inversion_rho"":null,""inversion_channel"":19.0,""period_ms"":16.8001651763916}"
193087,1,5503.7999,5503.7999,False,1.0,"{""inversion_rho"":null,""inversion_channel"":20.0,""period_ms"":16.8001651763916}"
193087,1,5520.5998,5520.5998,False,1.0,"{""inversion_rho"":null,""inversion_channel"":19.5,""period_ms"":16.8001651763916}"
193087,1,5554.4,5554.4,False,1.0,"{""inversion_rho"":null,""inversion_channel"":38.0,""period_ms"":16.8001651763916}"
193087,1,5570.7998,5570.7998,False,0.375,"{""inversion_rho"":null,""inversion_channel"":30.0,""period_ms"":16.8001651763916}"
193087,1,54.6,89.3,True,1.0,"{""inversion_rho"":null,""inversion_channel"":5.0,""period_ms"":17.349999397993088}"
193087,1,5180.1,5570.7998,True,1.0,"{""inversion_rho"":null,""inversion_channel"":20.0,""period_ms"":16.8001651763916}"
193106,1,54.1,54.1,False,0.25,"{""inversion_rho"":null,""inversion_channel"":32.0,""period_ms"":20.84999904036522}"
193106,1,66.2,66.2,False,0.5,"{""inversion_rho"":null,""inversion_channel"":32.5,""period_ms"":20.84999904036522}"
193106,1,95.8,95.8,False,0.75,"{""inversion_rho"":null,""inversion_channel"":29.5,""period_ms"":20.84999904036522}"
193106,1,759.9,759.9,False,0.5,"{""inversion_rho"":null,""inversion_channel"":40.5,""period_ms"":null}"
193106,1,1609.3,1609.3,False,0.625,"{""inversion_rho"":null,""inversion_channel"":3.5,""period_ms"":74.4999647140503}"
193106,1,1667.3,1667.3,False,1.0,"{""inversion_rho"":null,""inversion_channel"":25.0,""period_ms"":74.4999647140503}"
193106,1,1778.0,1778.0,False,1.0,"{""inversion_rho"":null,""inversion_channel"":6.5,""period_ms"":74.4999647140503}"
193106,1,1830.0,1830.0,False,1.0,"{""inversion_rho"":null,""inversion_channel"":13.5,""period_ms"":74.4999647140503}"
193106,1,1913.2,1913.2,False,0.75,"{""inversion_rho"":null,""inversion_channel"":10.5,""period_ms"":74.4999647140503}"
193106,1,1987.7,1987.7,False,1.0,"{""inversion_rho"":null,""inversion_channel"":13.5,""period_ms"":74.4999647140503}"
193106,1,2112.5,2112.5,False,1.0,"{""inversion_rho"":null,""inversion_channel"":2.5,""period_ms"":74.4999647140503}"
193106,1,2177.0,2177.0,False,1.0,"{""inversion_rho"":null,""inversion_channel"":13.5,""period_ms"":74.4999647140503}"
193106,1,2196.6,2196.6,False,1.0,"{""inversion_rho"":null,""inversion_channel"":8.5,""period_ms"":35.15005111694336}"
193106,1,2218.4,2218.4,False,1.0,"{""inversion_rho"":null,""inversion_channel"":10.5,""period_ms"":35.15005111694336}"
193106,1,2266.9001,2266.9001,False,1.0,"{""inversion_rho"":null,""inversion_channel"":14.5,""period_ms"":35.15005111694336}"
193106,1,2284.9,2284.9,False,1.0,"{""inversion_rho"":null,""inversion_channel"":10.5,""period_ms"":24.200081825256348}"
193106,1,2309.7999,2309.7999,False,1.0,"{""inversion_rho"":null,""inversion_channel"":10.5,""period_ms"":24.200081825256348}"
193106,1,2333.6,2333.6,False,1.0,"{""inversion_rho"":null,""inversion_channel"":14.5,""period_ms"":24.200081825256348}"
193106,1,2361.0001,2361.0001,False,1.0,"{""inversion_rho"":null,""inversion_channel"":14.5,""period_ms"":24.200081825256348}"
193106,1,2382.1001,2382.1001,False,0.75,"{""inversion_rho"":null,""inversion_channel"":14.5,""period_ms"":24.200081825256348}"
193106,1,2400.3,2400.3,False,0.75,"{""inversion_rho"":null,""inversion_channel"":26.5,""period_ms"":24.200081825256348}"
193106,1,2435.4999,2435.4999,False,1.0,"{""inversion_rho"":null,""inversion_channel"":14.5,""period_ms"":24.200081825256348}"
193106,1,2460.0999,2460.0999,False,0.625,"{""inversion_rho"":null,""inversion_channel"":16.5,""period_ms"":24.200081825256348}"
193106,1,2477.6001,2477.6001,False,0.625,"{""inversion_rho"":null,""inversion_channel"":16.5,""period_ms"":24.200081825256348}"
193106,1,2530.2,2530.2,False,1.0,"{""inversion_rho"":null,""inversion_channel"":28.5,""period_ms"":14.550089836120605}"
193106,1,2542.7001,2542.7001,False,0.75,"{""inversion_rho"":null,""inversion_channel"":11.5,""period_ms"":14.550089836120605}"
193106,1,2555.1,2555.1,False,0.875,"{""inversion_rho"":null,""inversion_channel"":16.0,""period_ms"":14.550089836120605}"
193106,1,2571.7001,2571.7001,False,0.5,"{""inversion_rho"":null,""inversion_channel"":7.0,""period_ms"":14.550089836120605}"
193106,1,2588.7001,2588.7001,False,0.25,"{""inversion_rho"":null,""inversion_channel"":10.5,""period_ms"":14.550089836120605}"
193106,1,2594.1999,2594.1999,False,0.25,"{""inversion_rho"":null,""inversion_channel"":13.5,""period_ms"":22.500038146972656}"
193106,1,2638.2999,2638.2999,False,0.75,"{""inversion_rho"":null,""inversion_channel"":14.5,""period_ms"":22.500038146972656}"
193106,1,2660.8,2660.8,False,0.25,"{""inversion_rho"":null,""inversion_channel"":13.5,""period_ms"":22.500038146972656}"
193106,1,2691.6001,2691.6001,False,0.25,"{""inversion_rho"":null,""inversion_channel"":13.5,""period_ms"":22.500038146972656}"
193106,1,2711.1001,2711.1001,False,0.5,"{""inversion_rho"":null,""inversion_channel"":14.5,""period_ms"":22.500038146972656}"
193106,1,2722.1,2722.1,False,0.25,"{""inversion_rho"":null,""inversion_channel"":13.5,""period_ms"":22.500038146972656}"
193106,1,2761.1001,2761.1001,False,0.5,"{""inversion_rho"":null,""inversion_channel"":28.5,""period_ms"":37.05000877380371}"
193106,1,2803.7,2803.7,False,0.625,"{""inversion_rho"":null,""inversion_channel"":29.5,""period_ms"":37.05000877380371}"
193106,1,2830.4,2830.4,False,0.625,"{""inversion_rho"":null,""inversion_channel"":13.5,""period_ms"":37.05000877380371}"
193106,1,2861.9001,2861.9001,False,0.375,"{""inversion_rho"":null,""inversion_channel"":28.5,""period_ms"":37.05000877380371}"
193106,1,2907.5999,2907.5999,False,0.375,"{""inversion_rho"":null,""inversion_channel"":28.5,""period_ms"":37.05000877380371}"
193106,1,2918.7,2918.7,False,0.875,"{""inversion_rho"":null,""inversion_channel"":18.5,""period_ms"":86.09998226165771}"
193106,1,3017.6001,3017.6001,False,0.25,"{""inversion_rho"":null,""inversion_channel"":12.5,""period_ms"":86.09998226165771}"
193106,1,3090.8999,3090.8999,False,0.75,"{""inversion_rho"":null,""inversion_channel"":28.5,""period_ms"":86.09998226165771}"
193106,1,3118.5,3118.5,False,1.0,"{""inversion_rho"":null,""inversion_channel"":20.5,""period_ms"":null}"
193106,1,3126.4999,3126.4999,False,0.875,"{""inversion_rho"":null,""inversion_channel"":28.5,""period_ms"":null}"
193106,1,3155.1001,3155.1001,False,1.0,"{""inversion_rho"":null,""inversion_channel"":15.5,""period_ms"":33.64992141723633}"
193106,1,3178.0,3178.0,False,1.0,"{""inversion_rho"":null,""inversion_channel"":14.5,""period_ms"":33.64992141723633}"
193106,1,3222.4,3222.4,False,0.5,"{""inversion_rho"":null,""inversion_channel"":29.5,""period_ms"":33.64992141723633}"
193106,1,3227.7,3227.7,False,0.375,"{""inversion_rho"":null,""inversion_channel"":18.0,""period_ms"":23.099899291992188}"
193106,1,3238.6,3238.6,False,1.0,"{""inversion_rho"":null,""inversion_channel"":16.5,""period_ms"":23.099899291992188}"
193106,1,3261.6999,3261.6999,False,0.25,"{""inversion_rho"":null,""inversion_channel"":18.5,""period_ms"":23.099899291992188}"
193106,1,3313.0,3313.0,False,0.5,"{""inversion_rho"":null,""inversion_channel"":19.5,""period_ms"":23.099899291992188}"
193106,1,3322.0999,3322.0999,False,1.0,"{""inversion_rho"":null,""inversion_channel"":21.5,""period_ms"":null}"
193106,1,3342.9999,3342.9999,False,0.625,"{""inversion_rho"":null,""inversion_channel"":18.0,""period_ms"":null}"
193106,1,3402.1001,3402.1001,False,0.875,"{""inversion_rho"":null,""inversion_channel"":19.5,""period_ms"":null}"
193106,1,3449.7001,3449.7001,False,0.5,"{""inversion_rho"":null,""inversion_channel"":21.0,""period_ms"":null}"
193106,1,3457.0,3457.0,False,0.5,"{""inversion_rho"":null,""inversion_channel"":19.5,""period_ms"":null}"
193106,1,3463.2001,3463.2001,False,0.375,"{""inversion_rho"":null,""inversion_channel"":21.0,""period_ms"":null}"
193106,1,3484.2,3484.2,False,0.625,"{""inversion_rho"":null,""inversion_channel"":19.5,""period_ms"":null}"
193106,1,3528.0001,3528.0001,False,1.0,"{""inversion_rho"":null,""inversion_channel"":20.0,""period_ms"":null}"
193106,1,3542.7999,3542.7999,False,1.0,"{""inversion_rho"":null,""inversion_channel"":26.0,""period_ms"":18.149971961975098}"
193106,1,3559.2,3559.2,False,0.5,"{""inversion_rho"":null,""inversion_channel"":23.5,""period_ms"":18.149971961975098}"
193106,1,3579.0999,3579.0999,False,0.75,"{""inversion_rho"":null,""inversion_channel"":21.5,""period_ms"":18.149971961975098}"
193106,1,3641.3,3641.3,False,0.5,"{""inversion_rho"":null,""inversion_channel"":21.5,""period_ms"":11.200189590454102}"
193106,1,3655.9999,3655.9999,False,0.25,"{""inversion_rho"":null,""inversion_channel"":21.0,""period_ms"":11.200189590454102}"
193106,1,3667.2001,3667.2001,False,0.625,"{""inversion_rho"":null,""inversion_channel"":22.5,""period_ms"":11.200189590454102}"
193106,1,3675.0,3675.0,False,0.75,"{""inversion_rho"":null,""inversion_channel"":21.5,""period_ms"":11.200189590454102}"
193106,1,3697.7999,3697.7999,False,0.625,"{""inversion_rho"":null,""inversion_channel"":14.5,""period_ms"":null}"
193106,1,3710.7999,3710.7999,False,0.25,"{""inversion_rho"":null,""inversion_channel"":23.5,""period_ms"":null}"
193106,1,3759.8,3759.8,False,1.0,"{""inversion_rho"":null,""inversion_channel"":25.5,""period_ms"":32.29999542236328}"
193106,1,3783.9,3783.9,False,0.625,"{""inversion_rho"":null,""inversion_channel"":25.5,""period_ms"":32.29999542236328}"
193106,1,3824.3999,3824.3999,False,0.375,"{""inversion_rho"":null,""inversion_channel"":25.5,""period_ms"":32.29999542236328}"
193106,1,3835.0,3835.0,False,0.375,"{""inversion_rho"":null,""inversion_channel"":22.5,""period_ms"":null}"
193106,1,3847.1999,3847.1999,False,0.25,"{""inversion_rho"":null,""inversion_channel"":27.5,""period_ms"":null}"
193106,1,3933.1999,3933.1999,False,0.25,"{""inversion_rho"":null,""inversion_channel"":39.5,""period_ms"":18.900394439697266}"
193106,1,3940.0001,3940.0001,False,1.0,"{""inversion_rho"":null,""inversion_channel"":24.0,""period_ms"":18.900394439697266}"
193106,1,3945.4999,3945.4999,False,0.375,"{""inversion_rho"":null,""inversion_channel"":5.5,""period_ms"":18.900394439697266}"
193106,1,3951.9999,3951.9999,False,0.375,"{""inversion_rho"":null,""inversion_channel"":19.5,""period_ms"":18.900394439697266}"
193106,1,3963.8,3963.8,False,0.25,"{""inversion_rho"":null,""inversion_channel"":20.5,""period_ms"":18.900394439697266}"
193106,1,3990.7,3990.7,False,0.625,"{""inversion_rho"":null,""inversion_channel"":39.5,""period_ms"":18.900394439697266}"
193106,1,4034.9002,4034.9002,False,0.25,"{""inversion_rho"":null,""inversion_channel"":27.5,""period_ms"":18.900394439697266}"
193106,1,4068.2998,4068.2998,False,0.625,"{""inversion_rho"":null,""inversion_channel"":38.0,""period_ms"":18.900394439697266}"
193106,1,4087.2002,4087.2002,False,0.875,"{""inversion_rho"":null,""inversion_channel"":18.5,""period_ms"":18.900394439697266}"
193106,1,4111.4998,4111.4998,False,0.25,"{""inversion_rho"":null,""inversion_channel"":7.5,""period_ms"":18.900394439697266}"
193106,1,4118.1002,4118.1002,False,0.375,"{""inversion_rho"":null,""inversion_channel"":39.0,""period_ms"":null}"
193106,1,4127.6999,4127.6999,False,0.5,"{""inversion_rho"":null,""inversion_channel"":22.5,""period_ms"":null}"
193106,1,4168.3998,4168.3998,False,0.25,"{""inversion_rho"":null,""inversion_channel"":27.5,""period_ms"":18.849849700927734}"
193106,1,4177.8002,4177.8002,False,0.25,"{""inversion_rho"":null,""inversion_channel"":27.5,""period_ms"":18.849849700927734}"
193106,1,4197.8998,4197.8998,False,0.5,"{""inversion_rho"":null,""inversion_channel"":40.5,""period_ms"":18.849849700927734}"
193106,1,4211.7,4211.7,False,0.5,"{""inversion_rho"":null,""inversion_channel"":39.5,""period_ms"":18.849849700927734}"
193106,1,4237.8001,4237.8001,False,0.375,"{""inversion_rho"":null,""inversion_channel"":27.5,""period_ms"":18.849849700927734}"
193106,1,4253.5,4253.5,False,0.375,"{""inversion_rho"":null,""inversion_channel"":39.5,""period_ms"":18.849849700927734}"
193106,1,4271.1,4271.1,False,0.5,"{""inversion_rho"":null,""inversion_channel"":21.5,""period_ms"":18.849849700927734}"
193106,1,4308.0001,4308.0001,False,0.75,"{""inversion_rho"":null,""inversion_channel"":30.5,""period_ms"":18.849849700927734}"
193106,1,4341.5999,4341.5999,False,0.25,"{""inversion_rho"":null,""inversion_channel"":35.5,""period_ms"":18.849849700927734}"
193106,1,4350.2998,4350.2998,False,0.25,"{""inversion_rho"":null,""inversion_channel"":29.0,""period_ms"":8.700132369995117}"
193106,1,4361.3,4361.3,False,0.375,"{""inversion_rho"":null,""inversion_channel"":26.0,""period_ms"":8.700132369995117}"
193106,1,4367.7001,4367.7001,False,0.25,"{""inversion_rho"":null,""inversion_channel"":22.5,""period_ms"":8.700132369995117}"
193106,1,4384.1,4384.1,False,0.375,"{""inversion_rho"":null,""inversion_channel"":21.5,""period_ms"":null}"
193106,1,4424.7999,4424.7999,False,0.75,"{""inversion_rho"":null,""inversion_channel"":21.5,""period_ms"":null}"
193106,1,4435.5001,4435.5001,False,0.5,"{""inversion_rho"":null,""inversion_channel"":39.5,""period_ms"":10.2996826171875}"
193106,1,4446.6,4446.6,False,0.25,"{""inversion_rho"":null,""inversion_channel"":31.5,""period_ms"":10.2996826171875}"
193106,1,4460.0,4460.0,False,0.375,"{""inversion_rho"":null,""inversion_channel"":39.5,""period_ms"":10.2996826171875}"
193106,1,4472.4998,4472.4998,False,0.375,"{""inversion_rho"":null,""inversion_channel"":38.5,""period_ms"":10.2996826171875}"
193106,1,4484.0002,4484.0002,False,0.5,"{""inversion_rho"":null,""inversion_channel"":39.0,""period_ms"":10.2996826171875}"
193106,1,4496.9001,4496.9001,False,0.375,"{""inversion_rho"":null,""inversion_channel"":30.5,""period_ms"":10.2996826171875}"
193106,1,4506.0,4506.0,False,0.25,"{""inversion_rho"":null,""inversion_channel"":31.5,""period_ms"":10.2996826171875}"
193106,1,4514.8001,4514.8001,False,0.625,"{""inversion_rho"":null,""inversion_channel"":31.5,""period_ms"":10.2996826171875}"
193106,1,4524.6,4524.6,False,0.75,"{""inversion_rho"":null,""inversion_channel"":31.5,""period_ms"":10.2996826171875}"
193106,1,4534.8001,4534.8001,False,0.625,"{""inversion_rho"":null,""inversion_channel"":26.5,""period_ms"":10.2996826171875}"
193106,1,4546.5002,4546.5002,False,0.5,"{""inversion_rho"":null,""inversion_channel"":39.5,""period_ms"":10.2996826171875}"
193106,1,4566.8001,4566.8001,False,0.5,"{""inversion_rho"":null,""inversion_channel"":38.0,""period_ms"":10.2996826171875}"
193106,1,4579.0,4579.0,False,0.75,"{""inversion_rho"":null,""inversion_channel"":28.5,""period_ms"":10.2996826171875}"
193106,1,4601.1,4601.1,False,0.5,"{""inversion_rho"":null,""inversion_channel"":38.5,""period_ms"":10.2996826171875}"
193106,1,4626.4,4626.4,False,0.625,"{""inversion_rho"":null,""inversion_channel"":30.5,""period_ms"":10.2996826171875}"
193106,1,4636.7002,4636.7002,False,0.625,"{""inversion_rho"":null,""inversion_channel"":40.0,""period_ms"":10.2996826171875}"
193106,1,4646.9998,4646.9998,False,0.625,"{""inversion_rho"":null,""inversion_channel"":32.0,""period_ms"":10.2996826171875}"
193106,1,4658.0,4658.0,False,0.625,"{""inversion_rho"":null,""inversion_channel"":40.0,""period_ms"":10.2996826171875}"
193106,1,4667.1,4667.1,False,1.0,"{""inversion_rho"":null,""inversion_channel"":39.5,""period_ms"":10.2996826171875}"
193106,1,4675.6001,4675.6001,False,1.0,"{""inversion_rho"":null,""inversion_channel"":31.5,""period_ms"":10.2996826171875}"
193106,1,4685.9002,4685.9002,False,0.625,"{""inversion_rho"":null,""inversion_channel"":35.5,""period_ms"":10.2996826171875}"
193106,1,4700.5,4700.5,False,1.0,"{""inversion_rho"":null,""inversion_channel"":29.0,""period_ms"":10.2996826171875}"
193106,1,4709.7001,4709.7001,False,0.625,"{""inversion_rho"":null,""inversion_channel"":39.5,""period_ms"":10.2996826171875}"
193106,1,4723.1002,4723.1002,False,1.0,"{""inversion_rho"":null,""inversion_channel"":40.0,""period_ms"":10.2996826171875}"
193106,1,4740.5,4740.5,False,0.875,"{""inversion_rho"":null,""inversion_channel"":31.5,""period_ms"":10.2996826171875}"
193106,1,4751.5998,4751.5998,False,1.0,"{""inversion_rho"":null,""inversion_channel"":39.5,""period_ms"":10.2996826171875}"
193106,1,4759.3002,4759.3002,False,0.75,"{""inversion_rho"":null,""inversion_channel"":31.5,""period_ms"":10.2996826171875}"
193106,1,4768.8999,4768.8999,False,1.0,"{""inversion_rho"":null,""inversion_channel"":39.5,""period_ms"":10.2996826171875}"
193106,1,4777.8001,4777.8001,False,0.875,"{""inversion_rho"":null,""inversion_channel"":32.0,""period_ms"":10.2996826171875}"
193106,1,4789.3,4789.3,False,0.875,"{""inversion_rho"":null,""inversion_channel"":31.5,""period_ms"":10.2996826171875}"
193106,1,4798.3999,4798.3999,False,1.0,"{""inversion_rho"":null,""inversion_channel"":31.5,""period_ms"":10.2996826171875}"
193106,1,4807.4002,4807.4002,False,0.875,"{""inversion_rho"":null,""inversion_channel"":36.5,""period_ms"":10.2996826171875}"
193106,1,4817.6999,4817.6999,False,0.75,"{""inversion_rho"":null,""inversion_channel"":31.5,""period_ms"":10.2996826171875}"
193106,1,4829.9999,4829.9999,False,0.875,"{""inversion_rho"":null,""inversion_channel"":39.5,""period_ms"":10.2996826171875}"
193106,1,4837.8,4837.8,False,0.875,"{""inversion_rho"":null,""inversion_channel"":31.5,""period_ms"":10.2996826171875}"
193106,1,4846.4999,4846.4999,False,1.0,"{""inversion_rho"":null,""inversion_channel"":31.5,""period_ms"":10.2996826171875}"
193106,1,4854.1999,4854.1999,False,0.625,"{""inversion_rho"":null,""inversion_channel"":39.5,""period_ms"":10.2996826171875}"
193106,1,4863.1001,4863.1001,False,0.875,"{""inversion_rho"":null,""inversion_channel"":31.5,""period_ms"":10.2996826171875}"
193106,1,4871.3002,4871.3002,False,0.75,"{""inversion_rho"":null,""inversion_channel"":32.0,""period_ms"":10.2996826171875}"
193106,1,4879.3001,4879.3001,False,0.625,"{""inversion_rho"":null,""inversion_channel"":31.5,""period_ms"":10.2996826171875}"
193106,1,4887.5999,4887.5999,False,0.25,"{""inversion_rho"":null,""inversion_channel"":32.5,""period_ms"":10.2996826171875}"
193106,1,4897.1,4897.1,False,0.375,"{""inversion_rho"":null,""inversion_channel"":31.5,""period_ms"":10.2996826171875}"
193106,1,4906.0001,4906.0001,False,0.625,"{""inversion_rho"":null,""inversion_channel"":35.5,""period_ms"":10.2996826171875}"
193106,1,4914.5999,4914.5999,False,0.625,"{""inversion_rho"":null,""inversion_channel"":31.5,""period_ms"":10.2996826171875}"
193106,1,4921.9999,4921.9999,False,0.375,"{""inversion_rho"":null,""inversion_channel"":32.0,""period_ms"":10.2996826171875}"
193106,1,4930.9001,4930.9001,False,0.875,"{""inversion_rho"":null,""inversion_channel"":31.5,""period_ms"":10.2996826171875}"
193106,1,4946.4002,4946.4002,False,0.25,"{""inversion_rho"":null,""inversion_channel"":31.5,""period_ms"":10.2996826171875}"
193106,1,4954.8998,4954.8998,False,0.875,"{""inversion_rho"":null,""inversion_channel"":31.5,""period_ms"":10.2996826171875}"
193106,1,4962.5001,4962.5001,False,0.375,"{""inversion_rho"":null,""inversion_channel"":32.5,""period_ms"":10.2996826171875}"
193106,1,4970.3002,4970.3002,False,0.375,"{""inversion_rho"":null,""inversion_channel"":30.5,""period_ms"":10.2996826171875}"
193106,1,4979.7001,4979.7001,False,0.25,"{""inversion_rho"":null,""inversion_channel"":39.5,""period_ms"":10.2996826171875}"
193106,1,4988.2002,4988.2002,False,0.375,"{""inversion_rho"":null,""inversion_channel"":32.0,""period_ms"":10.2996826171875}"
193106,1,5002.2998,5002.2998,False,0.5,"{""inversion_rho"":null,""inversion_channel"":31.5,""period_ms"":10.2996826171875}"
193106,1,5014.1001,5014.1001,False,0.875,"{""inversion_rho"":null,""inversion_channel"":36.5,""period_ms"":10.2996826171875}"
193106,1,5027.0,5027.0,False,0.25,"{""inversion_rho"":null,""inversion_channel"":39.0,""period_ms"":10.2996826171875}"
193106,1,5039.7,5039.7,False,0.625,"{""inversion_rho"":null,""inversion_channel"":31.5,""period_ms"":10.2996826171875}"
193106,1,5053.0,5053.0,False,0.375,"{""inversion_rho"":null,""inversion_channel"":31.5,""period_ms"":10.2996826171875}"
193106,1,5078.1999,5078.1999,False,0.625,"{""inversion_rho"":null,""inversion_channel"":31.5,""period_ms"":10.2996826171875}"
193106,1,5091.3,5091.3,False,0.375,"{""inversion_rho"":null,""inversion_channel"":32.5,""period_ms"":10.2996826171875}"
193106,1,5098.8998,5098.8998,False,1.0,"{""inversion_rho"":null,""inversion_channel"":31.5,""period_ms"":10.2996826171875}"
193106,1,5112.8998,5112.8998,False,0.5,"{""inversion_rho"":null,""inversion_channel"":19.5,""period_ms"":10.2996826171875}"
193106,1,5130.4998,5130.4998,False,0.375,"{""inversion_rho"":null,""inversion_channel"":31.5,""period_ms"":10.2996826171875}"
193106,1,5138.2999,5138.2999,False,1.0,"{""inversion_rho"":null,""inversion_channel"":36.5,""period_ms"":10.2996826171875}"
193106,1,5154.5,5154.5,False,1.0,"{""inversion_rho"":null,""inversion_channel"":31.0,""period_ms"":10.2996826171875}"
193106,1,5175.7002,5175.7002,False,0.5,"{""inversion_rho"":null,""inversion_channel"":34.0,""period_ms"":10.2996826171875}"
193106,1,5183.4002,5183.4002,False,0.75,"{""inversion_rho"":null,""inversion_channel"":31.5,""period_ms"":null}"
193106,1,5191.1998,5191.1998,False,0.875,"{""inversion_rho"":null,""inversion_channel"":27.5,""period_ms"":null}"
193106,1,5220.0999,5220.0999,False,0.25,"{""inversion_rho"":null,""inversion_channel"":27.5,""period_ms"":null}"
193106,1,5228.6,5228.6,False,0.25,"{""inversion_rho"":null,""inversion_channel"":29.0,""period_ms"":null}"
193106,1,5255.6,5255.6,False,0.875,"{""inversion_rho"":null,""inversion_channel"":29.5,""period_ms"":10.599613189697266}"
193106,1,5262.4002,5262.4002,False,0.625,"{""inversion_rho"":null,""inversion_channel"":25.0,""period_ms"":10.599613189697266}"
193106,1,5272.9998,5272.9998,False,0.5,"{""inversion_rho"":null,""inversion_channel"":28.0,""period_ms"":10.599613189697266}"
193106,1,5294.7998,5294.7998,False,0.5,"{""inversion_rho"":null,""inversion_channel"":28.5,""period_ms"":10.599613189697266}"
193106,1,5355.2999,5355.2999,False,0.875,"{""inversion_rho"":null,""inversion_channel"":22.0,""period_ms"":43.60008239746094}"
193106,1,5391.0999,5391.0999,False,0.5,"{""inversion_rho"":null,""inversion_channel"":24.0,""period_ms"":43.60008239746094}"
193106,1,5442.5001,5442.5001,False,0.25,"{""inversion_rho"":null,""inversion_channel"":18.5,""period_ms"":43.60008239746094}"
193106,1,5452.4002,5452.4002,False,1.0,"{""inversion_rho"":null,""inversion_channel"":16.5,""period_ms"":null}"
193106,1,5465.7001,5465.7001,False,0.75,"{""inversion_rho"":null,""inversion_channel"":15.5,""period_ms"":null}"
193106,1,5520.5002,5520.5002,False,1.0,"{""inversion_rho"":null,""inversion_channel"":12.0,""period_ms"":14.299869537353516}"
193106,1,5535.8,5535.8,False,1.0,"{""inversion_rho"":null,""inversion_channel"":11.5,""period_ms"":14.299869537353516}"
193106,1,5546.4001,5546.4001,False,1.0,"{""inversion_rho"":null,""inversion_channel"":9.5,""period_ms"":14.299869537353516}"
193106,1,5560.6999,5560.6999,False,0.5,"{""inversion_rho"":null,""inversion_channel"":18.5,""period_ms"":14.299869537353516}"
193106,1,5571.7001,5571.7001,False,1.0,"{""inversion_rho"":null,""inversion_channel"":10.5,""period_ms"":14.299869537353516}"
193106,1,5586.0,5586.0,False,1.0,"{""inversion_rho"":null,""inversion_channel"":9.5,""period_ms"":14.299869537353516}"
193106,1,5601.6002,5601.6002,False,1.0,"{""inversion_rho"":null,""inversion_channel"":9.5,""period_ms"":14.299869537353516}"
193106,1,5650.4002,5650.4002,False,1.0,"{""inversion_rho"":null,""inversion_channel"":15.5,""period_ms"":41.99981689453125}"
193106,1,5692.4,5692.4,False,1.0,"{""inversion_rho"":null,""inversion_channel"":7.5,""period_ms"":41.99981689453125}"
193106,1,5726.6002,5726.6002,False,1.0,"{""inversion_rho"":null,""inversion_channel"":31.5,""period_ms"":41.99981689453125}"
193106,1,5790.5998,5790.5998,False,1.0,"{""inversion_rho"":null,""inversion_channel"":29.5,""period_ms"":41.99981689453125}"
193106,1,5815.8002,5815.8002,False,1.0,"{""inversion_rho"":null,""inversion_channel"":13.5,""period_ms"":23.700237274169922}"
193106,1,5879.3998,5879.3998,False,1.0,"{""inversion_rho"":null,""inversion_channel"":12.5,""period_ms"":23.700237274169922}"
193106,1,5934.9999,5934.9999,False,1.0,"{""inversion_rho"":null,""inversion_channel"":27.5,""period_ms"":23.700237274169922}"
193106,1,5971.4999,5971.4999,False,1.0,"{""inversion_rho"":null,""inversion_channel"":24.5,""period_ms"":23.700237274169922}"
193106,1,5995.2002,5995.2002,False,1.0,"{""inversion_rho"":null,""inversion_channel"":2.5,""period_ms"":23.700237274169922}"
193106,1,6018.6,6018.6,False,0.75,"{""inversion_rho"":null,""inversion_channel"":31.5,""period_ms"":23.700237274169922}"
193106,1,6029.7999,6029.7999,False,1.0,"{""inversion_rho"":null,""inversion_channel"":31.5,""period_ms"":23.700237274169922}"
193106,1,6035.2998,6035.2998,False,1.0,"{""inversion_rho"":null,""inversion_channel"":31.5,""period_ms"":23.700237274169922}"
193106,1,54.1,95.8,True,1.0,"{""inversion_rho"":null,""inversion_channel"":32.0,""period_ms"":20.84999904036522}"
193106,1,1609.3,2177.0,True,1.0,"{""inversion_rho"":null,""inversion_channel"":12.0,""period_ms"":74.4999647140503}"
193106,1,2196.6,2266.9001,True,1.0,"{""inversion_rho"":null,""inversion_channel"":10.5,""period_ms"":35.15005111694336}"
193106,1,2284.9,2477.6001,True,1.0,"{""inversion_rho"":null,""inversion_channel"":14.5,""period_ms"":24.200081825256348}"
193106,1,2530.2,2588.7001,True,1.0,"{""inversion_rho"":null,""inversion_channel"":11.5,""period_ms"":14.550089836120605}"
193106,1,2594.1999,2722.1,True,1.0,"{""inversion_rho"":null,""inversion_channel"":13.5,""period_ms"":22.500038146972656}"
193106,1,2761.1001,2907.5999,True,1.0,"{""inversion_rho"":null,""inversion_channel"":28.5,""period_ms"":37.05000877380371}"
193106,1,2918.7,3090.8999,True,1.0,"{""inversion_rho"":null,""inversion_channel"":18.5,""period_ms"":86.09998226165771}"
193106,1,3155.1001,3222.4,True,1.0,"{""inversion_rho"":null,""inversion_channel"":15.5,""period_ms"":33.64992141723633}"
193106,1,3227.7,3313.0,True,1.0,"{""inversion_rho"":null,""inversion_channel"":18.25,""period_ms"":23.099899291992188}"
193106,1,3542.7999,3579.0999,True,1.0,"{""inversion_rho"":null,""inversion_channel"":23.5,""period_ms"":18.149971961975098}"
193106,1,3641.3,3675.0,True,1.0,"{""inversion_rho"":null,""inversion_channel"":21.5,""period_ms"":11.200189590454102}"
193106,1,3759.8,3824.3999,True,1.0,"{""inversion_rho"":null,""inversion_channel"":25.5,""period_ms"":32.29999542236328}"
193106,1,3933.1999,4111.4998,True,1.0,"{""inversion_rho"":null,""inversion_channel"":22.25,""period_ms"":18.900394439697266}"
193106,1,4168.3998,4341.5999,True,1.0,"{""inversion_rho"":null,""inversion_channel"":30.5,""period_ms"":18.849849700927734}"
193106,1,4350.2998,4367.7001,True,1.0,"{""inversion_rho"":null,""inversion_channel"":26.0,""period_ms"":8.700132369995117}"
193106,1,4435.5001,5175.7002,True,1.0,"{""inversion_rho"":null,""inversion_channel"":31.5,""period_ms"":10.2996826171875}"
193106,1,5255.6,5294.7998,True,1.0,"{""inversion_rho"":null,""inversion_channel"":28.25,""period_ms"":10.599613189697266}"
193106,1,5355.2999,5442.5001,True,1.0,"{""inversion_rho"":null,""inversion_channel"":22.0,""period_ms"":43.60008239746094}"
193106,1,5520.5002,5601.6002,True,1.0,"{""inversion_rho"":null,""inversion_channel"":10.5,""period_ms"":14.299869537353516}"
193106,1,5650.4002,5790.5998,True,1.0,"{""inversion_rho"":null,""inversion_channel"":22.5,""period_ms"":41.99981689453125}"
193106,1,5815.8002,6035.2998,True,1.0,"{""inversion_rho"":null,""inversion_channel"":26.0,""period_ms"":23.700237274169922}"
193107,1,119.5,119.5,False,0.25,"{""inversion_rho"":null,""inversion_channel"":27.5,""period_ms"":null}"
193107,1,130.5,130.5,False,0.875,"{""inversion_rho"":null,""inversion_channel"":31.0,""period_ms"":null}"
193107,1,240.3,240.3,False,0.5,"{""inversion_rho"":null,""inversion_channel"":20.5,""period_ms"":null}"
193107,1,273.0,273.0,False,1.0,"{""inversion_rho"":null,""inversion_channel"":23.0,""period_ms"":null}"
193107,1,283.6,283.6,False,1.0,"{""inversion_rho"":null,""inversion_channel"":22.5,""period_ms"":11.749997735023499}"
193107,1,292.3,292.3,False,1.0,"{""inversion_rho"":null,""inversion_channel"":22.5,""period_ms"":11.749997735023499}"
193107,1,303.2,303.2,False,1.0,"{""inversion_rho"":null,""inversion_channel"":23.0,""period_ms"":11.749997735023499}"
193107,1,314.7,314.7,False,1.0,"{""inversion_rho"":null,""inversion_channel"":22.5,""period_ms"":11.749997735023499}"
193107,1,326.7,326.7,False,1.0,"{""inversion_rho"":null,""inversion_channel"":22.5,""period_ms"":11.749997735023499}"
193107,1,342.5,342.5,False,0.875,"{""inversion_rho"":null,""inversion_channel"":21.5,""period_ms"":11.749997735023499}"
193107,1,364.3,364.3,False,1.0,"{""inversion_rho"":null,""inversion_channel"":22.0,""period_ms"":11.749997735023499}"
193107,1,468.3,468.3,False,1.0,"{""inversion_rho"":null,""inversion_channel"":23.5,""period_ms"":18.399998545646667}"
193107,1,486.7,486.7,False,1.0,"{""inversion_rho"":null,""inversion_channel"":22.5,""period_ms"":18.399998545646667}"
193107,1,505.1,505.1,False,1.0,"{""inversion_rho"":null,""inversion_channel"":23.5,""period_ms"":18.399998545646667}"
193107,1,1150.2,1150.2,False,0.5,"{""inversion_rho"":null,""inversion_channel"":10.5,""period_ms"":10.900020599365234}"
193107,1,1161.1,1161.1,False,0.375,"{""inversion_rho"":null,""inversion_channel"":8.0,""period_ms"":10.900020599365234}"
193107,1,1176.3,1176.3,False,0.375,"{""inversion_rho"":null,""inversion_channel"":11.5,""period_ms"":10.900020599365234}"
193107,1,1194.0,1194.0,False,1.0,"{""inversion_rho"":null,""inversion_channel"":25.0,""period_ms"":10.900020599365234}"
193107,1,1201.2,1201.2,False,1.0,"{""inversion_rho"":null,""inversion_channel"":28.5,""period_ms"":10.900020599365234}"
193107,1,1208.6999,1208.6999,False,1.0,"{""inversion_rho"":null,""inversion_channel"":12.5,""period_ms"":10.900020599365234}"
193107,1,1235.1,1235.1,False,0.625,"{""inversion_rho"":null,""inversion_channel"":28.5,""period_ms"":null}"
193107,1,1255.6,1255.6,False,0.5,"{""inversion_rho"":null,""inversion_channel"":26.5,""period_ms"":null}"
193107,1,1261.7,1261.7,False,0.375,"{""inversion_rho"":null,""inversion_channel"":14.5,""period_ms"":null}"
193107,1,1269.9,1269.9,False,0.625,"{""inversion_rho"":null,""inversion_channel"":14.5,""period_ms"":null}"
193107,1,1292.6,1292.6,False,1.0,"{""inversion_rho"":null,""inversion_channel"":28.5,""period_ms"":null}"
193107,1,1408.7,1408.7,False,0.5,"{""inversion_rho"":null,""inversion_channel"":28.5,""period_ms"":null}"
193107,1,1428.0,1428.0,False,0.5,"{""inversion_rho"":null,""inversion_channel"":16.5,""period_ms"":34.29996967315674}"
193107,1,1463.3,1463.3,False,0.75,"{""inversion_rho"":null,""inversion_channel"":28.5,""period_ms"":34.29996967315674}"
193107,1,1518.6,1518.6,False,0.375,"{""inversion_rho"":null,""inversion_channel"":28.5,""period_ms"":34.29996967315674}"
193107,1,1552.9,1552.9,False,0.75,"{""inversion_rho"":null,""inversion_channel"":28.0,""period_ms"":34.29996967315674}"
193107,1,1580.5,1580.5,False,1.0,"{""inversion_rho"":null,""inversion_channel"":28.5,""period_ms"":34.29996967315674}"
193107,1,1598.0999,1598.0999,False,1.0,"{""inversion_rho"":null,""inversion_channel"":13.5,""period_ms"":34.29996967315674}"
193107,1,1654.4,1654.4,False,1.0,"{""inversion_rho"":null,""inversion_channel"":28.5,""period_ms"":45.799970626831055}"
193107,1,1684.1,1684.1,False,0.5,"{""inversion_rho"":null,""inversion_channel"":27.5,""period_ms"":45.799970626831055}"
193107,1,1750.2,1750.2,False,0.5,"{""inversion_rho"":null,""inversion_channel"":28.0,""period_ms"":45.799970626831055}"
193107,1,1780.1,1780.1,False,0.5,"{""inversion_rho"":null,""inversion_channel"":28.5,""period_ms"":45.799970626831055}"
193107,1,1800.8,1800.8,False,1.0,"{""inversion_rho"":null,""inversion_channel"":28.0,""period_ms"":45.799970626831055}"
193107,1,1847.0,1847.0,False,1.0,"{""inversion_rho"":null,""inversion_channel"":28.5,""period_ms"":45.799970626831055}"
193107,1,1914.1001,1914.1001,False,1.0,"{""inversion_rho"":null,""inversion_channel"":28.5,""period_ms"":45.799970626831055}"
193107,1,1959.9,1959.9,False,0.25,"{""inversion_rho"":null,""inversion_channel"":29.5,""period_ms"":45.799970626831055}"
193107,1,1998.3,1998.3,False,1.0,"{""inversion_rho"":null,""inversion_channel"":13.5,""period_ms"":45.799970626831055}"
193107,1,2037.4999,2037.4999,False,1.0,"{""inversion_rho"":null,""inversion_channel"":29.0,""period_ms"":45.799970626831055}"
193107,1,2086.8001,2086.8001,False,0.75,"{""inversion_rho"":null,""inversion_channel"":28.5,""period_ms"":45.799970626831055}"
193107,1,2116.2,2116.2,False,0.25,"{""inversion_rho"":null,""inversion_channel"":17.5,""period_ms"":45.799970626831055}"
193107,1,2166.1999,2166.1999,False,0.625,"{""inversion_rho"":null,""inversion_channel"":9.5,""period_ms"":45.799970626831055}"
193107,1,2211.1001,2211.1001,False,0.25,"{""inversion_rho"":null,""inversion_channel"":13.5,""period_ms"":45.799970626831055}"
193107,1,2295.7001,2295.7001,False,0.625,"{""inversion_rho"":null,""inversion_channel"":7.5,""period_ms"":45.799970626831055}"
193107,1,2359.4999,2359.4999,False,1.0,"{""inversion_rho"":null,""inversion_channel"":21.0,""period_ms"":45.799970626831055}"
193107,1,2380.8,2380.8,False,0.75,"{""inversion_rho"":null,""inversion_channel"":7.5,""period_ms"":128.10003757476807}"
193107,1,2547.4,2547.4,False,1.0,"{""inversion_rho"":null,""inversion_channel"":8.5,""period_ms"":128.10003757476807}"
193107,1,2637.0001,2637.0001,False,0.375,"{""inversion_rho"":null,""inversion_channel"":9.5,""period_ms"":128.10003757476807}"
193107,1,2669.6999,2669.6999,False,1.0,"{""inversion_rho"":null,""inversion_channel"":10.5,""period_ms"":null}"
193107,1,2687.9001,2687.9001,False,1.0,"{""inversion_rho"":null,""inversion_channel"":21.5,""period_ms"":null}"
193107,1,2746.7,2746.7,False,0.25,"{""inversion_rho"":null,""inversion_channel"":29.5,""period_ms"":43.49994659423828}"
193107,1,2790.2,2790.2,False,0.625,"{""inversion_rho"":null,""inversion_channel"":11.5,""period_ms"":43.49994659423828}"
193107,1,2833.6,2833.6,False,1.0,"{""inversion_rho"":null,""inversion_channel"":12.5,""period_ms"":43.49994659423828}"
193107,1,2881.0999,2881.0999,False,0.75,"{""inversion_rho"":null,""inversion_channel"":29.5,""period_ms"":43.49994659423828}"
193107,1,2898.0999,2898.0999,False,0.25,"{""inversion_rho"":null,""inversion_channel"":26.5,""period_ms"":15.500068664550781}"
193107,1,2920.3,2920.3,False,1.0,"{""inversion_rho"":null,""inversion_channel"":14.5,""period_ms"":15.500068664550781}"
193107,1,2935.8001,2935.8001,False,0.625,"{""inversion_rho"":null,""inversion_channel"":29.5,""period_ms"":15.500068664550781}"
193107,1,2943.7001,2943.7001,False,0.25,"{""inversion_rho"":null,""inversion_channel"":14.5,""period_ms"":15.500068664550781}"
193107,1,2968.6999,2968.6999,False,1.0,"{""inversion_rho"":null,""inversion_channel"":14.5,""period_ms"":38.49995136260986}"
193107,1,3013.0999,3013.0999,False,1.0,"{""inversion_rho"":null,""inversion_channel"":21.5,""period_ms"":38.49995136260986}"
193107,1,3032.7001,3032.7001,False,0.5,"{""inversion_rho"":null,""inversion_channel"":29.5,""period_ms"":38.49995136260986}"
193107,1,3065.3,3065.3,False,1.0,"{""inversion_rho"":null,""inversion_channel"":17.5,""period_ms"":38.49995136260986}"
193107,1,3125.2,3125.2,False,0.625,"{""inversion_rho"":null,""inversion_channel"":29.0,""period_ms"":38.49995136260986}"
193107,1,3139.1001,3139.1001,False,0.625,"{""inversion_rho"":null,""inversion_channel"":17.0,""period_ms"":16.100168228149414}"
193107,1,3160.5999,3160.5999,False,1.0,"{""inversion_rho"":null,""inversion_channel"":19.0,""period_ms"":16.100168228149414}"
193107,1,3171.9999,3171.9999,False,0.375,"{""inversion_rho"":null,""inversion_channel"":19.0,""period_ms"":16.100168228149414}"
193107,1,3194.0,3194.0,False,0.625,"{""inversion_rho"":null,""inversion_channel"":16.5,""period_ms"":16.100168228149414}"
193107,1,3223.5,3223.5,False,0.75,"{""inversion_rho"":null,""inversion_channel"":19.5,""period_ms"":16.100168228149414}"
193107,1,3239.8,3239.8,False,1.0,"{""inversion_rho"":null,""inversion_channel"":17.5,""period_ms"":16.100168228149414}"
193107,1,3247.1001,3247.1001,False,0.75,"{""inversion_rho"":null,""inversion_channel"":17.5,""period_ms"":16.100168228149414}"
193107,1,3253.3,3253.3,False,0.25,"{""inversion_rho"":null,""inversion_channel"":17.5,""period_ms"":16.100168228149414}"
193107,1,3260.6001,3260.6001,False,0.5,"{""inversion_rho"":null,""inversion_channel"":17.5,""period_ms"":16.100168228149414}"
193107,1,3278.0001,3278.0001,False,0.625,"{""inversion_rho"":null,""inversion_channel"":17.5,""period_ms"":16.100168228149414}"
193107,1,3302.5999,3302.5999,False,0.75,"{""inversion_rho"":null,""inversion_channel"":18.0,""period_ms"":16.100168228149414}"
193107,1,3318.7001,3318.7001,False,1.0,"{""inversion_rho"":null,""inversion_channel"":22.5,""period_ms"":16.100168228149414}"
193107,1,3330.1001,3330.1001,False,0.375,"{""inversion_rho"":null,""inversion_channel"":17.5,""period_ms"":16.100168228149414}"
193107,1,3335.5,3335.5,False,0.625,"{""inversion_rho"":null,""inversion_channel"":16.5,""period_ms"":16.100168228149414}"
193107,1,3368.5999,3368.5999,False,0.625,"{""inversion_rho"":null,""inversion_channel"":16.5,""period_ms"":11.00003719329834}"
193107,1,3382.2999,3382.2999,False,0.875,"{""inversion_rho"":null,""inversion_channel"":17.5,""period_ms"":11.00003719329834}"
193107,1,3390.6,3390.6,False,0.875,"{""inversion_rho"":null,""inversion_channel"":16.5,""period_ms"":11.00003719329834}"
193107,1,3434.2999,3434.2999,False,0.625,"{""inversion_rho"":null,""inversion_channel"":19.0,""period_ms"":14.500021934509277}"
193107,1,3475.1,3475.1,False,0.375,"{""inversion_rho"":null,""inversion_channel"":18.5,""period_ms"":14.500021934509277}"
193107,1,3493.0,3493.0,False,0.25,"{""inversion_rho"":null,""inversion_channel"":18.5,""period_ms"":14.500021934509277}"
193107,1,3502.3,3502.3,False,0.375,"{""inversion_rho"":null,""inversion_channel"":18.5,""period_ms"":14.500021934509277}"
193107,1,3513.4001,3513.4001,False,1.0,"{""inversion_rho"":null,""inversion_channel"":29.5,""period_ms"":14.500021934509277}"
193107,1,3553.6001,3553.6001,False,0.625,"{""inversion_rho"":null,""inversion_channel"":18.5,""period_ms"":15.30003547668457}"
193107,1,3572.7,3572.7,False,0.375,"{""inversion_rho"":null,""inversion_channel"":18.5,""period_ms"":15.30003547668457}"
193107,1,3585.5,3585.5,False,0.625,"{""inversion_rho"":null,""inversion_channel"":18.5,""period_ms"":15.30003547668457}"
193107,1,3600.8,3600.8,False,1.0,"{""inversion_rho"":null,""inversion_channel"":23.5,""period_ms"":15.30003547668457}"
193107,1,3606.6999,3606.6999,False,1.0,"{""inversion_rho"":null,""inversion_channel"":19.5,""period_ms"":null}"
193107,1,3640.5001,3640.5001,False,0.375,"{""inversion_rho"":null,""inversion_channel"":29.5,""period_ms"":null}"
193107,1,3735.1999,3735.1999,False,0.625,"{""inversion_rho"":null,""inversion_channel"":21.5,""period_ms"":23.999929428100586}"
193107,1,3749.2001,3749.2001,False,0.25,"{""inversion_rho"":null,""inversion_channel"":4.0,""period_ms"":23.999929428100586}"
193107,1,3773.2,3773.2,False,0.25,"{""inversion_rho"":null,""inversion_channel"":22.5,""period_ms"":23.999929428100586}"
193107,1,3829.9,3829.9,False,0.5,"{""inversion_rho"":null,""inversion_channel"":21.5,""period_ms"":23.999929428100586}"
193107,1,3848.2001,3848.2001,False,0.25,"{""inversion_rho"":null,""inversion_channel"":21.5,""period_ms"":29.50000762939453}"
193107,1,3877.7001,3877.7001,False,0.5,"{""inversion_rho"":null,""inversion_channel"":24.5,""period_ms"":29.50000762939453}"
193107,1,3923.3,3923.3,False,0.25,"{""inversion_rho"":null,""inversion_channel"":21.0,""period_ms"":29.50000762939453}"
193107,1,3943.0001,3943.0001,False,0.375,"{""inversion_rho"":null,""inversion_channel"":21.0,""period_ms"":29.50000762939453}"
193107,1,3949.1,3949.1,False,1.0,"{""inversion_rho"":null,""inversion_channel"":21.5,""period_ms"":16.20006561279297}"
193107,1,3964.0,3964.0,False,0.25,"{""inversion_rho"":null,""inversion_channel"":21.5,""period_ms"":16.20006561279297}"
193107,1,3981.2,3981.2,False,1.0,"{""inversion_rho"":null,""inversion_channel"":21.5,""period_ms"":16.20006561279297}"
193107,1,3996.4001,3996.4001,False,0.375,"{""inversion_rho"":null,""inversion_channel"":37.0,""period_ms"":16.20006561279297}"
193107,1,4019.4998,4019.4998,False,0.25,"{""inversion_rho"":null,""inversion_channel"":21.5,""period_ms"":16.20006561279297}"
193107,1,4026.1998,4026.1998,False,0.375,"{""inversion_rho"":null,""inversion_channel"":21.5,""period_ms"":17.800092697143555}"
193107,1,4040.0,4040.0,False,0.625,"{""inversion_rho"":null,""inversion_channel"":22.5,""period_ms"":17.800092697143555}"
193107,1,4057.0998,4057.0998,False,0.25,"{""inversion_rho"":null,""inversion_channel"":2.5,""period_ms"":17.800092697143555}"
193107,1,4075.6001,4075.6001,False,0.375,"{""inversion_rho"":null,""inversion_channel"":22.5,""period_ms"":17.800092697143555}"
193107,1,4086.2002,4086.2002,False,0.5,"{""inversion_rho"":null,""inversion_channel"":39.5,""period_ms"":17.800092697143555}"
193107,1,4110.3001,4110.3001,False,1.0,"{""inversion_rho"":null,""inversion_channel"":20.5,""period_ms"":17.800092697143555}"
193107,1,4141.0999,4141.0999,False,0.25,"{""inversion_rho"":null,""inversion_channel"":20.5,""period_ms"":17.800092697143555}"
193107,1,4160.5,4160.5,False,0.375,"{""inversion_rho"":null,""inversion_channel"":22.5,""period_ms"":17.800092697143555}"
193107,1,4175.7002,4175.7002,False,0.375,"{""inversion_rho"":null,""inversion_channel"":22.5,""period_ms"":17.800092697143555}"
193107,1,4228.2,4228.2,False,0.25,"{""inversion_rho"":null,""inversion_channel"":22.0,""period_ms"":14.999866485595703}"
193107,1,4235.4999,4235.4999,False,0.25,"{""inversion_rho"":null,""inversion_channel"":38.5,""period_ms"":14.999866485595703}"
193107,1,4244.8001,4244.8001,False,0.75,"{""inversion_rho"":null,""inversion_channel"":23.0,""period_ms"":14.999866485595703}"
193107,1,4253.9001,4253.9001,False,0.25,"{""inversion_rho"":null,""inversion_channel"":23.5,""period_ms"":14.999866485595703}"
193107,1,4267.0002,4267.0002,False,0.375,"{""inversion_rho"":null,""inversion_channel"":38.0,""period_ms"":14.999866485595703}"
193107,1,4283.8998,4283.8998,False,0.375,"{""inversion_rho"":null,""inversion_channel"":37.5,""period_ms"":14.999866485595703}"
193107,1,4304.2002,4304.2002,False,0.75,"{""inversion_rho"":null,""inversion_channel"":39.5,""period_ms"":14.999866485595703}"
193107,1,4322.7,4322.7,False,0.25,"{""inversion_rho"":null,""inversion_channel"":36.5,""period_ms"":14.999866485595703}"
193107,1,4362.1001,4362.1001,False,0.875,"{""inversion_rho"":null,""inversion_channel"":38.5,""period_ms"":14.999866485595703}"
193107,1,4370.9002,4370.9002,False,0.375,"{""inversion_rho"":null,""inversion_channel"":39.5,""period_ms"":null}"
193107,1,4404.9001,4404.9001,False,0.25,"{""inversion_rho"":null,""inversion_channel"":18.5,""period_ms"":null}"
193107,1,4411.6001,4411.6001,False,0.5,"{""inversion_rho"":null,""inversion_channel"":36.5,""period_ms"":9.199857711791992}"
193107,1,4421.9999,4421.9999,False,0.625,"{""inversion_rho"":null,""inversion_channel"":38.5,""period_ms"":9.199857711791992}"
193107,1,4428.9999,4428.9999,False,0.75,"{""inversion_rho"":null,""inversion_channel"":38.0,""period_ms"":9.199857711791992}"
193107,1,4440.3,4440.3,False,0.875,"{""inversion_rho"":null,""inversion_channel"":39.0,""period_ms"":9.199857711791992}"
193107,1,4448.2999,4448.2999,False,0.5,"{""inversion_rho"":null,""inversion_channel"":39.5,""period_ms"":9.199857711791992}"
193107,1,4483.6998,4483.6998,False,0.375,"{""inversion_rho"":null,""inversion_channel"":14.0,""period_ms"":6.900310516357422}"
193107,1,4490.9,4490.9,False,0.25,"{""inversion_rho"":null,""inversion_channel"":8.5,""period_ms"":6.900310516357422}"
193107,1,4497.4999,4497.4999,False,0.625,"{""inversion_rho"":null,""inversion_channel"":25.5,""period_ms"":6.900310516357422}"
193107,1,4505.0998,4505.0998,False,0.5,"{""inversion_rho"":null,""inversion_channel"":8.5,""period_ms"":6.900310516357422}"
193107,1,4512.0001,4512.0001,False,0.375,"{""inversion_rho"":null,""inversion_channel"":26.5,""period_ms"":6.900310516357422}"
193107,1,4517.7999,4517.7999,False,1.0,"{""inversion_rho"":null,""inversion_channel"":32.5,""period_ms"":6.900310516357422}"
193107,1,4533.1998,4533.1998,False,0.375,"{""inversion_rho"":null,""inversion_channel"":27.5,""period_ms"":8.500099182128906}"
193107,1,4539.8998,4539.8998,False,0.625,"{""inversion_rho"":null,""inversion_channel"":38.0,""period_ms"":8.500099182128906}"
193107,1,4548.3999,4548.3999,False,0.25,"{""inversion_rho"":null,""inversion_channel"":38.5,""period_ms"":8.500099182128906}"
193107,1,4555.6998,4555.6998,False,0.25,"{""inversion_rho"":null,""inversion_channel"":26.0,""period_ms"":8.500099182128906}"
193107,1,4566.1998,4566.1998,False,0.25,"{""inversion_rho"":null,""inversion_channel"":23.5,""period_ms"":8.500099182128906}"
193107,1,4574.6999,4574.6999,False,0.375,"{""inversion_rho"":null,""inversion_channel"":25.0,""period_ms"":8.500099182128906}"
193107,1,4610.8999,4610.8999,False,0.25,"{""inversion_rho"":null,""inversion_channel"":39.5,""period_ms"":19.550085067749023}"
193107,1,4627.1,4627.1,False,0.375,"{""inversion_rho"":null,""inversion_channel"":6.5,""period_ms"":19.550085067749023}"
193107,1,4650.0001,4650.0001,False,0.625,"{""inversion_rho"":null,""inversion_channel"":25.5,""period_ms"":19.550085067749023}"
193107,1,4656.4002,4656.4002,False,0.75,"{""inversion_rho"":null,""inversion_channel"":39.0,""period_ms"":9.799957275390625}"
193107,1,4665.5002,4665.5002,False,0.375,"{""inversion_rho"":null,""inversion_channel"":40.0,""period_ms"":9.799957275390625}"
193107,1,4671.2999,4671.2999,False,1.0,"{""inversion_rho"":null,""inversion_channel"":36.5,""period_ms"":9.799957275390625}"
193107,1,4682.9,4682.9,False,0.375,"{""inversion_rho"":null,""inversion_channel"":39.5,""period_ms"":9.799957275390625}"
193107,1,4692.6999,4692.6999,False,0.5,"{""inversion_rho"":null,""inversion_channel"":39.5,""period_ms"":9.799957275390625}"
193107,1,4708.0002,4708.0002,False,0.25,"{""inversion_rho"":null,""inversion_channel"":40.0,""period_ms"":9.799957275390625}"
193107,1,4713.9001,4713.9001,False,0.25,"{""inversion_rho"":null,""inversion_channel"":38.5,""period_ms"":11.00015640258789}"
193107,1,4722.7998,4722.7998,False,0.5,"{""inversion_rho"":null,""inversion_channel"":39.5,""period_ms"":11.00015640258789}"
193107,1,4742.4998,4742.4998,False,0.25,"{""inversion_rho"":null,""inversion_channel"":26.0,""period_ms"":11.00015640258789}"
193107,1,4753.5,4753.5,False,0.25,"{""inversion_rho"":null,""inversion_channel"":38.5,""period_ms"":11.00015640258789}"
193107,1,4792.2001,4792.2001,False,0.25,"{""inversion_rho"":null,""inversion_channel"":27.5,""period_ms"":15.450000762939453}"
193107,1,4809.4001,4809.4001,False,0.5,"{""inversion_rho"":null,""inversion_channel"":39.0,""period_ms"":15.450000762939453}"
193107,1,4823.1001,4823.1001,False,0.25,"{""inversion_rho"":null,""inversion_channel"":40.0,""period_ms"":15.450000762939453}"
193107,1,4842.5999,4842.5999,False,1.0,"{""inversion_rho"":null,""inversion_channel"":30.5,""period_ms"":15.450000762939453}"
193107,1,4855.5002,4855.5002,False,0.375,"{""inversion_rho"":null,""inversion_channel"":30.5,""period_ms"":15.450000762939453}"
193107,1,4896.6999,4896.6999,False,0.25,"{""inversion_rho"":null,""inversion_channel"":40.0,""period_ms"":null}"
193107,1,4917.6002,4917.6002,False,0.25,"{""inversion_rho"":null,""inversion_channel"":7.5,""period_ms"":null}"
193107,1,4925.3998,4925.3998,False,0.625,"{""inversion_rho"":null,""inversion_channel"":6.0,""period_ms"":9.50002670288086}"
193107,1,4933.1999,4933.1999,False,0.25,"{""inversion_rho"":null,""inversion_channel"":25.0,""period_ms"":9.50002670288086}"
193107,1,4942.6999,4942.6999,False,0.25,"{""inversion_rho"":null,""inversion_channel"":38.0,""period_ms"":9.50002670288086}"
193107,1,4966.4001,4966.4001,False,0.5,"{""inversion_rho"":null,""inversion_channel"":40.5,""period_ms"":9.50002670288086}"
193107,1,4974.8998,4974.8998,False,0.375,"{""inversion_rho"":null,""inversion_channel"":40.0,""period_ms"":12.30001449584961}"
193107,1,4993.7,4993.7,False,0.375,"{""inversion_rho"":null,""inversion_channel"":28.0,""period_ms"":12.30001449584961}"
193107,1,5003.6001,5003.6001,False,0.375,"{""inversion_rho"":null,""inversion_channel"":38.5,""period_ms"":12.30001449584961}"
193107,1,5021.6999,5021.6999,False,0.75,"{""inversion_rho"":null,""inversion_channel"":38.0,""period_ms"":12.30001449584961}"
193107,1,5033.9999,5033.9999,False,0.375,"{""inversion_rho"":null,""inversion_channel"":6.0,""period_ms"":12.30001449584961}"
193107,1,5042.9001,5042.9001,False,1.0,"{""inversion_rho"":null,""inversion_channel"":35.5,""period_ms"":12.30001449584961}"
193107,1,5078.1002,5078.1002,False,0.25,"{""inversion_rho"":null,""inversion_channel"":31.5,""period_ms"":14.800071716308594}"
193107,1,5091.5999,5091.5999,False,1.0,"{""inversion_rho"":null,""inversion_channel"":29.0,""period_ms"":14.800071716308594}"
193107,1,5106.4,5106.4,False,0.25,"{""inversion_rho"":null,""inversion_channel"":38.5,""period_ms"":14.800071716308594}"
193107,1,5118.8998,5118.8998,False,0.25,"{""inversion_rho"":null,""inversion_channel"":24.0,""period_ms"":14.800071716308594}"
193107,1,5137.3,5137.3,False,0.875,"{""inversion_rho"":null,""inversion_channel"":29.5,""period_ms"":14.800071716308594}"
193107,1,5175.3001,5175.3001,False,1.0,"{""inversion_rho"":null,""inversion_channel"":30.5,""period_ms"":14.800071716308594}"
193107,1,5197.0,5197.0,False,0.75,"{""inversion_rho"":null,""inversion_channel"":29.5,""period_ms"":14.800071716308594}"
193107,1,5211.5998,5211.5998,False,0.25,"{""inversion_rho"":null,""inversion_channel"":30.5,""period_ms"":14.800071716308594}"
193107,1,5216.8002,5216.8002,False,1.0,"{""inversion_rho"":null,""inversion_channel"":35.5,""period_ms"":19.00005340576172}"
193107,1,5226.6002,5226.6002,False,1.0,"{""inversion_rho"":null,""inversion_channel"":31.5,""period_ms"":19.00005340576172}"
193107,1,5240.3002,5240.3002,False,1.0,"{""inversion_rho"":null,""inversion_channel"":31.5,""period_ms"":19.00005340576172}"
193107,1,5257.9002,5257.9002,False,0.375,"{""inversion_rho"":null,""inversion_channel"":29.5,""period_ms"":19.00005340576172}"
193107,1,5282.8999,5282.8999,False,0.75,"{""inversion_rho"":null,""inversion_channel"":28.5,""period_ms"":19.00005340576172}"
193107,1,5301.8999,5301.8999,False,0.5,"{""inversion_rho"":null,""inversion_channel"":30.0,""period_ms"":19.00005340576172}"
193107,1,5312.6001,5312.6001,False,0.25,"{""inversion_rho"":null,""inversion_channel"":29.5,""period_ms"":19.00005340576172}"
193107,1,5335.7,5335.7,False,0.375,"{""inversion_rho"":null,""inversion_channel"":39.5,""period_ms"":19.00005340576172}"
193107,1,5361.7001,5361.7001,False,0.25,"{""inversion_rho"":null,""inversion_channel"":23.5,""period_ms"":19.00005340576172}"
193107,1,5382.7,5382.7,False,0.375,"{""inversion_rho"":null,""inversion_channel"":24.5,""period_ms"":19.00005340576172}"
193107,1,5389.4,5389.4,False,0.375,"{""inversion_rho"":null,""inversion_channel"":39.5,""period_ms"":null}"
193107,1,5469.1,5469.1,False,0.5,"{""inversion_rho"":null,""inversion_channel"":20.0,""period_ms"":null}"
193107,1,5478.4002,5478.4002,False,1.0,"{""inversion_rho"":null,""inversion_channel"":28.0,""period_ms"":16.699790954589844}"
193107,1,5491.9,5491.9,False,1.0,"{""inversion_rho"":null,""inversion_channel"":18.5,""period_ms"":16.699790954589844}"
193107,1,5514.8001,5514.8001,False,0.875,"{""inversion_rho"":null,""inversion_channel"":18.0,""period_ms"":16.699790954589844}"
193107,1,5531.4999,5531.4999,False,1.0,"{""inversion_rho"":null,""inversion_channel"":15.5,""period_ms"":16.699790954589844}"
193107,1,5540.7,5540.7,False,0.5,"{""inversion_rho"":null,""inversion_channel"":14.5,""period_ms"":16.699790954589844}"
193107,1,5557.4002,5557.4002,False,1.0,"{""inversion_rho"":null,""inversion_channel"":17.5,""period_ms"":16.699790954589844}"
193107,1,5563.3001,5563.3001,False,0.625,"{""inversion_rho"":null,""inversion_channel"":14.5,""period_ms"":28.64980697631836}"
193107,1,5583.6,5583.6,False,1.0,"{""inversion_rho"":null,""inversion_channel"":19.5,""period_ms"":28.64980697631836}"
193107,1,5596.7002,5596.7002,False,0.375,"{""inversion_rho"":null,""inversion_channel"":12.5,""period_ms"":28.64980697631836}"
193107,1,5613.2002,5613.2002,False,1.0,"{""inversion_rho"":null,""inversion_channel"":12.5,""period_ms"":28.64980697631836}"
193107,1,5650.8002,5650.8002,False,0.25,"{""inversion_rho"":null,""inversion_channel"":12.5,""period_ms"":28.64980697631836}"
193107,1,5679.4,5679.4,False,1.0,"{""inversion_rho"":null,""inversion_channel"":10.5,""period_ms"":28.64980697631836}"
193107,1,5708.0998,5708.0998,False,1.0,"{""inversion_rho"":null,""inversion_channel"":12.5,""period_ms"":28.64980697631836}"
193107,1,5746.6002,5746.6002,False,1.0,"{""inversion_rho"":null,""inversion_channel"":11.5,""period_ms"":28.64980697631836}"
193107,1,5779.5,5779.5,False,1.0,"{""inversion_rho"":null,""inversion_channel"":9.5,""period_ms"":28.64980697631836}"
193107,1,5806.3002,5806.3002,False,0.875,"{""inversion_rho"":null,""inversion_channel"":28.5,""period_ms"":28.64980697631836}"
193107,1,5846.0999,5846.0999,False,0.625,"{""inversion_rho"":null,""inversion_channel"":31.5,""period_ms"":28.64980697631836}"
193107,1,5858.0999,5858.0999,False,0.375,"{""inversion_rho"":null,""inversion_channel"":4.0,""period_ms"":null}"
193107,1,283.6,364.3,True,1.0,"{""inversion_rho"":null,""inversion_channel"":22.5,""period_ms"":11.749997735023499}"
193107,1,468.3,505.1,True,1.0,"{""inversion_rho"":null,""inversion_channel"":23.5,""period_ms"":18.399998545646667}"
193107,1,1150.2,1208.6999,True,1.0,"{""inversion_rho"":null,""inversion_channel"":12.0,""period_ms"":10.900020599365234}"
193107,1,1428.0,1598.0999,True,1.0,"{""inversion_rho"":null,""inversion_channel"":28.25,""period_ms"":34.29996967315674}"
193107,1,1654.4,2359.4999,True,1.0,"{""inversion_rho"":null,""inversion_channel"":28.0,""period_ms"":45.799970626831055}"
193107,1,2380.8,2637.0001,True,1.0,"{""inversion_rho"":null,""inversion_channel"":8.5,""period_ms"":128.10003757476807}"
193107,1,2746.7,2881.0999,True,1.0,"{""inversion_rho"":null,""inversion_channel"":21.0,""period_ms"":43.49994659423828}"
193107,1,2898.0999,2943.7001,True,1.0,"{""inversion_rho"":null,""inversion_channel"":20.5,""period_ms"":15.500068664550781}"
193107,1,2968.6999,3125.2,True,1.0,"{""inversion_rho"":null,""inversion_channel"":21.5,""period_ms"":38.49995136260986}"
193107,1,3139.1001,3335.5,True,1.0,"{""inversion_rho"":null,""inversion_channel"":17.5,""period_ms"":16.100168228149414}"
193107,1,3368.5999,3390.6,True,1.0,"{""inversion_rho"":null,""inversion_channel"":16.5,""period_ms"":11.00003719329834}"
193107,1,3434.2999,3513.4001,True,1.0,"{""inversion_rho"":null,""inversion_channel"":18.5,""period_ms"":14.500021934509277}"
193107,1,3553.6001,3600.8,True,1.0,"{""inversion_rho"":null,""inversion_channel"":18.5,""period_ms"":15.30003547668457}"
193107,1,3735.1999,3829.9,True,1.0,"{""inversion_rho"":null,""inversion_channel"":21.5,""period_ms"":23.999929428100586}"
193107,1,3848.2001,3943.0001,True,1.0,"{""inversion_rho"":null,""inversion_channel"":21.25,""period_ms"":29.50000762939453}"
193107,1,3949.1,4019.4998,True,1.0,"{""inversion_rho"":null,""inversion_channel"":21.5,""period_ms"":16.20006561279297}"
193107,1,4026.1998,4175.7002,True,1.0,"{""inversion_rho"":null,""inversion_channel"":22.5,""period_ms"":17.800092697143555}"
193107,1,4228.2,4362.1001,True,1.0,"{""inversion_rho"":null,""inversion_channel"":37.5,""period_ms"":14.999866485595703}"
193107,1,4411.6001,4448.2999,True,1.0,"{""inversion_rho"":null,""inversion_channel"":38.5,""period_ms"":9.199857711791992}"
193107,1,4483.6998,4517.7999,True,1.0,"{""inversion_rho"":null,""inversion_channel"":19.75,""period_ms"":6.900310516357422}"
193107,1,4533.1998,4574.6999,True,1.0,"{""inversion_rho"":null,""inversion_channel"":26.75,""period_ms"":8.500099182128906}"
193107,1,4610.8999,4650.0001,True,1.0,"{""inversion_rho"":null,""inversion_channel"":25.5,""period_ms"":19.550085067749023}"
193107,1,4656.4002,4708.0002,True,1.0,"{""inversion_rho"":null,""inversion_channel"":39.5,""period_ms"":9.799957275390625}"
193107,1,4713.9001,4753.5,True,1.0,"{""inversion_rho"":null,""inversion_channel"":38.5,""period_ms"":11.00015640258789}"
193107,1,4792.2001,4855.5002,True,1.0,"{""inversion_rho"":null,""inversion_channel"":30.5,""period_ms"":15.450000762939453}"
193107,1,4925.3998,4966.4001,True,1.0,"{""inversion_rho"":null,""inversion_channel"":31.5,""period_ms"":9.50002670288086}"
193107,1,4974.8998,5042.9001,True,1.0,"{""inversion_rho"":null,""inversion_channel"":36.75,""period_ms"":12.30001449584961}"
193107,1,5078.1002,5211.5998,True,1.0,"{""inversion_rho"":null,""inversion_channel"":30.0,""period_ms"":14.800071716308594}"
193107,1,5216.8002,5382.7,True,1.0,"{""inversion_rho"":null,""inversion_channel"":29.75,""period_ms"":19.00005340576172}"
193107,1,5478.4002,5557.4002,True,1.0,"{""inversion_rho"":null,""inversion_channel"":17.75,""period_ms"":16.699790954589844}"
193107,1,5563.3001,5846.0999,True,1.0,"{""inversion_rho"":null,""inversion_channel"":12.5,""period_ms"":28.64980697631836}"
193108,1,64.2,64.2,False,0.375,"{""inversion_rho"":null,""inversion_channel"":39.0,""period_ms"":40.25000333786011}"
193108,1,92.6,92.6,False,0.25,"{""inversion_rho"":null,""inversion_channel"":34.5,""period_ms"":40.25000333786011}"
193108,1,144.7,144.7,False,0.375,"{""inversion_rho"":null,""inversion_channel"":39.5,""period_ms"":40.25000333786011}"
193108,1,2084.3999,2084.3999,False,0.875,"{""inversion_rho"":null,""inversion_channel"":10.5,""period_ms"":null}"
193108,1,2508.1999,2508.1999,False,0.625,"{""inversion_rho"":null,""inversion_channel"":6.5,""period_ms"":null}"
193108,1,2579.4001,2579.4001,False,1.0,"{""inversion_rho"":null,""inversion_channel"":8.5,""period_ms"":null}"
193108,1,2773.7999,2773.7999,False,1.0,"{""inversion_rho"":null,""inversion_channel"":22.5,""period_ms"":null}"
193108,1,2806.7999,2806.7999,False,1.0,"{""inversion_rho"":null,""inversion_channel"":13.0,""period_ms"":null}"
193108,1,2937.0999,2937.0999,False,1.0,"{""inversion_rho"":null,""inversion_channel"":29.5,""period_ms"":null}"
193108,1,2995.8999,2995.8999,False,1.0,"{""inversion_rho"":null,""inversion_channel"":3.5,""period_ms"":null}"
193108,1,3002.3,3002.3,False,1.0,"{""inversion_rho"":null,""inversion_channel"":3.5,""period_ms"":13.499975204467773}"
193108,1,3012.0001,3012.0001,False,0.875,"{""inversion_rho"":null,""inversion_channel"":3.5,""period_ms"":13.499975204467773}"
193108,1,3025.5001,3025.5001,False,0.875,"{""inversion_rho"":null,""inversion_channel"":4.5,""period_ms"":13.499975204467773}"
193108,1,3059.2,3059.2,False,0.75,"{""inversion_rho"":null,""inversion_channel"":27.0,""period_ms"":13.499975204467773}"
193108,1,3067.8999,3067.8999,False,0.75,"{""inversion_rho"":null,""inversion_channel"":26.0,""period_ms"":13.949990272521973}"
193108,1,3076.9999,3076.9999,False,0.875,"{""inversion_rho"":null,""inversion_channel"":5.5,""period_ms"":13.949990272521973}"
193108,1,3095.7999,3095.7999,False,0.75,"{""inversion_rho"":null,""inversion_channel"":5.5,""period_ms"":13.949990272521973}"
193108,1,3147.9001,3147.9001,False,0.5,"{""inversion_rho"":null,""inversion_channel"":27.5,""period_ms"":null}"
193108,1,3157.8,3157.8,False,1.0,"{""inversion_rho"":null,""inversion_channel"":10.5,""period_ms"":null}"
193108,1,3196.5001,3196.5001,False,1.0,"{""inversion_rho"":null,""inversion_channel"":31.5,""period_ms"":null}"
193108,1,3237.4001,3237.4001,False,0.25,"{""inversion_rho"":null,""inversion_channel"":9.5,""period_ms"":null}"
193108,1,3441.2999,3441.2999,False,1.0,"{""inversion_rho"":null,""inversion_channel"":17.5,""period_ms"":14.350056648254395}"
193108,1,3455.6,3455.6,False,0.875,"{""inversion_rho"":null,""inversion_channel"":12.5,""period_ms"":14.350056648254395}"
193108,1,3470.0,3470.0,False,0.5,"{""inversion_rho"":null,""inversion_channel"":12.5,""period_ms"":14.350056648254395}"
193108,1,3475.1,3475.1,False,0.375,"{""inversion_rho"":null,""inversion_channel"":13.0,""period_ms"":null}"
193108,1,3480.7999,3480.7999,False,0.5,"{""inversion_rho"":null,""inversion_channel"":13.5,""period_ms"":null}"
193108,1,3543.2,3543.2,False,0.75,"{""inversion_rho"":null,""inversion_channel"":15.0,""period_ms"":null}"
193108,1,3648.2999,3648.2999,False,0.25,"{""inversion_rho"":null,""inversion_channel"":19.5,""period_ms"":null}"
193108,1,3667.2001,3667.2001,False,0.25,"{""inversion_rho"":null,""inversion_channel"":13.5,""period_ms"":null}"
193108,1,3698.4999,3698.4999,False,1.0,"{""inversion_rho"":null,""inversion_channel"":20.5,""period_ms"":null}"
193108,1,3707.6001,3707.6001,False,0.375,"{""inversion_rho"":null,""inversion_channel"":14.5,""period_ms"":19.20008659362793}"
193108,1,3724.7,3724.7,False,1.0,"{""inversion_rho"":null,""inversion_channel"":16.5,""period_ms"":19.20008659362793}"
193108,1,3743.9001,3743.9001,False,0.25,"{""inversion_rho"":null,""inversion_channel"":17.0,""period_ms"":19.20008659362793}"
193108,1,3779.9001,3779.9001,False,0.25,"{""inversion_rho"":null,""inversion_channel"":14.5,""period_ms"":19.20008659362793}"
193108,1,3942.1999,3942.1999,False,1.0,"{""inversion_rho"":null,""inversion_channel"":16.5,""period_ms"":10.050058364868164}"
193108,1,3950.5,3950.5,False,0.625,"{""inversion_rho"":null,""inversion_channel"":17.0,""period_ms"":10.050058364868164}"
193108,1,3962.3001,3962.3001,False,0.75,"{""inversion_rho"":null,""inversion_channel"":17.0,""period_ms"":10.050058364868164}"
193108,1,4027.5002,4027.5002,False,0.375,"{""inversion_rho"":null,""inversion_channel"":18.5,""period_ms"":57.69991874694824}"
193108,1,4093.8001,4093.8001,False,0.375,"{""inversion_rho"":null,""inversion_channel"":19.0,""period_ms"":57.69991874694824}"
193108,1,4142.9,4142.9,False,1.0,"{""inversion_rho"":null,""inversion_channel"":18.5,""period_ms"":57.69991874694824}"
193108,1,4161.0999,4161.0999,False,0.25,"{""inversion_rho"":null,""inversion_channel"":17.5,""period_ms"":69.9000358581543}"
193108,1,4218.1001,4218.1001,False,1.0,"{""inversion_rho"":null,""inversion_channel"":18.5,""period_ms"":69.9000358581543}"
193108,1,4300.9,4300.9,False,0.25,"{""inversion_rho"":null,""inversion_channel"":16.5,""period_ms"":69.9000358581543}"
193108,1,4320.4002,4320.4002,False,1.0,"{""inversion_rho"":null,""inversion_channel"":18.5,""period_ms"":76.14994049072266}"
193108,1,4386.6,4386.6,False,0.5,"{""inversion_rho"":null,""inversion_channel"":18.0,""period_ms"":76.14994049072266}"
193108,1,4472.7001,4472.7001,False,1.0,"{""inversion_rho"":null,""inversion_channel"":5.0,""period_ms"":76.14994049072266}"
193108,1,4479.6,4479.6,False,1.0,"{""inversion_rho"":null,""inversion_channel"":19.5,""period_ms"":null}"
193108,1,4498.4002,4498.4002,False,0.5,"{""inversion_rho"":null,""inversion_channel"":21.0,""period_ms"":null}"
193108,1,4504.6,4504.6,False,0.375,"{""inversion_rho"":null,""inversion_channel"":21.5,""period_ms"":null}"
193108,1,4518.3001,4518.3001,False,1.0,"{""inversion_rho"":null,""inversion_channel"":39.0,""period_ms"":null}"
193108,1,4584.6,4584.6,False,0.625,"{""inversion_rho"":null,""inversion_channel"":37.0,""period_ms"":39.49999809265137}"
193108,1,4627.6999,4627.6999,False,1.0,"{""inversion_rho"":null,""inversion_channel"":21.5,""period_ms"":39.49999809265137}"
193108,1,4663.6,4663.6,False,0.75,"{""inversion_rho"":null,""inversion_channel"":37.5,""period_ms"":39.49999809265137}"
193108,1,4675.0002,4675.0002,False,0.875,"{""inversion_rho"":null,""inversion_channel"":38.0,""period_ms"":17.50040054321289}"
193108,1,4714.9,4714.9,False,0.5,"{""inversion_rho"":null,""inversion_channel"":39.5,""period_ms"":17.50040054321289}"
193108,1,4735.8999,4735.8999,False,0.75,"{""inversion_rho"":null,""inversion_channel"":6.5,""period_ms"":17.50040054321289}"
193108,1,4756.4001,4756.4001,False,0.375,"{""inversion_rho"":null,""inversion_channel"":37.5,""period_ms"":17.50040054321289}"
193108,1,4778.3999,4778.3999,False,1.0,"{""inversion_rho"":null,""inversion_channel"":23.5,""period_ms"":17.50040054321289}"
193108,1,4789.8002,4789.8002,False,0.625,"{""inversion_rho"":null,""inversion_channel"":36.5,""period_ms"":17.50040054321289}"
193108,1,4809.1002,4809.1002,False,1.0,"{""inversion_rho"":null,""inversion_channel"":39.5,""period_ms"":17.50040054321289}"
193108,1,4819.7999,4819.7999,False,0.75,"{""inversion_rho"":null,""inversion_channel"":40.0,""period_ms"":17.50040054321289}"
193108,1,4833.2,4833.2,False,0.25,"{""inversion_rho"":null,""inversion_channel"":24.0,""period_ms"":17.50040054321289}"
193108,1,4842.7,4842.7,False,0.25,"{""inversion_rho"":null,""inversion_channel"":22.5,""period_ms"":17.50040054321289}"
193108,1,4850.2998,4850.2998,False,1.0,"{""inversion_rho"":null,""inversion_channel"":6.0,""period_ms"":17.50040054321289}"
193108,1,4867.8002,4867.8002,False,1.0,"{""inversion_rho"":null,""inversion_channel"":38.5,""period_ms"":17.50040054321289}"
193108,1,4873.1999,4873.1999,False,0.5,"{""inversion_rho"":null,""inversion_channel"":22.5,""period_ms"":11.800050735473633}"
193108,1,4889.5998,4889.5998,False,1.0,"{""inversion_rho"":null,""inversion_channel"":39.5,""period_ms"":11.800050735473633}"
193108,1,4896.8,4896.8,False,0.375,"{""inversion_rho"":null,""inversion_channel"":39.0,""period_ms"":11.800050735473633}"
193108,1,4918.2,4918.2,False,1.0,"{""inversion_rho"":null,""inversion_channel"":39.5,""period_ms"":null}"
193108,1,4924.6998,4924.6998,False,0.25,"{""inversion_rho"":null,""inversion_channel"":15.5,""period_ms"":null}"
193108,1,4953.3,4953.3,False,0.25,"{""inversion_rho"":null,""inversion_channel"":38.0,""period_ms"":null}"
193108,1,4988.9998,4988.9998,False,0.875,"{""inversion_rho"":null,""inversion_channel"":38.5,""period_ms"":null}"
193108,1,4998.0998,4998.0998,False,0.75,"{""inversion_rho"":null,""inversion_channel"":37.5,""period_ms"":13.550043106079102}"
193108,1,5005.6,5005.6,False,0.75,"{""inversion_rho"":null,""inversion_channel"":37.5,""period_ms"":13.550043106079102}"
193108,1,5020.0,5020.0,False,0.625,"{""inversion_rho"":null,""inversion_channel"":38.0,""period_ms"":13.550043106079102}"
193108,1,5031.0998,5031.0998,False,0.5,"{""inversion_rho"":null,""inversion_channel"":9.5,""period_ms"":13.550043106079102}"
193108,1,5046.5999,5046.5999,False,1.0,"{""inversion_rho"":null,""inversion_channel"":37.0,""period_ms"":13.550043106079102}"
193108,1,5061.9998,5061.9998,False,0.5,"{""inversion_rho"":null,""inversion_channel"":38.5,""period_ms"":13.550043106079102}"
193108,1,5075.5,5075.5,False,0.25,"{""inversion_rho"":null,""inversion_channel"":23.5,""period_ms"":13.550043106079102}"
193108,1,5085.0,5085.0,False,0.875,"{""inversion_rho"":null,""inversion_channel"":18.5,""period_ms"":13.550043106079102}"
193108,1,5097.4002,5097.4002,False,0.375,"{""inversion_rho"":null,""inversion_channel"":27.5,""period_ms"":13.550043106079102}"
193108,1,5108.0999,5108.0999,False,0.5,"{""inversion_rho"":null,""inversion_channel"":27.5,""period_ms"":13.550043106079102}"
193108,1,5117.4998,5117.4998,False,0.625,"{""inversion_rho"":null,""inversion_channel"":25.5,""period_ms"":13.550043106079102}"
193108,1,5131.4001,5131.4001,False,0.5,"{""inversion_rho"":null,""inversion_channel"":23.0,""period_ms"":13.550043106079102}"
193108,1,5148.5,5148.5,False,0.625,"{""inversion_rho"":null,""inversion_channel"":23.5,""period_ms"":13.550043106079102}"
193108,1,5162.0998,5162.0998,False,0.25,"{""inversion_rho"":null,""inversion_channel"":19.5,""period_ms"":13.550043106079102}"
193108,1,5177.0,5177.0,False,0.625,"{""inversion_rho"":null,""inversion_channel"":38.0,""period_ms"":13.550043106079102}"
193108,1,5223.1002,5223.1002,False,1.0,"{""inversion_rho"":null,""inversion_channel"":30.5,""period_ms"":15.399932861328125}"
193108,1,5238.5001,5238.5001,False,1.0,"{""inversion_rho"":null,""inversion_channel"":29.5,""period_ms"":15.399932861328125}"
193108,1,5252.2001,5252.2001,False,0.375,"{""inversion_rho"":null,""inversion_channel"":22.5,""period_ms"":15.399932861328125}"
193108,1,5284.2999,5284.2999,False,1.0,"{""inversion_rho"":null,""inversion_channel"":22.5,""period_ms"":15.399932861328125}"
193108,1,5290.4,5290.4,False,0.625,"{""inversion_rho"":null,""inversion_channel"":39.0,""period_ms"":null}"
193108,1,5296.5002,5296.5002,False,0.625,"{""inversion_rho"":null,""inversion_channel"":22.5,""period_ms"":null}"
193108,1,5323.2002,5323.2002,False,0.625,"{""inversion_rho"":null,""inversion_channel"":22.5,""period_ms"":32.49979019165039}"
193108,1,5357.9998,5357.9998,False,1.0,"{""inversion_rho"":null,""inversion_channel"":20.5,""period_ms"":32.49979019165039}"
193108,1,5388.1998,5388.1998,False,0.875,"{""inversion_rho"":null,""inversion_channel"":28.0,""period_ms"":32.49979019165039}"
193108,1,5395.0,5395.0,False,0.25,"{""inversion_rho"":null,""inversion_channel"":24.5,""period_ms"":13.100147247314453}"
193108,1,5404.7999,5404.7999,False,0.625,"{""inversion_rho"":null,""inversion_channel"":31.5,""period_ms"":13.100147247314453}"
193108,1,5417.9001,5417.9001,False,0.375,"{""inversion_rho"":null,""inversion_channel"":27.5,""period_ms"":13.100147247314453}"
193108,1,5436.3999,5436.3999,False,0.25,"{""inversion_rho"":null,""inversion_channel"":24.5,""period_ms"":13.100147247314453}"
193108,1,5450.0999,5450.0999,False,0.25,"{""inversion_rho"":null,""inversion_channel"":29.5,""period_ms"":13.100147247314453}"
193108,1,5459.8999,5459.8999,False,0.5,"{""inversion_rho"":null,""inversion_channel"":39.5,""period_ms"":13.100147247314453}"
193108,1,5498.0001,5498.0001,False,0.75,"{""inversion_rho"":null,""inversion_channel"":27.5,""period_ms"":16.00027084350586}"
193108,1,5511.4002,5511.4002,False,1.0,"{""inversion_rho"":null,""inversion_channel"":28.5,""period_ms"":16.00027084350586}"
193108,1,5533.5999,5533.5999,False,1.0,"{""inversion_rho"":null,""inversion_channel"":17.0,""period_ms"":16.00027084350586}"
193108,1,5549.6001,5549.6001,False,0.75,"{""inversion_rho"":null,""inversion_channel"":17.5,""period_ms"":16.00027084350586}"
193108,1,5583.0002,5583.0002,False,1.0,"{""inversion_rho"":null,""inversion_channel"":37.0,""period_ms"":16.00027084350586}"
193108,1,5598.1998,5598.1998,False,1.0,"{""inversion_rho"":null,""inversion_channel"":13.5,""period_ms"":16.00027084350586}"
193108,1,5641.9001,5641.9001,False,0.25,"{""inversion_rho"":null,""inversion_channel"":12.5,""period_ms"":null}"
193108,1,5650.7001,5650.7001,False,1.0,"{""inversion_rho"":null,""inversion_channel"":11.0,""period_ms"":null}"
193108,1,5675.6001,5675.6001,False,0.75,"{""inversion_rho"":null,""inversion_channel"":12.0,""period_ms"":null}"
193108,1,5687.6001,5687.6001,False,1.0,"{""inversion_rho"":null,""inversion_channel"":17.5,""period_ms"":null}"
193108,1,5749.4998,5749.4998,False,1.0,"{""inversion_rho"":null,""inversion_channel"":14.5,""period_ms"":27.250051498413086}"
193108,1,5797.9999,5797.9999,False,1.0,"{""inversion_rho"":null,""inversion_channel"":10.5,""period_ms"":27.250051498413086}"
193108,1,5826.3998,5826.3998,False,1.0,"{""inversion_rho"":null,""inversion_channel"":8.5,""period_ms"":27.250051498413086}"
193108,1,5852.5,5852.5,False,1.0,"{""inversion_rho"":null,""inversion_channel"":27.5,""period_ms"":27.250051498413086}"
193108,1,5870.9998,5870.9998,False,0.75,"{""inversion_rho"":null,""inversion_channel"":28.0,""period_ms"":27.250051498413086}"
193108,1,64.2,144.7,True,1.0,"{""inversion_rho"":null,""inversion_channel"":39.0,""period_ms"":40.25000333786011}"
193108,1,3002.3,3059.2,True,1.0,"{""inversion_rho"":null,""inversion_channel"":4.0,""period_ms"":13.499975204467773}"
193108,1,3067.8999,3095.7999,True,1.0,"{""inversion_rho"":null,""inversion_channel"":5.5,""period_ms"":13.949990272521973}"
193108,1,3441.2999,3470.0,True,1.0,"{""inversion_rho"":null,""inversion_channel"":12.5,""period_ms"":14.350056648254395}"
193108,1,3707.6001,3779.9001,True,1.0,"{""inversion_rho"":null,""inversion_channel"":15.5,""period_ms"":19.20008659362793}"
193108,1,3942.1999,3962.3001,True,1.0,"{""inversion_rho"":null,""inversion_channel"":17.0,""period_ms"":10.050058364868164}"
193108,1,4027.5002,4142.9,True,1.0,"{""inversion_rho"":null,""inversion_channel"":18.5,""period_ms"":57.69991874694824}"
193108,1,4161.0999,4300.9,True,1.0,"{""inversion_rho"":null,""inversion_channel"":17.5,""period_ms"":69.9000358581543}"
193108,1,4320.4002,4472.7001,True,1.0,"{""inversion_rho"":null,""inversion_channel"":18.0,""period_ms"":76.14994049072266}"
193108,1,4584.6,4663.6,True,1.0,"{""inversion_rho"":null,""inversion_channel"":37.0,""period_ms"":39.49999809265137}"
193108,1,4675.0002,4867.8002,True,1.0,"{""inversion_rho"":null,""inversion_channel"":37.0,""period_ms"":17.50040054321289}"
193108,1,4873.1999,4896.8,True,1.0,"{""inversion_rho"":null,""inversion_channel"":39.0,""period_ms"":11.800050735473633}"
193108,1,4998.0998,5177.0,True,1.0,"{""inversion_rho"":null,""inversion_channel"":27.5,""period_ms"":13.550043106079102}"
193108,1,5223.1002,5284.2999,True,1.0,"{""inversion_rho"":null,""inversion_channel"":26.0,""period_ms"":15.399932861328125}"
193108,1,5323.2002,5388.1998,True,1.0,"{""inversion_rho"":null,""inversion_channel"":22.5,""period_ms"":32.49979019165039}"
193108,1,5395.0,5459.8999,True,1.0,"{""inversion_rho"":null,""inversion_channel"":28.5,""period_ms"":13.100147247314453}"
193108,1,5498.0001,5598.1998,True,1.0,"{""inversion_rho"":null,""inversion_channel"":22.5,""period_ms"":16.00027084350586}"
193108,1,5749.4998,5870.9998,True,1.0,"{""inversion_rho"":null,""inversion_channel"":14.5,""period_ms"":27.250051498413086}"
193119,1,94.4,94.4,False,0.25,"{""inversion_rho"":null,""inversion_channel"":21.5,""period_ms"":8.199997246265411}"
193119,1,100.6,100.6,False,0.375,"{""inversion_rho"":null,""inversion_channel"":22.5,""period_ms"":8.199997246265411}"
193119,1,108.9,108.9,False,0.875,"{""inversion_rho"":null,""inversion_channel"":31.5,""period_ms"":8.199997246265411}"
193119,1,117.1,117.1,False,0.5,"{""inversion_rho"":null,""inversion_channel"":26.0,""period_ms"":8.199997246265411}"
193119,1,124.0,124.0,False,1.0,"{""inversion_rho"":null,""inversion_channel"":28.0,""period_ms"":8.199997246265411}"
193119,1,134.5,134.5,False,1.0,"{""inversion_rho"":null,""inversion_channel"":31.5,""period_ms"":8.199997246265411}"
193119,1,145.6,145.6,False,0.375,"{""inversion_rho"":null,""inversion_channel"":30.5,""period_ms"":8.199997246265411}"
193119,1,152.7,152.7,False,0.375,"{""inversion_rho"":null,""inversion_channel"":30.5,""period_ms"":8.199997246265411}"
193119,1,171.2,171.2,False,0.375,"{""inversion_rho"":null,""inversion_channel"":31.5,""period_ms"":null}"
193119,1,225.9,225.9,False,0.5,"{""inversion_rho"":null,""inversion_channel"":25.0,""period_ms"":null}"
193119,1,411.7,411.7,False,1.0,"{""inversion_rho"":null,""inversion_channel"":25.5,""period_ms"":27.39998698234558}"
193119,1,429.5,429.5,False,1.0,"{""inversion_rho"":null,""inversion_channel"":25.5,""period_ms"":27.39998698234558}"
193119,1,449.5,449.5,False,1.0,"{""inversion_rho"":null,""inversion_channel"":25.0,""period_ms"":27.39998698234558}"
193119,1,465.2,465.2,False,1.0,"{""inversion_rho"":null,""inversion_channel"":3.5,""period_ms"":27.39998698234558}"
193119,1,495.2,495.2,False,1.0,"{""inversion_rho"":null,""inversion_channel"":25.0,""period_ms"":27.39998698234558}"
193119,1,518.8,518.8,False,1.0,"{""inversion_rho"":null,""inversion_channel"":23.0,""period_ms"":27.39998698234558}"
193119,1,546.3,546.3,False,0.5,"{""inversion_rho"":null,""inversion_channel"":23.0,""period_ms"":27.39998698234558}"
193119,1,573.6,573.6,False,1.0,"{""inversion_rho"":null,""inversion_channel"":24.0,""period_ms"":27.39998698234558}"
193119,1,610.8,610.8,False,1.0,"{""inversion_rho"":null,""inversion_channel"":23.0,""period_ms"":27.39998698234558}"
193119,1,663.6,663.6,False,1.0,"{""inversion_rho"":null,""inversion_channel"":26.0,""period_ms"":27.39998698234558}"
193119,1,706.0,706.0,False,1.0,"{""inversion_rho"":null,""inversion_channel"":24.5,""period_ms"":27.39998698234558}"
193119,1,1119.0,1119.0,False,1.0,"{""inversion_rho"":null,""inversion_channel"":27.5,""period_ms"":59.70001220703125}"
193119,1,1211.0,1211.0,False,1.0,"{""inversion_rho"":null,""inversion_channel"":15.0,""period_ms"":59.70001220703125}"
193119,1,1270.7,1270.7,False,1.0,"{""inversion_rho"":null,""inversion_channel"":27.0,""period_ms"":59.70001220703125}"
193119,1,1313.1,1313.1,False,0.75,"{""inversion_rho"":null,""inversion_channel"":26.0,""period_ms"":59.70001220703125}"
193119,1,1328.2,1328.2,False,1.0,"{""inversion_rho"":null,""inversion_channel"":27.5,""period_ms"":63.09998035430908}"
193119,1,1394.9,1394.9,False,1.0,"{""inversion_rho"":null,""inversion_channel"":11.5,""period_ms"":63.09998035430908}"
193119,1,1465.4,1465.4,False,1.0,"{""inversion_rho"":null,""inversion_channel"":8.5,""period_ms"":63.09998035430908}"
193119,1,1524.9,1524.9,False,1.0,"{""inversion_rho"":null,""inversion_channel"":10.5,""period_ms"":63.09998035430908}"
193119,1,1564.8,1564.8,False,1.0,"{""inversion_rho"":null,""inversion_channel"":26.0,""period_ms"":63.09998035430908}"
193119,1,1605.4,1605.4,False,1.0,"{""inversion_rho"":null,""inversion_channel"":11.0,""period_ms"":63.09998035430908}"
193119,1,1649.3,1649.3,False,1.0,"{""inversion_rho"":null,""inversion_channel"":26.0,""period_ms"":63.09998035430908}"
193119,1,1741.7001,1741.7001,False,0.75,"{""inversion_rho"":null,""inversion_channel"":28.5,""period_ms"":63.09998035430908}"
193119,1,1853.2,1853.2,False,1.0,"{""inversion_rho"":null,""inversion_channel"":27.5,""period_ms"":63.09998035430908}"
193119,1,1896.7,1896.7,False,1.0,"{""inversion_rho"":null,""inversion_channel"":28.0,""period_ms"":64.59993124008179}"
193119,1,1964.9,1964.9,False,1.0,"{""inversion_rho"":null,""inversion_channel"":27.5,""period_ms"":64.59993124008179}"
193119,1,2025.8999,2025.8999,False,1.0,"{""inversion_rho"":null,""inversion_channel"":28.5,""period_ms"":64.59993124008179}"
193119,1,2046.0999,2046.0999,False,1.0,"{""inversion_rho"":null,""inversion_channel"":10.5,""period_ms"":42.95015335083008}"
193119,1,2092.6001,2092.6001,False,1.0,"{""inversion_rho"":null,""inversion_channel"":28.5,""period_ms"":42.95015335083008}"
193119,1,2122.1001,2122.1001,False,1.0,"{""inversion_rho"":null,""inversion_channel"":28.0,""period_ms"":42.95015335083008}"
193119,1,2159.1001,2159.1001,False,1.0,"{""inversion_rho"":null,""inversion_channel"":28.0,""period_ms"":42.95015335083008}"
193119,1,2225.6999,2225.6999,False,1.0,"{""inversion_rho"":null,""inversion_channel"":28.0,""period_ms"":42.95015335083008}"
193119,1,2265.1,2265.1,False,1.0,"{""inversion_rho"":null,""inversion_channel"":28.5,""period_ms"":42.95015335083008}"
193119,1,2303.6001,2303.6001,False,0.875,"{""inversion_rho"":null,""inversion_channel"":28.0,""period_ms"":42.95015335083008}"
193119,1,2368.5,2368.5,False,0.75,"{""inversion_rho"":null,""inversion_channel"":28.5,""period_ms"":42.95015335083008}"
193119,1,2446.1,2446.1,False,0.25,"{""inversion_rho"":null,""inversion_channel"":31.5,""period_ms"":42.95015335083008}"
193119,1,2463.9001,2463.9001,False,0.5,"{""inversion_rho"":null,""inversion_channel"":12.5,""period_ms"":null}"
193119,1,2509.1,2509.1,False,0.875,"{""inversion_rho"":null,""inversion_channel"":19.0,""period_ms"":null}"
193119,1,2526.2001,2526.2001,False,0.75,"{""inversion_rho"":null,""inversion_channel"":31.5,""period_ms"":null}"
193119,1,2659.4,2659.4,False,1.0,"{""inversion_rho"":null,""inversion_channel"":16.5,""period_ms"":null}"
193119,1,2691.8001,2691.8001,False,0.25,"{""inversion_rho"":null,""inversion_channel"":39.5,""period_ms"":78.3998966217041}"
193119,1,2763.6001,2763.6001,False,0.875,"{""inversion_rho"":null,""inversion_channel"":34.5,""period_ms"":78.3998966217041}"
193119,1,2848.5999,2848.5999,False,0.375,"{""inversion_rho"":null,""inversion_channel"":26.0,""period_ms"":78.3998966217041}"
193119,1,2855.6001,2855.6001,False,0.5,"{""inversion_rho"":null,""inversion_channel"":37.5,""period_ms"":40.44997692108154}"
193119,1,2882.0,2882.0,False,1.0,"{""inversion_rho"":null,""inversion_channel"":30.5,""period_ms"":40.44997692108154}"
193119,1,2936.5001,2936.5001,False,1.0,"{""inversion_rho"":null,""inversion_channel"":27.5,""period_ms"":40.44997692108154}"
193119,1,2945.2,2945.2,False,0.375,"{""inversion_rho"":null,""inversion_channel"":27.0,""period_ms"":14.64998722076416}"
193119,1,2965.8,2965.8,False,1.0,"{""inversion_rho"":null,""inversion_channel"":19.5,""period_ms"":14.64998722076416}"
193119,1,2974.4999,2974.4999,False,0.375,"{""inversion_rho"":null,""inversion_channel"":25.0,""period_ms"":14.64998722076416}"
193119,1,3022.3,3022.3,False,1.0,"{""inversion_rho"":null,""inversion_channel"":34.5,""period_ms"":null}"
193119,1,3034.6999,3034.6999,False,0.375,"{""inversion_rho"":null,""inversion_channel"":31.5,""period_ms"":null}"
193119,1,3092.9,3092.9,False,0.875,"{""inversion_rho"":null,""inversion_channel"":11.5,""period_ms"":6.200075149536133}"
193119,1,3103.8001,3103.8001,False,1.0,"{""inversion_rho"":null,""inversion_channel"":3.5,""period_ms"":6.200075149536133}"
193119,1,3111.5999,3111.5999,False,0.5,"{""inversion_rho"":null,""inversion_channel"":25.0,""period_ms"":6.200075149536133}"
193119,1,3117.8,3117.8,False,0.25,"{""inversion_rho"":null,""inversion_channel"":27.5,""period_ms"":6.200075149536133}"
193119,1,3124.0001,3124.0001,False,0.25,"{""inversion_rho"":null,""inversion_channel"":8.5,""period_ms"":6.200075149536133}"
193119,1,3129.1001,3129.1001,False,0.25,"{""inversion_rho"":null,""inversion_channel"":7.5,""period_ms"":6.200075149536133}"
193119,1,3213.2001,3213.2001,False,0.625,"{""inversion_rho"":null,""inversion_channel"":11.5,""period_ms"":60.94992160797119}"
193119,1,3266.2001,3266.2001,False,1.0,"{""inversion_rho"":null,""inversion_channel"":35.5,""period_ms"":60.94992160797119}"
193119,1,3335.0999,3335.0999,False,0.875,"{""inversion_rho"":null,""inversion_channel"":8.5,""period_ms"":60.94992160797119}"
193119,1,3352.7999,3352.7999,False,0.5,"{""inversion_rho"":null,""inversion_channel"":8.5,""period_ms"":33.40005874633789}"
193119,1,3383.8999,3383.8999,False,0.5,"{""inversion_rho"":null,""inversion_channel"":9.0,""period_ms"":33.40005874633789}"
193119,1,3416.6999,3416.6999,False,1.0,"{""inversion_rho"":null,""inversion_channel"":31.5,""period_ms"":33.40005874633789}"
193119,1,3493.5,3493.5,False,0.375,"{""inversion_rho"":null,""inversion_channel"":8.5,""period_ms"":33.40005874633789}"
193119,1,3526.9001,3526.9001,False,1.0,"{""inversion_rho"":null,""inversion_channel"":12.5,""period_ms"":33.40005874633789}"
193119,1,3581.7001,3581.7001,False,1.0,"{""inversion_rho"":null,""inversion_channel"":10.5,""period_ms"":33.40005874633789}"
193119,1,3594.1999,3594.1999,False,0.5,"{""inversion_rho"":null,""inversion_channel"":25.5,""period_ms"":14.500141143798828}"
193119,1,3618.7999,3618.7999,False,1.0,"{""inversion_rho"":null,""inversion_channel"":22.5,""period_ms"":14.500141143798828}"
193119,1,3630.3,3630.3,False,1.0,"{""inversion_rho"":null,""inversion_channel"":14.5,""period_ms"":14.500141143798828}"
193119,1,3642.8001,3642.8001,False,0.625,"{""inversion_rho"":null,""inversion_channel"":10.5,""period_ms"":14.500141143798828}"
193119,1,3655.9999,3655.9999,False,0.75,"{""inversion_rho"":null,""inversion_channel"":11.5,""period_ms"":14.500141143798828}"
193119,1,3670.5,3670.5,False,1.0,"{""inversion_rho"":null,""inversion_channel"":11.5,""period_ms"":14.500141143798828}"
193119,1,3701.9999,3701.9999,False,1.0,"{""inversion_rho"":null,""inversion_channel"":25.5,""period_ms"":14.500141143798828}"
193119,1,3725.4,3725.4,False,1.0,"{""inversion_rho"":null,""inversion_channel"":16.5,""period_ms"":14.500141143798828}"
193119,1,3816.4999,3816.4999,False,1.0,"{""inversion_rho"":null,""inversion_channel"":18.5,""period_ms"":88.29998970031738}"
193119,1,3905.9999,3905.9999,False,1.0,"{""inversion_rho"":null,""inversion_channel"":19.5,""period_ms"":88.29998970031738}"
193119,1,3993.0999,3993.0999,False,1.0,"{""inversion_rho"":null,""inversion_channel"":16.5,""period_ms"":88.29998970031738}"
193119,1,4007.5998,4007.5998,False,1.0,"{""inversion_rho"":null,""inversion_channel"":28.5,""period_ms"":69.60010528564453}"
193119,1,4077.1999,4077.1999,False,1.0,"{""inversion_rho"":null,""inversion_channel"":17.5,""period_ms"":69.60010528564453}"
193119,1,4159.5001,4159.5001,False,1.0,"{""inversion_rho"":null,""inversion_channel"":23.0,""period_ms"":69.60010528564453}"
193119,1,4212.2002,4212.2002,False,0.25,"{""inversion_rho"":null,""inversion_channel"":34.5,""period_ms"":69.60010528564453}"
193119,1,4228.2,4228.2,False,1.0,"{""inversion_rho"":null,""inversion_channel"":17.5,""period_ms"":null}"
193119,1,4299.7999,4299.7999,False,0.375,"{""inversion_rho"":null,""inversion_channel"":17.5,""period_ms"":null}"
193119,1,4312.3999,4312.3999,False,1.0,"{""inversion_rho"":null,""inversion_channel"":23.5,""period_ms"":39.1998291015625}"
193119,1,4399.6,4399.6,False,1.0,"{""inversion_rho"":null,""inversion_channel"":23.5,""period_ms"":39.1998291015625}"
193119,1,4438.7999,4438.7999,False,0.25,"{""inversion_rho"":null,""inversion_channel"":18.0,""period_ms"":39.1998291015625}"
193119,1,4477.3998,4477.3998,False,0.25,"{""inversion_rho"":null,""inversion_channel"":18.0,""period_ms"":39.1998291015625}"
193119,1,4488.1001,4488.1001,False,1.0,"{""inversion_rho"":null,""inversion_channel"":23.5,""period_ms"":50.89998245239258}"
193119,1,4525.0001,4525.0001,False,0.25,"{""inversion_rho"":null,""inversion_channel"":29.5,""period_ms"":50.89998245239258}"
193119,1,4575.9001,4575.9001,False,1.0,"{""inversion_rho"":null,""inversion_channel"":23.5,""period_ms"":50.89998245239258}"
193119,1,4660.9998,4660.9998,False,1.0,"{""inversion_rho"":null,""inversion_channel"":24.5,""period_ms"":50.89998245239258}"
193119,1,4690.3,4690.3,False,0.375,"{""inversion_rho"":null,""inversion_channel"":18.5,""period_ms"":47.89996147155762}"
193119,1,4745.4,4745.4,False,1.0,"{""inversion_rho"":null,""inversion_channel"":19.5,""period_ms"":47.89996147155762}"
193119,1,4786.0999,4786.0999,False,0.5,"{""inversion_rho"":null,""inversion_channel"":19.5,""period_ms"":47.89996147155762}"
193119,1,4793.7002,4793.7002,False,0.25,"{""inversion_rho"":null,""inversion_channel"":20.5,""period_ms"":28.599977493286133}"
193119,1,4829.8001,4829.8001,False,1.0,"{""inversion_rho"":null,""inversion_channel"":35.5,""period_ms"":28.599977493286133}"
193119,1,4850.9002,4850.9002,False,0.375,"{""inversion_rho"":null,""inversion_channel"":19.5,""period_ms"":28.599977493286133}"
193119,1,4912.0002,4912.0002,False,1.0,"{""inversion_rho"":null,""inversion_channel"":20.5,""period_ms"":74.89991188049316}"
193119,1,4993.7,4993.7,False,1.0,"{""inversion_rho"":null,""inversion_channel"":25.5,""period_ms"":74.89991188049316}"
193119,1,5076.4999,5076.4999,False,1.0,"{""inversion_rho"":null,""inversion_channel"":21.5,""period_ms"":74.89991188049316}"
193119,1,5144.5999,5144.5999,False,1.0,"{""inversion_rho"":null,""inversion_channel"":21.5,""period_ms"":74.89991188049316}"
193119,1,5197.1998,5197.1998,False,1.0,"{""inversion_rho"":null,""inversion_channel"":22.5,""period_ms"":74.89991188049316}"
193119,1,5203.4001,5203.4001,False,0.375,"{""inversion_rho"":null,""inversion_channel"":32.5,""period_ms"":null}"
193119,1,5214.3998,5214.3998,False,0.25,"{""inversion_rho"":null,""inversion_channel"":25.0,""period_ms"":null}"
193119,1,5267.0999,5267.0999,False,1.0,"{""inversion_rho"":null,""inversion_channel"":24.0,""period_ms"":28.749942779541016}"
193119,1,5284.8001,5284.8001,False,0.5,"{""inversion_rho"":null,""inversion_channel"":4.5,""period_ms"":28.749942779541016}"
193119,1,5308.1002,5308.1002,False,1.0,"{""inversion_rho"":null,""inversion_channel"":31.5,""period_ms"":28.749942779541016}"
193119,1,5351.8,5351.8,False,1.0,"{""inversion_rho"":null,""inversion_channel"":31.5,""period_ms"":28.749942779541016}"
193119,1,5386.6,5386.6,False,1.0,"{""inversion_rho"":null,""inversion_channel"":31.5,""period_ms"":28.749942779541016}"
193119,1,5402.4,5402.4,False,1.0,"{""inversion_rho"":null,""inversion_channel"":31.5,""period_ms"":28.749942779541016}"
193119,1,5434.9999,5434.9999,False,1.0,"{""inversion_rho"":null,""inversion_channel"":31.5,""period_ms"":28.749942779541016}"
193119,1,5474.7,5474.7,False,1.0,"{""inversion_rho"":null,""inversion_channel"":31.5,""period_ms"":28.749942779541016}"
193119,1,5513.2999,5513.2999,False,1.0,"{""inversion_rho"":null,""inversion_channel"":31.5,""period_ms"":28.749942779541016}"
193119,1,5540.4,5540.4,False,1.0,"{""inversion_rho"":null,""inversion_channel"":32.5,""period_ms"":28.749942779541016}"
193119,1,5556.5,5556.5,False,1.0,"{""inversion_rho"":null,""inversion_channel"":32.0,""period_ms"":28.749942779541016}"
193119,1,5590.7998,5590.7998,False,1.0,"{""inversion_rho"":null,""inversion_channel"":32.0,""period_ms"":28.749942779541016}"
193119,1,5625.8001,5625.8001,False,1.0,"{""inversion_rho"":null,""inversion_channel"":31.5,""period_ms"":28.749942779541016}"
193119,1,5657.1002,5657.1002,False,1.0,"{""inversion_rho"":null,""inversion_channel"":31.5,""period_ms"":28.749942779541016}"
193119,1,5685.9999,5685.9999,False,1.0,"{""inversion_rho"":null,""inversion_channel"":31.5,""period_ms"":28.749942779541016}"
193119,1,5714.6001,5714.6001,False,1.0,"{""inversion_rho"":null,""inversion_channel"":31.5,""period_ms"":28.749942779541016}"
193119,1,5735.7001,5735.7001,False,1.0,"{""inversion_rho"":null,""inversion_channel"":31.5,""period_ms"":28.749942779541016}"
193119,1,5754.0002,5754.0002,False,1.0,"{""inversion_rho"":null,""inversion_channel"":30.0,""period_ms"":28.749942779541016}"
193119,1,5778.1,5778.1,False,1.0,"{""inversion_rho"":null,""inversion_channel"":30.5,""period_ms"":28.749942779541016}"
193119,1,5805.9001,5805.9001,False,1.0,"{""inversion_rho"":null,""inversion_channel"":29.5,""period_ms"":28.749942779541016}"
193119,1,5862.4001,5862.4001,False,1.0,"{""inversion_rho"":null,""inversion_channel"":29.5,""period_ms"":28.749942779541016}"
193119,1,94.4,152.7,True,1.0,"{""inversion_rho"":null,""inversion_channel"":29.25,""period_ms"":8.199997246265411}"
193119,1,411.7,706.0,True,1.0,"{""inversion_rho"":null,""inversion_channel"":24.5,""period_ms"":27.39998698234558}"
193119,1,1119.0,1313.1,True,1.0,"{""inversion_rho"":null,""inversion_channel"":26.5,""period_ms"":59.70001220703125}"
193119,1,1328.2,1853.2,True,1.0,"{""inversion_rho"":null,""inversion_channel"":26.0,""period_ms"":63.09998035430908}"
193119,1,1896.7,2025.8999,True,1.0,"{""inversion_rho"":null,""inversion_channel"":28.0,""period_ms"":64.59993124008179}"
193119,1,2046.0999,2446.1,True,1.0,"{""inversion_rho"":null,""inversion_channel"":28.0,""period_ms"":42.95015335083008}"
193119,1,2691.8001,2848.5999,True,1.0,"{""inversion_rho"":null,""inversion_channel"":34.5,""period_ms"":78.3998966217041}"
193119,1,2855.6001,2936.5001,True,1.0,"{""inversion_rho"":null,""inversion_channel"":30.5,""period_ms"":40.44997692108154}"
193119,1,2945.2,2974.4999,True,1.0,"{""inversion_rho"":null,""inversion_channel"":25.0,""period_ms"":14.64998722076416}"
193119,1,3092.9,3129.1001,True,1.0,"{""inversion_rho"":null,""inversion_channel"":10.0,""period_ms"":6.200075149536133}"
193119,1,3213.2001,3335.0999,True,1.0,"{""inversion_rho"":null,""inversion_channel"":11.5,""period_ms"":60.94992160797119}"
193119,1,3352.7999,3581.7001,True,1.0,"{""inversion_rho"":null,""inversion_channel"":9.75,""period_ms"":33.40005874633789}"
193119,1,3594.1999,3725.4,True,1.0,"{""inversion_rho"":null,""inversion_channel"":15.5,""period_ms"":14.500141143798828}"
193119,1,3816.4999,3993.0999,True,1.0,"{""inversion_rho"":null,""inversion_channel"":18.5,""period_ms"":88.29998970031738}"
193119,1,4007.5998,4212.2002,True,1.0,"{""inversion_rho"":null,""inversion_channel"":25.75,""period_ms"":69.60010528564453}"
193119,1,4312.3999,4477.3998,True,1.0,"{""inversion_rho"":null,""inversion_channel"":20.75,""period_ms"":39.1998291015625}"
193119,1,4488.1001,4660.9998,True,1.0,"{""inversion_rho"":null,""inversion_channel"":24.0,""period_ms"":50.89998245239258}"
193119,1,4690.3,4786.0999,True,1.0,"{""inversion_rho"":null,""inversion_channel"":19.5,""period_ms"":47.89996147155762}"
193119,1,4793.7002,4850.9002,True,1.0,"{""inversion_rho"":null,""inversion_channel"":20.5,""period_ms"":28.599977493286133}"
193119,1,4912.0002,5197.1998,True,1.0,"{""inversion_rho"":null,""inversion_channel"":21.5,""period_ms"":74.89991188049316}"
193119,1,5267.0999,5862.4001,True,1.0,"{""inversion_rho"":null,""inversion_channel"":31.5,""period_ms"":28.749942779541016}"
193148,1,46.2,46.2,False,0.375,"{""inversion_rho"":null,""inversion_channel"":6.5,""period_ms"":7.149999961256981}"
193148,1,55.2,55.2,False,0.75,"{""inversion_rho"":null,""inversion_channel"":7.5,""period_ms"":7.149999961256981}"
193148,1,60.5,60.5,False,0.375,"{""inversion_rho"":null,""inversion_channel"":6.5,""period_ms"":7.149999961256981}"
193148,1,95.7,95.7,False,0.25,"{""inversion_rho"":null,""inversion_channel"":10.5,""period_ms"":null}"
193148,1,491.3,491.3,False,0.625,"{""inversion_rho"":null,""inversion_channel"":14.5,""period_ms"":null}"
193148,1,3777.2999,3777.2999,False,0.25,"{""inversion_rho"":null,""inversion_channel"":21.5,""period_ms"":null}"
193148,1,4658.8998,4658.8998,False,1.0,"{""inversion_rho"":null,""inversion_channel"":10.5,""period_ms"":null}"
193148,1,6020.1001,6020.1001,False,0.25,"{""inversion_rho"":null,""inversion_channel"":39.5,""period_ms"":22.99976348876953}"
193148,1,6029.6001,6029.6001,False,0.75,"{""inversion_rho"":null,""inversion_channel"":36.5,""period_ms"":22.99976348876953}"
193148,1,6047.1001,6047.1001,False,0.375,"{""inversion_rho"":null,""inversion_channel"":39.0,""period_ms"":22.99976348876953}"
193148,1,6070.0998,6070.0998,False,0.25,"{""inversion_rho"":null,""inversion_channel"":34.5,""period_ms"":22.99976348876953}"
193148,1,6098.0,6098.0,False,0.375,"{""inversion_rho"":null,""inversion_channel"":38.5,""period_ms"":22.99976348876953}"
193148,1,6129.3998,6129.3998,False,0.375,"{""inversion_rho"":null,""inversion_channel"":39.0,""period_ms"":22.99976348876953}"
193148,1,46.2,60.5,True,1.0,"{""inversion_rho"":null,""inversion_channel"":6.5,""period_ms"":7.149999961256981}"
193148,1,6020.1001,6129.3998,True,1.0,"{""inversion_rho"":null,""inversion_channel"":38.75,""period_ms"":22.99976348876953}"
193162,1,58.5,58.5,False,0.25,"{""inversion_rho"":null,""inversion_channel"":6.5,""period_ms"":null}"
193162,1,69.0,69.0,False,0.875,"{""inversion_rho"":null,""inversion_channel"":6.5,""period_ms"":null}"
193162,1,1181.1,1181.1,False,0.875,"{""inversion_rho"":null,""inversion_channel"":2.5,""period_ms"":null}"
193162,1,1201.8,1201.8,False,1.0,"{""inversion_rho"":null,""inversion_channel"":8.0,""period_ms"":null}"
193162,1,1954.5,1954.5,False,1.0,"{""inversion_rho"":null,""inversion_channel"":4.5,""period_ms"":12.350022792816162}"
193162,1,1962.5,1962.5,False,1.0,"{""inversion_rho"":null,""inversion_channel"":3.5,""period_ms"":12.350022792816162}"
193162,1,1979.2,1979.2,False,0.875,"{""inversion_rho"":null,""inversion_channel"":2.5,""period_ms"":12.350022792816162}"
193162,1,3368.7999,3368.7999,False,1.0,"{""inversion_rho"":null,""inversion_channel"":3.5,""period_ms"":14.0000581741333}"
193162,1,3382.4999,3382.4999,False,1.0,"{""inversion_rho"":null,""inversion_channel"":2.5,""period_ms"":14.0000581741333}"
193162,1,3396.8,3396.8,False,1.0,"{""inversion_rho"":null,""inversion_channel"":5.5,""period_ms"":14.0000581741333}"
193162,1,4223.4001,4223.4001,False,1.0,"{""inversion_rho"":null,""inversion_channel"":3.5,""period_ms"":12.749910354614258}"
193162,1,4235.4002,4235.4002,False,1.0,"{""inversion_rho"":null,""inversion_channel"":5.0,""period_ms"":12.749910354614258}"
193162,1,4248.8999,4248.8999,False,1.0,"{""inversion_rho"":null,""inversion_channel"":10.0,""period_ms"":12.749910354614258}"
193162,1,4414.4001,4414.4001,False,1.0,"{""inversion_rho"":null,""inversion_channel"":7.5,""period_ms"":6.800174713134766}"
193162,1,4420.8999,4420.8999,False,0.375,"{""inversion_rho"":null,""inversion_channel"":10.5,""period_ms"":6.800174713134766}"
193162,1,4428.1998,4428.1998,False,1.0,"{""inversion_rho"":null,""inversion_channel"":7.5,""period_ms"":6.800174713134766}"
193162,1,4434.9999,4434.9999,False,1.0,"{""inversion_rho"":null,""inversion_channel"":8.5,""period_ms"":6.800174713134766}"
193162,1,5121.0999,5121.0999,False,1.0,"{""inversion_rho"":null,""inversion_channel"":11.5,""period_ms"":7.300138473510742}"
193162,1,5126.5998,5126.5998,False,1.0,"{""inversion_rho"":null,""inversion_channel"":12.0,""period_ms"":7.300138473510742}"
193162,1,5133.4,5133.4,False,1.0,"{""inversion_rho"":null,""inversion_channel"":11.5,""period_ms"":7.300138473510742}"
193162,1,5147.5,5147.5,False,1.0,"{""inversion_rho"":null,""inversion_channel"":11.5,""period_ms"":7.300138473510742}"
193162,1,5155.3001,5155.3001,False,1.0,"{""inversion_rho"":null,""inversion_channel"":11.5,""period_ms"":7.300138473510742}"
193162,1,1954.5,1979.2,True,1.0,"{""inversion_rho"":null,""inversion_channel"":3.5,""period_ms"":12.350022792816162}"
193162,1,3368.7999,3396.8,True,1.0,"{""inversion_rho"":null,""inversion_channel"":3.5,""period_ms"":14.0000581741333}"
193162,1,4223.4001,4248.8999,True,1.0,"{""inversion_rho"":null,""inversion_channel"":5.0,""period_ms"":12.749910354614258}"
193162,1,4414.4001,4434.9999,True,1.0,"{""inversion_rho"":null,""inversion_channel"":8.0,""period_ms"":6.800174713134766}"
193162,1,5121.0999,5155.3001,True,1.0,"{""inversion_rho"":null,""inversion_channel"":11.5,""period_ms"":7.300138473510742}"
193164,1,44.2,44.2,False,0.875,"{""inversion_rho"":null,""inversion_channel"":5.5,""period_ms"":17.0499999076128}"
193164,1,56.6,56.6,False,0.25,"{""inversion_rho"":null,""inversion_channel"":10.0,""period_ms"":17.0499999076128}"
193164,1,78.3,78.3,False,1.0,"{""inversion_rho"":null,""inversion_channel"":7.0,""period_ms"":17.0499999076128}"
193164,1,133.6,133.6,False,1.0,"{""inversion_rho"":null,""inversion_channel"":7.5,""period_ms"":null}"
193164,1,1135.1,1135.1,False,1.0,"{""inversion_rho"":null,""inversion_channel"":2.5,""period_ms"":36.949992179870605}"
193164,1,1178.5001,1178.5001,False,1.0,"{""inversion_rho"":null,""inversion_channel"":3.5,""period_ms"":36.949992179870605}"
193164,1,1207.0,1207.0,False,1.0,"{""inversion_rho"":null,""inversion_channel"":39.5,""period_ms"":36.949992179870605}"
193164,1,1239.3,1239.3,False,0.25,"{""inversion_rho"":null,""inversion_channel"":3.5,""period_ms"":36.949992179870605}"
193164,1,1280.9,1280.9,False,0.875,"{""inversion_rho"":null,""inversion_channel"":2.5,""period_ms"":36.949992179870605}"
193164,1,1891.1,1891.1,False,1.0,"{""inversion_rho"":null,""inversion_channel"":4.5,""period_ms"":null}"
193164,1,2449.1999,2449.1999,False,0.75,"{""inversion_rho"":null,""inversion_channel"":4.5,""period_ms"":19.60015296936035}"
193164,1,2468.8001,2468.8001,False,0.5,"{""inversion_rho"":null,""inversion_channel"":3.5,""period_ms"":19.60015296936035}"
193164,1,2496.5999,2496.5999,False,0.25,"{""inversion_rho"":null,""inversion_channel"":4.5,""period_ms"":19.60015296936035}"
193164,1,2508.4,2508.4,False,0.25,"{""inversion_rho"":null,""inversion_channel"":5.5,""period_ms"":19.60015296936035}"
193164,1,2549.5999,2549.5999,False,1.0,"{""inversion_rho"":null,""inversion_channel"":3.5,""period_ms"":null}"
193164,1,2568.8,2568.8,False,1.0,"{""inversion_rho"":null,""inversion_channel"":4.5,""period_ms"":null}"
193164,1,2575.5,2575.5,False,1.0,"{""inversion_rho"":null,""inversion_channel"":4.5,""period_ms"":null}"
193164,1,2843.6999,2843.6999,False,1.0,"{""inversion_rho"":null,""inversion_channel"":4.5,""period_ms"":19.80006694793701}"
193164,1,2855.5,2855.5,False,1.0,"{""inversion_rho"":null,""inversion_channel"":4.5,""period_ms"":19.80006694793701}"
193164,1,2883.3001,2883.3001,False,1.0,"{""inversion_rho"":null,""inversion_channel"":4.5,""period_ms"":19.80006694793701}"
193164,1,2889.8001,2889.8001,False,0.25,"{""inversion_rho"":null,""inversion_channel"":17.5,""period_ms"":null}"
193164,1,2914.7999,2914.7999,False,1.0,"{""inversion_rho"":null,""inversion_channel"":20.5,""period_ms"":null}"
193164,1,2923.1999,2923.1999,False,1.0,"{""inversion_rho"":null,""inversion_channel"":39.5,""period_ms"":37.000060081481934}"
193164,1,2966.3,2966.3,False,1.0,"{""inversion_rho"":null,""inversion_channel"":39.5,""period_ms"":37.000060081481934}"
193164,1,2997.2,2997.2,False,0.25,"{""inversion_rho"":null,""inversion_channel"":20.5,""period_ms"":37.000060081481934}"
193164,1,3133.4,3133.4,False,1.0,"{""inversion_rho"":null,""inversion_channel"":39.5,""period_ms"":8.949995040893555}"
193164,1,3140.0001,3140.0001,False,0.5,"{""inversion_rho"":null,""inversion_channel"":39.0,""period_ms"":8.949995040893555}"
193164,1,3150.1999,3150.1999,False,0.375,"{""inversion_rho"":null,""inversion_channel"":36.5,""period_ms"":8.949995040893555}"
193164,1,3161.7999,3161.7999,False,0.625,"{""inversion_rho"":null,""inversion_channel"":27.5,""period_ms"":8.949995040893555}"
193164,1,3169.5001,3169.5001,False,0.375,"{""inversion_rho"":null,""inversion_channel"":39.5,""period_ms"":8.949995040893555}"
193164,1,3216.7001,3216.7001,False,1.0,"{""inversion_rho"":null,""inversion_channel"":27.5,""period_ms"":7.09986686706543}"
193164,1,3223.7999,3223.7999,False,0.875,"{""inversion_rho"":null,""inversion_channel"":27.5,""period_ms"":7.09986686706543}"
193164,1,3231.9,3231.9,False,0.75,"{""inversion_rho"":null,""inversion_channel"":27.5,""period_ms"":7.09986686706543}"
193164,1,3237.2999,3237.2999,False,0.875,"{""inversion_rho"":null,""inversion_channel"":28.5,""period_ms"":7.09986686706543}"
193164,1,3264.4999,3264.4999,False,0.25,"{""inversion_rho"":null,""inversion_channel"":6.5,""period_ms"":8.4000825881958}"
193164,1,3273.6001,3273.6001,False,0.25,"{""inversion_rho"":null,""inversion_channel"":20.5,""period_ms"":8.4000825881958}"
193164,1,3283.9999,3283.9999,False,0.375,"{""inversion_rho"":null,""inversion_channel"":39.5,""period_ms"":8.4000825881958}"
193164,1,3291.6999,3291.6999,False,1.0,"{""inversion_rho"":null,""inversion_channel"":27.5,""period_ms"":8.4000825881958}"
193164,1,3296.9999,3296.9999,False,0.25,"{""inversion_rho"":null,""inversion_channel"":4.5,""period_ms"":8.4000825881958}"
193164,1,3318.3,3318.3,False,0.375,"{""inversion_rho"":null,""inversion_channel"":28.5,""period_ms"":5.849957466125488}"
193164,1,3323.9,3323.9,False,0.375,"{""inversion_rho"":null,""inversion_channel"":40.0,""period_ms"":5.849957466125488}"
193164,1,3329.9999,3329.9999,False,1.0,"{""inversion_rho"":null,""inversion_channel"":39.5,""period_ms"":5.849957466125488}"
193164,1,3382.8001,3382.8001,False,0.25,"{""inversion_rho"":null,""inversion_channel"":23.5,""period_ms"":9.900093078613281}"
193164,1,3388.2999,3388.2999,False,0.25,"{""inversion_rho"":null,""inversion_channel"":29.5,""period_ms"":9.900093078613281}"
193164,1,3398.2,3398.2,False,0.25,"{""inversion_rho"":null,""inversion_channel"":23.5,""period_ms"":9.900093078613281}"
193164,1,3412.1001,3412.1001,False,0.25,"{""inversion_rho"":null,""inversion_channel"":29.5,""period_ms"":9.900093078613281}"
193164,1,3417.5999,3417.5999,False,0.5,"{""inversion_rho"":null,""inversion_channel"":29.5,""period_ms"":null}"
193164,1,3434.9,3434.9,False,1.0,"{""inversion_rho"":null,""inversion_channel"":41.0,""period_ms"":null}"
193164,1,3515.7001,3515.7001,False,0.5,"{""inversion_rho"":null,""inversion_channel"":29.5,""period_ms"":9.799957275390625}"
193164,1,3525.5001,3525.5001,False,0.25,"{""inversion_rho"":null,""inversion_channel"":4.5,""period_ms"":9.799957275390625}"
193164,1,3535.1,3535.1,False,0.375,"{""inversion_rho"":null,""inversion_channel"":23.5,""period_ms"":9.799957275390625}"
193164,1,3555.0001,3555.0001,False,0.375,"{""inversion_rho"":null,""inversion_channel"":24.0,""period_ms"":9.799957275390625}"
193164,1,3562.5,3562.5,False,0.375,"{""inversion_rho"":null,""inversion_channel"":24.5,""period_ms"":null}"
193164,1,3911.5,3911.5,False,0.375,"{""inversion_rho"":null,""inversion_channel"":22.5,""period_ms"":null}"
193164,1,3917.3,3917.3,False,0.25,"{""inversion_rho"":null,""inversion_channel"":39.5,""period_ms"":null}"
193164,1,3983.3,3983.3,False,0.5,"{""inversion_rho"":null,""inversion_channel"":40.0,""period_ms"":null}"
193164,1,3989.2001,3989.2001,False,0.75,"{""inversion_rho"":null,""inversion_channel"":23.0,""period_ms"":null}"
193164,1,4011.0998,4011.0998,False,1.0,"{""inversion_rho"":null,""inversion_channel"":6.5,""period_ms"":null}"
193164,1,4019.5999,4019.5999,False,0.375,"{""inversion_rho"":null,""inversion_channel"":21.5,""period_ms"":null}"
193164,1,4085.8998,4085.8998,False,1.0,"{""inversion_rho"":null,""inversion_channel"":24.0,""period_ms"":null}"
193164,1,4096.9,4096.9,False,0.875,"{""inversion_rho"":null,""inversion_channel"":25.0,""period_ms"":null}"
193164,1,4160.6998,4160.6998,False,1.0,"{""inversion_rho"":null,""inversion_channel"":30.5,""period_ms"":9.099960327148438}"
193164,1,4167.1,4167.1,False,0.25,"{""inversion_rho"":null,""inversion_channel"":21.0,""period_ms"":9.099960327148438}"
193164,1,4176.1999,4176.1999,False,0.375,"{""inversion_rho"":null,""inversion_channel"":25.0,""period_ms"":9.099960327148438}"
193164,1,4186.1,4186.1,False,0.5,"{""inversion_rho"":null,""inversion_channel"":30.5,""period_ms"":9.099960327148438}"
193164,1,4261.2,4261.2,False,1.0,"{""inversion_rho"":null,""inversion_channel"":30.5,""period_ms"":null}"
193164,1,4269.5999,4269.5999,False,0.375,"{""inversion_rho"":null,""inversion_channel"":29.5,""period_ms"":null}"
193164,1,4291.8,4291.8,False,1.0,"{""inversion_rho"":null,""inversion_channel"":25.0,""period_ms"":null}"
193164,1,4344.6002,4344.6002,False,0.625,"{""inversion_rho"":null,""inversion_channel"":30.5,""period_ms"":null}"
193164,1,4359.2,4359.2,False,1.0,"{""inversion_rho"":null,""inversion_channel"":30.5,""period_ms"":7.899999618530273}"
193164,1,4364.2001,4364.2001,False,0.25,"{""inversion_rho"":null,""inversion_channel"":22.5,""period_ms"":7.899999618530273}"
193164,1,4375.0,4375.0,False,0.625,"{""inversion_rho"":null,""inversion_channel"":31.0,""period_ms"":7.899999618530273}"
193164,1,4543.3002,4543.3002,False,0.375,"{""inversion_rho"":null,""inversion_channel"":22.5,""period_ms"":9.549856185913086}"
193164,1,4551.7001,4551.7001,False,0.875,"{""inversion_rho"":null,""inversion_channel"":31.5,""period_ms"":9.549856185913086}"
193164,1,4562.3999,4562.3999,False,0.25,"{""inversion_rho"":null,""inversion_channel"":31.5,""period_ms"":9.549856185913086}"
193164,1,4626.5001,4626.5001,False,0.875,"{""inversion_rho"":null,""inversion_channel"":31.5,""period_ms"":12.949943542480469}"
193164,1,4640.1,4640.1,False,0.25,"{""inversion_rho"":null,""inversion_channel"":28.5,""period_ms"":12.949943542480469}"
193164,1,4652.4,4652.4,False,0.25,"{""inversion_rho"":null,""inversion_channel"":23.0,""period_ms"":12.949943542480469}"
193164,1,4701.0999,4701.0999,False,0.25,"{""inversion_rho"":null,""inversion_channel"":16.5,""period_ms"":17.799854278564453}"
193164,1,4716.8999,4716.8999,False,0.25,"{""inversion_rho"":null,""inversion_channel"":28.0,""period_ms"":17.799854278564453}"
193164,1,4744.0,4744.0,False,0.25,"{""inversion_rho"":null,""inversion_channel"":40.5,""period_ms"":17.799854278564453}"
193164,1,4761.7998,4761.7998,False,0.75,"{""inversion_rho"":null,""inversion_channel"":39.5,""period_ms"":17.799854278564453}"
193164,1,4780.0999,4780.0999,False,0.25,"{""inversion_rho"":null,""inversion_channel"":40.5,""period_ms"":17.799854278564453}"
193164,1,4788.4002,4788.4002,False,1.0,"{""inversion_rho"":null,""inversion_channel"":7.5,""period_ms"":17.799854278564453}"
193164,1,4810.5998,4810.5998,False,0.5,"{""inversion_rho"":null,""inversion_channel"":9.0,""period_ms"":null}"
193164,1,4818.1,4818.1,False,1.0,"{""inversion_rho"":null,""inversion_channel"":31.5,""period_ms"":null}"
193164,1,4840.4002,4840.4002,False,1.0,"{""inversion_rho"":null,""inversion_channel"":40.0,""period_ms"":null}"
193164,1,4846.6001,4846.6001,False,0.5,"{""inversion_rho"":null,""inversion_channel"":31.5,""period_ms"":null}"
193164,1,4864.3999,4864.3999,False,0.25,"{""inversion_rho"":null,""inversion_channel"":29.0,""period_ms"":null}"
193164,1,4884.5,4884.5,False,0.25,"{""inversion_rho"":null,""inversion_channel"":40.0,""period_ms"":null}"
193164,1,4892.0002,4892.0002,False,0.625,"{""inversion_rho"":null,""inversion_channel"":31.5,""period_ms"":null}"
193164,1,4917.1,4917.1,False,0.875,"{""inversion_rho"":null,""inversion_channel"":29.5,""period_ms"":null}"
193164,1,4926.4998,4926.4998,False,1.0,"{""inversion_rho"":null,""inversion_channel"":31.5,""period_ms"":10.300159454345703}"
193164,1,4936.8,4936.8,False,1.0,"{""inversion_rho"":null,""inversion_channel"":39.5,""period_ms"":10.300159454345703}"
193164,1,4947.1998,4947.1998,False,0.25,"{""inversion_rho"":null,""inversion_channel"":38.0,""period_ms"":10.300159454345703}"
193164,1,4952.7998,4952.7998,False,1.0,"{""inversion_rho"":null,""inversion_channel"":31.5,""period_ms"":10.300159454345703}"
193164,1,5008.9002,5008.9002,False,1.0,"{""inversion_rho"":null,""inversion_channel"":23.0,""period_ms"":11.450052261352539}"
193164,1,5037.6,5037.6,False,1.0,"{""inversion_rho"":null,""inversion_channel"":39.5,""period_ms"":11.450052261352539}"
193164,1,5050.3998,5050.3998,False,0.375,"{""inversion_rho"":null,""inversion_channel"":27.5,""period_ms"":11.450052261352539}"
193164,1,5060.5001,5060.5001,False,1.0,"{""inversion_rho"":null,""inversion_channel"":39.5,""period_ms"":11.450052261352539}"
193164,1,5069.6001,5069.6001,False,1.0,"{""inversion_rho"":null,""inversion_channel"":40.5,""period_ms"":11.450052261352539}"
193164,1,5085.7,5085.7,False,0.875,"{""inversion_rho"":null,""inversion_channel"":31.5,""period_ms"":11.450052261352539}"
193164,1,5095.6001,5095.6001,False,0.75,"{""inversion_rho"":null,""inversion_channel"":39.5,""period_ms"":11.450052261352539}"
193164,1,5152.1001,5152.1001,False,0.375,"{""inversion_rho"":null,""inversion_channel"":26.5,""period_ms"":9.649991989135742}"
193164,1,5159.2002,5159.2002,False,1.0,"{""inversion_rho"":null,""inversion_channel"":38.5,""period_ms"":9.649991989135742}"
193164,1,5167.2001,5167.2001,False,1.0,"{""inversion_rho"":null,""inversion_channel"":7.5,""period_ms"":9.649991989135742}"
193164,1,5180.3999,5180.3999,False,1.0,"{""inversion_rho"":null,""inversion_channel"":7.5,""period_ms"":9.649991989135742}"
193164,1,5191.7,5191.7,False,1.0,"{""inversion_rho"":null,""inversion_channel"":30.5,""period_ms"":9.649991989135742}"
193164,1,5442.6999,5442.6999,False,1.0,"{""inversion_rho"":null,""inversion_channel"":27.5,""period_ms"":null}"
193164,1,5465.6,5465.6,False,0.75,"{""inversion_rho"":null,""inversion_channel"":22.0,""period_ms"":null}"
193164,1,5473.5999,5473.5999,False,1.0,"{""inversion_rho"":null,""inversion_channel"":25.5,""period_ms"":null}"
193164,1,44.2,78.3,True,1.0,"{""inversion_rho"":null,""inversion_channel"":7.0,""period_ms"":17.0499999076128}"
193164,1,1135.1,1280.9,True,1.0,"{""inversion_rho"":null,""inversion_channel"":3.5,""period_ms"":36.949992179870605}"
193164,1,2449.1999,2508.4,True,1.0,"{""inversion_rho"":null,""inversion_channel"":4.5,""period_ms"":19.60015296936035}"
193164,1,2843.6999,2883.3001,True,1.0,"{""inversion_rho"":null,""inversion_channel"":4.5,""period_ms"":19.80006694793701}"
193164,1,2923.1999,2997.2,True,1.0,"{""inversion_rho"":null,""inversion_channel"":39.5,""period_ms"":37.000060081481934}"
193164,1,3133.4,3169.5001,True,1.0,"{""inversion_rho"":null,""inversion_channel"":39.0,""period_ms"":8.949995040893555}"
193164,1,3216.7001,3237.2999,True,1.0,"{""inversion_rho"":null,""inversion_channel"":27.5,""period_ms"":7.09986686706543}"
193164,1,3264.4999,3296.9999,True,1.0,"{""inversion_rho"":null,""inversion_channel"":20.5,""period_ms"":8.4000825881958}"
193164,1,3318.3,3329.9999,True,1.0,"{""inversion_rho"":null,""inversion_channel"":39.5,""period_ms"":5.849957466125488}"
193164,1,3382.8001,3412.1001,True,1.0,"{""inversion_rho"":null,""inversion_channel"":26.5,""period_ms"":9.900093078613281}"
193164,1,3515.7001,3555.0001,True,1.0,"{""inversion_rho"":null,""inversion_channel"":23.75,""period_ms"":9.799957275390625}"
193164,1,4160.6998,4186.1,True,1.0,"{""inversion_rho"":null,""inversion_channel"":27.75,""period_ms"":9.099960327148438}"
193164,1,4359.2,4375.0,True,1.0,"{""inversion_rho"":null,""inversion_channel"":30.5,""period_ms"":7.899999618530273}"
193164,1,4543.3002,4562.3999,True,1.0,"{""inversion_rho"":null,""inversion_channel"":31.5,""period_ms"":9.549856185913086}"
193164,1,4626.5001,4652.4,True,1.0,"{""inversion_rho"":null,""inversion_channel"":28.5,""period_ms"":12.949943542480469}"
193164,1,4701.0999,4788.4002,True,1.0,"{""inversion_rho"":null,""inversion_channel"":33.75,""period_ms"":17.799854278564453}"
193164,1,4926.4998,4952.7998,True,1.0,"{""inversion_rho"":null,""inversion_channel"":34.75,""period_ms"":10.300159454345703}"
193164,1,5008.9002,5095.6001,True,1.0,"{""inversion_rho"":null,""inversion_channel"":39.5,""period_ms"":11.450052261352539}"
193164,1,5152.1001,5191.7,True,1.0,"{""inversion_rho"":null,""inversion_channel"":26.5,""period_ms"":9.649991989135742}"
193266,1,1009.6,1009.6,False,1.0,"{""inversion_rho"":null,""inversion_channel"":22.0,""period_ms"":32.89997577667236}"
193266,1,1067.1,1067.1,False,1.0,"{""inversion_rho"":null,""inversion_channel"":23.0,""period_ms"":32.89997577667236}"
193266,1,1091.7,1091.7,False,1.0,"{""inversion_rho"":null,""inversion_channel"":24.5,""period_ms"":32.89997577667236}"
193266,1,1117.7,1117.7,False,1.0,"{""inversion_rho"":null,""inversion_channel"":25.0,""period_ms"":32.89997577667236}"
193266,1,1154.5,1154.5,False,1.0,"{""inversion_rho"":null,""inversion_channel"":25.5,""period_ms"":32.89997577667236}"
193266,1,1179.7,1179.7,False,1.0,"{""inversion_rho"":null,""inversion_channel"":27.0,""period_ms"":32.89997577667236}"
193266,1,1206.9,1206.9,False,1.0,"{""inversion_rho"":null,""inversion_channel"":27.5,""period_ms"":32.89997577667236}"
193266,1,1239.8,1239.8,False,1.0,"{""inversion_rho"":null,""inversion_channel"":27.5,""period_ms"":32.89997577667236}"
193266,1,1281.6,1281.6,False,1.0,"{""inversion_rho"":null,""inversion_channel"":28.5,""period_ms"":32.89997577667236}"
193266,1,1315.1,1315.1,False,1.0,"{""inversion_rho"":null,""inversion_channel"":28.0,""period_ms"":32.89997577667236}"
193266,1,1346.2,1346.2,False,0.75,"{""inversion_rho"":null,""inversion_channel"":25.5,""period_ms"":32.89997577667236}"
193266,1,1410.0,1410.0,False,1.0,"{""inversion_rho"":null,""inversion_channel"":31.5,""period_ms"":32.89997577667236}"
193266,1,1600.9001,1600.9001,False,1.0,"{""inversion_rho"":null,""inversion_channel"":27.0,""period_ms"":53.74997854232788}"
193266,1,1675.6001,1675.6001,False,0.25,"{""inversion_rho"":null,""inversion_channel"":19.0,""period_ms"":53.74997854232788}"
193266,1,1708.4,1708.4,False,1.0,"{""inversion_rho"":null,""inversion_channel"":30.0,""period_ms"":53.74997854232788}"
193266,1,1716.8,1716.8,False,1.0,"{""inversion_rho"":null,""inversion_channel"":22.5,""period_ms"":null}"
193266,1,1771.6,1771.6,False,0.5,"{""inversion_rho"":null,""inversion_channel"":24.5,""period_ms"":null}"
193266,1,1776.9001,1776.9001,False,1.0,"{""inversion_rho"":null,""inversion_channel"":34.5,""period_ms"":33.44994783401489}"
193266,1,1818.4,1818.4,False,1.0,"{""inversion_rho"":null,""inversion_channel"":24.5,""period_ms"":33.44994783401489}"
193266,1,1846.0,1846.0,False,1.0,"{""inversion_rho"":null,""inversion_channel"":34.5,""period_ms"":33.44994783401489}"
193266,1,1873.2001,1873.2001,False,1.0,"{""inversion_rho"":null,""inversion_channel"":28.5,""period_ms"":33.44994783401489}"
193266,1,1912.5,1912.5,False,1.0,"{""inversion_rho"":null,""inversion_channel"":32.0,""period_ms"":33.44994783401489}"
193266,1,1917.6,1917.6,False,0.875,"{""inversion_rho"":null,""inversion_channel"":26.5,""period_ms"":39.1998291015625}"
193266,1,1969.9,1969.9,False,1.0,"{""inversion_rho"":null,""inversion_channel"":26.0,""period_ms"":39.1998291015625}"
193266,1,2016.7999,2016.7999,False,1.0,"{""inversion_rho"":null,""inversion_channel"":26.5,""period_ms"":39.1998291015625}"
193266,1,2035.9001,2035.9001,False,1.0,"{""inversion_rho"":null,""inversion_channel"":34.5,""period_ms"":39.1998291015625}"
193266,1,2075.0999,2075.0999,False,1.0,"{""inversion_rho"":null,""inversion_channel"":29.5,""period_ms"":39.1998291015625}"
193266,1,2101.3999,2101.3999,False,1.0,"{""inversion_rho"":null,""inversion_channel"":34.5,""period_ms"":39.1998291015625}"
193266,1,2120.1,2120.1,False,1.0,"{""inversion_rho"":null,""inversion_channel"":29.5,""period_ms"":39.1998291015625}"
193266,1,2162.8001,2162.8001,False,1.0,"{""inversion_rho"":null,""inversion_channel"":34.5,""period_ms"":39.1998291015625}"
193266,1,2169.6,2169.6,False,1.0,"{""inversion_rho"":null,""inversion_channel"":27.5,""period_ms"":55.950045585632324}"
193266,1,2235.6,2235.6,False,1.0,"{""inversion_rho"":null,""inversion_channel"":28.5,""period_ms"":55.950045585632324}"
193266,1,2281.5001,2281.5001,False,1.0,"{""inversion_rho"":null,""inversion_channel"":27.5,""period_ms"":55.950045585632324}"
193266,1,2296.6001,2296.6001,False,0.875,"{""inversion_rho"":null,""inversion_channel"":34.5,""period_ms"":23.099899291992188}"
193266,1,2319.0,2319.0,False,0.625,"{""inversion_rho"":null,""inversion_channel"":29.5,""period_ms"":23.099899291992188}"
193266,1,2357.1,2357.1,False,1.0,"{""inversion_rho"":null,""inversion_channel"":29.0,""period_ms"":23.099899291992188}"
193266,1,2389.1001,2389.1001,False,0.25,"{""inversion_rho"":null,""inversion_channel"":29.5,""period_ms"":23.099899291992188}"
193266,1,2412.2,2412.2,False,0.625,"{""inversion_rho"":null,""inversion_channel"":29.0,""period_ms"":23.099899291992188}"
193266,1,2422.1001,2422.1001,False,1.0,"{""inversion_rho"":null,""inversion_channel"":34.5,""period_ms"":23.099899291992188}"
193266,1,2459.7001,2459.7001,False,1.0,"{""inversion_rho"":null,""inversion_channel"":29.5,""period_ms"":25.249958038330078}"
193266,1,2490.2999,2490.2999,False,1.0,"{""inversion_rho"":null,""inversion_channel"":34.5,""period_ms"":25.249958038330078}"
193266,1,2510.2,2510.2,False,0.25,"{""inversion_rho"":null,""inversion_channel"":19.0,""period_ms"":25.249958038330078}"
193266,1,2570.9,2570.9,False,0.25,"{""inversion_rho"":null,""inversion_channel"":29.5,""period_ms"":45.350074768066406}"
193266,1,2623.1999,2623.1999,False,1.0,"{""inversion_rho"":null,""inversion_channel"":28.0,""period_ms"":45.350074768066406}"
193266,1,2661.6001,2661.6001,False,0.25,"{""inversion_rho"":null,""inversion_channel"":33.0,""period_ms"":45.350074768066406}"
193266,1,2671.7999,2671.7999,False,1.0,"{""inversion_rho"":null,""inversion_channel"":29.5,""period_ms"":22.249937057495117}"
193266,1,2697.2001,2697.2001,False,0.25,"{""inversion_rho"":null,""inversion_channel"":38.0,""period_ms"":22.249937057495117}"
193266,1,2719.3,2719.3,False,1.0,"{""inversion_rho"":null,""inversion_channel"":28.5,""period_ms"":22.249937057495117}"
193266,1,2732.1,2732.1,False,0.25,"{""inversion_rho"":null,""inversion_channel"":38.0,""period_ms"":22.249937057495117}"
193266,1,2754.4999,2754.4999,False,1.0,"{""inversion_rho"":null,""inversion_channel"":29.5,""period_ms"":22.249937057495117}"
193266,1,2817.4,2817.4,False,1.0,"{""inversion_rho"":null,""inversion_channel"":28.5,""period_ms"":47.04999923706055}"
193266,1,2867.5001,2867.5001,False,1.0,"{""inversion_rho"":null,""inversion_channel"":29.5,""period_ms"":47.04999923706055}"
193266,1,2911.5,2911.5,False,0.375,"{""inversion_rho"":null,""inversion_channel"":37.5,""period_ms"":47.04999923706055}"
193266,1,2918.4999,2918.4999,False,1.0,"{""inversion_rho"":null,""inversion_channel"":29.5,""period_ms"":53.40003967285156}"
193266,1,2971.9,2971.9,False,1.0,"{""inversion_rho"":null,""inversion_channel"":29.5,""period_ms"":53.40003967285156}"
193266,1,3038.8999,3038.8999,False,1.0,"{""inversion_rho"":null,""inversion_channel"":29.5,""period_ms"":53.40003967285156}"
193266,1,3075.7,3075.7,False,1.0,"{""inversion_rho"":null,""inversion_channel"":29.5,""period_ms"":53.40003967285156}"
193266,1,3177.4001,3177.4001,False,1.0,"{""inversion_rho"":null,""inversion_channel"":29.5,""period_ms"":null}"
193266,1,1009.6,1410.0,True,1.0,"{""inversion_rho"":null,""inversion_channel"":26.25,""period_ms"":32.89997577667236}"
193266,1,1600.9001,1708.4,True,1.0,"{""inversion_rho"":null,""inversion_channel"":27.0,""period_ms"":53.74997854232788}"
193266,1,1776.9001,1912.5,True,1.0,"{""inversion_rho"":null,""inversion_channel"":32.0,""period_ms"":33.44994783401489}"
193266,1,1917.6,2162.8001,True,1.0,"{""inversion_rho"":null,""inversion_channel"":29.5,""period_ms"":39.1998291015625}"
193266,1,2169.6,2281.5001,True,1.0,"{""inversion_rho"":null,""inversion_channel"":27.5,""period_ms"":55.950045585632324}"
193266,1,2296.6001,2422.1001,True,1.0,"{""inversion_rho"":null,""inversion_channel"":29.5,""period_ms"":23.099899291992188}"
193266,1,2459.7001,2510.2,True,1.0,"{""inversion_rho"":null,""inversion_channel"":29.5,""period_ms"":25.249958038330078}"
193266,1,2570.9,2661.6001,True,1.0,"{""inversion_rho"":null,""inversion_channel"":29.5,""period_ms"":45.350074768066406}"
193266,1,2671.7999,2754.4999,True,1.0,"{""inversion_rho"":null,""inversion_channel"":29.5,""period_ms"":22.249937057495117}"
193266,1,2817.4,2911.5,True,1.0,"{""inversion_rho"":null,""inversion_channel"":29.5,""period_ms"":47.04999923706055}"
193266,1,2918.4999,3075.7,True,1.0,"{""inversion_rho"":null,""inversion_channel"":29.5,""period_ms"":53.40003967285156}"
193267,1,53.4,53.4,False,0.25,"{""inversion_rho"":null,""inversion_channel"":29.0,""period_ms"":6.850002333521843}"
193267,1,60.9,60.9,False,0.875,"{""inversion_rho"":null,""inversion_channel"":31.0,""period_ms"":6.850002333521843}"
193267,1,67.1,67.1,False,0.375,"{""inversion_rho"":null,""inversion_channel"":33.5,""period_ms"":6.850002333521843}"
193267,1,972.5,972.5,False,1.0,"{""inversion_rho"":null,""inversion_channel"":22.0,""period_ms"":27.199983596801758}"
193267,1,997.5,997.5,False,1.0,"{""inversion_rho"":null,""inversion_channel"":23.0,""period_ms"":27.199983596801758}"
193267,1,1026.8,1026.8,False,1.0,"{""inversion_rho"":null,""inversion_channel"":23.0,""period_ms"":27.199983596801758}"
193267,1,1057.2,1057.2,False,1.0,"{""inversion_rho"":null,""inversion_channel"":23.5,""period_ms"":27.199983596801758}"
193267,1,1082.8,1082.8,False,1.0,"{""inversion_rho"":null,""inversion_channel"":24.0,""period_ms"":27.199983596801758}"
193267,1,1108.1001,1108.1001,False,1.0,"{""inversion_rho"":null,""inversion_channel"":24.5,""period_ms"":27.199983596801758}"
193267,1,1141.7,1141.7,False,1.0,"{""inversion_rho"":null,""inversion_channel"":25.5,""period_ms"":27.199983596801758}"
193267,1,1171.0,1171.0,False,1.0,"{""inversion_rho"":null,""inversion_channel"":27.5,""period_ms"":27.199983596801758}"
193267,1,1197.3,1197.3,False,1.0,"{""inversion_rho"":null,""inversion_channel"":27.5,""period_ms"":27.199983596801758}"
193267,1,1224.4999,1224.4999,False,1.0,"{""inversion_rho"":null,""inversion_channel"":27.5,""period_ms"":27.199983596801758}"
193267,1,1252.4,1252.4,False,1.0,"{""inversion_rho"":null,""inversion_channel"":28.0,""period_ms"":27.199983596801758}"
193267,1,1302.0,1302.0,False,1.0,"{""inversion_rho"":null,""inversion_channel"":28.5,""period_ms"":27.199983596801758}"
193267,1,1323.8,1323.8,False,1.0,"{""inversion_rho"":null,""inversion_channel"":28.5,""period_ms"":27.199983596801758}"
193267,1,1348.0999,1348.0999,False,1.0,"{""inversion_rho"":null,""inversion_channel"":24.0,""period_ms"":27.199983596801758}"
193267,1,1415.2,1415.2,False,0.25,"{""inversion_rho"":null,""inversion_channel"":2.5,""period_ms"":74.39994812011719}"
193267,1,1615.4,1615.4,False,0.25,"{""inversion_rho"":null,""inversion_channel"":27.0,""period_ms"":74.39994812011719}"
193267,1,1724.8,1724.8,False,1.0,"{""inversion_rho"":null,""inversion_channel"":19.5,""period_ms"":74.39994812011719}"
193267,1,1778.8,1778.8,False,1.0,"{""inversion_rho"":null,""inversion_channel"":22.5,""period_ms"":74.39994812011719}"
193267,1,1822.1,1822.1,False,1.0,"{""inversion_rho"":null,""inversion_channel"":33.5,""period_ms"":74.39994812011719}"
193267,1,1896.5,1896.5,False,1.0,"{""inversion_rho"":null,""inversion_channel"":28.5,""period_ms"":74.39994812011719}"
193267,1,1913.2,1913.2,False,1.0,"{""inversion_rho"":null,""inversion_channel"":33.5,""period_ms"":null}"
193267,1,1923.9,1923.9,False,1.0,"{""inversion_rho"":null,""inversion_channel"":28.5,""period_ms"":null}"
193267,1,1987.7,1987.7,False,1.0,"{""inversion_rho"":null,""inversion_channel"":28.5,""period_ms"":15.550017356872559}"
193267,1,1999.1,1999.1,False,1.0,"{""inversion_rho"":null,""inversion_channel"":32.0,""period_ms"":15.550017356872559}"
193267,1,2018.8,2018.8,False,1.0,"{""inversion_rho"":null,""inversion_channel"":28.5,""period_ms"":15.550017356872559}"
193267,1,2070.4,2070.4,False,1.0,"{""inversion_rho"":null,""inversion_channel"":29.5,""period_ms"":13.949990272521973}"
193267,1,2079.5,2079.5,False,1.0,"{""inversion_rho"":null,""inversion_channel"":33.5,""period_ms"":13.949990272521973}"
193267,1,2098.3,2098.3,False,1.0,"{""inversion_rho"":null,""inversion_channel"":28.0,""period_ms"":13.949990272521973}"
193267,1,2155.1001,2155.1001,False,1.0,"{""inversion_rho"":null,""inversion_channel"":28.5,""period_ms"":null}"
193267,1,2160.3,2160.3,False,1.0,"{""inversion_rho"":null,""inversion_channel"":33.5,""period_ms"":null}"
193267,1,2179.1,2179.1,False,1.0,"{""inversion_rho"":null,""inversion_channel"":28.5,""period_ms"":31.999945640563965}"
193267,1,2217.6001,2217.6001,False,1.0,"{""inversion_rho"":null,""inversion_channel"":28.5,""period_ms"":31.999945640563965}"
193267,1,2250.7,2250.7,False,1.0,"{""inversion_rho"":null,""inversion_channel"":33.5,""period_ms"":31.999945640563965}"
193267,1,2296.5,2296.5,False,1.0,"{""inversion_rho"":null,""inversion_channel"":28.5,""period_ms"":31.999945640563965}"
193267,1,2325.4001,2325.4001,False,1.0,"{""inversion_rho"":null,""inversion_channel"":28.5,""period_ms"":31.999945640563965}"
193267,1,2362.2,2362.2,False,1.0,"{""inversion_rho"":null,""inversion_channel"":27.5,""period_ms"":31.999945640563965}"
193267,1,2393.8999,2393.8999,False,1.0,"{""inversion_rho"":null,""inversion_channel"":28.5,""period_ms"":31.999945640563965}"
193267,1,2419.1,2419.1,False,1.0,"{""inversion_rho"":null,""inversion_channel"":33.5,""period_ms"":31.999945640563965}"
193267,1,2437.5999,2437.5999,False,1.0,"{""inversion_rho"":null,""inversion_channel"":28.5,""period_ms"":31.999945640563965}"
193267,1,2480.4001,2480.4001,False,1.0,"{""inversion_rho"":null,""inversion_channel"":27.5,""period_ms"":31.999945640563965}"
193267,1,2504.6,2504.6,False,1.0,"{""inversion_rho"":null,""inversion_channel"":33.5,""period_ms"":31.999945640563965}"
193267,1,2533.4001,2533.4001,False,1.0,"{""inversion_rho"":null,""inversion_channel"":27.5,""period_ms"":31.999945640563965}"
193267,1,2569.4001,2569.4001,False,1.0,"{""inversion_rho"":null,""inversion_channel"":27.5,""period_ms"":31.999945640563965}"
193267,1,2597.1999,2597.1999,False,0.5,"{""inversion_rho"":null,""inversion_channel"":34.0,""period_ms"":31.999945640563965}"
193267,1,2630.5001,2630.5001,False,1.0,"{""inversion_rho"":null,""inversion_channel"":27.5,""period_ms"":31.999945640563965}"
193267,1,2662.4,2662.4,False,1.0,"{""inversion_rho"":null,""inversion_channel"":27.5,""period_ms"":31.999945640563965}"
193267,1,2694.5,2694.5,False,1.0,"{""inversion_rho"":null,""inversion_channel"":33.5,""period_ms"":31.999945640563965}"
193267,1,2699.7001,2699.7001,False,1.0,"{""inversion_rho"":null,""inversion_channel"":28.5,""period_ms"":39.549946784973145}"
193267,1,2737.9999,2737.9999,False,1.0,"{""inversion_rho"":null,""inversion_channel"":28.5,""period_ms"":39.549946784973145}"
193267,1,2778.8,2778.8,False,0.75,"{""inversion_rho"":null,""inversion_channel"":34.0,""period_ms"":39.549946784973145}"
193267,1,2789.0,2789.0,False,1.0,"{""inversion_rho"":null,""inversion_channel"":28.5,""period_ms"":39.950013160705566}"
193267,1,2824.8,2824.8,False,1.0,"{""inversion_rho"":null,""inversion_channel"":27.5,""period_ms"":39.950013160705566}"
193267,1,2868.9001,2868.9001,False,1.0,"{""inversion_rho"":null,""inversion_channel"":28.5,""period_ms"":39.950013160705566}"
193267,1,2876.8001,2876.8001,False,0.875,"{""inversion_rho"":null,""inversion_channel"":34.0,""period_ms"":46.20003700256348}"
193267,1,2913.3999,2913.3999,False,1.0,"{""inversion_rho"":null,""inversion_channel"":28.5,""period_ms"":46.20003700256348}"
193267,1,2959.6,2959.6,False,1.0,"{""inversion_rho"":null,""inversion_channel"":34.5,""period_ms"":46.20003700256348}"
193267,1,3015.5001,3015.5001,False,1.0,"{""inversion_rho"":null,""inversion_channel"":25.5,""period_ms"":46.20003700256348}"
193267,1,3022.1,3022.1,False,0.375,"{""inversion_rho"":null,""inversion_channel"":29.0,""period_ms"":7.899999618530273}"
193267,1,3029.4001,3029.4001,False,1.0,"{""inversion_rho"":null,""inversion_channel"":30.0,""period_ms"":7.899999618530273}"
193267,1,3037.9,3037.9,False,1.0,"{""inversion_rho"":null,""inversion_channel"":29.5,""period_ms"":7.899999618530273}"
193267,1,3117.1999,3117.1999,False,1.0,"{""inversion_rho"":null,""inversion_channel"":29.5,""period_ms"":57.250022888183594}"
193267,1,3169.8999,3169.8999,False,1.0,"{""inversion_rho"":null,""inversion_channel"":29.5,""period_ms"":57.250022888183594}"
193267,1,3231.6999,3231.6999,False,1.0,"{""inversion_rho"":null,""inversion_channel"":28.5,""period_ms"":57.250022888183594}"
193267,1,3241.1001,3241.1001,False,1.0,"{""inversion_rho"":null,""inversion_channel"":34.5,""period_ms"":null}"
193267,1,3289.5,3289.5,False,0.25,"{""inversion_rho"":null,""inversion_channel"":35.5,""period_ms"":null}"
193267,1,3591.0001,3591.0001,False,0.625,"{""inversion_rho"":null,""inversion_channel"":11.5,""period_ms"":null}"
193267,1,3598.3,3598.3,False,0.875,"{""inversion_rho"":null,""inversion_channel"":12.5,""period_ms"":null}"
193267,1,53.4,67.1,True,1.0,"{""inversion_rho"":null,""inversion_channel"":31.0,""period_ms"":6.850002333521843}"
193267,1,972.5,1348.0999,True,1.0,"{""inversion_rho"":null,""inversion_channel"":25.0,""period_ms"":27.199983596801758}"
193267,1,1415.2,1896.5,True,1.0,"{""inversion_rho"":null,""inversion_channel"":24.75,""period_ms"":74.39994812011719}"
193267,1,1987.7,2018.8,True,1.0,"{""inversion_rho"":null,""inversion_channel"":28.5,""period_ms"":15.550017356872559}"
193267,1,2070.4,2098.3,True,1.0,"{""inversion_rho"":null,""inversion_channel"":29.5,""period_ms"":13.949990272521973}"
193267,1,2179.1,2694.5,True,1.0,"{""inversion_rho"":null,""inversion_channel"":28.5,""period_ms"":31.999945640563965}"
193267,1,2699.7001,2778.8,True,1.0,"{""inversion_rho"":null,""inversion_channel"":28.5,""period_ms"":39.549946784973145}"
193267,1,2789.0,2868.9001,True,1.0,"{""inversion_rho"":null,""inversion_channel"":28.5,""period_ms"":39.950013160705566}"
193267,1,2876.8001,3015.5001,True,1.0,"{""inversion_rho"":null,""inversion_channel"":31.25,""period_ms"":46.20003700256348}"
193267,1,3022.1,3037.9,True,1.0,"{""inversion_rho"":null,""inversion_channel"":29.5,""period_ms"":7.899999618530273}"
193267,1,3117.1999,3231.6999,True,1.0,"{""inversion_rho"":null,""inversion_channel"":29.5,""period_ms"":57.250022888183594}"
193273,1,64.5,64.5,False,0.25,"{""inversion_rho"":null,""inversion_channel"":32.5,""period_ms"":null}"
193273,1,1086.1,1086.1,False,1.0,"{""inversion_rho"":null,""inversion_channel"":23.5,""period_ms"":32.90003538131714}"
193273,1,1117.1,1117.1,False,1.0,"{""inversion_rho"":null,""inversion_channel"":24.5,""period_ms"":32.90003538131714}"
193273,1,1148.3001,1148.3001,False,1.0,"{""inversion_rho"":null,""inversion_channel"":23.5,""period_ms"":32.90003538131714}"
193273,1,1175.4,1175.4,False,1.0,"{""inversion_rho"":null,""inversion_channel"":25.0,""period_ms"":32.90003538131714}"
193273,1,1204.3,1204.3,False,1.0,"{""inversion_rho"":null,""inversion_channel"":27.0,""period_ms"":32.90003538131714}"
193273,1,1239.5,1239.5,False,1.0,"{""inversion_rho"":null,""inversion_channel"":27.5,""period_ms"":32.90003538131714}"
193273,1,1285.0,1285.0,False,1.0,"{""inversion_rho"":null,""inversion_channel"":28.5,""period_ms"":32.90003538131714}"
193273,1,1319.6,1319.6,False,1.0,"{""inversion_rho"":null,""inversion_channel"":27.5,""period_ms"":32.90003538131714}"
193273,1,1349.3,1349.3,False,0.875,"{""inversion_rho"":null,""inversion_channel"":23.5,""period_ms"":32.90003538131714}"
193273,1,1417.1,1417.1,False,1.0,"{""inversion_rho"":null,""inversion_channel"":31.5,""period_ms"":32.90003538131714}"
193273,1,1582.4,1582.4,False,0.875,"{""inversion_rho"":null,""inversion_channel"":13.5,""period_ms"":32.90003538131714}"
193273,1,1594.4,1594.4,False,0.625,"{""inversion_rho"":null,""inversion_channel"":14.0,""period_ms"":23.599982261657715}"
193273,1,1606.5,1606.5,False,0.625,"{""inversion_rho"":null,""inversion_channel"":14.5,""period_ms"":23.599982261657715}"
193273,1,1630.1,1630.1,False,1.0,"{""inversion_rho"":null,""inversion_channel"":27.5,""period_ms"":23.599982261657715}"
193273,1,1659.5,1659.5,False,1.0,"{""inversion_rho"":null,""inversion_channel"":18.5,""period_ms"":23.599982261657715}"
193273,1,1751.0,1751.0,False,0.375,"{""inversion_rho"":null,""inversion_channel"":19.5,""period_ms"":null}"
193273,1,1758.9999,1758.9999,False,1.0,"{""inversion_rho"":null,""inversion_channel"":22.5,""period_ms"":null}"
193273,1,1779.0999,1779.0999,False,1.0,"{""inversion_rho"":null,""inversion_channel"":33.5,""period_ms"":48.0000376701355}"
193273,1,1825.9,1825.9,False,1.0,"{""inversion_rho"":null,""inversion_channel"":27.5,""period_ms"":48.0000376701355}"
193273,1,1875.1,1875.1,False,1.0,"{""inversion_rho"":null,""inversion_channel"":28.5,""period_ms"":48.0000376701355}"
193273,1,1889.7001,1889.7001,False,1.0,"{""inversion_rho"":null,""inversion_channel"":31.0,""period_ms"":null}"
193273,1,1895.9,1895.9,False,1.0,"{""inversion_rho"":null,""inversion_channel"":27.5,""period_ms"":null}"
193273,1,1937.8,1937.8,False,1.0,"{""inversion_rho"":null,""inversion_channel"":28.5,""period_ms"":null}"
193273,1,1977.7,1977.7,False,1.0,"{""inversion_rho"":null,""inversion_channel"":27.5,""period_ms"":null}"
193273,1,1984.5001,1984.5001,False,1.0,"{""inversion_rho"":null,""inversion_channel"":31.5,""period_ms"":31.7000150680542}"
193273,1,2016.2001,2016.2001,False,1.0,"{""inversion_rho"":null,""inversion_channel"":26.5,""period_ms"":31.7000150680542}"
193273,1,2046.0999,2046.0999,False,1.0,"{""inversion_rho"":null,""inversion_channel"":28.0,""period_ms"":31.7000150680542}"
193273,1,2073.2999,2073.2999,False,1.0,"{""inversion_rho"":null,""inversion_channel"":33.5,""period_ms"":31.7000150680542}"
193273,1,2115.6001,2115.6001,False,1.0,"{""inversion_rho"":null,""inversion_channel"":27.5,""period_ms"":31.7000150680542}"
193273,1,2152.6,2152.6,False,1.0,"{""inversion_rho"":null,""inversion_channel"":33.5,""period_ms"":31.7000150680542}"
193273,1,2162.8001,2162.8001,False,1.0,"{""inversion_rho"":null,""inversion_channel"":27.5,""period_ms"":32.94992446899414}"
193273,1,2197.9001,2197.9001,False,1.0,"{""inversion_rho"":null,""inversion_channel"":28.5,""period_ms"":32.94992446899414}"
193273,1,2228.6999,2228.6999,False,1.0,"{""inversion_rho"":null,""inversion_channel"":27.5,""period_ms"":32.94992446899414}"
193273,1,2235.1,2235.1,False,1.0,"{""inversion_rho"":null,""inversion_channel"":33.5,""period_ms"":38.80000114440918}"
193273,1,2270.6001,2270.6001,False,1.0,"{""inversion_rho"":null,""inversion_channel"":28.5,""period_ms"":38.80000114440918}"
193273,1,2312.7,2312.7,False,1.0,"{""inversion_rho"":null,""inversion_channel"":28.0,""period_ms"":38.80000114440918}"
193273,1,2325.5999,2325.5999,False,1.0,"{""inversion_rho"":null,""inversion_channel"":33.5,""period_ms"":null}"
193273,1,2332.0999,2332.0999,False,1.0,"{""inversion_rho"":null,""inversion_channel"":28.5,""period_ms"":null}"
193273,1,2360.3001,2360.3001,False,1.0,"{""inversion_rho"":null,""inversion_channel"":27.5,""period_ms"":20.19977569580078}"
193273,1,2389.3001,2389.3001,False,1.0,"{""inversion_rho"":null,""inversion_channel"":27.5,""period_ms"":20.19977569580078}"
193273,1,2409.4999,2409.4999,False,1.0,"{""inversion_rho"":null,""inversion_channel"":33.5,""period_ms"":20.19977569580078}"
193273,1,2421.6001,2421.6001,False,1.0,"{""inversion_rho"":null,""inversion_channel"":27.5,""period_ms"":20.19977569580078}"
193273,1,2467.9999,2467.9999,False,1.0,"{""inversion_rho"":null,""inversion_channel"":27.5,""period_ms"":16.749978065490723}"
193273,1,2479.6,2479.6,False,0.875,"{""inversion_rho"":null,""inversion_channel"":34.0,""period_ms"":16.749978065490723}"
193273,1,2501.4999,2501.4999,False,0.75,"{""inversion_rho"":null,""inversion_channel"":27.5,""period_ms"":16.749978065490723}"
193273,1,2508.4,2508.4,False,1.0,"{""inversion_rho"":null,""inversion_channel"":28.5,""period_ms"":null}"
193273,1,2536.6001,2536.6001,False,1.0,"{""inversion_rho"":null,""inversion_channel"":27.5,""period_ms"":null}"
193273,1,2542.3999,2542.3999,False,0.625,"{""inversion_rho"":null,""inversion_channel"":34.5,""period_ms"":20.49994468688965}"
193273,1,2559.7,2559.7,False,1.0,"{""inversion_rho"":null,""inversion_channel"":28.5,""period_ms"":20.49994468688965}"
193273,1,2581.8,2581.8,False,1.0,"{""inversion_rho"":null,""inversion_channel"":27.5,""period_ms"":20.49994468688965}"
193273,1,2596.8001,2596.8001,False,1.0,"{""inversion_rho"":null,""inversion_channel"":27.5,""period_ms"":20.49994468688965}"
193273,1,2617.3,2617.3,False,1.0,"{""inversion_rho"":null,""inversion_channel"":27.5,""period_ms"":20.49994468688965}"
193273,1,2654.7999,2654.7999,False,0.375,"{""inversion_rho"":null,""inversion_channel"":31.0,""period_ms"":20.49994468688965}"
193273,1,2661.6001,2661.6001,False,0.5,"{""inversion_rho"":null,""inversion_channel"":31.5,""period_ms"":14.500141143798828}"
193273,1,2678.4,2678.4,False,1.0,"{""inversion_rho"":null,""inversion_channel"":17.5,""period_ms"":14.500141143798828}"
193273,1,2687.9001,2687.9001,False,0.75,"{""inversion_rho"":null,""inversion_channel"":36.5,""period_ms"":14.500141143798828}"
193273,1,2696.8999,2696.8999,False,0.25,"{""inversion_rho"":null,""inversion_channel"":37.5,""period_ms"":14.500141143798828}"
193273,1,2711.4,2711.4,False,0.375,"{""inversion_rho"":null,""inversion_channel"":21.0,""period_ms"":14.500141143798828}"
193273,1,2723.9001,2723.9001,False,0.25,"{""inversion_rho"":null,""inversion_channel"":32.5,""period_ms"":14.500141143798828}"
193273,1,2738.8,2738.8,False,0.25,"{""inversion_rho"":null,""inversion_channel"":9.5,""period_ms"":14.500141143798828}"
193273,1,2762.1,2762.1,False,0.5,"{""inversion_rho"":null,""inversion_channel"":11.0,""period_ms"":14.500141143798828}"
193273,1,2768.1,2768.1,False,0.625,"{""inversion_rho"":null,""inversion_channel"":3.5,""period_ms"":null}"
193273,1,2788.7001,2788.7001,False,0.75,"{""inversion_rho"":null,""inversion_channel"":18.5,""period_ms"":null}"
193273,1,2841.5,2841.5,False,1.0,"{""inversion_rho"":null,""inversion_channel"":17.5,""period_ms"":17.799973487854004}"
193273,1,2858.4001,2858.4001,False,0.25,"{""inversion_rho"":null,""inversion_channel"":6.5,""period_ms"":17.799973487854004}"
193273,1,2884.0001,2884.0001,False,0.375,"{""inversion_rho"":null,""inversion_channel"":5.5,""period_ms"":17.799973487854004}"
193273,1,2904.4001,2904.4001,False,0.375,"{""inversion_rho"":null,""inversion_channel"":31.5,""period_ms"":17.799973487854004}"
193273,1,2914.9001,2914.9001,False,0.75,"{""inversion_rho"":null,""inversion_channel"":19.0,""period_ms"":17.799973487854004}"
193273,1,2927.0,2927.0,False,0.875,"{""inversion_rho"":null,""inversion_channel"":21.0,""period_ms"":17.799973487854004}"
193273,1,2945.6999,2945.6999,False,0.625,"{""inversion_rho"":null,""inversion_channel"":29.5,""period_ms"":17.799973487854004}"
193273,1,2951.4,2951.4,False,0.75,"{""inversion_rho"":null,""inversion_channel"":3.5,""period_ms"":39.800047874450684}"
193273,1,2980.7999,2980.7999,False,1.0,"{""inversion_rho"":null,""inversion_channel"":31.5,""period_ms"":39.800047874450684}"
193273,1,3012.3,3012.3,False,1.0,"{""inversion_rho"":null,""inversion_channel"":31.5,""period_ms"":39.800047874450684}"
193273,1,3060.4,3060.4,False,1.0,"{""inversion_rho"":null,""inversion_channel"":19.0,""period_ms"":39.800047874450684}"
193273,1,3160.3999,3160.3999,False,0.25,"{""inversion_rho"":null,""inversion_channel"":32.0,""period_ms"":39.800047874450684}"
193273,1,1086.1,1582.4,True,1.0,"{""inversion_rho"":null,""inversion_channel"":25.0,""period_ms"":32.90003538131714}"
193273,1,1594.4,1659.5,True,1.0,"{""inversion_rho"":null,""inversion_channel"":16.5,""period_ms"":23.599982261657715}"
193273,1,1779.0999,1875.1,True,1.0,"{""inversion_rho"":null,""inversion_channel"":28.5,""period_ms"":48.0000376701355}"
193273,1,1984.5001,2152.6,True,1.0,"{""inversion_rho"":null,""inversion_channel"":29.75,""period_ms"":31.7000150680542}"
193273,1,2162.8001,2228.6999,True,1.0,"{""inversion_rho"":null,""inversion_channel"":27.5,""period_ms"":32.94992446899414}"
193273,1,2235.1,2312.7,True,1.0,"{""inversion_rho"":null,""inversion_channel"":28.5,""period_ms"":38.80000114440918}"
193273,1,2360.3001,2421.6001,True,1.0,"{""inversion_rho"":null,""inversion_channel"":27.5,""period_ms"":20.19977569580078}"
193273,1,2467.9999,2501.4999,True,1.0,"{""inversion_rho"":null,""inversion_channel"":27.5,""period_ms"":16.749978065490723}"
193273,1,2542.3999,2654.7999,True,1.0,"{""inversion_rho"":null,""inversion_channel"":28.0,""period_ms"":20.49994468688965}"
193273,1,2661.6001,2762.1,True,1.0,"{""inversion_rho"":null,""inversion_channel"":26.25,""period_ms"":14.500141143798828}"
193273,1,2841.5,2945.6999,True,1.0,"{""inversion_rho"":null,""inversion_channel"":19.0,""period_ms"":17.799973487854004}"
193273,1,2951.4,3160.3999,True,1.0,"{""inversion_rho"":null,""inversion_channel"":31.5,""period_ms"":39.800047874450684}"
193276,1,1043.3,1043.3,False,1.0,"{""inversion_rho"":null,""inversion_channel"":21.0,""period_ms"":29.09994125366211}"
193276,1,1070.6,1070.6,False,1.0,"{""inversion_rho"":null,""inversion_channel"":21.5,""period_ms"":29.09994125366211}"
193276,1,1098.9,1098.9,False,1.0,"{""inversion_rho"":null,""inversion_channel"":23.5,""period_ms"":29.09994125366211}"
193276,1,1131.7,1131.7,False,1.0,"{""inversion_rho"":null,""inversion_channel"":23.5,""period_ms"":29.09994125366211}"
193276,1,1161.6,1161.6,False,1.0,"{""inversion_rho"":null,""inversion_channel"":24.5,""period_ms"":29.09994125366211}"
193276,1,1187.8,1187.8,False,1.0,"{""inversion_rho"":null,""inversion_channel"":25.5,""period_ms"":29.09994125366211}"
193276,1,1216.1,1216.1,False,0.875,"{""inversion_rho"":null,""inversion_channel"":27.5,""period_ms"":29.09994125366211}"
193276,1,1259.9,1259.9,False,1.0,"{""inversion_rho"":null,""inversion_channel"":27.5,""period_ms"":29.09994125366211}"
193276,1,1318.8,1318.8,False,1.0,"{""inversion_rho"":null,""inversion_channel"":27.5,""period_ms"":29.09994125366211}"
193276,1,1516.3,1516.3,False,1.0,"{""inversion_rho"":null,""inversion_channel"":30.5,""period_ms"":null}"
193276,1,1679.5,1679.5,False,1.0,"{""inversion_rho"":null,""inversion_channel"":33.5,""period_ms"":null}"
193276,1,1730.9999,1730.9999,False,1.0,"{""inversion_rho"":null,""inversion_channel"":29.5,""period_ms"":18.400073051452637}"
193276,1,1767.8,1767.8,False,1.0,"{""inversion_rho"":null,""inversion_channel"":23.5,""period_ms"":18.400073051452637}"
193276,1,1786.2,1786.2,False,0.375,"{""inversion_rho"":null,""inversion_channel"":21.5,""period_ms"":18.400073051452637}"
193276,1,1800.6001,1800.6001,False,1.0,"{""inversion_rho"":null,""inversion_channel"":21.5,""period_ms"":18.400073051452637}"
193276,1,1838.6,1838.6,False,1.0,"{""inversion_rho"":null,""inversion_channel"":30.5,""period_ms"":null}"
193276,1,1844.4999,1844.4999,False,1.0,"{""inversion_rho"":null,""inversion_channel"":25.5,""period_ms"":null}"
193276,1,1884.5,1884.5,False,1.0,"{""inversion_rho"":null,""inversion_channel"":24.5,""period_ms"":15.49994945526123}"
193276,1,1918.9,1918.9,False,1.0,"{""inversion_rho"":null,""inversion_channel"":24.5,""period_ms"":15.49994945526123}"
193276,1,1934.4,1934.4,False,1.0,"{""inversion_rho"":null,""inversion_channel"":33.5,""period_ms"":15.49994945526123}"
193276,1,1941.0,1941.0,False,1.0,"{""inversion_rho"":null,""inversion_channel"":25.5,""period_ms"":15.49994945526123}"
193276,1,1975.4,1975.4,False,1.0,"{""inversion_rho"":null,""inversion_channel"":26.0,""period_ms"":null}"
193276,1,2013.9,2013.9,False,1.0,"{""inversion_rho"":null,""inversion_channel"":23.5,""period_ms"":null}"
193276,1,2028.1999,2028.1999,False,1.0,"{""inversion_rho"":null,""inversion_channel"":33.5,""period_ms"":14.600038528442383}"
193276,1,2038.1999,2038.1999,False,1.0,"{""inversion_rho"":null,""inversion_channel"":28.5,""period_ms"":14.600038528442383}"
193276,1,2055.9001,2055.9001,False,0.375,"{""inversion_rho"":null,""inversion_channel"":27.5,""period_ms"":14.600038528442383}"
193276,1,2067.4,2067.4,False,1.0,"{""inversion_rho"":null,""inversion_channel"":25.5,""period_ms"":14.600038528442383}"
193276,1,2091.8,2091.8,False,1.0,"{""inversion_rho"":null,""inversion_channel"":24.5,""period_ms"":14.600038528442383}"
193276,1,2100.4,2100.4,False,0.25,"{""inversion_rho"":null,""inversion_channel"":24.5,""period_ms"":7.950067520141602}"
193276,1,2105.9999,2105.9999,False,1.0,"{""inversion_rho"":null,""inversion_channel"":33.5,""period_ms"":7.950067520141602}"
193276,1,2113.6999,2113.6999,False,0.625,"{""inversion_rho"":null,""inversion_channel"":28.0,""period_ms"":7.950067520141602}"
193276,1,2120.8999,2120.8999,False,1.0,"{""inversion_rho"":null,""inversion_channel"":25.5,""period_ms"":7.950067520141602}"
193276,1,2129.1001,2129.1001,False,0.625,"{""inversion_rho"":null,""inversion_channel"":27.5,""period_ms"":7.950067520141602}"
193276,1,2138.4001,2138.4001,False,1.0,"{""inversion_rho"":null,""inversion_channel"":27.5,""period_ms"":7.950067520141602}"
193276,1,2144.5,2144.5,False,1.0,"{""inversion_rho"":null,""inversion_channel"":26.5,""period_ms"":7.950067520141602}"
193276,1,2153.8999,2153.8999,False,1.0,"{""inversion_rho"":null,""inversion_channel"":25.5,""period_ms"":7.950067520141602}"
193276,1,2164.9001,2164.9001,False,0.25,"{""inversion_rho"":null,""inversion_channel"":34.5,""period_ms"":7.950067520141602}"
193276,1,2197.3,2197.3,False,0.625,"{""inversion_rho"":null,""inversion_channel"":31.5,""period_ms"":16.60013198852539}"
193276,1,2211.4999,2211.4999,False,0.25,"{""inversion_rho"":null,""inversion_channel"":21.5,""period_ms"":16.60013198852539}"
193276,1,2228.1001,2228.1001,False,0.5,"{""inversion_rho"":null,""inversion_channel"":31.0,""period_ms"":16.60013198852539}"
193276,1,2253.3,2253.3,False,0.5,"{""inversion_rho"":null,""inversion_channel"":5.5,""period_ms"":16.60013198852539}"
193276,1,2385.5,2385.5,False,1.0,"{""inversion_rho"":null,""inversion_channel"":24.5,""period_ms"":19.14989948272705}"
193276,1,2425.8001,2425.8001,False,1.0,"{""inversion_rho"":null,""inversion_channel"":26.0,""period_ms"":19.14989948272705}"
193276,1,2444.9999,2444.9999,False,1.0,"{""inversion_rho"":null,""inversion_channel"":27.0,""period_ms"":19.14989948272705}"
193276,1,2462.1,2462.1,False,1.0,"{""inversion_rho"":null,""inversion_channel"":25.0,""period_ms"":19.14989948272705}"
193276,1,2481.2,2481.2,False,1.0,"{""inversion_rho"":null,""inversion_channel"":22.5,""period_ms"":19.14989948272705}"
193276,1,2495.4,2495.4,False,1.0,"{""inversion_rho"":null,""inversion_channel"":23.5,""period_ms"":19.14989948272705}"
193276,1,2516.9001,2516.9001,False,0.75,"{""inversion_rho"":null,""inversion_channel"":4.0,""period_ms"":19.14989948272705}"
193276,1,2525.3,2525.3,False,1.0,"{""inversion_rho"":null,""inversion_channel"":32.5,""period_ms"":12.099981307983398}"
193276,1,2533.4001,2533.4001,False,1.0,"{""inversion_rho"":null,""inversion_channel"":32.5,""period_ms"":12.099981307983398}"
193276,1,2538.8999,2538.8999,False,1.0,"{""inversion_rho"":null,""inversion_channel"":32.5,""period_ms"":12.099981307983398}"
193276,1,2545.9001,2545.9001,False,0.625,"{""inversion_rho"":null,""inversion_channel"":31.5,""period_ms"":12.099981307983398}"
193276,1,2562.4001,2562.4001,False,1.0,"{""inversion_rho"":null,""inversion_channel"":32.5,""period_ms"":12.099981307983398}"
193276,1,2575.2001,2575.2001,False,1.0,"{""inversion_rho"":null,""inversion_channel"":31.5,""period_ms"":12.099981307983398}"
193276,1,2587.3001,2587.3001,False,0.25,"{""inversion_rho"":null,""inversion_channel"":31.5,""period_ms"":12.099981307983398}"
193276,1,2615.0,2615.0,False,1.0,"{""inversion_rho"":null,""inversion_channel"":31.5,""period_ms"":12.099981307983398}"
193276,1,2624.7001,2624.7001,False,1.0,"{""inversion_rho"":null,""inversion_channel"":7.5,""period_ms"":15.549898147583008}"
193276,1,2655.1001,2655.1001,False,1.0,"{""inversion_rho"":null,""inversion_channel"":22.0,""period_ms"":15.549898147583008}"
193276,1,2675.6999,2675.6999,False,1.0,"{""inversion_rho"":null,""inversion_channel"":22.0,""period_ms"":15.549898147583008}"
193276,1,2700.0999,2700.0999,False,0.875,"{""inversion_rho"":null,""inversion_channel"":23.5,""period_ms"":15.549898147583008}"
193276,1,2710.5999,2710.5999,False,1.0,"{""inversion_rho"":null,""inversion_channel"":27.5,""period_ms"":15.549898147583008}"
193276,1,2719.7001,2719.7001,False,1.0,"{""inversion_rho"":null,""inversion_channel"":32.5,""period_ms"":15.549898147583008}"
193276,1,2726.5,2726.5,False,1.0,"{""inversion_rho"":null,""inversion_channel"":32.0,""period_ms"":15.549898147583008}"
193276,1,1043.3,1318.8,True,1.0,"{""inversion_rho"":null,""inversion_channel"":24.5,""period_ms"":29.09994125366211}"
193276,1,1730.9999,1800.6001,True,1.0,"{""inversion_rho"":null,""inversion_channel"":22.5,""period_ms"":18.400073051452637}"
193276,1,1884.5,1941.0,True,1.0,"{""inversion_rho"":null,""inversion_channel"":25.0,""period_ms"":15.49994945526123}"
193276,1,2028.1999,2091.8,True,1.0,"{""inversion_rho"":null,""inversion_channel"":27.5,""period_ms"":14.600038528442383}"
193276,1,2100.4,2164.9001,True,1.0,"{""inversion_rho"":null,""inversion_channel"":27.5,""period_ms"":7.950067520141602}"
193276,1,2197.3,2253.3,True,1.0,"{""inversion_rho"":null,""inversion_channel"":26.25,""period_ms"":16.60013198852539}"
193276,1,2385.5,2516.9001,True,1.0,"{""inversion_rho"":null,""inversion_channel"":24.5,""period_ms"":19.14989948272705}"
193276,1,2525.3,2615.0,True,1.0,"{""inversion_rho"":null,""inversion_channel"":32.0,""period_ms"":12.099981307983398}"
193276,1,2624.7001,2726.5,True,1.0,"{""inversion_rho"":null,""inversion_channel"":23.5,""period_ms"":15.549898147583008}"
193277,1,42.1,42.1,False,0.5,"{""inversion_rho"":null,""inversion_channel"":30.0,""period_ms"":14.799999073147774}"
193277,1,59.5,59.5,False,0.25,"{""inversion_rho"":null,""inversion_channel"":38.5,""period_ms"":14.799999073147774}"
193277,1,71.7,71.7,False,0.75,"{""inversion_rho"":null,""inversion_channel"":39.0,""period_ms"":14.799999073147774}"
193277,1,853.9,853.9,False,1.0,"{""inversion_rho"":null,""inversion_channel"":18.5,""period_ms"":27.699947357177734}"
193277,1,879.0,879.0,False,1.0,"{""inversion_rho"":null,""inversion_channel"":18.0,""period_ms"":27.699947357177734}"
193277,1,935.8,935.8,False,1.0,"{""inversion_rho"":null,""inversion_channel"":20.5,""period_ms"":27.699947357177734}"
193277,1,986.6,986.6,False,1.0,"{""inversion_rho"":null,""inversion_channel"":21.5,""period_ms"":27.699947357177734}"
193277,1,1011.8001,1011.8001,False,1.0,"{""inversion_rho"":null,""inversion_channel"":22.0,""period_ms"":27.699947357177734}"
193277,1,1040.2,1040.2,False,1.0,"{""inversion_rho"":null,""inversion_channel"":22.5,""period_ms"":27.699947357177734}"
193277,1,1065.6,1065.6,False,1.0,"{""inversion_rho"":null,""inversion_channel"":24.0,""period_ms"":27.699947357177734}"
193277,1,1093.3,1093.3,False,1.0,"{""inversion_rho"":null,""inversion_channel"":24.5,""period_ms"":27.699947357177734}"
193277,1,1122.3,1122.3,False,1.0,"{""inversion_rho"":null,""inversion_channel"":24.0,""period_ms"":27.699947357177734}"
193277,1,1152.8,1152.8,False,1.0,"{""inversion_rho"":null,""inversion_channel"":27.5,""period_ms"":27.699947357177734}"
193277,1,1179.5,1179.5,False,1.0,"{""inversion_rho"":null,""inversion_channel"":25.5,""period_ms"":27.699947357177734}"
193277,1,1206.3,1206.3,False,1.0,"{""inversion_rho"":null,""inversion_channel"":27.5,""period_ms"":27.699947357177734}"
193277,1,1236.4,1236.4,False,1.0,"{""inversion_rho"":null,""inversion_channel"":27.5,""period_ms"":27.699947357177734}"
193277,1,1258.1,1258.1,False,1.0,"{""inversion_rho"":null,""inversion_channel"":27.5,""period_ms"":27.699947357177734}"
193277,1,1312.6,1312.6,False,0.625,"{""inversion_rho"":null,""inversion_channel"":1.5,""period_ms"":null}"
193277,1,1391.0,1391.0,False,1.0,"{""inversion_rho"":null,""inversion_channel"":30.5,""period_ms"":null}"
193277,1,1410.1,1410.1,False,1.0,"{""inversion_rho"":null,""inversion_channel"":31.5,""period_ms"":null}"
193277,1,1607.3,1607.3,False,0.5,"{""inversion_rho"":null,""inversion_channel"":13.5,""period_ms"":null}"
193277,1,1613.1999,1613.1999,False,0.5,"{""inversion_rho"":null,""inversion_channel"":14.5,""period_ms"":null}"
193277,1,1630.3999,1630.3999,False,0.25,"{""inversion_rho"":null,""inversion_channel"":27.5,""period_ms"":null}"
193277,1,1637.1,1637.1,False,1.0,"{""inversion_rho"":null,""inversion_channel"":16.5,""period_ms"":null}"
193277,1,1727.7,1727.7,False,1.0,"{""inversion_rho"":null,""inversion_channel"":20.5,""period_ms"":null}"
193277,1,1750.2,1750.2,False,1.0,"{""inversion_rho"":null,""inversion_channel"":29.5,""period_ms"":null}"
193277,1,1756.8001,1756.8001,False,1.0,"{""inversion_rho"":null,""inversion_channel"":23.5,""period_ms"":null}"
193277,1,1850.5,1850.5,False,1.0,"{""inversion_rho"":null,""inversion_channel"":23.5,""period_ms"":23.200035095214844}"
193277,1,1872.8,1872.8,False,1.0,"{""inversion_rho"":null,""inversion_channel"":27.5,""period_ms"":23.200035095214844}"
193277,1,1916.5,1916.5,False,1.0,"{""inversion_rho"":null,""inversion_channel"":24.5,""period_ms"":23.200035095214844}"
193277,1,1939.7,1939.7,False,1.0,"{""inversion_rho"":null,""inversion_channel"":34.5,""period_ms"":23.200035095214844}"
193277,1,1945.3,1945.3,False,1.0,"{""inversion_rho"":null,""inversion_channel"":27.5,""period_ms"":34.65002775192261}"
193277,1,1976.2,1976.2,False,1.0,"{""inversion_rho"":null,""inversion_channel"":27.0,""period_ms"":34.65002775192261}"
193277,1,2014.6,2014.6,False,1.0,"{""inversion_rho"":null,""inversion_channel"":25.5,""period_ms"":34.65002775192261}"
193277,1,2020.1001,2020.1001,False,0.25,"{""inversion_rho"":null,""inversion_channel"":30.5,""period_ms"":null}"
193277,1,2047.4999,2047.4999,False,0.5,"{""inversion_rho"":null,""inversion_channel"":24.5,""period_ms"":null}"
193277,1,2054.5001,2054.5001,False,1.0,"{""inversion_rho"":null,""inversion_channel"":24.5,""period_ms"":null}"
193277,1,2089.0999,2089.0999,False,1.0,"{""inversion_rho"":null,""inversion_channel"":34.5,""period_ms"":null}"
193277,1,2094.1,2094.1,False,1.0,"{""inversion_rho"":null,""inversion_channel"":28.5,""period_ms"":24.300098419189453}"
193277,1,2148.9999,2148.9999,False,1.0,"{""inversion_rho"":null,""inversion_channel"":34.5,""period_ms"":24.300098419189453}"
193277,1,2171.2,2171.2,False,1.0,"{""inversion_rho"":null,""inversion_channel"":39.5,""period_ms"":24.300098419189453}"
193277,1,2197.9001,2197.9001,False,1.0,"{""inversion_rho"":null,""inversion_channel"":20.0,""period_ms"":24.300098419189453}"
193277,1,2217.7999,2217.7999,False,1.0,"{""inversion_rho"":null,""inversion_channel"":34.5,""period_ms"":24.300098419189453}"
193277,1,2233.5,2233.5,False,1.0,"{""inversion_rho"":null,""inversion_channel"":27.5,""period_ms"":24.300098419189453}"
193277,1,2257.8001,2257.8001,False,0.375,"{""inversion_rho"":null,""inversion_channel"":27.5,""period_ms"":24.300098419189453}"
193277,1,2279.3,2279.3,False,1.0,"{""inversion_rho"":null,""inversion_channel"":34.5,""period_ms"":24.300098419189453}"
193277,1,2300.6001,2300.6001,False,1.0,"{""inversion_rho"":null,""inversion_channel"":26.5,""period_ms"":24.300098419189453}"
193277,1,2343.6999,2343.6999,False,1.0,"{""inversion_rho"":null,""inversion_channel"":34.5,""period_ms"":24.300098419189453}"
193277,1,2378.7999,2378.7999,False,0.625,"{""inversion_rho"":null,""inversion_channel"":27.5,""period_ms"":24.300098419189453}"
193277,1,2407.3999,2407.3999,False,1.0,"{""inversion_rho"":null,""inversion_channel"":34.5,""period_ms"":24.300098419189453}"
193277,1,2416.6,2416.6,False,0.375,"{""inversion_rho"":null,""inversion_channel"":28.0,""period_ms"":21.600008010864258}"
193277,1,2434.5,2434.5,False,0.25,"{""inversion_rho"":null,""inversion_channel"":20.5,""period_ms"":21.600008010864258}"
193277,1,2459.8,2459.8,False,0.375,"{""inversion_rho"":null,""inversion_channel"":40.0,""period_ms"":21.600008010864258}"
193277,1,2468.9,2468.9,False,1.0,"{""inversion_rho"":null,""inversion_channel"":39.5,""period_ms"":null}"
193277,1,2508.8999,2508.8999,False,0.625,"{""inversion_rho"":null,""inversion_channel"":9.0,""period_ms"":null}"
193277,1,2518.1,2518.1,False,1.0,"{""inversion_rho"":null,""inversion_channel"":40.0,""period_ms"":17.299890518188477}"
193277,1,2535.3999,2535.3999,False,1.0,"{""inversion_rho"":null,""inversion_channel"":34.5,""period_ms"":17.299890518188477}"
193277,1,2555.3999,2555.3999,False,0.375,"{""inversion_rho"":null,""inversion_channel"":19.5,""period_ms"":17.299890518188477}"
193277,1,2570.4999,2570.4999,False,1.0,"{""inversion_rho"":null,""inversion_channel"":39.5,""period_ms"":17.299890518188477}"
193277,1,2584.5001,2584.5001,False,0.25,"{""inversion_rho"":null,""inversion_channel"":18.5,""period_ms"":17.299890518188477}"
193277,1,2598.0999,2598.0999,False,1.0,"{""inversion_rho"":null,""inversion_channel"":34.5,""period_ms"":17.299890518188477}"
193277,1,2611.2001,2611.2001,False,0.25,"{""inversion_rho"":null,""inversion_channel"":29.5,""period_ms"":17.299890518188477}"
193277,1,2618.9001,2618.9001,False,0.625,"{""inversion_rho"":null,""inversion_channel"":37.5,""period_ms"":17.299890518188477}"
193277,1,2635.4001,2635.4001,False,1.0,"{""inversion_rho"":null,""inversion_channel"":39.5,""period_ms"":17.299890518188477}"
193277,1,2658.6001,2658.6001,False,0.875,"{""inversion_rho"":null,""inversion_channel"":34.5,""period_ms"":17.299890518188477}"
193277,1,2689.6,2689.6,False,0.5,"{""inversion_rho"":null,""inversion_channel"":11.5,""period_ms"":17.299890518188477}"
193277,1,2720.2001,2720.2001,False,0.875,"{""inversion_rho"":null,""inversion_channel"":35.5,""period_ms"":17.299890518188477}"
193277,1,2749.9001,2749.9001,False,0.25,"{""inversion_rho"":null,""inversion_channel"":30.5,""period_ms"":17.299890518188477}"
193277,1,2784.2,2784.2,False,0.875,"{""inversion_rho"":null,""inversion_channel"":35.5,""period_ms"":17.299890518188477}"
193277,1,2800.8001,2800.8001,False,0.25,"{""inversion_rho"":null,""inversion_channel"":19.0,""period_ms"":17.299890518188477}"
193277,1,2814.3001,2814.3001,False,0.25,"{""inversion_rho"":null,""inversion_channel"":21.5,""period_ms"":17.299890518188477}"
193277,1,2845.7999,2845.7999,False,1.0,"{""inversion_rho"":null,""inversion_channel"":35.5,""period_ms"":17.299890518188477}"
193277,1,2876.6,2876.6,False,1.0,"{""inversion_rho"":null,""inversion_channel"":29.5,""period_ms"":17.299890518188477}"
193277,1,2961.1001,2961.1001,False,1.0,"{""inversion_rho"":null,""inversion_channel"":35.5,""period_ms"":13.99993896484375}"
193277,1,2968.1001,2968.1001,False,1.0,"{""inversion_rho"":null,""inversion_channel"":39.5,""period_ms"":13.99993896484375}"
193277,1,2982.1,2982.1,False,0.625,"{""inversion_rho"":null,""inversion_channel"":30.5,""period_ms"":13.99993896484375}"
193277,1,3013.7999,3013.7999,False,0.25,"{""inversion_rho"":null,""inversion_channel"":29.5,""period_ms"":13.99993896484375}"
193277,1,3021.8,3021.8,False,1.0,"{""inversion_rho"":null,""inversion_channel"":39.5,""period_ms"":48.0499267578125}"
193277,1,3077.6,3077.6,False,1.0,"{""inversion_rho"":null,""inversion_channel"":40.5,""period_ms"":48.0499267578125}"
193277,1,3117.8999,3117.8999,False,1.0,"{""inversion_rho"":null,""inversion_channel"":39.5,""period_ms"":48.0499267578125}"
193277,1,3124.7001,3124.7001,False,0.625,"{""inversion_rho"":null,""inversion_channel"":35.5,""period_ms"":26.650071144104004}"
193277,1,3144.2001,3144.2001,False,1.0,"{""inversion_rho"":null,""inversion_channel"":19.5,""period_ms"":26.650071144104004}"
193277,1,3173.3999,3173.3999,False,1.0,"{""inversion_rho"":null,""inversion_channel"":39.5,""period_ms"":26.650071144104004}"
193277,1,3188.4999,3188.4999,False,1.0,"{""inversion_rho"":null,""inversion_channel"":35.5,""period_ms"":26.650071144104004}"
193277,1,3214.9,3214.9,False,1.0,"{""inversion_rho"":null,""inversion_channel"":31.0,""period_ms"":26.650071144104004}"
193277,1,3241.8001,3241.8001,False,1.0,"{""inversion_rho"":null,""inversion_channel"":39.5,""period_ms"":26.650071144104004}"
193277,1,3257.0,3257.0,False,0.625,"{""inversion_rho"":null,""inversion_channel"":35.5,""period_ms"":26.650071144104004}"
193277,1,3276.0,3276.0,False,1.0,"{""inversion_rho"":null,""inversion_channel"":39.5,""period_ms"":26.650071144104004}"
193277,1,3320.4,3320.4,False,1.0,"{""inversion_rho"":null,""inversion_channel"":39.5,""period_ms"":26.650071144104004}"
193277,1,3373.1,3373.1,False,1.0,"{""inversion_rho"":null,""inversion_channel"":39.5,""period_ms"":26.650071144104004}"
193277,1,3403.5001,3403.5001,False,0.5,"{""inversion_rho"":null,""inversion_channel"":37.5,""period_ms"":26.650071144104004}"
193277,1,3414.7999,3414.7999,False,1.0,"{""inversion_rho"":null,""inversion_channel"":39.5,""period_ms"":27.850031852722168}"
193277,1,3449.5001,3449.5001,False,1.0,"{""inversion_rho"":null,""inversion_channel"":33.5,""period_ms"":27.850031852722168}"
193277,1,3478.1001,3478.1001,False,1.0,"{""inversion_rho"":null,""inversion_channel"":35.5,""period_ms"":27.850031852722168}"
193277,1,3518.4,3518.4,False,1.0,"{""inversion_rho"":null,""inversion_channel"":39.5,""period_ms"":27.850031852722168}"
193277,1,3539.5999,3539.5999,False,1.0,"{""inversion_rho"":null,""inversion_channel"":35.5,""period_ms"":27.850031852722168}"
193277,1,3561.8999,3561.8999,False,1.0,"{""inversion_rho"":null,""inversion_channel"":39.5,""period_ms"":27.850031852722168}"
193277,1,3589.0,3589.0,False,1.0,"{""inversion_rho"":null,""inversion_channel"":16.5,""period_ms"":27.850031852722168}"
193277,1,3596.9,3596.9,False,1.0,"{""inversion_rho"":null,""inversion_channel"":39.5,""period_ms"":22.799968719482422}"
193277,1,3617.8,3617.8,False,1.0,"{""inversion_rho"":null,""inversion_channel"":29.5,""period_ms"":22.799968719482422}"
193277,1,3660.1,3660.1,False,1.0,"{""inversion_rho"":null,""inversion_channel"":39.5,""period_ms"":22.799968719482422}"
193277,1,3677.0999,3677.0999,False,1.0,"{""inversion_rho"":null,""inversion_channel"":39.5,""period_ms"":22.799968719482422}"
193277,1,3716.0001,3716.0001,False,1.0,"{""inversion_rho"":null,""inversion_channel"":28.5,""period_ms"":22.799968719482422}"
193277,1,3735.6999,3735.6999,False,1.0,"{""inversion_rho"":null,""inversion_channel"":28.0,""period_ms"":22.799968719482422}"
193277,1,3772.0001,3772.0001,False,1.0,"{""inversion_rho"":null,""inversion_channel"":24.5,""period_ms"":22.799968719482422}"
193277,1,3795.9001,3795.9001,False,1.0,"{""inversion_rho"":null,""inversion_channel"":39.5,""period_ms"":22.799968719482422}"
193277,1,3817.5001,3817.5001,False,1.0,"{""inversion_rho"":null,""inversion_channel"":27.5,""period_ms"":22.799968719482422}"
193277,1,3840.3001,3840.3001,False,0.5,"{""inversion_rho"":null,""inversion_channel"":34.5,""period_ms"":22.799968719482422}"
193277,1,3855.9999,3855.9999,False,1.0,"{""inversion_rho"":null,""inversion_channel"":39.5,""period_ms"":22.799968719482422}"
193277,1,3887.2001,3887.2001,False,0.25,"{""inversion_rho"":null,""inversion_channel"":34.5,""period_ms"":22.799968719482422}"
193277,1,3892.4999,3892.4999,False,0.625,"{""inversion_rho"":null,""inversion_channel"":17.5,""period_ms"":26.800155639648438}"
193277,1,3919.3001,3919.3001,False,0.5,"{""inversion_rho"":null,""inversion_channel"":38.0,""period_ms"":26.800155639648438}"
193277,1,3939.3001,3939.3001,False,0.25,"{""inversion_rho"":null,""inversion_channel"":34.0,""period_ms"":26.800155639648438}"
193277,1,3968.8001,3968.8001,False,0.875,"{""inversion_rho"":null,""inversion_channel"":29.5,""period_ms"":26.800155639648438}"
193277,1,3976.2001,3976.2001,False,0.25,"{""inversion_rho"":null,""inversion_channel"":32.5,""period_ms"":null}"
193277,1,3989.1,3989.1,False,0.25,"{""inversion_rho"":null,""inversion_channel"":34.0,""period_ms"":null}"
193277,1,4029.3999,4029.3999,False,1.0,"{""inversion_rho"":null,""inversion_channel"":27.5,""period_ms"":null}"
193277,1,4040.4,4040.4,False,0.75,"{""inversion_rho"":null,""inversion_channel"":34.5,""period_ms"":null}"
193277,1,4070.6,4070.6,False,1.0,"{""inversion_rho"":null,""inversion_channel"":27.5,""period_ms"":null}"
193277,1,4081.1,4081.1,False,0.625,"{""inversion_rho"":null,""inversion_channel"":34.0,""period_ms"":null}"
193277,1,4112.4001,4112.4001,False,1.0,"{""inversion_rho"":null,""inversion_channel"":39.5,""period_ms"":19.00005340576172}"
193277,1,4132.2999,4132.2999,False,1.0,"{""inversion_rho"":null,""inversion_channel"":30.0,""period_ms"":19.00005340576172}"
193277,1,4150.4002,4150.4002,False,1.0,"{""inversion_rho"":null,""inversion_channel"":28.5,""period_ms"":19.00005340576172}"
193277,1,4176.6,4176.6,False,0.5,"{""inversion_rho"":null,""inversion_channel"":34.0,""period_ms"":19.00005340576172}"
193277,1,4192.2002,4192.2002,False,1.0,"{""inversion_rho"":null,""inversion_channel"":19.5,""period_ms"":19.00005340576172}"
193277,1,4198.1001,4198.1001,False,1.0,"{""inversion_rho"":null,""inversion_channel"":15.5,""period_ms"":11.850118637084961}"
193277,1,4213.3999,4213.3999,False,1.0,"{""inversion_rho"":null,""inversion_channel"":24.0,""period_ms"":11.850118637084961}"
193277,1,4224.9999,4224.9999,False,0.75,"{""inversion_rho"":null,""inversion_channel"":25.5,""period_ms"":11.850118637084961}"
193277,1,4236.7001,4236.7001,False,0.75,"{""inversion_rho"":null,""inversion_channel"":16.5,""period_ms"":11.850118637084961}"
193277,1,4242.0001,4242.0001,False,0.25,"{""inversion_rho"":null,""inversion_channel"":36.5,""period_ms"":11.850118637084961}"
193277,1,4254.0002,4254.0002,False,0.875,"{""inversion_rho"":null,""inversion_channel"":27.5,""period_ms"":11.850118637084961}"
193277,1,4269.3,4269.3,False,1.0,"{""inversion_rho"":null,""inversion_channel"":39.5,""period_ms"":11.850118637084961}"
193277,1,4274.3001,4274.3001,False,0.625,"{""inversion_rho"":null,""inversion_channel"":35.0,""period_ms"":null}"
193277,1,4281.4999,4281.4999,False,0.375,"{""inversion_rho"":null,""inversion_channel"":29.0,""period_ms"":null}"
193277,1,4311.6999,4311.6999,False,0.625,"{""inversion_rho"":null,""inversion_channel"":27.5,""period_ms"":null}"
193277,1,4320.7998,4320.7998,False,0.625,"{""inversion_rho"":null,""inversion_channel"":36.5,""period_ms"":null}"
193277,1,4351.8,4351.8,False,1.0,"{""inversion_rho"":null,""inversion_channel"":24.5,""period_ms"":10.200023651123047}"
193277,1,4365.3998,4365.3998,False,0.625,"{""inversion_rho"":null,""inversion_channel"":34.5,""period_ms"":10.200023651123047}"
193277,1,4372.2,4372.2,False,1.0,"{""inversion_rho"":null,""inversion_channel"":28.5,""period_ms"":10.200023651123047}"
193277,1,4396.8,4396.8,False,0.375,"{""inversion_rho"":null,""inversion_channel"":35.0,""period_ms"":21.399974822998047}"
193277,1,4414.4001,4414.4001,False,0.75,"{""inversion_rho"":null,""inversion_channel"":22.0,""period_ms"":21.399974822998047}"
193277,1,4435.8001,4435.8001,False,0.875,"{""inversion_rho"":null,""inversion_channel"":29.0,""period_ms"":21.399974822998047}"
193277,1,4464.6001,4464.6001,False,0.625,"{""inversion_rho"":null,""inversion_channel"":34.5,""period_ms"":21.399974822998047}"
193277,1,4472.3001,4472.3001,False,0.25,"{""inversion_rho"":null,""inversion_channel"":17.0,""period_ms"":15.049934387207031}"
193277,1,4489.2001,4489.2001,False,0.5,"{""inversion_rho"":null,""inversion_channel"":22.0,""period_ms"":15.049934387207031}"
193277,1,4498.0001,4498.0001,False,1.0,"{""inversion_rho"":null,""inversion_channel"":17.5,""period_ms"":15.049934387207031}"
193277,1,4514.9999,4514.9999,False,1.0,"{""inversion_rho"":null,""inversion_channel"":36.5,""period_ms"":15.049934387207031}"
193277,1,4521.8,4521.8,False,1.0,"{""inversion_rho"":null,""inversion_channel"":22.0,""period_ms"":15.049934387207031}"
193277,1,4533.1998,4533.1998,False,1.0,"{""inversion_rho"":null,""inversion_channel"":18.5,""period_ms"":15.049934387207031}"
193277,1,4557.3001,4557.3001,False,1.0,"{""inversion_rho"":null,""inversion_channel"":29.0,""period_ms"":15.049934387207031}"
193277,1,4571.4998,4571.4998,False,1.0,"{""inversion_rho"":null,""inversion_channel"":39.5,""period_ms"":15.049934387207031}"
193277,1,4598.4998,4598.4998,False,0.375,"{""inversion_rho"":null,""inversion_channel"":30.5,""period_ms"":15.049934387207031}"
193277,1,4614.3999,4614.3999,False,0.625,"{""inversion_rho"":null,""inversion_channel"":39.5,""period_ms"":15.049934387207031}"
193277,1,4640.5001,4640.5001,False,1.0,"{""inversion_rho"":null,""inversion_channel"":20.0,""period_ms"":15.049934387207031}"
193277,1,4656.1999,4656.1999,False,1.0,"{""inversion_rho"":null,""inversion_channel"":24.5,""period_ms"":15.049934387207031}"
193277,1,4676.0001,4676.0001,False,0.625,"{""inversion_rho"":null,""inversion_channel"":31.5,""period_ms"":15.049934387207031}"
193277,1,4690.4001,4690.4001,False,0.375,"{""inversion_rho"":null,""inversion_channel"":28.0,""period_ms"":15.049934387207031}"
193277,1,4697.7,4697.7,False,0.375,"{""inversion_rho"":null,""inversion_channel"":28.0,""period_ms"":15.049934387207031}"
193277,1,4703.4001,4703.4001,False,0.5,"{""inversion_rho"":null,""inversion_channel"":35.0,""period_ms"":15.049934387207031}"
193277,1,4714.5,4714.5,False,1.0,"{""inversion_rho"":null,""inversion_channel"":39.5,""period_ms"":15.049934387207031}"
193277,1,4745.1,4745.1,False,0.375,"{""inversion_rho"":null,""inversion_channel"":36.5,""period_ms"":null}"
193277,1,4831.1,4831.1,False,1.0,"{""inversion_rho"":null,""inversion_channel"":22.5,""period_ms"":null}"
193277,1,4852.2,4852.2,False,0.25,"{""inversion_rho"":null,""inversion_channel"":31.5,""period_ms"":8.300304412841797}"
193277,1,4861.4998,4861.4998,False,0.75,"{""inversion_rho"":null,""inversion_channel"":36.5,""period_ms"":8.300304412841797}"
193277,1,4869.2999,4869.2999,False,0.25,"{""inversion_rho"":null,""inversion_channel"":22.5,""period_ms"":8.300304412841797}"
193277,1,4877.6002,4877.6002,False,0.875,"{""inversion_rho"":null,""inversion_channel"":23.5,""period_ms"":8.300304412841797}"
193277,1,4898.7999,4898.7999,False,0.25,"{""inversion_rho"":null,""inversion_channel"":29.5,""period_ms"":null}"
193277,1,4905.2,4905.2,False,0.25,"{""inversion_rho"":null,""inversion_channel"":37.0,""period_ms"":null}"
193277,1,4926.8999,4926.8999,False,0.375,"{""inversion_rho"":null,""inversion_channel"":24.5,""period_ms"":31.800031661987305}"
193277,1,4947.8998,4947.8998,False,0.25,"{""inversion_rho"":null,""inversion_channel"":37.5,""period_ms"":31.800031661987305}"
193277,1,4990.5,4990.5,False,0.625,"{""inversion_rho"":null,""inversion_channel"":25.5,""period_ms"":31.800031661987305}"
193277,1,5172.9002,5172.9002,False,0.375,"{""inversion_rho"":null,""inversion_channel"":30.0,""period_ms"":null}"
193277,1,5180.3002,5180.3002,False,0.25,"{""inversion_rho"":null,""inversion_channel"":25.5,""period_ms"":null}"
193277,1,5223.0,5223.0,False,0.25,"{""inversion_rho"":null,""inversion_channel"":35.5,""period_ms"":55.700063705444336}"
193277,1,5264.6999,5264.6999,False,0.25,"{""inversion_rho"":null,""inversion_channel"":35.5,""period_ms"":55.700063705444336}"
193277,1,5334.4002,5334.4002,False,0.25,"{""inversion_rho"":null,""inversion_channel"":39.5,""period_ms"":55.700063705444336}"
193277,1,5342.8001,5342.8001,False,0.25,"{""inversion_rho"":null,""inversion_channel"":40.5,""period_ms"":null}"
193277,1,5531.7998,5531.7998,False,1.0,"{""inversion_rho"":null,""inversion_channel"":31.5,""period_ms"":null}"
193277,1,5555.6998,5555.6998,False,0.75,"{""inversion_rho"":null,""inversion_channel"":17.5,""period_ms"":null}"
193277,1,42.1,71.7,True,1.0,"{""inversion_rho"":null,""inversion_channel"":38.5,""period_ms"":14.799999073147774}"
193277,1,853.9,1258.1,True,1.0,"{""inversion_rho"":null,""inversion_channel"":24.0,""period_ms"":27.699947357177734}"
193277,1,1850.5,1939.7,True,1.0,"{""inversion_rho"":null,""inversion_channel"":26.0,""period_ms"":23.200035095214844}"
193277,1,1945.3,2014.6,True,1.0,"{""inversion_rho"":null,""inversion_channel"":27.0,""period_ms"":34.65002775192261}"
193277,1,2094.1,2407.3999,True,1.0,"{""inversion_rho"":null,""inversion_channel"":31.5,""period_ms"":24.300098419189453}"
193277,1,2416.6,2459.8,True,1.0,"{""inversion_rho"":null,""inversion_channel"":28.0,""period_ms"":21.600008010864258}"
193277,1,2518.1,2876.6,True,1.0,"{""inversion_rho"":null,""inversion_channel"":34.5,""period_ms"":17.299890518188477}"
193277,1,2961.1001,3013.7999,True,1.0,"{""inversion_rho"":null,""inversion_channel"":33.0,""period_ms"":13.99993896484375}"
193277,1,3021.8,3117.8999,True,1.0,"{""inversion_rho"":null,""inversion_channel"":39.5,""period_ms"":48.0499267578125}"
193277,1,3124.7001,3403.5001,True,1.0,"{""inversion_rho"":null,""inversion_channel"":37.5,""period_ms"":26.650071144104004}"
193277,1,3414.7999,3589.0,True,1.0,"{""inversion_rho"":null,""inversion_channel"":35.5,""period_ms"":27.850031852722168}"
193277,1,3596.9,3887.2001,True,1.0,"{""inversion_rho"":null,""inversion_channel"":34.5,""period_ms"":22.799968719482422}"
193277,1,3892.4999,3968.8001,True,1.0,"{""inversion_rho"":null,""inversion_channel"":31.75,""period_ms"":26.800155639648438}"
193277,1,4112.4001,4192.2002,True,1.0,"{""inversion_rho"":null,""inversion_channel"":30.0,""period_ms"":19.00005340576172}"
193277,1,4198.1001,4269.3,True,1.0,"{""inversion_rho"":null,""inversion_channel"":25.5,""period_ms"":11.850118637084961}"
193277,1,4351.8,4372.2,True,1.0,"{""inversion_rho"":null,""inversion_channel"":28.5,""period_ms"":10.200023651123047}"
193277,1,4396.8,4464.6001,True,1.0,"{""inversion_rho"":null,""inversion_channel"":31.75,""period_ms"":21.399974822998047}"
193277,1,4472.3001,4714.5,True,1.0,"{""inversion_rho"":null,""inversion_channel"":28.0,""period_ms"":15.049934387207031}"
193277,1,4852.2,4877.6002,True,1.0,"{""inversion_rho"":null,""inversion_channel"":27.5,""period_ms"":8.300304412841797}"
193277,1,4926.8999,4990.5,True,1.0,"{""inversion_rho"":null,""inversion_channel"":25.5,""period_ms"":31.800031661987305}"
193277,1,5223.0,5334.4002,True,1.0,"{""inversion_rho"":null,""inversion_channel"":35.5,""period_ms"":55.700063705444336}"
193280,1,41.0,41.0,False,0.25,"{""inversion_rho"":null,""inversion_channel"":39.0,""period_ms"":8.150000125169754}"
193280,1,46.9,46.9,False,0.25,"{""inversion_rho"":null,""inversion_channel"":30.0,""period_ms"":8.150000125169754}"
193280,1,57.3,57.3,False,0.375,"{""inversion_rho"":null,""inversion_channel"":38.5,""period_ms"":8.150000125169754}"
193280,1,1063.3,1063.3,False,0.5,"{""inversion_rho"":null,""inversion_channel"":22.0,""period_ms"":31.350016593933105}"
193280,1,1091.1,1091.1,False,1.0,"{""inversion_rho"":null,""inversion_channel"":23.5,""period_ms"":31.350016593933105}"
193280,1,1119.9,1119.9,False,1.0,"{""inversion_rho"":null,""inversion_channel"":24.5,""period_ms"":31.350016593933105}"
193280,1,1149.7,1149.7,False,1.0,"{""inversion_rho"":null,""inversion_channel"":24.0,""period_ms"":31.350016593933105}"
193280,1,1175.2,1175.2,False,1.0,"{""inversion_rho"":null,""inversion_channel"":25.0,""period_ms"":31.350016593933105}"
193280,1,1200.5,1200.5,False,1.0,"{""inversion_rho"":null,""inversion_channel"":27.0,""period_ms"":31.350016593933105}"
193280,1,1233.4,1233.4,False,1.0,"{""inversion_rho"":null,""inversion_channel"":26.0,""period_ms"":31.350016593933105}"
193280,1,1280.3,1280.3,False,0.875,"{""inversion_rho"":null,""inversion_channel"":2.5,""period_ms"":31.350016593933105}"
193280,1,1341.7,1341.7,False,1.0,"{""inversion_rho"":null,""inversion_channel"":27.5,""period_ms"":31.350016593933105}"
193280,1,1432.8001,1432.8001,False,0.25,"{""inversion_rho"":null,""inversion_channel"":4.5,""period_ms"":31.350016593933105}"
193280,1,1554.5,1554.5,False,0.875,"{""inversion_rho"":null,""inversion_channel"":10.5,""period_ms"":31.350016593933105}"
193280,1,1568.5,1568.5,False,0.5,"{""inversion_rho"":null,""inversion_channel"":9.5,""period_ms"":null}"
193280,1,1613.6,1613.6,False,0.375,"{""inversion_rho"":null,""inversion_channel"":13.5,""period_ms"":null}"
193280,1,1626.7999,1626.7999,False,0.5,"{""inversion_rho"":null,""inversion_channel"":13.5,""period_ms"":9.50002670288086}"
193280,1,1636.3,1636.3,False,1.0,"{""inversion_rho"":null,""inversion_channel"":27.5,""period_ms"":9.50002670288086}"
193280,1,1649.7,1649.7,False,0.625,"{""inversion_rho"":null,""inversion_channel"":14.5,""period_ms"":9.50002670288086}"
193280,1,1657.6999,1657.6999,False,1.0,"{""inversion_rho"":null,""inversion_channel"":29.5,""period_ms"":9.50002670288086}"
193280,1,1682.9,1682.9,False,1.0,"{""inversion_rho"":null,""inversion_channel"":17.5,""period_ms"":33.59997272491455}"
193280,1,1746.5,1746.5,False,0.875,"{""inversion_rho"":null,""inversion_channel"":34.0,""period_ms"":33.59997272491455}"
193280,1,1783.3,1783.3,False,1.0,"{""inversion_rho"":null,""inversion_channel"":30.5,""period_ms"":33.59997272491455}"
193280,1,1837.6,1837.6,False,1.0,"{""inversion_rho"":null,""inversion_channel"":22.0,""period_ms"":33.59997272491455}"
193280,1,1871.2,1871.2,False,1.0,"{""inversion_rho"":null,""inversion_channel"":33.5,""period_ms"":33.59997272491455}"
193280,1,1931.1,1931.1,False,1.0,"{""inversion_rho"":null,""inversion_channel"":24.5,""period_ms"":33.59997272491455}"
193280,1,1963.8,1963.8,False,1.0,"{""inversion_rho"":null,""inversion_channel"":31.0,""period_ms"":33.59997272491455}"
193280,1,2010.7999,2010.7999,False,1.0,"{""inversion_rho"":null,""inversion_channel"":26.0,""period_ms"":33.59997272491455}"
193280,1,2041.8999,2041.8999,False,1.0,"{""inversion_rho"":null,""inversion_channel"":27.5,""period_ms"":33.59997272491455}"
193280,1,2062.7,2062.7,False,1.0,"{""inversion_rho"":null,""inversion_channel"":33.5,""period_ms"":33.59997272491455}"
193280,1,2107.1,2107.1,False,1.0,"{""inversion_rho"":null,""inversion_channel"":28.0,""period_ms"":33.59997272491455}"
193280,1,2131.7,2131.7,False,1.0,"{""inversion_rho"":null,""inversion_channel"":27.5,""period_ms"":33.59997272491455}"
193280,1,2144.0001,2144.0001,False,1.0,"{""inversion_rho"":null,""inversion_channel"":30.5,""period_ms"":33.59997272491455}"
193280,1,2157.5999,2157.5999,False,1.0,"{""inversion_rho"":null,""inversion_channel"":28.5,""period_ms"":33.59997272491455}"
193280,1,2200.7,2200.7,False,1.0,"{""inversion_rho"":null,""inversion_channel"":27.5,""period_ms"":21.35002613067627}"
193280,1,2228.4,2228.4,False,1.0,"{""inversion_rho"":null,""inversion_channel"":33.5,""period_ms"":21.35002613067627}"
193280,1,2243.4001,2243.4001,False,1.0,"{""inversion_rho"":null,""inversion_channel"":27.5,""period_ms"":21.35002613067627}"
193280,1,2294.3001,2294.3001,False,1.0,"{""inversion_rho"":null,""inversion_channel"":28.5,""period_ms"":null}"
193280,1,2304.6,2304.6,False,0.25,"{""inversion_rho"":null,""inversion_channel"":33.5,""period_ms"":null}"
193280,1,2334.3,2334.3,False,1.0,"{""inversion_rho"":null,""inversion_channel"":28.5,""period_ms"":15.700101852416992}"
193280,1,2363.4,2363.4,False,1.0,"{""inversion_rho"":null,""inversion_channel"":29.5,""period_ms"":15.700101852416992}"
193280,1,2379.1001,2379.1001,False,1.0,"{""inversion_rho"":null,""inversion_channel"":34.0,""period_ms"":15.700101852416992}"
193280,1,2393.8999,2393.8999,False,1.0,"{""inversion_rho"":null,""inversion_channel"":28.5,""period_ms"":15.700101852416992}"
193280,1,2468.6999,2468.6999,False,1.0,"{""inversion_rho"":null,""inversion_channel"":25.5,""period_ms"":34.399986267089844}"
193280,1,2496.9001,2496.9001,False,1.0,"{""inversion_rho"":null,""inversion_channel"":28.5,""period_ms"":34.399986267089844}"
193280,1,2537.4999,2537.4999,False,1.0,"{""inversion_rho"":null,""inversion_channel"":39.5,""period_ms"":34.399986267089844}"
193280,1,2551.8999,2551.8999,False,1.0,"{""inversion_rho"":null,""inversion_channel"":33.5,""period_ms"":8.700013160705566}"
193280,1,2557.2,2557.2,False,0.25,"{""inversion_rho"":null,""inversion_channel"":27.0,""period_ms"":8.700013160705566}"
193280,1,2569.2999,2569.2999,False,1.0,"{""inversion_rho"":null,""inversion_channel"":29.5,""period_ms"":8.700013160705566}"
193280,1,2614.9001,2614.9001,False,1.0,"{""inversion_rho"":null,""inversion_channel"":28.5,""period_ms"":27.34994888305664}"
193280,1,2642.9,2642.9,False,1.0,"{""inversion_rho"":null,""inversion_channel"":37.5,""period_ms"":27.34994888305664}"
193280,1,2669.8999,2669.8999,False,1.0,"{""inversion_rho"":null,""inversion_channel"":39.5,""period_ms"":27.34994888305664}"
193280,1,2697.0,2697.0,False,1.0,"{""inversion_rho"":null,""inversion_channel"":39.0,""period_ms"":27.34994888305664}"
193280,1,2734.9,2734.9,False,0.875,"{""inversion_rho"":null,""inversion_channel"":33.5,""period_ms"":27.34994888305664}"
193280,1,2794.6,2794.6,False,1.0,"{""inversion_rho"":null,""inversion_channel"":39.5,""period_ms"":27.34994888305664}"
193280,1,2819.7,2819.7,False,1.0,"{""inversion_rho"":null,""inversion_channel"":39.5,""period_ms"":27.34994888305664}"
193280,1,2836.0,2836.0,False,0.875,"{""inversion_rho"":null,""inversion_channel"":33.5,""period_ms"":27.34994888305664}"
193280,1,2857.1,2857.1,False,1.0,"{""inversion_rho"":null,""inversion_channel"":28.5,""period_ms"":27.34994888305664}"
193280,1,2900.7001,2900.7001,False,1.0,"{""inversion_rho"":null,""inversion_channel"":39.5,""period_ms"":27.34994888305664}"
193280,1,2928.2999,2928.2999,False,0.875,"{""inversion_rho"":null,""inversion_channel"":34.5,""period_ms"":27.34994888305664}"
193280,1,2935.4999,2935.4999,False,0.375,"{""inversion_rho"":null,""inversion_channel"":38.5,""period_ms"":24.09994602203369}"
193280,1,2960.0999,2960.0999,False,1.0,"{""inversion_rho"":null,""inversion_channel"":28.5,""period_ms"":24.09994602203369}"
193280,1,2980.2999,2980.2999,False,1.0,"{""inversion_rho"":null,""inversion_channel"":28.5,""period_ms"":24.09994602203369}"
193280,1,3012.1,3012.1,False,0.875,"{""inversion_rho"":null,""inversion_channel"":31.5,""period_ms"":24.09994602203369}"
193280,1,3026.2001,3026.2001,False,1.0,"{""inversion_rho"":null,""inversion_channel"":28.5,""period_ms"":24.09994602203369}"
193280,1,3049.7999,3049.7999,False,1.0,"{""inversion_rho"":null,""inversion_channel"":29.5,""period_ms"":24.09994602203369}"
193280,1,3084.1999,3084.1999,False,0.5,"{""inversion_rho"":null,""inversion_channel"":34.5,""period_ms"":24.09994602203369}"
193280,1,3093.2,3093.2,False,1.0,"{""inversion_rho"":null,""inversion_channel"":29.0,""period_ms"":22.100210189819336}"
193280,1,3131.2001,3131.2001,False,1.0,"{""inversion_rho"":null,""inversion_channel"":39.5,""period_ms"":22.100210189819336}"
193280,1,3154.2001,3154.2001,False,1.0,"{""inversion_rho"":null,""inversion_channel"":34.5,""period_ms"":22.100210189819336}"
193280,1,3170.9001,3170.9001,False,1.0,"{""inversion_rho"":null,""inversion_channel"":28.5,""period_ms"":22.100210189819336}"
193280,1,3203.3999,3203.3999,False,1.0,"{""inversion_rho"":null,""inversion_channel"":29.5,""period_ms"":22.100210189819336}"
193280,1,3225.5001,3225.5001,False,1.0,"{""inversion_rho"":null,""inversion_channel"":34.5,""period_ms"":22.100210189819336}"
193280,1,3240.9,3240.9,False,1.0,"{""inversion_rho"":null,""inversion_channel"":39.5,""period_ms"":22.100210189819336}"
193280,1,3279.0999,3279.0999,False,1.0,"{""inversion_rho"":null,""inversion_channel"":40.0,""period_ms"":22.100210189819336}"
193280,1,3299.9001,3299.9001,False,1.0,"{""inversion_rho"":null,""inversion_channel"":34.5,""period_ms"":22.100210189819336}"
193280,1,3315.9001,3315.9001,False,1.0,"{""inversion_rho"":null,""inversion_channel"":39.5,""period_ms"":22.100210189819336}"
193280,1,3361.8,3361.8,False,1.0,"{""inversion_rho"":null,""inversion_channel"":39.5,""period_ms"":18.30005645751953}"
193280,1,3378.9999,3378.9999,False,1.0,"{""inversion_rho"":null,""inversion_channel"":34.5,""period_ms"":18.30005645751953}"
193280,1,3399.8001,3399.8001,False,1.0,"{""inversion_rho"":null,""inversion_channel"":39.5,""period_ms"":18.30005645751953}"
193280,1,3424.4001,3424.4001,False,0.25,"{""inversion_rho"":null,""inversion_channel"":18.0,""period_ms"":18.30005645751953}"
193280,1,3434.9,3434.9,False,1.0,"{""inversion_rho"":null,""inversion_channel"":39.5,""period_ms"":18.30005645751953}"
193280,1,3453.2001,3453.2001,False,0.875,"{""inversion_rho"":null,""inversion_channel"":34.5,""period_ms"":18.30005645751953}"
193280,1,3509.5,3509.5,False,1.0,"{""inversion_rho"":null,""inversion_channel"":31.5,""period_ms"":9.299993515014648}"
193280,1,3518.8,3518.8,False,1.0,"{""inversion_rho"":null,""inversion_channel"":39.5,""period_ms"":9.299993515014648}"
193280,1,3532.8,3532.8,False,1.0,"{""inversion_rho"":null,""inversion_channel"":34.5,""period_ms"":9.299993515014648}"
193280,1,3541.6999,3541.6999,False,1.0,"{""inversion_rho"":null,""inversion_channel"":39.5,""period_ms"":9.299993515014648}"
193280,1,3572.2001,3572.2001,False,1.0,"{""inversion_rho"":null,""inversion_channel"":39.5,""period_ms"":null}"
193280,1,3612.0999,3612.0999,False,1.0,"{""inversion_rho"":null,""inversion_channel"":39.5,""period_ms"":null}"
193280,1,3618.4001,3618.4001,False,1.0,"{""inversion_rho"":null,""inversion_channel"":34.5,""period_ms"":null}"
193280,1,3638.5,3638.5,False,1.0,"{""inversion_rho"":null,""inversion_channel"":27.5,""period_ms"":null}"
193280,1,3688.9,3688.9,False,1.0,"{""inversion_rho"":null,""inversion_channel"":29.5,""period_ms"":null}"
193280,1,3698.4999,3698.4999,False,1.0,"{""inversion_rho"":null,""inversion_channel"":34.5,""period_ms"":null}"
193280,1,3737.5,3737.5,False,1.0,"{""inversion_rho"":null,""inversion_channel"":39.5,""period_ms"":null}"
193280,1,3774.4,3774.4,False,1.0,"{""inversion_rho"":null,""inversion_channel"":28.5,""period_ms"":null}"
193280,1,3781.6999,3781.6999,False,1.0,"{""inversion_rho"":null,""inversion_channel"":34.5,""period_ms"":23.799896240234375}"
193280,1,3816.4999,3816.4999,False,1.0,"{""inversion_rho"":null,""inversion_channel"":39.5,""period_ms"":23.799896240234375}"
193280,1,3846.7,3846.7,False,1.0,"{""inversion_rho"":null,""inversion_channel"":28.5,""period_ms"":23.799896240234375}"
193280,1,3858.9001,3858.9001,False,1.0,"{""inversion_rho"":null,""inversion_channel"":34.5,""period_ms"":23.799896240234375}"
193280,1,3882.7,3882.7,False,1.0,"{""inversion_rho"":null,""inversion_channel"":28.5,""period_ms"":23.799896240234375}"
193280,1,3914.9001,3914.9001,False,1.0,"{""inversion_rho"":null,""inversion_channel"":29.0,""period_ms"":23.799896240234375}"
193280,1,3932.2,3932.2,False,0.5,"{""inversion_rho"":null,""inversion_channel"":34.5,""period_ms"":23.799896240234375}"
193280,1,3954.2999,3954.2999,False,0.5,"{""inversion_rho"":null,""inversion_channel"":16.0,""period_ms"":23.799896240234375}"
193280,1,3962.3001,3962.3001,False,1.0,"{""inversion_rho"":null,""inversion_channel"":39.5,""period_ms"":26.10015869140625}"
193280,1,3999.7001,3999.7001,False,0.625,"{""inversion_rho"":null,""inversion_channel"":34.5,""period_ms"":26.10015869140625}"
193280,1,4037.9,4037.9,False,1.0,"{""inversion_rho"":null,""inversion_channel"":39.5,""period_ms"":26.10015869140625}"
193280,1,4064.0001,4064.0001,False,0.75,"{""inversion_rho"":null,""inversion_channel"":34.5,""period_ms"":26.10015869140625}"
193280,1,4074.9998,4074.9998,False,1.0,"{""inversion_rho"":null,""inversion_channel"":30.5,""period_ms"":26.10015869140625}"
193280,1,4099.9999,4099.9999,False,1.0,"{""inversion_rho"":null,""inversion_channel"":28.5,""period_ms"":26.10015869140625}"
193280,1,4127.2001,4127.2001,False,0.25,"{""inversion_rho"":null,""inversion_channel"":35.0,""period_ms"":26.10015869140625}"
193280,1,4164.7,4164.7,False,1.0,"{""inversion_rho"":null,""inversion_channel"":28.5,""period_ms"":26.10015869140625}"
193280,1,4186.8,4186.8,False,0.875,"{""inversion_rho"":null,""inversion_channel"":35.0,""period_ms"":26.10015869140625}"
193280,1,4197.4001,4197.4001,False,1.0,"{""inversion_rho"":null,""inversion_channel"":25.5,""period_ms"":26.10015869140625}"
193280,1,4237.5002,4237.5002,False,1.0,"{""inversion_rho"":null,""inversion_channel"":28.5,""period_ms"":null}"
193280,1,4242.6,4242.6,False,0.625,"{""inversion_rho"":null,""inversion_channel"":35.5,""period_ms"":null}"
193280,1,4279.5,4279.5,False,1.0,"{""inversion_rho"":null,""inversion_channel"":29.5,""period_ms"":29.94990348815918}"
193280,1,4298.1,4298.1,False,0.875,"{""inversion_rho"":null,""inversion_channel"":35.5,""period_ms"":29.94990348815918}"
193280,1,4318.6998,4318.6998,False,1.0,"{""inversion_rho"":null,""inversion_channel"":29.0,""period_ms"":29.94990348815918}"
193280,1,4357.9998,4357.9998,False,0.5,"{""inversion_rho"":null,""inversion_channel"":35.5,""period_ms"":29.94990348815918}"
193280,1,4399.7998,4399.7998,False,1.0,"{""inversion_rho"":null,""inversion_channel"":29.0,""period_ms"":29.94990348815918}"
193280,1,4416.2998,4416.2998,False,0.75,"{""inversion_rho"":null,""inversion_channel"":35.5,""period_ms"":27.100086212158203}"
193280,1,4440.8002,4440.8002,False,0.5,"{""inversion_rho"":null,""inversion_channel"":29.5,""period_ms"":27.100086212158203}"
193280,1,4486.1999,4486.1999,False,1.0,"{""inversion_rho"":null,""inversion_channel"":28.5,""period_ms"":27.100086212158203}"
193280,1,4513.2999,4513.2999,False,0.625,"{""inversion_rho"":null,""inversion_channel"":35.5,""period_ms"":27.100086212158203}"
193280,1,4522.3999,4522.3999,False,1.0,"{""inversion_rho"":null,""inversion_channel"":29.5,""period_ms"":null}"
193280,1,4560.9999,4560.9999,False,0.75,"{""inversion_rho"":null,""inversion_channel"":35.5,""period_ms"":null}"
193280,1,4571.1002,4571.1002,False,1.0,"{""inversion_rho"":null,""inversion_channel"":29.0,""period_ms"":null}"
193280,1,4599.8001,4599.8001,False,1.0,"{""inversion_rho"":null,""inversion_channel"":29.5,""period_ms"":null}"
193280,1,4611.1999,4611.1999,False,1.0,"{""inversion_rho"":null,""inversion_channel"":35.5,""period_ms"":30.40003776550293}"
193280,1,4641.6998,4641.6998,False,1.0,"{""inversion_rho"":null,""inversion_channel"":29.5,""period_ms"":30.40003776550293}"
193280,1,4678.0,4678.0,False,1.0,"{""inversion_rho"":null,""inversion_channel"":29.5,""period_ms"":30.40003776550293}"
193280,1,4699.6999,4699.6999,False,0.75,"{""inversion_rho"":null,""inversion_channel"":35.5,""period_ms"":30.40003776550293}"
193280,1,4725.4,4725.4,False,1.0,"{""inversion_rho"":null,""inversion_channel"":29.5,""period_ms"":30.40003776550293}"
193280,1,4750.1001,4750.1001,False,0.625,"{""inversion_rho"":null,""inversion_channel"":35.5,""period_ms"":30.40003776550293}"
193280,1,4765.8,4765.8,False,1.0,"{""inversion_rho"":null,""inversion_channel"":29.5,""period_ms"":30.40003776550293}"
193280,1,4796.1001,4796.1001,False,1.0,"{""inversion_rho"":null,""inversion_channel"":29.5,""period_ms"":30.40003776550293}"
193280,1,4832.5,4832.5,False,1.0,"{""inversion_rho"":null,""inversion_channel"":29.0,""period_ms"":30.40003776550293}"
193280,1,4872.7999,4872.7999,False,1.0,"{""inversion_rho"":null,""inversion_channel"":29.0,""period_ms"":30.40003776550293}"
193280,1,4934.2999,4934.2999,False,1.0,"{""inversion_rho"":null,""inversion_channel"":29.5,""period_ms"":30.40003776550293}"
193280,1,4957.2001,4957.2001,False,1.0,"{""inversion_rho"":null,""inversion_channel"":29.0,""period_ms"":26.199817657470703}"
193280,1,4979.4998,4979.4998,False,1.0,"{""inversion_rho"":null,""inversion_channel"":29.5,""period_ms"":26.199817657470703}"
193280,1,5014.5998,5014.5998,False,1.0,"{""inversion_rho"":null,""inversion_channel"":29.5,""period_ms"":26.199817657470703}"
193280,1,5052.1998,5052.1998,False,1.0,"{""inversion_rho"":null,""inversion_channel"":29.5,""period_ms"":26.199817657470703}"
193280,1,5078.1999,5078.1999,False,1.0,"{""inversion_rho"":null,""inversion_channel"":30.0,""period_ms"":26.199817657470703}"
193280,1,5117.0001,5117.0001,False,1.0,"{""inversion_rho"":null,""inversion_channel"":29.5,""period_ms"":26.199817657470703}"
193280,1,5137.1002,5137.1002,False,0.375,"{""inversion_rho"":null,""inversion_channel"":38.0,""period_ms"":26.199817657470703}"
193280,1,5159.4,5159.4,False,1.0,"{""inversion_rho"":null,""inversion_channel"":29.5,""period_ms"":26.199817657470703}"
193280,1,5181.3998,5181.3998,False,0.75,"{""inversion_rho"":null,""inversion_channel"":35.5,""period_ms"":26.199817657470703}"
193280,1,5200.7999,5200.7999,False,1.0,"{""inversion_rho"":null,""inversion_channel"":39.5,""period_ms"":26.199817657470703}"
193280,1,5239.2998,5239.2998,False,1.0,"{""inversion_rho"":null,""inversion_channel"":29.5,""period_ms"":26.199817657470703}"
193280,1,5263.8998,5263.8998,False,1.0,"{""inversion_rho"":null,""inversion_channel"":28.5,""period_ms"":26.199817657470703}"
193280,1,5284.2002,5284.2002,False,1.0,"{""inversion_rho"":null,""inversion_channel"":30.0,""period_ms"":26.199817657470703}"
193280,1,5320.0002,5320.0002,False,1.0,"{""inversion_rho"":null,""inversion_channel"":30.0,""period_ms"":26.199817657470703}"
193280,1,5339.0002,5339.0002,False,1.0,"{""inversion_rho"":null,""inversion_channel"":29.5,""period_ms"":26.199817657470703}"
193280,1,5377.9998,5377.9998,False,1.0,"{""inversion_rho"":null,""inversion_channel"":29.5,""period_ms"":26.199817657470703}"
193280,1,5403.1,5403.1,False,1.0,"{""inversion_rho"":null,""inversion_channel"":28.0,""period_ms"":26.199817657470703}"
193280,1,5441.0,5441.0,False,1.0,"{""inversion_rho"":null,""inversion_channel"":29.5,""period_ms"":26.199817657470703}"
193280,1,5533.9999,5533.9999,False,1.0,"{""inversion_rho"":null,""inversion_channel"":30.5,""period_ms"":26.199817657470703}"
193280,1,5572.8998,5572.8998,False,1.0,"{""inversion_rho"":null,""inversion_channel"":39.5,""period_ms"":26.199817657470703}"
193280,1,5636.7002,5636.7002,False,1.0,"{""inversion_rho"":null,""inversion_channel"":29.5,""period_ms"":26.199817657470703}"
193280,1,5662.9,5662.9,False,0.625,"{""inversion_rho"":null,""inversion_channel"":38.5,""period_ms"":26.199817657470703}"
193280,1,5671.5999,5671.5999,False,1.0,"{""inversion_rho"":null,""inversion_channel"":31.0,""period_ms"":null}"
193280,1,5735.3001,5735.3001,False,1.0,"{""inversion_rho"":null,""inversion_channel"":30.5,""period_ms"":null}"
193280,1,5742.4998,5742.4998,False,0.375,"{""inversion_rho"":null,""inversion_channel"":38.0,""period_ms"":11.500120162963867}"
193280,1,5750.1001,5750.1001,False,1.0,"{""inversion_rho"":null,""inversion_channel"":29.5,""period_ms"":11.500120162963867}"
193280,1,5765.5001,5765.5001,False,0.5,"{""inversion_rho"":null,""inversion_channel"":35.5,""period_ms"":11.500120162963867}"
193280,1,5815.0001,5815.0001,False,1.0,"{""inversion_rho"":null,""inversion_channel"":29.5,""period_ms"":21.699905395507812}"
193280,1,5834.6,5834.6,False,1.0,"{""inversion_rho"":null,""inversion_channel"":39.5,""period_ms"":21.699905395507812}"
193280,1,5868.8002,5868.8002,False,1.0,"{""inversion_rho"":null,""inversion_channel"":28.5,""period_ms"":21.699905395507812}"
193280,1,5890.5001,5890.5001,False,0.5,"{""inversion_rho"":null,""inversion_channel"":17.5,""period_ms"":21.699905395507812}"
193280,1,6081.9001,6081.9001,False,1.0,"{""inversion_rho"":null,""inversion_channel"":28.5,""period_ms"":null}"
193280,1,41.0,57.3,True,1.0,"{""inversion_rho"":null,""inversion_channel"":38.5,""period_ms"":8.150000125169754}"
193280,1,1063.3,1554.5,True,1.0,"{""inversion_rho"":null,""inversion_channel"":24.0,""period_ms"":31.350016593933105}"
193280,1,1626.7999,1657.6999,True,1.0,"{""inversion_rho"":null,""inversion_channel"":21.0,""period_ms"":9.50002670288086}"
193280,1,1682.9,2157.5999,True,1.0,"{""inversion_rho"":null,""inversion_channel"":28.25,""period_ms"":33.59997272491455}"
193280,1,2200.7,2243.4001,True,1.0,"{""inversion_rho"":null,""inversion_channel"":27.5,""period_ms"":21.35002613067627}"
193280,1,2334.3,2393.8999,True,1.0,"{""inversion_rho"":null,""inversion_channel"":29.0,""period_ms"":15.700101852416992}"
193280,1,2468.6999,2537.4999,True,1.0,"{""inversion_rho"":null,""inversion_channel"":28.5,""period_ms"":34.399986267089844}"
193280,1,2551.8999,2569.2999,True,1.0,"{""inversion_rho"":null,""inversion_channel"":29.5,""period_ms"":8.700013160705566}"
193280,1,2614.9001,2928.2999,True,1.0,"{""inversion_rho"":null,""inversion_channel"":37.5,""period_ms"":27.34994888305664}"
193280,1,2935.4999,3084.1999,True,1.0,"{""inversion_rho"":null,""inversion_channel"":29.5,""period_ms"":24.09994602203369}"
193280,1,3093.2,3315.9001,True,1.0,"{""inversion_rho"":null,""inversion_channel"":34.5,""period_ms"":22.100210189819336}"
193280,1,3361.8,3453.2001,True,1.0,"{""inversion_rho"":null,""inversion_channel"":37.0,""period_ms"":18.30005645751953}"
193280,1,3509.5,3541.6999,True,1.0,"{""inversion_rho"":null,""inversion_channel"":37.0,""period_ms"":9.299993515014648}"
193280,1,3781.6999,3954.2999,True,1.0,"{""inversion_rho"":null,""inversion_channel"":31.75,""period_ms"":23.799896240234375}"
193280,1,3962.3001,4197.4001,True,1.0,"{""inversion_rho"":null,""inversion_channel"":34.5,""period_ms"":26.10015869140625}"
193280,1,4279.5,4399.7998,True,1.0,"{""inversion_rho"":null,""inversion_channel"":29.5,""period_ms"":29.94990348815918}"
193280,1,4416.2998,4513.2999,True,1.0,"{""inversion_rho"":null,""inversion_channel"":32.5,""period_ms"":27.100086212158203}"
193280,1,4611.1999,4934.2999,True,1.0,"{""inversion_rho"":null,""inversion_channel"":29.5,""period_ms"":30.40003776550293}"
193280,1,4957.2001,5662.9,True,1.0,"{""inversion_rho"":null,""inversion_channel"":29.5,""period_ms"":26.199817657470703}"
193280,1,5742.4998,5765.5001,True,1.0,"{""inversion_rho"":null,""inversion_channel"":35.5,""period_ms"":11.500120162963867}"
193280,1,5815.0001,5890.5001,True,1.0,"{""inversion_rho"":null,""inversion_channel"":29.0,""period_ms"":21.699905395507812}"
193281,1,1086.0,1086.0,False,0.875,"{""inversion_rho"":null,""inversion_channel"":23.5,""period_ms"":31.399965286254883}"
193281,1,1114.3,1114.3,False,1.0,"{""inversion_rho"":null,""inversion_channel"":23.5,""period_ms"":31.399965286254883}"
193281,1,1145.7,1145.7,False,1.0,"{""inversion_rho"":null,""inversion_channel"":23.5,""period_ms"":31.399965286254883}"
193281,1,1171.7,1171.7,False,1.0,"{""inversion_rho"":null,""inversion_channel"":25.5,""period_ms"":31.399965286254883}"
193281,1,1198.5,1198.5,False,1.0,"{""inversion_rho"":null,""inversion_channel"":26.0,""period_ms"":31.399965286254883}"
193281,1,1233.3,1233.3,False,1.0,"{""inversion_rho"":null,""inversion_channel"":27.0,""period_ms"":31.399965286254883}"
193281,1,1288.1,1288.1,False,1.0,"{""inversion_rho"":null,""inversion_channel"":27.5,""period_ms"":31.399965286254883}"
193281,1,1345.7,1345.7,False,1.0,"{""inversion_rho"":null,""inversion_channel"":28.0,""period_ms"":31.399965286254883}"
193281,1,1355.2001,1355.2001,False,1.0,"{""inversion_rho"":null,""inversion_channel"":28.0,""period_ms"":140.6499743461609}"
193281,1,1449.2,1449.2,False,1.0,"{""inversion_rho"":null,""inversion_channel"":31.5,""period_ms"":140.6499743461609}"
193281,1,1636.5,1636.5,False,0.375,"{""inversion_rho"":null,""inversion_channel"":12.5,""period_ms"":140.6499743461609}"
193281,1,1645.4999,1645.4999,False,1.0,"{""inversion_rho"":null,""inversion_channel"":12.5,""period_ms"":null}"
193281,1,1653.0,1653.0,False,1.0,"{""inversion_rho"":null,""inversion_channel"":29.0,""period_ms"":null}"
193281,1,1722.1,1722.1,False,1.0,"{""inversion_rho"":null,""inversion_channel"":17.5,""period_ms"":13.849973678588867}"
193281,1,1733.5,1733.5,False,1.0,"{""inversion_rho"":null,""inversion_channel"":29.0,""period_ms"":13.849973678588867}"
193281,1,1749.8,1749.8,False,1.0,"{""inversion_rho"":null,""inversion_channel"":21.5,""period_ms"":13.849973678588867}"
193281,1,1799.1,1799.1,False,1.0,"{""inversion_rho"":null,""inversion_channel"":22.5,""period_ms"":29.000043869018555}"
193281,1,1840.7,1840.7,False,1.0,"{""inversion_rho"":null,""inversion_channel"":33.5,""period_ms"":29.000043869018555}"
193281,1,1881.2,1881.2,False,1.0,"{""inversion_rho"":null,""inversion_channel"":24.5,""period_ms"":29.000043869018555}"
193281,1,1920.6001,1920.6001,False,1.0,"{""inversion_rho"":null,""inversion_channel"":27.5,""period_ms"":29.000043869018555}"
193281,1,1939.2,1939.2,False,1.0,"{""inversion_rho"":null,""inversion_channel"":27.5,""period_ms"":29.000043869018555}"
193281,1,1950.7999,1950.7999,False,0.375,"{""inversion_rho"":null,""inversion_channel"":33.0,""period_ms"":29.000043869018555}"
193281,1,1960.1001,1960.1001,False,1.0,"{""inversion_rho"":null,""inversion_channel"":27.5,""period_ms"":29.000043869018555}"
193281,1,2005.1999,2005.1999,False,1.0,"{""inversion_rho"":null,""inversion_channel"":26.5,""period_ms"":null}"
193281,1,2046.7,2046.7,False,1.0,"{""inversion_rho"":null,""inversion_channel"":31.5,""period_ms"":null}"
193281,1,2058.1999,2058.1999,False,1.0,"{""inversion_rho"":null,""inversion_channel"":27.5,""period_ms"":34.350037574768066}"
193281,1,2092.6001,2092.6001,False,1.0,"{""inversion_rho"":null,""inversion_channel"":28.0,""period_ms"":34.350037574768066}"
193281,1,2126.9,2126.9,False,0.5,"{""inversion_rho"":null,""inversion_channel"":25.0,""period_ms"":34.350037574768066}"
193281,1,2131.9001,2131.9001,False,1.0,"{""inversion_rho"":null,""inversion_channel"":33.5,""period_ms"":42.549967765808105}"
193281,1,2180.3999,2180.3999,False,1.0,"{""inversion_rho"":null,""inversion_channel"":28.5,""period_ms"":42.549967765808105}"
193281,1,2217.0,2217.0,False,1.0,"{""inversion_rho"":null,""inversion_channel"":28.0,""period_ms"":42.549967765808105}"
193281,1,2227.6001,2227.6001,False,1.0,"{""inversion_rho"":null,""inversion_channel"":33.5,""period_ms"":12.30001449584961}"
193281,1,2238.1001,2238.1001,False,1.0,"{""inversion_rho"":null,""inversion_channel"":27.5,""period_ms"":12.30001449584961}"
193281,1,2262.5,2262.5,False,0.25,"{""inversion_rho"":null,""inversion_channel"":40.5,""period_ms"":12.30001449584961}"
193281,1,2274.8001,2274.8001,False,1.0,"{""inversion_rho"":null,""inversion_channel"":27.5,""period_ms"":12.30001449584961}"
193281,1,2314.6,2314.6,False,1.0,"{""inversion_rho"":null,""inversion_channel"":28.5,""period_ms"":null}"
193281,1,2320.4999,2320.4999,False,1.0,"{""inversion_rho"":null,""inversion_channel"":33.5,""period_ms"":null}"
193281,1,2344.1999,2344.1999,False,1.0,"{""inversion_rho"":null,""inversion_channel"":29.0,""period_ms"":21.699905395507812}"
193281,1,2362.9999,2362.9999,False,1.0,"{""inversion_rho"":null,""inversion_channel"":27.5,""period_ms"":21.699905395507812}"
193281,1,2402.6999,2402.6999,False,1.0,"{""inversion_rho"":null,""inversion_channel"":25.0,""period_ms"":21.699905395507812}"
193281,1,2419.5001,2419.5001,False,1.0,"{""inversion_rho"":null,""inversion_channel"":33.5,""period_ms"":21.699905395507812}"
193281,1,2447.5,2447.5,False,1.0,"{""inversion_rho"":null,""inversion_channel"":27.5,""period_ms"":21.699905395507812}"
193281,1,2473.4001,2473.4001,False,1.0,"{""inversion_rho"":null,""inversion_channel"":30.0,""period_ms"":21.699905395507812}"
193281,1,2494.4,2494.4,False,0.25,"{""inversion_rho"":null,""inversion_channel"":28.5,""period_ms"":21.699905395507812}"
193281,1,2529.4001,2529.4001,False,1.0,"{""inversion_rho"":null,""inversion_channel"":39.5,""period_ms"":21.699905395507812}"
193281,1,2568.1,2568.1,False,1.0,"{""inversion_rho"":null,""inversion_channel"":29.5,""period_ms"":21.699905395507812}"
193281,1,2588.5,2588.5,False,1.0,"{""inversion_rho"":null,""inversion_channel"":34.0,""period_ms"":21.699905395507812}"
193281,1,2607.3,2607.3,False,1.0,"{""inversion_rho"":null,""inversion_channel"":28.0,""period_ms"":21.699905395507812}"
193281,1,2653.8999,2653.8999,False,1.0,"{""inversion_rho"":null,""inversion_channel"":39.5,""period_ms"":21.699905395507812}"
193281,1,2674.5,2674.5,False,1.0,"{""inversion_rho"":null,""inversion_channel"":34.5,""period_ms"":21.699905395507812}"
193281,1,2692.1999,2692.1999,False,1.0,"{""inversion_rho"":null,""inversion_channel"":40.5,""period_ms"":21.699905395507812}"
193281,1,2730.9,2730.9,False,1.0,"{""inversion_rho"":null,""inversion_channel"":39.5,""period_ms"":21.699905395507812}"
193281,1,2753.3,2753.3,False,1.0,"{""inversion_rho"":null,""inversion_channel"":34.5,""period_ms"":21.699905395507812}"
193281,1,2769.2001,2769.2001,False,1.0,"{""inversion_rho"":null,""inversion_channel"":31.5,""period_ms"":21.699905395507812}"
193281,1,2813.6001,2813.6001,False,1.0,"{""inversion_rho"":null,""inversion_channel"":39.5,""period_ms"":18.30005645751953}"
193281,1,2824.8,2824.8,False,1.0,"{""inversion_rho"":null,""inversion_channel"":34.5,""period_ms"":18.30005645751953}"
193281,1,2851.9001,2851.9001,False,1.0,"{""inversion_rho"":null,""inversion_channel"":31.0,""period_ms"":18.30005645751953}"
193281,1,2884.9001,2884.9001,False,1.0,"{""inversion_rho"":null,""inversion_channel"":39.5,""period_ms"":18.30005645751953}"
193281,1,2901.7,2901.7,False,0.75,"{""inversion_rho"":null,""inversion_channel"":34.5,""period_ms"":18.30005645751953}"
193281,1,2920.0001,2920.0001,False,1.0,"{""inversion_rho"":null,""inversion_channel"":19.5,""period_ms"":18.30005645751953}"
193281,1,2977.7999,2977.7999,False,1.0,"{""inversion_rho"":null,""inversion_channel"":39.5,""period_ms"":45.45009136199951}"
193281,1,3028.3,3028.3,False,1.0,"{""inversion_rho"":null,""inversion_channel"":39.5,""period_ms"":45.45009136199951}"
193281,1,3068.7001,3068.7001,False,1.0,"{""inversion_rho"":null,""inversion_channel"":34.5,""period_ms"":45.45009136199951}"
193281,1,3074.1999,3074.1999,False,1.0,"{""inversion_rho"":null,""inversion_channel"":39.5,""period_ms"":34.600019454956055}"
193281,1,3111.3999,3111.3999,False,1.0,"{""inversion_rho"":null,""inversion_channel"":40.5,""period_ms"":34.600019454956055}"
193281,1,3145.9999,3145.9999,False,0.5,"{""inversion_rho"":null,""inversion_channel"":34.5,""period_ms"":34.600019454956055}"
193281,1,3161.4001,3161.4001,False,1.0,"{""inversion_rho"":null,""inversion_channel"":21.0,""period_ms"":34.600019454956055}"
193281,1,3223.0999,3223.0999,False,1.0,"{""inversion_rho"":null,""inversion_channel"":22.0,""period_ms"":11.200189590454102}"
193281,1,3238.3001,3238.3001,False,0.625,"{""inversion_rho"":null,""inversion_channel"":34.5,""period_ms"":11.200189590454102}"
193281,1,3244.4999,3244.4999,False,0.25,"{""inversion_rho"":null,""inversion_channel"":30.0,""period_ms"":11.200189590454102}"
193281,1,3255.7001,3255.7001,False,1.0,"{""inversion_rho"":null,""inversion_channel"":40.5,""period_ms"":11.200189590454102}"
193281,1,3297.1001,3297.1001,False,1.0,"{""inversion_rho"":null,""inversion_channel"":24.5,""period_ms"":32.75001049041748}"
193281,1,3333.1001,3333.1001,False,1.0,"{""inversion_rho"":null,""inversion_channel"":26.5,""period_ms"":32.75001049041748}"
193281,1,3362.6001,3362.6001,False,0.25,"{""inversion_rho"":null,""inversion_channel"":22.0,""period_ms"":32.75001049041748}"
193281,1,3375.7,3375.7,False,1.0,"{""inversion_rho"":null,""inversion_channel"":26.5,""period_ms"":32.75001049041748}"
193281,1,3397.3,3397.3,False,1.0,"{""inversion_rho"":null,""inversion_channel"":25.5,""period_ms"":32.75001049041748}"
193281,1,3450.5999,3450.5999,False,1.0,"{""inversion_rho"":null,""inversion_channel"":26.5,""period_ms"":32.75001049041748}"
193281,1,3487.0999,3487.0999,False,1.0,"{""inversion_rho"":null,""inversion_channel"":25.0,""period_ms"":32.75001049041748}"
193281,1,3493.0999,3493.0999,False,1.0,"{""inversion_rho"":null,""inversion_channel"":28.5,""period_ms"":32.50002861022949}"
193281,1,3520.6001,3520.6001,False,1.0,"{""inversion_rho"":null,""inversion_channel"":36.5,""period_ms"":32.50002861022949}"
193281,1,3561.6,3561.6,False,1.0,"{""inversion_rho"":null,""inversion_channel"":40.0,""period_ms"":32.50002861022949}"
193281,1,3591.0001,3591.0001,False,1.0,"{""inversion_rho"":null,""inversion_channel"":28.5,""period_ms"":32.50002861022949}"
193281,1,3639.8001,3639.8001,False,0.625,"{""inversion_rho"":null,""inversion_channel"":36.0,""period_ms"":32.50002861022949}"
193281,1,3659.8001,3659.8001,False,1.0,"{""inversion_rho"":null,""inversion_channel"":39.5,""period_ms"":32.50002861022949}"
193281,1,3696.8999,3696.8999,False,1.0,"{""inversion_rho"":null,""inversion_channel"":29.5,""period_ms"":32.50002861022949}"
193281,1,3734.2999,3734.2999,False,1.0,"{""inversion_rho"":null,""inversion_channel"":40.5,""period_ms"":32.50002861022949}"
193281,1,3772.0001,3772.0001,False,1.0,"{""inversion_rho"":null,""inversion_channel"":28.5,""period_ms"":32.50002861022949}"
193281,1,3800.0,3800.0,False,1.0,"{""inversion_rho"":null,""inversion_channel"":28.5,""period_ms"":32.50002861022949}"
193281,1,3821.8,3821.8,False,1.0,"{""inversion_rho"":null,""inversion_channel"":30.0,""period_ms"":32.50002861022949}"
193281,1,3854.3,3854.3,False,1.0,"{""inversion_rho"":null,""inversion_channel"":19.0,""period_ms"":32.50002861022949}"
193281,1,3860.1,3860.1,False,1.0,"{""inversion_rho"":null,""inversion_channel"":29.0,""period_ms"":19.099950790405273}"
193281,1,3876.4,3876.4,False,0.25,"{""inversion_rho"":null,""inversion_channel"":34.5,""period_ms"":19.099950790405273}"
193281,1,3898.2999,3898.2999,False,1.0,"{""inversion_rho"":null,""inversion_channel"":39.5,""period_ms"":19.099950790405273}"
193281,1,3922.2,3922.2,False,1.0,"{""inversion_rho"":null,""inversion_channel"":39.5,""period_ms"":19.099950790405273}"
193281,1,3936.3999,3936.3999,False,1.0,"{""inversion_rho"":null,""inversion_channel"":39.5,""period_ms"":19.099950790405273}"
193281,1,3964.7999,3964.7999,False,1.0,"{""inversion_rho"":null,""inversion_channel"":29.5,""period_ms"":19.099950790405273}"
193281,1,3979.7001,3979.7001,False,1.0,"{""inversion_rho"":null,""inversion_channel"":31.5,""period_ms"":19.099950790405273}"
193281,1,4017.6001,4017.6001,False,1.0,"{""inversion_rho"":null,""inversion_channel"":29.5,""period_ms"":22.449970245361328}"
193281,1,4039.4001,4039.4001,False,1.0,"{""inversion_rho"":null,""inversion_channel"":28.0,""period_ms"":22.449970245361328}"
193281,1,4060.1001,4060.1001,False,1.0,"{""inversion_rho"":null,""inversion_channel"":31.5,""period_ms"":22.449970245361328}"
193281,1,4083.2,4083.2,False,1.0,"{""inversion_rho"":null,""inversion_channel"":29.5,""period_ms"":22.449970245361328}"
193281,1,4128.3002,4128.3002,False,1.0,"{""inversion_rho"":null,""inversion_channel"":40.5,""period_ms"":22.449970245361328}"
193281,1,4138.1001,4138.1001,False,1.0,"{""inversion_rho"":null,""inversion_channel"":29.5,""period_ms"":null}"
193281,1,4164.1998,4164.1998,False,0.375,"{""inversion_rho"":null,""inversion_channel"":35.0,""period_ms"":null}"
193281,1,4171.1001,4171.1001,False,1.0,"{""inversion_rho"":null,""inversion_channel"":29.5,""period_ms"":14.899730682373047}"
193281,1,4200.2001,4200.2001,False,1.0,"{""inversion_rho"":null,""inversion_channel"":25.5,""period_ms"":14.899730682373047}"
193281,1,4215.0998,4215.0998,False,0.5,"{""inversion_rho"":null,""inversion_channel"":32.5,""period_ms"":14.899730682373047}"
193281,1,4223.0,4223.0,False,1.0,"{""inversion_rho"":null,""inversion_channel"":29.5,""period_ms"":14.899730682373047}"
193281,1,4259.6002,4259.6002,False,1.0,"{""inversion_rho"":null,""inversion_channel"":39.5,""period_ms"":23.3001708984375}"
193281,1,4299.2001,4299.2001,False,1.0,"{""inversion_rho"":null,""inversion_channel"":38.5,""period_ms"":23.3001708984375}"
193281,1,4315.4001,4315.4001,False,1.0,"{""inversion_rho"":null,""inversion_channel"":39.5,""period_ms"":23.3001708984375}"
193281,1,4339.7002,4339.7002,False,1.0,"{""inversion_rho"":null,""inversion_channel"":29.5,""period_ms"":23.3001708984375}"
193281,1,4363.6999,4363.6999,False,0.625,"{""inversion_rho"":null,""inversion_channel"":35.5,""period_ms"":23.3001708984375}"
193281,1,4377.2998,4377.2998,False,1.0,"{""inversion_rho"":null,""inversion_channel"":29.5,""period_ms"":23.3001708984375}"
193281,1,4400.6,4400.6,False,1.0,"{""inversion_rho"":null,""inversion_channel"":39.5,""period_ms"":23.3001708984375}"
193281,1,4414.5002,4414.5002,False,0.5,"{""inversion_rho"":null,""inversion_channel"":35.5,""period_ms"":23.3001708984375}"
193281,1,4419.7001,4419.7001,False,1.0,"{""inversion_rho"":null,""inversion_channel"":29.5,""period_ms"":20.69997787475586}"
193281,1,4442.9002,4442.9002,False,0.25,"{""inversion_rho"":null,""inversion_channel"":31.0,""period_ms"":20.69997787475586}"
193281,1,4463.6002,4463.6002,False,0.75,"{""inversion_rho"":null,""inversion_channel"":35.5,""period_ms"":20.69997787475586}"
193281,1,4473.4998,4473.4998,False,1.0,"{""inversion_rho"":null,""inversion_channel"":29.5,""period_ms"":20.69997787475586}"
193281,1,4499.8999,4499.8999,False,1.0,"{""inversion_rho"":null,""inversion_channel"":28.5,""period_ms"":17.600059509277344}"
193281,1,4514.8001,4514.8001,False,0.625,"{""inversion_rho"":null,""inversion_channel"":35.5,""period_ms"":17.600059509277344}"
193281,1,4535.1,4535.1,False,1.0,"{""inversion_rho"":null,""inversion_channel"":30.5,""period_ms"":17.600059509277344}"
193281,1,4561.9998,4561.9998,False,0.75,"{""inversion_rho"":null,""inversion_channel"":35.5,""period_ms"":17.600059509277344}"
193281,1,4576.3001,4576.3001,False,1.0,"{""inversion_rho"":null,""inversion_channel"":30.5,""period_ms"":17.600059509277344}"
193281,1,4617.4002,4617.4002,False,1.0,"{""inversion_rho"":null,""inversion_channel"":30.5,""period_ms"":26.149988174438477}"
193281,1,4651.7,4651.7,False,1.0,"{""inversion_rho"":null,""inversion_channel"":29.5,""period_ms"":26.149988174438477}"
193281,1,4679.8,4679.8,False,1.0,"{""inversion_rho"":null,""inversion_channel"":29.5,""period_ms"":26.149988174438477}"
193281,1,4704.8001,4704.8001,False,0.375,"{""inversion_rho"":null,""inversion_channel"":35.5,""period_ms"":26.149988174438477}"
193281,1,4719.2001,4719.2001,False,1.0,"{""inversion_rho"":null,""inversion_channel"":29.5,""period_ms"":26.149988174438477}"
193281,1,4746.5,4746.5,False,0.75,"{""inversion_rho"":null,""inversion_channel"":29.5,""period_ms"":26.149988174438477}"
193281,1,4762.0001,4762.0001,False,1.0,"{""inversion_rho"":null,""inversion_channel"":29.5,""period_ms"":26.149988174438477}"
193281,1,4790.7,4790.7,False,0.5,"{""inversion_rho"":null,""inversion_channel"":35.5,""period_ms"":26.149988174438477}"
193281,1,4802.7,4802.7,False,1.0,"{""inversion_rho"":null,""inversion_channel"":28.5,""period_ms"":26.149988174438477}"
193281,1,4837.1,4837.1,False,1.0,"{""inversion_rho"":null,""inversion_channel"":29.5,""period_ms"":null}"
193281,1,4876.9999,4876.9999,False,0.375,"{""inversion_rho"":null,""inversion_channel"":35.5,""period_ms"":null}"
193281,1,4882.1998,4882.1998,False,1.0,"{""inversion_rho"":null,""inversion_channel"":29.5,""period_ms"":34.70015525817871}"
193281,1,4915.4,4915.4,False,1.0,"{""inversion_rho"":null,""inversion_channel"":31.0,""period_ms"":34.70015525817871}"
193281,1,4951.6001,4951.6001,False,1.0,"{""inversion_rho"":null,""inversion_channel"":29.5,""period_ms"":34.70015525817871}"
193281,1,4962.4,4962.4,False,0.625,"{""inversion_rho"":null,""inversion_channel"":35.5,""period_ms"":18.599987030029297}"
193281,1,4980.9999,4980.9999,False,1.0,"{""inversion_rho"":null,""inversion_channel"":29.5,""period_ms"":18.599987030029297}"
193281,1,5006.7,5006.7,False,0.25,"{""inversion_rho"":null,""inversion_channel"":35.5,""period_ms"":18.599987030029297}"
193281,1,5017.0999,5017.0999,False,1.0,"{""inversion_rho"":null,""inversion_channel"":39.5,""period_ms"":18.599987030029297}"
193281,1,5052.1998,5052.1998,False,0.375,"{""inversion_rho"":null,""inversion_channel"":35.5,""period_ms"":null}"
193281,1,5061.9001,5061.9001,False,1.0,"{""inversion_rho"":null,""inversion_channel"":28.5,""period_ms"":null}"
193281,1,5163.1999,5163.1999,False,1.0,"{""inversion_rho"":null,""inversion_channel"":29.5,""period_ms"":19.00005340576172}"
193281,1,5179.4,5179.4,False,1.0,"{""inversion_rho"":null,""inversion_channel"":29.5,""period_ms"":19.00005340576172}"
193281,1,5198.5998,5198.5998,False,1.0,"{""inversion_rho"":null,""inversion_channel"":39.5,""period_ms"":19.00005340576172}"
193281,1,5217.5999,5217.5999,False,1.0,"{""inversion_rho"":null,""inversion_channel"":29.0,""period_ms"":19.00005340576172}"
193281,1,5278.3999,5278.3999,False,1.0,"{""inversion_rho"":null,""inversion_channel"":39.5,""period_ms"":null}"
193281,1,5300.0002,5300.0002,False,1.0,"{""inversion_rho"":null,""inversion_channel"":27.0,""period_ms"":null}"
193281,1,5414.1002,5414.1002,False,1.0,"{""inversion_rho"":null,""inversion_channel"":29.5,""period_ms"":24.899959564208984}"
193281,1,5444.2,5444.2,False,1.0,"{""inversion_rho"":null,""inversion_channel"":39.5,""period_ms"":24.899959564208984}"
193281,1,5477.2,5477.2,False,1.0,"{""inversion_rho"":null,""inversion_channel"":30.0,""period_ms"":24.899959564208984}"
193281,1,5498.4999,5498.4999,False,1.0,"{""inversion_rho"":null,""inversion_channel"":29.0,""period_ms"":24.899959564208984}"
193281,1,5516.7999,5516.7999,False,0.75,"{""inversion_rho"":null,""inversion_channel"":35.5,""period_ms"":24.899959564208984}"
193281,1,5533.5999,5533.5999,False,1.0,"{""inversion_rho"":null,""inversion_channel"":31.5,""period_ms"":24.899959564208984}"
193281,1,5562.0999,5562.0999,False,0.5,"{""inversion_rho"":null,""inversion_channel"":35.5,""period_ms"":24.899959564208984}"
193281,1,5571.3,5571.3,False,1.0,"{""inversion_rho"":null,""inversion_channel"":28.0,""period_ms"":null}"
193281,1,5579.5999,5579.5999,False,1.0,"{""inversion_rho"":null,""inversion_channel"":31.5,""period_ms"":null}"
193281,1,5616.3998,5616.3998,False,1.0,"{""inversion_rho"":null,""inversion_channel"":30.5,""period_ms"":null}"
193281,1,5643.7001,5643.7001,False,1.0,"{""inversion_rho"":null,""inversion_channel"":30.5,""period_ms"":null}"
193281,1,5654.6001,5654.6001,False,0.5,"{""inversion_rho"":null,""inversion_channel"":35.5,""period_ms"":37.549734115600586}"
193281,1,5678.5002,5678.5002,False,1.0,"{""inversion_rho"":null,""inversion_channel"":29.5,""period_ms"":37.549734115600586}"
193281,1,5697.1002,5697.1002,False,0.625,"{""inversion_rho"":null,""inversion_channel"":36.0,""period_ms"":37.549734115600586}"
193281,1,5717.1001,5717.1001,False,1.0,"{""inversion_rho"":null,""inversion_channel"":29.5,""period_ms"":37.549734115600586}"
193281,1,5739.6002,5739.6002,False,1.0,"{""inversion_rho"":null,""inversion_channel"":30.5,""period_ms"":37.549734115600586}"
193281,1,5777.5998,5777.5998,False,1.0,"{""inversion_rho"":null,""inversion_channel"":29.5,""period_ms"":37.549734115600586}"
193281,1,5817.9998,5817.9998,False,1.0,"{""inversion_rho"":null,""inversion_channel"":30.5,""period_ms"":37.549734115600586}"
193281,1,5863.4,5863.4,False,1.0,"{""inversion_rho"":null,""inversion_channel"":30.0,""period_ms"":37.549734115600586}"
193281,1,5898.6001,5898.6001,False,1.0,"{""inversion_rho"":null,""inversion_channel"":29.5,""period_ms"":37.549734115600586}"
193281,1,5937.7999,5937.7999,False,1.0,"{""inversion_rho"":null,""inversion_channel"":29.5,""period_ms"":37.549734115600586}"
193281,1,5976.8,5976.8,False,1.0,"{""inversion_rho"":null,""inversion_channel"":29.5,""period_ms"":37.549734115600586}"
193281,1,6017.3001,6017.3001,False,1.0,"{""inversion_rho"":null,""inversion_channel"":29.5,""period_ms"":37.549734115600586}"
193281,1,6054.4,6054.4,False,0.375,"{""inversion_rho"":null,""inversion_channel"":38.5,""period_ms"":37.549734115600586}"
193281,1,6065.4998,6065.4998,False,1.0,"{""inversion_rho"":null,""inversion_channel"":30.0,""period_ms"":35.250186920166016}"
193281,1,6098.8002,6098.8002,False,1.0,"{""inversion_rho"":null,""inversion_channel"":30.0,""period_ms"":35.250186920166016}"
193281,1,6136.0002,6136.0002,False,1.0,"{""inversion_rho"":null,""inversion_channel"":30.5,""period_ms"":35.250186920166016}"
193281,1,1086.0,1345.7,True,1.0,"{""inversion_rho"":null,""inversion_channel"":25.75,""period_ms"":31.399965286254883}"
193281,1,1355.2001,1636.5,True,1.0,"{""inversion_rho"":null,""inversion_channel"":28.0,""period_ms"":140.6499743461609}"
193281,1,1722.1,1749.8,True,1.0,"{""inversion_rho"":null,""inversion_channel"":21.5,""period_ms"":13.849973678588867}"
193281,1,1799.1,1960.1001,True,1.0,"{""inversion_rho"":null,""inversion_channel"":27.5,""period_ms"":29.000043869018555}"
193281,1,2058.1999,2126.9,True,1.0,"{""inversion_rho"":null,""inversion_channel"":27.5,""period_ms"":34.350037574768066}"
193281,1,2131.9001,2217.0,True,1.0,"{""inversion_rho"":null,""inversion_channel"":28.5,""period_ms"":42.549967765808105}"
193281,1,2227.6001,2274.8001,True,1.0,"{""inversion_rho"":null,""inversion_channel"":30.5,""period_ms"":12.30001449584961}"
193281,1,2344.1999,2769.2001,True,1.0,"{""inversion_rho"":null,""inversion_channel"":31.5,""period_ms"":21.699905395507812}"
193281,1,2813.6001,2920.0001,True,1.0,"{""inversion_rho"":null,""inversion_channel"":34.5,""period_ms"":18.30005645751953}"
193281,1,2977.7999,3068.7001,True,1.0,"{""inversion_rho"":null,""inversion_channel"":39.5,""period_ms"":45.45009136199951}"
193281,1,3074.1999,3161.4001,True,1.0,"{""inversion_rho"":null,""inversion_channel"":37.0,""period_ms"":34.600019454956055}"
193281,1,3223.0999,3255.7001,True,1.0,"{""inversion_rho"":null,""inversion_channel"":32.25,""period_ms"":11.200189590454102}"
193281,1,3297.1001,3487.0999,True,1.0,"{""inversion_rho"":null,""inversion_channel"":25.5,""period_ms"":32.75001049041748}"
193281,1,3493.0999,3854.3,True,1.0,"{""inversion_rho"":null,""inversion_channel"":29.75,""period_ms"":32.50002861022949}"
193281,1,3860.1,3979.7001,True,1.0,"{""inversion_rho"":null,""inversion_channel"":34.5,""period_ms"":19.099950790405273}"
193281,1,4017.6001,4128.3002,True,1.0,"{""inversion_rho"":null,""inversion_channel"":29.5,""period_ms"":22.449970245361328}"
193281,1,4171.1001,4223.0,True,1.0,"{""inversion_rho"":null,""inversion_channel"":29.5,""period_ms"":14.899730682373047}"
193281,1,4259.6002,4414.5002,True,1.0,"{""inversion_rho"":null,""inversion_channel"":37.0,""period_ms"":23.3001708984375}"
193281,1,4419.7001,4473.4998,True,1.0,"{""inversion_rho"":null,""inversion_channel"":30.25,""period_ms"":20.69997787475586}"
193281,1,4499.8999,4576.3001,True,1.0,"{""inversion_rho"":null,""inversion_channel"":30.5,""period_ms"":17.600059509277344}"
193281,1,4617.4002,4802.7,True,1.0,"{""inversion_rho"":null,""inversion_channel"":29.5,""period_ms"":26.149988174438477}"
193281,1,4882.1998,4951.6001,True,1.0,"{""inversion_rho"":null,""inversion_channel"":29.5,""period_ms"":34.70015525817871}"
193281,1,4962.4,5017.0999,True,1.0,"{""inversion_rho"":null,""inversion_channel"":35.5,""period_ms"":18.599987030029297}"
193281,1,5163.1999,5217.5999,True,1.0,"{""inversion_rho"":null,""inversion_channel"":29.5,""period_ms"":19.00005340576172}"
193281,1,5414.1002,5562.0999,True,1.0,"{""inversion_rho"":null,""inversion_channel"":31.5,""period_ms"":24.899959564208984}"
193281,1,5654.6001,6054.4,True,1.0,"{""inversion_rho"":null,""inversion_channel"":29.5,""period_ms"":37.549734115600586}"
193281,1,6065.4998,6136.0002,True,1.0,"{""inversion_rho"":null,""inversion_channel"":30.0,""period_ms"":35.250186920166016}"
193282,1,56.9,56.9,False,0.25,"{""inversion_rho"":null,""inversion_channel"":33.5,""period_ms"":null}"
193282,1,94.6,94.6,False,0.375,"{""inversion_rho"":null,""inversion_channel"":40.5,""period_ms"":null}"
193282,1,1078.6999,1078.6999,False,1.0,"{""inversion_rho"":null,""inversion_channel"":23.0,""period_ms"":31.00001811981201}"
193282,1,1103.3,1103.3,False,1.0,"{""inversion_rho"":null,""inversion_channel"":22.5,""period_ms"":31.00001811981201}"
193282,1,1134.3,1134.3,False,1.0,"{""inversion_rho"":null,""inversion_channel"":24.0,""period_ms"":31.00001811981201}"
193282,1,1163.6,1163.6,False,1.0,"{""inversion_rho"":null,""inversion_channel"":24.5,""period_ms"":31.00001811981201}"
193282,1,1189.6,1189.6,False,1.0,"{""inversion_rho"":null,""inversion_channel"":25.5,""period_ms"":31.00001811981201}"
193282,1,1217.5,1217.5,False,1.0,"{""inversion_rho"":null,""inversion_channel"":26.5,""period_ms"":31.00001811981201}"
193282,1,1261.6,1261.6,False,1.0,"{""inversion_rho"":null,""inversion_channel"":26.5,""period_ms"":31.00001811981201}"
193282,1,1318.3,1318.3,False,1.0,"{""inversion_rho"":null,""inversion_channel"":27.5,""period_ms"":31.00001811981201}"
193282,1,1405.0,1405.0,False,0.25,"{""inversion_rho"":null,""inversion_channel"":31.5,""period_ms"":31.00001811981201}"
193282,1,1592.3001,1592.3001,False,0.5,"{""inversion_rho"":null,""inversion_channel"":14.5,""period_ms"":31.00001811981201}"
193282,1,1616.3,1616.3,False,0.625,"{""inversion_rho"":null,""inversion_channel"":14.5,""period_ms"":null}"
193282,1,1626.6,1626.6,False,0.25,"{""inversion_rho"":null,""inversion_channel"":16.0,""period_ms"":null}"
193282,1,1652.8,1652.8,False,1.0,"{""inversion_rho"":null,""inversion_channel"":29.0,""period_ms"":null}"
193282,1,1660.0,1660.0,False,1.0,"{""inversion_rho"":null,""inversion_channel"":18.5,""period_ms"":null}"
193282,1,1698.8,1698.8,False,0.625,"{""inversion_rho"":null,""inversion_channel"":20.5,""period_ms"":18.10002326965332}"
193282,1,1716.9,1716.9,False,1.0,"{""inversion_rho"":null,""inversion_channel"":21.5,""period_ms"":18.10002326965332}"
193282,1,1757.0,1757.0,False,1.0,"{""inversion_rho"":null,""inversion_channel"":21.5,""period_ms"":18.10002326965332}"
193282,1,1797.0001,1797.0001,False,1.0,"{""inversion_rho"":null,""inversion_channel"":24.5,""period_ms"":18.10002326965332}"
193282,1,1814.1,1814.1,False,0.25,"{""inversion_rho"":null,""inversion_channel"":23.5,""period_ms"":18.10002326965332}"
193282,1,1825.5,1825.5,False,1.0,"{""inversion_rho"":null,""inversion_channel"":25.5,""period_ms"":18.10002326965332}"
193282,1,1877.1,1877.1,False,0.25,"{""inversion_rho"":null,""inversion_channel"":25.0,""period_ms"":14.599978923797607}"
193282,1,1886.8001,1886.8001,False,1.0,"{""inversion_rho"":null,""inversion_channel"":24.5,""period_ms"":14.599978923797607}"
193282,1,1906.2001,1906.2001,False,1.0,"{""inversion_rho"":null,""inversion_channel"":27.5,""period_ms"":14.599978923797607}"
193282,1,1924.8,1924.8,False,1.0,"{""inversion_rho"":null,""inversion_channel"":33.5,""period_ms"":14.599978923797607}"
193282,1,1935.4,1935.4,False,1.0,"{""inversion_rho"":null,""inversion_channel"":25.5,""period_ms"":14.599978923797607}"
193282,1,1979.0,1979.0,False,1.0,"{""inversion_rho"":null,""inversion_channel"":25.0,""period_ms"":null}"
193282,1,2010.7,2010.7,False,1.0,"{""inversion_rho"":null,""inversion_channel"":26.5,""period_ms"":null}"
193282,1,2020.4,2020.4,False,1.0,"{""inversion_rho"":null,""inversion_channel"":27.0,""period_ms"":16.899943351745605}"
193282,1,2032.3999,2032.3999,False,1.0,"{""inversion_rho"":null,""inversion_channel"":33.5,""period_ms"":16.899943351745605}"
193282,1,2054.1999,2054.1999,False,0.25,"{""inversion_rho"":null,""inversion_channel"":25.0,""period_ms"":16.899943351745605}"
193282,1,2061.6,2061.6,False,1.0,"{""inversion_rho"":null,""inversion_channel"":27.5,""period_ms"":15.850067138671875}"
193282,1,2075.3,2075.3,False,0.625,"{""inversion_rho"":null,""inversion_channel"":22.5,""period_ms"":15.850067138671875}"
193282,1,2090.1,2090.1,False,1.0,"{""inversion_rho"":null,""inversion_channel"":27.5,""period_ms"":15.850067138671875}"
193282,1,2101.2001,2101.2001,False,0.25,"{""inversion_rho"":null,""inversion_channel"":24.5,""period_ms"":15.850067138671875}"
193282,1,2120.6,2120.6,False,1.0,"{""inversion_rho"":null,""inversion_channel"":26.5,""period_ms"":15.850067138671875}"
193282,1,2155.4999,2155.4999,False,1.0,"{""inversion_rho"":null,""inversion_channel"":33.5,""period_ms"":15.850067138671875}"
193282,1,2172.4,2172.4,False,0.5,"{""inversion_rho"":null,""inversion_channel"":27.5,""period_ms"":15.850067138671875}"
193282,1,2190.5999,2190.5999,False,1.0,"{""inversion_rho"":null,""inversion_channel"":26.0,""period_ms"":15.850067138671875}"
193282,1,2198.6001,2198.6001,False,1.0,"{""inversion_rho"":null,""inversion_channel"":27.5,""period_ms"":15.850067138671875}"
193282,1,2224.1001,2224.1001,False,1.0,"{""inversion_rho"":null,""inversion_channel"":27.5,""period_ms"":null}"
193282,1,2262.7001,2262.7001,False,0.5,"{""inversion_rho"":null,""inversion_channel"":25.0,""period_ms"":null}"
193282,1,2273.6001,2273.6001,False,1.0,"{""inversion_rho"":null,""inversion_channel"":33.0,""period_ms"":16.80004596710205}"
193282,1,2282.3999,2282.3999,False,1.0,"{""inversion_rho"":null,""inversion_channel"":27.5,""period_ms"":16.80004596710205}"
193282,1,2295.5999,2295.5999,False,0.25,"{""inversion_rho"":null,""inversion_channel"":38.0,""period_ms"":16.80004596710205}"
193282,1,2316.0,2316.0,False,1.0,"{""inversion_rho"":null,""inversion_channel"":27.5,""period_ms"":16.80004596710205}"
193282,1,2359.2999,2359.2999,False,1.0,"{""inversion_rho"":null,""inversion_channel"":28.5,""period_ms"":16.80004596710205}"
193282,1,2373.8,2373.8,False,1.0,"{""inversion_rho"":null,""inversion_channel"":25.5,""period_ms"":7.600069046020508}"
193282,1,2381.4001,2381.4001,False,0.375,"{""inversion_rho"":null,""inversion_channel"":25.0,""period_ms"":7.600069046020508}"
193282,1,2388.5,2388.5,False,1.0,"{""inversion_rho"":null,""inversion_channel"":33.5,""period_ms"":7.600069046020508}"
193282,1,2398.0999,2398.0999,False,1.0,"{""inversion_rho"":null,""inversion_channel"":26.5,""period_ms"":7.600069046020508}"
193282,1,2430.7001,2430.7001,False,0.875,"{""inversion_rho"":null,""inversion_channel"":27.5,""period_ms"":null}"
193282,1,2475.5001,2475.5001,False,1.0,"{""inversion_rho"":null,""inversion_channel"":28.5,""period_ms"":null}"
193282,1,2483.7,2483.7,False,1.0,"{""inversion_rho"":null,""inversion_channel"":33.5,""period_ms"":null}"
193282,1,2507.2,2507.2,False,0.75,"{""inversion_rho"":null,""inversion_channel"":25.5,""period_ms"":null}"
193282,1,2515.8,2515.8,False,1.0,"{""inversion_rho"":null,""inversion_channel"":27.5,""period_ms"":16.749978065490723}"
193282,1,2530.0,2530.0,False,1.0,"{""inversion_rho"":null,""inversion_channel"":24.0,""period_ms"":16.749978065490723}"
193282,1,2547.6999,2547.6999,False,1.0,"{""inversion_rho"":null,""inversion_channel"":27.5,""period_ms"":16.749978065490723}"
193282,1,2571.3,2571.3,False,0.875,"{""inversion_rho"":null,""inversion_channel"":34.5,""period_ms"":16.749978065490723}"
193282,1,2587.1,2587.1,False,1.0,"{""inversion_rho"":null,""inversion_channel"":27.5,""period_ms"":16.749978065490723}"
193282,1,2634.8,2634.8,False,1.0,"{""inversion_rho"":null,""inversion_channel"":27.5,""period_ms"":null}"
193282,1,2678.6001,2678.6001,False,1.0,"{""inversion_rho"":null,""inversion_channel"":33.5,""period_ms"":null}"
193282,1,2684.2999,2684.2999,False,1.0,"{""inversion_rho"":null,""inversion_channel"":28.5,""period_ms"":16.300201416015625}"
193282,1,2718.9,2718.9,False,1.0,"{""inversion_rho"":null,""inversion_channel"":38.0,""period_ms"":16.300201416015625}"
193282,1,2734.9999,2734.9999,False,1.0,"{""inversion_rho"":null,""inversion_channel"":27.5,""period_ms"":16.300201416015625}"
193282,1,2751.3001,2751.3001,False,1.0,"{""inversion_rho"":null,""inversion_channel"":36.5,""period_ms"":16.300201416015625}"
193282,1,2776.7999,2776.7999,False,1.0,"{""inversion_rho"":null,""inversion_channel"":33.5,""period_ms"":16.300201416015625}"
193282,1,2791.8,2791.8,False,1.0,"{""inversion_rho"":null,""inversion_channel"":27.5,""period_ms"":16.300201416015625}"
193282,1,2829.5,2829.5,False,1.0,"{""inversion_rho"":null,""inversion_channel"":27.5,""period_ms"":16.899824142456055}"
193282,1,2869.1001,2869.1001,False,1.0,"{""inversion_rho"":null,""inversion_channel"":29.0,""period_ms"":16.899824142456055}"
193282,1,2885.9999,2885.9999,False,0.875,"{""inversion_rho"":null,""inversion_channel"":33.5,""period_ms"":16.899824142456055}"
193282,1,2893.1999,2893.1999,False,0.5,"{""inversion_rho"":null,""inversion_channel"":37.5,""period_ms"":16.899824142456055}"
193282,1,2911.6001,2911.6001,False,1.0,"{""inversion_rho"":null,""inversion_channel"":27.5,""period_ms"":null}"
193282,1,2917.3,2917.3,False,0.375,"{""inversion_rho"":null,""inversion_channel"":29.5,""period_ms"":null}"
193282,1,2957.7,2957.7,False,1.0,"{""inversion_rho"":null,""inversion_channel"":27.5,""period_ms"":27.79996395111084}"
193282,1,2984.9999,2984.9999,False,0.25,"{""inversion_rho"":null,""inversion_channel"":28.5,""period_ms"":27.79996395111084}"
193282,1,3015.8999,3015.8999,False,0.375,"{""inversion_rho"":null,""inversion_channel"":24.5,""period_ms"":27.79996395111084}"
193282,1,3044.1999,3044.1999,False,0.625,"{""inversion_rho"":null,""inversion_channel"":13.0,""period_ms"":27.79996395111084}"
193282,1,3060.1001,3060.1001,False,0.375,"{""inversion_rho"":null,""inversion_channel"":17.5,""period_ms"":27.79996395111084}"
193282,1,3103.4,3103.4,False,0.25,"{""inversion_rho"":null,""inversion_channel"":33.0,""period_ms"":7.399797439575195}"
193282,1,3117.0001,3117.0001,False,0.25,"{""inversion_rho"":null,""inversion_channel"":28.0,""period_ms"":7.399797439575195}"
193282,1,3124.3999,3124.3999,False,1.0,"{""inversion_rho"":null,""inversion_channel"":17.0,""period_ms"":7.399797439575195}"
193282,1,3131.9001,3131.9001,False,1.0,"{""inversion_rho"":null,""inversion_channel"":27.5,""period_ms"":7.399797439575195}"
193282,1,3138.4001,3138.4001,False,1.0,"{""inversion_rho"":null,""inversion_channel"":38.0,""period_ms"":7.399797439575195}"
193282,1,3144.1,3144.1,False,0.75,"{""inversion_rho"":null,""inversion_channel"":34.0,""period_ms"":7.399797439575195}"
193282,1,3150.0001,3150.0001,False,1.0,"{""inversion_rho"":null,""inversion_channel"":31.5,""period_ms"":7.399797439575195}"
193282,1,3158.9999,3158.9999,False,1.0,"{""inversion_rho"":null,""inversion_channel"":34.5,""period_ms"":7.399797439575195}"
193282,1,3167.3999,3167.3999,False,1.0,"{""inversion_rho"":null,""inversion_channel"":17.5,""period_ms"":7.399797439575195}"
193282,1,3173.8999,3173.8999,False,1.0,"{""inversion_rho"":null,""inversion_channel"":10.5,""period_ms"":7.399797439575195}"
193282,1,3183.5001,3183.5001,False,0.625,"{""inversion_rho"":null,""inversion_channel"":37.5,""period_ms"":7.399797439575195}"
193282,1,3191.8001,3191.8001,False,1.0,"{""inversion_rho"":null,""inversion_channel"":7.0,""period_ms"":7.399797439575195}"
193282,1,3197.9001,3197.9001,False,0.375,"{""inversion_rho"":null,""inversion_channel"":23.5,""period_ms"":7.399797439575195}"
193282,1,3203.5,3203.5,False,0.75,"{""inversion_rho"":null,""inversion_channel"":19.5,""period_ms"":7.399797439575195}"
193282,1,3229.5001,3229.5001,False,0.875,"{""inversion_rho"":null,""inversion_channel"":12.5,""period_ms"":23.10013771057129}"
193282,1,3235.6999,3235.6999,False,0.25,"{""inversion_rho"":null,""inversion_channel"":34.5,""period_ms"":23.10013771057129}"
193282,1,3246.0999,3246.0999,False,1.0,"{""inversion_rho"":null,""inversion_channel"":31.5,""period_ms"":23.10013771057129}"
193282,1,3269.2001,3269.2001,False,0.75,"{""inversion_rho"":null,""inversion_channel"":35.5,""period_ms"":23.10013771057129}"
193282,1,3323.8001,3323.8001,False,1.0,"{""inversion_rho"":null,""inversion_channel"":11.0,""period_ms"":23.10013771057129}"
193282,1,3349.8001,3349.8001,False,1.0,"{""inversion_rho"":null,""inversion_channel"":28.5,""period_ms"":23.10013771057129}"
193282,1,3359.2999,3359.2999,False,0.25,"{""inversion_rho"":null,""inversion_channel"":24.0,""period_ms"":null}"
193282,1,3395.9,3395.9,False,1.0,"{""inversion_rho"":null,""inversion_channel"":31.0,""period_ms"":null}"
193282,1,3406.8,3406.8,False,0.875,"{""inversion_rho"":null,""inversion_channel"":15.0,""period_ms"":9.599804878234863}"
193282,1,3413.0001,3413.0001,False,0.375,"{""inversion_rho"":null,""inversion_channel"":16.5,""period_ms"":9.599804878234863}"
193282,1,3423.1999,3423.1999,False,1.0,"{""inversion_rho"":null,""inversion_channel"":29.5,""period_ms"":9.599804878234863}"
193282,1,3441.6001,3441.6001,False,1.0,"{""inversion_rho"":null,""inversion_channel"":16.5,""period_ms"":9.599804878234863}"
193282,1,3453.0001,3453.0001,False,0.5,"{""inversion_rho"":null,""inversion_channel"":11.0,""period_ms"":9.599804878234863}"
193282,1,3461.9999,3461.9999,False,0.5,"{""inversion_rho"":null,""inversion_channel"":13.5,""period_ms"":9.599804878234863}"
193282,1,3467.2999,3467.2999,False,0.375,"{""inversion_rho"":null,""inversion_channel"":26.0,""period_ms"":9.599804878234863}"
193282,1,3483.4001,3483.4001,False,0.25,"{""inversion_rho"":null,""inversion_channel"":29.5,""period_ms"":21.4998722076416}"
193282,1,3497.9999,3497.9999,False,1.0,"{""inversion_rho"":null,""inversion_channel"":27.5,""period_ms"":21.4998722076416}"
193282,1,3509.7001,3509.7001,False,0.375,"{""inversion_rho"":null,""inversion_channel"":16.5,""period_ms"":21.4998722076416}"
193282,1,3535.2001,3535.2001,False,0.5,"{""inversion_rho"":null,""inversion_channel"":12.5,""period_ms"":21.4998722076416}"
193282,1,3556.7,3556.7,False,0.625,"{""inversion_rho"":null,""inversion_channel"":13.5,""period_ms"":21.4998722076416}"
193282,1,3579.4001,3579.4001,False,1.0,"{""inversion_rho"":null,""inversion_channel"":27.5,""period_ms"":21.4998722076416}"
193282,1,3587.6999,3587.6999,False,0.875,"{""inversion_rho"":null,""inversion_channel"":16.5,""period_ms"":14.850020408630371}"
193282,1,3599.6001,3599.6001,False,0.375,"{""inversion_rho"":null,""inversion_channel"":14.5,""period_ms"":14.850020408630371}"
193282,1,3617.3999,3617.3999,False,0.625,"{""inversion_rho"":null,""inversion_channel"":16.5,""period_ms"":14.850020408630371}"
193282,1,3664.3,3664.3,False,1.0,"{""inversion_rho"":null,""inversion_channel"":27.5,""period_ms"":8.899927139282227}"
193282,1,3676.3999,3676.3999,False,0.375,"{""inversion_rho"":null,""inversion_channel"":16.5,""period_ms"":8.899927139282227}"
193282,1,3690.5999,3690.5999,False,0.375,"{""inversion_rho"":null,""inversion_channel"":16.5,""period_ms"":8.899927139282227}"
193282,1,3698.9,3698.9,False,1.0,"{""inversion_rho"":null,""inversion_channel"":16.5,""period_ms"":8.899927139282227}"
193282,1,3704.9999,3704.9999,False,1.0,"{""inversion_rho"":null,""inversion_channel"":14.0,""period_ms"":8.899927139282227}"
193282,1,3711.4,3711.4,False,0.5,"{""inversion_rho"":null,""inversion_channel"":16.5,""period_ms"":8.899927139282227}"
193282,1,3717.2,3717.2,False,1.0,"{""inversion_rho"":null,""inversion_channel"":16.5,""period_ms"":8.899927139282227}"
193282,1,3726.9001,3726.9001,False,0.25,"{""inversion_rho"":null,""inversion_channel"":17.5,""period_ms"":8.899927139282227}"
193282,1,3742.7001,3742.7001,False,1.0,"{""inversion_rho"":null,""inversion_channel"":24.5,""period_ms"":8.899927139282227}"
193282,1,3753.9999,3753.9999,False,0.5,"{""inversion_rho"":null,""inversion_channel"":16.5,""period_ms"":8.899927139282227}"
193282,1,3759.1,3759.1,False,0.625,"{""inversion_rho"":null,""inversion_channel"":15.5,""period_ms"":8.899927139282227}"
193282,1,3767.9999,3767.9999,False,0.25,"{""inversion_rho"":null,""inversion_channel"":16.5,""period_ms"":8.899927139282227}"
193282,1,3826.9,3826.9,False,1.0,"{""inversion_rho"":null,""inversion_channel"":24.0,""period_ms"":31.800031661987305}"
193282,1,3858.7,3858.7,False,0.5,"{""inversion_rho"":null,""inversion_channel"":11.5,""period_ms"":31.800031661987305}"
193282,1,3899.9,3899.9,False,1.0,"{""inversion_rho"":null,""inversion_channel"":24.0,""period_ms"":31.800031661987305}"
193282,1,3940.8,3940.8,False,0.5,"{""inversion_rho"":null,""inversion_channel"":6.5,""period_ms"":31.800031661987305}"
193282,1,3958.4999,3958.4999,False,0.875,"{""inversion_rho"":null,""inversion_channel"":26.5,""period_ms"":31.800031661987305}"
193282,1,3976.0001,3976.0001,False,0.25,"{""inversion_rho"":null,""inversion_channel"":32.5,""period_ms"":31.800031661987305}"
193282,1,3981.6999,3981.6999,False,0.25,"{""inversion_rho"":null,""inversion_channel"":25.5,""period_ms"":46.70000076293945}"
193282,1,4020.0,4020.0,False,1.0,"{""inversion_rho"":null,""inversion_channel"":23.0,""period_ms"":46.70000076293945}"
193282,1,4075.0999,4075.0999,False,0.5,"{""inversion_rho"":null,""inversion_channel"":9.5,""period_ms"":46.70000076293945}"
193282,1,4080.5998,4080.5998,False,0.375,"{""inversion_rho"":null,""inversion_channel"":24.0,""period_ms"":19.600391387939453}"
193282,1,4109.0999,4109.0999,False,0.625,"{""inversion_rho"":null,""inversion_channel"":7.0,""period_ms"":19.600391387939453}"
193282,1,4125.1998,4125.1998,False,0.25,"{""inversion_rho"":null,""inversion_channel"":5.5,""period_ms"":19.600391387939453}"
193282,1,4144.8002,4144.8002,False,1.0,"{""inversion_rho"":null,""inversion_channel"":35.5,""period_ms"":19.600391387939453}"
193282,1,4173.3999,4173.3999,False,0.5,"{""inversion_rho"":null,""inversion_channel"":26.0,""period_ms"":19.600391387939453}"
193282,1,4193.5,4193.5,False,0.25,"{""inversion_rho"":null,""inversion_channel"":29.5,""period_ms"":19.600391387939453}"
193282,1,4208.7998,4208.7998,False,1.0,"{""inversion_rho"":null,""inversion_channel"":36.5,""period_ms"":19.600391387939453}"
193282,1,4225.2002,4225.2002,False,0.25,"{""inversion_rho"":null,""inversion_channel"":21.0,""period_ms"":19.600391387939453}"
193282,1,4272.1,4272.1,False,0.75,"{""inversion_rho"":null,""inversion_channel"":20.0,""period_ms"":32.500267028808594}"
193282,1,4319.5,4319.5,False,1.0,"{""inversion_rho"":null,""inversion_channel"":32.0,""period_ms"":32.500267028808594}"
193282,1,4352.0002,4352.0002,False,0.375,"{""inversion_rho"":null,""inversion_channel"":5.5,""period_ms"":32.500267028808594}"
193282,1,4370.1,4370.1,False,0.5,"{""inversion_rho"":null,""inversion_channel"":5.5,""period_ms"":32.500267028808594}"
193282,1,4376.9999,4376.9999,False,1.0,"{""inversion_rho"":null,""inversion_channel"":35.5,""period_ms"":24.199962615966797}"
193282,1,4397.9001,4397.9001,False,0.5,"{""inversion_rho"":null,""inversion_channel"":5.5,""period_ms"":24.199962615966797}"
193282,1,4422.1001,4422.1001,False,1.0,"{""inversion_rho"":null,""inversion_channel"":32.0,""period_ms"":24.199962615966797}"
193282,1,4462.9002,4462.9002,False,0.375,"{""inversion_rho"":null,""inversion_channel"":17.0,""period_ms"":24.199962615966797}"
193282,1,4468.4,4468.4,False,0.5,"{""inversion_rho"":null,""inversion_channel"":27.5,""period_ms"":null}"
193282,1,4480.7,4480.7,False,0.25,"{""inversion_rho"":null,""inversion_channel"":5.5,""period_ms"":null}"
193282,1,4514.9999,4514.9999,False,1.0,"{""inversion_rho"":null,""inversion_channel"":32.0,""period_ms"":27.950048446655273}"
193282,1,4531.6,4531.6,False,0.5,"{""inversion_rho"":null,""inversion_channel"":30.5,""period_ms"":27.950048446655273}"
193282,1,4570.9,4570.9,False,1.0,"{""inversion_rho"":null,""inversion_channel"":32.5,""period_ms"":27.950048446655273}"
193282,1,4578.1999,4578.1999,False,0.375,"{""inversion_rho"":null,""inversion_channel"":25.5,""period_ms"":null}"
193282,1,4584.4002,4584.4002,False,0.25,"{""inversion_rho"":null,""inversion_channel"":24.5,""period_ms"":null}"
193282,1,4624.5999,4624.5999,False,0.875,"{""inversion_rho"":null,""inversion_channel"":32.5,""period_ms"":null}"
193282,1,4674.7999,4674.7999,False,1.0,"{""inversion_rho"":null,""inversion_channel"":30.5,""period_ms"":null}"
193282,1,4683.4998,4683.4998,False,0.25,"{""inversion_rho"":null,""inversion_channel"":28.5,""period_ms"":null}"
193282,1,4708.6,4708.6,False,0.375,"{""inversion_rho"":null,""inversion_channel"":26.0,""period_ms"":null}"
193282,1,4713.8,4713.8,False,0.5,"{""inversion_rho"":null,""inversion_channel"":26.5,""period_ms"":121.15001678466797}"
193282,1,4818.5,4818.5,False,0.25,"{""inversion_rho"":null,""inversion_channel"":34.5,""period_ms"":121.15001678466797}"
193282,1,4956.1,4956.1,False,0.625,"{""inversion_rho"":null,""inversion_channel"":23.5,""period_ms"":121.15001678466797}"
193282,1,4968.1001,4968.1001,False,0.75,"{""inversion_rho"":null,""inversion_channel"":26.0,""period_ms"":null}"
193282,1,4979.1002,4979.1002,False,0.5,"{""inversion_rho"":null,""inversion_channel"":23.0,""period_ms"":null}"
193282,1,5010.0999,5010.0999,False,0.375,"{""inversion_rho"":null,""inversion_channel"":33.5,""period_ms"":12.599945068359375}"
193282,1,5030.7002,5030.7002,False,0.375,"{""inversion_rho"":null,""inversion_channel"":3.5,""period_ms"":12.599945068359375}"
193282,1,5043.3002,5043.3002,False,0.375,"{""inversion_rho"":null,""inversion_channel"":11.5,""period_ms"":12.599945068359375}"
193282,1,5049.9001,5049.9001,False,0.375,"{""inversion_rho"":null,""inversion_channel"":35.5,""period_ms"":12.599945068359375}"
193282,1,5228.6,5228.6,False,0.625,"{""inversion_rho"":null,""inversion_channel"":11.5,""period_ms"":null}"
193282,1,1078.6999,1592.3001,True,1.0,"{""inversion_rho"":null,""inversion_channel"":25.0,""period_ms"":31.00001811981201}"
193282,1,1698.8,1825.5,True,1.0,"{""inversion_rho"":null,""inversion_channel"":22.5,""period_ms"":18.10002326965332}"
193282,1,1877.1,1935.4,True,1.0,"{""inversion_rho"":null,""inversion_channel"":25.5,""period_ms"":14.599978923797607}"
193282,1,2020.4,2054.1999,True,1.0,"{""inversion_rho"":null,""inversion_channel"":27.0,""period_ms"":16.899943351745605}"
193282,1,2061.6,2198.6001,True,1.0,"{""inversion_rho"":null,""inversion_channel"":27.5,""period_ms"":15.850067138671875}"
193282,1,2273.6001,2359.2999,True,1.0,"{""inversion_rho"":null,""inversion_channel"":28.5,""period_ms"":16.80004596710205}"
193282,1,2373.8,2398.0999,True,1.0,"{""inversion_rho"":null,""inversion_channel"":26.0,""period_ms"":7.600069046020508}"
193282,1,2515.8,2587.1,True,1.0,"{""inversion_rho"":null,""inversion_channel"":27.5,""period_ms"":16.749978065490723}"
193282,1,2684.2999,2791.8,True,1.0,"{""inversion_rho"":null,""inversion_channel"":31.0,""period_ms"":16.300201416015625}"
193282,1,2829.5,2893.1999,True,1.0,"{""inversion_rho"":null,""inversion_channel"":31.25,""period_ms"":16.899824142456055}"
193282,1,2957.7,3060.1001,True,1.0,"{""inversion_rho"":null,""inversion_channel"":24.5,""period_ms"":27.79996395111084}"
193282,1,3103.4,3203.5,True,1.0,"{""inversion_rho"":null,""inversion_channel"":27.75,""period_ms"":7.399797439575195}"
193282,1,3229.5001,3349.8001,True,1.0,"{""inversion_rho"":null,""inversion_channel"":30.0,""period_ms"":23.10013771057129}"
193282,1,3406.8,3467.2999,True,1.0,"{""inversion_rho"":null,""inversion_channel"":16.5,""period_ms"":9.599804878234863}"
193282,1,3483.4001,3579.4001,True,1.0,"{""inversion_rho"":null,""inversion_channel"":22.0,""period_ms"":21.4998722076416}"
193282,1,3587.6999,3617.3999,True,1.0,"{""inversion_rho"":null,""inversion_channel"":16.5,""period_ms"":14.850020408630371}"
193282,1,3664.3,3767.9999,True,1.0,"{""inversion_rho"":null,""inversion_channel"":16.5,""period_ms"":8.899927139282227}"
193282,1,3826.9,3976.0001,True,1.0,"{""inversion_rho"":null,""inversion_channel"":24.0,""period_ms"":31.800031661987305}"
193282,1,3981.6999,4075.0999,True,1.0,"{""inversion_rho"":null,""inversion_channel"":23.0,""period_ms"":46.70000076293945}"
193282,1,4080.5998,4225.2002,True,1.0,"{""inversion_rho"":null,""inversion_channel"":25.0,""period_ms"":19.600391387939453}"
193282,1,4272.1,4370.1,True,1.0,"{""inversion_rho"":null,""inversion_channel"":12.75,""period_ms"":32.500267028808594}"
193282,1,4376.9999,4462.9002,True,1.0,"{""inversion_rho"":null,""inversion_channel"":24.5,""period_ms"":24.199962615966797}"
193282,1,4514.9999,4570.9,True,1.0,"{""inversion_rho"":null,""inversion_channel"":32.0,""period_ms"":27.950048446655273}"
193282,1,4713.8,4956.1,True,1.0,"{""inversion_rho"":null,""inversion_channel"":26.5,""period_ms"":121.15001678466797}"
193282,1,5010.0999,5049.9001,True,1.0,"{""inversion_rho"":null,""inversion_channel"":22.5,""period_ms"":12.599945068359375}"
193353,1,50.2,50.2,False,0.375,"{""inversion_rho"":null,""inversion_channel"":6.5,""period_ms"":9.849999099969864}"
193353,1,59.0,59.0,False,0.25,"{""inversion_rho"":null,""inversion_channel"":38.5,""period_ms"":9.849999099969864}"
193353,1,69.9,69.9,False,1.0,"{""inversion_rho"":null,""inversion_channel"":38.0,""period_ms"":9.849999099969864}"
193353,1,2759.1,2759.1,False,0.375,"{""inversion_rho"":null,""inversion_channel"":21.5,""period_ms"":69.54991817474365}"
193353,1,2845.7999,2845.7999,False,1.0,"{""inversion_rho"":null,""inversion_channel"":21.5,""period_ms"":69.54991817474365}"
193353,1,2931.4001,2931.4001,False,1.0,"{""inversion_rho"":null,""inversion_channel"":20.5,""period_ms"":69.54991817474365}"
193353,1,3011.6,3011.6,False,1.0,"{""inversion_rho"":null,""inversion_channel"":21.5,""period_ms"":69.54991817474365}"
193353,1,3084.3,3084.3,False,1.0,"{""inversion_rho"":null,""inversion_channel"":19.5,""period_ms"":69.54991817474365}"
193353,1,3153.8,3153.8,False,1.0,"{""inversion_rho"":null,""inversion_channel"":20.5,""period_ms"":69.54991817474365}"
193353,1,3224.9,3224.9,False,1.0,"{""inversion_rho"":null,""inversion_channel"":20.0,""period_ms"":69.54991817474365}"
193353,1,3311.1,3311.1,False,1.0,"{""inversion_rho"":null,""inversion_channel"":18.5,""period_ms"":69.54991817474365}"
193353,1,3394.5,3394.5,False,1.0,"{""inversion_rho"":null,""inversion_channel"":20.0,""period_ms"":69.54991817474365}"
193353,1,3467.4001,3467.4001,False,1.0,"{""inversion_rho"":null,""inversion_channel"":20.5,""period_ms"":69.54991817474365}"
193353,1,3536.9999,3536.9999,False,1.0,"{""inversion_rho"":null,""inversion_channel"":20.0,""period_ms"":69.54991817474365}"
193353,1,3600.3001,3600.3001,False,1.0,"{""inversion_rho"":null,""inversion_channel"":20.5,""period_ms"":69.54991817474365}"
193353,1,3665.7,3665.7,False,1.0,"{""inversion_rho"":null,""inversion_channel"":20.5,""period_ms"":69.54991817474365}"
193353,1,3722.6,3722.6,False,1.0,"{""inversion_rho"":null,""inversion_channel"":20.5,""period_ms"":69.54991817474365}"
193353,1,3766.7999,3766.7999,False,1.0,"{""inversion_rho"":null,""inversion_channel"":20.5,""period_ms"":69.54991817474365}"
193353,1,3829.9,3829.9,False,1.0,"{""inversion_rho"":null,""inversion_channel"":20.5,""period_ms"":69.54991817474365}"
193353,1,3879.6999,3879.6999,False,1.0,"{""inversion_rho"":null,""inversion_channel"":20.5,""period_ms"":69.54991817474365}"
193353,1,3911.2999,3911.2999,False,1.0,"{""inversion_rho"":null,""inversion_channel"":19.5,""period_ms"":69.54991817474365}"
193353,1,3956.3,3956.3,False,1.0,"{""inversion_rho"":null,""inversion_channel"":20.5,""period_ms"":69.54991817474365}"
193353,1,3971.7,3971.7,False,1.0,"{""inversion_rho"":null,""inversion_channel"":21.5,""period_ms"":35.75003147125244}"
193353,1,4007.4,4007.4,False,1.0,"{""inversion_rho"":null,""inversion_channel"":20.5,""period_ms"":35.75003147125244}"
193353,1,4024.4999,4024.4999,False,1.0,"{""inversion_rho"":null,""inversion_channel"":21.0,""period_ms"":35.75003147125244}"
193353,1,4060.8001,4060.8001,False,1.0,"{""inversion_rho"":null,""inversion_channel"":20.5,""period_ms"":35.75003147125244}"
193353,1,4085.1002,4085.1002,False,1.0,"{""inversion_rho"":null,""inversion_channel"":21.0,""period_ms"":35.75003147125244}"
193353,1,4128.2001,4128.2001,False,1.0,"{""inversion_rho"":null,""inversion_channel"":21.5,""period_ms"":35.75003147125244}"
193353,1,4163.1999,4163.1999,False,1.0,"{""inversion_rho"":null,""inversion_channel"":21.5,""period_ms"":35.75003147125244}"
193353,1,4199.2002,4199.2002,False,1.0,"{""inversion_rho"":null,""inversion_channel"":21.5,""period_ms"":35.75003147125244}"
193353,1,4233.3999,4233.3999,False,1.0,"{""inversion_rho"":null,""inversion_channel"":21.5,""period_ms"":35.75003147125244}"
193353,1,4272.6998,4272.6998,False,1.0,"{""inversion_rho"":null,""inversion_channel"":21.5,""period_ms"":35.75003147125244}"
193353,1,4308.4998,4308.4998,False,1.0,"{""inversion_rho"":null,""inversion_channel"":20.5,""period_ms"":35.75003147125244}"
193353,1,4333.0998,4333.0998,False,1.0,"{""inversion_rho"":null,""inversion_channel"":21.0,""period_ms"":35.75003147125244}"
193353,1,4375.5002,4375.5002,False,1.0,"{""inversion_rho"":null,""inversion_channel"":20.5,""period_ms"":35.75003147125244}"
193353,1,4383.5001,4383.5001,False,1.0,"{""inversion_rho"":null,""inversion_channel"":20.0,""period_ms"":36.44990921020508}"
193353,1,4422.2002,4422.2002,False,1.0,"{""inversion_rho"":null,""inversion_channel"":21.5,""period_ms"":36.44990921020508}"
193353,1,4460.7,4460.7,False,1.0,"{""inversion_rho"":null,""inversion_channel"":21.5,""period_ms"":36.44990921020508}"
193353,1,4495.1,4495.1,False,1.0,"{""inversion_rho"":null,""inversion_channel"":21.5,""period_ms"":36.44990921020508}"
193353,1,4516.9001,4516.9001,False,1.0,"{""inversion_rho"":null,""inversion_channel"":20.0,""period_ms"":36.44990921020508}"
193353,1,4555.5,4555.5,False,1.0,"{""inversion_rho"":null,""inversion_channel"":20.5,""period_ms"":36.44990921020508}"
193353,1,4572.1998,4572.1998,False,1.0,"{""inversion_rho"":null,""inversion_channel"":21.0,""period_ms"":36.44990921020508}"
193353,1,4614.1,4614.1,False,1.0,"{""inversion_rho"":null,""inversion_channel"":21.5,""period_ms"":31.599998474121094}"
193353,1,4651.5999,4651.5999,False,1.0,"{""inversion_rho"":null,""inversion_channel"":21.5,""period_ms"":31.599998474121094}"
193353,1,4690.8002,4690.8002,False,1.0,"{""inversion_rho"":null,""inversion_channel"":21.5,""period_ms"":31.599998474121094}"
193353,1,4725.1,4725.1,False,1.0,"{""inversion_rho"":null,""inversion_channel"":20.5,""period_ms"":31.599998474121094}"
193353,1,4748.6,4748.6,False,1.0,"{""inversion_rho"":null,""inversion_channel"":20.5,""period_ms"":31.599998474121094}"
193353,1,4793.7002,4793.7002,False,1.0,"{""inversion_rho"":null,""inversion_channel"":21.5,""period_ms"":31.599998474121094}"
193353,1,4833.9,4833.9,False,1.0,"{""inversion_rho"":null,""inversion_channel"":21.5,""period_ms"":31.599998474121094}"
193353,1,4874.4001,4874.4001,False,1.0,"{""inversion_rho"":null,""inversion_channel"":21.5,""period_ms"":31.599998474121094}"
193353,1,4917.3999,4917.3999,False,1.0,"{""inversion_rho"":null,""inversion_channel"":20.5,""period_ms"":31.599998474121094}"
193353,1,4949.5001,4949.5001,False,1.0,"{""inversion_rho"":null,""inversion_channel"":21.0,""period_ms"":31.599998474121094}"
193353,1,4973.8002,4973.8002,False,1.0,"{""inversion_rho"":null,""inversion_channel"":21.0,""period_ms"":31.599998474121094}"
193353,1,5026.7,5026.7,False,1.0,"{""inversion_rho"":null,""inversion_channel"":22.5,""period_ms"":31.599998474121094}"
193353,1,5068.3999,5068.3999,False,1.0,"{""inversion_rho"":null,""inversion_channel"":22.5,""period_ms"":31.599998474121094}"
193353,1,5103.6,5103.6,False,1.0,"{""inversion_rho"":null,""inversion_channel"":21.5,""period_ms"":31.599998474121094}"
193353,1,5124.4998,5124.4998,False,1.0,"{""inversion_rho"":null,""inversion_channel"":21.5,""period_ms"":31.599998474121094}"
193353,1,5173.2998,5173.2998,False,1.0,"{""inversion_rho"":null,""inversion_channel"":19.5,""period_ms"":31.599998474121094}"
193353,1,5204.8998,5204.8998,False,1.0,"{""inversion_rho"":null,""inversion_channel"":19.5,""period_ms"":31.599998474121094}"
193353,1,5226.8,5226.8,False,1.0,"{""inversion_rho"":null,""inversion_channel"":18.0,""period_ms"":31.599998474121094}"
193353,1,5246.3002,5246.3002,False,1.0,"{""inversion_rho"":null,""inversion_channel"":18.0,""period_ms"":31.599998474121094}"
193353,1,5269.1002,5269.1002,False,1.0,"{""inversion_rho"":null,""inversion_channel"":18.5,""period_ms"":31.599998474121094}"
193353,1,5296.2999,5296.2999,False,1.0,"{""inversion_rho"":null,""inversion_channel"":18.0,""period_ms"":31.599998474121094}"
193353,1,5316.2999,5316.2999,False,1.0,"{""inversion_rho"":null,""inversion_channel"":15.5,""period_ms"":31.599998474121094}"
193353,1,5325.2001,5325.2001,False,1.0,"{""inversion_rho"":null,""inversion_channel"":17.0,""period_ms"":31.599998474121094}"
193353,1,5346.9,5346.9,False,1.0,"{""inversion_rho"":null,""inversion_channel"":14.5,""period_ms"":31.599998474121094}"
193353,1,5362.5002,5362.5002,False,1.0,"{""inversion_rho"":null,""inversion_channel"":14.5,""period_ms"":31.599998474121094}"
193353,1,5370.2002,5370.2002,False,1.0,"{""inversion_rho"":null,""inversion_channel"":37.0,""period_ms"":31.599998474121094}"
193353,1,5401.7,5401.7,False,1.0,"{""inversion_rho"":null,""inversion_channel"":36.5,""period_ms"":22.600173950195312}"
193353,1,5425.7998,5425.7998,False,1.0,"{""inversion_rho"":null,""inversion_channel"":15.0,""period_ms"":22.600173950195312}"
193353,1,5447.0,5447.0,False,1.0,"{""inversion_rho"":null,""inversion_channel"":35.0,""period_ms"":22.600173950195312}"
193353,1,5471.0002,5471.0002,False,1.0,"{""inversion_rho"":null,""inversion_channel"":35.0,""period_ms"":22.600173950195312}"
193353,1,5495.5001,5495.5001,False,1.0,"{""inversion_rho"":null,""inversion_channel"":35.0,""period_ms"":22.600173950195312}"
193353,1,5515.9001,5515.9001,False,1.0,"{""inversion_rho"":null,""inversion_channel"":32.5,""period_ms"":22.600173950195312}"
193353,1,5532.1002,5532.1002,False,1.0,"{""inversion_rho"":null,""inversion_channel"":11.5,""period_ms"":22.600173950195312}"
193353,1,5680.8,5680.8,False,1.0,"{""inversion_rho"":null,""inversion_channel"":37.5,""period_ms"":8.800029754638672}"
193353,1,5688.4999,5688.4999,False,1.0,"{""inversion_rho"":null,""inversion_channel"":31.5,""period_ms"":8.800029754638672}"
193353,1,5698.4,5698.4,False,1.0,"{""inversion_rho"":null,""inversion_channel"":7.5,""period_ms"":8.800029754638672}"
193353,1,5705.9999,5705.9999,False,1.0,"{""inversion_rho"":null,""inversion_channel"":32.5,""period_ms"":8.800029754638672}"
193353,1,5720.6001,5720.6001,False,0.375,"{""inversion_rho"":null,""inversion_channel"":11.0,""period_ms"":8.800029754638672}"
193353,1,50.2,69.9,True,1.0,"{""inversion_rho"":null,""inversion_channel"":38.0,""period_ms"":9.849999099969864}"
193353,1,2759.1,3956.3,True,1.0,"{""inversion_rho"":null,""inversion_channel"":20.5,""period_ms"":69.54991817474365}"
193353,1,3971.7,4375.5002,True,1.0,"{""inversion_rho"":null,""inversion_channel"":21.0,""period_ms"":35.75003147125244}"
193353,1,4383.5001,4572.1998,True,1.0,"{""inversion_rho"":null,""inversion_channel"":21.0,""period_ms"":36.44990921020508}"
193353,1,4614.1,5370.2002,True,1.0,"{""inversion_rho"":null,""inversion_channel"":20.75,""period_ms"":31.599998474121094}"
193353,1,5401.7,5532.1002,True,1.0,"{""inversion_rho"":null,""inversion_channel"":35.0,""period_ms"":22.600173950195312}"
193353,1,5680.8,5720.6001,True,1.0,"{""inversion_rho"":null,""inversion_channel"":31.5,""period_ms"":8.800029754638672}"
193793,1,43.7,43.7,False,1.0,"{""inversion_rho"":null,""inversion_channel"":24.5,""period_ms"":null}"
193793,1,63.9,63.9,False,0.625,"{""inversion_rho"":null,""inversion_channel"":31.5,""period_ms"":null}"
193793,1,69.4,69.4,False,0.625,"{""inversion_rho"":null,""inversion_channel"":31.5,""period_ms"":23.600000888109207}"
193793,1,85.4,85.4,False,0.875,"{""inversion_rho"":null,""inversion_channel"":32.0,""period_ms"":23.600000888109207}"
193793,1,116.6,116.6,False,1.0,"{""inversion_rho"":null,""inversion_channel"":33.0,""period_ms"":23.600000888109207}"
193793,1,125.3,125.3,False,0.25,"{""inversion_rho"":null,""inversion_channel"":31.5,""period_ms"":null}"
193793,1,4496.6002,4496.6002,False,0.5,"{""inversion_rho"":null,""inversion_channel"":31.5,""period_ms"":20.64990997314453}"
193793,1,4524.3001,4524.3001,False,0.75,"{""inversion_rho"":null,""inversion_channel"":31.5,""period_ms"":20.64990997314453}"
193793,1,4537.9,4537.9,False,0.625,"{""inversion_rho"":null,""inversion_channel"":22.5,""period_ms"":20.64990997314453}"
193793,1,5337.8,5337.8,False,0.25,"{""inversion_rho"":null,""inversion_channel"":16.5,""period_ms"":null}"
193793,1,5579.8998,5579.8998,False,0.5,"{""inversion_rho"":null,""inversion_channel"":23.5,""period_ms"":null}"
193793,1,5606.9002,5606.9002,False,0.75,"{""inversion_rho"":null,""inversion_channel"":7.5,""period_ms"":21.049976348876953}"
193793,1,5626.2999,5626.2999,False,1.0,"{""inversion_rho"":null,""inversion_channel"":7.5,""period_ms"":21.049976348876953}"
193793,1,5645.9999,5645.9999,False,1.0,"{""inversion_rho"":null,""inversion_channel"":23.5,""period_ms"":21.049976348876953}"
193793,1,5667.2001,5667.2001,False,0.25,"{""inversion_rho"":null,""inversion_channel"":8.5,""period_ms"":21.049976348876953}"
193793,1,5688.0999,5688.0999,False,0.625,"{""inversion_rho"":null,""inversion_channel"":23.5,""period_ms"":21.049976348876953}"
193793,1,5736.3,5736.3,False,0.25,"{""inversion_rho"":null,""inversion_channel"":21.5,""period_ms"":21.049976348876953}"
193793,1,5779.9001,5779.9001,False,1.0,"{""inversion_rho"":null,""inversion_channel"":22.5,""period_ms"":21.049976348876953}"
193793,1,5791.9998,5791.9998,False,0.875,"{""inversion_rho"":null,""inversion_channel"":22.5,""period_ms"":10.80012321472168}"
193793,1,5819.6998,5819.6998,False,0.75,"{""inversion_rho"":null,""inversion_channel"":10.0,""period_ms"":10.80012321472168}"
193793,1,5833.0998,5833.0998,False,1.0,"{""inversion_rho"":null,""inversion_channel"":12.5,""period_ms"":10.80012321472168}"
193793,1,5841.3,5841.3,False,1.0,"{""inversion_rho"":null,""inversion_channel"":14.5,""period_ms"":10.80012321472168}"
193793,1,5846.7002,5846.7002,False,0.375,"{""inversion_rho"":null,""inversion_channel"":14.5,""period_ms"":10.80012321472168}"
193793,1,5871.5,5871.5,False,1.0,"{""inversion_rho"":null,""inversion_channel"":24.5,""period_ms"":13.400077819824219}"
193793,1,5881.1002,5881.1002,False,1.0,"{""inversion_rho"":null,""inversion_channel"":20.5,""period_ms"":13.400077819824219}"
193793,1,5898.3002,5898.3002,False,0.25,"{""inversion_rho"":null,""inversion_channel"":24.5,""period_ms"":13.400077819824219}"
193793,1,5904.3002,5904.3002,False,1.0,"{""inversion_rho"":null,""inversion_channel"":21.5,""period_ms"":10.649919509887695}"
193793,1,5911.5,5911.5,False,1.0,"{""inversion_rho"":null,""inversion_channel"":22.5,""period_ms"":10.649919509887695}"
193793,1,5917.2001,5917.2001,False,1.0,"{""inversion_rho"":null,""inversion_channel"":27.5,""period_ms"":10.649919509887695}"
193793,1,5931.3002,5931.3002,False,0.375,"{""inversion_rho"":null,""inversion_channel"":16.5,""period_ms"":10.649919509887695}"
193793,1,5952.0998,5952.0998,False,0.25,"{""inversion_rho"":null,""inversion_channel"":22.5,""period_ms"":10.649919509887695}"
193793,1,5957.3002,5957.3002,False,1.0,"{""inversion_rho"":null,""inversion_channel"":19.0,""period_ms"":null}"
193793,1,6007.5998,6007.5998,False,1.0,"{""inversion_rho"":null,""inversion_channel"":21.5,""period_ms"":null}"
193793,1,6016.6998,6016.6998,False,1.0,"{""inversion_rho"":null,""inversion_channel"":6.0,""period_ms"":null}"
193793,1,6022.9998,6022.9998,False,0.5,"{""inversion_rho"":null,""inversion_channel"":11.5,""period_ms"":null}"
193793,1,6079.1001,6079.1001,False,0.25,"{""inversion_rho"":null,""inversion_channel"":15.0,""period_ms"":5.499839782714844}"
193793,1,6086.9002,6086.9002,False,1.0,"{""inversion_rho"":null,""inversion_channel"":8.5,""period_ms"":5.499839782714844}"
193793,1,6092.2999,6092.2999,False,0.75,"{""inversion_rho"":null,""inversion_channel"":17.5,""period_ms"":5.499839782714844}"
193793,1,6097.7998,6097.7998,False,0.625,"{""inversion_rho"":null,""inversion_channel"":10.0,""period_ms"":5.499839782714844}"
193793,1,6124.8999,6124.8999,False,0.625,"{""inversion_rho"":null,""inversion_channel"":13.5,""period_ms"":null}"
193793,1,69.4,116.6,True,1.0,"{""inversion_rho"":null,""inversion_channel"":32.0,""period_ms"":23.600000888109207}"
193793,1,4496.6002,4537.9,True,1.0,"{""inversion_rho"":null,""inversion_channel"":31.5,""period_ms"":20.64990997314453}"
193793,1,5606.9002,5779.9001,True,1.0,"{""inversion_rho"":null,""inversion_channel"":21.5,""period_ms"":21.049976348876953}"
193793,1,5791.9998,5846.7002,True,1.0,"{""inversion_rho"":null,""inversion_channel"":14.5,""period_ms"":10.80012321472168}"
193793,1,5871.5,5898.3002,True,1.0,"{""inversion_rho"":null,""inversion_channel"":24.5,""period_ms"":13.400077819824219}"
193793,1,5904.3002,5952.0998,True,1.0,"{""inversion_rho"":null,""inversion_channel"":22.5,""period_ms"":10.649919509887695}"
193793,1,6079.1001,6097.7998,True,1.0,"{""inversion_rho"":null,""inversion_channel"":12.5,""period_ms"":5.499839782714844}"
193802,1,1242.8,1242.8,False,1.0,"{""inversion_rho"":null,""inversion_channel"":23.5,""period_ms"":24.949967861175537}"
193802,1,1268.2,1268.2,False,1.0,"{""inversion_rho"":null,""inversion_channel"":24.5,""period_ms"":24.949967861175537}"
193802,1,1296.1,1296.1,False,1.0,"{""inversion_rho"":null,""inversion_channel"":24.5,""period_ms"":24.949967861175537}"
193802,1,1325.0,1325.0,False,1.0,"{""inversion_rho"":null,""inversion_channel"":24.5,""period_ms"":24.949967861175537}"
193802,1,1352.1,1352.1,False,1.0,"{""inversion_rho"":null,""inversion_channel"":24.5,""period_ms"":24.949967861175537}"
193802,1,1377.9,1377.9,False,1.0,"{""inversion_rho"":null,""inversion_channel"":24.5,""period_ms"":24.949967861175537}"
193802,1,1402.8,1402.8,False,1.0,"{""inversion_rho"":null,""inversion_channel"":24.0,""period_ms"":24.949967861175537}"
193802,1,1428.2,1428.2,False,1.0,"{""inversion_rho"":null,""inversion_channel"":23.5,""period_ms"":24.949967861175537}"
193802,1,1453.2,1453.2,False,1.0,"{""inversion_rho"":null,""inversion_channel"":23.5,""period_ms"":24.949967861175537}"
193802,1,1477.7,1477.7,False,1.0,"{""inversion_rho"":null,""inversion_channel"":24.0,""period_ms"":24.949967861175537}"
193802,1,1501.2,1501.2,False,1.0,"{""inversion_rho"":null,""inversion_channel"":24.5,""period_ms"":24.949967861175537}"
193802,1,1523.6,1523.6,False,1.0,"{""inversion_rho"":null,""inversion_channel"":24.0,""period_ms"":24.949967861175537}"
193802,1,1547.3,1547.3,False,1.0,"{""inversion_rho"":null,""inversion_channel"":24.0,""period_ms"":24.949967861175537}"
193802,1,1570.3,1570.3,False,1.0,"{""inversion_rho"":null,""inversion_channel"":23.5,""period_ms"":24.949967861175537}"
193802,1,1595.0,1595.0,False,1.0,"{""inversion_rho"":null,""inversion_channel"":25.0,""period_ms"":24.949967861175537}"
193802,1,6066.0,6066.0,False,1.0,"{""inversion_rho"":null,""inversion_channel"":31.5,""period_ms"":null}"
193802,1,6105.8998,6105.8998,False,1.0,"{""inversion_rho"":null,""inversion_channel"":31.5,""period_ms"":null}"
193802,1,1242.8,1595.0,True,1.0,"{""inversion_rho"":null,""inversion_channel"":24.0,""period_ms"":24.949967861175537}"
193832,1,54.2,54.2,False,0.75,"{""inversion_rho"":null,""inversion_channel"":8.5,""period_ms"":30.299998819828033}"
193832,1,88.2,88.2,False,1.0,"{""inversion_rho"":null,""inversion_channel"":6.0,""period_ms"":30.299998819828033}"
193832,1,114.8,114.8,False,1.0,"{""inversion_rho"":null,""inversion_channel"":31.5,""period_ms"":30.299998819828033}"
193832,1,833.1,833.1,False,0.625,"{""inversion_rho"":null,""inversion_channel"":22.5,""period_ms"":null}"
193832,1,1808.2,1808.2,False,1.0,"{""inversion_rho"":null,""inversion_channel"":14.5,""period_ms"":63.60006332397461}"
193832,1,1873.2001,1873.2001,False,1.0,"{""inversion_rho"":null,""inversion_channel"":16.5,""period_ms"":63.60006332397461}"
193832,1,1938.5999,1938.5999,False,1.0,"{""inversion_rho"":null,""inversion_channel"":17.5,""period_ms"":63.60006332397461}"
193832,1,2010.5,2010.5,False,1.0,"{""inversion_rho"":null,""inversion_channel"":18.5,""period_ms"":63.60006332397461}"
193832,1,2069.4001,2069.4001,False,1.0,"{""inversion_rho"":null,""inversion_channel"":19.5,""period_ms"":63.60006332397461}"
193832,1,2129.4,2129.4,False,1.0,"{""inversion_rho"":null,""inversion_channel"":19.5,""period_ms"":63.60006332397461}"
193832,1,2190.8,2190.8,False,1.0,"{""inversion_rho"":null,""inversion_channel"":20.0,""period_ms"":63.60006332397461}"
193832,1,2254.1001,2254.1001,False,1.0,"{""inversion_rho"":null,""inversion_channel"":20.0,""period_ms"":63.60006332397461}"
193832,1,2321.6,2321.6,False,1.0,"{""inversion_rho"":null,""inversion_channel"":20.5,""period_ms"":63.60006332397461}"
193832,1,2386.4999,2386.4999,False,1.0,"{""inversion_rho"":null,""inversion_channel"":20.5,""period_ms"":63.60006332397461}"
193832,1,2445.8001,2445.8001,False,1.0,"{""inversion_rho"":null,""inversion_channel"":20.5,""period_ms"":63.60006332397461}"
193832,1,2509.7001,2509.7001,False,1.0,"{""inversion_rho"":null,""inversion_channel"":20.5,""period_ms"":63.60006332397461}"
193832,1,2577.5001,2577.5001,False,1.0,"{""inversion_rho"":null,""inversion_channel"":21.5,""period_ms"":63.60006332397461}"
193832,1,2643.5001,2643.5001,False,1.0,"{""inversion_rho"":null,""inversion_channel"":22.5,""period_ms"":63.60006332397461}"
193832,1,2701.6001,2701.6001,False,0.25,"{""inversion_rho"":null,""inversion_channel"":22.5,""period_ms"":63.60006332397461}"
193832,1,2756.3,2756.3,False,1.0,"{""inversion_rho"":null,""inversion_channel"":21.5,""period_ms"":63.60006332397461}"
193832,1,2804.3001,2804.3001,False,1.0,"{""inversion_rho"":null,""inversion_channel"":20.5,""period_ms"":63.60006332397461}"
193832,1,2822.2001,2822.2001,False,0.5,"{""inversion_rho"":null,""inversion_channel"":20.5,""period_ms"":37.54997253417969}"
193832,1,2857.8,2857.8,False,1.0,"{""inversion_rho"":null,""inversion_channel"":21.0,""period_ms"":37.54997253417969}"
193832,1,2897.3,2897.3,False,1.0,"{""inversion_rho"":null,""inversion_channel"":35.5,""period_ms"":37.54997253417969}"
193832,1,2912.3001,2912.3001,False,0.625,"{""inversion_rho"":null,""inversion_channel"":21.5,""period_ms"":49.39985275268555}"
193832,1,2961.7,2961.7,False,1.0,"{""inversion_rho"":null,""inversion_channel"":35.5,""period_ms"":49.39985275268555}"
193832,1,3011.2,3011.2,False,1.0,"{""inversion_rho"":null,""inversion_channel"":35.0,""period_ms"":49.39985275268555}"
193832,1,3045.5999,3045.5999,False,0.375,"{""inversion_rho"":null,""inversion_channel"":25.0,""period_ms"":49.39985275268555}"
193832,1,3051.1,3051.1,False,1.0,"{""inversion_rho"":null,""inversion_channel"":35.5,""period_ms"":14.799833297729492}"
193832,1,3085.2001,3085.2001,False,0.375,"{""inversion_rho"":null,""inversion_channel"":27.5,""period_ms"":14.799833297729492}"
193832,1,3099.9999,3099.9999,False,0.375,"{""inversion_rho"":null,""inversion_channel"":27.5,""period_ms"":14.799833297729492}"
193832,1,3109.9,3109.9,False,1.0,"{""inversion_rho"":null,""inversion_channel"":35.0,""period_ms"":14.799833297729492}"
193832,1,3160.3999,3160.3999,False,1.0,"{""inversion_rho"":null,""inversion_channel"":35.0,""period_ms"":34.350037574768066}"
193832,1,3201.2,3201.2,False,0.25,"{""inversion_rho"":null,""inversion_channel"":25.0,""period_ms"":34.350037574768066}"
193832,1,3237.2999,3237.2999,False,1.0,"{""inversion_rho"":null,""inversion_channel"":34.5,""period_ms"":34.350037574768066}"
193832,1,3269.0001,3269.0001,False,1.0,"{""inversion_rho"":null,""inversion_channel"":35.5,""period_ms"":34.350037574768066}"
193832,1,3305.3999,3305.3999,False,0.5,"{""inversion_rho"":null,""inversion_channel"":32.5,""period_ms"":34.350037574768066}"
193832,1,3336.4999,3336.4999,False,0.875,"{""inversion_rho"":null,""inversion_channel"":32.5,""period_ms"":34.350037574768066}"
193832,1,3369.1001,3369.1001,False,0.25,"{""inversion_rho"":null,""inversion_channel"":31.5,""period_ms"":34.350037574768066}"
193832,1,3376.4999,3376.4999,False,1.0,"{""inversion_rho"":null,""inversion_channel"":35.5,""period_ms"":33.20002555847168}"
193832,1,3414.5,3414.5,False,0.625,"{""inversion_rho"":null,""inversion_channel"":34.5,""period_ms"":33.20002555847168}"
193832,1,3457.7,3457.7,False,0.375,"{""inversion_rho"":null,""inversion_channel"":30.5,""period_ms"":33.20002555847168}"
193832,1,3476.1,3476.1,False,0.375,"{""inversion_rho"":null,""inversion_channel"":31.0,""period_ms"":33.20002555847168}"
193832,1,3496.9001,3496.9001,False,1.0,"{""inversion_rho"":null,""inversion_channel"":35.5,""period_ms"":33.20002555847168}"
193832,1,3519.2001,3519.2001,False,0.5,"{""inversion_rho"":null,""inversion_channel"":31.5,""period_ms"":33.20002555847168}"
193832,1,3537.4999,3537.4999,False,0.625,"{""inversion_rho"":null,""inversion_channel"":32.5,""period_ms"":33.20002555847168}"
193832,1,3559.9999,3559.9999,False,0.875,"{""inversion_rho"":null,""inversion_channel"":34.5,""period_ms"":33.20002555847168}"
193832,1,3595.7,3595.7,False,0.625,"{""inversion_rho"":null,""inversion_channel"":34.5,""period_ms"":33.20002555847168}"
193832,1,3626.1001,3626.1001,False,0.75,"{""inversion_rho"":null,""inversion_channel"":34.0,""period_ms"":33.20002555847168}"
193832,1,3647.1,3647.1,False,0.375,"{""inversion_rho"":null,""inversion_channel"":6.0,""period_ms"":33.20002555847168}"
193832,1,3665.4,3665.4,False,0.625,"{""inversion_rho"":null,""inversion_channel"":33.0,""period_ms"":33.20002555847168}"
193832,1,3698.6001,3698.6001,False,0.25,"{""inversion_rho"":null,""inversion_channel"":6.5,""period_ms"":33.20002555847168}"
193832,1,3774.3001,3774.3001,False,1.0,"{""inversion_rho"":null,""inversion_channel"":30.5,""period_ms"":33.20002555847168}"
193832,1,3843.8001,3843.8001,False,0.625,"{""inversion_rho"":null,""inversion_channel"":10.5,""period_ms"":33.20002555847168}"
193832,1,3882.6001,3882.6001,False,0.375,"{""inversion_rho"":null,""inversion_channel"":34.0,""period_ms"":33.20002555847168}"
193832,1,3922.9,3922.9,False,0.625,"{""inversion_rho"":null,""inversion_channel"":33.5,""period_ms"":33.20002555847168}"
193832,1,3958.6999,3958.6999,False,0.625,"{""inversion_rho"":null,""inversion_channel"":35.0,""period_ms"":33.20002555847168}"
193832,1,3987.2,3987.2,False,0.25,"{""inversion_rho"":null,""inversion_channel"":29.5,""period_ms"":33.20002555847168}"
193832,1,4013.5999,4013.5999,False,0.5,"{""inversion_rho"":null,""inversion_channel"":32.5,""period_ms"":33.20002555847168}"
193832,1,4037.4999,4037.4999,False,0.5,"{""inversion_rho"":null,""inversion_channel"":35.0,""period_ms"":33.20002555847168}"
193832,1,4084.7001,4084.7001,False,0.75,"{""inversion_rho"":null,""inversion_channel"":9.5,""period_ms"":33.20002555847168}"
193832,1,4119.2002,4119.2002,False,0.875,"{""inversion_rho"":null,""inversion_channel"":34.5,""period_ms"":33.20002555847168}"
193832,1,4164.0,4164.0,False,0.25,"{""inversion_rho"":null,""inversion_channel"":31.5,""period_ms"":33.20002555847168}"
193832,1,4474.0,4474.0,False,0.25,"{""inversion_rho"":null,""inversion_channel"":33.0,""period_ms"":null}"
193832,1,4484.7002,4484.7002,False,0.25,"{""inversion_rho"":null,""inversion_channel"":31.5,""period_ms"":null}"
193832,1,4696.4998,4696.4998,False,0.375,"{""inversion_rho"":null,""inversion_channel"":30.0,""period_ms"":null}"
193832,1,4704.1001,4704.1001,False,0.375,"{""inversion_rho"":null,""inversion_channel"":20.5,""period_ms"":null}"
193832,1,4860.8999,4860.8999,False,0.25,"{""inversion_rho"":null,""inversion_channel"":19.5,""period_ms"":82.95011520385742}"
193832,1,4965.0998,4965.0998,False,0.25,"{""inversion_rho"":null,""inversion_channel"":20.5,""period_ms"":82.95011520385742}"
193832,1,5026.8002,5026.8002,False,0.875,"{""inversion_rho"":null,""inversion_channel"":14.0,""period_ms"":82.95011520385742}"
193832,1,54.2,114.8,True,1.0,"{""inversion_rho"":null,""inversion_channel"":8.5,""period_ms"":30.299998819828033}"
193832,1,1808.2,2804.3001,True,1.0,"{""inversion_rho"":null,""inversion_channel"":20.5,""period_ms"":63.60006332397461}"
193832,1,2822.2001,2897.3,True,1.0,"{""inversion_rho"":null,""inversion_channel"":21.0,""period_ms"":37.54997253417969}"
193832,1,2912.3001,3045.5999,True,1.0,"{""inversion_rho"":null,""inversion_channel"":30.0,""period_ms"":49.39985275268555}"
193832,1,3051.1,3109.9,True,1.0,"{""inversion_rho"":null,""inversion_channel"":31.25,""period_ms"":14.799833297729492}"
193832,1,3160.3999,3369.1001,True,1.0,"{""inversion_rho"":null,""inversion_channel"":32.5,""period_ms"":34.350037574768066}"
193832,1,3376.4999,4164.0,True,1.0,"{""inversion_rho"":null,""inversion_channel"":32.75,""period_ms"":33.20002555847168}"
193832,1,4860.8999,5026.8002,True,1.0,"{""inversion_rho"":null,""inversion_channel"":19.5,""period_ms"":82.95011520385742}"
194025,1,48.7,48.7,False,0.25,"{""inversion_rho"":null,""inversion_channel"":10.5,""period_ms"":8.549999445676804}"
194025,1,62.8,62.8,False,1.0,"{""inversion_rho"":null,""inversion_channel"":34.5,""period_ms"":8.549999445676804}"
194025,1,69.6,69.6,False,1.0,"{""inversion_rho"":null,""inversion_channel"":35.5,""period_ms"":8.549999445676804}"
194025,1,77.1,77.1,False,1.0,"{""inversion_rho"":null,""inversion_channel"":35.5,""period_ms"":8.549999445676804}"
194025,1,86.7,86.7,False,1.0,"{""inversion_rho"":null,""inversion_channel"":35.5,""period_ms"":8.549999445676804}"
194025,1,1685.1,1685.1,False,1.0,"{""inversion_rho"":null,""inversion_channel"":13.5,""period_ms"":61.100006103515625}"
194025,1,1750.7,1750.7,False,1.0,"{""inversion_rho"":null,""inversion_channel"":33.5,""period_ms"":61.100006103515625}"
194025,1,1814.5,1814.5,False,1.0,"{""inversion_rho"":null,""inversion_channel"":33.0,""period_ms"":61.100006103515625}"
194025,1,1873.2001,1873.2001,False,1.0,"{""inversion_rho"":null,""inversion_channel"":12.5,""period_ms"":61.100006103515625}"
194025,1,1932.5,1932.5,False,1.0,"{""inversion_rho"":null,""inversion_channel"":33.5,""period_ms"":61.100006103515625}"
194025,1,1993.6,1993.6,False,1.0,"{""inversion_rho"":null,""inversion_channel"":33.5,""period_ms"":61.100006103515625}"
194025,1,2082.0999,2082.0999,False,1.0,"{""inversion_rho"":null,""inversion_channel"":33.0,""period_ms"":61.100006103515625}"
194025,1,2173.7001,2173.7001,False,1.0,"{""inversion_rho"":null,""inversion_channel"":32.5,""period_ms"":61.100006103515625}"
194025,1,2271.4,2271.4,False,1.0,"{""inversion_rho"":null,""inversion_channel"":32.5,""period_ms"":61.100006103515625}"
194025,1,2359.9,2359.9,False,1.0,"{""inversion_rho"":null,""inversion_channel"":33.0,""period_ms"":61.100006103515625}"
194025,1,2418.9999,2418.9999,False,0.625,"{""inversion_rho"":null,""inversion_channel"":32.0,""period_ms"":61.100006103515625}"
194025,1,2484.6001,2484.6001,False,1.0,"{""inversion_rho"":null,""inversion_channel"":32.5,""period_ms"":61.100006103515625}"
194025,1,2555.2001,2555.2001,False,1.0,"{""inversion_rho"":null,""inversion_channel"":32.0,""period_ms"":61.100006103515625}"
194025,1,2604.8,2604.8,False,1.0,"{""inversion_rho"":null,""inversion_channel"":16.5,""period_ms"":61.100006103515625}"
194025,1,2721.4999,2721.4999,False,1.0,"{""inversion_rho"":null,""inversion_channel"":17.5,""period_ms"":61.100006103515625}"
194025,1,2780.2,2780.2,False,1.0,"{""inversion_rho"":null,""inversion_channel"":17.5,""period_ms"":61.100006103515625}"
194025,1,2833.4,2833.4,False,1.0,"{""inversion_rho"":null,""inversion_channel"":17.5,""period_ms"":61.100006103515625}"
194025,1,2895.9,2895.9,False,1.0,"{""inversion_rho"":null,""inversion_channel"":18.5,""period_ms"":61.100006103515625}"
194025,1,2948.2999,2948.2999,False,0.625,"{""inversion_rho"":null,""inversion_channel"":19.5,""period_ms"":61.100006103515625}"
194025,1,2981.8001,2981.8001,False,1.0,"{""inversion_rho"":null,""inversion_channel"":19.5,""period_ms"":61.100006103515625}"
194025,1,3029.3,3029.3,False,1.0,"{""inversion_rho"":null,""inversion_channel"":31.5,""period_ms"":61.100006103515625}"
194025,1,3066.0,3066.0,False,1.0,"{""inversion_rho"":null,""inversion_channel"":21.5,""period_ms"":61.100006103515625}"
194025,1,3144.3999,3144.3999,False,0.5,"{""inversion_rho"":null,""inversion_channel"":28.0,""period_ms"":61.100006103515625}"
194025,1,3201.6001,3201.6001,False,1.0,"{""inversion_rho"":null,""inversion_channel"":35.5,""period_ms"":61.100006103515625}"
194025,1,3211.4,3211.4,False,0.25,"{""inversion_rho"":null,""inversion_channel"":37.5,""period_ms"":null}"
194025,1,3259.3,3259.3,False,0.375,"{""inversion_rho"":null,""inversion_channel"":22.5,""period_ms"":null}"
194025,1,3273.4001,3273.4001,False,0.625,"{""inversion_rho"":null,""inversion_channel"":21.5,""period_ms"":11.999964714050293}"
194025,1,3287.4999,3287.4999,False,1.0,"{""inversion_rho"":null,""inversion_channel"":21.5,""period_ms"":11.999964714050293}"
194025,1,3299.3,3299.3,False,0.5,"{""inversion_rho"":null,""inversion_channel"":20.5,""period_ms"":11.999964714050293}"
194025,1,3311.3999,3311.3999,False,0.625,"{""inversion_rho"":null,""inversion_channel"":20.5,""period_ms"":11.999964714050293}"
194025,1,3319.7,3319.7,False,0.25,"{""inversion_rho"":null,""inversion_channel"":21.0,""period_ms"":11.999964714050293}"
194025,1,3329.6001,3329.6001,False,0.5,"{""inversion_rho"":null,""inversion_channel"":20.5,""period_ms"":11.999964714050293}"
194025,1,3338.9001,3338.9001,False,0.625,"{""inversion_rho"":null,""inversion_channel"":21.0,""period_ms"":11.999964714050293}"
194025,1,3354.5001,3354.5001,False,0.25,"{""inversion_rho"":null,""inversion_channel"":20.5,""period_ms"":11.999964714050293}"
194025,1,3371.5,3371.5,False,0.5,"{""inversion_rho"":null,""inversion_channel"":20.5,""period_ms"":11.999964714050293}"
194025,1,3384.3,3384.3,False,1.0,"{""inversion_rho"":null,""inversion_channel"":20.5,""period_ms"":11.999964714050293}"
194025,1,3399.2,3399.2,False,1.0,"{""inversion_rho"":null,""inversion_channel"":21.0,""period_ms"":11.999964714050293}"
194025,1,3413.1999,3413.1999,False,0.875,"{""inversion_rho"":null,""inversion_channel"":21.0,""period_ms"":11.999964714050293}"
194025,1,3423.5001,3423.5001,False,0.375,"{""inversion_rho"":null,""inversion_channel"":21.5,""period_ms"":11.999964714050293}"
194025,1,3435.4,3435.4,False,0.625,"{""inversion_rho"":null,""inversion_channel"":21.5,""period_ms"":11.999964714050293}"
194025,1,3452.6,3452.6,False,0.375,"{""inversion_rho"":null,""inversion_channel"":29.5,""period_ms"":11.999964714050293}"
194025,1,3462.4,3462.4,False,0.25,"{""inversion_rho"":null,""inversion_channel"":21.5,""period_ms"":11.999964714050293}"
194025,1,3471.9,3471.9,False,0.375,"{""inversion_rho"":null,""inversion_channel"":22.5,""period_ms"":11.999964714050293}"
194025,1,3527.8001,3527.8001,False,0.25,"{""inversion_rho"":null,""inversion_channel"":22.5,""period_ms"":10.999917984008789}"
194025,1,3538.1,3538.1,False,0.625,"{""inversion_rho"":null,""inversion_channel"":23.0,""period_ms"":10.999917984008789}"
194025,1,3550.4,3550.4,False,0.625,"{""inversion_rho"":null,""inversion_channel"":23.5,""period_ms"":10.999917984008789}"
194025,1,3559.4001,3559.4001,False,0.375,"{""inversion_rho"":null,""inversion_channel"":22.5,""period_ms"":10.999917984008789}"
194025,1,3570.3001,3570.3001,False,0.375,"{""inversion_rho"":null,""inversion_channel"":23.0,""period_ms"":10.999917984008789}"
194025,1,3581.3999,3581.3999,False,0.25,"{""inversion_rho"":null,""inversion_channel"":23.5,""period_ms"":10.999917984008789}"
194025,1,3592.2,3592.2,False,0.25,"{""inversion_rho"":null,""inversion_channel"":4.5,""period_ms"":10.999917984008789}"
194025,1,3611.3,3611.3,False,0.375,"{""inversion_rho"":null,""inversion_channel"":23.5,""period_ms"":10.999917984008789}"
194025,1,3654.5999,3654.5999,False,0.875,"{""inversion_rho"":null,""inversion_channel"":36.0,""period_ms"":10.999917984008789}"
194025,1,3660.0001,3660.0001,False,0.25,"{""inversion_rho"":null,""inversion_channel"":25.5,""period_ms"":12.69984245300293}"
194025,1,3672.6999,3672.6999,False,0.5,"{""inversion_rho"":null,""inversion_channel"":25.5,""period_ms"":12.69984245300293}"
194025,1,3682.1001,3682.1001,False,0.25,"{""inversion_rho"":null,""inversion_channel"":25.5,""period_ms"":12.69984245300293}"
194025,1,3702.3001,3702.3001,False,0.25,"{""inversion_rho"":null,""inversion_channel"":21.5,""period_ms"":12.69984245300293}"
194025,1,3711.8001,3711.8001,False,0.375,"{""inversion_rho"":null,""inversion_channel"":22.5,""period_ms"":12.69984245300293}"
194025,1,3728.4,3728.4,False,0.25,"{""inversion_rho"":null,""inversion_channel"":23.0,""period_ms"":12.69984245300293}"
194025,1,3770.6001,3770.6001,False,0.375,"{""inversion_rho"":null,""inversion_channel"":39.5,""period_ms"":null}"
194025,1,3860.8,3860.8,False,0.75,"{""inversion_rho"":null,""inversion_channel"":36.5,""period_ms"":null}"
194025,1,3871.0001,3871.0001,False,0.25,"{""inversion_rho"":null,""inversion_channel"":16.0,""period_ms"":8.100032806396484}"
194025,1,3877.5001,3877.5001,False,0.25,"{""inversion_rho"":null,""inversion_channel"":7.0,""period_ms"":8.100032806396484}"
194025,1,3885.6001,3885.6001,False,1.0,"{""inversion_rho"":null,""inversion_channel"":35.5,""period_ms"":8.100032806396484}"
194025,1,3894.2001,3894.2001,False,0.625,"{""inversion_rho"":null,""inversion_channel"":26.5,""period_ms"":8.100032806396484}"
194025,1,3935.3001,3935.3001,False,0.25,"{""inversion_rho"":null,""inversion_channel"":27.5,""period_ms"":10.80012321472168}"
194025,1,3949.1999,3949.1999,False,0.625,"{""inversion_rho"":null,""inversion_channel"":27.5,""period_ms"":10.80012321472168}"
194025,1,3961.7,3961.7,False,0.5,"{""inversion_rho"":null,""inversion_channel"":27.5,""period_ms"":10.80012321472168}"
194025,1,3971.9999,3971.9999,False,0.625,"{""inversion_rho"":null,""inversion_channel"":27.5,""period_ms"":10.80012321472168}"
194025,1,3982.8,3982.8,False,0.375,"{""inversion_rho"":null,""inversion_channel"":27.5,""period_ms"":10.80012321472168}"
194025,1,3992.0001,3992.0001,False,0.25,"{""inversion_rho"":null,""inversion_channel"":27.5,""period_ms"":10.80012321472168}"
194025,1,4143.0998,4143.0998,False,0.625,"{""inversion_rho"":null,""inversion_channel"":35.5,""period_ms"":14.700174331665039}"
194025,1,4158.4001,4158.4001,False,0.25,"{""inversion_rho"":null,""inversion_channel"":30.5,""period_ms"":14.700174331665039}"
194025,1,4172.5001,4172.5001,False,0.5,"{""inversion_rho"":null,""inversion_channel"":29.5,""period_ms"":14.700174331665039}"
194025,1,4299.2001,4299.2001,False,0.25,"{""inversion_rho"":null,""inversion_channel"":28.0,""period_ms"":21.399974822998047}"
194025,1,4335.7,4335.7,False,0.25,"{""inversion_rho"":null,""inversion_channel"":32.0,""period_ms"":21.399974822998047}"
194025,1,4351.1,4351.1,False,0.25,"{""inversion_rho"":null,""inversion_channel"":27.5,""period_ms"":21.399974822998047}"
194025,1,4372.4999,4372.4999,False,0.5,"{""inversion_rho"":null,""inversion_channel"":27.0,""period_ms"":21.399974822998047}"
194025,1,4454.5999,4454.5999,False,0.25,"{""inversion_rho"":null,""inversion_channel"":23.0,""period_ms"":null}"
194025,1,4486.1002,4486.1002,False,0.25,"{""inversion_rho"":null,""inversion_channel"":25.5,""period_ms"":null}"
194025,1,4497.4999,4497.4999,False,1.0,"{""inversion_rho"":null,""inversion_channel"":24.5,""period_ms"":null}"
194025,1,4514.5998,4514.5998,False,0.5,"{""inversion_rho"":null,""inversion_channel"":14.0,""period_ms"":null}"
194025,1,4519.5999,4519.5999,False,0.375,"{""inversion_rho"":null,""inversion_channel"":13.5,""period_ms"":17.45009422302246}"
194025,1,4538.7001,4538.7001,False,1.0,"{""inversion_rho"":null,""inversion_channel"":37.5,""period_ms"":17.45009422302246}"
194025,1,4554.5001,4554.5001,False,0.5,"{""inversion_rho"":null,""inversion_channel"":37.5,""period_ms"":17.45009422302246}"
194025,1,48.7,86.7,True,1.0,"{""inversion_rho"":null,""inversion_channel"":35.5,""period_ms"":8.549999445676804}"
194025,1,1685.1,3201.6001,True,1.0,"{""inversion_rho"":null,""inversion_channel"":31.75,""period_ms"":61.100006103515625}"
194025,1,3273.4001,3471.9,True,1.0,"{""inversion_rho"":null,""inversion_channel"":21.0,""period_ms"":11.999964714050293}"
194025,1,3527.8001,3654.5999,True,1.0,"{""inversion_rho"":null,""inversion_channel"":23.0,""period_ms"":10.999917984008789}"
194025,1,3660.0001,3728.4,True,1.0,"{""inversion_rho"":null,""inversion_channel"":24.25,""period_ms"":12.69984245300293}"
194025,1,3871.0001,3894.2001,True,1.0,"{""inversion_rho"":null,""inversion_channel"":21.25,""period_ms"":8.100032806396484}"
194025,1,3935.3001,3992.0001,True,1.0,"{""inversion_rho"":null,""inversion_channel"":27.5,""period_ms"":10.80012321472168}"
194025,1,4143.0998,4172.5001,True,1.0,"{""inversion_rho"":null,""inversion_channel"":30.5,""period_ms"":14.700174331665039}"
194025,1,4299.2001,4372.4999,True,1.0,"{""inversion_rho"":null,""inversion_channel"":27.75,""period_ms"":21.399974822998047}"
194025,1,4519.5999,4554.5001,True,1.0,"{""inversion_rho"":null,""inversion_channel"":37.5,""period_ms"":17.45009422302246}"
194026,1,50.9,50.9,False,0.875,"{""inversion_rho"":null,""inversion_channel"":8.0,""period_ms"":9.300000965595245}"
194026,1,58.6,58.6,False,0.25,"{""inversion_rho"":null,""inversion_channel"":34.5,""period_ms"":9.300000965595245}"
194026,1,69.3,69.3,False,1.0,"{""inversion_rho"":null,""inversion_channel"":35.5,""period_ms"":9.300000965595245}"
194026,1,75.1,75.1,False,1.0,"{""inversion_rho"":null,""inversion_channel"":36.5,""period_ms"":9.300000965595245}"
194026,1,84.4,84.4,False,1.0,"{""inversion_rho"":null,""inversion_channel"":36.5,""period_ms"":9.300000965595245}"
194026,1,93.7,93.7,False,1.0,"{""inversion_rho"":null,""inversion_channel"":36.5,""period_ms"":9.300000965595245}"
194026,1,103.1,103.1,False,0.375,"{""inversion_rho"":null,""inversion_channel"":36.5,""period_ms"":9.300000965595245}"
194026,1,1804.9999,1804.9999,False,1.0,"{""inversion_rho"":null,""inversion_channel"":33.5,""period_ms"":70.19996643066406}"
194026,1,1864.5,1864.5,False,1.0,"{""inversion_rho"":null,""inversion_channel"":33.5,""period_ms"":70.19996643066406}"
194026,1,1922.9,1922.9,False,1.0,"{""inversion_rho"":null,""inversion_channel"":12.5,""period_ms"":70.19996643066406}"
194026,1,1993.7,1993.7,False,1.0,"{""inversion_rho"":null,""inversion_channel"":32.5,""period_ms"":70.19996643066406}"
194026,1,2105.6001,2105.6001,False,1.0,"{""inversion_rho"":null,""inversion_channel"":33.5,""period_ms"":70.19996643066406}"
194026,1,2210.3,2210.3,False,1.0,"{""inversion_rho"":null,""inversion_channel"":33.0,""period_ms"":70.19996643066406}"
194026,1,2301.8999,2301.8999,False,1.0,"{""inversion_rho"":null,""inversion_channel"":33.5,""period_ms"":70.19996643066406}"
194026,1,2370.8,2370.8,False,1.0,"{""inversion_rho"":null,""inversion_channel"":32.0,""period_ms"":70.19996643066406}"
194026,1,2435.2,2435.2,False,1.0,"{""inversion_rho"":null,""inversion_channel"":33.5,""period_ms"":70.19996643066406}"
194026,1,2527.1001,2527.1001,False,1.0,"{""inversion_rho"":null,""inversion_channel"":32.5,""period_ms"":70.19996643066406}"
194026,1,2613.6999,2613.6999,False,1.0,"{""inversion_rho"":null,""inversion_channel"":33.5,""period_ms"":70.19996643066406}"
194026,1,2690.7001,2690.7001,False,1.0,"{""inversion_rho"":null,""inversion_channel"":33.0,""period_ms"":70.19996643066406}"
194026,1,2800.2999,2800.2999,False,1.0,"{""inversion_rho"":null,""inversion_channel"":33.5,""period_ms"":70.19996643066406}"
194026,1,2868.2001,2868.2001,False,1.0,"{""inversion_rho"":null,""inversion_channel"":33.0,""period_ms"":70.19996643066406}"
194026,1,2921.0999,2921.0999,False,1.0,"{""inversion_rho"":null,""inversion_channel"":32.5,""period_ms"":70.19996643066406}"
194026,1,2949.8,2949.8,False,1.0,"{""inversion_rho"":null,""inversion_channel"":33.5,""period_ms"":70.19996643066406}"
194026,1,3017.4999,3017.4999,False,1.0,"{""inversion_rho"":null,""inversion_channel"":33.5,""period_ms"":70.19996643066406}"
194026,1,3080.2,3080.2,False,1.0,"{""inversion_rho"":null,""inversion_channel"":32.5,""period_ms"":70.19996643066406}"
194026,1,3117.1,3117.1,False,0.375,"{""inversion_rho"":null,""inversion_channel"":20.5,""period_ms"":70.19996643066406}"
194026,1,3161.2999,3161.2999,False,0.25,"{""inversion_rho"":null,""inversion_channel"":20.5,""period_ms"":70.19996643066406}"
194026,1,3231.3001,3231.3001,False,1.0,"{""inversion_rho"":null,""inversion_channel"":20.5,""period_ms"":70.19996643066406}"
194026,1,3325.0999,3325.0999,False,1.0,"{""inversion_rho"":null,""inversion_channel"":29.0,""period_ms"":70.19996643066406}"
194026,1,3430.1,3430.1,False,1.0,"{""inversion_rho"":null,""inversion_channel"":29.0,""period_ms"":70.19996643066406}"
194026,1,3526.5999,3526.5999,False,0.875,"{""inversion_rho"":null,""inversion_channel"":29.5,""period_ms"":70.19996643066406}"
194026,1,3633.8999,3633.8999,False,1.0,"{""inversion_rho"":null,""inversion_channel"":28.5,""period_ms"":70.19996643066406}"
194026,1,3747.1001,3747.1001,False,1.0,"{""inversion_rho"":null,""inversion_channel"":28.5,""period_ms"":70.19996643066406}"
194026,1,3795.2001,3795.2001,False,0.375,"{""inversion_rho"":null,""inversion_channel"":25.5,""period_ms"":70.19996643066406}"
194026,1,3859.6001,3859.6001,False,1.0,"{""inversion_rho"":null,""inversion_channel"":29.5,""period_ms"":70.19996643066406}"
194026,1,3960.4001,3960.4001,False,1.0,"{""inversion_rho"":null,""inversion_channel"":30.5,""period_ms"":70.19996643066406}"
194026,1,4030.7999,4030.7999,False,1.0,"{""inversion_rho"":null,""inversion_channel"":33.5,""period_ms"":70.19996643066406}"
194026,1,4088.3002,4088.3002,False,0.5,"{""inversion_rho"":null,""inversion_channel"":33.0,""period_ms"":70.19996643066406}"
194026,1,4104.3,4104.3,False,0.375,"{""inversion_rho"":null,""inversion_channel"":26.5,""period_ms"":32.29975700378418}"
194026,1,4125.2999,4125.2999,False,0.625,"{""inversion_rho"":null,""inversion_channel"":28.5,""period_ms"":32.29975700378418}"
194026,1,4148.3998,4148.3998,False,0.5,"{""inversion_rho"":null,""inversion_channel"":37.5,""period_ms"":32.29975700378418}"
194026,1,4176.0998,4176.0998,False,0.875,"{""inversion_rho"":null,""inversion_channel"":28.5,""period_ms"":32.29975700378418}"
194026,1,4210.8002,4210.8002,False,0.75,"{""inversion_rho"":null,""inversion_channel"":29.5,""period_ms"":32.29975700378418}"
194026,1,4242.6,4242.6,False,0.75,"{""inversion_rho"":null,""inversion_channel"":29.5,""period_ms"":32.29975700378418}"
194026,1,4265.9001,4265.9001,False,0.5,"{""inversion_rho"":null,""inversion_channel"":29.5,""period_ms"":32.29975700378418}"
194026,1,4300.9,4300.9,False,0.375,"{""inversion_rho"":null,""inversion_channel"":31.5,""period_ms"":32.29975700378418}"
194026,1,4334.0001,4334.0001,False,0.625,"{""inversion_rho"":null,""inversion_channel"":31.5,""period_ms"":32.29975700378418}"
194026,1,4366.7998,4366.7998,False,0.625,"{""inversion_rho"":null,""inversion_channel"":31.5,""period_ms"":32.29975700378418}"
194026,1,4399.7002,4399.7002,False,0.5,"{""inversion_rho"":null,""inversion_channel"":31.5,""period_ms"":32.29975700378418}"
194026,1,4411.3002,4411.3002,False,0.875,"{""inversion_rho"":null,""inversion_channel"":31.0,""period_ms"":null}"
194026,1,4435.9002,4435.9002,False,0.25,"{""inversion_rho"":null,""inversion_channel"":40.5,""period_ms"":null}"
194026,1,4507.9002,4507.9002,False,0.25,"{""inversion_rho"":null,""inversion_channel"":30.5,""period_ms"":26.49998664855957}"
194026,1,4526.5999,4526.5999,False,0.5,"{""inversion_rho"":null,""inversion_channel"":28.5,""period_ms"":26.49998664855957}"
194026,1,4560.9002,4560.9002,False,0.75,"{""inversion_rho"":null,""inversion_channel"":32.5,""period_ms"":26.49998664855957}"
194026,1,4568.1,4568.1,False,0.75,"{""inversion_rho"":null,""inversion_channel"":31.5,""period_ms"":null}"
194026,1,4574.9002,4574.9002,False,0.25,"{""inversion_rho"":null,""inversion_channel"":32.5,""period_ms"":null}"
194026,1,4659.1001,4659.1001,False,0.375,"{""inversion_rho"":null,""inversion_channel"":23.5,""period_ms"":null}"
194026,1,4697.4001,4697.4001,False,1.0,"{""inversion_rho"":null,""inversion_channel"":24.5,""period_ms"":null}"
194026,1,50.9,103.1,True,1.0,"{""inversion_rho"":null,""inversion_channel"":36.5,""period_ms"":9.300000965595245}"
194026,1,1804.9999,4088.3002,True,1.0,"{""inversion_rho"":null,""inversion_channel"":32.5,""period_ms"":70.19996643066406}"
194026,1,4104.3,4399.7002,True,1.0,"{""inversion_rho"":null,""inversion_channel"":29.5,""period_ms"":32.29975700378418}"
194026,1,4507.9002,4560.9002,True,1.0,"{""inversion_rho"":null,""inversion_channel"":30.5,""period_ms"":26.49998664855957}"
194071,1,75.6,75.6,False,1.0,"{""inversion_rho"":null,""inversion_channel"":35.5,""period_ms"":null}"
194071,1,91.0,91.0,False,1.0,"{""inversion_rho"":null,""inversion_channel"":35.5,""period_ms"":null}"
194071,1,1589.1,1589.1,False,0.25,"{""inversion_rho"":null,""inversion_channel"":18.0,""period_ms"":74.50008392333984}"
194071,1,1677.9,1677.9,False,1.0,"{""inversion_rho"":null,""inversion_channel"":15.5,""period_ms"":74.50008392333984}"
194071,1,1752.4,1752.4,False,1.0,"{""inversion_rho"":null,""inversion_channel"":14.0,""period_ms"":74.50008392333984}"
194071,1,1820.6,1820.6,False,1.0,"{""inversion_rho"":null,""inversion_channel"":13.5,""period_ms"":74.50008392333984}"
194071,1,1831.4,1831.4,False,1.0,"{""inversion_rho"":null,""inversion_channel"":13.5,""period_ms"":71.29991054534912}"
194071,1,1902.6999,1902.6999,False,0.375,"{""inversion_rho"":null,""inversion_channel"":14.5,""period_ms"":71.29991054534912}"
194071,1,1979.1,1979.1,False,1.0,"{""inversion_rho"":null,""inversion_channel"":13.0,""period_ms"":71.29991054534912}"
194071,1,2039.7,2039.7,False,1.0,"{""inversion_rho"":null,""inversion_channel"":13.5,""period_ms"":71.29991054534912}"
194071,1,2063.1001,2063.1001,False,1.0,"{""inversion_rho"":null,""inversion_channel"":12.5,""period_ms"":33.550143241882324}"
194071,1,2118.2001,2118.2001,False,1.0,"{""inversion_rho"":null,""inversion_channel"":13.0,""period_ms"":33.550143241882324}"
194071,1,2141.7999,2141.7999,False,1.0,"{""inversion_rho"":null,""inversion_channel"":12.0,""period_ms"":33.550143241882324}"
194071,1,2188.0,2188.0,False,1.0,"{""inversion_rho"":null,""inversion_channel"":13.0,""period_ms"":33.550143241882324}"
194071,1,2207.7999,2207.7999,False,1.0,"{""inversion_rho"":null,""inversion_channel"":12.5,""period_ms"":33.550143241882324}"
194071,1,2244.6001,2244.6001,False,1.0,"{""inversion_rho"":null,""inversion_channel"":12.5,""period_ms"":33.550143241882324}"
194071,1,2266.7999,2266.7999,False,1.0,"{""inversion_rho"":null,""inversion_channel"":11.5,""period_ms"":33.550143241882324}"
194071,1,2317.8,2317.8,False,0.375,"{""inversion_rho"":null,""inversion_channel"":13.0,""period_ms"":33.550143241882324}"
194071,1,2346.2999,2346.2999,False,1.0,"{""inversion_rho"":null,""inversion_channel"":11.5,""period_ms"":33.550143241882324}"
194071,1,2390.1,2390.1,False,1.0,"{""inversion_rho"":null,""inversion_channel"":12.5,""period_ms"":33.550143241882324}"
194071,1,2419.6999,2419.6999,False,1.0,"{""inversion_rho"":null,""inversion_channel"":12.0,""period_ms"":33.550143241882324}"
194071,1,2465.6999,2465.6999,False,1.0,"{""inversion_rho"":null,""inversion_channel"":12.5,""period_ms"":33.550143241882324}"
194071,1,2507.7,2507.7,False,1.0,"{""inversion_rho"":null,""inversion_channel"":12.0,""period_ms"":33.550143241882324}"
194071,1,2564.1999,2564.1999,False,1.0,"{""inversion_rho"":null,""inversion_channel"":11.5,""period_ms"":33.550143241882324}"
194071,1,2602.9,2602.9,False,1.0,"{""inversion_rho"":null,""inversion_channel"":12.5,""period_ms"":33.550143241882324}"
194071,1,2625.4001,2625.4001,False,1.0,"{""inversion_rho"":null,""inversion_channel"":11.5,""period_ms"":33.550143241882324}"
194071,1,2670.7001,2670.7001,False,1.0,"{""inversion_rho"":null,""inversion_channel"":12.5,""period_ms"":33.550143241882324}"
194071,1,2697.5,2697.5,False,1.0,"{""inversion_rho"":null,""inversion_channel"":13.0,""period_ms"":33.550143241882324}"
194071,1,2732.0001,2732.0001,False,1.0,"{""inversion_rho"":null,""inversion_channel"":12.5,""period_ms"":33.550143241882324}"
194071,1,2755.3999,2755.3999,False,1.0,"{""inversion_rho"":null,""inversion_channel"":11.5,""period_ms"":33.550143241882324}"
194071,1,2788.0001,2788.0001,False,1.0,"{""inversion_rho"":null,""inversion_channel"":35.5,""period_ms"":33.550143241882324}"
194071,1,2817.3001,2817.3001,False,1.0,"{""inversion_rho"":null,""inversion_channel"":12.0,""period_ms"":33.550143241882324}"
194071,1,2856.9,2856.9,False,1.0,"{""inversion_rho"":null,""inversion_channel"":12.5,""period_ms"":33.550143241882324}"
194071,1,2881.9001,2881.9001,False,1.0,"{""inversion_rho"":null,""inversion_channel"":11.5,""period_ms"":33.550143241882324}"
194071,1,2935.9,2935.9,False,1.0,"{""inversion_rho"":null,""inversion_channel"":12.0,""period_ms"":33.550143241882324}"
194071,1,2962.1,2962.1,False,1.0,"{""inversion_rho"":null,""inversion_channel"":13.0,""period_ms"":33.550143241882324}"
194071,1,2981.6,2981.6,False,1.0,"{""inversion_rho"":null,""inversion_channel"":11.5,""period_ms"":33.550143241882324}"
194071,1,3033.2,3033.2,False,1.0,"{""inversion_rho"":null,""inversion_channel"":11.5,""period_ms"":26.29995346069336}"
194071,1,3059.9,3059.9,False,1.0,"{""inversion_rho"":null,""inversion_channel"":12.5,""period_ms"":26.29995346069336}"
194071,1,3076.9,3076.9,False,1.0,"{""inversion_rho"":null,""inversion_channel"":12.0,""period_ms"":26.29995346069336}"
194071,1,3106.6999,3106.6999,False,1.0,"{""inversion_rho"":null,""inversion_channel"":35.0,""period_ms"":26.29995346069336}"
194071,1,3129.1001,3129.1001,False,1.0,"{""inversion_rho"":null,""inversion_channel"":35.0,""period_ms"":26.29995346069336}"
194071,1,3174.7,3174.7,False,1.0,"{""inversion_rho"":null,""inversion_channel"":35.5,""period_ms"":26.29995346069336}"
194071,1,3201.0,3201.0,False,1.0,"{""inversion_rho"":null,""inversion_channel"":12.0,""period_ms"":26.29995346069336}"
194071,1,3214.0999,3214.0999,False,1.0,"{""inversion_rho"":null,""inversion_channel"":36.0,""period_ms"":26.29995346069336}"
194071,1,3253.4001,3253.4001,False,1.0,"{""inversion_rho"":null,""inversion_channel"":36.0,""period_ms"":33.64992141723633}"
194071,1,3281.8999,3281.8999,False,1.0,"{""inversion_rho"":null,""inversion_channel"":35.0,""period_ms"":33.64992141723633}"
194071,1,3305.5999,3305.5999,False,1.0,"{""inversion_rho"":null,""inversion_channel"":14.5,""period_ms"":33.64992141723633}"
194071,1,3356.3001,3356.3001,False,1.0,"{""inversion_rho"":null,""inversion_channel"":36.0,""period_ms"":33.64992141723633}"
194071,1,3390.3999,3390.3999,False,1.0,"{""inversion_rho"":null,""inversion_channel"":14.5,""period_ms"":33.64992141723633}"
194071,1,3430.5999,3430.5999,False,1.0,"{""inversion_rho"":null,""inversion_channel"":35.5,""period_ms"":33.64992141723633}"
194071,1,3459.3,3459.3,False,1.0,"{""inversion_rho"":null,""inversion_channel"":36.5,""period_ms"":33.64992141723633}"
194071,1,3491.4999,3491.4999,False,1.0,"{""inversion_rho"":null,""inversion_channel"":35.5,""period_ms"":33.64992141723633}"
194071,1,3524.6999,3524.6999,False,1.0,"{""inversion_rho"":null,""inversion_channel"":35.5,""period_ms"":33.64992141723633}"
194071,1,3562.5999,3562.5999,False,1.0,"{""inversion_rho"":null,""inversion_channel"":36.0,""period_ms"":33.64992141723633}"
194071,1,3604.8999,3604.8999,False,0.875,"{""inversion_rho"":null,""inversion_channel"":10.5,""period_ms"":33.64992141723633}"
194071,1,3731.1001,3731.1001,False,0.25,"{""inversion_rho"":null,""inversion_channel"":21.5,""period_ms"":15.10000228881836}"
194071,1,3742.6,3742.6,False,1.0,"{""inversion_rho"":null,""inversion_channel"":11.5,""period_ms"":15.10000228881836}"
194071,1,3761.3001,3761.3001,False,1.0,"{""inversion_rho"":null,""inversion_channel"":9.5,""period_ms"":15.10000228881836}"
194071,1,3768.3001,3768.3001,False,1.0,"{""inversion_rho"":null,""inversion_channel"":8.5,""period_ms"":6.600141525268555}"
194071,1,3777.4999,3777.4999,False,0.875,"{""inversion_rho"":null,""inversion_channel"":10.5,""period_ms"":6.600141525268555}"
194071,1,3792.5999,3792.5999,False,1.0,"{""inversion_rho"":null,""inversion_channel"":11.0,""period_ms"":6.600141525268555}"
194071,1,3799.2001,3799.2001,False,1.0,"{""inversion_rho"":null,""inversion_channel"":9.5,""period_ms"":6.600141525268555}"
194071,1,3805.5999,3805.5999,False,1.0,"{""inversion_rho"":null,""inversion_channel"":11.5,""period_ms"":6.600141525268555}"
194071,1,3810.6,3810.6,False,1.0,"{""inversion_rho"":null,""inversion_channel"":8.5,""period_ms"":6.600141525268555}"
194071,1,3815.7001,3815.7001,False,0.875,"{""inversion_rho"":null,""inversion_channel"":31.5,""period_ms"":6.600141525268555}"
194071,1,3824.3999,3824.3999,False,1.0,"{""inversion_rho"":null,""inversion_channel"":11.5,""period_ms"":6.600141525268555}"
194071,1,1589.1,1820.6,True,1.0,"{""inversion_rho"":null,""inversion_channel"":14.75,""period_ms"":74.50008392333984}"
194071,1,1831.4,2039.7,True,1.0,"{""inversion_rho"":null,""inversion_channel"":13.5,""period_ms"":71.29991054534912}"
194071,1,2063.1001,2981.6,True,1.0,"{""inversion_rho"":null,""inversion_channel"":12.5,""period_ms"":33.550143241882324}"
194071,1,3033.2,3214.0999,True,1.0,"{""inversion_rho"":null,""inversion_channel"":23.75,""period_ms"":26.29995346069336}"
194071,1,3253.4001,3604.8999,True,1.0,"{""inversion_rho"":null,""inversion_channel"":35.5,""period_ms"":33.64992141723633}"
194071,1,3731.1001,3761.3001,True,1.0,"{""inversion_rho"":null,""inversion_channel"":11.5,""period_ms"":15.10000228881836}"
194071,1,3768.3001,3824.3999,True,1.0,"{""inversion_rho"":null,""inversion_channel"":10.75,""period_ms"":6.600141525268555}"
194099,1,58.1,58.1,False,0.375,"{""inversion_rho"":null,""inversion_channel"":17.5,""period_ms"":15.650000423192978}"
194099,1,68.2,68.2,False,0.625,"{""inversion_rho"":null,""inversion_channel"":14.5,""period_ms"":15.650000423192978}"
194099,1,89.4,89.4,False,0.25,"{""inversion_rho"":null,""inversion_channel"":33.0,""period_ms"":15.650000423192978}"
194099,1,1555.9,1555.9,False,1.0,"{""inversion_rho"":null,""inversion_channel"":32.5,""period_ms"":81.60006999969482}"
194099,1,1660.0,1660.0,False,0.75,"{""inversion_rho"":null,""inversion_channel"":32.0,""period_ms"":81.60006999969482}"
194099,1,1709.6,1709.6,False,1.0,"{""inversion_rho"":null,""inversion_channel"":33.5,""period_ms"":81.60006999969482}"
194099,1,1780.8,1780.8,False,0.75,"{""inversion_rho"":null,""inversion_channel"":31.5,""period_ms"":81.60006999969482}"
194099,1,1857.5,1857.5,False,1.0,"{""inversion_rho"":null,""inversion_channel"":16.5,""period_ms"":81.60006999969482}"
194099,1,1942.3,1942.3,False,1.0,"{""inversion_rho"":null,""inversion_channel"":18.5,""period_ms"":81.60006999969482}"
194099,1,2023.9,2023.9,False,1.0,"{""inversion_rho"":null,""inversion_channel"":19.5,""period_ms"":81.60006999969482}"
194099,1,2130.3999,2130.3999,False,1.0,"{""inversion_rho"":null,""inversion_channel"":29.5,""period_ms"":81.60006999969482}"
194099,1,2230.6001,2230.6001,False,1.0,"{""inversion_rho"":null,""inversion_channel"":32.5,""period_ms"":81.60006999969482}"
194099,1,2309.6001,2309.6001,False,1.0,"{""inversion_rho"":null,""inversion_channel"":20.5,""period_ms"":81.60006999969482}"
194099,1,2326.0,2326.0,False,0.25,"{""inversion_rho"":null,""inversion_channel"":31.0,""period_ms"":49.4999885559082}"
194099,1,2375.2,2375.2,False,1.0,"{""inversion_rho"":null,""inversion_channel"":33.0,""period_ms"":49.4999885559082}"
194099,1,2429.8,2429.8,False,1.0,"{""inversion_rho"":null,""inversion_channel"":20.5,""period_ms"":49.4999885559082}"
194099,1,2473.0,2473.0,False,1.0,"{""inversion_rho"":null,""inversion_channel"":20.5,""period_ms"":49.4999885559082}"
194099,1,2540.2,2540.2,False,1.0,"{""inversion_rho"":null,""inversion_channel"":33.5,""period_ms"":49.4999885559082}"
194099,1,2589.7,2589.7,False,0.375,"{""inversion_rho"":null,""inversion_channel"":22.5,""period_ms"":49.4999885559082}"
194099,1,2606.6,2606.6,False,1.0,"{""inversion_rho"":null,""inversion_channel"":21.5,""period_ms"":59.84997749328613}"
194099,1,2661.9999,2661.9999,False,1.0,"{""inversion_rho"":null,""inversion_channel"":22.5,""period_ms"":59.84997749328613}"
194099,1,2726.3,2726.3,False,1.0,"{""inversion_rho"":null,""inversion_channel"":33.5,""period_ms"":59.84997749328613}"
194099,1,2745.6,2745.6,False,0.25,"{""inversion_rho"":null,""inversion_channel"":21.0,""period_ms"":null}"
194099,1,2804.4,2804.4,False,1.0,"{""inversion_rho"":null,""inversion_channel"":23.5,""period_ms"":null}"
194099,1,4601.2001,4601.2001,False,0.375,"{""inversion_rho"":null,""inversion_channel"":30.5,""period_ms"":null}"
194099,1,4982.9001,4982.9001,False,0.25,"{""inversion_rho"":null,""inversion_channel"":19.5,""period_ms"":null}"
194099,1,5939.7998,5939.7998,False,0.25,"{""inversion_rho"":null,""inversion_channel"":25.0,""period_ms"":9.999990463256836}"
194099,1,5949.9002,5949.9002,False,0.25,"{""inversion_rho"":null,""inversion_channel"":9.0,""period_ms"":9.999990463256836}"
194099,1,5959.7998,5959.7998,False,0.75,"{""inversion_rho"":null,""inversion_channel"":13.5,""period_ms"":9.999990463256836}"
194099,1,58.1,89.4,True,1.0,"{""inversion_rho"":null,""inversion_channel"":17.5,""period_ms"":15.650000423192978}"
194099,1,1555.9,2309.6001,True,1.0,"{""inversion_rho"":null,""inversion_channel"":30.5,""period_ms"":81.60006999969482}"
194099,1,2326.0,2589.7,True,1.0,"{""inversion_rho"":null,""inversion_channel"":26.75,""period_ms"":49.4999885559082}"
194099,1,2606.6,2726.3,True,1.0,"{""inversion_rho"":null,""inversion_channel"":22.5,""period_ms"":59.84997749328613}"
194099,1,5939.7998,5959.7998,True,1.0,"{""inversion_rho"":null,""inversion_channel"":13.5,""period_ms"":9.999990463256836}"
194115,1,96.0,96.0,False,0.875,"{""inversion_rho"":null,""inversion_channel"":38.5,""period_ms"":null}"
194115,1,106.3,106.3,False,1.0,"{""inversion_rho"":null,""inversion_channel"":8.5,""period_ms"":null}"
194115,1,147.5,147.5,False,1.0,"{""inversion_rho"":null,""inversion_channel"":14.5,""period_ms"":null}"
194115,1,1567.3,1567.3,False,1.0,"{""inversion_rho"":null,""inversion_channel"":31.5,""period_ms"":71.90001010894775}"
194115,1,1632.2,1632.2,False,1.0,"{""inversion_rho"":null,""inversion_channel"":14.5,""period_ms"":71.90001010894775}"
194115,1,1689.6,1689.6,False,1.0,"{""inversion_rho"":null,""inversion_channel"":13.5,""period_ms"":71.90001010894775}"
194115,1,1761.5,1761.5,False,1.0,"{""inversion_rho"":null,""inversion_channel"":11.5,""period_ms"":71.90001010894775}"
194115,1,1858.0,1858.0,False,1.0,"{""inversion_rho"":null,""inversion_channel"":12.5,""period_ms"":71.90001010894775}"
194115,1,1935.8,1935.8,False,0.25,"{""inversion_rho"":null,""inversion_channel"":27.5,""period_ms"":71.90001010894775}"
194115,1,1979.2,1979.2,False,1.0,"{""inversion_rho"":null,""inversion_channel"":33.0,""period_ms"":71.90001010894775}"
194115,1,2059.6001,2059.6001,False,0.25,"{""inversion_rho"":null,""inversion_channel"":26.0,""period_ms"":71.90001010894775}"
194115,1,2088.2001,2088.2001,False,0.25,"{""inversion_rho"":null,""inversion_channel"":39.5,""period_ms"":107.80000686645508}"
194115,1,2189.8999,2189.8999,False,1.0,"{""inversion_rho"":null,""inversion_channel"":15.5,""period_ms"":107.80000686645508}"
194115,1,2303.8001,2303.8001,False,1.0,"{""inversion_rho"":null,""inversion_channel"":32.0,""period_ms"":107.80000686645508}"
194115,1,2328.3,2328.3,False,0.25,"{""inversion_rho"":null,""inversion_channel"":30.0,""period_ms"":48.30002784729004}"
194115,1,2383.1,2383.1,False,1.0,"{""inversion_rho"":null,""inversion_channel"":19.5,""period_ms"":48.30002784729004}"
194115,1,2431.4001,2431.4001,False,0.375,"{""inversion_rho"":null,""inversion_channel"":5.5,""period_ms"":48.30002784729004}"
194115,1,2454.7999,2454.7999,False,1.0,"{""inversion_rho"":null,""inversion_channel"":19.5,""period_ms"":48.30002784729004}"
194115,1,2515.6,2515.6,False,0.75,"{""inversion_rho"":null,""inversion_channel"":20.5,""period_ms"":72.60000705718994}"
194115,1,2554.8,2554.8,False,1.0,"{""inversion_rho"":null,""inversion_channel"":20.5,""period_ms"":72.60000705718994}"
194115,1,2619.9999,2619.9999,False,0.375,"{""inversion_rho"":null,""inversion_channel"":20.5,""period_ms"":72.60000705718994}"
194115,1,2700.0,2700.0,False,1.0,"{""inversion_rho"":null,""inversion_channel"":33.5,""period_ms"":72.60000705718994}"
194115,1,2784.6,2784.6,False,0.875,"{""inversion_rho"":null,""inversion_channel"":34.5,""period_ms"":72.60000705718994}"
194115,1,2806.9,2806.9,False,0.875,"{""inversion_rho"":null,""inversion_channel"":21.5,""period_ms"":58.44998359680176}"
194115,1,2836.9,2836.9,False,1.0,"{""inversion_rho"":null,""inversion_channel"":22.5,""period_ms"":58.44998359680176}"
194115,1,2909.9,2909.9,False,1.0,"{""inversion_rho"":null,""inversion_channel"":23.5,""period_ms"":58.44998359680176}"
194115,1,2977.0,2977.0,False,0.5,"{""inversion_rho"":null,""inversion_channel"":27.5,""period_ms"":58.44998359680176}"
194115,1,3060.6,3060.6,False,1.0,"{""inversion_rho"":null,""inversion_channel"":28.0,""period_ms"":58.44998359680176}"
194115,1,3110.4,3110.4,False,0.25,"{""inversion_rho"":null,""inversion_channel"":27.0,""period_ms"":58.44998359680176}"
194115,1,3140.0001,3140.0001,False,1.0,"{""inversion_rho"":null,""inversion_channel"":29.0,""period_ms"":58.44998359680176}"
194115,1,3219.5001,3219.5001,False,0.875,"{""inversion_rho"":null,""inversion_channel"":33.5,""period_ms"":null}"
194115,1,3312.0999,3312.0999,False,1.0,"{""inversion_rho"":null,""inversion_channel"":32.0,""period_ms"":null}"
194115,1,3546.9,3546.9,False,0.25,"{""inversion_rho"":null,""inversion_channel"":36.5,""period_ms"":null}"
194115,1,3630.1999,3630.1999,False,0.25,"{""inversion_rho"":null,""inversion_channel"":30.5,""period_ms"":null}"
194115,1,3642.9,3642.9,False,0.25,"{""inversion_rho"":null,""inversion_channel"":29.0,""period_ms"":null}"
194115,1,3648.2999,3648.2999,False,0.25,"{""inversion_rho"":null,""inversion_channel"":26.0,""period_ms"":null}"
194115,1,3666.1999,3666.1999,False,1.0,"{""inversion_rho"":null,""inversion_channel"":29.5,""period_ms"":9.800076484680176}"
194115,1,3675.4999,3675.4999,False,1.0,"{""inversion_rho"":null,""inversion_channel"":11.0,""period_ms"":9.800076484680176}"
194115,1,3692.6999,3692.6999,False,0.5,"{""inversion_rho"":null,""inversion_channel"":6.5,""period_ms"":9.800076484680176}"
194115,1,3703.0001,3703.0001,False,1.0,"{""inversion_rho"":null,""inversion_channel"":32.0,""period_ms"":9.800076484680176}"
194115,1,3708.4999,3708.4999,False,0.375,"{""inversion_rho"":null,""inversion_channel"":13.5,""period_ms"":9.800076484680176}"
194115,1,3722.3001,3722.3001,False,1.0,"{""inversion_rho"":null,""inversion_channel"":34.0,""period_ms"":null}"
194115,1,3733.4001,3733.4001,False,0.5,"{""inversion_rho"":null,""inversion_channel"":8.5,""period_ms"":null}"
194115,1,1567.3,2059.6001,True,1.0,"{""inversion_rho"":null,""inversion_channel"":20.25,""period_ms"":71.90001010894775}"
194115,1,2088.2001,2303.8001,True,1.0,"{""inversion_rho"":null,""inversion_channel"":32.0,""period_ms"":107.80000686645508}"
194115,1,2328.3,2454.7999,True,1.0,"{""inversion_rho"":null,""inversion_channel"":19.5,""period_ms"":48.30002784729004}"
194115,1,2515.6,2784.6,True,1.0,"{""inversion_rho"":null,""inversion_channel"":20.5,""period_ms"":72.60000705718994}"
194115,1,2806.9,3140.0001,True,1.0,"{""inversion_rho"":null,""inversion_channel"":27.0,""period_ms"":58.44998359680176}"
194115,1,3666.1999,3708.4999,True,1.0,"{""inversion_rho"":null,""inversion_channel"":13.5,""period_ms"":9.800076484680176}"
194154,1,62.4,62.4,False,1.0,"{""inversion_rho"":null,""inversion_channel"":30.5,""period_ms"":null}"
194154,1,68.9,68.9,False,1.0,"{""inversion_rho"":null,""inversion_channel"":31.5,""period_ms"":null}"
194154,1,105.7,105.7,False,1.0,"{""inversion_rho"":null,""inversion_channel"":19.5,""period_ms"":null}"
194154,1,2000.0,2000.0,False,0.375,"{""inversion_rho"":null,""inversion_channel"":19.0,""period_ms"":null}"
194154,1,2061.8999,2061.8999,False,1.0,"{""inversion_rho"":null,""inversion_channel"":31.5,""period_ms"":null}"
194154,1,2082.9999,2082.9999,False,1.0,"{""inversion_rho"":null,""inversion_channel"":30.5,""period_ms"":8.85009765625}"
194154,1,2102.7,2102.7,False,1.0,"{""inversion_rho"":null,""inversion_channel"":31.0,""period_ms"":8.85009765625}"
194154,1,2119.0,2119.0,False,1.0,"{""inversion_rho"":null,""inversion_channel"":31.0,""period_ms"":8.85009765625}"
194154,1,2130.7001,2130.7001,False,1.0,"{""inversion_rho"":null,""inversion_channel"":31.0,""period_ms"":8.85009765625}"
194154,1,2144.7001,2144.7001,False,1.0,"{""inversion_rho"":null,""inversion_channel"":31.5,""period_ms"":8.85009765625}"
194154,1,2155.9,2155.9,False,1.0,"{""inversion_rho"":null,""inversion_channel"":31.5,""period_ms"":8.85009765625}"
194154,1,2167.7001,2167.7001,False,1.0,"{""inversion_rho"":null,""inversion_channel"":31.5,""period_ms"":8.85009765625}"
194154,1,2179.1999,2179.1999,False,1.0,"{""inversion_rho"":null,""inversion_channel"":31.5,""period_ms"":8.85009765625}"
194154,1,2188.2999,2188.2999,False,1.0,"{""inversion_rho"":null,""inversion_channel"":31.5,""period_ms"":8.85009765625}"
194154,1,2200.4001,2200.4001,False,1.0,"{""inversion_rho"":null,""inversion_channel"":31.5,""period_ms"":8.85009765625}"
194154,1,2209.5001,2209.5001,False,1.0,"{""inversion_rho"":null,""inversion_channel"":31.5,""period_ms"":8.85009765625}"
194154,1,2220.7,2220.7,False,1.0,"{""inversion_rho"":null,""inversion_channel"":31.5,""period_ms"":8.85009765625}"
194154,1,2228.8001,2228.8001,False,1.0,"{""inversion_rho"":null,""inversion_channel"":31.5,""period_ms"":8.85009765625}"
194154,1,2237.9999,2237.9999,False,1.0,"{""inversion_rho"":null,""inversion_channel"":32.5,""period_ms"":8.85009765625}"
194154,1,2246.9001,2246.9001,False,1.0,"{""inversion_rho"":null,""inversion_channel"":31.5,""period_ms"":8.85009765625}"
194154,1,2255.3999,2255.3999,False,1.0,"{""inversion_rho"":null,""inversion_channel"":31.5,""period_ms"":8.85009765625}"
194154,1,2264.2,2264.2,False,1.0,"{""inversion_rho"":null,""inversion_channel"":31.5,""period_ms"":8.85009765625}"
194154,1,2271.8,2271.8,False,1.0,"{""inversion_rho"":null,""inversion_channel"":31.0,""period_ms"":8.85009765625}"
194154,1,2280.6001,2280.6001,False,1.0,"{""inversion_rho"":null,""inversion_channel"":30.5,""period_ms"":8.85009765625}"
194154,1,2287.2,2287.2,False,1.0,"{""inversion_rho"":null,""inversion_channel"":10.5,""period_ms"":8.85009765625}"
194154,1,2295.2001,2295.2001,False,1.0,"{""inversion_rho"":null,""inversion_channel"":31.5,""period_ms"":8.85009765625}"
194154,1,2302.7,2302.7,False,1.0,"{""inversion_rho"":null,""inversion_channel"":32.0,""period_ms"":8.85009765625}"
194154,1,2312.0999,2312.0999,False,1.0,"{""inversion_rho"":null,""inversion_channel"":31.5,""period_ms"":8.85009765625}"
194154,1,2320.4,2320.4,False,1.0,"{""inversion_rho"":null,""inversion_channel"":31.5,""period_ms"":8.85009765625}"
194154,1,2326.7,2326.7,False,1.0,"{""inversion_rho"":null,""inversion_channel"":31.5,""period_ms"":8.85009765625}"
194154,1,2334.3999,2334.3999,False,1.0,"{""inversion_rho"":null,""inversion_channel"":30.5,""period_ms"":8.85009765625}"
194154,1,2341.3,2341.3,False,1.0,"{""inversion_rho"":null,""inversion_channel"":31.5,""period_ms"":8.85009765625}"
194154,1,2347.8,2347.8,False,1.0,"{""inversion_rho"":null,""inversion_channel"":31.5,""period_ms"":8.85009765625}"
194154,1,2354.6,2354.6,False,1.0,"{""inversion_rho"":null,""inversion_channel"":31.5,""period_ms"":8.85009765625}"
194154,1,2515.3,2515.3,False,1.0,"{""inversion_rho"":null,""inversion_channel"":31.0,""period_ms"":7.6999664306640625}"
194154,1,2522.3,2522.3,False,1.0,"{""inversion_rho"":null,""inversion_channel"":10.0,""period_ms"":7.6999664306640625}"
194154,1,2536.2,2536.2,False,1.0,"{""inversion_rho"":null,""inversion_channel"":32.0,""period_ms"":7.6999664306640625}"
194154,1,2543.9,2543.9,False,0.75,"{""inversion_rho"":null,""inversion_channel"":31.5,""period_ms"":7.6999664306640625}"
194154,1,2571.0001,2571.0001,False,1.0,"{""inversion_rho"":null,""inversion_channel"":31.5,""period_ms"":10.100007057189941}"
194154,1,2582.0999,2582.0999,False,1.0,"{""inversion_rho"":null,""inversion_channel"":31.5,""period_ms"":10.100007057189941}"
194154,1,2592.9999,2592.9999,False,1.0,"{""inversion_rho"":null,""inversion_channel"":31.5,""period_ms"":10.100007057189941}"
194154,1,2602.2999,2602.2999,False,1.0,"{""inversion_rho"":null,""inversion_channel"":7.0,""period_ms"":10.100007057189941}"
194154,1,2609.4999,2609.4999,False,1.0,"{""inversion_rho"":null,""inversion_channel"":9.5,""period_ms"":10.100007057189941}"
194154,1,2637.5,2637.5,False,1.0,"{""inversion_rho"":null,""inversion_channel"":31.5,""period_ms"":null}"
194154,1,2644.2001,2644.2001,False,1.0,"{""inversion_rho"":null,""inversion_channel"":32.5,""period_ms"":null}"
194154,1,2683.7001,2683.7001,False,1.0,"{""inversion_rho"":null,""inversion_channel"":31.0,""period_ms"":8.699893951416016}"
194154,1,2690.5999,2690.5999,False,1.0,"{""inversion_rho"":null,""inversion_channel"":31.5,""period_ms"":8.699893951416016}"
194154,1,2706.5001,2706.5001,False,1.0,"{""inversion_rho"":null,""inversion_channel"":31.5,""period_ms"":8.699893951416016}"
194154,1,2714.2,2714.2,False,1.0,"{""inversion_rho"":null,""inversion_channel"":31.5,""period_ms"":8.699893951416016}"
194154,1,2722.1,2722.1,False,1.0,"{""inversion_rho"":null,""inversion_channel"":31.5,""period_ms"":8.699893951416016}"
194154,1,2730.7,2730.7,False,1.0,"{""inversion_rho"":null,""inversion_channel"":31.5,""period_ms"":8.699893951416016}"
194154,1,2740.2999,2740.2999,False,1.0,"{""inversion_rho"":null,""inversion_channel"":9.5,""period_ms"":8.699893951416016}"
194154,1,2755.3999,2755.3999,False,1.0,"{""inversion_rho"":null,""inversion_channel"":31.5,""period_ms"":8.699893951416016}"
194154,1,2762.9001,2762.9001,False,1.0,"{""inversion_rho"":null,""inversion_channel"":31.5,""period_ms"":8.699893951416016}"
194154,1,2779.5,2779.5,False,1.0,"{""inversion_rho"":null,""inversion_channel"":31.5,""period_ms"":8.699893951416016}"
194154,1,2788.6,2788.6,False,1.0,"{""inversion_rho"":null,""inversion_channel"":32.0,""period_ms"":8.699893951416016}"
194154,1,2798.6,2798.6,False,1.0,"{""inversion_rho"":null,""inversion_channel"":32.0,""period_ms"":8.699893951416016}"
194154,1,2814.8,2814.8,False,1.0,"{""inversion_rho"":null,""inversion_channel"":31.5,""period_ms"":8.699893951416016}"
194154,1,2828.5999,2828.5999,False,0.625,"{""inversion_rho"":null,""inversion_channel"":9.5,""period_ms"":8.699893951416016}"
194154,1,2836.2,2836.2,False,1.0,"{""inversion_rho"":null,""inversion_channel"":31.5,""period_ms"":8.699893951416016}"
194154,1,2843.9,2843.9,False,1.0,"{""inversion_rho"":null,""inversion_channel"":6.0,""period_ms"":8.699893951416016}"
194154,1,2852.2,2852.2,False,1.0,"{""inversion_rho"":null,""inversion_channel"":31.5,""period_ms"":8.699893951416016}"
194154,1,2859.9999,2859.9999,False,1.0,"{""inversion_rho"":null,""inversion_channel"":8.5,""period_ms"":8.699893951416016}"
194154,1,2867.7001,2867.7001,False,1.0,"{""inversion_rho"":null,""inversion_channel"":31.5,""period_ms"":8.699893951416016}"
194154,1,2877.1,2877.1,False,1.0,"{""inversion_rho"":null,""inversion_channel"":31.5,""period_ms"":8.699893951416016}"
194154,1,2883.8999,2883.8999,False,1.0,"{""inversion_rho"":null,""inversion_channel"":32.5,""period_ms"":8.699893951416016}"
194154,1,2890.8999,2890.8999,False,1.0,"{""inversion_rho"":null,""inversion_channel"":31.5,""period_ms"":8.699893951416016}"
194154,1,2906.8,2906.8,False,1.0,"{""inversion_rho"":null,""inversion_channel"":9.0,""period_ms"":8.699893951416016}"
194154,1,2914.7,2914.7,False,1.0,"{""inversion_rho"":null,""inversion_channel"":31.5,""period_ms"":8.699893951416016}"
194154,1,2923.3,2923.3,False,1.0,"{""inversion_rho"":null,""inversion_channel"":32.0,""period_ms"":8.699893951416016}"
194154,1,2936.3,2936.3,False,0.75,"{""inversion_rho"":null,""inversion_channel"":8.5,""period_ms"":8.699893951416016}"
194154,1,2946.5001,2946.5001,False,1.0,"{""inversion_rho"":null,""inversion_channel"":7.0,""period_ms"":8.699893951416016}"
194154,1,2956.8,2956.8,False,1.0,"{""inversion_rho"":null,""inversion_channel"":31.5,""period_ms"":8.699893951416016}"
194154,1,2965.3001,2965.3001,False,1.0,"{""inversion_rho"":null,""inversion_channel"":9.5,""period_ms"":8.699893951416016}"
194154,1,2971.4999,2971.4999,False,1.0,"{""inversion_rho"":null,""inversion_channel"":6.5,""period_ms"":8.699893951416016}"
194154,1,2984.7,2984.7,False,1.0,"{""inversion_rho"":null,""inversion_channel"":7.0,""period_ms"":8.699893951416016}"
194154,1,2992.5001,2992.5001,False,1.0,"{""inversion_rho"":null,""inversion_channel"":31.5,""period_ms"":8.699893951416016}"
194154,1,3002.3999,3002.3999,False,1.0,"{""inversion_rho"":null,""inversion_channel"":31.5,""period_ms"":8.699893951416016}"
194154,1,3017.7,3017.7,False,0.75,"{""inversion_rho"":null,""inversion_channel"":9.5,""period_ms"":8.699893951416016}"
194154,1,3028.8999,3028.8999,False,1.0,"{""inversion_rho"":null,""inversion_channel"":9.0,""period_ms"":8.699893951416016}"
194154,1,3037.4,3037.4,False,1.0,"{""inversion_rho"":null,""inversion_channel"":31.5,""period_ms"":8.699893951416016}"
194154,1,3046.0999,3046.0999,False,1.0,"{""inversion_rho"":null,""inversion_channel"":32.0,""period_ms"":8.699893951416016}"
194154,1,3058.9001,3058.9001,False,1.0,"{""inversion_rho"":null,""inversion_channel"":8.5,""period_ms"":8.699893951416016}"
194154,1,3067.1,3067.1,False,1.0,"{""inversion_rho"":null,""inversion_channel"":9.0,""period_ms"":8.699893951416016}"
194154,1,3077.6999,3077.6999,False,1.0,"{""inversion_rho"":null,""inversion_channel"":31.5,""period_ms"":8.699893951416016}"
194154,1,3092.9,3092.9,False,1.0,"{""inversion_rho"":null,""inversion_channel"":6.0,""period_ms"":8.699893951416016}"
194154,1,3101.2001,3101.2001,False,1.0,"{""inversion_rho"":null,""inversion_channel"":31.5,""period_ms"":8.699893951416016}"
194154,1,3180.9001,3180.9001,False,1.0,"{""inversion_rho"":null,""inversion_channel"":8.5,""period_ms"":27.300000190734863}"
194154,1,3209.6,3209.6,False,0.75,"{""inversion_rho"":null,""inversion_channel"":6.5,""period_ms"":27.300000190734863}"
194154,1,3246.2001,3246.2001,False,0.875,"{""inversion_rho"":null,""inversion_channel"":8.5,""period_ms"":27.300000190734863}"
194154,1,3261.2,3261.2,False,1.0,"{""inversion_rho"":null,""inversion_channel"":37.5,""period_ms"":27.300000190734863}"
194154,1,3287.1001,3287.1001,False,0.25,"{""inversion_rho"":null,""inversion_channel"":18.5,""period_ms"":27.300000190734863}"
194154,1,2082.9999,2354.6,True,1.0,"{""inversion_rho"":null,""inversion_channel"":31.5,""period_ms"":8.85009765625}"
194154,1,2515.3,2543.9,True,1.0,"{""inversion_rho"":null,""inversion_channel"":31.25,""period_ms"":7.6999664306640625}"
194154,1,2571.0001,2609.4999,True,1.0,"{""inversion_rho"":null,""inversion_channel"":31.5,""period_ms"":10.100007057189941}"
194154,1,2683.7001,3101.2001,True,1.0,"{""inversion_rho"":null,""inversion_channel"":31.5,""period_ms"":8.699893951416016}"
194154,1,3180.9001,3287.1001,True,1.0,"{""inversion_rho"":null,""inversion_channel"":8.5,""period_ms"":27.300000190734863}"
194155,1,59.8,59.8,False,0.375,"{""inversion_rho"":null,""inversion_channel"":24.5,""period_ms"":null}"
194155,1,109.6,109.6,False,0.25,"{""inversion_rho"":null,""inversion_channel"":3.5,""period_ms"":null}"
194155,1,415.9,415.9,False,1.0,"{""inversion_rho"":null,""inversion_channel"":9.5,""period_ms"":17.89999008178711}"
194155,1,431.8,431.8,False,0.875,"{""inversion_rho"":null,""inversion_channel"":8.5,""period_ms"":17.89999008178711}"
194155,1,447.4,447.4,False,1.0,"{""inversion_rho"":null,""inversion_channel"":9.5,""period_ms"":17.89999008178711}"
194155,1,462.5,462.5,False,0.375,"{""inversion_rho"":null,""inversion_channel"":11.5,""period_ms"":17.89999008178711}"
194155,1,478.4,478.4,False,1.0,"{""inversion_rho"":null,""inversion_channel"":11.0,""period_ms"":17.89999008178711}"
194155,1,500.3,500.3,False,1.0,"{""inversion_rho"":null,""inversion_channel"":11.5,""period_ms"":17.89999008178711}"
194155,1,518.2,518.2,False,1.0,"{""inversion_rho"":null,""inversion_channel"":10.5,""period_ms"":17.89999008178711}"
194155,1,537.6,537.6,False,1.0,"{""inversion_rho"":null,""inversion_channel"":12.5,""period_ms"":17.89999008178711}"
194155,1,555.4,555.4,False,1.0,"{""inversion_rho"":null,""inversion_channel"":13.5,""period_ms"":17.89999008178711}"
194155,1,597.6,597.6,False,1.0,"{""inversion_rho"":null,""inversion_channel"":11.5,""period_ms"":17.89999008178711}"
194155,1,617.4,617.4,False,1.0,"{""inversion_rho"":null,""inversion_channel"":12.5,""period_ms"":17.89999008178711}"
194155,1,635.0,635.0,False,1.0,"{""inversion_rho"":null,""inversion_channel"":12.5,""period_ms"":17.89999008178711}"
194155,1,655.6,655.6,False,1.0,"{""inversion_rho"":null,""inversion_channel"":11.5,""period_ms"":17.89999008178711}"
194155,1,675.5,675.5,False,1.0,"{""inversion_rho"":null,""inversion_channel"":12.5,""period_ms"":17.89999008178711}"
194155,1,730.7,730.7,False,1.0,"{""inversion_rho"":null,""inversion_channel"":12.0,""period_ms"":18.40001344680786}"
194155,1,749.1,749.1,False,0.75,"{""inversion_rho"":null,""inversion_channel"":11.5,""period_ms"":18.40001344680786}"
194155,1,765.8,765.8,False,0.75,"{""inversion_rho"":null,""inversion_channel"":11.5,""period_ms"":18.40001344680786}"
194155,1,785.6,785.6,False,1.0,"{""inversion_rho"":null,""inversion_channel"":12.5,""period_ms"":18.40001344680786}"
194155,1,803.6,803.6,False,1.0,"{""inversion_rho"":null,""inversion_channel"":11.5,""period_ms"":18.40001344680786}"
194155,1,824.3,824.3,False,1.0,"{""inversion_rho"":null,""inversion_channel"":10.5,""period_ms"":18.40001344680786}"
194155,1,881.4,881.4,False,1.0,"{""inversion_rho"":null,""inversion_channel"":12.5,""period_ms"":null}"
194155,1,904.3,904.3,False,1.0,"{""inversion_rho"":null,""inversion_channel"":10.5,""period_ms"":null}"
194155,1,963.1,963.1,False,1.0,"{""inversion_rho"":null,""inversion_channel"":12.5,""period_ms"":28.250038623809814}"
194155,1,984.0,984.0,False,1.0,"{""inversion_rho"":null,""inversion_channel"":9.0,""period_ms"":28.250038623809814}"
194155,1,1003.6,1003.6,False,1.0,"{""inversion_rho"":null,""inversion_channel"":11.0,""period_ms"":28.250038623809814}"
194155,1,1020.6,1020.6,False,1.0,"{""inversion_rho"":null,""inversion_channel"":11.5,""period_ms"":28.250038623809814}"
194155,1,1039.5,1039.5,False,1.0,"{""inversion_rho"":null,""inversion_channel"":10.5,""period_ms"":28.250038623809814}"
194155,1,1085.1001,1085.1001,False,0.75,"{""inversion_rho"":null,""inversion_channel"":10.5,""period_ms"":28.250038623809814}"
194155,1,1106.6,1106.6,False,1.0,"{""inversion_rho"":null,""inversion_channel"":13.5,""period_ms"":28.250038623809814}"
194155,1,1136.0,1136.0,False,1.0,"{""inversion_rho"":null,""inversion_channel"":9.5,""period_ms"":28.250038623809814}"
194155,1,1169.7,1169.7,False,1.0,"{""inversion_rho"":null,""inversion_channel"":12.0,""period_ms"":28.250038623809814}"
194155,1,1224.4999,1224.4999,False,1.0,"{""inversion_rho"":null,""inversion_channel"":10.5,""period_ms"":28.250038623809814}"
194155,1,1252.7,1252.7,False,1.0,"{""inversion_rho"":null,""inversion_channel"":12.5,""period_ms"":28.250038623809814}"
194155,1,1275.7,1275.7,False,1.0,"{""inversion_rho"":null,""inversion_channel"":12.5,""period_ms"":28.250038623809814}"
194155,1,1304.0,1304.0,False,1.0,"{""inversion_rho"":null,""inversion_channel"":10.5,""period_ms"":28.250038623809814}"
194155,1,1360.5,1360.5,False,1.0,"{""inversion_rho"":null,""inversion_channel"":13.0,""period_ms"":28.250038623809814}"
194155,1,1418.2,1418.2,False,1.0,"{""inversion_rho"":null,""inversion_channel"":12.5,""period_ms"":28.250038623809814}"
194155,1,1439.6,1439.6,False,1.0,"{""inversion_rho"":null,""inversion_channel"":12.5,""period_ms"":26.000022888183594}"
194155,1,1466.9,1466.9,False,1.0,"{""inversion_rho"":null,""inversion_channel"":10.0,""period_ms"":26.000022888183594}"
194155,1,1492.9,1492.9,False,1.0,"{""inversion_rho"":null,""inversion_channel"":11.5,""period_ms"":26.000022888183594}"
194155,1,1515.4999,1515.4999,False,1.0,"{""inversion_rho"":null,""inversion_channel"":11.5,""period_ms"":26.000022888183594}"
194155,1,1544.4,1544.4,False,1.0,"{""inversion_rho"":null,""inversion_channel"":10.5,""period_ms"":26.000022888183594}"
194155,1,1595.9001,1595.9001,False,1.0,"{""inversion_rho"":null,""inversion_channel"":12.5,""period_ms"":26.000022888183594}"
194155,1,1623.9001,1623.9001,False,1.0,"{""inversion_rho"":null,""inversion_channel"":9.5,""period_ms"":26.000022888183594}"
194155,1,1650.5001,1650.5001,False,1.0,"{""inversion_rho"":null,""inversion_channel"":12.0,""period_ms"":26.000022888183594}"
194155,1,1696.8,1696.8,False,1.0,"{""inversion_rho"":null,""inversion_channel"":9.5,""period_ms"":26.000022888183594}"
194155,1,1724.4,1724.4,False,0.625,"{""inversion_rho"":null,""inversion_channel"":11.0,""period_ms"":26.000022888183594}"
194155,1,1743.7,1743.7,False,1.0,"{""inversion_rho"":null,""inversion_channel"":11.0,""period_ms"":26.000022888183594}"
194155,1,1764.6,1764.6,False,1.0,"{""inversion_rho"":null,""inversion_channel"":11.0,""period_ms"":26.000022888183594}"
194155,1,1792.2,1792.2,False,1.0,"{""inversion_rho"":null,""inversion_channel"":10.5,""period_ms"":26.000022888183594}"
194155,1,1816.0,1816.0,False,1.0,"{""inversion_rho"":null,""inversion_channel"":11.5,""period_ms"":26.000022888183594}"
194155,1,1836.2,1836.2,False,1.0,"{""inversion_rho"":null,""inversion_channel"":11.5,""period_ms"":26.000022888183594}"
194155,1,1860.9999,1860.9999,False,1.0,"{""inversion_rho"":null,""inversion_channel"":9.5,""period_ms"":26.000022888183594}"
194155,1,1885.9,1885.9,False,1.0,"{""inversion_rho"":null,""inversion_channel"":10.5,""period_ms"":26.000022888183594}"
194155,1,1907.8,1907.8,False,1.0,"{""inversion_rho"":null,""inversion_channel"":10.5,""period_ms"":26.000022888183594}"
194155,1,1979.3,1979.3,False,1.0,"{""inversion_rho"":null,""inversion_channel"":11.0,""period_ms"":22.899985313415527}"
194155,1,1999.9,1999.9,False,1.0,"{""inversion_rho"":null,""inversion_channel"":11.5,""period_ms"":22.899985313415527}"
194155,1,2025.1,2025.1,False,1.0,"{""inversion_rho"":null,""inversion_channel"":9.5,""period_ms"":22.899985313415527}"
194155,1,2091.3999,2091.3999,False,1.0,"{""inversion_rho"":null,""inversion_channel"":8.5,""period_ms"":null}"
194155,1,2143.8,2143.8,False,0.25,"{""inversion_rho"":null,""inversion_channel"":14.5,""period_ms"":null}"
194155,1,2152.2,2152.2,False,1.0,"{""inversion_rho"":null,""inversion_channel"":11.5,""period_ms"":37.000060081481934}"
194155,1,2204.2,2204.2,False,1.0,"{""inversion_rho"":null,""inversion_channel"":11.5,""period_ms"":37.000060081481934}"
194155,1,2226.2001,2226.2001,False,1.0,"{""inversion_rho"":null,""inversion_channel"":12.5,""period_ms"":37.000060081481934}"
194155,1,2283.5,2283.5,False,1.0,"{""inversion_rho"":null,""inversion_channel"":11.5,""period_ms"":29.600143432617188}"
194155,1,2324.7001,2324.7001,False,1.0,"{""inversion_rho"":null,""inversion_channel"":11.0,""period_ms"":29.600143432617188}"
194155,1,2349.2999,2349.2999,False,0.25,"{""inversion_rho"":null,""inversion_channel"":10.5,""period_ms"":29.600143432617188}"
194155,1,2372.7,2372.7,False,1.0,"{""inversion_rho"":null,""inversion_channel"":11.0,""period_ms"":29.600143432617188}"
194155,1,2392.4999,2392.4999,False,1.0,"{""inversion_rho"":null,""inversion_channel"":10.5,""period_ms"":29.600143432617188}"
194155,1,2416.6,2416.6,False,1.0,"{""inversion_rho"":null,""inversion_channel"":8.5,""period_ms"":29.600143432617188}"
194155,1,2442.1,2442.1,False,1.0,"{""inversion_rho"":null,""inversion_channel"":11.0,""period_ms"":29.600143432617188}"
194155,1,2481.4,2481.4,False,1.0,"{""inversion_rho"":null,""inversion_channel"":11.5,""period_ms"":29.600143432617188}"
194155,1,2524.6999,2524.6999,False,1.0,"{""inversion_rho"":null,""inversion_channel"":9.5,""period_ms"":29.600143432617188}"
194155,1,2553.6001,2553.6001,False,1.0,"{""inversion_rho"":null,""inversion_channel"":9.5,""period_ms"":29.600143432617188}"
194155,1,2579.5,2579.5,False,1.0,"{""inversion_rho"":null,""inversion_channel"":10.5,""period_ms"":29.600143432617188}"
194155,1,2607.8,2607.8,False,1.0,"{""inversion_rho"":null,""inversion_channel"":9.5,""period_ms"":29.600143432617188}"
194155,1,2636.2,2636.2,False,1.0,"{""inversion_rho"":null,""inversion_channel"":8.5,""period_ms"":29.600143432617188}"
194155,1,2658.0,2658.0,False,1.0,"{""inversion_rho"":null,""inversion_channel"":11.5,""period_ms"":29.600143432617188}"
194155,1,2679.1,2679.1,False,1.0,"{""inversion_rho"":null,""inversion_channel"":8.5,""period_ms"":29.600143432617188}"
194155,1,2701.2999,2701.2999,False,1.0,"{""inversion_rho"":null,""inversion_channel"":11.5,""period_ms"":29.600143432617188}"
194155,1,2719.7001,2719.7001,False,1.0,"{""inversion_rho"":null,""inversion_channel"":9.5,""period_ms"":29.600143432617188}"
194155,1,2741.6,2741.6,False,1.0,"{""inversion_rho"":null,""inversion_channel"":10.5,""period_ms"":29.600143432617188}"
194155,1,2768.3001,2768.3001,False,1.0,"{""inversion_rho"":null,""inversion_channel"":8.5,""period_ms"":29.600143432617188}"
194155,1,2796.0,2796.0,False,1.0,"{""inversion_rho"":null,""inversion_channel"":8.0,""period_ms"":29.600143432617188}"
194155,1,2818.2001,2818.2001,False,1.0,"{""inversion_rho"":null,""inversion_channel"":10.5,""period_ms"":29.600143432617188}"
194155,1,2840.5001,2840.5001,False,1.0,"{""inversion_rho"":null,""inversion_channel"":8.5,""period_ms"":29.600143432617188}"
194155,1,2871.3,2871.3,False,1.0,"{""inversion_rho"":null,""inversion_channel"":7.5,""period_ms"":29.600143432617188}"
194155,1,2896.3001,2896.3001,False,1.0,"{""inversion_rho"":null,""inversion_channel"":9.0,""period_ms"":29.600143432617188}"
194155,1,2919.8999,2919.8999,False,1.0,"{""inversion_rho"":null,""inversion_channel"":7.5,""period_ms"":29.600143432617188}"
194155,1,2951.2,2951.2,False,1.0,"{""inversion_rho"":null,""inversion_channel"":7.5,""period_ms"":29.600143432617188}"
194155,1,2978.4999,2978.4999,False,1.0,"{""inversion_rho"":null,""inversion_channel"":8.0,""period_ms"":29.600143432617188}"
194155,1,3005.5001,3005.5001,False,1.0,"{""inversion_rho"":null,""inversion_channel"":8.5,""period_ms"":29.600143432617188}"
194155,1,3034.2,3034.2,False,0.5,"{""inversion_rho"":null,""inversion_channel"":7.0,""period_ms"":29.600143432617188}"
194155,1,3055.1,3055.1,False,0.25,"{""inversion_rho"":null,""inversion_channel"":8.0,""period_ms"":29.600143432617188}"
194155,1,3077.8999,3077.8999,False,0.625,"{""inversion_rho"":null,""inversion_channel"":8.5,""period_ms"":29.600143432617188}"
194155,1,3122.6001,3122.6001,False,1.0,"{""inversion_rho"":null,""inversion_channel"":9.0,""period_ms"":29.600143432617188}"
194155,1,3155.4,3155.4,False,1.0,"{""inversion_rho"":null,""inversion_channel"":8.0,""period_ms"":29.600143432617188}"
194155,1,3180.2001,3180.2001,False,1.0,"{""inversion_rho"":null,""inversion_channel"":9.5,""period_ms"":29.600143432617188}"
194155,1,3203.9001,3203.9001,False,0.875,"{""inversion_rho"":null,""inversion_channel"":8.5,""period_ms"":29.600143432617188}"
194155,1,3236.1,3236.1,False,1.0,"{""inversion_rho"":null,""inversion_channel"":8.5,""period_ms"":29.600143432617188}"
194155,1,3258.6999,3258.6999,False,0.5,"{""inversion_rho"":null,""inversion_channel"":9.0,""period_ms"":29.600143432617188}"
194155,1,3280.0,3280.0,False,1.0,"{""inversion_rho"":null,""inversion_channel"":8.5,""period_ms"":29.600143432617188}"
194155,1,3319.2999,3319.2999,False,1.0,"{""inversion_rho"":null,""inversion_channel"":8.0,""period_ms"":29.600143432617188}"
194155,1,3356.4999,3356.4999,False,1.0,"{""inversion_rho"":null,""inversion_channel"":8.5,""period_ms"":29.600143432617188}"
194155,1,3379.6,3379.6,False,1.0,"{""inversion_rho"":null,""inversion_channel"":10.5,""period_ms"":29.600143432617188}"
194155,1,3402.2,3402.2,False,1.0,"{""inversion_rho"":null,""inversion_channel"":8.5,""period_ms"":29.600143432617188}"
194155,1,3433.5999,3433.5999,False,0.625,"{""inversion_rho"":null,""inversion_channel"":8.0,""period_ms"":29.600143432617188}"
194155,1,3454.5,3454.5,False,1.0,"{""inversion_rho"":null,""inversion_channel"":9.5,""period_ms"":29.600143432617188}"
194155,1,3478.4999,3478.4999,False,0.75,"{""inversion_rho"":null,""inversion_channel"":7.5,""period_ms"":29.600143432617188}"
194155,1,3515.8,3515.8,False,1.0,"{""inversion_rho"":null,""inversion_channel"":9.5,""period_ms"":29.600143432617188}"
194155,1,3539.5,3539.5,False,1.0,"{""inversion_rho"":null,""inversion_channel"":9.5,""period_ms"":29.600143432617188}"
194155,1,3560.9,3560.9,False,0.75,"{""inversion_rho"":null,""inversion_channel"":7.0,""period_ms"":29.600143432617188}"
194155,1,3587.8,3587.8,False,1.0,"{""inversion_rho"":null,""inversion_channel"":9.0,""period_ms"":29.600143432617188}"
194155,1,3616.3001,3616.3001,False,1.0,"{""inversion_rho"":null,""inversion_channel"":8.5,""period_ms"":29.600143432617188}"
194155,1,3649.9,3649.9,False,1.0,"{""inversion_rho"":null,""inversion_channel"":8.5,""period_ms"":29.600143432617188}"
194155,1,3684.6001,3684.6001,False,1.0,"{""inversion_rho"":null,""inversion_channel"":8.5,""period_ms"":29.600143432617188}"
194155,1,3713.5,3713.5,False,1.0,"{""inversion_rho"":null,""inversion_channel"":9.0,""period_ms"":29.600143432617188}"
194155,1,3741.2,3741.2,False,1.0,"{""inversion_rho"":null,""inversion_channel"":8.0,""period_ms"":29.600143432617188}"
194155,1,3770.8001,3770.8001,False,1.0,"{""inversion_rho"":null,""inversion_channel"":8.5,""period_ms"":29.600143432617188}"
194155,1,3798.5001,3798.5001,False,1.0,"{""inversion_rho"":null,""inversion_channel"":7.5,""period_ms"":29.600143432617188}"
194155,1,3826.0,3826.0,False,0.625,"{""inversion_rho"":null,""inversion_channel"":8.0,""period_ms"":29.600143432617188}"
194155,1,3855.5,3855.5,False,1.0,"{""inversion_rho"":null,""inversion_channel"":8.0,""period_ms"":29.600143432617188}"
194155,1,3916.3001,3916.3001,False,1.0,"{""inversion_rho"":null,""inversion_channel"":6.5,""period_ms"":29.600143432617188}"
194155,1,3944.9999,3944.9999,False,1.0,"{""inversion_rho"":null,""inversion_channel"":7.5,""period_ms"":29.600143432617188}"
194155,1,3975.8999,3975.8999,False,1.0,"{""inversion_rho"":null,""inversion_channel"":7.5,""period_ms"":29.600143432617188}"
194155,1,4007.2999,4007.2999,False,1.0,"{""inversion_rho"":null,""inversion_channel"":8.5,""period_ms"":29.600143432617188}"
194155,1,4038.3,4038.3,False,1.0,"{""inversion_rho"":null,""inversion_channel"":6.5,""period_ms"":29.600143432617188}"
194155,1,4070.7002,4070.7002,False,1.0,"{""inversion_rho"":null,""inversion_channel"":7.5,""period_ms"":29.600143432617188}"
194155,1,4100.4,4100.4,False,1.0,"{""inversion_rho"":null,""inversion_channel"":7.5,""period_ms"":29.600143432617188}"
194155,1,4136.2,4136.2,False,1.0,"{""inversion_rho"":null,""inversion_channel"":9.5,""period_ms"":29.600143432617188}"
194155,1,4171.8998,4171.8998,False,1.0,"{""inversion_rho"":null,""inversion_channel"":10.5,""period_ms"":29.600143432617188}"
194155,1,4217.5999,4217.5999,False,0.875,"{""inversion_rho"":null,""inversion_channel"":9.5,""period_ms"":29.600143432617188}"
194155,1,4303.5998,4303.5998,False,1.0,"{""inversion_rho"":null,""inversion_channel"":9.5,""period_ms"":29.600143432617188}"
194155,1,4339.5,4339.5,False,1.0,"{""inversion_rho"":null,""inversion_channel"":8.5,""period_ms"":29.600143432617188}"
194155,1,4380.1999,4380.1999,False,1.0,"{""inversion_rho"":null,""inversion_channel"":10.5,""period_ms"":29.600143432617188}"
194155,1,4464.9,4464.9,False,1.0,"{""inversion_rho"":null,""inversion_channel"":9.5,""period_ms"":29.600143432617188}"
194155,1,4518.7998,4518.7998,False,1.0,"{""inversion_rho"":null,""inversion_channel"":9.5,""period_ms"":29.600143432617188}"
194155,1,4590.0998,4590.0998,False,1.0,"{""inversion_rho"":null,""inversion_channel"":10.5,""period_ms"":29.600143432617188}"
194155,1,4626.6999,4626.6999,False,1.0,"{""inversion_rho"":null,""inversion_channel"":7.0,""period_ms"":29.600143432617188}"
194155,1,4671.5999,4671.5999,False,1.0,"{""inversion_rho"":null,""inversion_channel"":10.5,""period_ms"":29.600143432617188}"
194155,1,4772.1,4772.1,False,1.0,"{""inversion_rho"":null,""inversion_channel"":9.5,""period_ms"":29.600143432617188}"
194155,1,4854.6,4854.6,False,0.875,"{""inversion_rho"":null,""inversion_channel"":8.5,""period_ms"":29.600143432617188}"
194155,1,4899.2,4899.2,False,1.0,"{""inversion_rho"":null,""inversion_channel"":5.5,""period_ms"":29.600143432617188}"
194155,1,4961.2999,4961.2999,False,0.25,"{""inversion_rho"":null,""inversion_channel"":36.5,""period_ms"":29.600143432617188}"
194155,1,5020.8998,5020.8998,False,1.0,"{""inversion_rho"":null,""inversion_channel"":7.5,""period_ms"":29.600143432617188}"
194155,1,5059.8001,5059.8001,False,1.0,"{""inversion_rho"":null,""inversion_channel"":6.5,""period_ms"":29.600143432617188}"
194155,1,5100.6999,5100.6999,False,1.0,"{""inversion_rho"":null,""inversion_channel"":7.5,""period_ms"":29.600143432617188}"
194155,1,5174.2001,5174.2001,False,1.0,"{""inversion_rho"":null,""inversion_channel"":9.5,""period_ms"":29.600143432617188}"
194155,1,5211.9002,5211.9002,False,0.375,"{""inversion_rho"":null,""inversion_channel"":21.0,""period_ms"":29.600143432617188}"
194155,1,5245.5001,5245.5001,False,1.0,"{""inversion_rho"":null,""inversion_channel"":7.5,""period_ms"":29.600143432617188}"
194155,1,5297.9999,5297.9999,False,1.0,"{""inversion_rho"":null,""inversion_channel"":5.5,""period_ms"":29.600143432617188}"
194155,1,5421.0,5421.0,False,1.0,"{""inversion_rho"":null,""inversion_channel"":6.5,""period_ms"":29.600143432617188}"
194155,1,5452.4002,5452.4002,False,0.25,"{""inversion_rho"":null,""inversion_channel"":11.5,""period_ms"":null}"
194155,1,5461.4,5461.4,False,1.0,"{""inversion_rho"":null,""inversion_channel"":6.5,""period_ms"":null}"
194155,1,5498.4002,5498.4002,False,0.75,"{""inversion_rho"":null,""inversion_channel"":3.0,""period_ms"":84.49983596801758}"
194155,1,5539.1002,5539.1002,False,1.0,"{""inversion_rho"":null,""inversion_channel"":5.0,""period_ms"":84.49983596801758}"
194155,1,5625.9999,5625.9999,False,1.0,"{""inversion_rho"":null,""inversion_channel"":9.5,""period_ms"":84.49983596801758}"
194155,1,5775.8002,5775.8002,False,1.0,"{""inversion_rho"":null,""inversion_channel"":6.5,""period_ms"":84.49983596801758}"
194155,1,5864.9001,5864.9001,False,1.0,"{""inversion_rho"":null,""inversion_channel"":9.5,""period_ms"":84.49983596801758}"
194155,1,5904.2001,5904.2001,False,1.0,"{""inversion_rho"":null,""inversion_channel"":4.5,""period_ms"":84.49983596801758}"
194155,1,5938.9,5938.9,False,1.0,"{""inversion_rho"":null,""inversion_channel"":5.0,""period_ms"":84.49983596801758}"
194155,1,6023.3998,6023.3998,False,1.0,"{""inversion_rho"":null,""inversion_channel"":6.5,""period_ms"":84.49983596801758}"
194155,1,415.9,675.5,True,1.0,"{""inversion_rho"":null,""inversion_channel"":11.5,""period_ms"":17.89999008178711}"
194155,1,730.7,824.3,True,1.0,"{""inversion_rho"":null,""inversion_channel"":11.5,""period_ms"":18.40001344680786}"
194155,1,963.1,1418.2,True,1.0,"{""inversion_rho"":null,""inversion_channel"":11.5,""period_ms"":28.250038623809814}"
194155,1,1439.6,1907.8,True,1.0,"{""inversion_rho"":null,""inversion_channel"":11.0,""period_ms"":26.000022888183594}"
194155,1,1979.3,2025.1,True,1.0,"{""inversion_rho"":null,""inversion_channel"":11.0,""period_ms"":22.899985313415527}"
194155,1,2152.2,2226.2001,True,1.0,"{""inversion_rho"":null,""inversion_channel"":11.5,""period_ms"":37.000060081481934}"
194155,1,2283.5,5421.0,True,1.0,"{""inversion_rho"":null,""inversion_channel"":8.5,""period_ms"":29.600143432617188}"
194155,1,5498.4002,6023.3998,True,1.0,"{""inversion_rho"":null,""inversion_channel"":5.75,""period_ms"":84.49983596801758}"
194160,1,63.2,63.2,False,1.0,"{""inversion_rho"":null,""inversion_channel"":34.5,""period_ms"":null}"
194160,1,73.4,73.4,False,1.0,"{""inversion_rho"":null,""inversion_channel"":36.5,""period_ms"":null}"
194160,1,2180.2001,2180.2001,False,0.25,"{""inversion_rho"":null,""inversion_channel"":31.5,""period_ms"":null}"
194160,1,2712.8999,2712.8999,False,0.75,"{""inversion_rho"":null,""inversion_channel"":32.5,""period_ms"":null}"
194160,1,2722.8999,2722.8999,False,0.25,"{""inversion_rho"":null,""inversion_channel"":25.0,""period_ms"":null}"
194160,1,2769.0001,2769.0001,False,0.75,"{""inversion_rho"":null,""inversion_channel"":10.5,""period_ms"":null}"
194160,1,2784.4999,2784.4999,False,0.375,"{""inversion_rho"":null,""inversion_channel"":25.0,""period_ms"":null}"
194160,1,2921.4001,2921.4001,False,1.0,"{""inversion_rho"":null,""inversion_channel"":27.0,""period_ms"":31.599879264831543}"
194160,1,2997.8001,2997.8001,False,0.625,"{""inversion_rho"":null,""inversion_channel"":29.5,""period_ms"":31.599879264831543}"
194160,1,3037.9,3037.9,False,0.5,"{""inversion_rho"":null,""inversion_channel"":8.0,""period_ms"":31.599879264831543}"
194160,1,3056.0,3056.0,False,0.25,"{""inversion_rho"":null,""inversion_channel"":11.0,""period_ms"":31.599879264831543}"
194160,1,3079.0999,3079.0999,False,0.25,"{""inversion_rho"":null,""inversion_channel"":11.0,""period_ms"":31.599879264831543}"
194160,1,3181.9999,3181.9999,False,0.375,"{""inversion_rho"":null,""inversion_channel"":32.0,""period_ms"":47.100067138671875}"
194160,1,3221.8001,3221.8001,False,0.625,"{""inversion_rho"":null,""inversion_channel"":29.5,""period_ms"":47.100067138671875}"
194160,1,3246.0001,3246.0001,False,0.75,"{""inversion_rho"":null,""inversion_channel"":30.0,""period_ms"":47.100067138671875}"
194160,1,3300.4,3300.4,False,0.25,"{""inversion_rho"":null,""inversion_channel"":30.0,""period_ms"":47.100067138671875}"
194160,1,3402.2,3402.2,False,0.375,"{""inversion_rho"":null,""inversion_channel"":28.5,""period_ms"":47.100067138671875}"
194160,1,3441.9,3441.9,False,0.625,"{""inversion_rho"":null,""inversion_channel"":30.5,""period_ms"":30.750036239624023}"
194160,1,3481.4,3481.4,False,0.5,"{""inversion_rho"":null,""inversion_channel"":10.5,""period_ms"":30.750036239624023}"
194160,1,3503.4001,3503.4001,False,0.875,"{""inversion_rho"":null,""inversion_channel"":10.5,""period_ms"":30.750036239624023}"
194160,1,3640.8,3640.8,False,1.0,"{""inversion_rho"":null,""inversion_channel"":8.5,""period_ms"":210.55006980895996}"
194160,1,3860.8999,3860.8999,False,0.25,"{""inversion_rho"":null,""inversion_channel"":27.5,""period_ms"":210.55006980895996}"
194160,1,4061.9001,4061.9001,False,0.5,"{""inversion_rho"":null,""inversion_channel"":31.0,""period_ms"":210.55006980895996}"
194160,1,4099.2999,4099.2999,False,0.25,"{""inversion_rho"":null,""inversion_channel"":31.5,""period_ms"":100.19993782043457}"
194160,1,4219.8,4219.8,False,0.25,"{""inversion_rho"":null,""inversion_channel"":30.0,""period_ms"":100.19993782043457}"
194160,1,4299.6998,4299.6998,False,0.5,"{""inversion_rho"":null,""inversion_channel"":31.0,""period_ms"":100.19993782043457}"
194160,1,4322.5002,4322.5002,False,0.25,"{""inversion_rho"":null,""inversion_channel"":13.5,""period_ms"":39.24989700317383}"
194160,1,4401.0,4401.0,False,0.75,"{""inversion_rho"":null,""inversion_channel"":15.5,""period_ms"":39.24989700317383}"
194160,1,4440.7001,4440.7001,False,0.5,"{""inversion_rho"":null,""inversion_channel"":14.0,""period_ms"":39.24989700317383}"
194160,1,4479.4998,4479.4998,False,0.25,"{""inversion_rho"":null,""inversion_channel"":33.0,""period_ms"":39.24989700317383}"
194160,1,4501.5001,4501.5001,False,0.25,"{""inversion_rho"":null,""inversion_channel"":32.5,""period_ms"":39.24989700317383}"
194160,1,4846.3998,4846.3998,False,0.25,"{""inversion_rho"":null,""inversion_channel"":31.5,""period_ms"":null}"
194160,1,5556.6001,5556.6001,False,0.5,"{""inversion_rho"":null,""inversion_channel"":37.5,""period_ms"":null}"
194160,1,5780.4999,5780.4999,False,1.0,"{""inversion_rho"":null,""inversion_channel"":8.5,""period_ms"":null}"
194160,1,2921.4001,3079.0999,True,1.0,"{""inversion_rho"":null,""inversion_channel"":11.0,""period_ms"":31.599879264831543}"
194160,1,3181.9999,3402.2,True,1.0,"{""inversion_rho"":null,""inversion_channel"":30.0,""period_ms"":47.100067138671875}"
194160,1,3441.9,3503.4001,True,1.0,"{""inversion_rho"":null,""inversion_channel"":10.5,""period_ms"":30.750036239624023}"
194160,1,3640.8,4061.9001,True,1.0,"{""inversion_rho"":null,""inversion_channel"":27.5,""period_ms"":210.55006980895996}"
194160,1,4099.2999,4299.6998,True,1.0,"{""inversion_rho"":null,""inversion_channel"":31.0,""period_ms"":100.19993782043457}"
194160,1,4322.5002,4501.5001,True,1.0,"{""inversion_rho"":null,""inversion_channel"":15.5,""period_ms"":39.24989700317383}"
194199,1,3073.2,3073.2,False,1.0,"{""inversion_rho"":null,""inversion_channel"":10.5,""period_ms"":null}"
194199,1,3364.8,3364.8,False,1.0,"{""inversion_rho"":null,""inversion_channel"":11.5,""period_ms"":166.80002212524414}"
194199,1,3540.9,3540.9,False,1.0,"{""inversion_rho"":null,""inversion_channel"":10.5,""period_ms"":166.80002212524414}"
194199,1,3698.4,3698.4,False,1.0,"{""inversion_rho"":null,""inversion_channel"":8.5,""period_ms"":166.80002212524414}"
194199,1,3720.0999,3720.0999,False,0.375,"{""inversion_rho"":null,""inversion_channel"":8.5,""period_ms"":28.800010681152344}"
194199,1,3763.9999,3763.9999,False,0.875,"{""inversion_rho"":null,""inversion_channel"":37.5,""period_ms"":28.800010681152344}"
194199,1,3796.9,3796.9,False,0.75,"{""inversion_rho"":null,""inversion_channel"":10.5,""period_ms"":28.800010681152344}"
194199,1,3815.5,3815.5,False,1.0,"{""inversion_rho"":null,""inversion_channel"":39.5,""period_ms"":28.800010681152344}"
194199,1,3840.1999,3840.1999,False,1.0,"{""inversion_rho"":null,""inversion_channel"":8.5,""period_ms"":28.800010681152344}"
194199,1,4031.0001,4031.0001,False,0.75,"{""inversion_rho"":null,""inversion_channel"":14.5,""period_ms"":40.49992561340332}"
194199,1,4055.3002,4055.3002,False,0.75,"{""inversion_rho"":null,""inversion_channel"":8.5,""period_ms"":40.49992561340332}"
194199,1,4112.0,4112.0,False,1.0,"{""inversion_rho"":null,""inversion_channel"":22.0,""period_ms"":40.49992561340332}"
194199,1,4120.6002,4120.6002,False,1.0,"{""inversion_rho"":null,""inversion_channel"":21.0,""period_ms"":10.649919509887695}"
194199,1,4131.0,4131.0,False,0.5,"{""inversion_rho"":null,""inversion_channel"":31.5,""period_ms"":10.649919509887695}"
194199,1,4141.9001,4141.9001,False,0.5,"{""inversion_rho"":null,""inversion_channel"":11.5,""period_ms"":10.649919509887695}"
194199,1,4509.6002,4509.6002,False,0.75,"{""inversion_rho"":null,""inversion_channel"":32.5,""period_ms"":25.899887084960938}"
194199,1,4519.4998,4519.4998,False,0.25,"{""inversion_rho"":null,""inversion_channel"":16.0,""period_ms"":25.899887084960938}"
194199,1,4542.5,4542.5,False,0.25,"{""inversion_rho"":null,""inversion_channel"":39.5,""period_ms"":25.899887084960938}"
194199,1,4586.2002,4586.2002,False,0.5,"{""inversion_rho"":null,""inversion_channel"":6.5,""period_ms"":25.899887084960938}"
194199,1,4643.4002,4643.4002,False,1.0,"{""inversion_rho"":null,""inversion_channel"":37.5,""period_ms"":25.899887084960938}"
194199,1,4669.3001,4669.3001,False,0.5,"{""inversion_rho"":null,""inversion_channel"":29.5,""period_ms"":25.899887084960938}"
194199,1,4679.2998,4679.2998,False,0.375,"{""inversion_rho"":null,""inversion_channel"":12.5,""period_ms"":null}"
194199,1,3364.8,3698.4,True,1.0,"{""inversion_rho"":null,""inversion_channel"":10.5,""period_ms"":166.80002212524414}"
194199,1,3720.0999,3840.1999,True,1.0,"{""inversion_rho"":null,""inversion_channel"":10.5,""period_ms"":28.800010681152344}"
194199,1,4031.0001,4112.0,True,1.0,"{""inversion_rho"":null,""inversion_channel"":14.5,""period_ms"":40.49992561340332}"
194199,1,4120.6002,4141.9001,True,1.0,"{""inversion_rho"":null,""inversion_channel"":21.0,""period_ms"":10.649919509887695}"
194199,1,4509.6002,4669.3001,True,1.0,"{""inversion_rho"":null,""inversion_channel"":31.0,""period_ms"":25.899887084960938}"
194207,1,48.1,48.1,False,0.25,"{""inversion_rho"":null,""inversion_channel"":8.5,""period_ms"":14.650000259280205}"
194207,1,60.3,60.3,False,1.0,"{""inversion_rho"":null,""inversion_channel"":33.5,""period_ms"":14.650000259280205}"
194207,1,67.0,67.0,False,1.0,"{""inversion_rho"":null,""inversion_channel"":33.5,""period_ms"":14.650000259280205}"
194207,1,78.1,78.1,False,1.0,"{""inversion_rho"":null,""inversion_channel"":33.5,""period_ms"":14.650000259280205}"
194207,1,95.2,95.2,False,1.0,"{""inversion_rho"":null,""inversion_channel"":33.5,""period_ms"":14.650000259280205}"
194207,1,122.1,122.1,False,0.25,"{""inversion_rho"":null,""inversion_channel"":36.0,""period_ms"":14.650000259280205}"
194207,1,150.8,150.8,False,1.0,"{""inversion_rho"":null,""inversion_channel"":21.0,""period_ms"":14.650000259280205}"
194207,1,1176.2,1176.2,False,1.0,"{""inversion_rho"":null,""inversion_channel"":35.5,""period_ms"":null}"
194207,1,1183.2,1183.2,False,0.75,"{""inversion_rho"":null,""inversion_channel"":8.0,""period_ms"":null}"
194207,1,3059.2,3059.2,False,0.875,"{""inversion_rho"":null,""inversion_channel"":17.5,""period_ms"":57.99996852874756}"
194207,1,3123.8999,3123.8999,False,1.0,"{""inversion_rho"":null,""inversion_channel"":19.5,""period_ms"":57.99996852874756}"
194207,1,3164.2001,3164.2001,False,1.0,"{""inversion_rho"":null,""inversion_channel"":19.0,""period_ms"":57.99996852874756}"
194207,1,3221.2999,3221.2999,False,1.0,"{""inversion_rho"":null,""inversion_channel"":18.0,""period_ms"":57.99996852874756}"
194207,1,3280.2,3280.2,False,1.0,"{""inversion_rho"":null,""inversion_channel"":17.5,""period_ms"":57.99996852874756}"
194207,1,3343.1001,3343.1001,False,1.0,"{""inversion_rho"":null,""inversion_channel"":16.5,""period_ms"":57.99996852874756}"
194207,1,3390.3,3390.3,False,1.0,"{""inversion_rho"":null,""inversion_channel"":7.5,""period_ms"":57.99996852874756}"
194207,1,3405.4,3405.4,False,0.25,"{""inversion_rho"":null,""inversion_channel"":37.0,""period_ms"":null}"
194207,1,3540.0,3540.0,False,0.25,"{""inversion_rho"":null,""inversion_channel"":19.5,""period_ms"":null}"
194207,1,48.1,150.8,True,1.0,"{""inversion_rho"":null,""inversion_channel"":33.5,""period_ms"":14.650000259280205}"
194207,1,3059.2,3390.3,True,1.0,"{""inversion_rho"":null,""inversion_channel"":17.5,""period_ms"":57.99996852874756}"
194213,1,5413.1999,5413.1999,False,1.0,"{""inversion_rho"":null,""inversion_channel"":20.5,""period_ms"":93.4000015258789}"
194213,1,5536.2,5536.2,False,1.0,"{""inversion_rho"":null,""inversion_channel"":17.0,""period_ms"":93.4000015258789}"
194213,1,5599.9999,5599.9999,False,1.0,"{""inversion_rho"":null,""inversion_channel"":18.0,""period_ms"":93.4000015258789}"
194213,1,5413.1999,5599.9999,True,1.0,"{""inversion_rho"":null,""inversion_channel"":18.0,""period_ms"":93.4000015258789}"
194219,1,102.1,102.1,False,0.25,"{""inversion_rho"":null,""inversion_channel"":33.0,""period_ms"":null}"
194219,1,4645.8998,4645.8998,False,0.5,"{""inversion_rho"":null,""inversion_channel"":35.5,""period_ms"":null}"
194219,1,4651.8002,4651.8002,False,0.375,"{""inversion_rho"":null,""inversion_channel"":35.5,""period_ms"":null}"
194219,1,4961.2999,4961.2999,False,1.0,"{""inversion_rho"":null,""inversion_channel"":14.5,""period_ms"":null}"
194219,1,5000.0,5000.0,False,0.5,"{""inversion_rho"":null,""inversion_channel"":33.5,""period_ms"":null}"
194219,1,5110.0001,5110.0001,False,0.625,"{""inversion_rho"":null,""inversion_channel"":29.5,""period_ms"":null}"
194219,1,5119.9999,5119.9999,False,0.375,"{""inversion_rho"":null,""inversion_channel"":34.5,""period_ms"":null}"
194232,1,59.3,59.3,False,1.0,"{""inversion_rho"":null,""inversion_channel"":33.5,""period_ms"":null}"
194232,1,6131.4998,6131.4998,False,1.0,"{""inversion_rho"":null,""inversion_channel"":26.5,""period_ms"":null}"
194347,1,84.1,84.1,False,1.0,"{""inversion_rho"":null,""inversion_channel"":39.5,""period_ms"":null}"
194347,1,95.1,95.1,False,1.0,"{""inversion_rho"":null,""inversion_channel"":7.0,""period_ms"":null}"
194347,1,139.2,139.2,False,1.0,"{""inversion_rho"":null,""inversion_channel"":12.5,""period_ms"":null}"
194347,1,5545.3,5545.3,False,1.0,"{""inversion_rho"":null,""inversion_channel"":18.5,""period_ms"":null}"
194347,1,5831.9001,5831.9001,False,1.0,"{""inversion_rho"":null,""inversion_channel"":9.5,""period_ms"":null}"
194401,1,49.7,49.7,False,1.0,"{""inversion_rho"":null,""inversion_channel"":12.5,""period_ms"":null}"
194401,1,115.8,115.8,False,1.0,"{""inversion_rho"":null,""inversion_channel"":21.5,""period_ms"":null}"
194401,1,131.5,131.5,False,0.25,"{""inversion_rho"":null,""inversion_channel"":2.5,""period_ms"":null}"
194401,1,145.0,145.0,False,1.0,"{""inversion_rho"":null,""inversion_channel"":3.0,""period_ms"":null}"
194401,1,592.6,592.6,False,1.0,"{""inversion_rho"":null,""inversion_channel"":26.5,""period_ms"":46.549975872039795}"
194401,1,618.7,618.7,False,1.0,"{""inversion_rho"":null,""inversion_channel"":27.5,""period_ms"":46.549975872039795}"
194401,1,671.1,671.1,False,1.0,"{""inversion_rho"":null,""inversion_channel"":27.5,""period_ms"":46.549975872039795}"
194401,1,697.0,697.0,False,0.375,"{""inversion_rho"":null,""inversion_channel"":28.5,""period_ms"":46.549975872039795}"
194401,1,721.1,721.1,False,0.875,"{""inversion_rho"":null,""inversion_channel"":29.5,""period_ms"":46.549975872039795}"
194401,1,749.4,749.4,False,0.25,"{""inversion_rho"":null,""inversion_channel"":30.5,""period_ms"":46.549975872039795}"
194401,1,781.8,781.8,False,0.375,"{""inversion_rho"":null,""inversion_channel"":30.5,""period_ms"":46.549975872039795}"
194401,1,818.8,818.8,False,0.25,"{""inversion_rho"":null,""inversion_channel"":22.5,""period_ms"":46.549975872039795}"
194401,1,864.3,864.3,False,0.75,"{""inversion_rho"":null,""inversion_channel"":21.0,""period_ms"":46.549975872039795}"
194401,1,927.9,927.9,False,1.0,"{""inversion_rho"":null,""inversion_channel"":21.5,""period_ms"":46.549975872039795}"
194401,1,986.3,986.3,False,1.0,"{""inversion_rho"":null,""inversion_channel"":29.0,""period_ms"":46.549975872039795}"
194401,1,1040.2,1040.2,False,1.0,"{""inversion_rho"":null,""inversion_channel"":29.5,""period_ms"":46.549975872039795}"
194401,1,1085.6,1085.6,False,1.0,"{""inversion_rho"":null,""inversion_channel"":30.5,""period_ms"":46.549975872039795}"
194401,1,1131.6,1131.6,False,1.0,"{""inversion_rho"":null,""inversion_channel"":29.5,""period_ms"":46.549975872039795}"
194401,1,1176.9,1176.9,False,1.0,"{""inversion_rho"":null,""inversion_channel"":29.5,""period_ms"":46.549975872039795}"
194401,1,1217.6,1217.6,False,1.0,"{""inversion_rho"":null,""inversion_channel"":28.5,""period_ms"":46.549975872039795}"
194401,1,1258.4,1258.4,False,1.0,"{""inversion_rho"":null,""inversion_channel"":29.5,""period_ms"":46.549975872039795}"
194401,1,1298.8,1298.8,False,1.0,"{""inversion_rho"":null,""inversion_channel"":30.0,""period_ms"":46.549975872039795}"
194401,1,1336.9,1336.9,False,1.0,"{""inversion_rho"":null,""inversion_channel"":29.0,""period_ms"":46.549975872039795}"
194401,1,1375.6,1375.6,False,1.0,"{""inversion_rho"":null,""inversion_channel"":29.5,""period_ms"":46.549975872039795}"
194401,1,1414.1999,1414.1999,False,1.0,"{""inversion_rho"":null,""inversion_channel"":27.5,""period_ms"":46.549975872039795}"
194401,1,1460.3,1460.3,False,1.0,"{""inversion_rho"":null,""inversion_channel"":29.5,""period_ms"":46.549975872039795}"
194401,1,1503.1,1503.1,False,1.0,"{""inversion_rho"":null,""inversion_channel"":30.0,""period_ms"":46.549975872039795}"
194401,1,1545.8,1545.8,False,1.0,"{""inversion_rho"":null,""inversion_channel"":30.5,""period_ms"":46.549975872039795}"
194401,1,1599.2,1599.2,False,1.0,"{""inversion_rho"":null,""inversion_channel"":30.0,""period_ms"":46.549975872039795}"
194401,1,1656.8,1656.8,False,1.0,"{""inversion_rho"":null,""inversion_channel"":29.5,""period_ms"":46.549975872039795}"
194401,1,1706.8,1706.8,False,1.0,"{""inversion_rho"":null,""inversion_channel"":30.0,""period_ms"":46.549975872039795}"
194401,1,1758.5,1758.5,False,1.0,"{""inversion_rho"":null,""inversion_channel"":29.5,""period_ms"":46.549975872039795}"
194401,1,1799.1,1799.1,False,1.0,"{""inversion_rho"":null,""inversion_channel"":29.5,""period_ms"":46.549975872039795}"
194401,1,1839.3,1839.3,False,1.0,"{""inversion_rho"":null,""inversion_channel"":28.0,""period_ms"":46.549975872039795}"
194401,1,1877.2,1877.2,False,1.0,"{""inversion_rho"":null,""inversion_channel"":28.5,""period_ms"":46.549975872039795}"
194401,1,1927.7,1927.7,False,1.0,"{""inversion_rho"":null,""inversion_channel"":19.0,""period_ms"":46.549975872039795}"
194401,1,1987.3,1987.3,False,1.0,"{""inversion_rho"":null,""inversion_channel"":28.0,""period_ms"":46.549975872039795}"
194401,1,2035.3,2035.3,False,0.25,"{""inversion_rho"":null,""inversion_channel"":4.5,""period_ms"":46.549975872039795}"
194401,1,2088.5,2088.5,False,1.0,"{""inversion_rho"":null,""inversion_channel"":19.5,""period_ms"":46.549975872039795}"
194401,1,2135.5,2135.5,False,0.5,"{""inversion_rho"":null,""inversion_channel"":28.5,""period_ms"":46.549975872039795}"
194401,1,2201.4999,2201.4999,False,1.0,"{""inversion_rho"":null,""inversion_channel"":21.0,""period_ms"":46.549975872039795}"
194401,1,2263.5,2263.5,False,1.0,"{""inversion_rho"":null,""inversion_channel"":21.0,""period_ms"":46.549975872039795}"
194401,1,2342.6001,2342.6001,False,1.0,"{""inversion_rho"":null,""inversion_channel"":17.0,""period_ms"":46.549975872039795}"
194401,1,2416.8,2416.8,False,0.875,"{""inversion_rho"":null,""inversion_channel"":20.5,""period_ms"":46.549975872039795}"
194401,1,2476.3999,2476.3999,False,0.25,"{""inversion_rho"":null,""inversion_channel"":21.5,""period_ms"":46.549975872039795}"
194401,1,2544.6999,2544.6999,False,0.25,"{""inversion_rho"":null,""inversion_channel"":16.0,""period_ms"":46.549975872039795}"
194401,1,2662.6,2662.6,False,0.25,"{""inversion_rho"":null,""inversion_channel"":23.5,""period_ms"":46.549975872039795}"
194401,1,2751.8001,2751.8001,False,1.0,"{""inversion_rho"":null,""inversion_channel"":31.5,""period_ms"":46.549975872039795}"
194401,1,2905.9999,2905.9999,False,1.0,"{""inversion_rho"":null,""inversion_channel"":3.5,""period_ms"":46.549975872039795}"
194401,1,2911.9,2911.9,False,1.0,"{""inversion_rho"":null,""inversion_channel"":13.5,""period_ms"":null}"
194401,1,2937.7,2937.7,False,1.0,"{""inversion_rho"":null,""inversion_channel"":25.0,""period_ms"":null}"
194401,1,2946.1999,2946.1999,False,0.25,"{""inversion_rho"":null,""inversion_channel"":6.0,""period_ms"":null}"
194401,1,3241.6999,3241.6999,False,0.375,"{""inversion_rho"":null,""inversion_channel"":22.0,""period_ms"":null}"
194401,1,3540.1001,3540.1001,False,1.0,"{""inversion_rho"":null,""inversion_channel"":2.5,""period_ms"":null}"
194401,1,3546.4001,3546.4001,False,0.5,"{""inversion_rho"":null,""inversion_channel"":4.5,""period_ms"":null}"
194401,1,3618.7999,3618.7999,False,1.0,"{""inversion_rho"":null,""inversion_channel"":3.5,""period_ms"":null}"
194401,1,592.6,2905.9999,True,1.0,"{""inversion_rho"":null,""inversion_channel"":28.5,""period_ms"":46.549975872039795}"
194403,1,52.9,52.9,False,0.625,"{""inversion_rho"":null,""inversion_channel"":18.5,""period_ms"":null}"
194403,1,61.3,61.3,False,1.0,"{""inversion_rho"":null,""inversion_channel"":11.5,""period_ms"":null}"
194403,1,148.9,148.9,False,1.0,"{""inversion_rho"":null,""inversion_channel"":5.5,""period_ms"":null}"
194403,1,578.9,578.9,False,0.5,"{""inversion_rho"":null,""inversion_channel"":29.5,""period_ms"":39.19997811317444}"
194403,1,599.7,599.7,False,0.875,"{""inversion_rho"":null,""inversion_channel"":27.5,""period_ms"":39.19997811317444}"
194403,1,622.0,622.0,False,1.0,"{""inversion_rho"":null,""inversion_channel"":28.5,""period_ms"":39.19997811317444}"
194403,1,645.0,645.0,False,1.0,"{""inversion_rho"":null,""inversion_channel"":26.0,""period_ms"":39.19997811317444}"
194403,1,671.1,671.1,False,1.0,"{""inversion_rho"":null,""inversion_channel"":29.0,""period_ms"":39.19997811317444}"
194403,1,694.5,694.5,False,0.375,"{""inversion_rho"":null,""inversion_channel"":29.5,""period_ms"":39.19997811317444}"
194403,1,718.1,718.1,False,0.75,"{""inversion_rho"":null,""inversion_channel"":30.5,""period_ms"":39.19997811317444}"
194403,1,744.6,744.6,False,0.375,"{""inversion_rho"":null,""inversion_channel"":30.5,""period_ms"":39.19997811317444}"
194403,1,776.7,776.7,False,0.375,"{""inversion_rho"":null,""inversion_channel"":31.5,""period_ms"":39.19997811317444}"
194403,1,814.6,814.6,False,0.5,"{""inversion_rho"":null,""inversion_channel"":26.0,""period_ms"":39.19997811317444}"
194403,1,855.1,855.1,False,0.625,"{""inversion_rho"":null,""inversion_channel"":30.5,""period_ms"":39.19997811317444}"
194403,1,906.2,906.2,False,1.0,"{""inversion_rho"":null,""inversion_channel"":31.5,""period_ms"":39.19997811317444}"
194403,1,959.4,959.4,False,1.0,"{""inversion_rho"":null,""inversion_channel"":31.5,""period_ms"":39.19997811317444}"
194403,1,1005.9,1005.9,False,1.0,"{""inversion_rho"":null,""inversion_channel"":29.5,""period_ms"":39.19997811317444}"
194403,1,1050.9,1050.9,False,1.0,"{""inversion_rho"":null,""inversion_channel"":29.5,""period_ms"":39.19997811317444}"
194403,1,1102.7,1102.7,False,1.0,"{""inversion_rho"":null,""inversion_channel"":30.0,""period_ms"":39.19997811317444}"
194403,1,1156.9999,1156.9999,False,1.0,"{""inversion_rho"":null,""inversion_channel"":30.5,""period_ms"":39.19997811317444}"
194403,1,1211.4,1211.4,False,0.875,"{""inversion_rho"":null,""inversion_channel"":30.5,""period_ms"":39.19997811317444}"
194403,1,1273.9,1273.9,False,1.0,"{""inversion_rho"":null,""inversion_channel"":31.5,""period_ms"":39.19997811317444}"
194403,1,1332.5,1332.5,False,1.0,"{""inversion_rho"":null,""inversion_channel"":30.5,""period_ms"":39.19997811317444}"
194403,1,1378.7,1378.7,False,1.0,"{""inversion_rho"":null,""inversion_channel"":31.5,""period_ms"":39.19997811317444}"
194403,1,1399.3,1399.3,False,0.5,"{""inversion_rho"":null,""inversion_channel"":30.0,""period_ms"":39.19997811317444}"
194403,1,1432.4,1432.4,False,0.375,"{""inversion_rho"":null,""inversion_channel"":20.5,""period_ms"":39.19997811317444}"
194403,1,1561.7,1561.7,False,0.375,"{""inversion_rho"":null,""inversion_channel"":6.0,""period_ms"":33.499956130981445}"
194403,1,1595.1999,1595.1999,False,0.375,"{""inversion_rho"":null,""inversion_channel"":7.5,""period_ms"":33.499956130981445}"
194403,1,1625.5,1625.5,False,1.0,"{""inversion_rho"":null,""inversion_channel"":5.5,""period_ms"":33.499956130981445}"
194403,1,1694.1,1694.1,False,0.375,"{""inversion_rho"":null,""inversion_channel"":1.5,""period_ms"":33.499956130981445}"
194403,1,1715.8,1715.8,False,0.5,"{""inversion_rho"":null,""inversion_channel"":5.5,""period_ms"":19.299983978271484}"
194403,1,1728.0,1728.0,False,1.0,"{""inversion_rho"":null,""inversion_channel"":10.5,""period_ms"":19.299983978271484}"
194403,1,1737.6,1737.6,False,1.0,"{""inversion_rho"":null,""inversion_channel"":3.5,""period_ms"":19.299983978271484}"
194403,1,1758.2,1758.2,False,0.625,"{""inversion_rho"":null,""inversion_channel"":2.5,""period_ms"":19.299983978271484}"
194403,1,1792.0001,1792.0001,False,1.0,"{""inversion_rho"":null,""inversion_channel"":3.5,""period_ms"":19.299983978271484}"
194403,1,1811.3,1811.3,False,0.5,"{""inversion_rho"":null,""inversion_channel"":30.5,""period_ms"":19.299983978271484}"
194403,1,1818.5,1818.5,False,0.625,"{""inversion_rho"":null,""inversion_channel"":8.0,""period_ms"":58.99995565414429}"
194403,1,1883.6,1883.6,False,0.25,"{""inversion_rho"":null,""inversion_channel"":38.5,""period_ms"":58.99995565414429}"
194403,1,1936.5,1936.5,False,0.375,"{""inversion_rho"":null,""inversion_channel"":3.5,""period_ms"":58.99995565414429}"
194403,1,1943.3,1943.3,False,1.0,"{""inversion_rho"":null,""inversion_channel"":17.5,""period_ms"":null}"
194403,1,1968.5,1968.5,False,0.375,"{""inversion_rho"":null,""inversion_channel"":36.5,""period_ms"":null}"
194403,1,2098.0,2098.0,False,1.0,"{""inversion_rho"":null,""inversion_channel"":2.5,""period_ms"":null}"
194403,1,2207.4001,2207.4001,False,0.25,"{""inversion_rho"":null,""inversion_channel"":37.5,""period_ms"":null}"
194403,1,2215.4,2215.4,False,0.625,"{""inversion_rho"":null,""inversion_channel"":4.5,""period_ms"":null}"
194403,1,2222.7001,2222.7001,False,1.0,"{""inversion_rho"":null,""inversion_channel"":13.5,""period_ms"":null}"
194403,1,2310.9,2310.9,False,0.25,"{""inversion_rho"":null,""inversion_channel"":27.5,""period_ms"":10.599851608276367}"
194403,1,2325.2001,2325.2001,False,1.0,"{""inversion_rho"":null,""inversion_channel"":4.0,""period_ms"":10.599851608276367}"
194403,1,2335.7999,2335.7999,False,1.0,"{""inversion_rho"":null,""inversion_channel"":28.0,""period_ms"":10.599851608276367}"
194403,1,2346.8001,2346.8001,False,1.0,"{""inversion_rho"":null,""inversion_channel"":5.5,""period_ms"":10.599851608276367}"
194403,1,2354.0001,2354.0001,False,1.0,"{""inversion_rho"":null,""inversion_channel"":23.5,""period_ms"":10.599851608276367}"
194403,1,2360.6999,2360.6999,False,1.0,"{""inversion_rho"":null,""inversion_channel"":27.5,""period_ms"":10.599851608276367}"
194403,1,2526.7999,2526.7999,False,1.0,"{""inversion_rho"":null,""inversion_channel"":36.5,""period_ms"":6.799936294555664}"
194403,1,2540.2,2540.2,False,1.0,"{""inversion_rho"":null,""inversion_channel"":12.5,""period_ms"":6.799936294555664}"
194403,1,2554.5001,2554.5001,False,0.375,"{""inversion_rho"":null,""inversion_channel"":2.5,""period_ms"":6.799936294555664}"
194403,1,2567.3001,2567.3001,False,0.25,"{""inversion_rho"":null,""inversion_channel"":4.0,""period_ms"":6.799936294555664}"
194403,1,2573.7,2573.7,False,1.0,"{""inversion_rho"":null,""inversion_channel"":3.5,""period_ms"":6.799936294555664}"
194403,1,2580.4,2580.4,False,1.0,"{""inversion_rho"":null,""inversion_channel"":24.5,""period_ms"":6.799936294555664}"
194403,1,2586.7,2586.7,False,1.0,"{""inversion_rho"":null,""inversion_channel"":3.0,""period_ms"":6.799936294555664}"
194403,1,2593.4999,2593.4999,False,1.0,"{""inversion_rho"":null,""inversion_channel"":22.5,""period_ms"":6.799936294555664}"
194403,1,2672.1001,2672.1001,False,0.25,"{""inversion_rho"":null,""inversion_channel"":39.0,""period_ms"":null}"
194403,1,2876.6999,2876.6999,False,0.625,"{""inversion_rho"":null,""inversion_channel"":2.5,""period_ms"":null}"
194403,1,2911.7999,2911.7999,False,0.625,"{""inversion_rho"":null,""inversion_channel"":31.5,""period_ms"":null}"
194403,1,3137.3999,3137.3999,False,0.625,"{""inversion_rho"":null,""inversion_channel"":14.5,""period_ms"":null}"
194403,1,3224.0,3224.0,False,0.25,"{""inversion_rho"":null,""inversion_channel"":20.5,""period_ms"":null}"
194403,1,3264.8001,3264.8001,False,0.375,"{""inversion_rho"":null,""inversion_channel"":40.5,""period_ms"":null}"
194403,1,3374.3999,3374.3999,False,0.625,"{""inversion_rho"":null,""inversion_channel"":40.5,""period_ms"":null}"
194403,1,578.9,1432.4,True,1.0,"{""inversion_rho"":null,""inversion_channel"":30.0,""period_ms"":39.19997811317444}"
194403,1,1561.7,1694.1,True,1.0,"{""inversion_rho"":null,""inversion_channel"":5.75,""period_ms"":33.499956130981445}"
194403,1,1715.8,1811.3,True,1.0,"{""inversion_rho"":null,""inversion_channel"":4.5,""period_ms"":19.299983978271484}"
194403,1,1818.5,1936.5,True,1.0,"{""inversion_rho"":null,""inversion_channel"":8.0,""period_ms"":58.99995565414429}"
194403,1,2310.9,2360.6999,True,1.0,"{""inversion_rho"":null,""inversion_channel"":25.5,""period_ms"":10.599851608276367}"
194403,1,2526.7999,2593.4999,True,1.0,"{""inversion_rho"":null,""inversion_channel"":8.25,""period_ms"":6.799936294555664}"
194408,1,935.9,935.9,False,0.375,"{""inversion_rho"":null,""inversion_channel"":24.5,""period_ms"":61.24997138977051}"
194408,1,1059.9,1059.9,False,1.0,"{""inversion_rho"":null,""inversion_channel"":36.5,""period_ms"":61.24997138977051}"
194408,1,1133.2999,1133.2999,False,1.0,"{""inversion_rho"":null,""inversion_channel"":17.5,""period_ms"":61.24997138977051}"
194408,1,1195.0999,1195.0999,False,1.0,"{""inversion_rho"":null,""inversion_channel"":23.5,""period_ms"":61.24997138977051}"
194408,1,1243.1,1243.1,False,0.875,"{""inversion_rho"":null,""inversion_channel"":33.5,""period_ms"":61.24997138977051}"
194408,1,1296.3001,1296.3001,False,1.0,"{""inversion_rho"":null,""inversion_channel"":17.5,""period_ms"":61.24997138977051}"
194408,1,1357.0,1357.0,False,0.25,"{""inversion_rho"":null,""inversion_channel"":5.5,""period_ms"":61.24997138977051}"
194408,1,1363.5,1363.5,False,0.25,"{""inversion_rho"":null,""inversion_channel"":7.5,""period_ms"":null}"
194408,1,1379.1,1379.1,False,0.375,"{""inversion_rho"":null,""inversion_channel"":17.5,""period_ms"":null}"
194408,1,1635.9,1635.9,False,0.25,"{""inversion_rho"":null,""inversion_channel"":21.5,""period_ms"":null}"
194408,1,1716.1,1716.1,False,0.875,"{""inversion_rho"":null,""inversion_channel"":24.5,""period_ms"":null}"
194408,1,1727.7,1727.7,False,0.875,"{""inversion_rho"":null,""inversion_channel"":4.5,""period_ms"":12.049973011016846}"
194408,1,1737.4001,1737.4001,False,0.375,"{""inversion_rho"":null,""inversion_channel"":20.5,""period_ms"":12.049973011016846}"
194408,1,1751.7999,1751.7999,False,0.625,"{""inversion_rho"":null,""inversion_channel"":18.5,""period_ms"":12.049973011016846}"
194408,1,1760.3,1760.3,False,0.5,"{""inversion_rho"":null,""inversion_channel"":19.5,""period_ms"":12.049973011016846}"
194408,1,1777.3,1777.3,False,0.375,"{""inversion_rho"":null,""inversion_channel"":19.5,""period_ms"":12.049973011016846}"
194408,1,1853.7,1853.7,False,0.5,"{""inversion_rho"":null,""inversion_channel"":15.0,""period_ms"":6.500005722045898}"
194408,1,1860.2,1860.2,False,0.375,"{""inversion_rho"":null,""inversion_channel"":15.0,""period_ms"":6.500005722045898}"
194408,1,1870.3001,1870.3001,False,0.875,"{""inversion_rho"":null,""inversion_channel"":17.5,""period_ms"":6.500005722045898}"
194408,1,1876.0,1876.0,False,0.375,"{""inversion_rho"":null,""inversion_channel"":9.5,""period_ms"":6.500005722045898}"
194408,1,2018.8,2018.8,False,0.375,"{""inversion_rho"":null,""inversion_channel"":5.5,""period_ms"":null}"
194408,1,2070.1001,2070.1001,False,0.375,"{""inversion_rho"":null,""inversion_channel"":16.5,""period_ms"":null}"
194408,1,2080.3001,2080.3001,False,0.375,"{""inversion_rho"":null,""inversion_channel"":20.5,""period_ms"":null}"
194408,1,2221.1001,2221.1001,False,0.5,"{""inversion_rho"":null,""inversion_channel"":11.5,""period_ms"":null}"
194408,1,935.9,1357.0,True,1.0,"{""inversion_rho"":null,""inversion_channel"":23.5,""period_ms"":61.24997138977051}"
194408,1,1727.7,1777.3,True,1.0,"{""inversion_rho"":null,""inversion_channel"":19.5,""period_ms"":12.049973011016846}"
194408,1,1853.7,1876.0,True,1.0,"{""inversion_rho"":null,""inversion_channel"":15.0,""period_ms"":6.500005722045898}"
194410,1,84.4,84.4,False,0.5,"{""inversion_rho"":null,""inversion_channel"":17.5,""period_ms"":null}"
194410,1,94.9,94.9,False,0.25,"{""inversion_rho"":null,""inversion_channel"":27.5,""period_ms"":null}"
194410,1,965.8,965.8,False,1.0,"{""inversion_rho"":null,""inversion_channel"":34.5,""period_ms"":84.89996194839478}"
194410,1,1115.9,1115.9,False,1.0,"{""inversion_rho"":null,""inversion_channel"":32.5,""period_ms"":84.89996194839478}"
194410,1,1219.8,1219.8,False,0.625,"{""inversion_rho"":null,""inversion_channel"":31.0,""period_ms"":84.89996194839478}"
194410,1,1285.7,1285.7,False,1.0,"{""inversion_rho"":null,""inversion_channel"":17.5,""period_ms"":84.89996194839478}"
194410,1,1329.5,1329.5,False,1.0,"{""inversion_rho"":null,""inversion_channel"":18.5,""period_ms"":84.89996194839478}"
194410,1,1340.4,1340.4,False,0.25,"{""inversion_rho"":null,""inversion_channel"":37.0,""period_ms"":null}"
194410,1,1377.8,1377.8,False,0.25,"{""inversion_rho"":null,""inversion_channel"":5.5,""period_ms"":null}"
194410,1,1766.7,1766.7,False,0.25,"{""inversion_rho"":null,""inversion_channel"":7.5,""period_ms"":7.250010967254639}"
194410,1,1772.0,1772.0,False,0.875,"{""inversion_rho"":null,""inversion_channel"":10.5,""period_ms"":7.250010967254639}"
194410,1,1781.2001,1781.2001,False,1.0,"{""inversion_rho"":null,""inversion_channel"":5.5,""period_ms"":7.250010967254639}"
194410,1,1973.0,1973.0,False,1.0,"{""inversion_rho"":null,""inversion_channel"":12.5,""period_ms"":null}"
194410,1,2036.9999,2036.9999,False,1.0,"{""inversion_rho"":null,""inversion_channel"":38.5,""period_ms"":null}"
194410,1,2042.1,2042.1,False,0.25,"{""inversion_rho"":null,""inversion_channel"":8.5,""period_ms"":11.400222778320312}"
194410,1,2054.1,2054.1,False,0.5,"{""inversion_rho"":null,""inversion_channel"":23.5,""period_ms"":11.400222778320312}"
194410,1,2063.2999,2063.2999,False,0.25,"{""inversion_rho"":null,""inversion_channel"":8.0,""period_ms"":11.400222778320312}"
194410,1,2074.7001,2074.7001,False,0.25,"{""inversion_rho"":null,""inversion_channel"":20.0,""period_ms"":11.400222778320312}"
194410,1,2202.1,2202.1,False,0.5,"{""inversion_rho"":null,""inversion_channel"":20.5,""period_ms"":5.849957466125488}"
194410,1,2208.4,2208.4,False,0.25,"{""inversion_rho"":null,""inversion_channel"":6.5,""period_ms"":5.849957466125488}"
194410,1,2213.8,2213.8,False,0.375,"{""inversion_rho"":null,""inversion_channel"":11.5,""period_ms"":5.849957466125488}"
194410,1,965.8,1329.5,True,1.0,"{""inversion_rho"":null,""inversion_channel"":31.0,""period_ms"":84.89996194839478}"
194410,1,1766.7,1781.2001,True,1.0,"{""inversion_rho"":null,""inversion_channel"":7.5,""period_ms"":7.250010967254639}"
194410,1,2042.1,2074.7001,True,1.0,"{""inversion_rho"":null,""inversion_channel"":14.25,""period_ms"":11.400222778320312}"
194410,1,2202.1,2213.8,True,1.0,"{""inversion_rho"":null,""inversion_channel"":11.5,""period_ms"":5.849957466125488}"
194412,1,76.2,76.2,False,1.0,"{""inversion_rho"":null,""inversion_channel"":35.5,""period_ms"":12.849997729063034}"
194412,1,88.9,88.9,False,1.0,"{""inversion_rho"":null,""inversion_channel"":35.5,""period_ms"":12.849997729063034}"
194412,1,101.9,101.9,False,1.0,"{""inversion_rho"":null,""inversion_channel"":36.5,""period_ms"":12.849997729063034}"
194412,1,1922.0999,1922.0999,False,1.0,"{""inversion_rho"":null,""inversion_channel"":35.5,""period_ms"":47.499895095825195}"
194412,1,1991.7001,1991.7001,False,1.0,"{""inversion_rho"":null,""inversion_channel"":15.5,""period_ms"":47.499895095825195}"
194412,1,2056.2,2056.2,False,1.0,"{""inversion_rho"":null,""inversion_channel"":17.0,""period_ms"":47.499895095825195}"
194412,1,2112.9999,2112.9999,False,1.0,"{""inversion_rho"":null,""inversion_channel"":35.0,""period_ms"":47.499895095825195}"
194412,1,2168.4,2168.4,False,1.0,"{""inversion_rho"":null,""inversion_channel"":21.5,""period_ms"":47.499895095825195}"
194412,1,2209.1,2209.1,False,1.0,"{""inversion_rho"":null,""inversion_channel"":20.5,""period_ms"":47.499895095825195}"
194412,1,2244.7,2244.7,False,1.0,"{""inversion_rho"":null,""inversion_channel"":21.5,""period_ms"":47.499895095825195}"
194412,1,2291.5001,2291.5001,False,1.0,"{""inversion_rho"":null,""inversion_channel"":22.5,""period_ms"":47.499895095825195}"
194412,1,2339.0,2339.0,False,1.0,"{""inversion_rho"":null,""inversion_channel"":21.5,""period_ms"":47.499895095825195}"
194412,1,2398.5,2398.5,False,1.0,"{""inversion_rho"":null,""inversion_channel"":23.5,""period_ms"":47.499895095825195}"
194412,1,2447.3,2447.3,False,1.0,"{""inversion_rho"":null,""inversion_channel"":36.0,""period_ms"":47.499895095825195}"
194412,1,2467.5,2467.5,False,0.25,"{""inversion_rho"":null,""inversion_channel"":21.5,""period_ms"":47.499895095825195}"
194412,1,2484.7,2484.7,False,0.25,"{""inversion_rho"":null,""inversion_channel"":23.5,""period_ms"":47.499895095825195}"
194412,1,2495.6,2495.6,False,1.0,"{""inversion_rho"":null,""inversion_channel"":24.5,""period_ms"":47.499895095825195}"
194412,1,2556.6001,2556.6001,False,1.0,"{""inversion_rho"":null,""inversion_channel"":23.5,""period_ms"":38.59996795654297}"
194412,1,2573.7,2573.7,False,0.25,"{""inversion_rho"":null,""inversion_channel"":24.5,""period_ms"":38.59996795654297}"
194412,1,2604.0001,2604.0001,False,0.25,"{""inversion_rho"":null,""inversion_channel"":25.5,""period_ms"":38.59996795654297}"
194412,1,2641.4001,2641.4001,False,1.0,"{""inversion_rho"":null,""inversion_channel"":25.5,""period_ms"":38.59996795654297}"
194412,1,2686.7001,2686.7001,False,1.0,"{""inversion_rho"":null,""inversion_channel"":25.5,""period_ms"":38.59996795654297}"
194412,1,2722.8999,2722.8999,False,1.0,"{""inversion_rho"":null,""inversion_channel"":24.5,""period_ms"":38.59996795654297}"
194412,1,2775.1999,2775.1999,False,1.0,"{""inversion_rho"":null,""inversion_channel"":26.5,""period_ms"":38.59996795654297}"
194412,1,2828.3,2828.3,False,1.0,"{""inversion_rho"":null,""inversion_channel"":25.5,""period_ms"":38.59996795654297}"
194412,1,2867.1,2867.1,False,1.0,"{""inversion_rho"":null,""inversion_channel"":27.5,""period_ms"":38.59996795654297}"
194412,1,2921.5,2921.5,False,1.0,"{""inversion_rho"":null,""inversion_channel"":27.5,""period_ms"":38.59996795654297}"
194412,1,2960.7999,2960.7999,False,1.0,"{""inversion_rho"":null,""inversion_channel"":27.5,""period_ms"":38.59996795654297}"
194412,1,2999.3999,2999.3999,False,1.0,"{""inversion_rho"":null,""inversion_channel"":27.5,""period_ms"":38.59996795654297}"
194412,1,3038.3999,3038.3999,False,1.0,"{""inversion_rho"":null,""inversion_channel"":27.5,""period_ms"":38.59996795654297}"
194412,1,3069.7,3069.7,False,0.5,"{""inversion_rho"":null,""inversion_channel"":29.5,""period_ms"":38.59996795654297}"
194412,1,3082.7,3082.7,False,1.0,"{""inversion_rho"":null,""inversion_channel"":27.5,""period_ms"":38.59996795654297}"
194412,1,3090.8,3090.8,False,0.25,"{""inversion_rho"":null,""inversion_channel"":22.0,""period_ms"":38.59996795654297}"
194412,1,3124.1,3124.1,False,1.0,"{""inversion_rho"":null,""inversion_channel"":27.5,""period_ms"":30.049920082092285}"
194412,1,3153.8999,3153.8999,False,1.0,"{""inversion_rho"":null,""inversion_channel"":27.5,""period_ms"":30.049920082092285}"
194412,1,3167.5,3167.5,False,0.375,"{""inversion_rho"":null,""inversion_channel"":27.5,""period_ms"":30.049920082092285}"
194412,1,3197.7999,3197.7999,False,0.5,"{""inversion_rho"":null,""inversion_channel"":24.5,""period_ms"":30.049920082092285}"
194412,1,3243.3,3243.3,False,1.0,"{""inversion_rho"":null,""inversion_channel"":20.5,""period_ms"":30.049920082092285}"
194412,1,3249.0001,3249.0001,False,0.25,"{""inversion_rho"":null,""inversion_channel"":21.5,""period_ms"":null}"
194412,1,76.2,101.9,True,1.0,"{""inversion_rho"":null,""inversion_channel"":35.5,""period_ms"":12.849997729063034}"
194412,1,1922.0999,2495.6,True,1.0,"{""inversion_rho"":null,""inversion_channel"":22.0,""period_ms"":47.499895095825195}"
194412,1,2556.6001,3090.8,True,1.0,"{""inversion_rho"":null,""inversion_channel"":26.0,""period_ms"":38.59996795654297}"
194412,1,3124.1,3243.3,True,1.0,"{""inversion_rho"":null,""inversion_channel"":27.5,""period_ms"":30.049920082092285}"
194445,1,100.4,100.4,False,0.5,"{""inversion_rho"":null,""inversion_channel"":33.5,""period_ms"":null}"
194445,1,1342.3001,1342.3001,False,1.0,"{""inversion_rho"":null,""inversion_channel"":31.5,""period_ms"":null}"
194445,1,1408.3,1408.3,False,1.0,"{""inversion_rho"":null,""inversion_channel"":29.5,""period_ms"":null}"
194445,1,1613.7,1613.7,False,1.0,"{""inversion_rho"":null,""inversion_channel"":30.5,""period_ms"":196.150004863739}"
194445,1,1788.2,1788.2,False,1.0,"{""inversion_rho"":null,""inversion_channel"":31.5,""period_ms"":196.150004863739}"
194445,1,2006.0,2006.0,False,1.0,"{""inversion_rho"":null,""inversion_channel"":31.5,""period_ms"":196.150004863739}"
194445,1,2089.2,2089.2,False,1.0,"{""inversion_rho"":null,""inversion_channel"":33.5,""period_ms"":null}"
194445,1,2198.2,2198.2,False,0.875,"{""inversion_rho"":null,""inversion_channel"":32.0,""period_ms"":null}"
194445,1,2231.9,2231.9,False,1.0,"{""inversion_rho"":null,""inversion_channel"":4.5,""period_ms"":null}"
194445,1,2301.8,2301.8,False,1.0,"{""inversion_rho"":null,""inversion_channel"":28.0,""period_ms"":null}"
194445,1,2323.6001,2323.6001,False,1.0,"{""inversion_rho"":null,""inversion_channel"":29.5,""period_ms"":null}"
194445,1,2342.9,2342.9,False,1.0,"{""inversion_rho"":null,""inversion_channel"":29.5,""period_ms"":null}"
194445,1,2422.4999,2422.4999,False,1.0,"{""inversion_rho"":null,""inversion_channel"":8.0,""period_ms"":20.550012588500977}"
194445,1,2485.8,2485.8,False,1.0,"{""inversion_rho"":null,""inversion_channel"":32.5,""period_ms"":20.550012588500977}"
194445,1,2513.5,2513.5,False,1.0,"{""inversion_rho"":null,""inversion_channel"":7.5,""period_ms"":20.550012588500977}"
194445,1,2526.9001,2526.9001,False,1.0,"{""inversion_rho"":null,""inversion_channel"":31.5,""period_ms"":20.550012588500977}"
194445,1,2533.9999,2533.9999,False,1.0,"{""inversion_rho"":null,""inversion_channel"":32.5,""period_ms"":20.550012588500977}"
194445,1,2552.3,2552.3,False,1.0,"{""inversion_rho"":null,""inversion_channel"":29.5,""period_ms"":8.599996566772461}"
194445,1,2564.3001,2564.3001,False,1.0,"{""inversion_rho"":null,""inversion_channel"":5.5,""period_ms"":8.599996566772461}"
194445,1,2581.6,2581.6,False,1.0,"{""inversion_rho"":null,""inversion_channel"":7.5,""period_ms"":8.599996566772461}"
194445,1,2593.9,2593.9,False,1.0,"{""inversion_rho"":null,""inversion_channel"":31.5,""period_ms"":8.599996566772461}"
194445,1,2600.6999,2600.6999,False,1.0,"{""inversion_rho"":null,""inversion_channel"":5.0,""period_ms"":8.599996566772461}"
194445,1,2609.2999,2609.2999,False,1.0,"{""inversion_rho"":null,""inversion_channel"":31.5,""period_ms"":8.599996566772461}"
194445,1,2617.8999,2617.8999,False,1.0,"{""inversion_rho"":null,""inversion_channel"":7.5,""period_ms"":8.599996566772461}"
194445,1,2624.5999,2624.5999,False,1.0,"{""inversion_rho"":null,""inversion_channel"":4.5,""period_ms"":8.599996566772461}"
194445,1,2646.1,2646.1,False,1.0,"{""inversion_rho"":null,""inversion_channel"":8.5,""period_ms"":null}"
194445,1,2710.7999,2710.7999,False,0.875,"{""inversion_rho"":null,""inversion_channel"":7.5,""period_ms"":null}"
194445,1,2716.3,2716.3,False,1.0,"{""inversion_rho"":null,""inversion_channel"":31.5,""period_ms"":39.45004940032959}"
194445,1,2751.3001,2751.3001,False,1.0,"{""inversion_rho"":null,""inversion_channel"":31.5,""period_ms"":39.45004940032959}"
194445,1,2795.2001,2795.2001,False,0.5,"{""inversion_rho"":null,""inversion_channel"":23.5,""period_ms"":39.45004940032959}"
194445,1,2800.2999,2800.2999,False,1.0,"{""inversion_rho"":null,""inversion_channel"":7.5,""period_ms"":9.549975395202637}"
194445,1,2817.1,2817.1,False,1.0,"{""inversion_rho"":null,""inversion_channel"":8.5,""period_ms"":9.549975395202637}"
194445,1,2829.4001,2829.4001,False,1.0,"{""inversion_rho"":null,""inversion_channel"":7.5,""period_ms"":9.549975395202637}"
194445,1,2836.0,2836.0,False,1.0,"{""inversion_rho"":null,""inversion_channel"":31.5,""period_ms"":9.549975395202637}"
194445,1,2842.7999,2842.7999,False,1.0,"{""inversion_rho"":null,""inversion_channel"":5.5,""period_ms"":9.549975395202637}"
194445,1,2882.2999,2882.2999,False,1.0,"{""inversion_rho"":null,""inversion_channel"":31.5,""period_ms"":7.599949836730957}"
194445,1,2895.6001,2895.6001,False,1.0,"{""inversion_rho"":null,""inversion_channel"":8.5,""period_ms"":7.599949836730957}"
194445,1,2903.0001,2903.0001,False,1.0,"{""inversion_rho"":null,""inversion_channel"":7.5,""period_ms"":7.599949836730957}"
194445,1,2916.8999,2916.8999,False,1.0,"{""inversion_rho"":null,""inversion_channel"":8.5,""period_ms"":7.599949836730957}"
194445,1,2924.0,2924.0,False,1.0,"{""inversion_rho"":null,""inversion_channel"":32.0,""period_ms"":7.599949836730957}"
194445,1,2931.7999,2931.7999,False,1.0,"{""inversion_rho"":null,""inversion_channel"":7.5,""period_ms"":7.599949836730957}"
194445,1,2939.1,2939.1,False,1.0,"{""inversion_rho"":null,""inversion_channel"":31.5,""period_ms"":7.599949836730957}"
194445,1,2962.5001,2962.5001,False,1.0,"{""inversion_rho"":null,""inversion_channel"":31.5,""period_ms"":7.050037384033203}"
194445,1,2968.4999,2968.4999,False,1.0,"{""inversion_rho"":null,""inversion_channel"":31.5,""period_ms"":7.050037384033203}"
194445,1,2974.2,2974.2,False,1.0,"{""inversion_rho"":null,""inversion_channel"":8.5,""period_ms"":7.050037384033203}"
194445,1,2980.7,2980.7,False,1.0,"{""inversion_rho"":null,""inversion_channel"":31.5,""period_ms"":7.050037384033203}"
194445,1,2987.0999,2987.0999,False,1.0,"{""inversion_rho"":null,""inversion_channel"":32.0,""period_ms"":7.050037384033203}"
194445,1,2994.8001,2994.8001,False,1.0,"{""inversion_rho"":null,""inversion_channel"":7.5,""period_ms"":7.050037384033203}"
194445,1,3002.5001,3002.5001,False,1.0,"{""inversion_rho"":null,""inversion_channel"":31.5,""period_ms"":7.050037384033203}"
194445,1,3010.5,3010.5,False,1.0,"{""inversion_rho"":null,""inversion_channel"":31.5,""period_ms"":7.050037384033203}"
194445,1,3017.0,3017.0,False,1.0,"{""inversion_rho"":null,""inversion_channel"":5.0,""period_ms"":7.050037384033203}"
194445,1,3029.4001,3029.4001,False,1.0,"{""inversion_rho"":null,""inversion_channel"":7.0,""period_ms"":7.050037384033203}"
194445,1,3040.9,3040.9,False,1.0,"{""inversion_rho"":null,""inversion_channel"":5.0,""period_ms"":7.050037384033203}"
194445,1,3048.5001,3048.5001,False,1.0,"{""inversion_rho"":null,""inversion_channel"":8.0,""period_ms"":7.050037384033203}"
194445,1,3054.6999,3054.6999,False,1.0,"{""inversion_rho"":null,""inversion_channel"":31.5,""period_ms"":7.050037384033203}"
194445,1,3095.9001,3095.9001,False,0.875,"{""inversion_rho"":null,""inversion_channel"":28.5,""period_ms"":7.6999664306640625}"
194445,1,3108.0999,3108.0999,False,1.0,"{""inversion_rho"":null,""inversion_channel"":31.5,""period_ms"":7.6999664306640625}"
194445,1,3115.7999,3115.7999,False,1.0,"{""inversion_rho"":null,""inversion_channel"":8.5,""period_ms"":7.6999664306640625}"
194445,1,3122.9999,3122.9999,False,1.0,"{""inversion_rho"":null,""inversion_channel"":31.5,""period_ms"":7.6999664306640625}"
194445,1,3129.8001,3129.8001,False,1.0,"{""inversion_rho"":null,""inversion_channel"":31.5,""period_ms"":7.6999664306640625}"
194445,1,3137.5,3137.5,False,1.0,"{""inversion_rho"":null,""inversion_channel"":32.0,""period_ms"":7.6999664306640625}"
194445,1,3198.7,3198.7,False,1.0,"{""inversion_rho"":null,""inversion_channel"":8.5,""period_ms"":null}"
194445,1,3237.2,3237.2,False,1.0,"{""inversion_rho"":null,""inversion_channel"":31.5,""period_ms"":null}"
194445,1,3249.1,3249.1,False,1.0,"{""inversion_rho"":null,""inversion_channel"":31.5,""period_ms"":7.150053977966309}"
194445,1,3256.4001,3256.4001,False,1.0,"{""inversion_rho"":null,""inversion_channel"":5.5,""period_ms"":7.150053977966309}"
194445,1,3263.4001,3263.4001,False,1.0,"{""inversion_rho"":null,""inversion_channel"":8.0,""period_ms"":7.150053977966309}"
194445,1,3303.7,3303.7,False,1.0,"{""inversion_rho"":null,""inversion_channel"":31.5,""period_ms"":null}"
194445,1,3328.3999,3328.3999,False,1.0,"{""inversion_rho"":null,""inversion_channel"":31.5,""period_ms"":null}"
194445,1,3335.4001,3335.4001,False,1.0,"{""inversion_rho"":null,""inversion_channel"":8.5,""period_ms"":7.299900054931641}"
194445,1,3342.2,3342.2,False,1.0,"{""inversion_rho"":null,""inversion_channel"":31.5,""period_ms"":7.299900054931641}"
194445,1,3349.4999,3349.4999,False,1.0,"{""inversion_rho"":null,""inversion_channel"":32.0,""period_ms"":7.299900054931641}"
194445,1,3356.4999,3356.4999,False,1.0,"{""inversion_rho"":null,""inversion_channel"":31.5,""period_ms"":7.299900054931641}"
194445,1,3364.5999,3364.5999,False,1.0,"{""inversion_rho"":null,""inversion_channel"":32.5,""period_ms"":7.299900054931641}"
194445,1,3372.2,3372.2,False,1.0,"{""inversion_rho"":null,""inversion_channel"":7.5,""period_ms"":7.299900054931641}"
194445,1,3397.5,3397.5,False,1.0,"{""inversion_rho"":null,""inversion_channel"":31.5,""period_ms"":6.999969482421875}"
194445,1,3404.5,3404.5,False,1.0,"{""inversion_rho"":null,""inversion_channel"":31.5,""period_ms"":6.999969482421875}"
194445,1,3411.6001,3411.6001,False,1.0,"{""inversion_rho"":null,""inversion_channel"":31.5,""period_ms"":6.999969482421875}"
194445,1,3418.4,3418.4,False,1.0,"{""inversion_rho"":null,""inversion_channel"":31.5,""period_ms"":6.999969482421875}"
194445,1,3425.2,3425.2,False,1.0,"{""inversion_rho"":null,""inversion_channel"":8.5,""period_ms"":6.999969482421875}"
194445,1,3432.1001,3432.1001,False,1.0,"{""inversion_rho"":null,""inversion_channel"":31.5,""period_ms"":6.999969482421875}"
194445,1,3440.3999,3440.3999,False,1.0,"{""inversion_rho"":null,""inversion_channel"":8.0,""period_ms"":6.999969482421875}"
194445,1,3448.6001,3448.6001,False,1.0,"{""inversion_rho"":null,""inversion_channel"":7.5,""period_ms"":6.999969482421875}"
194445,1,3470.7999,3470.7999,False,1.0,"{""inversion_rho"":null,""inversion_channel"":6.0,""period_ms"":18.050074577331543}"
194445,1,3481.6999,3481.6999,False,1.0,"{""inversion_rho"":null,""inversion_channel"":6.5,""period_ms"":18.050074577331543}"
194445,1,3506.9001,3506.9001,False,1.0,"{""inversion_rho"":null,""inversion_channel"":8.5,""period_ms"":18.050074577331543}"
194445,1,3513.5,3513.5,False,1.0,"{""inversion_rho"":null,""inversion_channel"":31.5,""period_ms"":6.099939346313477}"
194445,1,3519.5999,3519.5999,False,1.0,"{""inversion_rho"":null,""inversion_channel"":9.0,""period_ms"":6.099939346313477}"
194445,1,3526.3,3526.3,False,1.0,"{""inversion_rho"":null,""inversion_channel"":5.5,""period_ms"":6.099939346313477}"
194445,1,3532.3,3532.3,False,1.0,"{""inversion_rho"":null,""inversion_channel"":8.5,""period_ms"":6.099939346313477}"
194445,1,3538.3,3538.3,False,1.0,"{""inversion_rho"":null,""inversion_channel"":32.5,""period_ms"":6.099939346313477}"
194445,1,3545.9001,3545.9001,False,1.0,"{""inversion_rho"":null,""inversion_channel"":31.5,""period_ms"":6.099939346313477}"
194445,1,3594.1999,3594.1999,False,1.0,"{""inversion_rho"":null,""inversion_channel"":8.5,""period_ms"":null}"
194445,1,3599.7,3599.7,False,1.0,"{""inversion_rho"":null,""inversion_channel"":6.0,""period_ms"":null}"
194445,1,3615.7999,3615.7999,False,1.0,"{""inversion_rho"":null,""inversion_channel"":5.5,""period_ms"":7.049918174743652}"
194445,1,3622.6001,3622.6001,False,1.0,"{""inversion_rho"":null,""inversion_channel"":32.0,""period_ms"":7.049918174743652}"
194445,1,3635.4001,3635.4001,False,1.0,"{""inversion_rho"":null,""inversion_channel"":31.5,""period_ms"":7.049918174743652}"
194445,1,3641.7,3641.7,False,1.0,"{""inversion_rho"":null,""inversion_channel"":31.5,""period_ms"":7.049918174743652}"
194445,1,3649.3001,3649.3001,False,1.0,"{""inversion_rho"":null,""inversion_channel"":8.0,""period_ms"":7.049918174743652}"
194445,1,3656.4,3656.4,False,1.0,"{""inversion_rho"":null,""inversion_channel"":32.0,""period_ms"":7.049918174743652}"
194445,1,3662.9,3662.9,False,1.0,"{""inversion_rho"":null,""inversion_channel"":6.0,""period_ms"":7.049918174743652}"
194445,1,3669.8999,3669.8999,False,1.0,"{""inversion_rho"":null,""inversion_channel"":8.5,""period_ms"":7.049918174743652}"
194445,1,3676.7001,3676.7001,False,1.0,"{""inversion_rho"":null,""inversion_channel"":32.0,""period_ms"":7.049918174743652}"
194445,1,3683.5999,3683.5999,False,1.0,"{""inversion_rho"":null,""inversion_channel"":31.5,""period_ms"":7.049918174743652}"
194445,1,3691.9999,3691.9999,False,1.0,"{""inversion_rho"":null,""inversion_channel"":8.5,""period_ms"":7.049918174743652}"
194445,1,3700.5999,3700.5999,False,1.0,"{""inversion_rho"":null,""inversion_channel"":31.5,""period_ms"":7.049918174743652}"
194445,1,3709.1,3709.1,False,1.0,"{""inversion_rho"":null,""inversion_channel"":31.5,""period_ms"":7.049918174743652}"
194445,1,3734.2999,3734.2999,False,1.0,"{""inversion_rho"":null,""inversion_channel"":5.5,""period_ms"":7.999897003173828}"
194445,1,3742.6,3742.6,False,1.0,"{""inversion_rho"":null,""inversion_channel"":31.5,""period_ms"":7.999897003173828}"
194445,1,3749.9001,3749.9001,False,1.0,"{""inversion_rho"":null,""inversion_channel"":5.5,""period_ms"":7.999897003173828}"
194445,1,3756.0999,3756.0999,False,1.0,"{""inversion_rho"":null,""inversion_channel"":8.5,""period_ms"":7.999897003173828}"
194445,1,3763.9999,3763.9999,False,1.0,"{""inversion_rho"":null,""inversion_channel"":9.5,""period_ms"":7.999897003173828}"
194445,1,3771.8,3771.8,False,1.0,"{""inversion_rho"":null,""inversion_channel"":9.5,""period_ms"":7.999897003173828}"
194445,1,3779.7,3779.7,False,1.0,"{""inversion_rho"":null,""inversion_channel"":8.5,""period_ms"":7.999897003173828}"
194445,1,3799.0,3799.0,False,0.875,"{""inversion_rho"":null,""inversion_channel"":31.5,""period_ms"":7.999897003173828}"
194445,1,3811.0001,3811.0001,False,1.0,"{""inversion_rho"":null,""inversion_channel"":32.5,""period_ms"":7.999897003173828}"
194445,1,3819.0,3819.0,False,1.0,"{""inversion_rho"":null,""inversion_channel"":31.5,""period_ms"":7.999897003173828}"
194445,1,3827.5001,3827.5001,False,1.0,"{""inversion_rho"":null,""inversion_channel"":8.5,""period_ms"":7.999897003173828}"
194445,1,3848.5999,3848.5999,False,1.0,"{""inversion_rho"":null,""inversion_channel"":31.5,""period_ms"":7.999897003173828}"
194445,1,3855.9,3855.9,False,1.0,"{""inversion_rho"":null,""inversion_channel"":8.5,""period_ms"":7.600069046020508}"
194445,1,3863.6999,3863.6999,False,1.0,"{""inversion_rho"":null,""inversion_channel"":31.5,""period_ms"":7.600069046020508}"
194445,1,3870.6,3870.6,False,1.0,"{""inversion_rho"":null,""inversion_channel"":31.5,""period_ms"":7.600069046020508}"
194445,1,3878.2001,3878.2001,False,1.0,"{""inversion_rho"":null,""inversion_channel"":8.5,""period_ms"":7.600069046020508}"
194445,1,3885.9,3885.9,False,1.0,"{""inversion_rho"":null,""inversion_channel"":8.0,""period_ms"":7.600069046020508}"
194445,1,3893.5001,3893.5001,False,1.0,"{""inversion_rho"":null,""inversion_channel"":31.5,""period_ms"":7.600069046020508}"
194445,1,3907.3,3907.3,False,1.0,"{""inversion_rho"":null,""inversion_channel"":6.0,""period_ms"":7.600069046020508}"
194445,1,3914.9001,3914.9001,False,1.0,"{""inversion_rho"":null,""inversion_channel"":5.5,""period_ms"":7.600069046020508}"
194445,1,3922.3001,3922.3001,False,0.625,"{""inversion_rho"":null,""inversion_channel"":5.5,""period_ms"":7.600069046020508}"
194445,1,3933.1,3933.1,False,1.0,"{""inversion_rho"":null,""inversion_channel"":31.5,""period_ms"":7.600069046020508}"
194445,1,3939.6,3939.6,False,0.75,"{""inversion_rho"":null,""inversion_channel"":6.0,""period_ms"":7.600069046020508}"
194445,1,3953.0001,3953.0001,False,1.0,"{""inversion_rho"":null,""inversion_channel"":31.5,""period_ms"":7.600069046020508}"
194445,1,3959.5001,3959.5001,False,1.0,"{""inversion_rho"":null,""inversion_channel"":8.5,""period_ms"":7.600069046020508}"
194445,1,3980.7,3980.7,False,1.0,"{""inversion_rho"":null,""inversion_channel"":32.0,""period_ms"":8.349895477294922}"
194445,1,3987.2,3987.2,False,1.0,"{""inversion_rho"":null,""inversion_channel"":32.0,""period_ms"":8.349895477294922}"
194445,1,3994.2999,3994.2999,False,1.0,"{""inversion_rho"":null,""inversion_channel"":32.5,""period_ms"":8.349895477294922}"
194445,1,4007.2999,4007.2999,False,1.0,"{""inversion_rho"":null,""inversion_channel"":7.5,""period_ms"":8.349895477294922}"
194445,1,4015.6999,4015.6999,False,1.0,"{""inversion_rho"":null,""inversion_channel"":31.5,""period_ms"":8.349895477294922}"
194445,1,4024.7002,4024.7002,False,1.0,"{""inversion_rho"":null,""inversion_channel"":5.5,""period_ms"":8.349895477294922}"
194445,1,4033.0,4033.0,False,1.0,"{""inversion_rho"":null,""inversion_channel"":8.5,""period_ms"":8.349895477294922}"
194445,1,4056.7002,4056.7002,False,0.75,"{""inversion_rho"":null,""inversion_channel"":7.5,""period_ms"":null}"
194445,1,4090.4002,4090.4002,False,0.875,"{""inversion_rho"":null,""inversion_channel"":8.5,""period_ms"":null}"
194445,1,4103.3001,4103.3001,False,1.0,"{""inversion_rho"":null,""inversion_channel"":31.5,""period_ms"":13.599872589111328}"
194445,1,4124.0001,4124.0001,False,1.0,"{""inversion_rho"":null,""inversion_channel"":6.5,""period_ms"":13.599872589111328}"
194445,1,4137.5999,4137.5999,False,1.0,"{""inversion_rho"":null,""inversion_channel"":8.5,""period_ms"":13.599872589111328}"
194445,1,4144.5999,4144.5999,False,1.0,"{""inversion_rho"":null,""inversion_channel"":5.5,""period_ms"":13.599872589111328}"
194445,1,4193.8,4193.8,False,1.0,"{""inversion_rho"":null,""inversion_channel"":8.5,""period_ms"":null}"
194445,1,4204.9999,4204.9999,False,1.0,"{""inversion_rho"":null,""inversion_channel"":6.5,""period_ms"":null}"
194445,1,4243.5999,4243.5999,False,1.0,"{""inversion_rho"":null,""inversion_channel"":8.5,""period_ms"":19.85001564025879}"
194445,1,4256.4001,4256.4001,False,1.0,"{""inversion_rho"":null,""inversion_channel"":32.0,""period_ms"":19.85001564025879}"
194445,1,4283.2999,4283.2999,False,1.0,"{""inversion_rho"":null,""inversion_channel"":33.5,""period_ms"":19.85001564025879}"
194445,1,4292.2001,4292.2001,False,1.0,"{""inversion_rho"":null,""inversion_channel"":32.0,""period_ms"":7.55000114440918}"
194445,1,4299.2001,4299.2001,False,1.0,"{""inversion_rho"":null,""inversion_channel"":6.0,""period_ms"":7.55000114440918}"
194445,1,4306.7002,4306.7002,False,1.0,"{""inversion_rho"":null,""inversion_channel"":5.5,""period_ms"":7.55000114440918}"
194445,1,4319.9,4319.9,False,1.0,"{""inversion_rho"":null,""inversion_channel"":6.0,""period_ms"":7.55000114440918}"
194445,1,4325.5,4325.5,False,0.875,"{""inversion_rho"":null,""inversion_channel"":31.5,""period_ms"":7.55000114440918}"
194445,1,4337.2002,4337.2002,False,1.0,"{""inversion_rho"":null,""inversion_channel"":31.5,""period_ms"":7.55000114440918}"
194445,1,4344.8,4344.8,False,1.0,"{""inversion_rho"":null,""inversion_channel"":32.0,""period_ms"":7.55000114440918}"
194445,1,4397.9998,4397.9998,False,1.0,"{""inversion_rho"":null,""inversion_channel"":5.5,""period_ms"":null}"
194445,1,4408.5999,4408.5999,False,1.0,"{""inversion_rho"":null,""inversion_channel"":31.5,""period_ms"":null}"
194445,1,4436.3999,4436.3999,False,1.0,"{""inversion_rho"":null,""inversion_channel"":8.5,""period_ms"":null}"
194445,1,4505.3,4505.3,False,1.0,"{""inversion_rho"":null,""inversion_channel"":6.0,""period_ms"":null}"
194445,1,4511.7998,4511.7998,False,1.0,"{""inversion_rho"":null,""inversion_channel"":8.5,""period_ms"":6.349802017211914}"
194445,1,4518.0998,4518.0998,False,0.875,"{""inversion_rho"":null,""inversion_channel"":28.5,""period_ms"":6.349802017211914}"
194445,1,4528.2001,4528.2001,False,1.0,"{""inversion_rho"":null,""inversion_channel"":8.5,""period_ms"":6.349802017211914}"
194445,1,4534.5998,4534.5998,False,1.0,"{""inversion_rho"":null,""inversion_channel"":6.0,""period_ms"":6.349802017211914}"
194445,1,4540.4,4540.4,False,1.0,"{""inversion_rho"":null,""inversion_channel"":5.5,""period_ms"":6.349802017211914}"
194445,1,4558.8999,4558.8999,False,1.0,"{""inversion_rho"":null,""inversion_channel"":31.5,""period_ms"":null}"
194445,1,4581.2998,4581.2998,False,1.0,"{""inversion_rho"":null,""inversion_channel"":32.0,""period_ms"":null}"
194445,1,4715.6,4715.6,False,1.0,"{""inversion_rho"":null,""inversion_channel"":9.5,""period_ms"":24.849891662597656}"
194445,1,4746.3999,4746.3999,False,1.0,"{""inversion_rho"":null,""inversion_channel"":30.0,""period_ms"":24.849891662597656}"
194445,1,4765.2998,4765.2998,False,0.375,"{""inversion_rho"":null,""inversion_channel"":40.0,""period_ms"":24.849891662597656}"
194445,1,4838.5,4838.5,False,1.0,"{""inversion_rho"":null,""inversion_channel"":30.0,""period_ms"":null}"
194445,1,4883.4,4883.4,False,1.0,"{""inversion_rho"":null,""inversion_channel"":29.5,""period_ms"":null}"
194445,1,4892.7002,4892.7002,False,1.0,"{""inversion_rho"":null,""inversion_channel"":31.5,""period_ms"":null}"
194445,1,4898.5,4898.5,False,1.0,"{""inversion_rho"":null,""inversion_channel"":32.0,""period_ms"":null}"
194445,1,4938.2,4938.2,False,0.625,"{""inversion_rho"":null,""inversion_channel"":32.0,""period_ms"":null}"
194445,1,5002.3999,5002.3999,False,1.0,"{""inversion_rho"":null,""inversion_channel"":32.0,""period_ms"":null}"
194445,1,5027.9999,5027.9999,False,1.0,"{""inversion_rho"":null,""inversion_channel"":32.0,""period_ms"":null}"
194445,1,5048.6002,5048.6002,False,1.0,"{""inversion_rho"":null,""inversion_channel"":32.5,""period_ms"":null}"
194445,1,5151.7,5151.7,False,1.0,"{""inversion_rho"":null,""inversion_channel"":32.5,""period_ms"":null}"
194445,1,5183.1002,5183.1002,False,1.0,"{""inversion_rho"":null,""inversion_channel"":32.0,""period_ms"":null}"
194445,1,5189.6,5189.6,False,1.0,"{""inversion_rho"":null,""inversion_channel"":32.0,""period_ms"":null}"
194445,1,5201.6001,5201.6001,False,1.0,"{""inversion_rho"":null,""inversion_channel"":32.0,""period_ms"":null}"
194445,1,5233.5,5233.5,False,1.0,"{""inversion_rho"":null,""inversion_channel"":30.5,""period_ms"":7.100105285644531}"
194445,1,5244.9002,5244.9002,False,1.0,"{""inversion_rho"":null,""inversion_channel"":32.5,""period_ms"":7.100105285644531}"
194445,1,5251.4,5251.4,False,1.0,"{""inversion_rho"":null,""inversion_channel"":7.0,""period_ms"":7.100105285644531}"
194445,1,5258.5001,5258.5001,False,1.0,"{""inversion_rho"":null,""inversion_channel"":31.5,""period_ms"":7.100105285644531}"
194445,1,5299.0999,5299.0999,False,1.0,"{""inversion_rho"":null,""inversion_channel"":9.0,""period_ms"":null}"
194445,1,5327.0001,5327.0001,False,1.0,"{""inversion_rho"":null,""inversion_channel"":32.0,""period_ms"":null}"
194445,1,5334.7001,5334.7001,False,1.0,"{""inversion_rho"":null,""inversion_channel"":8.5,""period_ms"":7.09986686706543}"
194445,1,5342.1998,5342.1998,False,1.0,"{""inversion_rho"":null,""inversion_channel"":8.5,""period_ms"":7.09986686706543}"
194445,1,5348.8998,5348.8998,False,1.0,"{""inversion_rho"":null,""inversion_channel"":31.5,""period_ms"":7.09986686706543}"
194445,1,5393.0998,5393.0998,False,0.75,"{""inversion_rho"":null,""inversion_channel"":18.5,""period_ms"":null}"
194445,1,5584.7001,5584.7001,False,1.0,"{""inversion_rho"":null,""inversion_channel"":31.0,""period_ms"":null}"
194445,1,5624.0001,5624.0001,False,1.0,"{""inversion_rho"":null,""inversion_channel"":30.5,""period_ms"":null}"
194445,1,5642.0002,5642.0002,False,1.0,"{""inversion_rho"":null,""inversion_channel"":31.0,""period_ms"":null}"
194445,1,5739.9001,5739.9001,False,1.0,"{""inversion_rho"":null,""inversion_channel"":29.0,""period_ms"":null}"
194445,1,5899.4999,5899.4999,False,1.0,"{""inversion_rho"":null,""inversion_channel"":28.5,""period_ms"":null}"
194445,1,5934.1998,5934.1998,False,1.0,"{""inversion_rho"":null,""inversion_channel"":28.5,""period_ms"":null}"
194445,1,5940.4001,5940.4001,False,0.5,"{""inversion_rho"":null,""inversion_channel"":4.5,""period_ms"":null}"
194445,1,6076.4999,6076.4999,False,1.0,"{""inversion_rho"":null,""inversion_channel"":30.5,""period_ms"":null}"
194445,1,6109.0002,6109.0002,False,1.0,"{""inversion_rho"":null,""inversion_channel"":7.0,""period_ms"":null}"
194445,1,1613.7,2006.0,True,1.0,"{""inversion_rho"":null,""inversion_channel"":31.5,""period_ms"":196.150004863739}"
194445,1,2422.4999,2533.9999,True,1.0,"{""inversion_rho"":null,""inversion_channel"":31.5,""period_ms"":20.550012588500977}"
194445,1,2552.3,2624.5999,True,1.0,"{""inversion_rho"":null,""inversion_channel"":7.5,""period_ms"":8.599996566772461}"
194445,1,2716.3,2795.2001,True,1.0,"{""inversion_rho"":null,""inversion_channel"":31.5,""period_ms"":39.45004940032959}"
194445,1,2800.2999,2842.7999,True,1.0,"{""inversion_rho"":null,""inversion_channel"":7.5,""period_ms"":9.549975395202637}"
194445,1,2882.2999,2939.1,True,1.0,"{""inversion_rho"":null,""inversion_channel"":8.5,""period_ms"":7.599949836730957}"
194445,1,2962.5001,3054.6999,True,1.0,"{""inversion_rho"":null,""inversion_channel"":31.5,""period_ms"":7.050037384033203}"
194445,1,3095.9001,3137.5,True,1.0,"{""inversion_rho"":null,""inversion_channel"":31.5,""period_ms"":7.6999664306640625}"
194445,1,3249.1,3263.4001,True,1.0,"{""inversion_rho"":null,""inversion_channel"":8.0,""period_ms"":7.150053977966309}"
194445,1,3335.4001,3372.2,True,1.0,"{""inversion_rho"":null,""inversion_channel"":31.5,""period_ms"":7.299900054931641}"
194445,1,3397.5,3448.6001,True,1.0,"{""inversion_rho"":null,""inversion_channel"":31.5,""period_ms"":6.999969482421875}"
194445,1,3470.7999,3506.9001,True,1.0,"{""inversion_rho"":null,""inversion_channel"":6.5,""period_ms"":18.050074577331543}"
194445,1,3513.5,3545.9001,True,1.0,"{""inversion_rho"":null,""inversion_channel"":20.25,""period_ms"":6.099939346313477}"
194445,1,3615.7999,3709.1,True,1.0,"{""inversion_rho"":null,""inversion_channel"":31.5,""period_ms"":7.049918174743652}"
194445,1,3734.2999,3848.5999,True,1.0,"{""inversion_rho"":null,""inversion_channel"":9.5,""period_ms"":7.999897003173828}"
194445,1,3855.9,3959.5001,True,1.0,"{""inversion_rho"":null,""inversion_channel"":8.5,""period_ms"":7.600069046020508}"
194445,1,3980.7,4033.0,True,1.0,"{""inversion_rho"":null,""inversion_channel"":31.5,""period_ms"":8.349895477294922}"
194445,1,4103.3001,4144.5999,True,1.0,"{""inversion_rho"":null,""inversion_channel"":7.5,""period_ms"":13.599872589111328}"
194445,1,4243.5999,4283.2999,True,1.0,"{""inversion_rho"":null,""inversion_channel"":32.0,""period_ms"":19.85001564025879}"
194445,1,4292.2001,4344.8,True,1.0,"{""inversion_rho"":null,""inversion_channel"":31.5,""period_ms"":7.55000114440918}"
194445,1,4511.7998,4540.4,True,1.0,"{""inversion_rho"":null,""inversion_channel"":8.5,""period_ms"":6.349802017211914}"
194445,1,4715.6,4765.2998,True,1.0,"{""inversion_rho"":null,""inversion_channel"":30.0,""period_ms"":24.849891662597656}"
194445,1,5233.5,5258.5001,True,1.0,"{""inversion_rho"":null,""inversion_channel"":31.0,""period_ms"":7.100105285644531}"
194445,1,5334.7001,5348.8998,True,1.0,"{""inversion_rho"":null,""inversion_channel"":8.5,""period_ms"":7.09986686706543}"
194597,1,57.5,57.5,False,0.25,"{""inversion_rho"":null,""inversion_channel"":14.5,""period_ms"":null}"
194597,1,67.3,67.3,False,0.375,"{""inversion_rho"":null,""inversion_channel"":26.5,""period_ms"":null}"
194597,1,818.1,818.1,False,1.0,"{""inversion_rho"":null,""inversion_channel"":27.5,""period_ms"":18.800020217895508}"
194597,1,841.3,841.3,False,1.0,"{""inversion_rho"":null,""inversion_channel"":27.5,""period_ms"":18.800020217895508}"
194597,1,864.7,864.7,False,1.0,"{""inversion_rho"":null,""inversion_channel"":27.5,""period_ms"":18.800020217895508}"
194597,1,888.6,888.6,False,1.0,"{""inversion_rho"":null,""inversion_channel"":28.0,""period_ms"":18.800020217895508}"
194597,1,913.4,913.4,False,1.0,"{""inversion_rho"":null,""inversion_channel"":28.0,""period_ms"":18.800020217895508}"
194597,1,935.9,935.9,False,1.0,"{""inversion_rho"":null,""inversion_channel"":26.5,""period_ms"":18.800020217895508}"
194597,1,953.0,953.0,False,1.0,"{""inversion_rho"":null,""inversion_channel"":25.5,""period_ms"":18.800020217895508}"
194597,1,972.6,972.6,False,1.0,"{""inversion_rho"":null,""inversion_channel"":27.5,""period_ms"":18.800020217895508}"
194597,1,994.3,994.3,False,1.0,"{""inversion_rho"":null,""inversion_channel"":26.0,""period_ms"":18.800020217895508}"
194597,1,1015.8,1015.8,False,1.0,"{""inversion_rho"":null,""inversion_channel"":27.5,""period_ms"":18.800020217895508}"
194597,1,1036.1,1036.1,False,1.0,"{""inversion_rho"":null,""inversion_channel"":25.5,""period_ms"":18.800020217895508}"
194597,1,1055.2,1055.2,False,1.0,"{""inversion_rho"":null,""inversion_channel"":22.5,""period_ms"":18.800020217895508}"
194597,1,1072.8,1072.8,False,1.0,"{""inversion_rho"":null,""inversion_channel"":25.5,""period_ms"":18.800020217895508}"
194597,1,1091.5999,1091.5999,False,1.0,"{""inversion_rho"":null,""inversion_channel"":27.5,""period_ms"":18.800020217895508}"
194597,1,1110.4,1110.4,False,1.0,"{""inversion_rho"":null,""inversion_channel"":27.5,""period_ms"":18.800020217895508}"
194597,1,1128.5,1128.5,False,1.0,"{""inversion_rho"":null,""inversion_channel"":25.0,""period_ms"":18.800020217895508}"
194597,1,1146.5,1146.5,False,0.75,"{""inversion_rho"":null,""inversion_channel"":11.0,""period_ms"":18.800020217895508}"
194597,1,1165.8,1165.8,False,0.75,"{""inversion_rho"":null,""inversion_channel"":9.5,""period_ms"":18.800020217895508}"
194597,1,1184.7,1184.7,False,1.0,"{""inversion_rho"":null,""inversion_channel"":11.0,""period_ms"":18.800020217895508}"
194597,1,1202.7,1202.7,False,1.0,"{""inversion_rho"":null,""inversion_channel"":11.0,""period_ms"":18.800020217895508}"
194597,1,1219.8,1219.8,False,1.0,"{""inversion_rho"":null,""inversion_channel"":11.0,""period_ms"":18.800020217895508}"
194597,1,1237.1,1237.1,False,0.875,"{""inversion_rho"":null,""inversion_channel"":24.0,""period_ms"":18.800020217895508}"
194597,1,1255.3999,1255.3999,False,1.0,"{""inversion_rho"":null,""inversion_channel"":10.5,""period_ms"":18.800020217895508}"
194597,1,1273.9,1273.9,False,1.0,"{""inversion_rho"":null,""inversion_channel"":12.5,""period_ms"":18.800020217895508}"
194597,1,1292.3,1292.3,False,1.0,"{""inversion_rho"":null,""inversion_channel"":26.0,""period_ms"":18.800020217895508}"
194597,1,1311.2,1311.2,False,1.0,"{""inversion_rho"":null,""inversion_channel"":25.5,""period_ms"":18.800020217895508}"
194597,1,1328.9,1328.9,False,0.625,"{""inversion_rho"":null,""inversion_channel"":11.5,""period_ms"":18.800020217895508}"
194597,1,1347.1,1347.1,False,1.0,"{""inversion_rho"":null,""inversion_channel"":25.0,""period_ms"":18.800020217895508}"
194597,1,1364.5999,1364.5999,False,1.0,"{""inversion_rho"":null,""inversion_channel"":11.5,""period_ms"":18.800020217895508}"
194597,1,1381.4,1381.4,False,0.75,"{""inversion_rho"":null,""inversion_channel"":11.5,""period_ms"":18.800020217895508}"
194597,1,1397.8,1397.8,False,0.625,"{""inversion_rho"":null,""inversion_channel"":12.0,""period_ms"":18.800020217895508}"
194597,1,1415.2,1415.2,False,1.0,"{""inversion_rho"":null,""inversion_channel"":25.5,""period_ms"":18.800020217895508}"
194597,1,1431.6,1431.6,False,0.625,"{""inversion_rho"":null,""inversion_channel"":25.5,""period_ms"":18.800020217895508}"
194597,1,1458.1,1458.1,False,1.0,"{""inversion_rho"":null,""inversion_channel"":25.5,""period_ms"":18.800020217895508}"
194597,1,1485.1,1485.1,False,1.0,"{""inversion_rho"":null,""inversion_channel"":25.5,""period_ms"":18.800020217895508}"
194597,1,1508.6,1508.6,False,1.0,"{""inversion_rho"":null,""inversion_channel"":25.5,""period_ms"":18.800020217895508}"
194597,1,1529.0999,1529.0999,False,1.0,"{""inversion_rho"":null,""inversion_channel"":24.0,""period_ms"":18.800020217895508}"
194597,1,1549.7,1549.7,False,1.0,"{""inversion_rho"":null,""inversion_channel"":24.5,""period_ms"":18.800020217895508}"
194597,1,1574.6,1574.6,False,1.0,"{""inversion_rho"":null,""inversion_channel"":26.5,""period_ms"":18.800020217895508}"
194597,1,1599.9,1599.9,False,1.0,"{""inversion_rho"":null,""inversion_channel"":26.0,""period_ms"":18.800020217895508}"
194597,1,1624.4,1624.4,False,1.0,"{""inversion_rho"":null,""inversion_channel"":25.5,""period_ms"":18.800020217895508}"
194597,1,1639.5,1639.5,False,1.0,"{""inversion_rho"":null,""inversion_channel"":23.5,""period_ms"":18.800020217895508}"
194597,1,1647.5,1647.5,False,1.0,"{""inversion_rho"":null,""inversion_channel"":26.5,""period_ms"":18.800020217895508}"
194597,1,1654.0999,1654.0999,False,1.0,"{""inversion_rho"":null,""inversion_channel"":31.5,""period_ms"":18.800020217895508}"
194597,1,1670.9,1670.9,False,1.0,"{""inversion_rho"":null,""inversion_channel"":29.5,""period_ms"":5.5999755859375}"
194597,1,1676.6,1676.6,False,1.0,"{""inversion_rho"":null,""inversion_channel"":25.5,""period_ms"":5.5999755859375}"
194597,1,1682.2,1682.2,False,0.625,"{""inversion_rho"":null,""inversion_channel"":10.5,""period_ms"":5.5999755859375}"
194597,1,1687.3,1687.3,False,0.5,"{""inversion_rho"":null,""inversion_channel"":31.0,""period_ms"":5.5999755859375}"
194597,1,1701.7,1701.7,False,0.25,"{""inversion_rho"":null,""inversion_channel"":25.5,""period_ms"":null}"
194597,1,1706.8,1706.8,False,0.375,"{""inversion_rho"":null,""inversion_channel"":11.0,""period_ms"":null}"
194597,1,1767.2,1767.2,False,0.25,"{""inversion_rho"":null,""inversion_channel"":19.5,""period_ms"":45.69995403289795}"
194597,1,1814.9,1814.9,False,0.625,"{""inversion_rho"":null,""inversion_channel"":29.5,""period_ms"":45.69995403289795}"
194597,1,1860.6,1860.6,False,0.375,"{""inversion_rho"":null,""inversion_channel"":30.5,""period_ms"":45.69995403289795}"
194597,1,1901.0,1901.0,False,0.375,"{""inversion_rho"":null,""inversion_channel"":13.5,""period_ms"":45.69995403289795}"
194597,1,1910.3,1910.3,False,0.5,"{""inversion_rho"":null,""inversion_channel"":12.5,""period_ms"":9.299993515014648}"
194597,1,1919.5,1919.5,False,0.25,"{""inversion_rho"":null,""inversion_channel"":13.5,""period_ms"":9.299993515014648}"
194597,1,1928.8,1928.8,False,0.375,"{""inversion_rho"":null,""inversion_channel"":13.5,""period_ms"":9.299993515014648}"
194597,1,1943.1,1943.1,False,1.0,"{""inversion_rho"":null,""inversion_channel"":11.5,""period_ms"":9.299993515014648}"
194597,1,1948.3,1948.3,False,1.0,"{""inversion_rho"":null,""inversion_channel"":12.0,""period_ms"":6.349921226501465}"
194597,1,1953.6,1953.6,False,1.0,"{""inversion_rho"":null,""inversion_channel"":10.0,""period_ms"":6.349921226501465}"
194597,1,1958.6999,1958.6999,False,0.625,"{""inversion_rho"":null,""inversion_channel"":31.0,""period_ms"":6.349921226501465}"
194597,1,1967.6,1967.6,False,1.0,"{""inversion_rho"":null,""inversion_channel"":31.5,""period_ms"":6.349921226501465}"
194597,1,1980.0,1980.0,False,1.0,"{""inversion_rho"":null,""inversion_channel"":20.5,""period_ms"":6.349921226501465}"
194597,1,1985.4,1985.4,False,1.0,"{""inversion_rho"":null,""inversion_channel"":12.0,""period_ms"":6.349921226501465}"
194597,1,1990.7,1990.7,False,0.75,"{""inversion_rho"":null,""inversion_channel"":12.0,""period_ms"":6.349921226501465}"
194597,1,1996.3,1996.3,False,0.625,"{""inversion_rho"":null,""inversion_channel"":12.0,""period_ms"":6.349921226501465}"
194597,1,2002.1,2002.1,False,1.0,"{""inversion_rho"":null,""inversion_channel"":10.5,""period_ms"":6.349921226501465}"
194597,1,2008.3001,2008.3001,False,1.0,"{""inversion_rho"":null,""inversion_channel"":10.5,""period_ms"":6.349921226501465}"
194597,1,2014.6999,2014.6999,False,1.0,"{""inversion_rho"":null,""inversion_channel"":11.0,""period_ms"":6.349921226501465}"
194597,1,2021.5001,2021.5001,False,1.0,"{""inversion_rho"":null,""inversion_channel"":10.5,""period_ms"":6.349921226501465}"
194597,1,2027.6999,2027.6999,False,0.5,"{""inversion_rho"":null,""inversion_channel"":11.5,""period_ms"":6.349921226501465}"
194597,1,2034.3001,2034.3001,False,0.5,"{""inversion_rho"":null,""inversion_channel"":10.5,""period_ms"":6.349921226501465}"
194597,1,2041.3001,2041.3001,False,1.0,"{""inversion_rho"":null,""inversion_channel"":11.0,""period_ms"":6.349921226501465}"
194597,1,2047.6,2047.6,False,0.875,"{""inversion_rho"":null,""inversion_channel"":11.0,""period_ms"":6.349921226501465}"
194597,1,2054.6,2054.6,False,1.0,"{""inversion_rho"":null,""inversion_channel"":21.5,""period_ms"":6.349921226501465}"
194597,1,2068.3999,2068.3999,False,1.0,"{""inversion_rho"":null,""inversion_channel"":10.5,""period_ms"":6.349921226501465}"
194597,1,2075.5,2075.5,False,1.0,"{""inversion_rho"":null,""inversion_channel"":13.5,""period_ms"":6.349921226501465}"
194597,1,2095.0999,2095.0999,False,1.0,"{""inversion_rho"":null,""inversion_channel"":10.5,""period_ms"":18.10002326965332}"
194597,1,2101.9001,2101.9001,False,1.0,"{""inversion_rho"":null,""inversion_channel"":21.0,""period_ms"":18.10002326965332}"
194597,1,2115.7999,2115.7999,False,1.0,"{""inversion_rho"":null,""inversion_channel"":31.0,""period_ms"":18.10002326965332}"
194597,1,2123.1999,2123.1999,False,1.0,"{""inversion_rho"":null,""inversion_channel"":30.5,""period_ms"":18.10002326965332}"
194597,1,2131.0,2131.0,False,1.0,"{""inversion_rho"":null,""inversion_channel"":30.5,""period_ms"":18.10002326965332}"
194597,1,2142.4999,2142.4999,False,1.0,"{""inversion_rho"":null,""inversion_channel"":24.5,""period_ms"":18.10002326965332}"
194597,1,2159.6,2159.6,False,1.0,"{""inversion_rho"":null,""inversion_channel"":26.5,""period_ms"":18.10002326965332}"
194597,1,2178.7,2178.7,False,1.0,"{""inversion_rho"":null,""inversion_channel"":12.5,""period_ms"":18.10002326965332}"
194597,1,2199.5001,2199.5001,False,1.0,"{""inversion_rho"":null,""inversion_channel"":25.5,""period_ms"":18.10002326965332}"
194597,1,2222.1999,2222.1999,False,1.0,"{""inversion_rho"":null,""inversion_channel"":25.0,""period_ms"":18.10002326965332}"
194597,1,2247.4999,2247.4999,False,1.0,"{""inversion_rho"":null,""inversion_channel"":12.5,""period_ms"":18.10002326965332}"
194597,1,2272.3,2272.3,False,1.0,"{""inversion_rho"":null,""inversion_channel"":10.5,""period_ms"":18.10002326965332}"
194597,1,2288.7001,2288.7001,False,0.75,"{""inversion_rho"":null,""inversion_channel"":11.5,""period_ms"":18.10002326965332}"
194597,1,2299.9001,2299.9001,False,1.0,"{""inversion_rho"":null,""inversion_channel"":10.5,""period_ms"":18.10002326965332}"
194597,1,2320.2,2320.2,False,1.0,"{""inversion_rho"":null,""inversion_channel"":11.0,""period_ms"":18.10002326965332}"
194597,1,2334.8,2334.8,False,0.75,"{""inversion_rho"":null,""inversion_channel"":11.5,""period_ms"":18.10002326965332}"
194597,1,2353.8001,2353.8001,False,1.0,"{""inversion_rho"":null,""inversion_channel"":11.5,""period_ms"":18.10002326965332}"
194597,1,2370.1,2370.1,False,1.0,"{""inversion_rho"":null,""inversion_channel"":11.5,""period_ms"":18.10002326965332}"
194597,1,2384.1,2384.1,False,1.0,"{""inversion_rho"":null,""inversion_channel"":12.5,""period_ms"":18.10002326965332}"
194597,1,2398.6001,2398.6001,False,1.0,"{""inversion_rho"":null,""inversion_channel"":11.0,""period_ms"":18.10002326965332}"
194597,1,2413.0001,2413.0001,False,1.0,"{""inversion_rho"":null,""inversion_channel"":10.5,""period_ms"":18.10002326965332}"
194597,1,2428.1001,2428.1001,False,1.0,"{""inversion_rho"":null,""inversion_channel"":11.5,""period_ms"":18.10002326965332}"
194597,1,2442.8999,2442.8999,False,1.0,"{""inversion_rho"":null,""inversion_channel"":11.0,""period_ms"":18.10002326965332}"
194597,1,2457.5,2457.5,False,1.0,"{""inversion_rho"":null,""inversion_channel"":11.0,""period_ms"":18.10002326965332}"
194597,1,2472.3001,2472.3001,False,1.0,"{""inversion_rho"":null,""inversion_channel"":23.5,""period_ms"":18.10002326965332}"
194597,1,2487.7,2487.7,False,1.0,"{""inversion_rho"":null,""inversion_channel"":12.5,""period_ms"":18.10002326965332}"
194597,1,2502.6,2502.6,False,0.75,"{""inversion_rho"":null,""inversion_channel"":10.5,""period_ms"":18.10002326965332}"
194597,1,2518.1999,2518.1999,False,0.625,"{""inversion_rho"":null,""inversion_channel"":10.5,""period_ms"":18.10002326965332}"
194597,1,2534.4999,2534.4999,False,1.0,"{""inversion_rho"":null,""inversion_channel"":10.5,""period_ms"":18.10002326965332}"
194597,1,2550.6001,2550.6001,False,0.5,"{""inversion_rho"":null,""inversion_channel"":12.5,""period_ms"":18.10002326965332}"
194597,1,2570.9,2570.9,False,1.0,"{""inversion_rho"":null,""inversion_channel"":10.5,""period_ms"":18.10002326965332}"
194597,1,2593.6,2593.6,False,1.0,"{""inversion_rho"":null,""inversion_channel"":25.0,""period_ms"":18.10002326965332}"
194597,1,2612.5,2612.5,False,1.0,"{""inversion_rho"":null,""inversion_channel"":11.0,""period_ms"":18.10002326965332}"
194597,1,2631.4001,2631.4001,False,1.0,"{""inversion_rho"":null,""inversion_channel"":10.0,""period_ms"":18.10002326965332}"
194597,1,2648.9999,2648.9999,False,1.0,"{""inversion_rho"":null,""inversion_channel"":24.0,""period_ms"":18.10002326965332}"
194597,1,2664.7999,2664.7999,False,1.0,"{""inversion_rho"":null,""inversion_channel"":10.5,""period_ms"":18.10002326965332}"
194597,1,2681.2999,2681.2999,False,0.5,"{""inversion_rho"":null,""inversion_channel"":25.5,""period_ms"":18.10002326965332}"
194597,1,2698.6001,2698.6001,False,1.0,"{""inversion_rho"":null,""inversion_channel"":11.0,""period_ms"":18.10002326965332}"
194597,1,2714.9999,2714.9999,False,0.5,"{""inversion_rho"":null,""inversion_channel"":10.5,""period_ms"":18.10002326965332}"
194597,1,2731.8001,2731.8001,False,1.0,"{""inversion_rho"":null,""inversion_channel"":26.0,""period_ms"":18.10002326965332}"
194597,1,2758.4,2758.4,False,1.0,"{""inversion_rho"":null,""inversion_channel"":11.0,""period_ms"":18.10002326965332}"
194597,1,2775.8999,2775.8999,False,1.0,"{""inversion_rho"":null,""inversion_channel"":11.0,""period_ms"":18.10002326965332}"
194597,1,2794.6999,2794.6999,False,1.0,"{""inversion_rho"":null,""inversion_channel"":11.0,""period_ms"":18.10002326965332}"
194597,1,2812.5999,2812.5999,False,0.875,"{""inversion_rho"":null,""inversion_channel"":11.5,""period_ms"":18.10002326965332}"
194597,1,2828.7001,2828.7001,False,1.0,"{""inversion_rho"":null,""inversion_channel"":26.0,""period_ms"":18.10002326965332}"
194597,1,2854.8,2854.8,False,1.0,"{""inversion_rho"":null,""inversion_channel"":11.5,""period_ms"":18.10002326965332}"
194597,1,2870.1999,2870.1999,False,1.0,"{""inversion_rho"":null,""inversion_channel"":26.5,""period_ms"":18.10002326965332}"
194597,1,2897.3,2897.3,False,0.625,"{""inversion_rho"":null,""inversion_channel"":11.5,""period_ms"":18.10002326965332}"
194597,1,2930.1,2930.1,False,1.0,"{""inversion_rho"":null,""inversion_channel"":10.5,""period_ms"":18.10002326965332}"
194597,1,2955.2,2955.2,False,0.625,"{""inversion_rho"":null,""inversion_channel"":11.5,""period_ms"":18.10002326965332}"
194597,1,2974.0,2974.0,False,1.0,"{""inversion_rho"":null,""inversion_channel"":11.5,""period_ms"":18.10002326965332}"
194597,1,2992.1,2992.1,False,0.375,"{""inversion_rho"":null,""inversion_channel"":11.5,""period_ms"":18.10002326965332}"
194597,1,3014.4,3014.4,False,0.875,"{""inversion_rho"":null,""inversion_channel"":11.5,""period_ms"":18.10002326965332}"
194597,1,3031.3001,3031.3001,False,1.0,"{""inversion_rho"":null,""inversion_channel"":27.5,""period_ms"":18.10002326965332}"
194597,1,3058.5001,3058.5001,False,1.0,"{""inversion_rho"":null,""inversion_channel"":11.0,""period_ms"":18.10002326965332}"
194597,1,3076.8001,3076.8001,False,1.0,"{""inversion_rho"":null,""inversion_channel"":11.5,""period_ms"":18.10002326965332}"
194597,1,3095.7999,3095.7999,False,1.0,"{""inversion_rho"":null,""inversion_channel"":11.5,""period_ms"":18.10002326965332}"
194597,1,3115.2,3115.2,False,1.0,"{""inversion_rho"":null,""inversion_channel"":11.5,""period_ms"":18.10002326965332}"
194597,1,3134.8,3134.8,False,1.0,"{""inversion_rho"":null,""inversion_channel"":12.0,""period_ms"":18.10002326965332}"
194597,1,3154.0999,3154.0999,False,1.0,"{""inversion_rho"":null,""inversion_channel"":12.5,""period_ms"":18.10002326965332}"
194597,1,3172.6,3172.6,False,1.0,"{""inversion_rho"":null,""inversion_channel"":11.5,""period_ms"":18.10002326965332}"
194597,1,3191.8001,3191.8001,False,1.0,"{""inversion_rho"":null,""inversion_channel"":12.0,""period_ms"":18.10002326965332}"
194597,1,3210.7999,3210.7999,False,1.0,"{""inversion_rho"":null,""inversion_channel"":12.5,""period_ms"":18.10002326965332}"
194597,1,3228.6999,3228.6999,False,1.0,"{""inversion_rho"":null,""inversion_channel"":12.0,""period_ms"":18.10002326965332}"
194597,1,3247.9999,3247.9999,False,1.0,"{""inversion_rho"":null,""inversion_channel"":12.0,""period_ms"":18.10002326965332}"
194597,1,3267.8001,3267.8001,False,1.0,"{""inversion_rho"":null,""inversion_channel"":13.0,""period_ms"":18.10002326965332}"
194597,1,3285.5999,3285.5999,False,1.0,"{""inversion_rho"":null,""inversion_channel"":12.5,""period_ms"":18.10002326965332}"
194597,1,3301.1,3301.1,False,1.0,"{""inversion_rho"":null,""inversion_channel"":27.5,""period_ms"":18.10002326965332}"
194597,1,3325.3,3325.3,False,1.0,"{""inversion_rho"":null,""inversion_channel"":25.0,""period_ms"":18.10002326965332}"
194597,1,3340.6999,3340.6999,False,0.625,"{""inversion_rho"":null,""inversion_channel"":12.5,""period_ms"":18.10002326965332}"
194597,1,3359.9,3359.9,False,1.0,"{""inversion_rho"":null,""inversion_channel"":12.5,""period_ms"":18.10002326965332}"
194597,1,3388.2999,3388.2999,False,1.0,"{""inversion_rho"":null,""inversion_channel"":26.0,""period_ms"":18.10002326965332}"
194597,1,3411.9999,3411.9999,False,1.0,"{""inversion_rho"":null,""inversion_channel"":27.5,""period_ms"":18.10002326965332}"
194597,1,3431.9999,3431.9999,False,1.0,"{""inversion_rho"":null,""inversion_channel"":26.5,""period_ms"":18.10002326965332}"
194597,1,3450.3,3450.3,False,1.0,"{""inversion_rho"":null,""inversion_channel"":11.5,""period_ms"":18.10002326965332}"
194597,1,3466.8,3466.8,False,1.0,"{""inversion_rho"":null,""inversion_channel"":11.5,""period_ms"":18.10002326965332}"
194597,1,3487.7999,3487.7999,False,1.0,"{""inversion_rho"":null,""inversion_channel"":26.5,""period_ms"":18.10002326965332}"
194597,1,3512.8,3512.8,False,1.0,"{""inversion_rho"":null,""inversion_channel"":26.5,""period_ms"":18.10002326965332}"
194597,1,3539.7999,3539.7999,False,1.0,"{""inversion_rho"":null,""inversion_channel"":26.5,""period_ms"":18.10002326965332}"
194597,1,3563.4999,3563.4999,False,1.0,"{""inversion_rho"":null,""inversion_channel"":26.0,""period_ms"":18.10002326965332}"
194597,1,3578.1,3578.1,False,1.0,"{""inversion_rho"":null,""inversion_channel"":27.5,""period_ms"":18.10002326965332}"
194597,1,3585.7,3585.7,False,1.0,"{""inversion_rho"":null,""inversion_channel"":25.5,""period_ms"":18.10002326965332}"
194597,1,3619.9999,3619.9999,False,0.25,"{""inversion_rho"":null,""inversion_channel"":12.5,""period_ms"":78.99999618530273}"
194597,1,3774.3001,3774.3001,False,0.375,"{""inversion_rho"":null,""inversion_channel"":25.5,""period_ms"":78.99999618530273}"
194597,1,3878.0,3878.0,False,0.25,"{""inversion_rho"":null,""inversion_channel"":23.0,""period_ms"":78.99999618530273}"
194597,1,3957.0,3957.0,False,0.25,"{""inversion_rho"":null,""inversion_channel"":12.5,""period_ms"":78.99999618530273}"
194597,1,4002.9001,4002.9001,False,0.25,"{""inversion_rho"":null,""inversion_channel"":11.0,""period_ms"":78.99999618530273}"
194597,1,4024.0998,4024.0998,False,0.25,"{""inversion_rho"":null,""inversion_channel"":22.0,""period_ms"":78.99999618530273}"
194597,1,4225.5998,4225.5998,False,0.25,"{""inversion_rho"":null,""inversion_channel"":24.5,""period_ms"":null}"
194597,1,4232.6999,4232.6999,False,0.25,"{""inversion_rho"":null,""inversion_channel"":14.0,""period_ms"":null}"
194597,1,4330.4,4330.4,False,0.25,"{""inversion_rho"":null,""inversion_channel"":11.0,""period_ms"":null}"
194597,1,4481.2002,4481.2002,False,0.25,"{""inversion_rho"":null,""inversion_channel"":22.5,""period_ms"":null}"
194597,1,4508.6999,4508.6999,False,0.25,"{""inversion_rho"":null,""inversion_channel"":24.5,""period_ms"":null}"
194597,1,4575.9001,4575.9001,False,0.25,"{""inversion_rho"":null,""inversion_channel"":13.0,""period_ms"":null}"
194597,1,4592.7,4592.7,False,0.25,"{""inversion_rho"":null,""inversion_channel"":22.5,""period_ms"":null}"
194597,1,4609.3998,4609.3998,False,0.25,"{""inversion_rho"":null,""inversion_channel"":9.5,""period_ms"":null}"
194597,1,4704.5002,4704.5002,False,0.25,"{""inversion_rho"":null,""inversion_channel"":23.0,""period_ms"":null}"
194597,1,4746.9001,4746.9001,False,0.25,"{""inversion_rho"":null,""inversion_channel"":22.5,""period_ms"":null}"
194597,1,4915.5002,4915.5002,False,0.25,"{""inversion_rho"":null,""inversion_channel"":11.0,""period_ms"":null}"
194597,1,4939.8999,4939.8999,False,0.375,"{""inversion_rho"":null,""inversion_channel"":22.5,""period_ms"":null}"
194597,1,4946.8002,4946.8002,False,0.25,"{""inversion_rho"":null,""inversion_channel"":22.5,""period_ms"":18.400192260742188}"
194597,1,4978.4999,4978.4999,False,0.25,"{""inversion_rho"":null,""inversion_channel"":12.0,""period_ms"":18.400192260742188}"
194597,1,5007.9999,5007.9999,False,0.25,"{""inversion_rho"":null,""inversion_channel"":16.5,""period_ms"":18.400192260742188}"
194597,1,5026.5999,5026.5999,False,0.25,"{""inversion_rho"":null,""inversion_channel"":15.5,""period_ms"":18.400192260742188}"
194597,1,5037.9,5037.9,False,0.25,"{""inversion_rho"":null,""inversion_channel"":15.5,""period_ms"":18.400192260742188}"
194597,1,5045.1002,5045.1002,False,0.25,"{""inversion_rho"":null,""inversion_channel"":15.5,""period_ms"":18.400192260742188}"
194597,1,5056.0002,5056.0002,False,0.25,"{""inversion_rho"":null,""inversion_channel"":16.5,""period_ms"":18.400192260742188}"
194597,1,5074.1,5074.1,False,0.25,"{""inversion_rho"":null,""inversion_channel"":31.5,""period_ms"":18.400192260742188}"
194597,1,5092.5002,5092.5002,False,0.25,"{""inversion_rho"":null,""inversion_channel"":22.0,""period_ms"":18.400192260742188}"
194597,1,5111.4001,5111.4001,False,0.75,"{""inversion_rho"":null,""inversion_channel"":14.5,""period_ms"":18.400192260742188}"
194597,1,5130.0998,5130.0998,False,0.25,"{""inversion_rho"":null,""inversion_channel"":15.0,""period_ms"":18.400192260742188}"
194597,1,5141.3002,5141.3002,False,0.375,"{""inversion_rho"":null,""inversion_channel"":16.5,""period_ms"":18.400192260742188}"
194597,1,5174.5,5174.5,False,0.25,"{""inversion_rho"":null,""inversion_channel"":13.0,""period_ms"":null}"
194597,1,5182.2,5182.2,False,0.25,"{""inversion_rho"":null,""inversion_channel"":13.5,""period_ms"":null}"
194597,1,5220.3002,5220.3002,False,0.375,"{""inversion_rho"":null,""inversion_channel"":22.5,""period_ms"":31.300067901611328}"
194597,1,5250.4001,5250.4001,False,0.25,"{""inversion_rho"":null,""inversion_channel"":13.0,""period_ms"":31.300067901611328}"
194597,1,5316.1001,5316.1001,False,0.25,"{""inversion_rho"":null,""inversion_channel"":15.5,""period_ms"":31.300067901611328}"
194597,1,5378.9001,5378.9001,False,0.25,"{""inversion_rho"":null,""inversion_channel"":12.5,""period_ms"":31.300067901611328}"
194597,1,5407.1999,5407.1999,False,0.375,"{""inversion_rho"":null,""inversion_channel"":22.5,""period_ms"":31.300067901611328}"
194597,1,5438.4999,5438.4999,False,0.25,"{""inversion_rho"":null,""inversion_channel"":17.5,""period_ms"":31.300067901611328}"
194597,1,5595.9001,5595.9001,False,0.25,"{""inversion_rho"":null,""inversion_channel"":13.0,""period_ms"":34.35015678405762}"
194597,1,5615.6998,5615.6998,False,0.375,"{""inversion_rho"":null,""inversion_channel"":14.0,""period_ms"":34.35015678405762}"
194597,1,5650.7001,5650.7001,False,0.375,"{""inversion_rho"":null,""inversion_channel"":16.5,""period_ms"":34.35015678405762}"
194597,1,5694.7999,5694.7999,False,0.75,"{""inversion_rho"":null,""inversion_channel"":23.5,""period_ms"":34.35015678405762}"
194597,1,5728.4999,5728.4999,False,0.5,"{""inversion_rho"":null,""inversion_channel"":15.5,""period_ms"":34.35015678405762}"
194597,1,5736.4998,5736.4998,False,0.375,"{""inversion_rho"":null,""inversion_channel"":18.5,""period_ms"":13.100147247314453}"
194597,1,5747.3998,5747.3998,False,0.875,"{""inversion_rho"":null,""inversion_channel"":24.5,""period_ms"":13.100147247314453}"
194597,1,5762.7001,5762.7001,False,1.0,"{""inversion_rho"":null,""inversion_channel"":16.0,""period_ms"":13.100147247314453}"
194597,1,5768.1999,5768.1999,False,1.0,"{""inversion_rho"":null,""inversion_channel"":18.5,""period_ms"":5.550146102905273}"
194597,1,5773.6001,5773.6001,False,1.0,"{""inversion_rho"":null,""inversion_channel"":17.5,""period_ms"":5.550146102905273}"
194597,1,5779.3002,5779.3002,False,1.0,"{""inversion_rho"":null,""inversion_channel"":17.5,""period_ms"":5.550146102905273}"
194597,1,5820.3001,5820.3001,False,0.5,"{""inversion_rho"":null,""inversion_channel"":14.5,""period_ms"":30.40003776550293}"
194597,1,5844.9001,5844.9001,False,0.375,"{""inversion_rho"":null,""inversion_channel"":26.5,""period_ms"":30.40003776550293}"
194597,1,5881.1002,5881.1002,False,0.625,"{""inversion_rho"":null,""inversion_channel"":24.5,""period_ms"":30.40003776550293}"
194597,1,5891.3002,5891.3002,False,1.0,"{""inversion_rho"":null,""inversion_channel"":30.5,""period_ms"":null}"
194597,1,5901.8998,5901.8998,False,0.375,"{""inversion_rho"":null,""inversion_channel"":7.5,""period_ms"":null}"
194597,1,6106.6999,6106.6999,False,0.25,"{""inversion_rho"":null,""inversion_channel"":26.5,""period_ms"":null}"
194597,1,818.1,1654.0999,True,1.0,"{""inversion_rho"":null,""inversion_channel"":25.5,""period_ms"":18.800020217895508}"
194597,1,1670.9,1687.3,True,1.0,"{""inversion_rho"":null,""inversion_channel"":27.5,""period_ms"":5.5999755859375}"
194597,1,1767.2,1901.0,True,1.0,"{""inversion_rho"":null,""inversion_channel"":24.5,""period_ms"":45.69995403289795}"
194597,1,1910.3,1943.1,True,1.0,"{""inversion_rho"":null,""inversion_channel"":13.0,""period_ms"":9.299993515014648}"
194597,1,1948.3,2075.5,True,1.0,"{""inversion_rho"":null,""inversion_channel"":11.5,""period_ms"":6.349921226501465}"
194597,1,2095.0999,3585.7,True,1.0,"{""inversion_rho"":null,""inversion_channel"":12.0,""period_ms"":18.10002326965332}"
194597,1,3619.9999,4024.0998,True,1.0,"{""inversion_rho"":null,""inversion_channel"":17.25,""period_ms"":78.99999618530273}"
194597,1,4946.8002,5141.3002,True,1.0,"{""inversion_rho"":null,""inversion_channel"":16.0,""period_ms"":18.400192260742188}"
194597,1,5220.3002,5438.4999,True,1.0,"{""inversion_rho"":null,""inversion_channel"":16.5,""period_ms"":31.300067901611328}"
194597,1,5595.9001,5728.4999,True,1.0,"{""inversion_rho"":null,""inversion_channel"":15.5,""period_ms"":34.35015678405762}"
194597,1,5736.4998,5762.7001,True,1.0,"{""inversion_rho"":null,""inversion_channel"":18.5,""period_ms"":13.100147247314453}"
194597,1,5768.1999,5779.3002,True,1.0,"{""inversion_rho"":null,""inversion_channel"":17.5,""period_ms"":5.550146102905273}"
194597,1,5820.3001,5881.1002,True,1.0,"{""inversion_rho"":null,""inversion_channel"":24.5,""period_ms"":30.40003776550293}"
194598,1,192.9,192.9,False,0.75,"{""inversion_rho"":null,""inversion_channel"":11.5,""period_ms"":null}"
194598,1,228.1,228.1,False,0.25,"{""inversion_rho"":null,""inversion_channel"":21.5,""period_ms"":null}"
194598,1,352.7,352.7,False,0.75,"{""inversion_rho"":null,""inversion_channel"":13.5,""period_ms"":18.35000514984131}"
194598,1,372.4,372.4,False,1.0,"{""inversion_rho"":null,""inversion_channel"":13.5,""period_ms"":18.35000514984131}"
194598,1,390.8,390.8,False,1.0,"{""inversion_rho"":null,""inversion_channel"":13.5,""period_ms"":18.35000514984131}"
194598,1,409.7,409.7,False,1.0,"{""inversion_rho"":null,""inversion_channel"":12.5,""period_ms"":18.35000514984131}"
194598,1,428.0,428.0,False,1.0,"{""inversion_rho"":null,""inversion_channel"":14.0,""period_ms"":18.35000514984131}"
194598,1,445.2,445.2,False,1.0,"{""inversion_rho"":null,""inversion_channel"":13.5,""period_ms"":18.35000514984131}"
194598,1,461.8,461.8,False,1.0,"{""inversion_rho"":null,""inversion_channel"":14.5,""period_ms"":18.35000514984131}"
194598,1,511.3,511.3,False,1.0,"{""inversion_rho"":null,""inversion_channel"":17.5,""period_ms"":24.199962615966797}"
194598,1,529.0,529.0,False,1.0,"{""inversion_rho"":null,""inversion_channel"":18.0,""period_ms"":24.199962615966797}"
194598,1,544.7,544.7,False,0.25,"{""inversion_rho"":null,""inversion_channel"":18.5,""period_ms"":24.199962615966797}"
194598,1,575.4,575.4,False,1.0,"{""inversion_rho"":null,""inversion_channel"":18.5,""period_ms"":24.199962615966797}"
194598,1,624.7,624.7,False,1.0,"{""inversion_rho"":null,""inversion_channel"":20.5,""period_ms"":24.199962615966797}"
194598,1,641.2,641.2,False,1.0,"{""inversion_rho"":null,""inversion_channel"":20.0,""period_ms"":27.500003576278687}"
194598,1,677.3,677.3,False,1.0,"{""inversion_rho"":null,""inversion_channel"":21.5,""period_ms"":27.500003576278687}"
194598,1,719.4,719.4,False,1.0,"{""inversion_rho"":null,""inversion_channel"":23.5,""period_ms"":27.500003576278687}"
194598,1,738.3,738.3,False,0.625,"{""inversion_rho"":null,""inversion_channel"":22.5,""period_ms"":27.500003576278687}"
194598,1,747.5,747.5,False,1.0,"{""inversion_rho"":null,""inversion_channel"":23.5,""period_ms"":27.500003576278687}"
194598,1,773.6,773.6,False,1.0,"{""inversion_rho"":null,""inversion_channel"":22.5,""period_ms"":24.90001916885376}"
194598,1,796.3,796.3,False,1.0,"{""inversion_rho"":null,""inversion_channel"":23.5,""period_ms"":24.90001916885376}"
194598,1,821.2,821.2,False,1.0,"{""inversion_rho"":null,""inversion_channel"":23.0,""period_ms"":24.90001916885376}"
194598,1,849.3,849.3,False,1.0,"{""inversion_rho"":null,""inversion_channel"":25.5,""period_ms"":24.90001916885376}"
194598,1,878.1,878.1,False,1.0,"{""inversion_rho"":null,""inversion_channel"":23.5,""period_ms"":24.90001916885376}"
194598,1,899.0,899.0,False,0.5,"{""inversion_rho"":null,""inversion_channel"":28.5,""period_ms"":24.90001916885376}"
194598,1,907.3,907.3,False,1.0,"{""inversion_rho"":null,""inversion_channel"":26.0,""period_ms"":16.75000786781311}"
194598,1,927.8,927.8,False,0.625,"{""inversion_rho"":null,""inversion_channel"":25.5,""period_ms"":16.75000786781311}"
194598,1,944.5,944.5,False,1.0,"{""inversion_rho"":null,""inversion_channel"":25.5,""period_ms"":16.75000786781311}"
194598,1,963.9,963.9,False,1.0,"{""inversion_rho"":null,""inversion_channel"":25.5,""period_ms"":16.75000786781311}"
194598,1,980.7,980.7,False,0.75,"{""inversion_rho"":null,""inversion_channel"":28.5,""period_ms"":16.75000786781311}"
194598,1,996.1,996.1,False,0.625,"{""inversion_rho"":null,""inversion_channel"":27.5,""period_ms"":16.75000786781311}"
194598,1,1004.6999,1004.6999,False,1.0,"{""inversion_rho"":null,""inversion_channel"":26.5,""period_ms"":16.75000786781311}"
194598,1,1039.0,1039.0,False,1.0,"{""inversion_rho"":null,""inversion_channel"":25.5,""period_ms"":16.200006008148193}"
194598,1,1055.4,1055.4,False,1.0,"{""inversion_rho"":null,""inversion_channel"":27.5,""period_ms"":16.200006008148193}"
194598,1,1071.7,1071.7,False,1.0,"{""inversion_rho"":null,""inversion_channel"":26.5,""period_ms"":16.200006008148193}"
194598,1,1087.8,1087.8,False,1.0,"{""inversion_rho"":null,""inversion_channel"":24.5,""period_ms"":16.200006008148193}"
194598,1,1102.9,1102.9,False,1.0,"{""inversion_rho"":null,""inversion_channel"":27.5,""period_ms"":16.200006008148193}"
194598,1,1111.2,1111.2,False,1.0,"{""inversion_rho"":null,""inversion_channel"":25.5,""period_ms"":16.200006008148193}"
194598,1,1128.4,1128.4,False,0.375,"{""inversion_rho"":null,""inversion_channel"":19.5,""period_ms"":16.200006008148193}"
194598,1,1134.6999,1134.6999,False,1.0,"{""inversion_rho"":null,""inversion_channel"":24.5,""period_ms"":15.799999237060547}"
194598,1,1152.3,1152.3,False,1.0,"{""inversion_rho"":null,""inversion_channel"":27.5,""period_ms"":15.799999237060547}"
194598,1,1166.2,1166.2,False,1.0,"{""inversion_rho"":null,""inversion_channel"":27.5,""period_ms"":15.799999237060547}"
194598,1,1185.9,1185.9,False,1.0,"{""inversion_rho"":null,""inversion_channel"":26.0,""period_ms"":15.799999237060547}"
194598,1,1202.4,1202.4,False,1.0,"{""inversion_rho"":null,""inversion_channel"":27.5,""period_ms"":15.799999237060547}"
194598,1,1217.0,1217.0,False,1.0,"{""inversion_rho"":null,""inversion_channel"":26.5,""period_ms"":15.799999237060547}"
194598,1,1233.8001,1233.8001,False,1.0,"{""inversion_rho"":null,""inversion_channel"":26.0,""period_ms"":15.799999237060547}"
194598,1,1248.6,1248.6,False,0.375,"{""inversion_rho"":null,""inversion_channel"":26.5,""period_ms"":15.799999237060547}"
194598,1,1264.4,1264.4,False,0.875,"{""inversion_rho"":null,""inversion_channel"":27.5,""period_ms"":15.799999237060547}"
194598,1,1272.5,1272.5,False,1.0,"{""inversion_rho"":null,""inversion_channel"":27.5,""period_ms"":15.799999237060547}"
194598,1,1291.7,1291.7,False,0.375,"{""inversion_rho"":null,""inversion_channel"":27.5,""period_ms"":15.799999237060547}"
194598,1,1299.6,1299.6,False,1.0,"{""inversion_rho"":null,""inversion_channel"":25.5,""period_ms"":15.799999237060547}"
194598,1,1319.5,1319.5,False,1.0,"{""inversion_rho"":null,""inversion_channel"":26.5,""period_ms"":16.99995994567871}"
194598,1,1334.5,1334.5,False,0.375,"{""inversion_rho"":null,""inversion_channel"":27.5,""period_ms"":16.99995994567871}"
194598,1,1351.5,1351.5,False,1.0,"{""inversion_rho"":null,""inversion_channel"":27.5,""period_ms"":16.99995994567871}"
194598,1,1368.5,1368.5,False,1.0,"{""inversion_rho"":null,""inversion_channel"":27.5,""period_ms"":16.99995994567871}"
194598,1,1385.9,1385.9,False,1.0,"{""inversion_rho"":null,""inversion_channel"":26.5,""period_ms"":16.99995994567871}"
194598,1,1403.0,1403.0,False,1.0,"{""inversion_rho"":null,""inversion_channel"":27.5,""period_ms"":16.99995994567871}"
194598,1,1412.4,1412.4,False,1.0,"{""inversion_rho"":null,""inversion_channel"":27.5,""period_ms"":16.99995994567871}"
194598,1,1432.3,1432.3,False,1.0,"{""inversion_rho"":null,""inversion_channel"":27.5,""period_ms"":16.99995994567871}"
194598,1,1447.8,1447.8,False,0.5,"{""inversion_rho"":null,""inversion_channel"":26.0,""period_ms"":16.99995994567871}"
194598,1,1463.4,1463.4,False,0.25,"{""inversion_rho"":null,""inversion_channel"":27.5,""period_ms"":16.99995994567871}"
194598,1,1472.4,1472.4,False,1.0,"{""inversion_rho"":null,""inversion_channel"":26.0,""period_ms"":16.99995994567871}"
194598,1,1492.8,1492.8,False,1.0,"{""inversion_rho"":null,""inversion_channel"":26.0,""period_ms"":16.99995994567871}"
194598,1,1509.9,1509.9,False,1.0,"{""inversion_rho"":null,""inversion_channel"":26.5,""period_ms"":16.99995994567871}"
194598,1,1527.9,1527.9,False,1.0,"{""inversion_rho"":null,""inversion_channel"":27.5,""period_ms"":16.99995994567871}"
194598,1,1545.2,1545.2,False,1.0,"{""inversion_rho"":null,""inversion_channel"":25.5,""period_ms"":16.99995994567871}"
194598,1,1562.2,1562.2,False,1.0,"{""inversion_rho"":null,""inversion_channel"":25.5,""period_ms"":16.99995994567871}"
194598,1,1578.6999,1578.6999,False,1.0,"{""inversion_rho"":null,""inversion_channel"":25.5,""period_ms"":16.99995994567871}"
194598,1,1594.8,1594.8,False,0.875,"{""inversion_rho"":null,""inversion_channel"":27.5,""period_ms"":16.99995994567871}"
194598,1,1611.8,1611.8,False,1.0,"{""inversion_rho"":null,""inversion_channel"":26.5,""period_ms"":16.99995994567871}"
194598,1,1628.8,1628.8,False,0.5,"{""inversion_rho"":null,""inversion_channel"":27.5,""period_ms"":16.99995994567871}"
194598,1,1645.9,1645.9,False,1.0,"{""inversion_rho"":null,""inversion_channel"":25.5,""period_ms"":16.99995994567871}"
194598,1,1663.5,1663.5,False,1.0,"{""inversion_rho"":null,""inversion_channel"":27.5,""period_ms"":16.99995994567871}"
194598,1,1678.7,1678.7,False,1.0,"{""inversion_rho"":null,""inversion_channel"":27.5,""period_ms"":16.99995994567871}"
194598,1,1694.2,1694.2,False,0.875,"{""inversion_rho"":null,""inversion_channel"":27.5,""period_ms"":16.99995994567871}"
194598,1,1717.5,1717.5,False,1.0,"{""inversion_rho"":null,""inversion_channel"":26.5,""period_ms"":16.99995994567871}"
194598,1,1735.9999,1735.9999,False,0.25,"{""inversion_rho"":null,""inversion_channel"":27.5,""period_ms"":16.99995994567871}"
194598,1,1751.7999,1751.7999,False,0.75,"{""inversion_rho"":null,""inversion_channel"":27.5,""period_ms"":16.99995994567871}"
194598,1,1761.0,1761.0,False,1.0,"{""inversion_rho"":null,""inversion_channel"":27.5,""period_ms"":16.99995994567871}"
194598,1,1781.2001,1781.2001,False,0.625,"{""inversion_rho"":null,""inversion_channel"":25.5,""period_ms"":16.99995994567871}"
194598,1,1797.0999,1797.0999,False,0.5,"{""inversion_rho"":null,""inversion_channel"":26.5,""period_ms"":16.99995994567871}"
194598,1,1805.6999,1805.6999,False,0.25,"{""inversion_rho"":null,""inversion_channel"":27.5,""period_ms"":16.99995994567871}"
194598,1,1841.5,1841.5,False,1.0,"{""inversion_rho"":null,""inversion_channel"":27.5,""period_ms"":16.14999771118164}"
194598,1,1857.9,1857.9,False,1.0,"{""inversion_rho"":null,""inversion_channel"":25.5,""period_ms"":16.14999771118164}"
194598,1,1873.9001,1873.9001,False,0.375,"{""inversion_rho"":null,""inversion_channel"":27.5,""period_ms"":16.14999771118164}"
194598,1,1890.3,1890.3,False,0.875,"{""inversion_rho"":null,""inversion_channel"":27.5,""period_ms"":16.14999771118164}"
194598,1,1906.6,1906.6,False,0.5,"{""inversion_rho"":null,""inversion_channel"":26.0,""period_ms"":16.14999771118164}"
194598,1,1923.1,1923.1,False,0.875,"{""inversion_rho"":null,""inversion_channel"":27.5,""period_ms"":16.14999771118164}"
194598,1,1938.8,1938.8,False,0.5,"{""inversion_rho"":null,""inversion_channel"":27.5,""period_ms"":16.14999771118164}"
194598,1,1954.5,1954.5,False,0.625,"{""inversion_rho"":null,""inversion_channel"":27.5,""period_ms"":16.14999771118164}"
194598,1,1965.1,1965.1,False,1.0,"{""inversion_rho"":null,""inversion_channel"":26.0,""period_ms"":16.14999771118164}"
194598,1,1983.8001,1983.8001,False,0.875,"{""inversion_rho"":null,""inversion_channel"":27.5,""period_ms"":16.14999771118164}"
194598,1,1992.9,1992.9,False,1.0,"{""inversion_rho"":null,""inversion_channel"":23.5,""period_ms"":16.14999771118164}"
194598,1,352.7,461.8,True,1.0,"{""inversion_rho"":null,""inversion_channel"":13.5,""period_ms"":18.35000514984131}"
194598,1,511.3,624.7,True,1.0,"{""inversion_rho"":null,""inversion_channel"":18.5,""period_ms"":24.199962615966797}"
194598,1,641.2,747.5,True,1.0,"{""inversion_rho"":null,""inversion_channel"":22.5,""period_ms"":27.500003576278687}"
194598,1,773.6,899.0,True,1.0,"{""inversion_rho"":null,""inversion_channel"":23.5,""period_ms"":24.90001916885376}"
194598,1,907.3,1004.6999,True,1.0,"{""inversion_rho"":null,""inversion_channel"":26.0,""period_ms"":16.75000786781311}"
194598,1,1039.0,1128.4,True,1.0,"{""inversion_rho"":null,""inversion_channel"":25.5,""period_ms"":16.200006008148193}"
194598,1,1134.6999,1299.6,True,1.0,"{""inversion_rho"":null,""inversion_channel"":27.0,""period_ms"":15.799999237060547}"
194598,1,1319.5,1805.6999,True,1.0,"{""inversion_rho"":null,""inversion_channel"":27.5,""period_ms"":16.99995994567871}"
194598,1,1841.5,1992.9,True,1.0,"{""inversion_rho"":null,""inversion_channel"":27.5,""period_ms"":16.14999771118164}"
194600,1,559.2,559.2,False,1.0,"{""inversion_rho"":null,""inversion_channel"":18.5,""period_ms"":18.700003623962402}"
194600,1,577.5,577.5,False,1.0,"{""inversion_rho"":null,""inversion_channel"":18.5,""period_ms"":18.700003623962402}"
194600,1,597.8,597.8,False,1.0,"{""inversion_rho"":null,""inversion_channel"":18.5,""period_ms"":18.700003623962402}"
194600,1,616.5,616.5,False,0.375,"{""inversion_rho"":null,""inversion_channel"":19.5,""period_ms"":18.700003623962402}"
194600,1,622.6,622.6,False,0.25,"{""inversion_rho"":null,""inversion_channel"":20.0,""period_ms"":null}"
194600,1,635.2,635.2,False,1.0,"{""inversion_rho"":null,""inversion_channel"":19.5,""period_ms"":null}"
194600,1,670.0,670.0,False,1.0,"{""inversion_rho"":null,""inversion_channel"":20.5,""period_ms"":16.699999570846558}"
194600,1,685.4,685.4,False,0.25,"{""inversion_rho"":null,""inversion_channel"":21.5,""period_ms"":16.699999570846558}"
194600,1,703.4,703.4,False,1.0,"{""inversion_rho"":null,""inversion_channel"":22.0,""period_ms"":16.699999570846558}"
194600,1,756.2,756.2,False,1.0,"{""inversion_rho"":null,""inversion_channel"":23.5,""period_ms"":18.700003623962402}"
194600,1,781.8,781.8,False,1.0,"{""inversion_rho"":null,""inversion_channel"":22.5,""period_ms"":18.700003623962402}"
194600,1,801.2,801.2,False,1.0,"{""inversion_rho"":null,""inversion_channel"":25.5,""period_ms"":18.700003623962402}"
194600,1,818.6,818.6,False,1.0,"{""inversion_rho"":null,""inversion_channel"":25.0,""period_ms"":18.700003623962402}"
194600,1,836.6,836.6,False,1.0,"{""inversion_rho"":null,""inversion_channel"":26.0,""period_ms"":18.700003623962402}"
194600,1,857.3,857.3,False,1.0,"{""inversion_rho"":null,""inversion_channel"":25.5,""period_ms"":18.700003623962402}"
194600,1,874.7,874.7,False,0.5,"{""inversion_rho"":null,""inversion_channel"":26.5,""period_ms"":18.700003623962402}"
194600,1,880.7,880.7,False,1.0,"{""inversion_rho"":null,""inversion_channel"":25.5,""period_ms"":18.700003623962402}"
194600,1,899.4,899.4,False,1.0,"{""inversion_rho"":null,""inversion_channel"":27.5,""period_ms"":18.700003623962402}"
194600,1,914.9,914.9,False,1.0,"{""inversion_rho"":null,""inversion_channel"":24.5,""period_ms"":18.700003623962402}"
194600,1,934.5,934.5,False,1.0,"{""inversion_rho"":null,""inversion_channel"":25.5,""period_ms"":18.700003623962402}"
194600,1,941.5,941.5,False,0.25,"{""inversion_rho"":null,""inversion_channel"":39.5,""period_ms"":16.499996185302734}"
194600,1,951.9,951.9,False,1.0,"{""inversion_rho"":null,""inversion_channel"":28.0,""period_ms"":16.499996185302734}"
194600,1,967.0,967.0,False,1.0,"{""inversion_rho"":null,""inversion_channel"":27.0,""period_ms"":16.499996185302734}"
194600,1,982.4,982.4,False,1.0,"{""inversion_rho"":null,""inversion_channel"":26.5,""period_ms"":16.499996185302734}"
194600,1,998.5,998.5,False,1.0,"{""inversion_rho"":null,""inversion_channel"":27.5,""period_ms"":16.499996185302734}"
194600,1,1014.3,1014.3,False,1.0,"{""inversion_rho"":null,""inversion_channel"":24.5,""period_ms"":16.499996185302734}"
194600,1,1028.3,1028.3,False,0.625,"{""inversion_rho"":null,""inversion_channel"":27.5,""period_ms"":16.499996185302734}"
194600,1,1042.5,1042.5,False,0.625,"{""inversion_rho"":null,""inversion_channel"":25.5,""period_ms"":16.499996185302734}"
194600,1,1061.7,1061.7,False,1.0,"{""inversion_rho"":null,""inversion_channel"":26.5,""period_ms"":16.499996185302734}"
194600,1,1091.5999,1091.5999,False,1.0,"{""inversion_rho"":null,""inversion_channel"":27.0,""period_ms"":16.499996185302734}"
194600,1,1119.2,1119.2,False,1.0,"{""inversion_rho"":null,""inversion_channel"":26.5,""period_ms"":16.499996185302734}"
194600,1,1134.5,1134.5,False,1.0,"{""inversion_rho"":null,""inversion_channel"":29.5,""period_ms"":16.499996185302734}"
194600,1,1151.3,1151.3,False,1.0,"{""inversion_rho"":null,""inversion_channel"":28.0,""period_ms"":16.499996185302734}"
194600,1,1168.2,1168.2,False,1.0,"{""inversion_rho"":null,""inversion_channel"":25.5,""period_ms"":16.499996185302734}"
194600,1,1184.9,1184.9,False,1.0,"{""inversion_rho"":null,""inversion_channel"":25.5,""period_ms"":16.499996185302734}"
194600,1,1201.1,1201.1,False,1.0,"{""inversion_rho"":null,""inversion_channel"":26.5,""period_ms"":16.499996185302734}"
194600,1,1216.9,1216.9,False,0.625,"{""inversion_rho"":null,""inversion_channel"":27.5,""period_ms"":16.499996185302734}"
194600,1,1233.6,1233.6,False,1.0,"{""inversion_rho"":null,""inversion_channel"":25.5,""period_ms"":16.499996185302734}"
194600,1,1250.1,1250.1,False,1.0,"{""inversion_rho"":null,""inversion_channel"":26.5,""period_ms"":16.499996185302734}"
194600,1,1266.5,1266.5,False,0.5,"{""inversion_rho"":null,""inversion_channel"":26.0,""period_ms"":16.499996185302734}"
194600,1,1283.3,1283.3,False,1.0,"{""inversion_rho"":null,""inversion_channel"":27.5,""period_ms"":16.499996185302734}"
194600,1,1299.9001,1299.9001,False,0.875,"{""inversion_rho"":null,""inversion_channel"":27.5,""period_ms"":16.499996185302734}"
194600,1,1314.1,1314.1,False,0.5,"{""inversion_rho"":null,""inversion_channel"":27.5,""period_ms"":16.499996185302734}"
194600,1,1328.3,1328.3,False,1.0,"{""inversion_rho"":null,""inversion_channel"":27.5,""period_ms"":16.499996185302734}"
194600,1,1345.0,1345.0,False,1.0,"{""inversion_rho"":null,""inversion_channel"":27.0,""period_ms"":16.499996185302734}"
194600,1,1362.4001,1362.4001,False,1.0,"{""inversion_rho"":null,""inversion_channel"":26.0,""period_ms"":16.499996185302734}"
194600,1,1379.6,1379.6,False,1.0,"{""inversion_rho"":null,""inversion_channel"":27.5,""period_ms"":16.499996185302734}"
194600,1,1396.4,1396.4,False,1.0,"{""inversion_rho"":null,""inversion_channel"":27.5,""period_ms"":16.499996185302734}"
194600,1,1413.2,1413.2,False,0.875,"{""inversion_rho"":null,""inversion_channel"":27.5,""period_ms"":16.499996185302734}"
194600,1,1430.8,1430.8,False,1.0,"{""inversion_rho"":null,""inversion_channel"":27.0,""period_ms"":16.499996185302734}"
194600,1,1447.3,1447.3,False,0.5,"{""inversion_rho"":null,""inversion_channel"":27.5,""period_ms"":16.499996185302734}"
194600,1,1464.3,1464.3,False,1.0,"{""inversion_rho"":null,""inversion_channel"":25.5,""period_ms"":16.499996185302734}"
194600,1,1480.9,1480.9,False,1.0,"{""inversion_rho"":null,""inversion_channel"":25.5,""period_ms"":16.499996185302734}"
194600,1,1496.0999,1496.0999,False,1.0,"{""inversion_rho"":null,""inversion_channel"":27.0,""period_ms"":16.499996185302734}"
194600,1,1517.7,1517.7,False,1.0,"{""inversion_rho"":null,""inversion_channel"":25.5,""period_ms"":16.499996185302734}"
194600,1,1535.9,1535.9,False,0.375,"{""inversion_rho"":null,""inversion_channel"":26.0,""period_ms"":16.499996185302734}"
194600,1,1551.7,1551.7,False,1.0,"{""inversion_rho"":null,""inversion_channel"":26.0,""period_ms"":16.499996185302734}"
194600,1,1568.1,1568.1,False,1.0,"{""inversion_rho"":null,""inversion_channel"":26.0,""period_ms"":16.499996185302734}"
194600,1,1583.9,1583.9,False,1.0,"{""inversion_rho"":null,""inversion_channel"":26.5,""period_ms"":16.499996185302734}"
194600,1,1600.8,1600.8,False,1.0,"{""inversion_rho"":null,""inversion_channel"":26.5,""period_ms"":16.499996185302734}"
194600,1,1618.1999,1618.1999,False,1.0,"{""inversion_rho"":null,""inversion_channel"":25.5,""period_ms"":16.499996185302734}"
194600,1,1634.5,1634.5,False,0.625,"{""inversion_rho"":null,""inversion_channel"":27.5,""period_ms"":16.499996185302734}"
194600,1,1652.4,1652.4,False,1.0,"{""inversion_rho"":null,""inversion_channel"":26.0,""period_ms"":16.499996185302734}"
194600,1,1668.3,1668.3,False,0.875,"{""inversion_rho"":null,""inversion_channel"":28.5,""period_ms"":16.499996185302734}"
194600,1,1678.2,1678.2,False,1.0,"{""inversion_rho"":null,""inversion_channel"":27.5,""period_ms"":16.499996185302734}"
194600,1,1697.1999,1697.1999,False,1.0,"{""inversion_rho"":null,""inversion_channel"":27.5,""period_ms"":16.499996185302734}"
194600,1,1712.4,1712.4,False,0.875,"{""inversion_rho"":null,""inversion_channel"":27.5,""period_ms"":16.499996185302734}"
194600,1,1729.1,1729.1,False,1.0,"{""inversion_rho"":null,""inversion_channel"":27.0,""period_ms"":16.499996185302734}"
194600,1,1745.9,1745.9,False,1.0,"{""inversion_rho"":null,""inversion_channel"":25.0,""period_ms"":16.499996185302734}"
194600,1,1761.7,1761.7,False,0.75,"{""inversion_rho"":null,""inversion_channel"":27.5,""period_ms"":16.499996185302734}"
194600,1,1777.6,1777.6,False,1.0,"{""inversion_rho"":null,""inversion_channel"":27.5,""period_ms"":16.499996185302734}"
194600,1,1793.2,1793.2,False,0.5,"{""inversion_rho"":null,""inversion_channel"":27.5,""period_ms"":16.499996185302734}"
194600,1,1801.7,1801.7,False,1.0,"{""inversion_rho"":null,""inversion_channel"":27.5,""period_ms"":16.499996185302734}"
194600,1,1836.1,1836.1,False,0.875,"{""inversion_rho"":null,""inversion_channel"":26.5,""period_ms"":17.149925231933594}"
194600,1,1852.1,1852.1,False,1.0,"{""inversion_rho"":null,""inversion_channel"":27.5,""period_ms"":17.149925231933594}"
194600,1,1868.3,1868.3,False,0.375,"{""inversion_rho"":null,""inversion_channel"":25.5,""period_ms"":17.149925231933594}"
194600,1,1901.9001,1901.9001,False,1.0,"{""inversion_rho"":null,""inversion_channel"":27.5,""period_ms"":17.149925231933594}"
194600,1,1920.0,1920.0,False,1.0,"{""inversion_rho"":null,""inversion_channel"":29.5,""period_ms"":17.149925231933594}"
194600,1,1926.1,1926.1,False,1.0,"{""inversion_rho"":null,""inversion_channel"":16.5,""period_ms"":5.450010299682617}"
194600,1,1931.7,1931.7,False,1.0,"{""inversion_rho"":null,""inversion_channel"":27.0,""period_ms"":5.450010299682617}"
194600,1,1937.0,1937.0,False,0.75,"{""inversion_rho"":null,""inversion_channel"":29.5,""period_ms"":5.450010299682617}"
194600,1,1942.1,1942.1,False,1.0,"{""inversion_rho"":null,""inversion_channel"":28.5,""period_ms"":5.450010299682617}"
194600,1,1952.1,1952.1,False,0.375,"{""inversion_rho"":null,""inversion_channel"":29.5,""period_ms"":5.450010299682617}"
194600,1,2039.7,2039.7,False,0.625,"{""inversion_rho"":null,""inversion_channel"":15.5,""period_ms"":59.24999713897705}"
194600,1,2110.8,2110.8,False,0.625,"{""inversion_rho"":null,""inversion_channel"":21.5,""period_ms"":59.24999713897705}"
194600,1,2158.2,2158.2,False,0.25,"{""inversion_rho"":null,""inversion_channel"":27.5,""period_ms"":59.24999713897705}"
194600,1,2168.4,2168.4,False,0.5,"{""inversion_rho"":null,""inversion_channel"":29.5,""period_ms"":null}"
194600,1,2198.4,2198.4,False,0.625,"{""inversion_rho"":null,""inversion_channel"":1.5,""period_ms"":null}"
194600,1,2207.9,2207.9,False,1.0,"{""inversion_rho"":null,""inversion_channel"":7.5,""period_ms"":28.100013732910156}"
194600,1,2260.7,2260.7,False,0.375,"{""inversion_rho"":null,""inversion_channel"":21.5,""period_ms"":28.100013732910156}"
194600,1,2286.9,2286.9,False,0.5,"{""inversion_rho"":null,""inversion_channel"":21.0,""period_ms"":28.100013732910156}"
194600,1,2315.0001,2315.0001,False,0.375,"{""inversion_rho"":null,""inversion_channel"":20.5,""period_ms"":28.100013732910156}"
194600,1,2325.4001,2325.4001,False,1.0,"{""inversion_rho"":null,""inversion_channel"":21.5,""period_ms"":null}"
194600,1,2346.4,2346.4,False,1.0,"{""inversion_rho"":null,""inversion_channel"":9.5,""period_ms"":null}"
194600,1,2410.5999,2410.5999,False,0.25,"{""inversion_rho"":null,""inversion_channel"":25.5,""period_ms"":14.699935913085938}"
194600,1,2426.3999,2426.3999,False,0.625,"{""inversion_rho"":null,""inversion_channel"":23.5,""period_ms"":14.699935913085938}"
194600,1,2446.7001,2446.7001,False,1.0,"{""inversion_rho"":null,""inversion_channel"":20.5,""period_ms"":14.699935913085938}"
194600,1,2460.3,2460.3,False,0.625,"{""inversion_rho"":null,""inversion_channel"":22.5,""period_ms"":14.699935913085938}"
194600,1,2470.2001,2470.2001,False,0.75,"{""inversion_rho"":null,""inversion_channel"":25.5,""period_ms"":14.699935913085938}"
194600,1,2495.6,2495.6,False,1.0,"{""inversion_rho"":null,""inversion_channel"":25.5,""period_ms"":17.05002784729004}"
194600,1,2509.5,2509.5,False,0.5,"{""inversion_rho"":null,""inversion_channel"":18.5,""period_ms"":17.05002784729004}"
194600,1,2529.7,2529.7,False,1.0,"{""inversion_rho"":null,""inversion_channel"":9.5,""period_ms"":17.05002784729004}"
194600,1,2611.5,2611.5,False,1.0,"{""inversion_rho"":null,""inversion_channel"":23.5,""period_ms"":null}"
194600,1,2679.1,2679.1,False,0.625,"{""inversion_rho"":null,""inversion_channel"":26.0,""period_ms"":null}"
194600,1,2692.1,2692.1,False,1.0,"{""inversion_rho"":null,""inversion_channel"":2.5,""period_ms"":23.099899291992188}"
194600,1,2715.1999,2715.1999,False,0.5,"{""inversion_rho"":null,""inversion_channel"":17.5,""period_ms"":23.099899291992188}"
194600,1,2726.5999,2726.5999,False,0.625,"{""inversion_rho"":null,""inversion_channel"":21.5,""period_ms"":23.099899291992188}"
194600,1,2752.8999,2752.8999,False,0.625,"{""inversion_rho"":null,""inversion_channel"":18.5,""period_ms"":23.099899291992188}"
194600,1,2771.3001,2771.3001,False,0.5,"{""inversion_rho"":null,""inversion_channel"":26.5,""period_ms"":23.099899291992188}"
194600,1,2796.2999,2796.2999,False,0.5,"{""inversion_rho"":null,""inversion_channel"":26.5,""period_ms"":23.099899291992188}"
194600,1,2801.5001,2801.5001,False,0.5,"{""inversion_rho"":null,""inversion_channel"":26.5,""period_ms"":null}"
194600,1,559.2,616.5,True,1.0,"{""inversion_rho"":null,""inversion_channel"":18.5,""period_ms"":18.700003623962402}"
194600,1,670.0,703.4,True,1.0,"{""inversion_rho"":null,""inversion_channel"":21.5,""period_ms"":16.699999570846558}"
194600,1,756.2,874.7,True,1.0,"{""inversion_rho"":null,""inversion_channel"":25.5,""period_ms"":18.700003623962402}"
194600,1,880.7,934.5,True,1.0,"{""inversion_rho"":null,""inversion_channel"":25.5,""period_ms"":18.700003623962402}"
194600,1,941.5,1801.7,True,1.0,"{""inversion_rho"":null,""inversion_channel"":27.0,""period_ms"":16.499996185302734}"
194600,1,1836.1,1920.0,True,1.0,"{""inversion_rho"":null,""inversion_channel"":27.5,""period_ms"":17.149925231933594}"
194600,1,1926.1,1952.1,True,1.0,"{""inversion_rho"":null,""inversion_channel"":28.5,""period_ms"":5.450010299682617}"
194600,1,2039.7,2158.2,True,1.0,"{""inversion_rho"":null,""inversion_channel"":21.5,""period_ms"":59.24999713897705}"
194600,1,2207.9,2315.0001,True,1.0,"{""inversion_rho"":null,""inversion_channel"":20.75,""period_ms"":28.100013732910156}"
194600,1,2410.5999,2470.2001,True,1.0,"{""inversion_rho"":null,""inversion_channel"":23.5,""period_ms"":14.699935913085938}"
194600,1,2495.6,2529.7,True,1.0,"{""inversion_rho"":null,""inversion_channel"":18.5,""period_ms"":17.05002784729004}"
194600,1,2692.1,2796.2999,True,1.0,"{""inversion_rho"":null,""inversion_channel"":20.0,""period_ms"":23.099899291992188}"
