shot,category,t_start,t_end,crowd,confidence,attrs
204144,1,2839.7,2839.7,False,0.75,"{""inversion_rho"":null,""inversion_channel"":11.5,""period_ms"":18.30005645751953}"
204144,1,2851.3,2851.3,False,0.75,"{""inversion_rho"":null,""inversion_channel"":10.0,""period_ms"":18.30005645751953}"
204144,1,2869.6001,2869.6001,False,1.0,"{""inversion_rho"":null,""inversion_channel"":9.5,""period_ms"":18.30005645751953}"
204144,1,2888.2999,2888.2999,False,0.75,"{""inversion_rho"":null,""inversion_channel"":8.5,""period_ms"":18.30005645751953}"
204144,1,2906.1,2906.1,False,0.5,"{""inversion_rho"":null,""inversion_channel"":9.0,""period_ms"":18.30005645751953}"
204144,1,2948.9999,2948.9999,False,1.0,"{""inversion_rho"":null,""inversion_channel"":25.5,""period_ms"":18.30005645751953}"
204144,1,2954.0,2954.0,False,0.375,"{""inversion_rho"":null,""inversion_channel"":11.0,""period_ms"":24.60002899169922}"
204144,1,2983.4001,2983.4001,False,0.875,"{""inversion_rho"":null,""inversion_channel"":8.5,""period_ms"":24.60002899169922}"
204144,1,3003.2001,3003.2001,False,0.625,"{""inversion_rho"":null,""inversion_channel"":7.5,""period_ms"":24.60002899169922}"
204144,1,3010.2999,3010.2999,False,1.0,"{""inversion_rho"":null,""inversion_channel"":24.5,""period_ms"":null}"
204144,1,3021.6999,3021.6999,False,0.5,"{""inversion_rho"":null,""inversion_channel"":9.5,""period_ms"":null}"
204144,1,3070.6,3070.6,False,0.875,"{""inversion_rho"":null,""inversion_channel"":23.0,""period_ms"":35.700082778930664}"
204144,1,3085.7999,3085.7999,False,0.75,"{""inversion_rho"":null,""inversion_channel"":13.5,""period_ms"":35.700082778930664}"
204144,1,3123.4,3123.4,False,0.625,"{""inversion_rho"":null,""inversion_channel"":22.5,""period_ms"":35.700082778930664}"
204144,1,3159.1001,3159.1001,False,0.375,"{""inversion_rho"":null,""inversion_channel"":23.0,""period_ms"":35.700082778930664}"
204144,1,3165.8001,3165.8001,False,1.0,"{""inversion_rho"":null,""inversion_channel"":24.0,""period_ms"":8.899927139282227}"
204144,1,3178.1001,3178.1001,False,0.5,"{""inversion_rho"":null,""inversion_channel"":27.5,""period_ms"":8.899927139282227}"
204144,1,3184.6001,3184.6001,False,0.5,"{""inversion_rho"":null,""inversion_channel"":24.5,""period_ms"":8.899927139282227}"
204144,1,3193.5,3193.5,False,0.5,"{""inversion_rho"":null,""inversion_channel"":10.0,""period_ms"":8.899927139282227}"
204144,1,3240.5,3240.5,False,1.0,"{""inversion_rho"":null,""inversion_channel"":8.5,""period_ms"":19.20008659362793}"
204144,1,3258.1999,3258.1999,False,0.5,"{""inversion_rho"":null,""inversion_channel"":13.0,""period_ms"":19.20008659362793}"
204144,1,3278.1,3278.1,False,0.375,"{""inversion_rho"":null,""inversion_channel"":8.5,""period_ms"":19.20008659362793}"
204144,1,3297.3001,3297.3001,False,0.5,"{""inversion_rho"":null,""inversion_channel"":43.0,""period_ms"":19.20008659362793}"
204144,1,3303.8001,3303.8001,False,1.0,"{""inversion_rho"":null,""inversion_channel"":24.5,""period_ms"":null}"
204144,1,5126.9999,5126.9999,False,0.25,"{""inversion_rho"":null,""inversion_channel"":21.0,""period_ms"":32.09972381591797}"
204144,1,5162.7002,5162.7002,False,0.875,"{""inversion_rho"":null,""inversion_channel"":37.5,""period_ms"":32.09972381591797}"
204144,1,5194.7999,5194.7999,False,0.375,"{""inversion_rho"":null,""inversion_channel"":23.5,""period_ms"":32.09972381591797}"
204144,1,5221.7002,5221.7002,False,0.75,"{""inversion_rho"":null,""inversion_channel"":37.5,""period_ms"":32.09972381591797}"
204144,1,5292.5,5292.5,False,1.0,"{""inversion_rho"":null,""inversion_channel"":32.5,""period_ms"":30.300140380859375}"
204144,1,5302.1002,5302.1002,False,0.25,"{""inversion_rho"":null,""inversion_channel"":27.5,""period_ms"":30.300140380859375}"
204144,1,5320.7002,5320.7002,False,0.875,"{""inversion_rho"":null,""inversion_channel"":26.5,""period_ms"":30.300140380859375}"
204144,1,5354.8999,5354.8999,False,1.0,"{""inversion_rho"":null,""inversion_channel"":28.5,""period_ms"":30.300140380859375}"
204144,1,5388.1998,5388.1998,False,1.0,"{""inversion_rho"":null,""inversion_channel"":22.5,""period_ms"":30.300140380859375}"
204144,1,5448.1001,5448.1001,False,1.0,"{""inversion_rho"":null,""inversion_channel"":36.5,""period_ms"":30.300140380859375}"
204144,1,5487.7,5487.7,False,1.0,"{""inversion_rho"":null,""inversion_channel"":36.5,""period_ms"":30.300140380859375}"
204144,1,5520.2999,5520.2999,False,0.75,"{""inversion_rho"":null,""inversion_channel"":30.5,""period_ms"":30.300140380859375}"
204144,1,5550.4999,5550.4999,False,0.75,"{""inversion_rho"":null,""inversion_channel"":19.0,""period_ms"":30.300140380859375}"
204144,1,5580.9002,5580.9002,False,1.0,"{""inversion_rho"":null,""inversion_channel"":18.5,""period_ms"":30.300140380859375}"
204144,1,5610.7998,5610.7998,False,1.0,"{""inversion_rho"":null,""inversion_channel"":33.5,""period_ms"":30.300140380859375}"
204144,1,5635.6001,5635.6001,False,0.625,"{""inversion_rho"":null,""inversion_channel"":32.0,""period_ms"":30.300140380859375}"
204144,1,5658.2999,5658.2999,False,1.0,"{""inversion_rho"":null,""inversion_channel"":30.0,""period_ms"":30.300140380859375}"
204144,1,5680.2001,5680.2001,False,1.0,"{""inversion_rho"":null,""inversion_channel"":30.0,""period_ms"":30.300140380859375}"
204144,1,5723.8998,5723.8998,False,0.5,"{""inversion_rho"":null,""inversion_channel"":30.5,""period_ms"":30.300140380859375}"
204144,1,5739.2998,5739.2998,False,0.25,"{""inversion_rho"":null,""inversion_channel"":22.5,""period_ms"":null}"
204144,1,5783.0,5783.0,False,0.625,"{""inversion_rho"":null,""inversion_channel"":17.5,""period_ms"":null}"
204144,1,2266.4001,2345.7999,True,1.0,"{""inversion_rho"":null,""inversion_channel"":23.5,""period_ms"":21.600008010864258}"
204144,1,2444.0999,2458.2,True,1.0,"{""inversion_rho"":null,""inversion_channel"":28.5,""period_ms"":7.050037384033203}"
204144,1,2483.7,2517.0,True,1.0,"{""inversion_rho"":null,""inversion_channel"":27.5,""period_ms"":16.649961471557617}"
204144,1,2522.7001,2552.5999,True,1.0,"{""inversion_rho"":null,""inversion_channel"":19.5,""period_ms"":7.6999664306640625}"
204144,1,2700.9001,2753.5,True,1.0,"{""inversion_rho"":null,""inversion_channel"":11.0,""period_ms"":13.700008392333984}"
204144,1,2839.7,2948.9999,True,1.0,"{""inversion_rho"":null,""inversion_channel"":9.75,""period_ms"":18.30005645751953}"
204144,1,2954.0,3003.2001,True,1.0,"{""inversion_rho"":null,""inversion_channel"":8.5,""period_ms"":24.60002899169922}"
204144,1,3070.6,3159.1001,True,1.0,"{""inversion_rho"":null,""inversion_channel"":22.75,""period_ms"":35.700082778930664}"
204144,1,3165.8001,3193.5,True,1.0,"{""inversion_rho"":null,""inversion_channel"":24.25,""period_ms"":8.899927139282227}"
204144,1,3240.5,3297.3001,True,1.0,"{""inversion_rho"":null,""inversion_channel"":10.75,""period_ms"":19.20008659362793}"
204144,1,5126.9999,5221.7002,True,1.0,"{""inversion_rho"":null,""inversion_channel"":30.5,""period_ms"":32.09972381591797}"
204144,1,5292.5,5723.8998,True,1.0,"{""inversion_rho"":null,""inversion_channel"":30.0,""period_ms"":30.300140380859375}"
204225,1,58.0,58.0,False,0.25,"{""inversion_rho"":null,""inversion_channel"":7.0,""period_ms"":14.800004661083221}"
204225,1,69.0,69.0,False,1.0,"{""inversion_rho"":null,""inversion_channel"":9.5,""period_ms"":14.800004661083221}"
204225,1,84.0,84.0,False,1.0,"{""inversion_rho"":null,""inversion_channel"":12.5,""period_ms"":14.800004661083221}"
204225,1,98.8,98.8,False,0.75,"{""inversion_rho"":null,""inversion_channel"":40.5,""period_ms"":14.800004661083221}"
204225,1,3659.4,3659.4,False,1.0,"{""inversion_rho"":null,""inversion_channel"":24.5,""period_ms"":65.25003910064697}"
204225,1,3739.5999,3739.5999,False,1.0,"{""inversion_rho"":null,""inversion_channel"":23.5,""period_ms"":65.25003910064697}"
204225,1,3789.9001,3789.9001,False,1.0,"{""inversion_rho"":null,""inversion_channel"":22.5,""period_ms"":65.25003910064697}"
204225,1,58.0,98.8,True,1.0,"{""inversion_rho"":null,""inversion_channel"":11.0,""period_ms"":14.800004661083221}"
204225,1,3659.4,3789.9001,True,1.0,"{""inversion_rho"":null,""inversion_channel"":23.5,""period_ms"":65.25003910064697}"
204232,1,88.0,88.0,False,1.0,"{""inversion_rho"":null,""inversion_channel"":12.0,""period_ms"":null}"
204232,1,3401.0,3401.0,False,1.0,"{""inversion_rho"":null,""inversion_channel"":22.5,""period_ms"":147.44997024536133}"
204232,1,3552.0,3552.0,False,1.0,"{""inversion_rho"":null,""inversion_channel"":22.5,""period_ms"":147.44997024536133}"
204232,1,3696.3,3696.3,False,1.0,"{""inversion_rho"":null,""inversion_channel"":22.5,""period_ms"":147.44997024536133}"
204232,1,3846.9,3846.9,False,1.0,"{""inversion_rho"":null,""inversion_channel"":22.5,""period_ms"":147.44997024536133}"
204232,1,3975.1,3975.1,False,1.0,"{""inversion_rho"":null,""inversion_channel"":23.5,""period_ms"":147.44997024536133}"
204232,1,4000.8001,4000.8001,False,1.0,"{""inversion_rho"":null,""inversion_channel"":22.5,""period_ms"":24.700164794921875}"
204232,1,4141.6001,4141.6001,False,1.0,"{""inversion_rho"":null,""inversion_channel"":20.5,""period_ms"":24.700164794921875}"
204232,1,4198.2999,4198.2999,False,1.0,"{""inversion_rho"":null,""inversion_channel"":23.0,""period_ms"":24.700164794921875}"
204232,1,4233.9001,4233.9001,False,1.0,"{""inversion_rho"":null,""inversion_channel"":22.5,""period_ms"":24.700164794921875}"
204232,1,4265.9998,4265.9998,False,1.0,"{""inversion_rho"":null,""inversion_channel"":21.5,""period_ms"":24.700164794921875}"
204232,1,4296.2999,4296.2999,False,1.0,"{""inversion_rho"":null,""inversion_channel"":20.0,""period_ms"":24.700164794921875}"
204232,1,4321.0001,4321.0001,False,1.0,"{""inversion_rho"":null,""inversion_channel"":20.0,""period_ms"":24.700164794921875}"
204232,1,4343.9002,4343.9002,False,1.0,"{""inversion_rho"":null,""inversion_channel"":32.5,""period_ms"":24.700164794921875}"
204232,1,4363.6999,4363.6999,False,1.0,"{""inversion_rho"":null,""inversion_channel"":32.5,""period_ms"":24.700164794921875}"
204232,1,4385.3998,4385.3998,False,1.0,"{""inversion_rho"":null,""inversion_channel"":31.5,""period_ms"":24.700164794921875}"
204232,1,4405.0999,4405.0999,False,1.0,"{""inversion_rho"":null,""inversion_channel"":30.5,""period_ms"":24.700164794921875}"
204232,1,4423.9998,4423.9998,False,0.875,"{""inversion_rho"":null,""inversion_channel"":31.0,""period_ms"":24.700164794921875}"
204232,1,4479.7001,4479.7001,False,0.5,"{""inversion_rho"":null,""inversion_channel"":11.0,""period_ms"":null}"
204232,1,3401.0,3975.1,True,1.0,"{""inversion_rho"":null,""inversion_channel"":22.5,""period_ms"":147.44997024536133}"
204232,1,4000.8001,4423.9998,True,1.0,"{""inversion_rho"":null,""inversion_channel"":22.75,""period_ms"":24.700164794921875}"
204233,1,50.3,50.3,False,0.25,"{""inversion_rho"":null,""inversion_channel"":7.5,""period_ms"":11.500000953674316}"
204233,1,55.5,55.5,False,0.25,"{""inversion_rho"":null,""inversion_channel"":9.5,""period_ms"":11.500000953674316}"
204233,1,67.0,67.0,False,1.0,"{""inversion_rho"":null,""inversion_channel"":39.5,""period_ms"":11.500000953674316}"
204233,1,87.5,87.5,False,1.0,"{""inversion_rho"":null,""inversion_channel"":11.5,""period_ms"":11.500000953674316}"
204233,1,2884.9001,2884.9001,False,1.0,"{""inversion_rho"":null,""inversion_channel"":27.5,""period_ms"":null}"
204233,1,2917.1,2917.1,False,1.0,"{""inversion_rho"":null,""inversion_channel"":37.5,""period_ms"":null}"
204233,1,3279.9001,3279.9001,False,1.0,"{""inversion_rho"":null,""inversion_channel"":27.5,""period_ms"":null}"
204233,1,3351.8,3351.8,False,1.0,"{""inversion_rho"":null,""inversion_channel"":28.0,""period_ms"":null}"
204233,1,3363.1001,3363.1001,False,0.625,"{""inversion_rho"":null,""inversion_channel"":27.5,""period_ms"":20.69997787475586}"
204233,1,3374.3999,3374.3999,False,0.625,"{""inversion_rho"":null,""inversion_channel"":27.5,""period_ms"":20.69997787475586}"
204233,1,3389.2,3389.2,False,1.0,"{""inversion_rho"":null,""inversion_channel"":28.0,""period_ms"":20.69997787475586}"
204233,1,3405.9999,3405.9999,False,0.25,"{""inversion_rho"":null,""inversion_channel"":26.5,""period_ms"":20.69997787475586}"
204233,1,3425.4,3425.4,False,1.0,"{""inversion_rho"":null,""inversion_channel"":27.5,""period_ms"":20.69997787475586}"
204233,1,3446.1,3446.1,False,1.0,"{""inversion_rho"":null,""inversion_channel"":27.5,""period_ms"":20.69997787475586}"
204233,1,3468.1001,3468.1001,False,1.0,"{""inversion_rho"":null,""inversion_channel"":27.5,""period_ms"":20.69997787475586}"
204233,1,3493.5,3493.5,False,1.0,"{""inversion_rho"":null,""inversion_channel"":25.5,""period_ms"":20.69997787475586}"
204233,1,3530.0,3530.0,False,1.0,"{""inversion_rho"":null,""inversion_channel"":25.5,""period_ms"":20.69997787475586}"
204233,1,3576.1001,3576.1001,False,1.0,"{""inversion_rho"":null,""inversion_channel"":25.5,""period_ms"":20.69997787475586}"
204233,1,4058.7001,4058.7001,False,1.0,"{""inversion_rho"":null,""inversion_channel"":26.5,""period_ms"":null}"
204233,1,4082.0999,4082.0999,False,1.0,"{""inversion_rho"":null,""inversion_channel"":24.5,""period_ms"":null}"
204233,1,4158.8001,4158.8001,False,1.0,"{""inversion_rho"":null,""inversion_channel"":25.5,""period_ms"":19.39988136291504}"
204233,1,4177.1998,4177.1998,False,0.625,"{""inversion_rho"":null,""inversion_channel"":25.5,""period_ms"":19.39988136291504}"
204233,1,4203.4001,4203.4001,False,1.0,"{""inversion_rho"":null,""inversion_channel"":23.5,""period_ms"":19.39988136291504}"
204233,1,4229.0001,4229.0001,False,1.0,"{""inversion_rho"":null,""inversion_channel"":25.5,""period_ms"":19.39988136291504}"
204233,1,4249.4001,4249.4001,False,1.0,"{""inversion_rho"":null,""inversion_channel"":25.0,""period_ms"":19.39988136291504}"
204233,1,4266.6998,4266.6998,False,1.0,"{""inversion_rho"":null,""inversion_channel"":24.5,""period_ms"":19.39988136291504}"
204233,1,4281.7998,4281.7998,False,1.0,"{""inversion_rho"":null,""inversion_channel"":23.5,""period_ms"":19.39988136291504}"
204233,1,4391.7999,4391.7999,False,1.0,"{""inversion_rho"":null,""inversion_channel"":20.5,""period_ms"":null}"
204233,1,4413.0001,4413.0001,False,1.0,"{""inversion_rho"":null,""inversion_channel"":21.0,""period_ms"":null}"
204233,1,4501.9002,4501.9002,False,1.0,"{""inversion_rho"":null,""inversion_channel"":22.0,""period_ms"":11.499881744384766}"
204233,1,4513.4001,4513.4001,False,1.0,"{""inversion_rho"":null,""inversion_channel"":21.5,""period_ms"":11.499881744384766}"
204233,1,4524.4999,4524.4999,False,1.0,"{""inversion_rho"":null,""inversion_channel"":21.5,""period_ms"":11.499881744384766}"
204233,1,4536.6998,4536.6998,False,1.0,"{""inversion_rho"":null,""inversion_channel"":21.5,""period_ms"":11.499881744384766}"
204233,1,4586.9999,4586.9999,False,1.0,"{""inversion_rho"":null,""inversion_channel"":20.5,""period_ms"":13.049840927124023}"
204233,1,4599.8001,4599.8001,False,0.625,"{""inversion_rho"":null,""inversion_channel"":21.0,""period_ms"":13.049840927124023}"
204233,1,4612.8998,4612.8998,False,1.0,"{""inversion_rho"":null,""inversion_channel"":20.5,""period_ms"":13.049840927124023}"
204233,1,4626.2002,4626.2002,False,1.0,"{""inversion_rho"":null,""inversion_channel"":20.0,""period_ms"":13.049840927124023}"
204233,1,4639.2999,4639.2999,False,1.0,"{""inversion_rho"":null,""inversion_channel"":19.5,""period_ms"":13.049840927124023}"
204233,1,4652.2999,4652.2999,False,1.0,"{""inversion_rho"":null,""inversion_channel"":19.0,""period_ms"":13.049840927124023}"
204233,1,4665.5002,4665.5002,False,1.0,"{""inversion_rho"":null,""inversion_channel"":19.0,""period_ms"":13.049840927124023}"
204233,1,4678.1998,4678.1998,False,1.0,"{""inversion_rho"":null,""inversion_channel"":19.0,""period_ms"":13.049840927124023}"
204233,1,4704.8998,4704.8998,False,1.0,"{""inversion_rho"":null,""inversion_channel"":17.5,""period_ms"":13.049840927124023}"
204233,1,4717.8001,4717.8001,False,1.0,"{""inversion_rho"":null,""inversion_channel"":18.5,""period_ms"":13.049840927124023}"
204233,1,4730.5999,4730.5999,False,1.0,"{""inversion_rho"":null,""inversion_channel"":18.5,""period_ms"":13.049840927124023}"
204233,1,4769.4998,4769.4998,False,1.0,"{""inversion_rho"":null,""inversion_channel"":17.5,""period_ms"":13.100147247314453}"
204233,1,4782.5999,4782.5999,False,1.0,"{""inversion_rho"":null,""inversion_channel"":17.0,""period_ms"":13.100147247314453}"
204233,1,4795.8999,4795.8999,False,1.0,"{""inversion_rho"":null,""inversion_channel"":17.0,""period_ms"":13.100147247314453}"
204233,1,4809.0,4809.0,False,1.0,"{""inversion_rho"":null,""inversion_channel"":17.0,""period_ms"":13.100147247314453}"
204233,1,4822.1998,4822.1998,False,1.0,"{""inversion_rho"":null,""inversion_channel"":16.5,""period_ms"":13.100147247314453}"
204233,1,4835.4001,4835.4001,False,1.0,"{""inversion_rho"":null,""inversion_channel"":16.5,""period_ms"":13.100147247314453}"
204233,1,4848.5999,4848.5999,False,1.0,"{""inversion_rho"":null,""inversion_channel"":15.5,""period_ms"":13.100147247314453}"
204233,1,4861.4001,4861.4001,False,1.0,"{""inversion_rho"":null,""inversion_channel"":15.5,""period_ms"":13.100147247314453}"
204233,1,4874.3,4874.3,False,1.0,"{""inversion_rho"":null,""inversion_channel"":15.5,""period_ms"":13.100147247314453}"
204233,1,4887.7001,4887.7001,False,1.0,"{""inversion_rho"":null,""inversion_channel"":27.5,""period_ms"":13.100147247314453}"
204233,1,4901.0,4901.0,False,1.0,"{""inversion_rho"":null,""inversion_channel"":27.5,""period_ms"":13.100147247314453}"
204233,1,4913.8999,4913.8999,False,1.0,"{""inversion_rho"":null,""inversion_channel"":27.5,""period_ms"":13.100147247314453}"
204233,1,4927.4998,4927.4998,False,1.0,"{""inversion_rho"":null,""inversion_channel"":27.5,""period_ms"":13.100147247314453}"
204233,1,4940.8002,4940.8002,False,1.0,"{""inversion_rho"":null,""inversion_channel"":27.5,""period_ms"":13.100147247314453}"
204233,1,4954.1001,4954.1001,False,1.0,"{""inversion_rho"":null,""inversion_channel"":27.5,""period_ms"":13.100147247314453}"
204233,1,4967.1001,4967.1001,False,1.0,"{""inversion_rho"":null,""inversion_channel"":27.5,""period_ms"":13.100147247314453}"
204233,1,4979.8999,4979.8999,False,1.0,"{""inversion_rho"":null,""inversion_channel"":27.5,""period_ms"":13.100147247314453}"
204233,1,4993.0,4993.0,False,1.0,"{""inversion_rho"":null,""inversion_channel"":27.5,""period_ms"":13.100147247314453}"
204233,1,5006.1998,5006.1998,False,1.0,"{""inversion_rho"":null,""inversion_channel"":26.0,""period_ms"":13.100147247314453}"
204233,1,5019.4001,5019.4001,False,1.0,"{""inversion_rho"":null,""inversion_channel"":25.0,""period_ms"":13.100147247314453}"
204233,1,5032.4001,5032.4001,False,1.0,"{""inversion_rho"":null,""inversion_channel"":24.5,""period_ms"":13.100147247314453}"
204233,1,5045.3,5045.3,False,1.0,"{""inversion_rho"":null,""inversion_channel"":24.5,""period_ms"":13.100147247314453}"
204233,1,5058.4002,5058.4002,False,1.0,"{""inversion_rho"":null,""inversion_channel"":24.5,""period_ms"":13.100147247314453}"
204233,1,5071.8002,5071.8002,False,1.0,"{""inversion_rho"":null,""inversion_channel"":24.5,""period_ms"":13.100147247314453}"
204233,1,5084.4998,5084.4998,False,1.0,"{""inversion_rho"":null,""inversion_channel"":24.0,""period_ms"":13.100147247314453}"
204233,1,5097.3001,5097.3001,False,1.0,"{""inversion_rho"":null,""inversion_channel"":23.5,""period_ms"":13.100147247314453}"
204233,1,50.3,87.5,True,1.0,"{""inversion_rho"":null,""inversion_channel"":10.5,""period_ms"":11.500000953674316}"
204233,1,3363.1001,3576.1001,True,1.0,"{""inversion_rho"":null,""inversion_channel"":27.5,""period_ms"":20.69997787475586}"
204233,1,4158.8001,4281.7998,True,1.0,"{""inversion_rho"":null,""inversion_channel"":25.0,""period_ms"":19.39988136291504}"
204233,1,4501.9002,4536.6998,True,1.0,"{""inversion_rho"":null,""inversion_channel"":21.5,""period_ms"":11.499881744384766}"
204233,1,4586.9999,4730.5999,True,1.0,"{""inversion_rho"":null,""inversion_channel"":19.0,""period_ms"":13.049840927124023}"
204233,1,4769.4998,5097.3001,True,1.0,"{""inversion_rho"":null,""inversion_channel"":24.5,""period_ms"":13.100147247314453}"
204237,1,61.8,61.8,False,1.0,"{""inversion_rho"":null,""inversion_channel"":39.5,""period_ms"":8.800001814961433}"
204237,1,67.0,67.0,False,0.375,"{""inversion_rho"":null,""inversion_channel"":5.0,""period_ms"":8.800001814961433}"
204237,1,79.4,79.4,False,0.875,"{""inversion_rho"":null,""inversion_channel"":10.5,""period_ms"":8.800001814961433}"
204237,1,3671.2,3671.2,False,1.0,"{""inversion_rho"":null,""inversion_channel"":24.5,""period_ms"":18.900156021118164}"
204237,1,3696.5001,3696.5001,False,1.0,"{""inversion_rho"":null,""inversion_channel"":23.5,""period_ms"":18.900156021118164}"
204237,1,3721.0,3721.0,False,1.0,"{""inversion_rho"":null,""inversion_channel"":24.5,""period_ms"":18.900156021118164}"
204237,1,3739.9001,3739.9001,False,1.0,"{""inversion_rho"":null,""inversion_channel"":23.0,""period_ms"":18.900156021118164}"
204237,1,3760.6001,3760.6001,False,1.0,"{""inversion_rho"":null,""inversion_channel"":22.5,""period_ms"":18.900156021118164}"
204237,1,3777.9,3777.9,False,1.0,"{""inversion_rho"":null,""inversion_channel"":22.5,""period_ms"":18.900156021118164}"
204237,1,3792.7001,3792.7001,False,1.0,"{""inversion_rho"":null,""inversion_channel"":21.5,""period_ms"":18.900156021118164}"
204237,1,3808.3,3808.3,False,1.0,"{""inversion_rho"":null,""inversion_channel"":21.5,""period_ms"":18.900156021118164}"
204237,1,61.8,79.4,True,1.0,"{""inversion_rho"":null,""inversion_channel"":10.5,""period_ms"":8.800001814961433}"
204237,1,3671.2,3808.3,True,1.0,"{""inversion_rho"":null,""inversion_channel"":22.75,""period_ms"":18.900156021118164}"
204238,1,55.8,55.8,False,0.25,"{""inversion_rho"":null,""inversion_channel"":9.5,""period_ms"":7.200002670288086}"
204238,1,63.0,63.0,False,1.0,"{""inversion_rho"":null,""inversion_channel"":38.5,""period_ms"":7.200002670288086}"
204238,1,68.3,68.3,False,0.5,"{""inversion_rho"":null,""inversion_channel"":39.5,""period_ms"":7.200002670288086}"
204238,1,79.6,79.6,False,1.0,"{""inversion_rho"":null,""inversion_channel"":10.5,""period_ms"":7.200002670288086}"
204238,1,3635.6001,3635.6001,False,1.0,"{""inversion_rho"":null,""inversion_channel"":24.5,""period_ms"":34.24990177154541}"
204238,1,3670.2001,3670.2001,False,1.0,"{""inversion_rho"":null,""inversion_channel"":24.0,""period_ms"":34.24990177154541}"
204238,1,3704.0999,3704.0999,False,1.0,"{""inversion_rho"":null,""inversion_channel"":22.5,""period_ms"":34.24990177154541}"
204238,1,3737.4001,3737.4001,False,1.0,"{""inversion_rho"":null,""inversion_channel"":22.5,""period_ms"":34.24990177154541}"
204238,1,3775.3999,3775.3999,False,1.0,"{""inversion_rho"":null,""inversion_channel"":21.5,""period_ms"":34.24990177154541}"
204238,1,55.8,79.6,True,1.0,"{""inversion_rho"":null,""inversion_channel"":24.5,""period_ms"":7.200002670288086}"
204238,1,3635.6001,3775.3999,True,1.0,"{""inversion_rho"":null,""inversion_channel"":22.5,""period_ms"":34.24990177154541}"
204240,1,71.7,71.7,False,1.0,"{""inversion_rho"":null,""inversion_channel"":39.5,""period_ms"":null}"
204240,1,3612.0,3612.0,False,1.0,"{""inversion_rho"":null,""inversion_channel"":26.0,""period_ms"":38.500070571899414}"
204240,1,3648.5,3648.5,False,1.0,"{""inversion_rho"":null,""inversion_channel"":25.5,""period_ms"":38.500070571899414}"
204240,1,3681.2,3681.2,False,1.0,"{""inversion_rho"":null,""inversion_channel"":25.5,""period_ms"":38.500070571899414}"
204240,1,3719.7001,3719.7001,False,1.0,"{""inversion_rho"":null,""inversion_channel"":24.0,""period_ms"":38.500070571899414}"
204240,1,3763.2,3763.2,False,1.0,"{""inversion_rho"":null,""inversion_channel"":22.0,""period_ms"":38.500070571899414}"
204240,1,3802.7,3802.7,False,1.0,"{""inversion_rho"":null,""inversion_channel"":20.5,""period_ms"":38.500070571899414}"
204240,1,3612.0,3802.7,True,1.0,"{""inversion_rho"":null,""inversion_channel"":24.75,""period_ms"":38.500070571899414}"
204242,1,68.1,68.1,False,0.5,"{""inversion_rho"":null,""inversion_channel"":7.0,""period_ms"":null}"
204242,1,122.7,122.7,False,1.0,"{""inversion_rho"":null,""inversion_channel"":36.5,""period_ms"":null}"
204242,1,3680.8,3680.8,False,1.0,"{""inversion_rho"":null,""inversion_channel"":28.5,""period_ms"":33.749938011169434}"
204242,1,3728.3001,3728.3001,False,1.0,"{""inversion_rho"":null,""inversion_channel"":27.5,""period_ms"":33.749938011169434}"
204242,1,3773.2,3773.2,False,1.0,"{""inversion_rho"":null,""inversion_channel"":24.5,""period_ms"":33.749938011169434}"
204242,1,3814.8,3814.8,False,1.0,"{""inversion_rho"":null,""inversion_channel"":23.5,""period_ms"":33.749938011169434}"
204242,1,3840.6999,3840.6999,False,1.0,"{""inversion_rho"":null,""inversion_channel"":34.5,""period_ms"":33.749938011169434}"
204242,1,3858.7,3858.7,False,1.0,"{""inversion_rho"":null,""inversion_channel"":34.5,""period_ms"":33.749938011169434}"
204242,1,3874.7001,3874.7001,False,1.0,"{""inversion_rho"":null,""inversion_channel"":34.5,""period_ms"":33.749938011169434}"
204242,1,3950.7999,3950.7999,False,0.625,"{""inversion_rho"":null,""inversion_channel"":34.0,""period_ms"":null}"
204242,1,3680.8,3874.7001,True,1.0,"{""inversion_rho"":null,""inversion_channel"":28.5,""period_ms"":33.749938011169434}"
204243,1,76.4,76.4,False,1.0,"{""inversion_rho"":null,""inversion_channel"":39.5,""period_ms"":27.649998664855957}"
204243,1,96.4,96.4,False,0.875,"{""inversion_rho"":null,""inversion_channel"":10.0,""period_ms"":27.649998664855957}"
204243,1,131.7,131.7,False,0.25,"{""inversion_rho"":null,""inversion_channel"":40.5,""period_ms"":27.649998664855957}"
204243,1,3542.1,3542.1,False,1.0,"{""inversion_rho"":null,""inversion_channel"":13.5,""period_ms"":null}"
204243,1,3867.7001,3867.7001,False,1.0,"{""inversion_rho"":null,""inversion_channel"":34.0,""period_ms"":14.90020751953125}"
204243,1,3886.4999,3886.4999,False,1.0,"{""inversion_rho"":null,""inversion_channel"":34.5,""period_ms"":14.90020751953125}"
204243,1,3901.4001,3901.4001,False,1.0,"{""inversion_rho"":null,""inversion_channel"":26.0,""period_ms"":14.90020751953125}"
204243,1,3914.7999,3914.7999,False,1.0,"{""inversion_rho"":null,""inversion_channel"":26.5,""period_ms"":14.90020751953125}"
204243,1,4090.0998,4090.0998,False,1.0,"{""inversion_rho"":null,""inversion_channel"":31.5,""period_ms"":14.600038528442383}"
204243,1,4101.6998,4101.6998,False,0.875,"{""inversion_rho"":null,""inversion_channel"":24.0,""period_ms"":14.600038528442383}"
204243,1,4119.2999,4119.2999,False,1.0,"{""inversion_rho"":null,""inversion_channel"":23.5,""period_ms"":14.600038528442383}"
204243,1,4125.8001,4125.8001,False,0.625,"{""inversion_rho"":null,""inversion_channel"":25.0,""period_ms"":5.699872970581055}"
204243,1,4131.4998,4131.4998,False,1.0,"{""inversion_rho"":null,""inversion_channel"":23.5,""period_ms"":5.699872970581055}"
204243,1,4137.1999,4137.1999,False,0.875,"{""inversion_rho"":null,""inversion_channel"":23.5,""period_ms"":5.699872970581055}"
204243,1,4148.7002,4148.7002,False,1.0,"{""inversion_rho"":null,""inversion_channel"":32.0,""period_ms"":5.699872970581055}"
204243,1,4154.2001,4154.2001,False,1.0,"{""inversion_rho"":null,""inversion_channel"":23.5,""period_ms"":5.699872970581055}"
204243,1,76.4,131.7,True,1.0,"{""inversion_rho"":null,""inversion_channel"":39.5,""period_ms"":27.649998664855957}"
204243,1,3867.7001,3914.7999,True,1.0,"{""inversion_rho"":null,""inversion_channel"":30.25,""period_ms"":14.90020751953125}"
204243,1,4090.0998,4119.2999,True,1.0,"{""inversion_rho"":null,""inversion_channel"":24.0,""period_ms"":14.600038528442383}"
204243,1,4125.8001,4154.2001,True,1.0,"{""inversion_rho"":null,""inversion_channel"":23.5,""period_ms"":5.699872970581055}"
204244,1,66.1,66.1,False,0.375,"{""inversion_rho"":null,""inversion_channel"":39.5,""period_ms"":null}"
204244,1,3886.2,3886.2,False,1.0,"{""inversion_rho"":null,""inversion_channel"":27.5,""period_ms"":11.500000953674316}"
204244,1,3901.3,3901.3,False,1.0,"{""inversion_rho"":null,""inversion_channel"":27.5,""period_ms"":11.500000953674316}"
204244,1,3913.7001,3913.7001,False,1.0,"{""inversion_rho"":null,""inversion_channel"":27.5,""period_ms"":11.500000953674316}"
204244,1,3925.4999,3925.4999,False,0.5,"{""inversion_rho"":null,""inversion_channel"":28.0,""period_ms"":11.500000953674316}"
204244,1,3936.7001,3936.7001,False,1.0,"{""inversion_rho"":null,""inversion_channel"":28.0,""period_ms"":11.500000953674316}"
204244,1,3947.7999,3947.7999,False,1.0,"{""inversion_rho"":null,""inversion_channel"":27.5,""period_ms"":11.500000953674316}"
204244,1,3958.4999,3958.4999,False,1.0,"{""inversion_rho"":null,""inversion_channel"":27.5,""period_ms"":11.500000953674316}"
204244,1,4045.3,4045.3,False,0.75,"{""inversion_rho"":null,""inversion_channel"":27.5,""period_ms"":12.499809265136719}"
204244,1,4051.6,4051.6,False,0.875,"{""inversion_rho"":null,""inversion_channel"":25.5,""period_ms"":12.499809265136719}"
204244,1,4064.0998,4064.0998,False,1.0,"{""inversion_rho"":null,""inversion_channel"":27.5,""period_ms"":12.499809265136719}"
204244,1,4082.6001,4082.6001,False,1.0,"{""inversion_rho"":null,""inversion_channel"":31.5,""period_ms"":12.499809265136719}"
204244,1,4089.0002,4089.0002,False,1.0,"{""inversion_rho"":null,""inversion_channel"":31.5,""period_ms"":6.000041961669922}"
204244,1,4100.9998,4100.9998,False,1.0,"{""inversion_rho"":null,""inversion_channel"":23.0,""period_ms"":6.000041961669922}"
204244,1,4106.9999,4106.9999,False,1.0,"{""inversion_rho"":null,""inversion_channel"":32.0,""period_ms"":6.000041961669922}"
204244,1,4117.8999,4117.8999,False,0.75,"{""inversion_rho"":null,""inversion_channel"":24.5,""period_ms"":6.000041961669922}"
204244,1,4124.1999,4124.1999,False,0.625,"{""inversion_rho"":null,""inversion_channel"":24.5,""period_ms"":6.000041961669922}"
204244,1,4130.0001,4130.0001,False,0.625,"{""inversion_rho"":null,""inversion_channel"":23.5,""period_ms"":6.000041961669922}"
204244,1,4135.5,4135.5,False,0.75,"{""inversion_rho"":null,""inversion_channel"":23.5,""period_ms"":6.000041961669922}"
204244,1,4141.3999,4141.3999,False,0.75,"{""inversion_rho"":null,""inversion_channel"":27.0,""period_ms"":6.000041961669922}"
204244,1,4159.4,4159.4,False,0.875,"{""inversion_rho"":null,""inversion_channel"":23.5,""period_ms"":11.59977912902832}"
204244,1,4177.8002,4177.8002,False,1.0,"{""inversion_rho"":null,""inversion_channel"":23.5,""period_ms"":11.59977912902832}"
204244,1,4189.7998,4189.7998,False,0.625,"{""inversion_rho"":null,""inversion_channel"":31.5,""period_ms"":11.59977912902832}"
204244,1,4195.4999,4195.4999,False,1.0,"{""inversion_rho"":null,""inversion_channel"":31.5,""period_ms"":11.59977912902832}"
204244,1,4206.6998,4206.6998,False,0.75,"{""inversion_rho"":null,""inversion_channel"":24.0,""period_ms"":11.59977912902832}"
204244,1,3886.2,3958.4999,True,1.0,"{""inversion_rho"":null,""inversion_channel"":27.5,""period_ms"":11.500000953674316}"
204244,1,4045.3,4082.6001,True,1.0,"{""inversion_rho"":null,""inversion_channel"":27.5,""period_ms"":12.499809265136719}"
204244,1,4089.0002,4141.3999,True,1.0,"{""inversion_rho"":null,""inversion_channel"":24.5,""period_ms"":6.000041961669922}"
204244,1,4159.4,4206.6998,True,1.0,"{""inversion_rho"":null,""inversion_channel"":24.0,""period_ms"":11.59977912902832}"
204256,1,67.3,67.3,False,0.5,"{""inversion_rho"":null,""inversion_channel"":4.5,""period_ms"":15.050001442432404}"
204256,1,80.2,80.2,False,1.0,"{""inversion_rho"":null,""inversion_channel"":6.5,""period_ms"":15.050001442432404}"
204256,1,97.4,97.4,False,0.5,"{""inversion_rho"":null,""inversion_channel"":40.5,""period_ms"":15.050001442432404}"
204256,1,3877.7001,3877.7001,False,0.875,"{""inversion_rho"":null,""inversion_channel"":34.5,""period_ms"":12.099981307983398}"
204256,1,3893.6999,3893.6999,False,1.0,"{""inversion_rho"":null,""inversion_channel"":24.0,""period_ms"":12.099981307983398}"
204256,1,3910.5,3910.5,False,1.0,"{""inversion_rho"":null,""inversion_channel"":24.5,""period_ms"":12.099981307983398}"
204256,1,3926.7001,3926.7001,False,1.0,"{""inversion_rho"":null,""inversion_channel"":24.0,""period_ms"":12.099981307983398}"
204256,1,3940.0001,3940.0001,False,1.0,"{""inversion_rho"":null,""inversion_channel"":24.5,""period_ms"":12.099981307983398}"
204256,1,3950.9001,3950.9001,False,1.0,"{""inversion_rho"":null,""inversion_channel"":24.0,""period_ms"":12.099981307983398}"
204256,1,3961.0,3961.0,False,1.0,"{""inversion_rho"":null,""inversion_channel"":24.5,""period_ms"":12.099981307983398}"
204256,1,3971.8001,3971.8001,False,1.0,"{""inversion_rho"":null,""inversion_channel"":25.0,""period_ms"":12.099981307983398}"
204256,1,3982.1,3982.1,False,1.0,"{""inversion_rho"":null,""inversion_channel"":24.5,""period_ms"":12.099981307983398}"
204256,1,67.3,97.4,True,1.0,"{""inversion_rho"":null,""inversion_channel"":6.5,""period_ms"":15.050001442432404}"
204256,1,3877.7001,3982.1,True,1.0,"{""inversion_rho"":null,""inversion_channel"":24.5,""period_ms"":12.099981307983398}"
204261,1,83.7,83.7,False,0.25,"{""inversion_rho"":null,""inversion_channel"":18.5,""period_ms"":null}"
204261,1,479.0,479.0,False,1.0,"{""inversion_rho"":null,""inversion_channel"":19.5,""period_ms"":8.749991655349731}"
204261,1,490.0,490.0,False,0.25,"{""inversion_rho"":null,""inversion_channel"":17.0,""period_ms"":8.749991655349731}"
204261,1,496.5,496.5,False,0.25,"{""inversion_rho"":null,""inversion_channel"":22.5,""period_ms"":8.749991655349731}"
204261,1,3748.6,3748.6,False,0.25,"{""inversion_rho"":null,""inversion_channel"":39.5,""period_ms"":16.499996185302734}"
204261,1,3765.1,3765.1,False,0.5,"{""inversion_rho"":null,""inversion_channel"":38.5,""period_ms"":16.499996185302734}"
204261,1,3775.1,3775.1,False,0.375,"{""inversion_rho"":null,""inversion_channel"":45.5,""period_ms"":16.499996185302734}"
204261,1,3791.8,3791.8,False,0.25,"{""inversion_rho"":null,""inversion_channel"":29.0,""period_ms"":16.499996185302734}"
204261,1,3804.1,3804.1,False,1.0,"{""inversion_rho"":null,""inversion_channel"":20.5,""period_ms"":16.499996185302734}"
204261,1,3830.3001,3830.3001,False,1.0,"{""inversion_rho"":null,""inversion_channel"":24.5,""period_ms"":16.499996185302734}"
204261,1,3838.1,3838.1,False,1.0,"{""inversion_rho"":null,""inversion_channel"":30.0,""period_ms"":16.049861907958984}"
204261,1,3847.5001,3847.5001,False,1.0,"{""inversion_rho"":null,""inversion_channel"":10.5,""period_ms"":16.049861907958984}"
204261,1,3861.5999,3861.5999,False,1.0,"{""inversion_rho"":null,""inversion_channel"":31.5,""period_ms"":16.049861907958984}"
204261,1,3887.1,3887.1,False,1.0,"{""inversion_rho"":null,""inversion_channel"":31.5,""period_ms"":16.049861907958984}"
204261,1,3910.3999,3910.3999,False,1.0,"{""inversion_rho"":null,""inversion_channel"":31.5,""period_ms"":16.049861907958984}"
204261,1,3924.0,3924.0,False,0.375,"{""inversion_rho"":null,""inversion_channel"":8.0,""period_ms"":16.049861907958984}"
204261,1,3937.5,3937.5,False,0.25,"{""inversion_rho"":null,""inversion_channel"":34.5,""period_ms"":16.049861907958984}"
204261,1,3955.4999,3955.4999,False,0.25,"{""inversion_rho"":null,""inversion_channel"":7.5,""period_ms"":16.049861907958984}"
204261,1,3977.0999,3977.0999,False,0.625,"{""inversion_rho"":null,""inversion_channel"":9.5,""period_ms"":16.049861907958984}"
204261,1,3983.2001,3983.2001,False,1.0,"{""inversion_rho"":null,""inversion_channel"":7.5,""period_ms"":null}"
204261,1,3992.1999,3992.1999,False,0.5,"{""inversion_rho"":null,""inversion_channel"":6.0,""period_ms"":null}"
204261,1,4020.5998,4020.5998,False,1.0,"{""inversion_rho"":null,""inversion_channel"":21.5,""period_ms"":16.8001651763916}"
204261,1,4032.1002,4032.1002,False,1.0,"{""inversion_rho"":null,""inversion_channel"":5.5,""period_ms"":16.8001651763916}"
204261,1,4054.2002,4054.2002,False,1.0,"{""inversion_rho"":null,""inversion_channel"":27.5,""period_ms"":16.8001651763916}"
204261,1,4063.0002,4063.0002,False,1.0,"{""inversion_rho"":null,""inversion_channel"":4.0,""period_ms"":10.80012321472168}"
204261,1,4073.9002,4073.9002,False,1.0,"{""inversion_rho"":null,""inversion_channel"":21.5,""period_ms"":10.80012321472168}"
204261,1,4085.5999,4085.5999,False,1.0,"{""inversion_rho"":null,""inversion_channel"":2.5,""period_ms"":10.80012321472168}"
204261,1,4097.3001,4097.3001,False,1.0,"{""inversion_rho"":null,""inversion_channel"":3.5,""period_ms"":10.80012321472168}"
204261,1,4103.9,4103.9,False,0.5,"{""inversion_rho"":null,""inversion_channel"":28.5,""period_ms"":10.80012321472168}"
204261,1,4114.6002,4114.6002,False,1.0,"{""inversion_rho"":null,""inversion_channel"":5.5,""period_ms"":10.80012321472168}"
204261,1,4120.4,4120.4,False,0.25,"{""inversion_rho"":null,""inversion_channel"":29.5,""period_ms"":10.80012321472168}"
204261,1,4129.3998,4129.3998,False,0.625,"{""inversion_rho"":null,""inversion_channel"":4.5,""period_ms"":10.80012321472168}"
204261,1,4147.9001,4147.9001,False,0.5,"{""inversion_rho"":null,""inversion_channel"":4.5,""period_ms"":10.80012321472168}"
204261,1,4155.2,4155.2,False,0.375,"{""inversion_rho"":null,""inversion_channel"":22.5,""period_ms"":7.149934768676758}"
204261,1,4163.4998,4163.4998,False,1.0,"{""inversion_rho"":null,""inversion_channel"":6.0,""period_ms"":7.149934768676758}"
204261,1,4169.4999,4169.4999,False,0.375,"{""inversion_rho"":null,""inversion_channel"":10.5,""period_ms"":7.149934768676758}"
204261,1,4185.2002,4185.2002,False,0.5,"{""inversion_rho"":null,""inversion_channel"":39.5,""period_ms"":16.099929809570312}"
204261,1,4195.4002,4195.4002,False,0.25,"{""inversion_rho"":null,""inversion_channel"":9.0,""period_ms"":16.099929809570312}"
204261,1,4210.8002,4210.8002,False,0.625,"{""inversion_rho"":null,""inversion_channel"":6.5,""period_ms"":16.099929809570312}"
204261,1,4226.9001,4226.9001,False,0.25,"{""inversion_rho"":null,""inversion_channel"":33.0,""period_ms"":16.099929809570312}"
204261,1,4244.5002,4244.5002,False,0.875,"{""inversion_rho"":null,""inversion_channel"":20.0,""period_ms"":16.099929809570312}"
204261,1,4267.3001,4267.3001,False,1.0,"{""inversion_rho"":null,""inversion_channel"":18.5,""period_ms"":16.099929809570312}"
204261,1,4275.4998,4275.4998,False,1.0,"{""inversion_rho"":null,""inversion_channel"":5.0,""period_ms"":null}"
204261,1,479.0,496.5,True,1.0,"{""inversion_rho"":null,""inversion_channel"":19.5,""period_ms"":8.749991655349731}"
204261,1,3748.6,3830.3001,True,1.0,"{""inversion_rho"":null,""inversion_channel"":33.75,""period_ms"":16.499996185302734}"
204261,1,3838.1,3977.0999,True,1.0,"{""inversion_rho"":null,""inversion_channel"":30.0,""period_ms"":16.049861907958984}"
204261,1,4020.5998,4054.2002,True,1.0,"{""inversion_rho"":null,""inversion_channel"":21.5,""period_ms"":16.8001651763916}"
204261,1,4063.0002,4147.9001,True,1.0,"{""inversion_rho"":null,""inversion_channel"":4.5,""period_ms"":10.80012321472168}"
204261,1,4155.2,4169.4999,True,1.0,"{""inversion_rho"":null,""inversion_channel"":10.5,""period_ms"":7.149934768676758}"
204261,1,4185.2002,4267.3001,True,1.0,"{""inversion_rho"":null,""inversion_channel"":19.25,""period_ms"":16.099929809570312}"
204324,1,77.8,77.8,False,1.0,"{""inversion_rho"":null,""inversion_channel"":37.0,""period_ms"":null}"
204324,1,91.1,91.1,False,0.25,"{""inversion_rho"":null,""inversion_channel"":14.5,""period_ms"":null}"
204324,1,6069.7999,6069.7999,False,1.0,"{""inversion_rho"":null,""inversion_channel"":16.5,""period_ms"":13.950109481811523}"
204324,1,6083.7998,6083.7998,False,1.0,"{""inversion_rho"":null,""inversion_channel"":16.5,""period_ms"":13.950109481811523}"
204324,1,6097.7001,6097.7001,False,0.375,"{""inversion_rho"":null,""inversion_channel"":17.5,""period_ms"":13.950109481811523}"
204324,1,6135.3002,6135.3002,False,1.0,"{""inversion_rho"":null,""inversion_channel"":39.5,""period_ms"":null}"
204324,1,6069.7999,6097.7001,True,1.0,"{""inversion_rho"":null,""inversion_channel"":16.5,""period_ms"":13.950109481811523}"
204530,1,47.4,47.4,False,0.25,"{""inversion_rho"":null,""inversion_channel"":24.5,""period_ms"":10.80000028014183}"
204530,1,56.1,56.1,False,0.625,"{""inversion_rho"":null,""inversion_channel"":3.0,""period_ms"":10.80000028014183}"
204530,1,66.9,66.9,False,1.0,"{""inversion_rho"":null,""inversion_channel"":3.5,""period_ms"":10.80000028014183}"
204530,1,85.9,85.9,False,1.0,"{""inversion_rho"":null,""inversion_channel"":4.5,""period_ms"":10.80000028014183}"
204530,1,1569.8,1569.8,False,0.75,"{""inversion_rho"":null,""inversion_channel"":18.5,""period_ms"":46.199917793273926}"
204530,1,1640.6,1640.6,False,1.0,"{""inversion_rho"":null,""inversion_channel"":18.5,""period_ms"":46.199917793273926}"
204530,1,1698.8,1698.8,False,0.5,"{""inversion_rho"":null,""inversion_channel"":17.5,""period_ms"":46.199917793273926}"
204530,1,1726.8,1726.8,False,1.0,"{""inversion_rho"":null,""inversion_channel"":17.5,""period_ms"":46.199917793273926}"
204530,1,1786.4,1786.4,False,1.0,"{""inversion_rho"":null,""inversion_channel"":17.0,""period_ms"":46.199917793273926}"
204530,1,1815.4,1815.4,False,0.25,"{""inversion_rho"":null,""inversion_channel"":31.5,""period_ms"":46.199917793273926}"
204530,1,1836.9,1836.9,False,1.0,"{""inversion_rho"":null,""inversion_channel"":17.5,""period_ms"":46.199917793273926}"
204530,1,1869.3,1869.3,False,1.0,"{""inversion_rho"":null,""inversion_channel"":15.5,""period_ms"":46.199917793273926}"
204530,1,1929.6,1929.6,False,1.0,"{""inversion_rho"":null,""inversion_channel"":16.5,""period_ms"":46.199917793273926}"
204530,1,2001.6,2001.6,False,1.0,"{""inversion_rho"":null,""inversion_channel"":15.5,""period_ms"":46.199917793273926}"
204530,1,2050.6999,2050.6999,False,0.75,"{""inversion_rho"":null,""inversion_channel"":15.0,""period_ms"":46.199917793273926}"
204530,1,2081.5001,2081.5001,False,1.0,"{""inversion_rho"":null,""inversion_channel"":15.5,""period_ms"":46.199917793273926}"
204530,1,2124.8,2124.8,False,0.25,"{""inversion_rho"":null,""inversion_channel"":41.5,""period_ms"":46.199917793273926}"
204530,1,2131.0,2131.0,False,1.0,"{""inversion_rho"":null,""inversion_channel"":14.5,""period_ms"":36.45002841949463}"
204530,1,2161.9,2161.9,False,1.0,"{""inversion_rho"":null,""inversion_channel"":15.5,""period_ms"":36.45002841949463}"
204530,1,2203.9001,2203.9001,False,1.0,"{""inversion_rho"":null,""inversion_channel"":15.5,""period_ms"":36.45002841949463}"
204530,1,2211.1001,2211.1001,False,1.0,"{""inversion_rho"":null,""inversion_channel"":15.5,""period_ms"":37.50002384185791}"
204530,1,2244.9,2244.9,False,1.0,"{""inversion_rho"":null,""inversion_channel"":15.5,""period_ms"":37.50002384185791}"
204530,1,2286.9,2286.9,False,1.0,"{""inversion_rho"":null,""inversion_channel"":15.0,""period_ms"":37.50002384185791}"
204530,1,2309.9999,2309.9999,False,1.0,"{""inversion_rho"":null,""inversion_channel"":15.5,""period_ms"":37.50002384185791}"
204530,1,2351.2001,2351.2001,False,0.25,"{""inversion_rho"":null,""inversion_channel"":15.5,""period_ms"":37.50002384185791}"
204530,1,2360.8999,2360.8999,False,1.0,"{""inversion_rho"":null,""inversion_channel"":15.5,""period_ms"":null}"
204530,1,2401.4001,2401.4001,False,1.0,"{""inversion_rho"":null,""inversion_channel"":13.5,""period_ms"":null}"
204530,1,2417.5999,2417.5999,False,1.0,"{""inversion_rho"":null,""inversion_channel"":16.5,""period_ms"":null}"
204530,1,2459.5001,2459.5001,False,0.75,"{""inversion_rho"":null,""inversion_channel"":13.5,""period_ms"":null}"
204530,1,2467.5,2467.5,False,1.0,"{""inversion_rho"":null,""inversion_channel"":14.5,""period_ms"":null}"
204530,1,2512.8,2512.8,False,1.0,"{""inversion_rho"":null,""inversion_channel"":14.5,""period_ms"":null}"
204530,1,2523.6001,2523.6001,False,0.25,"{""inversion_rho"":null,""inversion_channel"":25.0,""period_ms"":16.899943351745605}"
204530,1,2537.6999,2537.6999,False,0.375,"{""inversion_rho"":null,""inversion_channel"":14.5,""period_ms"":16.899943351745605}"
204530,1,2557.4,2557.4,False,1.0,"{""inversion_rho"":null,""inversion_channel"":16.5,""period_ms"":16.899943351745605}"
204530,1,2617.8,2617.8,False,1.0,"{""inversion_rho"":null,""inversion_channel"":15.5,""period_ms"":null}"
204530,1,2656.4,2656.4,False,0.375,"{""inversion_rho"":null,""inversion_channel"":25.0,""period_ms"":null}"
204530,1,2662.3001,2662.3001,False,1.0,"{""inversion_rho"":null,""inversion_channel"":13.5,""period_ms"":40.9998893737793}"
204530,1,2684.7,2684.7,False,1.0,"{""inversion_rho"":null,""inversion_channel"":14.5,""period_ms"":40.9998893737793}"
204530,1,2739.9001,2739.9001,False,1.0,"{""inversion_rho"":null,""inversion_channel"":16.5,""period_ms"":40.9998893737793}"
204530,1,2784.4,2784.4,False,1.0,"{""inversion_rho"":null,""inversion_channel"":14.5,""period_ms"":40.9998893737793}"
204530,1,2803.9,2803.9,False,1.0,"{""inversion_rho"":null,""inversion_channel"":16.5,""period_ms"":40.9998893737793}"
204530,1,2844.8999,2844.8999,False,1.0,"{""inversion_rho"":null,""inversion_channel"":32.5,""period_ms"":40.9998893737793}"
204530,1,2859.2999,2859.2999,False,1.0,"{""inversion_rho"":null,""inversion_channel"":16.5,""period_ms"":null}"
204530,1,2898.4001,2898.4001,False,0.75,"{""inversion_rho"":null,""inversion_channel"":14.0,""period_ms"":null}"
204530,1,2904.4001,2904.4001,False,1.0,"{""inversion_rho"":null,""inversion_channel"":13.5,""period_ms"":31.499862670898438}"
204530,1,2935.9,2935.9,False,1.0,"{""inversion_rho"":null,""inversion_channel"":16.5,""period_ms"":31.499862670898438}"
204530,1,2980.0999,2980.0999,False,0.625,"{""inversion_rho"":null,""inversion_channel"":13.5,""period_ms"":31.499862670898438}"
204530,1,3004.8001,3004.8001,False,0.25,"{""inversion_rho"":null,""inversion_channel"":25.5,""period_ms"":31.499862670898438}"
204530,1,3025.3,3025.3,False,1.0,"{""inversion_rho"":null,""inversion_channel"":15.5,""period_ms"":31.499862670898438}"
204530,1,3062.9001,3062.9001,False,0.875,"{""inversion_rho"":null,""inversion_channel"":15.5,""period_ms"":31.499862670898438}"
204530,1,3069.6001,3069.6001,False,1.0,"{""inversion_rho"":null,""inversion_channel"":14.0,""period_ms"":37.50002384185791}"
204530,1,3102.9,3102.9,False,1.0,"{""inversion_rho"":null,""inversion_channel"":15.5,""period_ms"":37.50002384185791}"
204530,1,3149.1001,3149.1001,False,1.0,"{""inversion_rho"":null,""inversion_channel"":14.0,""period_ms"":37.50002384185791}"
204530,1,3184.5,3184.5,False,1.0,"{""inversion_rho"":null,""inversion_channel"":14.5,""period_ms"":37.50002384185791}"
204530,1,3224.1001,3224.1001,False,0.75,"{""inversion_rho"":null,""inversion_channel"":15.0,""period_ms"":37.50002384185791}"
204530,1,3238.8,3238.8,False,1.0,"{""inversion_rho"":null,""inversion_channel"":16.5,""period_ms"":null}"
204530,1,3278.5001,3278.5001,False,0.25,"{""inversion_rho"":null,""inversion_channel"":25.5,""period_ms"":null}"
204530,1,3285.2001,3285.2001,False,1.0,"{""inversion_rho"":null,""inversion_channel"":14.5,""period_ms"":null}"
204530,1,3321.8999,3321.8999,False,1.0,"{""inversion_rho"":null,""inversion_channel"":14.5,""period_ms"":null}"
204530,1,3329.5,3329.5,False,0.5,"{""inversion_rho"":null,""inversion_channel"":24.5,""period_ms"":null}"
204530,1,3349.0,3349.0,False,1.0,"{""inversion_rho"":null,""inversion_channel"":15.5,""period_ms"":null}"
204530,1,3401.7,3401.7,False,1.0,"{""inversion_rho"":null,""inversion_channel"":15.5,""period_ms"":42.150020599365234}"
204530,1,3445.1001,3445.1001,False,1.0,"{""inversion_rho"":null,""inversion_channel"":14.5,""period_ms"":42.150020599365234}"
204530,1,3487.4001,3487.4001,False,1.0,"{""inversion_rho"":null,""inversion_channel"":13.5,""period_ms"":42.150020599365234}"
204530,1,3517.2,3517.2,False,1.0,"{""inversion_rho"":null,""inversion_channel"":15.5,""period_ms"":42.150020599365234}"
204530,1,3559.2,3559.2,False,0.25,"{""inversion_rho"":null,""inversion_channel"":13.5,""period_ms"":42.150020599365234}"
204530,1,3569.2999,3569.2999,False,1.0,"{""inversion_rho"":null,""inversion_channel"":14.5,""period_ms"":28.949975967407227}"
204530,1,3607.1,3607.1,False,1.0,"{""inversion_rho"":null,""inversion_channel"":13.5,""period_ms"":28.949975967407227}"
204530,1,3627.1999,3627.1999,False,1.0,"{""inversion_rho"":null,""inversion_channel"":15.5,""period_ms"":28.949975967407227}"
204530,1,3681.2999,3681.2999,False,1.0,"{""inversion_rho"":null,""inversion_channel"":15.5,""period_ms"":39.00003433227539}"
204530,1,3721.4999,3721.4999,False,1.0,"{""inversion_rho"":null,""inversion_channel"":13.5,""period_ms"":39.00003433227539}"
204530,1,3741.8001,3741.8001,False,1.0,"{""inversion_rho"":null,""inversion_channel"":16.5,""period_ms"":39.00003433227539}"
204530,1,3780.8001,3780.8001,False,0.75,"{""inversion_rho"":null,""inversion_channel"":14.0,""period_ms"":39.00003433227539}"
204530,1,3786.5,3786.5,False,1.0,"{""inversion_rho"":null,""inversion_channel"":14.0,""period_ms"":43.05005073547363}"
204530,1,3829.4001,3829.4001,False,1.0,"{""inversion_rho"":null,""inversion_channel"":15.5,""period_ms"":43.05005073547363}"
204530,1,3872.6001,3872.6001,False,0.75,"{""inversion_rho"":null,""inversion_channel"":13.5,""period_ms"":43.05005073547363}"
204530,1,3883.8999,3883.8999,False,1.0,"{""inversion_rho"":null,""inversion_channel"":14.5,""period_ms"":26.000022888183594}"
204530,1,3925.6999,3925.6999,False,1.0,"{""inversion_rho"":null,""inversion_channel"":15.5,""period_ms"":26.000022888183594}"
204530,1,3944.6001,3944.6001,False,1.0,"{""inversion_rho"":null,""inversion_channel"":16.5,""period_ms"":26.000022888183594}"
204530,1,3986.9001,3986.9001,False,1.0,"{""inversion_rho"":null,""inversion_channel"":15.0,""period_ms"":26.000022888183594}"
204530,1,4009.6002,4009.6002,False,1.0,"{""inversion_rho"":null,""inversion_channel"":17.0,""period_ms"":26.000022888183594}"
204530,1,4050.2,4050.2,False,1.0,"{""inversion_rho"":null,""inversion_channel"":13.0,""period_ms"":26.000022888183594}"
204530,1,4076.2,4076.2,False,1.0,"{""inversion_rho"":null,""inversion_channel"":13.0,""period_ms"":26.000022888183594}"
204530,1,4099.8998,4099.8998,False,0.75,"{""inversion_rho"":null,""inversion_channel"":16.0,""period_ms"":26.000022888183594}"
204530,1,4122.3001,4122.3001,False,1.0,"{""inversion_rho"":null,""inversion_channel"":11.5,""period_ms"":26.000022888183594}"
204530,1,4150.1002,4150.1002,False,1.0,"{""inversion_rho"":null,""inversion_channel"":11.5,""period_ms"":26.000022888183594}"
204530,1,4224.7,4224.7,False,1.0,"{""inversion_rho"":null,""inversion_channel"":9.5,""period_ms"":41.39995574951172}"
204530,1,4276.8002,4276.8002,False,1.0,"{""inversion_rho"":null,""inversion_channel"":37.5,""period_ms"":41.39995574951172}"
204530,1,4316.5002,4316.5002,False,1.0,"{""inversion_rho"":null,""inversion_channel"":35.5,""period_ms"":41.39995574951172}"
204530,1,4357.9001,4357.9001,False,1.0,"{""inversion_rho"":null,""inversion_channel"":6.5,""period_ms"":41.39995574951172}"
204530,1,4384.8,4384.8,False,1.0,"{""inversion_rho"":null,""inversion_channel"":34.5,""period_ms"":41.39995574951172}"
204530,1,4445.4002,4445.4002,False,1.0,"{""inversion_rho"":null,""inversion_channel"":33.5,""period_ms"":41.39995574951172}"
204530,1,4487.1001,4487.1001,False,1.0,"{""inversion_rho"":null,""inversion_channel"":4.5,""period_ms"":41.39995574951172}"
204530,1,4505.4998,4505.4998,False,1.0,"{""inversion_rho"":null,""inversion_channel"":33.5,""period_ms"":41.39995574951172}"
204530,1,4559.4001,4559.4001,False,1.0,"{""inversion_rho"":null,""inversion_channel"":32.0,""period_ms"":null}"
204530,1,4601.2998,4601.2998,False,1.0,"{""inversion_rho"":null,""inversion_channel"":31.5,""period_ms"":null}"
204530,1,4609.6001,4609.6001,False,1.0,"{""inversion_rho"":null,""inversion_channel"":31.5,""period_ms"":22.00007438659668}"
204530,1,4640.6002,4640.6002,False,1.0,"{""inversion_rho"":null,""inversion_channel"":31.5,""period_ms"":22.00007438659668}"
204530,1,4653.6002,4653.6002,False,1.0,"{""inversion_rho"":null,""inversion_channel"":31.5,""period_ms"":22.00007438659668}"
204530,1,4693.6002,4693.6002,False,0.75,"{""inversion_rho"":null,""inversion_channel"":31.5,""period_ms"":38.6500358581543}"
204530,1,4734.3001,4734.3001,False,1.0,"{""inversion_rho"":null,""inversion_channel"":29.0,""period_ms"":38.6500358581543}"
204530,1,4773.3002,4773.3002,False,1.0,"{""inversion_rho"":null,""inversion_channel"":28.5,""period_ms"":38.6500358581543}"
204530,1,4810.6999,4810.6999,False,0.375,"{""inversion_rho"":null,""inversion_channel"":28.0,""period_ms"":38.6500358581543}"
204530,1,4849.0,4849.0,False,0.5,"{""inversion_rho"":null,""inversion_channel"":26.0,""period_ms"":38.6500358581543}"
204530,1,4889.4,4889.4,False,1.0,"{""inversion_rho"":null,""inversion_channel"":23.0,""period_ms"":38.6500358581543}"
204530,1,4929.8,4929.8,False,0.75,"{""inversion_rho"":null,""inversion_channel"":22.0,""period_ms"":38.6500358581543}"
204530,1,4967.5002,4967.5002,False,0.5,"{""inversion_rho"":null,""inversion_channel"":21.0,""period_ms"":38.6500358581543}"
204530,1,5002.9998,5002.9998,False,1.0,"{""inversion_rho"":null,""inversion_channel"":19.5,""period_ms"":38.6500358581543}"
204530,1,5026.4001,5026.4001,False,1.0,"{""inversion_rho"":null,""inversion_channel"":20.5,""period_ms"":38.6500358581543}"
204530,1,5073.0,5073.0,False,1.0,"{""inversion_rho"":null,""inversion_channel"":18.5,""period_ms"":38.6500358581543}"
204530,1,47.4,85.9,True,1.0,"{""inversion_rho"":null,""inversion_channel"":4.0,""period_ms"":10.80000028014183}"
204530,1,1569.8,2124.8,True,1.0,"{""inversion_rho"":null,""inversion_channel"":17.5,""period_ms"":46.199917793273926}"
204530,1,2131.0,2203.9001,True,1.0,"{""inversion_rho"":null,""inversion_channel"":15.5,""period_ms"":36.45002841949463}"
204530,1,2211.1001,2351.2001,True,1.0,"{""inversion_rho"":null,""inversion_channel"":15.5,""period_ms"":37.50002384185791}"
204530,1,2523.6001,2557.4,True,1.0,"{""inversion_rho"":null,""inversion_channel"":16.5,""period_ms"":16.899943351745605}"
204530,1,2662.3001,2844.8999,True,1.0,"{""inversion_rho"":null,""inversion_channel"":15.5,""period_ms"":40.9998893737793}"
204530,1,2904.4001,3062.9001,True,1.0,"{""inversion_rho"":null,""inversion_channel"":15.5,""period_ms"":31.499862670898438}"
204530,1,3069.6001,3224.1001,True,1.0,"{""inversion_rho"":null,""inversion_channel"":14.5,""period_ms"":37.50002384185791}"
204530,1,3401.7,3559.2,True,1.0,"{""inversion_rho"":null,""inversion_channel"":14.5,""period_ms"":42.150020599365234}"
204530,1,3569.2999,3627.1999,True,1.0,"{""inversion_rho"":null,""inversion_channel"":14.5,""period_ms"":28.949975967407227}"
204530,1,3681.2999,3780.8001,True,1.0,"{""inversion_rho"":null,""inversion_channel"":14.75,""period_ms"":39.00003433227539}"
204530,1,3786.5,3872.6001,True,1.0,"{""inversion_rho"":null,""inversion_channel"":14.0,""period_ms"":43.05005073547363}"
204530,1,3883.8999,4150.1002,True,1.0,"{""inversion_rho"":null,""inversion_channel"":14.75,""period_ms"":26.000022888183594}"
204530,1,4224.7,4505.4998,True,1.0,"{""inversion_rho"":null,""inversion_channel"":33.5,""period_ms"":41.39995574951172}"
204530,1,4609.6001,4653.6002,True,1.0,"{""inversion_rho"":null,""inversion_channel"":31.5,""period_ms"":22.00007438659668}"
204530,1,4693.6002,5073.0,True,1.0,"{""inversion_rho"":null,""inversion_channel"":23.0,""period_ms"":38.6500358581543}"
204531,1,60.0,60.0,False,0.625,"{""inversion_rho"":null,""inversion_channel"":3.5,""period_ms"":null}"
204531,1,83.6,83.6,False,1.0,"{""inversion_rho"":null,""inversion_channel"":4.5,""period_ms"":null}"
204531,1,1352.6,1352.6,False,0.25,"{""inversion_rho"":null,""inversion_channel"":32.0,""period_ms"":null}"
204531,1,1583.1,1583.1,False,1.0,"{""inversion_rho"":null,""inversion_channel"":18.5,""period_ms"":null}"
204531,1,1634.5,1634.5,False,1.0,"{""inversion_rho"":null,""inversion_channel"":17.5,""period_ms"":null}"
204531,1,1644.2,1644.2,False,1.0,"{""inversion_rho"":null,""inversion_channel"":18.0,""period_ms"":null}"
204531,1,1682.3,1682.3,False,1.0,"{""inversion_rho"":null,""inversion_channel"":17.0,""period_ms"":null}"
204531,1,1687.7,1687.7,False,1.0,"{""inversion_rho"":null,""inversion_channel"":17.0,""period_ms"":null}"
204531,1,1721.4,1721.4,False,0.75,"{""inversion_rho"":null,""inversion_channel"":16.5,""period_ms"":30.749976634979248}"
204531,1,1743.1,1743.1,False,1.0,"{""inversion_rho"":null,""inversion_channel"":16.5,""period_ms"":30.749976634979248}"
204531,1,1782.9,1782.9,False,0.375,"{""inversion_rho"":null,""inversion_channel"":42.5,""period_ms"":30.749976634979248}"
204531,1,1797.9,1797.9,False,1.0,"{""inversion_rho"":null,""inversion_channel"":16.5,""period_ms"":23.599982261657715}"
204531,1,1836.3,1836.3,False,1.0,"{""inversion_rho"":null,""inversion_channel"":14.5,""period_ms"":23.599982261657715}"
204531,1,1861.1,1861.1,False,1.0,"{""inversion_rho"":null,""inversion_channel"":17.5,""period_ms"":23.599982261657715}"
204531,1,1884.6999,1884.6999,False,0.25,"{""inversion_rho"":null,""inversion_channel"":29.0,""period_ms"":23.599982261657715}"
204531,1,1898.3001,1898.3001,False,1.0,"{""inversion_rho"":null,""inversion_channel"":14.5,""period_ms"":23.599982261657715}"
204531,1,1907.6,1907.6,False,1.0,"{""inversion_rho"":null,""inversion_channel"":16.5,""period_ms"":23.599982261657715}"
204531,1,1933.2,1933.2,False,0.25,"{""inversion_rho"":null,""inversion_channel"":31.0,""period_ms"":26.600003242492676}"
204531,1,1944.0,1944.0,False,0.875,"{""inversion_rho"":null,""inversion_channel"":14.0,""period_ms"":26.600003242492676}"
204531,1,1970.6,1970.6,False,1.0,"{""inversion_rho"":null,""inversion_channel"":16.5,""period_ms"":26.600003242492676}"
204531,1,2005.7001,2005.7001,False,1.0,"{""inversion_rho"":null,""inversion_channel"":28.0,""period_ms"":26.600003242492676}"
204531,1,2021.8999,2021.8999,False,1.0,"{""inversion_rho"":null,""inversion_channel"":15.5,""period_ms"":26.600003242492676}"
204531,1,2059.0999,2059.0999,False,1.0,"{""inversion_rho"":null,""inversion_channel"":13.5,""period_ms"":26.600003242492676}"
204531,1,2085.0999,2085.0999,False,1.0,"{""inversion_rho"":null,""inversion_channel"":16.5,""period_ms"":26.600003242492676}"
204531,1,2122.6001,2122.6001,False,1.0,"{""inversion_rho"":null,""inversion_channel"":14.5,""period_ms"":26.600003242492676}"
204531,1,2142.2999,2142.2999,False,1.0,"{""inversion_rho"":null,""inversion_channel"":16.5,""period_ms"":26.600003242492676}"
204531,1,2180.3,2180.3,False,1.0,"{""inversion_rho"":null,""inversion_channel"":13.5,""period_ms"":26.600003242492676}"
204531,1,2187.4001,2187.4001,False,1.0,"{""inversion_rho"":null,""inversion_channel"":15.5,""period_ms"":29.399871826171875}"
204531,1,2216.8,2216.8,False,0.25,"{""inversion_rho"":null,""inversion_channel"":14.5,""period_ms"":29.399871826171875}"
204531,1,2239.5999,2239.5999,False,1.0,"{""inversion_rho"":null,""inversion_channel"":16.5,""period_ms"":29.399871826171875}"
204531,1,2275.8999,2275.8999,False,1.0,"{""inversion_rho"":null,""inversion_channel"":13.5,""period_ms"":29.399871826171875}"
204531,1,2296.6001,2296.6001,False,1.0,"{""inversion_rho"":null,""inversion_channel"":16.5,""period_ms"":29.399871826171875}"
204531,1,2331.1,2331.1,False,1.0,"{""inversion_rho"":null,""inversion_channel"":13.5,""period_ms"":29.399871826171875}"
204531,1,2343.6,2343.6,False,1.0,"{""inversion_rho"":null,""inversion_channel"":16.5,""period_ms"":null}"
204531,1,2375.7,2375.7,False,1.0,"{""inversion_rho"":null,""inversion_channel"":14.5,""period_ms"":null}"
204531,1,2382.9,2382.9,False,1.0,"{""inversion_rho"":null,""inversion_channel"":14.5,""period_ms"":35.54999828338623}"
204531,1,2423.1,2423.1,False,1.0,"{""inversion_rho"":null,""inversion_channel"":16.5,""period_ms"":35.54999828338623}"
204531,1,2454.0,2454.0,False,1.0,"{""inversion_rho"":null,""inversion_channel"":15.0,""period_ms"":35.54999828338623}"
204531,1,2461.4999,2461.4999,False,1.0,"{""inversion_rho"":null,""inversion_channel"":14.5,""period_ms"":28.70011329650879}"
204531,1,2491.6999,2491.6999,False,1.0,"{""inversion_rho"":null,""inversion_channel"":13.5,""period_ms"":28.70011329650879}"
204531,1,2504.4999,2504.4999,False,1.0,"{""inversion_rho"":null,""inversion_channel"":14.5,""period_ms"":28.70011329650879}"
204531,1,2533.2,2533.2,False,0.25,"{""inversion_rho"":null,""inversion_channel"":14.5,""period_ms"":28.70011329650879}"
204531,1,2538.3,2538.3,False,1.0,"{""inversion_rho"":null,""inversion_channel"":13.5,""period_ms"":null}"
204531,1,2559.4001,2559.4001,False,1.0,"{""inversion_rho"":null,""inversion_channel"":15.5,""period_ms"":null}"
204531,1,2566.4001,2566.4001,False,1.0,"{""inversion_rho"":null,""inversion_channel"":15.5,""period_ms"":null}"
204531,1,2600.8,2600.8,False,1.0,"{""inversion_rho"":null,""inversion_channel"":14.0,""period_ms"":null}"
204531,1,2608.5,2608.5,False,1.0,"{""inversion_rho"":null,""inversion_channel"":15.5,""period_ms"":31.149983406066895}"
204531,1,2642.1001,2642.1001,False,1.0,"{""inversion_rho"":null,""inversion_channel"":13.5,""period_ms"":31.149983406066895}"
204531,1,2662.8001,2662.8001,False,1.0,"{""inversion_rho"":null,""inversion_channel"":16.5,""period_ms"":31.149983406066895}"
204531,1,2696.1999,2696.1999,False,0.625,"{""inversion_rho"":null,""inversion_channel"":14.5,""period_ms"":31.149983406066895}"
204531,1,2727.5,2727.5,False,1.0,"{""inversion_rho"":null,""inversion_channel"":15.5,""period_ms"":31.149983406066895}"
204531,1,2763.7,2763.7,False,1.0,"{""inversion_rho"":null,""inversion_channel"":14.0,""period_ms"":31.149983406066895}"
204531,1,2780.9,2780.9,False,1.0,"{""inversion_rho"":null,""inversion_channel"":14.5,""period_ms"":31.149983406066895}"
204531,1,2798.6,2798.6,False,1.0,"{""inversion_rho"":null,""inversion_channel"":16.5,""period_ms"":31.149983406066895}"
204531,1,2836.1001,2836.1001,False,1.0,"{""inversion_rho"":null,""inversion_channel"":13.5,""period_ms"":31.149983406066895}"
204531,1,2855.7,2855.7,False,1.0,"{""inversion_rho"":null,""inversion_channel"":16.5,""period_ms"":31.149983406066895}"
204531,1,2886.6999,2886.6999,False,0.75,"{""inversion_rho"":null,""inversion_channel"":29.5,""period_ms"":31.149983406066895}"
204531,1,2892.4,2892.4,False,1.0,"{""inversion_rho"":null,""inversion_channel"":13.5,""period_ms"":22.00007438659668}"
204531,1,2914.4001,2914.4001,False,1.0,"{""inversion_rho"":null,""inversion_channel"":17.0,""period_ms"":22.00007438659668}"
204531,1,2948.4999,2948.4999,False,1.0,"{""inversion_rho"":null,""inversion_channel"":13.5,""period_ms"":22.00007438659668}"
204531,1,2970.0999,2970.0999,False,1.0,"{""inversion_rho"":null,""inversion_channel"":16.5,""period_ms"":22.00007438659668}"
204531,1,3006.7,3006.7,False,1.0,"{""inversion_rho"":null,""inversion_channel"":14.0,""period_ms"":22.00007438659668}"
204531,1,3022.3999,3022.3999,False,0.5,"{""inversion_rho"":null,""inversion_channel"":16.5,""period_ms"":22.00007438659668}"
204531,1,3037.6999,3037.6999,False,1.0,"{""inversion_rho"":null,""inversion_channel"":16.5,""period_ms"":22.00007438659668}"
204531,1,3069.9999,3069.9999,False,1.0,"{""inversion_rho"":null,""inversion_channel"":15.5,""period_ms"":22.00007438659668}"
204531,1,3086.7,3086.7,False,1.0,"{""inversion_rho"":null,""inversion_channel"":16.5,""period_ms"":22.00007438659668}"
204531,1,3122.8001,3122.8001,False,1.0,"{""inversion_rho"":null,""inversion_channel"":14.0,""period_ms"":22.00007438659668}"
204531,1,3140.1,3140.1,False,1.0,"{""inversion_rho"":null,""inversion_channel"":16.5,""period_ms"":22.00007438659668}"
204531,1,3174.7,3174.7,False,1.0,"{""inversion_rho"":null,""inversion_channel"":14.5,""period_ms"":22.00007438659668}"
204531,1,3179.8,3179.8,False,1.0,"{""inversion_rho"":null,""inversion_channel"":13.5,""period_ms"":29.35004234313965}"
204531,1,3203.2001,3203.2001,False,1.0,"{""inversion_rho"":null,""inversion_channel"":16.5,""period_ms"":29.35004234313965}"
204531,1,3238.6999,3238.6999,False,1.0,"{""inversion_rho"":null,""inversion_channel"":13.5,""period_ms"":29.35004234313965}"
204531,1,3263.5,3263.5,False,1.0,"{""inversion_rho"":null,""inversion_channel"":14.5,""period_ms"":29.35004234313965}"
204531,1,3297.4,3297.4,False,0.5,"{""inversion_rho"":null,""inversion_channel"":15.0,""period_ms"":29.35004234313965}"
204531,1,3302.7999,3302.7999,False,1.0,"{""inversion_rho"":null,""inversion_channel"":14.5,""period_ms"":null}"
204531,1,3330.1001,3330.1001,False,0.625,"{""inversion_rho"":null,""inversion_channel"":16.5,""period_ms"":null}"
204531,1,3339.5,3339.5,False,1.0,"{""inversion_rho"":null,""inversion_channel"":15.5,""period_ms"":31.300067901611328}"
204531,1,3370.8,3370.8,False,1.0,"{""inversion_rho"":null,""inversion_channel"":14.5,""period_ms"":31.300067901611328}"
204531,1,3400.1,3400.1,False,1.0,"{""inversion_rho"":null,""inversion_channel"":17.0,""period_ms"":31.300067901611328}"
204531,1,3432.6,3432.6,False,1.0,"{""inversion_rho"":null,""inversion_channel"":14.0,""period_ms"":31.300067901611328}"
204531,1,3443.2001,3443.2001,False,1.0,"{""inversion_rho"":null,""inversion_channel"":16.5,""period_ms"":null}"
204531,1,3473.7999,3473.7999,False,0.75,"{""inversion_rho"":null,""inversion_channel"":13.5,""period_ms"":null}"
204531,1,3484.0,3484.0,False,1.0,"{""inversion_rho"":null,""inversion_channel"":16.5,""period_ms"":null}"
204531,1,3515.7001,3515.7001,False,1.0,"{""inversion_rho"":null,""inversion_channel"":14.0,""period_ms"":null}"
204531,1,3527.2999,3527.2999,False,1.0,"{""inversion_rho"":null,""inversion_channel"":16.5,""period_ms"":13.300180435180664}"
204531,1,3557.4999,3557.4999,False,1.0,"{""inversion_rho"":null,""inversion_channel"":13.5,""period_ms"":13.300180435180664}"
204531,1,3570.8001,3570.8001,False,1.0,"{""inversion_rho"":null,""inversion_channel"":16.5,""period_ms"":13.300180435180664}"
204531,1,3581.1999,3581.1999,False,1.0,"{""inversion_rho"":null,""inversion_channel"":14.5,""period_ms"":13.300180435180664}"
204531,1,3613.1001,3613.1001,False,0.5,"{""inversion_rho"":null,""inversion_channel"":27.5,""period_ms"":27.499914169311523}"
204531,1,3641.0,3641.0,False,1.0,"{""inversion_rho"":null,""inversion_channel"":17.5,""period_ms"":27.499914169311523}"
204531,1,3670.9001,3670.9001,False,0.25,"{""inversion_rho"":null,""inversion_channel"":14.5,""period_ms"":27.499914169311523}"
204531,1,3683.0001,3683.0001,False,1.0,"{""inversion_rho"":null,""inversion_channel"":16.5,""period_ms"":27.499914169311523}"
204531,1,3710.0999,3710.0999,False,0.5,"{""inversion_rho"":null,""inversion_channel"":27.5,""period_ms"":27.499914169311523}"
204531,1,3719.8,3719.8,False,1.0,"{""inversion_rho"":null,""inversion_channel"":15.5,""period_ms"":19.700050354003906}"
204531,1,3746.2001,3746.2001,False,0.375,"{""inversion_rho"":null,""inversion_channel"":27.0,""period_ms"":19.700050354003906}"
204531,1,3759.2001,3759.2001,False,1.0,"{""inversion_rho"":null,""inversion_channel"":16.5,""period_ms"":19.700050354003906}"
204531,1,3791.8999,3791.8999,False,1.0,"{""inversion_rho"":null,""inversion_channel"":13.5,""period_ms"":24.7499942779541}"
204531,1,3814.3001,3814.3001,False,1.0,"{""inversion_rho"":null,""inversion_channel"":16.5,""period_ms"":24.7499942779541}"
204531,1,3847.1999,3847.1999,False,1.0,"{""inversion_rho"":null,""inversion_channel"":13.5,""period_ms"":24.7499942779541}"
204531,1,3863.6999,3863.6999,False,1.0,"{""inversion_rho"":null,""inversion_channel"":14.5,""period_ms"":24.7499942779541}"
204531,1,3895.8001,3895.8001,False,1.0,"{""inversion_rho"":null,""inversion_channel"":13.5,""period_ms"":24.7499942779541}"
204531,1,3916.1,3916.1,False,1.0,"{""inversion_rho"":null,""inversion_channel"":15.5,""period_ms"":24.7499942779541}"
204531,1,3947.5,3947.5,False,0.5,"{""inversion_rho"":null,""inversion_channel"":14.0,""period_ms"":24.7499942779541}"
204531,1,3961.2,3961.2,False,1.0,"{""inversion_rho"":null,""inversion_channel"":16.5,""period_ms"":24.7499942779541}"
204531,1,3994.2999,3994.2999,False,1.0,"{""inversion_rho"":null,""inversion_channel"":13.5,""period_ms"":24.7499942779541}"
204531,1,4012.7001,4012.7001,False,1.0,"{""inversion_rho"":null,""inversion_channel"":16.5,""period_ms"":24.7499942779541}"
204531,1,4054.9002,4054.9002,False,1.0,"{""inversion_rho"":null,""inversion_channel"":13.5,""period_ms"":24.7499942779541}"
204531,1,4082.3002,4082.3002,False,1.0,"{""inversion_rho"":null,""inversion_channel"":13.0,""period_ms"":24.7499942779541}"
204531,1,4102.7999,4102.7999,False,0.875,"{""inversion_rho"":null,""inversion_channel"":18.5,""period_ms"":24.7499942779541}"
204531,1,4126.1001,4126.1001,False,1.0,"{""inversion_rho"":null,""inversion_channel"":12.0,""period_ms"":24.7499942779541}"
204531,1,4152.2999,4152.2999,False,1.0,"{""inversion_rho"":null,""inversion_channel"":11.5,""period_ms"":24.7499942779541}"
204531,1,4221.2,4221.2,False,1.0,"{""inversion_rho"":null,""inversion_channel"":10.5,""period_ms"":42.50001907348633}"
204531,1,4268.7001,4268.7001,False,1.0,"{""inversion_rho"":null,""inversion_channel"":8.5,""period_ms"":42.50001907348633}"
204531,1,4297.9999,4297.9999,False,1.0,"{""inversion_rho"":null,""inversion_channel"":7.5,""period_ms"":42.50001907348633}"
204531,1,4341.1999,4341.1999,False,1.0,"{""inversion_rho"":null,""inversion_channel"":6.5,""period_ms"":42.50001907348633}"
204531,1,4359.0999,4359.0999,False,1.0,"{""inversion_rho"":null,""inversion_channel"":35.5,""period_ms"":42.50001907348633}"
204531,1,4401.5999,4401.5999,False,1.0,"{""inversion_rho"":null,""inversion_channel"":6.0,""period_ms"":42.50001907348633}"
204531,1,4417.7999,4417.7999,False,1.0,"{""inversion_rho"":null,""inversion_channel"":34.5,""period_ms"":41.0003662109375}"
204531,1,4468.9999,4468.9999,False,1.0,"{""inversion_rho"":null,""inversion_channel"":33.5,""period_ms"":41.0003662109375}"
204531,1,4510.0002,4510.0002,False,0.625,"{""inversion_rho"":null,""inversion_channel"":4.5,""period_ms"":41.0003662109375}"
204531,1,4546.2999,4546.2999,False,1.0,"{""inversion_rho"":null,""inversion_channel"":4.5,""period_ms"":41.0003662109375}"
204531,1,4560.5998,4560.5998,False,1.0,"{""inversion_rho"":null,""inversion_channel"":31.5,""period_ms"":34.999847412109375}"
204531,1,4613.9002,4613.9002,False,1.0,"{""inversion_rho"":null,""inversion_channel"":31.5,""period_ms"":34.999847412109375}"
204531,1,4650.3,4650.3,False,1.0,"{""inversion_rho"":null,""inversion_channel"":31.0,""period_ms"":34.999847412109375}"
204531,1,4670.1002,4670.1002,False,1.0,"{""inversion_rho"":null,""inversion_channel"":30.5,""period_ms"":34.999847412109375}"
204531,1,4709.8999,4709.8999,False,1.0,"{""inversion_rho"":null,""inversion_channel"":31.0,""period_ms"":34.999847412109375}"
204531,1,4727.0999,4727.0999,False,1.0,"{""inversion_rho"":null,""inversion_channel"":29.0,""period_ms"":34.999847412109375}"
204531,1,4767.4999,4767.4999,False,0.875,"{""inversion_rho"":null,""inversion_channel"":28.5,""period_ms"":34.999847412109375}"
204531,1,4790.5002,4790.5002,False,1.0,"{""inversion_rho"":null,""inversion_channel"":27.5,""period_ms"":34.999847412109375}"
204531,1,4826.4999,4826.4999,False,0.25,"{""inversion_rho"":null,""inversion_channel"":26.5,""period_ms"":34.999847412109375}"
204531,1,4852.9,4852.9,False,1.0,"{""inversion_rho"":null,""inversion_channel"":24.5,""period_ms"":34.999847412109375}"
204531,1,4888.0,4888.0,False,1.0,"{""inversion_rho"":null,""inversion_channel"":24.0,""period_ms"":34.999847412109375}"
204531,1,4922.1001,4922.1001,False,0.25,"{""inversion_rho"":null,""inversion_channel"":20.5,""period_ms"":34.999847412109375}"
204531,1,4956.9998,4956.9998,False,0.25,"{""inversion_rho"":null,""inversion_channel"":20.5,""period_ms"":34.999847412109375}"
204531,1,4990.6001,4990.6001,False,1.0,"{""inversion_rho"":null,""inversion_channel"":20.0,""period_ms"":34.999847412109375}"
204531,1,5036.2,5036.2,False,1.0,"{""inversion_rho"":null,""inversion_channel"":17.5,""period_ms"":34.999847412109375}"
204531,1,1721.4,1782.9,True,1.0,"{""inversion_rho"":null,""inversion_channel"":16.5,""period_ms"":30.749976634979248}"
204531,1,1797.9,1907.6,True,1.0,"{""inversion_rho"":null,""inversion_channel"":16.5,""period_ms"":23.599982261657715}"
204531,1,1933.2,2180.3,True,1.0,"{""inversion_rho"":null,""inversion_channel"":16.0,""period_ms"":26.600003242492676}"
204531,1,2187.4001,2331.1,True,1.0,"{""inversion_rho"":null,""inversion_channel"":15.0,""period_ms"":29.399871826171875}"
204531,1,2382.9,2454.0,True,1.0,"{""inversion_rho"":null,""inversion_channel"":15.0,""period_ms"":35.54999828338623}"
204531,1,2461.4999,2533.2,True,1.0,"{""inversion_rho"":null,""inversion_channel"":14.5,""period_ms"":28.70011329650879}"
204531,1,2608.5,2886.6999,True,1.0,"{""inversion_rho"":null,""inversion_channel"":15.5,""period_ms"":31.149983406066895}"
204531,1,2892.4,3174.7,True,1.0,"{""inversion_rho"":null,""inversion_channel"":16.0,""period_ms"":22.00007438659668}"
204531,1,3179.8,3297.4,True,1.0,"{""inversion_rho"":null,""inversion_channel"":14.5,""period_ms"":29.35004234313965}"
204531,1,3339.5,3432.6,True,1.0,"{""inversion_rho"":null,""inversion_channel"":15.0,""period_ms"":31.300067901611328}"
204531,1,3527.2999,3581.1999,True,1.0,"{""inversion_rho"":null,""inversion_channel"":15.5,""period_ms"":13.300180435180664}"
204531,1,3613.1001,3710.0999,True,1.0,"{""inversion_rho"":null,""inversion_channel"":17.5,""period_ms"":27.499914169311523}"
204531,1,3719.8,3759.2001,True,1.0,"{""inversion_rho"":null,""inversion_channel"":16.5,""period_ms"":19.700050354003906}"
204531,1,3791.8999,4152.2999,True,1.0,"{""inversion_rho"":null,""inversion_channel"":13.5,""period_ms"":24.7499942779541}"
204531,1,4221.2,4401.5999,True,1.0,"{""inversion_rho"":null,""inversion_channel"":8.0,""period_ms"":42.50001907348633}"
204531,1,4417.7999,4546.2999,True,1.0,"{""inversion_rho"":null,""inversion_channel"":19.0,""period_ms"":41.0003662109375}"
204531,1,4560.5998,5036.2,True,1.0,"{""inversion_rho"":null,""inversion_channel"":27.5,""period_ms"":34.999847412109375}"
204560,1,46.1,46.1,False,0.25,"{""inversion_rho"":null,""inversion_channel"":24.0,""period_ms"":21.399999037384987}"
204560,1,64.2,64.2,False,1.0,"{""inversion_rho"":null,""inversion_channel"":2.5,""period_ms"":21.399999037384987}"
204560,1,88.9,88.9,False,1.0,"{""inversion_rho"":null,""inversion_channel"":2.5,""period_ms"":21.399999037384987}"
204560,1,1589.3,1589.3,False,1.0,"{""inversion_rho"":null,""inversion_channel"":18.5,""period_ms"":88.54997158050537}"
204560,1,1696.1,1696.1,False,1.0,"{""inversion_rho"":null,""inversion_channel"":15.5,""period_ms"":88.54997158050537}"
204560,1,1766.4,1766.4,False,1.0,"{""inversion_rho"":null,""inversion_channel"":14.5,""period_ms"":88.54997158050537}"
204560,1,1781.1,1781.1,False,1.0,"{""inversion_rho"":null,""inversion_channel"":14.5,""period_ms"":112.39993572235107}"
204560,1,1855.0,1855.0,False,1.0,"{""inversion_rho"":null,""inversion_channel"":13.5,""period_ms"":112.39993572235107}"
204560,1,2005.8999,2005.8999,False,0.625,"{""inversion_rho"":null,""inversion_channel"":21.0,""period_ms"":112.39993572235107}"
204560,1,2012.7001,2012.7001,False,0.625,"{""inversion_rho"":null,""inversion_channel"":20.0,""period_ms"":61.100006103515625}"
204560,1,2073.8001,2073.8001,False,1.0,"{""inversion_rho"":null,""inversion_channel"":24.5,""period_ms"":61.100006103515625}"
204560,1,2141.9001,2141.9001,False,1.0,"{""inversion_rho"":null,""inversion_channel"":29.5,""period_ms"":61.100006103515625}"
204560,1,2198.2999,2198.2999,False,1.0,"{""inversion_rho"":null,""inversion_channel"":22.5,""period_ms"":61.100006103515625}"
204560,1,2207.2999,2207.2999,False,1.0,"{""inversion_rho"":null,""inversion_channel"":31.5,""period_ms"":41.40007495880127}"
204560,1,2234.4,2234.4,False,0.375,"{""inversion_rho"":null,""inversion_channel"":9.0,""period_ms"":41.40007495880127}"
204560,1,2290.1001,2290.1001,False,0.5,"{""inversion_rho"":null,""inversion_channel"":19.5,""period_ms"":41.40007495880127}"
204560,1,2306.9999,2306.9999,False,1.0,"{""inversion_rho"":null,""inversion_channel"":17.5,""period_ms"":68.79997253417969}"
204560,1,2346.2,2346.2,False,1.0,"{""inversion_rho"":null,""inversion_channel"":15.5,""period_ms"":68.79997253417969}"
204560,1,2440.7001,2440.7001,False,1.0,"{""inversion_rho"":null,""inversion_channel"":16.5,""period_ms"":68.79997253417969}"
204560,1,2509.5,2509.5,False,1.0,"{""inversion_rho"":null,""inversion_channel"":16.5,""period_ms"":68.79997253417969}"
204560,1,2547.4,2547.4,False,1.0,"{""inversion_rho"":null,""inversion_channel"":39.5,""period_ms"":68.79997253417969}"
204560,1,2628.4001,2628.4001,False,1.0,"{""inversion_rho"":null,""inversion_channel"":29.5,""period_ms"":68.79997253417969}"
204560,1,2697.2001,2697.2001,False,1.0,"{""inversion_rho"":null,""inversion_channel"":30.5,""period_ms"":68.79997253417969}"
204560,1,2753.4001,2753.4001,False,1.0,"{""inversion_rho"":null,""inversion_channel"":22.5,""period_ms"":68.79997253417969}"
204560,1,2758.8,2758.8,False,1.0,"{""inversion_rho"":null,""inversion_channel"":31.5,""period_ms"":29.599905014038086}"
204560,1,2788.3999,2788.3999,False,0.25,"{""inversion_rho"":null,""inversion_channel"":42.5,""period_ms"":29.599905014038086}"
204560,1,2837.1999,2837.1999,False,0.25,"{""inversion_rho"":null,""inversion_channel"":17.5,""period_ms"":29.599905014038086}"
204560,1,2865.9,2865.9,False,1.0,"{""inversion_rho"":null,""inversion_channel"":17.5,""period_ms"":29.599905014038086}"
204560,1,2944.9999,2944.9999,False,1.0,"{""inversion_rho"":null,""inversion_channel"":14.5,""period_ms"":null}"
204560,1,3146.6,3146.6,False,0.5,"{""inversion_rho"":null,""inversion_channel"":24.5,""period_ms"":null}"
204560,1,3211.9999,3211.9999,False,1.0,"{""inversion_rho"":null,""inversion_channel"":28.5,""period_ms"":null}"
204560,1,3223.4001,3223.4001,False,1.0,"{""inversion_rho"":null,""inversion_channel"":22.0,""period_ms"":null}"
204560,1,3287.1001,3287.1001,False,1.0,"{""inversion_rho"":null,""inversion_channel"":17.0,""period_ms"":145.39992809295654}"
204560,1,3372.4999,3372.4999,False,1.0,"{""inversion_rho"":null,""inversion_channel"":16.5,""period_ms"":145.39992809295654}"
204560,1,3577.8999,3577.8999,False,1.0,"{""inversion_rho"":null,""inversion_channel"":28.5,""period_ms"":145.39992809295654}"
204560,1,3639.4999,3639.4999,False,1.0,"{""inversion_rho"":null,""inversion_channel"":30.5,""period_ms"":19.299983978271484}"
204560,1,3674.2001,3674.2001,False,1.0,"{""inversion_rho"":null,""inversion_channel"":21.5,""period_ms"":19.299983978271484}"
204560,1,3693.5,3693.5,False,1.0,"{""inversion_rho"":null,""inversion_channel"":31.5,""period_ms"":19.299983978271484}"
204560,1,3707.9,3707.9,False,0.5,"{""inversion_rho"":null,""inversion_channel"":44.5,""period_ms"":19.299983978271484}"
204560,1,3789.7999,3789.7999,False,1.0,"{""inversion_rho"":null,""inversion_channel"":18.0,""period_ms"":39.90006446838379}"
204560,1,3827.8,3827.8,False,1.0,"{""inversion_rho"":null,""inversion_channel"":14.5,""period_ms"":39.90006446838379}"
204560,1,3867.7001,3867.7001,False,0.75,"{""inversion_rho"":null,""inversion_channel"":18.0,""period_ms"":39.90006446838379}"
204560,1,3922.4,3922.4,False,1.0,"{""inversion_rho"":null,""inversion_channel"":14.0,""period_ms"":39.90006446838379}"
204560,1,3931.7999,3931.7999,False,1.0,"{""inversion_rho"":null,""inversion_channel"":17.5,""period_ms"":64.79978561401367}"
204560,1,4015.2001,4015.2001,False,0.25,"{""inversion_rho"":null,""inversion_channel"":22.5,""period_ms"":64.79978561401367}"
204560,1,4079.9999,4079.9999,False,1.0,"{""inversion_rho"":null,""inversion_channel"":24.5,""period_ms"":64.79978561401367}"
204560,1,4113.2002,4113.2002,False,1.0,"{""inversion_rho"":null,""inversion_channel"":27.5,""period_ms"":64.79978561401367}"
204560,1,4120.2002,4120.2002,False,0.375,"{""inversion_rho"":null,""inversion_channel"":27.5,""period_ms"":43.399810791015625}"
204560,1,4167.5,4167.5,False,1.0,"{""inversion_rho"":null,""inversion_channel"":31.5,""period_ms"":43.399810791015625}"
204560,1,4187.9001,4187.9001,False,1.0,"{""inversion_rho"":null,""inversion_channel"":31.5,""period_ms"":43.399810791015625}"
204560,1,4210.8998,4210.8998,False,0.5,"{""inversion_rho"":null,""inversion_channel"":22.5,""period_ms"":43.399810791015625}"
204560,1,4230.1002,4230.1002,False,1.0,"{""inversion_rho"":null,""inversion_channel"":13.0,""period_ms"":43.399810791015625}"
204560,1,4261.7002,4261.7002,False,0.875,"{""inversion_rho"":null,""inversion_channel"":17.5,""period_ms"":43.399810791015625}"
204560,1,4298.6002,4298.6002,False,1.0,"{""inversion_rho"":null,""inversion_channel"":12.5,""period_ms"":43.399810791015625}"
204560,1,4343.5001,4343.5001,False,1.0,"{""inversion_rho"":null,""inversion_channel"":34.5,""period_ms"":43.399810791015625}"
204560,1,4384.1,4384.1,False,1.0,"{""inversion_rho"":null,""inversion_channel"":33.5,""period_ms"":43.399810791015625}"
204560,1,4423.8,4423.8,False,1.0,"{""inversion_rho"":null,""inversion_channel"":33.5,""period_ms"":43.399810791015625}"
204560,1,4466.4001,4466.4001,False,1.0,"{""inversion_rho"":null,""inversion_channel"":32.5,""period_ms"":43.399810791015625}"
204560,1,4509.3999,4509.3999,False,1.0,"{""inversion_rho"":null,""inversion_channel"":32.5,""period_ms"":43.399810791015625}"
204560,1,4552.8998,4552.8998,False,1.0,"{""inversion_rho"":null,""inversion_channel"":31.5,""period_ms"":43.399810791015625}"
204560,1,4595.6001,4595.6001,False,1.0,"{""inversion_rho"":null,""inversion_channel"":31.5,""period_ms"":43.399810791015625}"
204560,1,4638.8998,4638.8998,False,1.0,"{""inversion_rho"":null,""inversion_channel"":30.5,""period_ms"":43.399810791015625}"
204560,1,4682.6,4682.6,False,1.0,"{""inversion_rho"":null,""inversion_channel"":29.5,""period_ms"":43.399810791015625}"
204560,1,4728.4002,4728.4002,False,0.25,"{""inversion_rho"":null,""inversion_channel"":29.0,""period_ms"":43.399810791015625}"
204560,1,4775.0001,4775.0001,False,1.0,"{""inversion_rho"":null,""inversion_channel"":27.5,""period_ms"":43.399810791015625}"
204560,1,4820.7002,4820.7002,False,0.375,"{""inversion_rho"":null,""inversion_channel"":26.5,""period_ms"":43.399810791015625}"
204560,1,4867.0001,4867.0001,False,1.0,"{""inversion_rho"":null,""inversion_channel"":23.5,""period_ms"":43.399810791015625}"
204560,1,4910.8,4910.8,False,0.5,"{""inversion_rho"":null,""inversion_channel"":23.5,""period_ms"":43.399810791015625}"
204560,1,4959.7001,4959.7001,False,1.0,"{""inversion_rho"":null,""inversion_channel"":20.5,""period_ms"":43.399810791015625}"
204560,1,5030.0002,5030.0002,False,1.0,"{""inversion_rho"":null,""inversion_channel"":20.0,""period_ms"":43.399810791015625}"
204560,1,5052.1002,5052.1002,False,1.0,"{""inversion_rho"":null,""inversion_channel"":19.0,""period_ms"":null}"
204560,1,5072.8998,5072.8998,False,1.0,"{""inversion_rho"":null,""inversion_channel"":17.5,""period_ms"":null}"
204560,1,46.1,88.9,True,1.0,"{""inversion_rho"":null,""inversion_channel"":2.5,""period_ms"":21.399999037384987}"
204560,1,1589.3,1766.4,True,1.0,"{""inversion_rho"":null,""inversion_channel"":15.5,""period_ms"":88.54997158050537}"
204560,1,1781.1,2005.8999,True,1.0,"{""inversion_rho"":null,""inversion_channel"":14.5,""period_ms"":112.39993572235107}"
204560,1,2012.7001,2198.2999,True,1.0,"{""inversion_rho"":null,""inversion_channel"":23.5,""period_ms"":61.100006103515625}"
204560,1,2207.2999,2290.1001,True,1.0,"{""inversion_rho"":null,""inversion_channel"":19.5,""period_ms"":41.40007495880127}"
204560,1,2306.9999,2753.4001,True,1.0,"{""inversion_rho"":null,""inversion_channel"":20.0,""period_ms"":68.79997253417969}"
204560,1,2758.8,2865.9,True,1.0,"{""inversion_rho"":null,""inversion_channel"":24.5,""period_ms"":29.599905014038086}"
204560,1,3287.1001,3577.8999,True,1.0,"{""inversion_rho"":null,""inversion_channel"":17.0,""period_ms"":145.39992809295654}"
204560,1,3639.4999,3707.9,True,1.0,"{""inversion_rho"":null,""inversion_channel"":31.0,""period_ms"":19.299983978271484}"
204560,1,3789.7999,3922.4,True,1.0,"{""inversion_rho"":null,""inversion_channel"":16.25,""period_ms"":39.90006446838379}"
204560,1,3931.7999,4113.2002,True,1.0,"{""inversion_rho"":null,""inversion_channel"":23.5,""period_ms"":64.79978561401367}"
204560,1,4120.2002,5030.0002,True,1.0,"{""inversion_rho"":null,""inversion_channel"":29.0,""period_ms"":43.399810791015625}"
204652,1,56.9,56.9,False,0.25,"{""inversion_rho"":null,""inversion_channel"":1.5,""period_ms"":null}"
204652,1,88.6,88.6,False,1.0,"{""inversion_rho"":null,""inversion_channel"":3.5,""period_ms"":null}"
204652,1,1435.9,1435.9,False,0.375,"{""inversion_rho"":null,""inversion_channel"":27.5,""period_ms"":null}"
204652,1,1517.1,1517.1,False,0.875,"{""inversion_rho"":null,""inversion_channel"":19.0,""period_ms"":null}"
204652,1,1522.4,1522.4,False,1.0,"{""inversion_rho"":null,""inversion_channel"":17.5,""period_ms"":40.79997539520264}"
204652,1,1570.5,1570.5,False,1.0,"{""inversion_rho"":null,""inversion_channel"":17.0,""period_ms"":40.79997539520264}"
204652,1,1610.2,1610.2,False,1.0,"{""inversion_rho"":null,""inversion_channel"":17.5,""period_ms"":40.79997539520264}"
204652,1,1651.0,1651.0,False,1.0,"{""inversion_rho"":null,""inversion_channel"":17.5,""period_ms"":40.79997539520264}"
204652,1,1662.6,1662.6,False,1.0,"{""inversion_rho"":null,""inversion_channel"":16.5,""period_ms"":35.50004959106445}"
204652,1,1702.1,1702.1,False,1.0,"{""inversion_rho"":null,""inversion_channel"":16.5,""period_ms"":35.50004959106445}"
204652,1,1721.3,1721.3,False,1.0,"{""inversion_rho"":null,""inversion_channel"":17.0,""period_ms"":35.50004959106445}"
204652,1,1756.8001,1756.8001,False,1.0,"{""inversion_rho"":null,""inversion_channel"":14.5,""period_ms"":35.50004959106445}"
204652,1,1779.0,1779.0,False,1.0,"{""inversion_rho"":null,""inversion_channel"":16.5,""period_ms"":35.50004959106445}"
204652,1,1816.7,1816.7,False,1.0,"{""inversion_rho"":null,""inversion_channel"":14.5,""period_ms"":35.50004959106445}"
204652,1,1827.5,1827.5,False,1.0,"{""inversion_rho"":null,""inversion_channel"":15.5,""period_ms"":null}"
204652,1,1861.2,1861.2,False,1.0,"{""inversion_rho"":null,""inversion_channel"":41.5,""period_ms"":null}"
204652,1,1867.6,1867.6,False,1.0,"{""inversion_rho"":null,""inversion_channel"":15.5,""period_ms"":27.99999713897705}"
204652,1,1901.8,1901.8,False,1.0,"{""inversion_rho"":null,""inversion_channel"":13.5,""period_ms"":27.99999713897705}"
204652,1,1921.5,1921.5,False,1.0,"{""inversion_rho"":null,""inversion_channel"":16.5,""period_ms"":27.99999713897705}"
204652,1,1954.5,1954.5,False,1.0,"{""inversion_rho"":null,""inversion_channel"":13.5,""period_ms"":27.99999713897705}"
204652,1,1975.9001,1975.9001,False,1.0,"{""inversion_rho"":null,""inversion_channel"":16.5,""period_ms"":27.99999713897705}"
204652,1,2003.9001,2003.9001,False,0.25,"{""inversion_rho"":null,""inversion_channel"":29.5,""period_ms"":27.99999713897705}"
204652,1,2011.3001,2011.3001,False,1.0,"{""inversion_rho"":null,""inversion_channel"":14.0,""period_ms"":27.899861335754395}"
204652,1,2036.6001,2036.6001,False,1.0,"{""inversion_rho"":null,""inversion_channel"":16.5,""period_ms"":27.899861335754395}"
204652,1,2074.5001,2074.5001,False,1.0,"{""inversion_rho"":null,""inversion_channel"":13.5,""period_ms"":27.899861335754395}"
204652,1,2100.1999,2100.1999,False,1.0,"{""inversion_rho"":null,""inversion_channel"":15.5,""period_ms"":27.899861335754395}"
204652,1,2134.5,2134.5,False,1.0,"{""inversion_rho"":null,""inversion_channel"":13.5,""period_ms"":27.899861335754395}"
204652,1,2152.1001,2152.1001,False,1.0,"{""inversion_rho"":null,""inversion_channel"":16.5,""period_ms"":27.899861335754395}"
204652,1,2182.2,2182.2,False,1.0,"{""inversion_rho"":null,""inversion_channel"":13.5,""period_ms"":27.899861335754395}"
204652,1,2191.0,2191.0,False,1.0,"{""inversion_rho"":null,""inversion_channel"":14.5,""period_ms"":31.149983406066895}"
204652,1,2225.6,2225.6,False,1.0,"{""inversion_rho"":null,""inversion_channel"":14.0,""period_ms"":31.149983406066895}"
204652,1,2259.3,2259.3,False,1.0,"{""inversion_rho"":null,""inversion_channel"":13.5,""period_ms"":31.149983406066895}"
204652,1,2280.9,2280.9,False,1.0,"{""inversion_rho"":null,""inversion_channel"":16.5,""period_ms"":31.149983406066895}"
204652,1,2312.4001,2312.4001,False,0.25,"{""inversion_rho"":null,""inversion_channel"":29.5,""period_ms"":31.149983406066895}"
204652,1,2325.2001,2325.2001,False,1.0,"{""inversion_rho"":null,""inversion_channel"":15.5,""period_ms"":31.149983406066895}"
204652,1,2355.9999,2355.9999,False,0.625,"{""inversion_rho"":null,""inversion_channel"":13.5,""period_ms"":31.149983406066895}"
204652,1,2364.7001,2364.7001,False,1.0,"{""inversion_rho"":null,""inversion_channel"":14.5,""period_ms"":27.499914169311523}"
204652,1,2401.5,2401.5,False,1.0,"{""inversion_rho"":null,""inversion_channel"":14.5,""period_ms"":27.499914169311523}"
204652,1,2428.9999,2428.9999,False,1.0,"{""inversion_rho"":null,""inversion_channel"":14.0,""period_ms"":27.499914169311523}"
204652,1,2443.0001,2443.0001,False,1.0,"{""inversion_rho"":null,""inversion_channel"":16.5,""period_ms"":27.499914169311523}"
204652,1,2479.3999,2479.3999,False,1.0,"{""inversion_rho"":null,""inversion_channel"":13.0,""period_ms"":null}"
204652,1,2490.4001,2490.4001,False,1.0,"{""inversion_rho"":null,""inversion_channel"":12.5,""period_ms"":null}"
204652,1,2561.3999,2561.3999,False,1.0,"{""inversion_rho"":null,""inversion_channel"":10.5,""period_ms"":null}"
204652,1,2683.1,2683.1,False,1.0,"{""inversion_rho"":null,""inversion_channel"":9.5,""period_ms"":null}"
204652,1,2695.8001,2695.8001,False,1.0,"{""inversion_rho"":null,""inversion_channel"":24.5,""period_ms"":null}"
204652,1,2706.7001,2706.7001,False,1.0,"{""inversion_rho"":null,""inversion_channel"":7.5,""period_ms"":null}"
204652,1,2752.3999,2752.3999,False,0.625,"{""inversion_rho"":null,""inversion_channel"":27.5,""period_ms"":null}"
204652,1,2759.1,2759.1,False,0.375,"{""inversion_rho"":null,""inversion_channel"":31.0,""period_ms"":null}"
204652,1,2797.1001,2797.1001,False,1.0,"{""inversion_rho"":null,""inversion_channel"":11.0,""period_ms"":20.650029182434082}"
204652,1,2819.6001,2819.6001,False,1.0,"{""inversion_rho"":null,""inversion_channel"":11.5,""period_ms"":20.650029182434082}"
204652,1,2835.0,2835.0,False,0.75,"{""inversion_rho"":null,""inversion_channel"":12.5,""period_ms"":20.650029182434082}"
204652,1,2842.7,2842.7,False,1.0,"{""inversion_rho"":null,""inversion_channel"":33.5,""period_ms"":20.650029182434082}"
204652,1,2861.5,2861.5,False,1.0,"{""inversion_rho"":null,""inversion_channel"":26.5,""period_ms"":20.650029182434082}"
204652,1,2891.9001,2891.9001,False,1.0,"{""inversion_rho"":null,""inversion_channel"":40.0,""period_ms"":20.650029182434082}"
204652,1,2919.6,2919.6,False,0.625,"{""inversion_rho"":null,""inversion_channel"":24.0,""period_ms"":20.650029182434082}"
204652,1,2925.4999,2925.4999,False,1.0,"{""inversion_rho"":null,""inversion_channel"":12.0,""period_ms"":11.600017547607422}"
204652,1,2934.9999,2934.9999,False,1.0,"{""inversion_rho"":null,""inversion_channel"":22.0,""period_ms"":11.600017547607422}"
204652,1,2946.6,2946.6,False,1.0,"{""inversion_rho"":null,""inversion_channel"":33.5,""period_ms"":11.600017547607422}"
204652,1,2957.0999,2957.0999,False,0.5,"{""inversion_rho"":null,""inversion_channel"":23.0,""period_ms"":11.600017547607422}"
204652,1,2975.8999,2975.8999,False,0.625,"{""inversion_rho"":null,""inversion_channel"":19.0,""period_ms"":11.600017547607422}"
204652,1,3003.0999,3003.0999,False,1.0,"{""inversion_rho"":null,""inversion_channel"":10.0,""period_ms"":11.600017547607422}"
204652,1,1522.4,1651.0,True,1.0,"{""inversion_rho"":null,""inversion_channel"":17.5,""period_ms"":40.79997539520264}"
204652,1,1662.6,1816.7,True,1.0,"{""inversion_rho"":null,""inversion_channel"":16.5,""period_ms"":35.50004959106445}"
204652,1,1867.6,2003.9001,True,1.0,"{""inversion_rho"":null,""inversion_channel"":16.0,""period_ms"":27.99999713897705}"
204652,1,2011.3001,2182.2,True,1.0,"{""inversion_rho"":null,""inversion_channel"":14.0,""period_ms"":27.899861335754395}"
204652,1,2191.0,2355.9999,True,1.0,"{""inversion_rho"":null,""inversion_channel"":14.5,""period_ms"":31.149983406066895}"
204652,1,2364.7001,2443.0001,True,1.0,"{""inversion_rho"":null,""inversion_channel"":14.5,""period_ms"":27.499914169311523}"
204652,1,2797.1001,2919.6,True,1.0,"{""inversion_rho"":null,""inversion_channel"":24.0,""period_ms"":20.650029182434082}"
204652,1,2925.4999,3003.0999,True,1.0,"{""inversion_rho"":null,""inversion_channel"":20.5,""period_ms"":11.600017547607422}"
204687,1,65.4,65.4,False,0.875,"{""inversion_rho"":null,""inversion_channel"":3.5,""period_ms"":null}"
204687,1,86.8,86.8,False,1.0,"{""inversion_rho"":null,""inversion_channel"":4.5,""period_ms"":null}"
204687,1,1338.1,1338.1,False,0.25,"{""inversion_rho"":null,""inversion_channel"":27.5,""period_ms"":11.349976062774658}"
204687,1,1346.4,1346.4,False,0.25,"{""inversion_rho"":null,""inversion_channel"":23.5,""period_ms"":11.349976062774658}"
204687,1,1360.9,1360.9,False,0.25,"{""inversion_rho"":null,""inversion_channel"":7.0,""period_ms"":11.349976062774658}"
204687,1,1374.2,1374.2,False,0.375,"{""inversion_rho"":null,""inversion_channel"":31.5,""period_ms"":11.349976062774658}"
204687,1,1383.6,1383.6,False,0.875,"{""inversion_rho"":null,""inversion_channel"":31.5,""period_ms"":11.349976062774658}"
204687,1,1530.5001,1530.5001,False,0.875,"{""inversion_rho"":null,""inversion_channel"":26.0,""period_ms"":null}"
204687,1,1550.6001,1550.6001,False,1.0,"{""inversion_rho"":null,""inversion_channel"":18.5,""period_ms"":null}"
204687,1,1611.2,1611.2,False,1.0,"{""inversion_rho"":null,""inversion_channel"":18.5,""period_ms"":33.20002555847168}"
204687,1,1652.6,1652.6,False,1.0,"{""inversion_rho"":null,""inversion_channel"":17.0,""period_ms"":33.20002555847168}"
204687,1,1674.4,1674.4,False,1.0,"{""inversion_rho"":null,""inversion_channel"":17.5,""period_ms"":33.20002555847168}"
204687,1,1714.4001,1714.4001,False,1.0,"{""inversion_rho"":null,""inversion_channel"":16.5,""period_ms"":33.20002555847168}"
204687,1,1734.0,1734.0,False,0.5,"{""inversion_rho"":null,""inversion_channel"":17.5,""period_ms"":33.20002555847168}"
204687,1,1767.2,1767.2,False,0.375,"{""inversion_rho"":null,""inversion_channel"":30.0,""period_ms"":33.20002555847168}"
204687,1,1774.0,1774.0,False,0.625,"{""inversion_rho"":null,""inversion_channel"":15.5,""period_ms"":20.850002765655518}"
204687,1,1796.3001,1796.3001,False,1.0,"{""inversion_rho"":null,""inversion_channel"":17.0,""period_ms"":20.850002765655518}"
204687,1,1808.8,1808.8,False,0.625,"{""inversion_rho"":null,""inversion_channel"":33.0,""period_ms"":20.850002765655518}"
204687,1,1819.0,1819.0,False,0.375,"{""inversion_rho"":null,""inversion_channel"":28.0,""period_ms"":20.850002765655518}"
204687,1,1836.8,1836.8,False,1.0,"{""inversion_rho"":null,""inversion_channel"":17.0,""period_ms"":20.850002765655518}"
204687,1,1872.9,1872.9,False,0.75,"{""inversion_rho"":null,""inversion_channel"":14.5,""period_ms"":20.850002765655518}"
204687,1,1891.5,1891.5,False,1.0,"{""inversion_rho"":null,""inversion_channel"":15.5,""period_ms"":20.850002765655518}"
204687,1,1935.2,1935.2,False,1.0,"{""inversion_rho"":null,""inversion_channel"":17.5,""period_ms"":20.850002765655518}"
204687,1,1969.9,1969.9,False,0.75,"{""inversion_rho"":null,""inversion_channel"":14.5,""period_ms"":20.850002765655518}"
204687,1,1989.3,1989.3,False,1.0,"{""inversion_rho"":null,""inversion_channel"":16.5,""period_ms"":20.850002765655518}"
204687,1,2018.4,2018.4,False,0.625,"{""inversion_rho"":null,""inversion_channel"":22.5,""period_ms"":20.850002765655518}"
204687,1,2023.9999,2023.9999,False,1.0,"{""inversion_rho"":null,""inversion_channel"":15.5,""period_ms"":10.900020599365234}"
204687,1,2035.2001,2035.2001,False,1.0,"{""inversion_rho"":null,""inversion_channel"":32.5,""period_ms"":10.900020599365234}"
204687,1,2045.8,2045.8,False,1.0,"{""inversion_rho"":null,""inversion_channel"":17.5,""period_ms"":10.900020599365234}"
204687,1,2079.7999,2079.7999,False,0.375,"{""inversion_rho"":null,""inversion_channel"":14.0,""period_ms"":null}"
204687,1,2089.2,2089.2,False,1.0,"{""inversion_rho"":null,""inversion_channel"":15.5,""period_ms"":null}"
204687,1,2121.4001,2121.4001,False,1.0,"{""inversion_rho"":null,""inversion_channel"":15.5,""period_ms"":9.749889373779297}"
204687,1,2129.8001,2129.8001,False,0.5,"{""inversion_rho"":null,""inversion_channel"":27.5,""period_ms"":9.749889373779297}"
204687,1,2140.8999,2140.8999,False,1.0,"{""inversion_rho"":null,""inversion_channel"":15.5,""period_ms"":9.749889373779297}"
204687,1,2171.6001,2171.6001,False,1.0,"{""inversion_rho"":null,""inversion_channel"":15.5,""period_ms"":null}"
204687,1,2183.1999,2183.1999,False,1.0,"{""inversion_rho"":null,""inversion_channel"":16.5,""period_ms"":null}"
204687,1,2215.1999,2215.1999,False,1.0,"{""inversion_rho"":null,""inversion_channel"":14.5,""period_ms"":10.55002212524414}"
204687,1,2224.2,2224.2,False,0.5,"{""inversion_rho"":null,""inversion_channel"":27.5,""period_ms"":10.55002212524414}"
204687,1,2236.3,2236.3,False,1.0,"{""inversion_rho"":null,""inversion_channel"":15.5,""period_ms"":10.55002212524414}"
204687,1,2267.2999,2267.2999,False,1.0,"{""inversion_rho"":null,""inversion_channel"":14.5,""period_ms"":11.00003719329834}"
204687,1,2276.0999,2276.0999,False,1.0,"{""inversion_rho"":null,""inversion_channel"":16.5,""period_ms"":11.00003719329834}"
204687,1,2292.1,2292.1,False,0.375,"{""inversion_rho"":null,""inversion_channel"":31.5,""period_ms"":11.00003719329834}"
204687,1,2305.3,2305.3,False,1.0,"{""inversion_rho"":null,""inversion_channel"":32.0,""period_ms"":11.00003719329834}"
204687,1,2311.8999,2311.8999,False,1.0,"{""inversion_rho"":null,""inversion_channel"":16.5,""period_ms"":11.00003719329834}"
204687,1,2342.2,2342.2,False,0.75,"{""inversion_rho"":null,""inversion_channel"":13.5,""period_ms"":null}"
204687,1,2349.9999,2349.9999,False,1.0,"{""inversion_rho"":null,""inversion_channel"":14.5,""period_ms"":null}"
204687,1,2382.6001,2382.6001,False,0.625,"{""inversion_rho"":null,""inversion_channel"":13.5,""period_ms"":16.649961471557617}"
204687,1,2396.5001,2396.5001,False,1.0,"{""inversion_rho"":null,""inversion_channel"":14.5,""period_ms"":16.649961471557617}"
204687,1,2413.1999,2413.1999,False,0.25,"{""inversion_rho"":null,""inversion_channel"":31.5,""period_ms"":16.649961471557617}"
204687,1,2429.8,2429.8,False,1.0,"{""inversion_rho"":null,""inversion_channel"":14.5,""period_ms"":16.649961471557617}"
204687,1,2439.3001,2439.3001,False,0.75,"{""inversion_rho"":null,""inversion_channel"":27.5,""period_ms"":16.649961471557617}"
204687,1,2453.1,2453.1,False,1.0,"{""inversion_rho"":null,""inversion_channel"":15.5,""period_ms"":16.649961471557617}"
204687,1,2486.1,2486.1,False,1.0,"{""inversion_rho"":null,""inversion_channel"":40.0,""period_ms"":16.649961471557617}"
204687,1,2506.0,2506.0,False,1.0,"{""inversion_rho"":null,""inversion_channel"":16.5,""period_ms"":16.649961471557617}"
204687,1,2541.1,2541.1,False,1.0,"{""inversion_rho"":null,""inversion_channel"":13.5,""period_ms"":16.649961471557617}"
204687,1,2553.9,2553.9,False,1.0,"{""inversion_rho"":null,""inversion_channel"":17.0,""period_ms"":29.999971389770508}"
204687,1,2589.0,2589.0,False,1.0,"{""inversion_rho"":null,""inversion_channel"":14.5,""period_ms"":29.999971389770508}"
204687,1,2607.1999,2607.1999,False,1.0,"{""inversion_rho"":null,""inversion_channel"":16.5,""period_ms"":29.999971389770508}"
204687,1,2640.5001,2640.5001,False,1.0,"{""inversion_rho"":null,""inversion_channel"":27.5,""period_ms"":29.999971389770508}"
204687,1,2655.7,2655.7,False,1.0,"{""inversion_rho"":null,""inversion_channel"":15.5,""period_ms"":29.999971389770508}"
204687,1,2685.6999,2685.6999,False,0.5,"{""inversion_rho"":null,""inversion_channel"":14.5,""period_ms"":29.999971389770508}"
204687,1,2691.6001,2691.6001,False,1.0,"{""inversion_rho"":null,""inversion_channel"":16.5,""period_ms"":null}"
204687,1,2719.8,2719.8,False,0.625,"{""inversion_rho"":null,""inversion_channel"":41.5,""period_ms"":null}"
204687,1,2725.1999,2725.1999,False,1.0,"{""inversion_rho"":null,""inversion_channel"":15.5,""period_ms"":null}"
204687,1,2750.7999,2750.7999,False,0.875,"{""inversion_rho"":null,""inversion_channel"":13.5,""period_ms"":null}"
204687,1,2758.8999,2758.8999,False,1.0,"{""inversion_rho"":null,""inversion_channel"":14.5,""period_ms"":29.999971389770508}"
204687,1,2790.7,2790.7,False,0.625,"{""inversion_rho"":null,""inversion_channel"":13.5,""period_ms"":29.999971389770508}"
204687,1,2806.9999,2806.9999,False,1.0,"{""inversion_rho"":null,""inversion_channel"":16.5,""period_ms"":29.999971389770508}"
204687,1,2836.9999,2836.9999,False,0.25,"{""inversion_rho"":null,""inversion_channel"":14.0,""period_ms"":29.999971389770508}"
204687,1,2854.1,2854.1,False,1.0,"{""inversion_rho"":null,""inversion_channel"":16.5,""period_ms"":29.999971389770508}"
204687,1,2887.9001,2887.9001,False,1.0,"{""inversion_rho"":null,""inversion_channel"":15.5,""period_ms"":29.999971389770508}"
204687,1,2910.9001,2910.9001,False,1.0,"{""inversion_rho"":null,""inversion_channel"":16.5,""period_ms"":29.999971389770508}"
204687,1,2943.7001,2943.7001,False,1.0,"{""inversion_rho"":null,""inversion_channel"":13.5,""period_ms"":29.999971389770508}"
204687,1,2954.9999,2954.9999,False,1.0,"{""inversion_rho"":null,""inversion_channel"":15.5,""period_ms"":null}"
204687,1,2983.7,2983.7,False,0.5,"{""inversion_rho"":null,""inversion_channel"":28.5,""period_ms"":null}"
204687,1,2989.0001,2989.0001,False,1.0,"{""inversion_rho"":null,""inversion_channel"":14.5,""period_ms"":27.750015258789062}"
204687,1,3014.8001,3014.8001,False,1.0,"{""inversion_rho"":null,""inversion_channel"":15.5,""period_ms"":27.750015258789062}"
204687,1,3044.5001,3044.5001,False,0.625,"{""inversion_rho"":null,""inversion_channel"":14.0,""period_ms"":27.750015258789062}"
204687,1,3051.8,3051.8,False,1.0,"{""inversion_rho"":null,""inversion_channel"":14.5,""period_ms"":11.300086975097656}"
204687,1,3063.1001,3063.1001,False,0.375,"{""inversion_rho"":null,""inversion_channel"":27.5,""period_ms"":11.300086975097656}"
204687,1,3079.2,3079.2,False,0.5,"{""inversion_rho"":null,""inversion_channel"":14.0,""period_ms"":11.300086975097656}"
204687,1,3088.2001,3088.2001,False,1.0,"{""inversion_rho"":null,""inversion_channel"":15.5,""period_ms"":11.300086975097656}"
204687,1,3120.8,3120.8,False,1.0,"{""inversion_rho"":null,""inversion_channel"":14.0,""period_ms"":23.149967193603516}"
204687,1,3137.9001,3137.9001,False,1.0,"{""inversion_rho"":null,""inversion_channel"":16.5,""period_ms"":23.149967193603516}"
204687,1,3167.1,3167.1,False,0.25,"{""inversion_rho"":null,""inversion_channel"":13.5,""period_ms"":23.149967193603516}"
204687,1,3175.0,3175.0,False,1.0,"{""inversion_rho"":null,""inversion_channel"":16.5,""period_ms"":null}"
204687,1,3203.3,3203.3,False,1.0,"{""inversion_rho"":null,""inversion_channel"":14.5,""period_ms"":null}"
204687,1,3211.9999,3211.9999,False,1.0,"{""inversion_rho"":null,""inversion_channel"":15.5,""period_ms"":null}"
204687,1,3243.2001,3243.2001,False,0.875,"{""inversion_rho"":null,""inversion_channel"":13.5,""period_ms"":null}"
204687,1,3249.8,3249.8,False,1.0,"{""inversion_rho"":null,""inversion_channel"":15.5,""period_ms"":21.899938583374023}"
204687,1,3260.5,3260.5,False,0.375,"{""inversion_rho"":null,""inversion_channel"":35.5,""period_ms"":21.899938583374023}"
204687,1,3282.3999,3282.3999,False,1.0,"{""inversion_rho"":null,""inversion_channel"":17.5,""period_ms"":21.899938583374023}"
204687,1,3313.4,3313.4,False,1.0,"{""inversion_rho"":null,""inversion_channel"":14.5,""period_ms"":21.899938583374023}"
204687,1,3329.7999,3329.7999,False,1.0,"{""inversion_rho"":null,""inversion_channel"":15.5,""period_ms"":21.899938583374023}"
204687,1,3360.1,3360.1,False,1.0,"{""inversion_rho"":null,""inversion_channel"":13.5,""period_ms"":21.899938583374023}"
204687,1,3366.8001,3366.8001,False,1.0,"{""inversion_rho"":null,""inversion_channel"":15.5,""period_ms"":32.09996223449707}"
204687,1,3399.2,3399.2,False,1.0,"{""inversion_rho"":null,""inversion_channel"":14.5,""period_ms"":32.09996223449707}"
204687,1,3427.0,3427.0,False,1.0,"{""inversion_rho"":null,""inversion_channel"":16.5,""period_ms"":32.09996223449707}"
204687,1,3459.1,3459.1,False,1.0,"{""inversion_rho"":null,""inversion_channel"":14.5,""period_ms"":32.09996223449707}"
204687,1,3467.9,3467.9,False,1.0,"{""inversion_rho"":null,""inversion_channel"":15.5,""period_ms"":31.69989585876465}"
204687,1,3499.5999,3499.5999,False,0.625,"{""inversion_rho"":null,""inversion_channel"":14.0,""period_ms"":31.69989585876465}"
204687,1,3513.9999,3513.9999,False,1.0,"{""inversion_rho"":null,""inversion_channel"":16.5,""period_ms"":31.69989585876465}"
204687,1,3546.7999,3546.7999,False,1.0,"{""inversion_rho"":null,""inversion_channel"":14.5,""period_ms"":31.69989585876465}"
204687,1,3556.0,3556.0,False,1.0,"{""inversion_rho"":null,""inversion_channel"":14.5,""period_ms"":null}"
204687,1,3565.0001,3565.0001,False,1.0,"{""inversion_rho"":null,""inversion_channel"":15.5,""period_ms"":null}"
204687,1,3595.0999,3595.0999,False,0.25,"{""inversion_rho"":null,""inversion_channel"":33.0,""period_ms"":null}"
204687,1,3604.0001,3604.0001,False,1.0,"{""inversion_rho"":null,""inversion_channel"":15.5,""period_ms"":null}"
204687,1,3633.3001,3633.3001,False,1.0,"{""inversion_rho"":null,""inversion_channel"":14.5,""period_ms"":null}"
204687,1,3645.6001,3645.6001,False,1.0,"{""inversion_rho"":null,""inversion_channel"":16.5,""period_ms"":null}"
204687,1,3678.6001,3678.6001,False,1.0,"{""inversion_rho"":null,""inversion_channel"":15.5,""period_ms"":28.299927711486816}"
204687,1,3703.5,3703.5,False,1.0,"{""inversion_rho"":null,""inversion_channel"":16.5,""period_ms"":28.299927711486816}"
204687,1,3735.8999,3735.8999,False,1.0,"{""inversion_rho"":null,""inversion_channel"":14.5,""period_ms"":28.299927711486816}"
204687,1,3750.0,3750.0,False,1.0,"{""inversion_rho"":null,""inversion_channel"":16.5,""period_ms"":28.299927711486816}"
204687,1,3781.6999,3781.6999,False,0.25,"{""inversion_rho"":null,""inversion_channel"":13.5,""period_ms"":28.299927711486816}"
204687,1,3787.9,3787.9,False,1.0,"{""inversion_rho"":null,""inversion_channel"":15.5,""period_ms"":null}"
204687,1,3816.6001,3816.6001,False,1.0,"{""inversion_rho"":null,""inversion_channel"":14.5,""period_ms"":null}"
204687,1,3826.0,3826.0,False,1.0,"{""inversion_rho"":null,""inversion_channel"":33.5,""period_ms"":null}"
204687,1,3834.3,3834.3,False,1.0,"{""inversion_rho"":null,""inversion_channel"":17.5,""period_ms"":null}"
204687,1,3861.1,3861.1,False,0.25,"{""inversion_rho"":null,""inversion_channel"":27.0,""period_ms"":27.9998779296875}"
204687,1,3866.6,3866.6,False,1.0,"{""inversion_rho"":null,""inversion_channel"":14.5,""period_ms"":27.9998779296875}"
204687,1,3874.5,3874.5,False,0.25,"{""inversion_rho"":null,""inversion_channel"":30.5,""period_ms"":27.9998779296875}"
204687,1,3889.3001,3889.3001,False,1.0,"{""inversion_rho"":null,""inversion_channel"":17.0,""period_ms"":27.9998779296875}"
204687,1,3918.6001,3918.6001,False,1.0,"{""inversion_rho"":null,""inversion_channel"":40.5,""period_ms"":27.9998779296875}"
204687,1,3934.7,3934.7,False,1.0,"{""inversion_rho"":null,""inversion_channel"":17.5,""period_ms"":27.9998779296875}"
204687,1,3963.1,3963.1,False,0.25,"{""inversion_rho"":null,""inversion_channel"":14.5,""period_ms"":27.9998779296875}"
204687,1,3981.3001,3981.3001,False,1.0,"{""inversion_rho"":null,""inversion_channel"":16.5,""period_ms"":27.9998779296875}"
204687,1,4016.6998,4016.6998,False,1.0,"{""inversion_rho"":null,""inversion_channel"":16.5,""period_ms"":27.9998779296875}"
204687,1,4050.6001,4050.6001,False,1.0,"{""inversion_rho"":null,""inversion_channel"":13.5,""period_ms"":27.9998779296875}"
204687,1,4084.6,4084.6,False,1.0,"{""inversion_rho"":null,""inversion_channel"":13.5,""period_ms"":27.9998779296875}"
204687,1,4112.7,4112.7,False,1.0,"{""inversion_rho"":null,""inversion_channel"":12.5,""period_ms"":27.9998779296875}"
204687,1,4136.7002,4136.7002,False,1.0,"{""inversion_rho"":null,""inversion_channel"":12.5,""period_ms"":27.9998779296875}"
204687,1,4164.7,4164.7,False,1.0,"{""inversion_rho"":null,""inversion_channel"":11.5,""period_ms"":27.9998779296875}"
204687,1,4180.3002,4180.3002,False,1.0,"{""inversion_rho"":null,""inversion_channel"":11.5,""period_ms"":27.9998779296875}"
204687,1,4217.4001,4217.4001,False,1.0,"{""inversion_rho"":null,""inversion_channel"":10.5,""period_ms"":27.9998779296875}"
204687,1,4245.2998,4245.2998,False,1.0,"{""inversion_rho"":null,""inversion_channel"":8.5,""period_ms"":27.9998779296875}"
204687,1,4277.5002,4277.5002,False,1.0,"{""inversion_rho"":null,""inversion_channel"":8.5,""period_ms"":27.9998779296875}"
204687,1,4304.6999,4304.6999,False,1.0,"{""inversion_rho"":null,""inversion_channel"":7.5,""period_ms"":27.9998779296875}"
204687,1,4323.9002,4323.9002,False,1.0,"{""inversion_rho"":null,""inversion_channel"":36.5,""period_ms"":27.9998779296875}"
204687,1,4365.9,4365.9,False,1.0,"{""inversion_rho"":null,""inversion_channel"":35.5,""period_ms"":27.9998779296875}"
204687,1,4395.9999,4395.9999,False,1.0,"{""inversion_rho"":null,""inversion_channel"":6.5,""period_ms"":27.9998779296875}"
204687,1,4409.4,4409.4,False,1.0,"{""inversion_rho"":null,""inversion_channel"":35.0,""period_ms"":27.9998779296875}"
204687,1,4438.3001,4438.3001,False,1.0,"{""inversion_rho"":null,""inversion_channel"":5.5,""period_ms"":27.9998779296875}"
204687,1,4449.6999,4449.6999,False,1.0,"{""inversion_rho"":null,""inversion_channel"":34.5,""period_ms"":18.2497501373291}"
204687,1,4482.2998,4482.2998,False,1.0,"{""inversion_rho"":null,""inversion_channel"":33.5,""period_ms"":18.2497501373291}"
204687,1,4504.3001,4504.3001,False,1.0,"{""inversion_rho"":null,""inversion_channel"":34.0,""period_ms"":18.2497501373291}"
204687,1,4524.7998,4524.7998,False,1.0,"{""inversion_rho"":null,""inversion_channel"":5.0,""period_ms"":18.2497501373291}"
204687,1,4539.0,4539.0,False,1.0,"{""inversion_rho"":null,""inversion_channel"":32.5,""period_ms"":18.2497501373291}"
204687,1,4571.4998,4571.4998,False,1.0,"{""inversion_rho"":null,""inversion_channel"":32.5,""period_ms"":18.2497501373291}"
204687,1,4593.5998,4593.5998,False,1.0,"{""inversion_rho"":null,""inversion_channel"":4.5,""period_ms"":18.2497501373291}"
204687,1,4607.5001,4607.5001,False,1.0,"{""inversion_rho"":null,""inversion_channel"":31.5,""period_ms"":18.2497501373291}"
204687,1,4636.4002,4636.4002,False,1.0,"{""inversion_rho"":null,""inversion_channel"":31.5,""period_ms"":18.2497501373291}"
204687,1,4661.6001,4661.6001,False,1.0,"{""inversion_rho"":null,""inversion_channel"":31.5,""period_ms"":18.2497501373291}"
204687,1,4684.4001,4684.4001,False,1.0,"{""inversion_rho"":null,""inversion_channel"":31.5,""period_ms"":18.2497501373291}"
204687,1,4700.3999,4700.3999,False,0.75,"{""inversion_rho"":null,""inversion_channel"":30.5,""period_ms"":18.2497501373291}"
204687,1,4706.9001,4706.9001,False,0.375,"{""inversion_rho"":null,""inversion_channel"":17.0,""period_ms"":18.2497501373291}"
204687,1,4720.3999,4720.3999,False,0.75,"{""inversion_rho"":null,""inversion_channel"":31.5,""period_ms"":18.2497501373291}"
204687,1,4734.0999,4734.0999,False,1.0,"{""inversion_rho"":null,""inversion_channel"":29.5,""period_ms"":18.2497501373291}"
204687,1,4741.7998,4741.7998,False,1.0,"{""inversion_rho"":null,""inversion_channel"":30.5,""period_ms"":18.2497501373291}"
204687,1,4747.6001,4747.6001,False,0.75,"{""inversion_rho"":null,""inversion_channel"":4.5,""period_ms"":18.2497501373291}"
204687,1,1338.1,1383.6,True,1.0,"{""inversion_rho"":null,""inversion_channel"":27.5,""period_ms"":11.349976062774658}"
204687,1,1611.2,1767.2,True,1.0,"{""inversion_rho"":null,""inversion_channel"":17.5,""period_ms"":33.20002555847168}"
204687,1,1774.0,2018.4,True,1.0,"{""inversion_rho"":null,""inversion_channel"":17.0,""period_ms"":20.850002765655518}"
204687,1,2023.9999,2045.8,True,1.0,"{""inversion_rho"":null,""inversion_channel"":17.5,""period_ms"":10.900020599365234}"
204687,1,2121.4001,2140.8999,True,1.0,"{""inversion_rho"":null,""inversion_channel"":15.5,""period_ms"":9.749889373779297}"
204687,1,2215.1999,2236.3,True,1.0,"{""inversion_rho"":null,""inversion_channel"":15.5,""period_ms"":10.55002212524414}"
204687,1,2267.2999,2311.8999,True,1.0,"{""inversion_rho"":null,""inversion_channel"":16.5,""period_ms"":11.00003719329834}"
204687,1,2382.6001,2541.1,True,1.0,"{""inversion_rho"":null,""inversion_channel"":15.5,""period_ms"":16.649961471557617}"
204687,1,2553.9,2685.6999,True,1.0,"{""inversion_rho"":null,""inversion_channel"":16.0,""period_ms"":29.999971389770508}"
204687,1,2758.8999,2943.7001,True,1.0,"{""inversion_rho"":null,""inversion_channel"":15.0,""period_ms"":29.999971389770508}"
204687,1,2989.0001,3044.5001,True,1.0,"{""inversion_rho"":null,""inversion_channel"":14.5,""period_ms"":27.750015258789062}"
204687,1,3051.8,3088.2001,True,1.0,"{""inversion_rho"":null,""inversion_channel"":15.0,""period_ms"":11.300086975097656}"
204687,1,3120.8,3167.1,True,1.0,"{""inversion_rho"":null,""inversion_channel"":14.0,""period_ms"":23.149967193603516}"
204687,1,3249.8,3360.1,True,1.0,"{""inversion_rho"":null,""inversion_channel"":15.5,""period_ms"":21.899938583374023}"
204687,1,3366.8001,3459.1,True,1.0,"{""inversion_rho"":null,""inversion_channel"":15.0,""period_ms"":32.09996223449707}"
204687,1,3467.9,3546.7999,True,1.0,"{""inversion_rho"":null,""inversion_channel"":15.0,""period_ms"":31.69989585876465}"
204687,1,3678.6001,3781.6999,True,1.0,"{""inversion_rho"":null,""inversion_channel"":15.5,""period_ms"":28.299927711486816}"
204687,1,3861.1,4438.3001,True,1.0,"{""inversion_rho"":null,""inversion_channel"":14.0,""period_ms"":27.9998779296875}"
204687,1,4449.6999,4747.6001,True,1.0,"{""inversion_rho"":null,""inversion_channel"":31.5,""period_ms"":18.2497501373291}"
204689,1,31.9,31.9,False,0.25,"{""inversion_rho"":null,""inversion_channel"":44.5,""period_ms"":16.749998554587364}"
204689,1,52.7,52.7,False,0.5,"{""inversion_rho"":null,""inversion_channel"":1.5,""period_ms"":16.749998554587364}"
204689,1,65.4,65.4,False,1.0,"{""inversion_rho"":null,""inversion_channel"":3.5,""period_ms"":16.749998554587364}"
204689,1,1474.2,1474.2,False,0.25,"{""inversion_rho"":null,""inversion_channel"":32.0,""period_ms"":45.75002193450928}"
204689,1,1501.7999,1501.7999,False,0.875,"{""inversion_rho"":null,""inversion_channel"":27.5,""period_ms"":45.75002193450928}"
204689,1,1565.7001,1565.7001,False,0.75,"{""inversion_rho"":null,""inversion_channel"":19.5,""period_ms"":45.75002193450928}"
204689,1,1575.7,1575.7,False,1.0,"{""inversion_rho"":null,""inversion_channel"":18.0,""period_ms"":32.45002031326294}"
204689,1,1619.6001,1619.6001,False,1.0,"{""inversion_rho"":null,""inversion_channel"":18.5,""period_ms"":32.45002031326294}"
204689,1,1641.4,1641.4,False,1.0,"{""inversion_rho"":null,""inversion_channel"":18.5,""period_ms"":32.45002031326294}"
204689,1,1683.0,1683.0,False,1.0,"{""inversion_rho"":null,""inversion_channel"":17.0,""period_ms"":32.45002031326294}"
204689,1,1706.6,1706.6,False,1.0,"{""inversion_rho"":null,""inversion_channel"":17.5,""period_ms"":32.45002031326294}"
204689,1,1747.9,1747.9,False,1.0,"{""inversion_rho"":null,""inversion_channel"":15.5,""period_ms"":32.45002031326294}"
204689,1,1765.9,1765.9,False,1.0,"{""inversion_rho"":null,""inversion_channel"":17.0,""period_ms"":32.45002031326294}"
204689,1,1812.0,1812.0,False,1.0,"{""inversion_rho"":null,""inversion_channel"":17.5,""period_ms"":34.89995002746582}"
204689,1,1853.0,1853.0,False,1.0,"{""inversion_rho"":null,""inversion_channel"":15.5,""period_ms"":34.89995002746582}"
204689,1,1888.2999,1888.2999,False,1.0,"{""inversion_rho"":null,""inversion_channel"":14.5,""period_ms"":34.89995002746582}"
204689,1,1909.3,1909.3,False,1.0,"{""inversion_rho"":null,""inversion_channel"":17.0,""period_ms"":34.89995002746582}"
204689,1,1943.8,1943.8,False,1.0,"{""inversion_rho"":null,""inversion_channel"":14.5,""period_ms"":34.89995002746582}"
204689,1,1952.9999,1952.9999,False,1.0,"{""inversion_rho"":null,""inversion_channel"":15.5,""period_ms"":null}"
204689,1,1986.9,1986.9,False,0.625,"{""inversion_rho"":null,""inversion_channel"":14.5,""period_ms"":null}"
204689,1,1992.6,1992.6,False,1.0,"{""inversion_rho"":null,""inversion_channel"":16.5,""period_ms"":31.100034713745117}"
204689,1,2023.7,2023.7,False,1.0,"{""inversion_rho"":null,""inversion_channel"":14.5,""period_ms"":31.100034713745117}"
204689,1,2040.7,2040.7,False,1.0,"{""inversion_rho"":null,""inversion_channel"":16.5,""period_ms"":31.100034713745117}"
204689,1,2072.0,2072.0,False,1.0,"{""inversion_rho"":null,""inversion_channel"":15.5,""period_ms"":31.100034713745117}"
204689,1,2077.8999,2077.8999,False,1.0,"{""inversion_rho"":null,""inversion_channel"":14.5,""period_ms"":19.050002098083496}"
204689,1,2099.8001,2099.8001,False,1.0,"{""inversion_rho"":null,""inversion_channel"":14.5,""period_ms"":19.050002098083496}"
204689,1,2115.9999,2115.9999,False,1.0,"{""inversion_rho"":null,""inversion_channel"":15.5,""period_ms"":19.050002098083496}"
204689,1,2156.8,2156.8,False,1.0,"{""inversion_rho"":null,""inversion_channel"":14.0,""period_ms"":23.2999324798584}"
204689,1,2180.1,2180.1,False,0.75,"{""inversion_rho"":null,""inversion_channel"":14.5,""period_ms"":23.2999324798584}"
204689,1,2196.6,2196.6,False,1.0,"{""inversion_rho"":null,""inversion_channel"":15.5,""period_ms"":23.2999324798584}"
204689,1,2232.8999,2232.8999,False,1.0,"{""inversion_rho"":null,""inversion_channel"":13.5,""period_ms"":23.2999324798584}"
204689,1,2242.6,2242.6,False,1.0,"{""inversion_rho"":null,""inversion_channel"":15.5,""period_ms"":34.69991683959961}"
204689,1,2277.2999,2277.2999,False,1.0,"{""inversion_rho"":null,""inversion_channel"":14.0,""period_ms"":34.69991683959961}"
204689,1,2304.8999,2304.8999,False,1.0,"{""inversion_rho"":null,""inversion_channel"":16.5,""period_ms"":34.69991683959961}"
204689,1,2340.3001,2340.3001,False,1.0,"{""inversion_rho"":null,""inversion_channel"":13.5,""period_ms"":34.69991683959961}"
204689,1,2351.2001,2351.2001,False,0.875,"{""inversion_rho"":null,""inversion_channel"":14.5,""period_ms"":null}"
204689,1,2360.1,2360.1,False,1.0,"{""inversion_rho"":null,""inversion_channel"":15.5,""period_ms"":null}"
204689,1,2397.3,2397.3,False,1.0,"{""inversion_rho"":null,""inversion_channel"":13.5,""period_ms"":19.099950790405273}"
204689,1,2413.8999,2413.8999,False,0.25,"{""inversion_rho"":null,""inversion_channel"":26.5,""period_ms"":19.099950790405273}"
204689,1,2427.4001,2427.4001,False,1.0,"{""inversion_rho"":null,""inversion_channel"":15.5,""period_ms"":19.099950790405273}"
204689,1,2460.5,2460.5,False,1.0,"{""inversion_rho"":null,""inversion_channel"":15.0,""period_ms"":19.099950790405273}"
204689,1,2479.6,2479.6,False,1.0,"{""inversion_rho"":null,""inversion_channel"":15.5,""period_ms"":19.099950790405273}"
204689,1,2510.5,2510.5,False,1.0,"{""inversion_rho"":null,""inversion_channel"":13.5,""period_ms"":19.099950790405273}"
204689,1,2517.9,2517.9,False,1.0,"{""inversion_rho"":null,""inversion_channel"":15.5,""period_ms"":30.20000457763672}"
204689,1,2546.0999,2546.0999,False,1.0,"{""inversion_rho"":null,""inversion_channel"":13.5,""period_ms"":30.20000457763672}"
204689,1,2560.8001,2560.8001,False,1.0,"{""inversion_rho"":null,""inversion_channel"":16.5,""period_ms"":30.20000457763672}"
204689,1,2597.4,2597.4,False,1.0,"{""inversion_rho"":null,""inversion_channel"":15.5,""period_ms"":30.20000457763672}"
204689,1,2629.6,2629.6,False,1.0,"{""inversion_rho"":null,""inversion_channel"":13.5,""period_ms"":30.20000457763672}"
204689,1,2648.5,2648.5,False,1.0,"{""inversion_rho"":null,""inversion_channel"":16.5,""period_ms"":30.20000457763672}"
204689,1,2685.4,2685.4,False,1.0,"{""inversion_rho"":null,""inversion_channel"":16.5,""period_ms"":30.20000457763672}"
204689,1,2715.6,2715.6,False,1.0,"{""inversion_rho"":null,""inversion_channel"":14.5,""period_ms"":30.20000457763672}"
204689,1,2725.6,2725.6,False,0.25,"{""inversion_rho"":null,""inversion_channel"":27.5,""period_ms"":18.599987030029297}"
204689,1,2742.3999,2742.3999,False,1.0,"{""inversion_rho"":null,""inversion_channel"":16.5,""period_ms"":18.599987030029297}"
204689,1,2775.3999,2775.3999,False,1.0,"{""inversion_rho"":null,""inversion_channel"":14.5,""period_ms"":18.599987030029297}"
204689,1,2793.9999,2793.9999,False,1.0,"{""inversion_rho"":null,""inversion_channel"":16.5,""period_ms"":18.599987030029297}"
204689,1,2808.5001,2808.5001,False,0.25,"{""inversion_rho"":null,""inversion_channel"":27.5,""period_ms"":18.599987030029297}"
204689,1,2828.0001,2828.0001,False,1.0,"{""inversion_rho"":null,""inversion_channel"":13.5,""period_ms"":18.599987030029297}"
204689,1,2846.6001,2846.6001,False,1.0,"{""inversion_rho"":null,""inversion_channel"":14.0,""period_ms"":18.599987030029297}"
204689,1,2859.7,2859.7,False,1.0,"{""inversion_rho"":null,""inversion_channel"":15.5,""period_ms"":18.599987030029297}"
204689,1,2892.2,2892.2,False,1.0,"{""inversion_rho"":null,""inversion_channel"":30.5,""period_ms"":18.599987030029297}"
204689,1,2898.9,2898.9,False,1.0,"{""inversion_rho"":null,""inversion_channel"":14.5,""period_ms"":13.299942016601562}"
204689,1,2914.0999,2914.0999,False,0.25,"{""inversion_rho"":null,""inversion_channel"":16.5,""period_ms"":13.299942016601562}"
204689,1,2925.4999,2925.4999,False,1.0,"{""inversion_rho"":null,""inversion_channel"":16.5,""period_ms"":13.299942016601562}"
204689,1,2960.3,2960.3,False,1.0,"{""inversion_rho"":null,""inversion_channel"":15.5,""period_ms"":27.850031852722168}"
204689,1,2987.0,2987.0,False,1.0,"{""inversion_rho"":null,""inversion_channel"":16.5,""period_ms"":27.850031852722168}"
204689,1,3016.0,3016.0,False,1.0,"{""inversion_rho"":null,""inversion_channel"":14.0,""period_ms"":27.850031852722168}"
204689,1,3032.1,3032.1,False,1.0,"{""inversion_rho"":null,""inversion_channel"":16.5,""period_ms"":27.850031852722168}"
204689,1,3063.2,3063.2,False,1.0,"{""inversion_rho"":null,""inversion_channel"":14.0,""period_ms"":27.850031852722168}"
204689,1,3072.9001,3072.9001,False,1.0,"{""inversion_rho"":null,""inversion_channel"":16.5,""period_ms"":19.699931144714355}"
204689,1,3100.8999,3100.8999,False,0.875,"{""inversion_rho"":null,""inversion_channel"":14.5,""period_ms"":19.699931144714355}"
204689,1,3112.2999,3112.2999,False,1.0,"{""inversion_rho"":null,""inversion_channel"":16.5,""period_ms"":19.699931144714355}"
204689,1,3145.2,3145.2,False,1.0,"{""inversion_rho"":null,""inversion_channel"":13.5,""period_ms"":null}"
204689,1,3155.2,3155.2,False,1.0,"{""inversion_rho"":null,""inversion_channel"":16.5,""period_ms"":null}"
204689,1,3184.2999,3184.2999,False,0.875,"{""inversion_rho"":null,""inversion_channel"":13.5,""period_ms"":null}"
204689,1,3191.7,3191.7,False,1.0,"{""inversion_rho"":null,""inversion_channel"":16.5,""period_ms"":null}"
204689,1,3219.8,3219.8,False,1.0,"{""inversion_rho"":null,""inversion_channel"":13.5,""period_ms"":25.050044059753418}"
204689,1,3238.1999,3238.1999,False,1.0,"{""inversion_rho"":null,""inversion_channel"":16.5,""period_ms"":25.050044059753418}"
204689,1,3269.9001,3269.9001,False,0.5,"{""inversion_rho"":null,""inversion_channel"":13.5,""period_ms"":25.050044059753418}"
204689,1,3279.0999,3279.0999,False,1.0,"{""inversion_rho"":null,""inversion_channel"":15.5,""period_ms"":32.40013122558594}"
204689,1,3312.4001,3312.4001,False,1.0,"{""inversion_rho"":null,""inversion_channel"":14.5,""period_ms"":32.40013122558594}"
204689,1,3344.6,3344.6,False,1.0,"{""inversion_rho"":null,""inversion_channel"":15.5,""period_ms"":32.40013122558594}"
204689,1,3377.0001,3377.0001,False,0.375,"{""inversion_rho"":null,""inversion_channel"":15.5,""period_ms"":32.40013122558594}"
204689,1,3388.5,3388.5,False,1.0,"{""inversion_rho"":null,""inversion_channel"":17.0,""period_ms"":26.900053024291992}"
204689,1,3415.4,3415.4,False,0.25,"{""inversion_rho"":null,""inversion_channel"":23.0,""period_ms"":26.900053024291992}"
204689,1,3436.0001,3436.0001,False,1.0,"{""inversion_rho"":null,""inversion_channel"":16.5,""period_ms"":26.900053024291992}"
204689,1,3469.7001,3469.7001,False,1.0,"{""inversion_rho"":null,""inversion_channel"":14.0,""period_ms"":26.900053024291992}"
204689,1,3485.6,3485.6,False,1.0,"{""inversion_rho"":null,""inversion_channel"":17.0,""period_ms"":26.900053024291992}"
204689,1,3516.0999,3516.0999,False,1.0,"{""inversion_rho"":null,""inversion_channel"":14.0,""period_ms"":26.900053024291992}"
204689,1,3527.6999,3527.6999,False,1.0,"{""inversion_rho"":null,""inversion_channel"":16.5,""period_ms"":28.900146484375}"
204689,1,3556.6001,3556.6001,False,1.0,"{""inversion_rho"":null,""inversion_channel"":13.5,""period_ms"":28.900146484375}"
204689,1,3576.4,3576.4,False,1.0,"{""inversion_rho"":null,""inversion_channel"":15.5,""period_ms"":28.900146484375}"
204689,1,3606.6999,3606.6999,False,1.0,"{""inversion_rho"":null,""inversion_channel"":14.0,""period_ms"":28.900146484375}"
204689,1,3612.2,3612.2,False,1.0,"{""inversion_rho"":null,""inversion_channel"":14.0,""period_ms"":19.59991455078125}"
204689,1,3622.8001,3622.8001,False,0.25,"{""inversion_rho"":null,""inversion_channel"":27.5,""period_ms"":19.59991455078125}"
204689,1,3642.4,3642.4,False,1.0,"{""inversion_rho"":null,""inversion_channel"":16.5,""period_ms"":19.59991455078125}"
204689,1,3673.8,3673.8,False,0.875,"{""inversion_rho"":null,""inversion_channel"":14.5,""period_ms"":19.59991455078125}"
204689,1,3684.7,3684.7,False,1.0,"{""inversion_rho"":null,""inversion_channel"":16.5,""period_ms"":null}"
204689,1,3714.2999,3714.2999,False,1.0,"{""inversion_rho"":null,""inversion_channel"":13.5,""period_ms"":null}"
204689,1,3723.2001,3723.2001,False,1.0,"{""inversion_rho"":null,""inversion_channel"":16.5,""period_ms"":31.199932098388672}"
204689,1,3754.4,3754.4,False,1.0,"{""inversion_rho"":null,""inversion_channel"":15.5,""period_ms"":31.199932098388672}"
204689,1,3786.0,3786.0,False,1.0,"{""inversion_rho"":null,""inversion_channel"":15.5,""period_ms"":31.199932098388672}"
204689,1,3815.1,3815.1,False,0.875,"{""inversion_rho"":null,""inversion_channel"":14.0,""period_ms"":31.199932098388672}"
204689,1,3820.4999,3820.4999,False,1.0,"{""inversion_rho"":null,""inversion_channel"":14.5,""period_ms"":18.10002326965332}"
204689,1,3843.6999,3843.6999,False,1.0,"{""inversion_rho"":null,""inversion_channel"":14.0,""period_ms"":18.10002326965332}"
204689,1,3856.6999,3856.6999,False,1.0,"{""inversion_rho"":null,""inversion_channel"":14.5,""period_ms"":18.10002326965332}"
204689,1,3891.5,3891.5,False,1.0,"{""inversion_rho"":null,""inversion_channel"":43.0,""period_ms"":24.000048637390137}"
204689,1,3904.5,3904.5,False,1.0,"{""inversion_rho"":null,""inversion_channel"":16.5,""period_ms"":24.000048637390137}"
204689,1,3936.8999,3936.8999,False,1.0,"{""inversion_rho"":null,""inversion_channel"":14.0,""period_ms"":24.000048637390137}"
204689,1,3953.1,3953.1,False,1.0,"{""inversion_rho"":null,""inversion_channel"":16.5,""period_ms"":24.000048637390137}"
204689,1,3988.8999,3988.8999,False,1.0,"{""inversion_rho"":null,""inversion_channel"":15.5,""period_ms"":24.000048637390137}"
204689,1,4011.8999,4011.8999,False,1.0,"{""inversion_rho"":null,""inversion_channel"":15.5,""period_ms"":24.000048637390137}"
204689,1,4031.6,4031.6,False,1.0,"{""inversion_rho"":null,""inversion_channel"":15.5,""period_ms"":24.000048637390137}"
204689,1,4068.9001,4068.9001,False,1.0,"{""inversion_rho"":null,""inversion_channel"":13.5,""period_ms"":24.000048637390137}"
204689,1,4095.0999,4095.0999,False,1.0,"{""inversion_rho"":null,""inversion_channel"":13.5,""period_ms"":24.000048637390137}"
204689,1,4125.1998,4125.1998,False,1.0,"{""inversion_rho"":null,""inversion_channel"":12.5,""period_ms"":24.000048637390137}"
204689,1,4142.6001,4142.6001,False,1.0,"{""inversion_rho"":null,""inversion_channel"":12.5,""period_ms"":24.000048637390137}"
204689,1,4176.1999,4176.1999,False,1.0,"{""inversion_rho"":null,""inversion_channel"":11.5,""period_ms"":24.000048637390137}"
204689,1,4205.4,4205.4,False,1.0,"{""inversion_rho"":null,""inversion_channel"":11.5,""period_ms"":24.000048637390137}"
204689,1,4253.3002,4253.3002,False,1.0,"{""inversion_rho"":null,""inversion_channel"":8.5,""period_ms"":24.000048637390137}"
204689,1,4290.9999,4290.9999,False,1.0,"{""inversion_rho"":null,""inversion_channel"":37.5,""period_ms"":24.000048637390137}"
204689,1,4313.9,4313.9,False,1.0,"{""inversion_rho"":null,""inversion_channel"":36.5,""period_ms"":24.000048637390137}"
204689,1,4335.1002,4335.1002,False,1.0,"{""inversion_rho"":null,""inversion_channel"":7.0,""period_ms"":24.000048637390137}"
204689,1,4348.5999,4348.5999,False,1.0,"{""inversion_rho"":null,""inversion_channel"":35.5,""period_ms"":24.000048637390137}"
204689,1,4380.3,4380.3,False,1.0,"{""inversion_rho"":null,""inversion_channel"":35.5,""period_ms"":24.000048637390137}"
204689,1,4401.8998,4401.8998,False,1.0,"{""inversion_rho"":null,""inversion_channel"":35.5,""period_ms"":24.000048637390137}"
204689,1,4422.5998,4422.5998,False,1.0,"{""inversion_rho"":null,""inversion_channel"":35.5,""period_ms"":24.000048637390137}"
204689,1,4447.5999,4447.5999,False,1.0,"{""inversion_rho"":null,""inversion_channel"":34.5,""period_ms"":24.000048637390137}"
204689,1,4475.4,4475.4,False,1.0,"{""inversion_rho"":null,""inversion_channel"":34.0,""period_ms"":24.000048637390137}"
204689,1,4497.6001,4497.6001,False,1.0,"{""inversion_rho"":null,""inversion_channel"":5.5,""period_ms"":24.000048637390137}"
204689,1,4511.4002,4511.4002,False,1.0,"{""inversion_rho"":null,""inversion_channel"":33.5,""period_ms"":24.000048637390137}"
204689,1,4548.1,4548.1,False,1.0,"{""inversion_rho"":null,""inversion_channel"":32.5,""period_ms"":21.94976806640625}"
204689,1,4578.7001,4578.7001,False,1.0,"{""inversion_rho"":null,""inversion_channel"":32.5,""period_ms"":21.94976806640625}"
204689,1,4602.5,4602.5,False,1.0,"{""inversion_rho"":null,""inversion_channel"":31.5,""period_ms"":21.94976806640625}"
204689,1,4626.5001,4626.5001,False,1.0,"{""inversion_rho"":null,""inversion_channel"":31.5,""period_ms"":21.94976806640625}"
204689,1,4646.5998,4646.5998,False,1.0,"{""inversion_rho"":null,""inversion_channel"":31.5,""period_ms"":21.94976806640625}"
204689,1,4664.0,4664.0,False,1.0,"{""inversion_rho"":null,""inversion_channel"":31.5,""period_ms"":21.94976806640625}"
204689,1,4679.2998,4679.2998,False,0.625,"{""inversion_rho"":null,""inversion_channel"":31.5,""period_ms"":21.94976806640625}"
204689,1,4684.8001,4684.8001,False,1.0,"{""inversion_rho"":null,""inversion_channel"":31.5,""period_ms"":10.949850082397461}"
204689,1,4699.3999,4699.3999,False,0.625,"{""inversion_rho"":null,""inversion_channel"":2.5,""period_ms"":10.949850082397461}"
204689,1,4716.0001,4716.0001,False,1.0,"{""inversion_rho"":null,""inversion_channel"":29.5,""period_ms"":10.949850082397461}"
204689,1,4723.3,4723.3,False,1.0,"{""inversion_rho"":null,""inversion_channel"":3.5,""period_ms"":10.949850082397461}"
204689,1,4729.1002,4729.1002,False,1.0,"{""inversion_rho"":null,""inversion_channel"":21.5,""period_ms"":10.949850082397461}"
204689,1,5065.8002,5065.8002,False,1.0,"{""inversion_rho"":null,""inversion_channel"":12.5,""period_ms"":null}"
204689,1,31.9,65.4,True,1.0,"{""inversion_rho"":null,""inversion_channel"":3.5,""period_ms"":16.749998554587364}"
204689,1,1474.2,1565.7001,True,1.0,"{""inversion_rho"":null,""inversion_channel"":27.5,""period_ms"":45.75002193450928}"
204689,1,1575.7,1765.9,True,1.0,"{""inversion_rho"":null,""inversion_channel"":17.5,""period_ms"":32.45002031326294}"
204689,1,1812.0,1943.8,True,1.0,"{""inversion_rho"":null,""inversion_channel"":15.5,""period_ms"":34.89995002746582}"
204689,1,1992.6,2072.0,True,1.0,"{""inversion_rho"":null,""inversion_channel"":16.0,""period_ms"":31.100034713745117}"
204689,1,2077.8999,2115.9999,True,1.0,"{""inversion_rho"":null,""inversion_channel"":14.5,""period_ms"":19.050002098083496}"
204689,1,2156.8,2232.8999,True,1.0,"{""inversion_rho"":null,""inversion_channel"":14.25,""period_ms"":23.2999324798584}"
204689,1,2242.6,2340.3001,True,1.0,"{""inversion_rho"":null,""inversion_channel"":14.75,""period_ms"":34.69991683959961}"
204689,1,2397.3,2510.5,True,1.0,"{""inversion_rho"":null,""inversion_channel"":15.25,""period_ms"":19.099950790405273}"
204689,1,2517.9,2715.6,True,1.0,"{""inversion_rho"":null,""inversion_channel"":15.5,""period_ms"":30.20000457763672}"
204689,1,2725.6,2892.2,True,1.0,"{""inversion_rho"":null,""inversion_channel"":16.5,""period_ms"":18.599987030029297}"
204689,1,2898.9,2925.4999,True,1.0,"{""inversion_rho"":null,""inversion_channel"":16.5,""period_ms"":13.299942016601562}"
204689,1,2960.3,3063.2,True,1.0,"{""inversion_rho"":null,""inversion_channel"":15.5,""period_ms"":27.850031852722168}"
204689,1,3072.9001,3112.2999,True,1.0,"{""inversion_rho"":null,""inversion_channel"":16.5,""period_ms"":19.699931144714355}"
204689,1,3219.8,3269.9001,True,1.0,"{""inversion_rho"":null,""inversion_channel"":13.5,""period_ms"":25.050044059753418}"
204689,1,3279.0999,3377.0001,True,1.0,"{""inversion_rho"":null,""inversion_channel"":15.5,""period_ms"":32.40013122558594}"
204689,1,3388.5,3516.0999,True,1.0,"{""inversion_rho"":null,""inversion_channel"":16.75,""period_ms"":26.900053024291992}"
204689,1,3527.6999,3606.6999,True,1.0,"{""inversion_rho"":null,""inversion_channel"":14.75,""period_ms"":28.900146484375}"
204689,1,3612.2,3673.8,True,1.0,"{""inversion_rho"":null,""inversion_channel"":15.5,""period_ms"":19.59991455078125}"
204689,1,3723.2001,3815.1,True,1.0,"{""inversion_rho"":null,""inversion_channel"":15.5,""period_ms"":31.199932098388672}"
204689,1,3820.4999,3856.6999,True,1.0,"{""inversion_rho"":null,""inversion_channel"":14.5,""period_ms"":18.10002326965332}"
204689,1,3891.5,4511.4002,True,1.0,"{""inversion_rho"":null,""inversion_channel"":15.5,""period_ms"":24.000048637390137}"
204689,1,4548.1,4679.2998,True,1.0,"{""inversion_rho"":null,""inversion_channel"":31.5,""period_ms"":21.94976806640625}"
204689,1,4684.8001,4729.1002,True,1.0,"{""inversion_rho"":null,""inversion_channel"":21.5,""period_ms"":10.949850082397461}"
204840,1,63.2,63.2,False,0.75,"{""inversion_rho"":null,""inversion_channel"":6.5,""period_ms"":null}"
204840,1,1609.5001,1609.5001,False,0.75,"{""inversion_rho"":null,""inversion_channel"":7.0,""period_ms"":32.89997577667236}"
204840,1,1641.8,1641.8,False,1.0,"{""inversion_rho"":null,""inversion_channel"":13.0,""period_ms"":32.89997577667236}"
204840,1,1675.3,1675.3,False,1.0,"{""inversion_rho"":null,""inversion_channel"":8.0,""period_ms"":32.89997577667236}"
204840,1,1760.4001,1760.4001,False,1.0,"{""inversion_rho"":null,""inversion_channel"":8.5,""period_ms"":null}"
204840,1,1779.6,1779.6,False,1.0,"{""inversion_rho"":null,""inversion_channel"":40.0,""period_ms"":null}"
204840,1,1785.5,1785.5,False,1.0,"{""inversion_rho"":null,""inversion_channel"":5.5,""period_ms"":null}"
204840,1,1884.6,1884.6,False,0.625,"{""inversion_rho"":null,""inversion_channel"":12.0,""period_ms"":null}"
204840,1,1921.0,1921.0,False,1.0,"{""inversion_rho"":null,""inversion_channel"":12.0,""period_ms"":23.099958896636963}"
204840,1,1939.7,1939.7,False,1.0,"{""inversion_rho"":null,""inversion_channel"":11.5,""period_ms"":23.099958896636963}"
204840,1,1967.6,1967.6,False,0.5,"{""inversion_rho"":null,""inversion_channel"":7.0,""period_ms"":23.099958896636963}"
204840,1,1985.5,1985.5,False,1.0,"{""inversion_rho"":null,""inversion_channel"":38.5,""period_ms"":23.099958896636963}"
204840,1,2006.2001,2006.2001,False,0.75,"{""inversion_rho"":null,""inversion_channel"":9.5,""period_ms"":23.099958896636963}"
204840,1,2031.6999,2031.6999,False,1.0,"{""inversion_rho"":null,""inversion_channel"":39.5,""period_ms"":23.099958896636963}"
204840,1,2080.1001,2080.1001,False,0.625,"{""inversion_rho"":null,""inversion_channel"":14.5,""period_ms"":23.099958896636963}"
204840,1,2087.1,2087.1,False,1.0,"{""inversion_rho"":null,""inversion_channel"":10.0,""period_ms"":null}"
204840,1,2121.9001,2121.9001,False,0.875,"{""inversion_rho"":null,""inversion_channel"":10.5,""period_ms"":null}"
204840,1,2130.8999,2130.8999,False,0.75,"{""inversion_rho"":null,""inversion_channel"":8.5,""period_ms"":null}"
204840,1,2138.4001,2138.4001,False,1.0,"{""inversion_rho"":null,""inversion_channel"":3.5,""period_ms"":null}"
204840,1,2200.9001,2200.9001,False,1.0,"{""inversion_rho"":null,""inversion_channel"":9.0,""period_ms"":null}"
204840,1,2216.0001,2216.0001,False,1.0,"{""inversion_rho"":null,""inversion_channel"":37.0,""period_ms"":null}"
204840,1,2221.7,2221.7,False,0.5,"{""inversion_rho"":null,""inversion_channel"":8.0,""period_ms"":null}"
204840,1,2252.6,2252.6,False,1.0,"{""inversion_rho"":null,""inversion_channel"":7.5,""period_ms"":null}"
204840,1,2336.6001,2336.6001,False,1.0,"{""inversion_rho"":null,""inversion_channel"":8.5,""period_ms"":15.450000762939453}"
204840,1,2358.0999,2358.0999,False,1.0,"{""inversion_rho"":null,""inversion_channel"":6.5,""period_ms"":15.450000762939453}"
204840,1,2367.5001,2367.5001,False,0.5,"{""inversion_rho"":null,""inversion_channel"":39.0,""period_ms"":15.450000762939453}"
204840,1,2497.4,2497.4,False,1.0,"{""inversion_rho"":null,""inversion_channel"":10.0,""period_ms"":null}"
204840,1,2522.3999,2522.3999,False,0.625,"{""inversion_rho"":null,""inversion_channel"":6.5,""period_ms"":null}"
204840,1,2977.0,2977.0,False,1.0,"{""inversion_rho"":null,""inversion_channel"":39.0,""period_ms"":null}"
204840,1,3063.4,3063.4,False,1.0,"{""inversion_rho"":null,""inversion_channel"":7.5,""period_ms"":null}"
204840,1,3761.3001,3761.3001,False,0.75,"{""inversion_rho"":null,""inversion_channel"":4.5,""period_ms"":32.79995918273926}"
204840,1,3774.6999,3774.6999,False,1.0,"{""inversion_rho"":null,""inversion_channel"":5.5,""period_ms"":32.79995918273926}"
204840,1,3797.6999,3797.6999,False,1.0,"{""inversion_rho"":null,""inversion_channel"":41.0,""period_ms"":32.79995918273926}"
204840,1,3842.9,3842.9,False,0.625,"{""inversion_rho"":null,""inversion_channel"":7.5,""period_ms"":32.79995918273926}"
204840,1,3885.5,3885.5,False,1.0,"{""inversion_rho"":null,""inversion_channel"":4.5,""period_ms"":32.79995918273926}"
204840,1,3894.1,3894.1,False,1.0,"{""inversion_rho"":null,""inversion_channel"":11.5,""period_ms"":10.249972343444824}"
204840,1,3904.0,3904.0,False,0.75,"{""inversion_rho"":null,""inversion_channel"":10.5,""period_ms"":10.249972343444824}"
204840,1,3914.5999,3914.5999,False,1.0,"{""inversion_rho"":null,""inversion_channel"":9.5,""period_ms"":10.249972343444824}"
204840,1,3966.8,3966.8,False,1.0,"{""inversion_rho"":null,""inversion_channel"":4.5,""period_ms"":null}"
204840,1,4091.8999,4091.8999,False,0.625,"{""inversion_rho"":null,""inversion_channel"":3.5,""period_ms"":null}"
204840,1,1609.5001,1675.3,True,1.0,"{""inversion_rho"":null,""inversion_channel"":8.0,""period_ms"":32.89997577667236}"
204840,1,1921.0,2080.1001,True,1.0,"{""inversion_rho"":null,""inversion_channel"":12.0,""period_ms"":23.099958896636963}"
204840,1,2336.6001,2367.5001,True,1.0,"{""inversion_rho"":null,""inversion_channel"":8.5,""period_ms"":15.450000762939453}"
204840,1,3761.3001,3885.5,True,1.0,"{""inversion_rho"":null,""inversion_channel"":5.5,""period_ms"":32.79995918273926}"
204840,1,3894.1,3914.5999,True,1.0,"{""inversion_rho"":null,""inversion_channel"":10.5,""period_ms"":10.249972343444824}"
204937,1,70.8,70.8,False,0.5,"{""inversion_rho"":null,""inversion_channel"":7.5,""period_ms"":null}"
204937,1,88.0,88.0,False,1.0,"{""inversion_rho"":null,""inversion_channel"":7.5,""period_ms"":null}"
204937,1,1281.2999,1281.2999,False,1.0,"{""inversion_rho"":null,""inversion_channel"":7.5,""period_ms"":null}"
204937,1,1392.8,1392.8,False,0.25,"{""inversion_rho"":null,""inversion_channel"":4.5,""period_ms"":null}"
204937,1,1407.6,1407.6,False,1.0,"{""inversion_rho"":null,""inversion_channel"":6.5,""period_ms"":35.9499454498291}"
204937,1,1445.9,1445.9,False,1.0,"{""inversion_rho"":null,""inversion_channel"":3.5,""period_ms"":35.9499454498291}"
204937,1,1491.4,1491.4,False,1.0,"{""inversion_rho"":null,""inversion_channel"":7.0,""period_ms"":35.9499454498291}"
204937,1,1518.9,1518.9,False,1.0,"{""inversion_rho"":null,""inversion_channel"":5.5,""period_ms"":35.9499454498291}"
204937,1,1552.5,1552.5,False,1.0,"{""inversion_rho"":null,""inversion_channel"":4.5,""period_ms"":35.9499454498291}"
204937,1,1565.4,1565.4,False,1.0,"{""inversion_rho"":null,""inversion_channel"":5.5,""period_ms"":12.049973011016846}"
204937,1,1576.6,1576.6,False,0.5,"{""inversion_rho"":null,""inversion_channel"":4.5,""period_ms"":12.049973011016846}"
204937,1,1589.5,1589.5,False,0.75,"{""inversion_rho"":null,""inversion_channel"":4.5,""period_ms"":12.049973011016846}"
204937,1,1624.9,1624.9,False,0.375,"{""inversion_rho"":null,""inversion_channel"":6.0,""period_ms"":27.99999713897705}"
204937,1,1648.3001,1648.3001,False,1.0,"{""inversion_rho"":null,""inversion_channel"":3.0,""period_ms"":27.99999713897705}"
204937,1,1680.9,1680.9,False,1.0,"{""inversion_rho"":null,""inversion_channel"":4.5,""period_ms"":27.99999713897705}"
204937,1,1792.2,1792.2,False,0.625,"{""inversion_rho"":null,""inversion_channel"":3.5,""period_ms"":65.40006399154663}"
204937,1,1869.3,1869.3,False,1.0,"{""inversion_rho"":null,""inversion_channel"":3.5,""period_ms"":65.40006399154663}"
204937,1,1901.4,1901.4,False,1.0,"{""inversion_rho"":null,""inversion_channel"":5.5,""period_ms"":65.40006399154663}"
204937,1,1955.1001,1955.1001,False,1.0,"{""inversion_rho"":null,""inversion_channel"":4.5,""period_ms"":65.40006399154663}"
204937,1,2051.7001,2051.7001,False,1.0,"{""inversion_rho"":null,""inversion_channel"":4.5,""period_ms"":65.40006399154663}"
204937,1,2077.5001,2077.5001,False,1.0,"{""inversion_rho"":null,""inversion_channel"":11.0,""period_ms"":62.29996681213379}"
204937,1,2138.0999,2138.0999,False,1.0,"{""inversion_rho"":null,""inversion_channel"":2.5,""period_ms"":62.29996681213379}"
204937,1,2202.1,2202.1,False,1.0,"{""inversion_rho"":null,""inversion_channel"":8.0,""period_ms"":62.29996681213379}"
204937,1,2222.1,2222.1,False,1.0,"{""inversion_rho"":null,""inversion_channel"":4.5,""period_ms"":64.74995613098145}"
204937,1,2269.2001,2269.2001,False,1.0,"{""inversion_rho"":null,""inversion_channel"":2.5,""period_ms"":64.74995613098145}"
204937,1,2351.3,2351.3,False,1.0,"{""inversion_rho"":null,""inversion_channel"":2.5,""period_ms"":64.74995613098145}"
204937,1,2409.8001,2409.8001,False,1.0,"{""inversion_rho"":null,""inversion_channel"":4.5,""period_ms"":64.74995613098145}"
204937,1,2480.7999,2480.7999,False,1.0,"{""inversion_rho"":null,""inversion_channel"":2.0,""period_ms"":64.74995613098145}"
204937,1,2493.3,2493.3,False,1.0,"{""inversion_rho"":null,""inversion_channel"":3.5,""period_ms"":51.599979400634766}"
204937,1,2544.8999,2544.8999,False,1.0,"{""inversion_rho"":null,""inversion_channel"":4.5,""period_ms"":51.599979400634766}"
204937,1,2581.8999,2581.8999,False,1.0,"{""inversion_rho"":null,""inversion_channel"":3.0,""period_ms"":51.599979400634766}"
204937,1,2648.0,2648.0,False,1.0,"{""inversion_rho"":null,""inversion_channel"":4.0,""period_ms"":51.599979400634766}"
204937,1,2728.2,2728.2,False,1.0,"{""inversion_rho"":null,""inversion_channel"":3.5,""period_ms"":51.599979400634766}"
204937,1,2766.4001,2766.4001,False,1.0,"{""inversion_rho"":null,""inversion_channel"":4.5,""period_ms"":51.599979400634766}"
204937,1,2777.1001,2777.1001,False,1.0,"{""inversion_rho"":null,""inversion_channel"":2.5,""period_ms"":56.64992332458496}"
204937,1,2829.9,2829.9,False,1.0,"{""inversion_rho"":null,""inversion_channel"":2.5,""period_ms"":56.64992332458496}"
204937,1,2890.3999,2890.3999,False,1.0,"{""inversion_rho"":null,""inversion_channel"":4.0,""period_ms"":56.64992332458496}"
204937,1,2897.2001,2897.2001,False,1.0,"{""inversion_rho"":null,""inversion_channel"":4.0,""period_ms"":null}"
204937,1,2964.5,2964.5,False,0.5,"{""inversion_rho"":null,""inversion_channel"":6.5,""period_ms"":null}"
204937,1,3135.0,3135.0,False,0.25,"{""inversion_rho"":null,""inversion_channel"":6.0,""period_ms"":32.399892807006836}"
204937,1,3156.4,3156.4,False,1.0,"{""inversion_rho"":null,""inversion_channel"":2.5,""period_ms"":32.399892807006836}"
204937,1,3200.7,3200.7,False,0.625,"{""inversion_rho"":null,""inversion_channel"":7.5,""period_ms"":32.399892807006836}"
204937,1,3259.2001,3259.2001,False,1.0,"{""inversion_rho"":null,""inversion_channel"":2.5,""period_ms"":32.399892807006836}"
204937,1,3291.6,3291.6,False,1.0,"{""inversion_rho"":null,""inversion_channel"":2.0,""period_ms"":32.399892807006836}"
204937,1,3311.0001,3311.0001,False,0.75,"{""inversion_rho"":null,""inversion_channel"":10.0,""period_ms"":32.399892807006836}"
204937,1,3361.1,3361.1,False,1.0,"{""inversion_rho"":null,""inversion_channel"":4.5,""period_ms"":null}"
204937,1,3401.5999,3401.5999,False,1.0,"{""inversion_rho"":null,""inversion_channel"":4.5,""period_ms"":null}"
204937,1,3414.0999,3414.0999,False,0.625,"{""inversion_rho"":null,""inversion_channel"":7.5,""period_ms"":null}"
204937,1,3479.6,3479.6,False,1.0,"{""inversion_rho"":null,""inversion_channel"":4.5,""period_ms"":null}"
204937,1,3490.7,3490.7,False,0.375,"{""inversion_rho"":null,""inversion_channel"":8.5,""period_ms"":49.29995536804199}"
204937,1,3525.1,3525.1,False,1.0,"{""inversion_rho"":null,""inversion_channel"":6.0,""period_ms"":49.29995536804199}"
204937,1,3589.2999,3589.2999,False,1.0,"{""inversion_rho"":null,""inversion_channel"":3.5,""period_ms"":49.29995536804199}"
204937,1,3600.5001,3600.5001,False,1.0,"{""inversion_rho"":null,""inversion_channel"":7.5,""period_ms"":null}"
204937,1,3714.0999,3714.0999,False,1.0,"{""inversion_rho"":null,""inversion_channel"":7.5,""period_ms"":null}"
204937,1,3748.5001,3748.5001,False,1.0,"{""inversion_rho"":null,""inversion_channel"":8.5,""period_ms"":58.15005302429199}"
204937,1,3836.2,3836.2,False,1.0,"{""inversion_rho"":null,""inversion_channel"":3.5,""period_ms"":58.15005302429199}"
204937,1,3900.3,3900.3,False,1.0,"{""inversion_rho"":null,""inversion_channel"":2.5,""period_ms"":58.15005302429199}"
204937,1,3952.5001,3952.5001,False,1.0,"{""inversion_rho"":null,""inversion_channel"":4.5,""period_ms"":58.15005302429199}"
204937,1,3996.3,3996.3,False,0.75,"{""inversion_rho"":null,""inversion_channel"":7.5,""period_ms"":58.15005302429199}"
204937,1,4003.3998,4003.3998,False,1.0,"{""inversion_rho"":null,""inversion_channel"":4.5,""period_ms"":null}"
204937,1,4032.8999,4032.8999,False,1.0,"{""inversion_rho"":null,""inversion_channel"":4.5,""period_ms"":null}"
204937,1,4116.3001,4116.3001,False,1.0,"{""inversion_rho"":null,""inversion_channel"":3.0,""period_ms"":null}"
204937,1,4160.8,4160.8,False,1.0,"{""inversion_rho"":null,""inversion_channel"":1.5,""period_ms"":null}"
204937,1,4167.5,4167.5,False,1.0,"{""inversion_rho"":null,""inversion_channel"":2.5,""period_ms"":49.60012435913086}"
204937,1,4305.3999,4305.3999,False,1.0,"{""inversion_rho"":null,""inversion_channel"":16.5,""period_ms"":49.60012435913086}"
204937,1,4372.3998,4372.3998,False,1.0,"{""inversion_rho"":null,""inversion_channel"":34.0,""period_ms"":49.60012435913086}"
204937,1,4403.6999,4403.6999,False,0.75,"{""inversion_rho"":null,""inversion_channel"":17.0,""period_ms"":49.60012435913086}"
204937,1,4435.9002,4435.9002,False,1.0,"{""inversion_rho"":null,""inversion_channel"":16.5,""period_ms"":49.60012435913086}"
204937,1,4442.5998,4442.5998,False,1.0,"{""inversion_rho"":null,""inversion_channel"":13.5,""period_ms"":19.899845123291016}"
204937,1,4469.9998,4469.9998,False,0.75,"{""inversion_rho"":null,""inversion_channel"":15.5,""period_ms"":19.899845123291016}"
204937,1,4500.5999,4500.5999,False,1.0,"{""inversion_rho"":null,""inversion_channel"":13.5,""period_ms"":19.899845123291016}"
204937,1,4530.7999,4530.7999,False,1.0,"{""inversion_rho"":null,""inversion_channel"":13.0,""period_ms"":19.899845123291016}"
204937,1,4558.1002,4558.1002,False,1.0,"{""inversion_rho"":null,""inversion_channel"":40.5,""period_ms"":19.899845123291016}"
204937,1,4588.5,4588.5,False,0.75,"{""inversion_rho"":null,""inversion_channel"":11.5,""period_ms"":19.899845123291016}"
204937,1,4619.5998,4619.5998,False,1.0,"{""inversion_rho"":null,""inversion_channel"":12.0,""period_ms"":19.899845123291016}"
204937,1,4642.6001,4642.6001,False,1.0,"{""inversion_rho"":null,""inversion_channel"":11.5,""period_ms"":19.899845123291016}"
204937,1,4667.1,4667.1,False,1.0,"{""inversion_rho"":null,""inversion_channel"":11.5,""period_ms"":19.899845123291016}"
204937,1,4685.5001,4685.5001,False,1.0,"{""inversion_rho"":null,""inversion_channel"":10.5,""period_ms"":19.899845123291016}"
204937,1,4706.2998,4706.2998,False,1.0,"{""inversion_rho"":null,""inversion_channel"":10.5,""period_ms"":19.899845123291016}"
204937,1,4722.7001,4722.7001,False,1.0,"{""inversion_rho"":null,""inversion_channel"":10.0,""period_ms"":19.899845123291016}"
204937,1,4740.0999,4740.0999,False,1.0,"{""inversion_rho"":null,""inversion_channel"":10.5,""period_ms"":19.899845123291016}"
204937,1,4758.4,4758.4,False,1.0,"{""inversion_rho"":null,""inversion_channel"":10.5,""period_ms"":19.899845123291016}"
204937,1,4776.3,4776.3,False,1.0,"{""inversion_rho"":null,""inversion_channel"":10.0,""period_ms"":19.899845123291016}"
204937,1,4792.9001,4792.9001,False,1.0,"{""inversion_rho"":null,""inversion_channel"":9.5,""period_ms"":19.899845123291016}"
204937,1,4812.7999,4812.7999,False,1.0,"{""inversion_rho"":null,""inversion_channel"":10.5,""period_ms"":19.899845123291016}"
204937,1,4830.6999,4830.6999,False,1.0,"{""inversion_rho"":null,""inversion_channel"":9.5,""period_ms"":19.899845123291016}"
204937,1,4849.1001,4849.1001,False,1.0,"{""inversion_rho"":null,""inversion_channel"":27.5,""period_ms"":19.899845123291016}"
204937,1,4866.0998,4866.0998,False,1.0,"{""inversion_rho"":null,""inversion_channel"":24.5,""period_ms"":19.899845123291016}"
204937,1,1407.6,1552.5,True,1.0,"{""inversion_rho"":null,""inversion_channel"":5.5,""period_ms"":35.9499454498291}"
204937,1,1565.4,1589.5,True,1.0,"{""inversion_rho"":null,""inversion_channel"":4.5,""period_ms"":12.049973011016846}"
204937,1,1624.9,1680.9,True,1.0,"{""inversion_rho"":null,""inversion_channel"":4.5,""period_ms"":27.99999713897705}"
204937,1,1792.2,2051.7001,True,1.0,"{""inversion_rho"":null,""inversion_channel"":4.5,""period_ms"":65.40006399154663}"
204937,1,2077.5001,2202.1,True,1.0,"{""inversion_rho"":null,""inversion_channel"":8.0,""period_ms"":62.29996681213379}"
204937,1,2222.1,2480.7999,True,1.0,"{""inversion_rho"":null,""inversion_channel"":2.5,""period_ms"":64.74995613098145}"
204937,1,2493.3,2766.4001,True,1.0,"{""inversion_rho"":null,""inversion_channel"":3.75,""period_ms"":51.599979400634766}"
204937,1,2777.1001,2890.3999,True,1.0,"{""inversion_rho"":null,""inversion_channel"":2.5,""period_ms"":56.64992332458496}"
204937,1,3135.0,3311.0001,True,1.0,"{""inversion_rho"":null,""inversion_channel"":4.25,""period_ms"":32.399892807006836}"
204937,1,3490.7,3589.2999,True,1.0,"{""inversion_rho"":null,""inversion_channel"":6.0,""period_ms"":49.29995536804199}"
204937,1,3748.5001,3996.3,True,1.0,"{""inversion_rho"":null,""inversion_channel"":4.5,""period_ms"":58.15005302429199}"
204937,1,4167.5,4435.9002,True,1.0,"{""inversion_rho"":null,""inversion_channel"":16.5,""period_ms"":49.60012435913086}"
204937,1,4442.5998,4866.0998,True,1.0,"{""inversion_rho"":null,""inversion_channel"":11.5,""period_ms"":19.899845123291016}"
